"","Date","DAILY_AQI_VALUE","Site.Name","AQS_PARAMETER_DESC","COUNTY","SITE_LATITUDE","SITE_LONGITUDE"
"1",1-01-20,27,"Taylorsville Liledoun","Ozone","Alexander",35.9138000008966,-81.191
"2",1-02-20,17,"Taylorsville Liledoun","Ozone","Alexander",35.9138000008966,-81.191
"3",1-03-20,15,"Taylorsville Liledoun","Ozone","Alexander",35.9138000008966,-81.191
"4",1-04-20,20,"Taylorsville Liledoun","Ozone","Alexander",35.9138000008966,-81.191
"5",1-05-20,34,"Taylorsville Liledoun","Ozone","Alexander",35.9138000008966,-81.191
"6",1-06-20,34,"Taylorsville Liledoun","Ozone","Alexander",35.9138000008966,-81.191
"7",1-07-20,27,"Taylorsville Liledoun","Ozone","Alexander",35.9138000008966,-81.191
"8",1-08-20,35,"Taylorsville Liledoun","Ozone","Alexander",35.9138000008966,-81.191
"9",1-09-20,35,"Taylorsville Liledoun","Ozone","Alexander",35.9138000008966,-81.191
"10",1-10-20,28,"Taylorsville Liledoun","Ozone","Alexander",35.9138000008966,-81.191
"11",1-11-20,27,"Taylorsville Liledoun","Ozone","Alexander",35.9138000008966,-81.191
"12",1-12-20,25,"Taylorsville Liledoun","Ozone","Alexander",35.9138000008966,-81.191
"13",NA,31,"Taylorsville Liledoun","Ozone","Alexander",35.9138000008966,-81.191
"14",NA,27,"Taylorsville Liledoun","Ozone","Alexander",35.9138000008966,-81.191
"15",NA,33,"Taylorsville Liledoun","Ozone","Alexander",35.9138000008966,-81.191
"16",NA,35,"Taylorsville Liledoun","Ozone","Alexander",35.9138000008966,-81.191
"17",NA,24,"Taylorsville Liledoun","Ozone","Alexander",35.9138000008966,-81.191
"18",NA,16,"Taylorsville Liledoun","Ozone","Alexander",35.9138000008966,-81.191
"19",NA,29,"Taylorsville Liledoun","Ozone","Alexander",35.9138000008966,-81.191
"20",NA,37,"Taylorsville Liledoun","Ozone","Alexander",35.9138000008966,-81.191
"21",NA,36,"Taylorsville Liledoun","Ozone","Alexander",35.9138000008966,-81.191
"22",NA,21,"Taylorsville Liledoun","Ozone","Alexander",35.9138000008966,-81.191
"23",NA,30,"Taylorsville Liledoun","Ozone","Alexander",35.9138000008966,-81.191
"24",NA,36,"Taylorsville Liledoun","Ozone","Alexander",35.9138000008966,-81.191
"25",NA,38,"Taylorsville Liledoun","Ozone","Alexander",35.9138000008966,-81.191
"26",NA,33,"Taylorsville Liledoun","Ozone","Alexander",35.9138000008966,-81.191
"27",NA,38,"Taylorsville Liledoun","Ozone","Alexander",35.9138000008966,-81.191
"28",NA,35,"Taylorsville Liledoun","Ozone","Alexander",35.9138000008966,-81.191
"29",NA,39,"Taylorsville Liledoun","Ozone","Alexander",35.9138000008966,-81.191
"30",NA,33,"Taylorsville Liledoun","Ozone","Alexander",35.9138000008966,-81.191
"31",2-01-20,30,"Taylorsville Liledoun","Ozone","Alexander",35.9138000008966,-81.191
"32",2-02-20,37,"Taylorsville Liledoun","Ozone","Alexander",35.9138000008966,-81.191
"33",2-03-20,42,"Taylorsville Liledoun","Ozone","Alexander",35.9138000008966,-81.191
"34",2-04-20,44,"Taylorsville Liledoun","Ozone","Alexander",35.9138000008966,-81.191
"35",2-05-20,33,"Taylorsville Liledoun","Ozone","Alexander",35.9138000008966,-81.191
"36",2-06-20,24,"Taylorsville Liledoun","Ozone","Alexander",35.9138000008966,-81.191
"37",2-07-20,33,"Taylorsville Liledoun","Ozone","Alexander",35.9138000008966,-81.191
"38",2-08-20,40,"Taylorsville Liledoun","Ozone","Alexander",35.9138000008966,-81.191
"39",2-09-20,38,"Taylorsville Liledoun","Ozone","Alexander",35.9138000008966,-81.191
"40",2-10-20,32,"Taylorsville Liledoun","Ozone","Alexander",35.9138000008966,-81.191
"41",2-11-20,20,"Taylorsville Liledoun","Ozone","Alexander",35.9138000008966,-81.191
"42",2-12-20,23,"Taylorsville Liledoun","Ozone","Alexander",35.9138000008966,-81.191
"43",NA,43,"Taylorsville Liledoun","Ozone","Alexander",35.9138000008966,-81.191
"44",NA,39,"Taylorsville Liledoun","Ozone","Alexander",35.9138000008966,-81.191
"45",NA,36,"Taylorsville Liledoun","Ozone","Alexander",35.9138000008966,-81.191
"46",NA,35,"Taylorsville Liledoun","Ozone","Alexander",35.9138000008966,-81.191
"47",NA,32,"Taylorsville Liledoun","Ozone","Alexander",35.9138000008966,-81.191
"48",NA,35,"Taylorsville Liledoun","Ozone","Alexander",35.9138000008966,-81.191
"49",NA,24,"Taylorsville Liledoun","Ozone","Alexander",35.9138000008966,-81.191
"50",NA,32,"Taylorsville Liledoun","Ozone","Alexander",35.9138000008966,-81.191
"51",NA,32,"Taylorsville Liledoun","Ozone","Alexander",35.9138000008966,-81.191
"52",NA,44,"Taylorsville Liledoun","Ozone","Alexander",35.9138000008966,-81.191
"53",NA,44,"Taylorsville Liledoun","Ozone","Alexander",35.9138000008966,-81.191
"54",NA,44,"Taylorsville Liledoun","Ozone","Alexander",35.9138000008966,-81.191
"55",NA,23,"Taylorsville Liledoun","Ozone","Alexander",35.9138000008966,-81.191
"56",NA,35,"Taylorsville Liledoun","Ozone","Alexander",35.9138000008966,-81.191
"57",3-01-20,22,"Taylorsville Liledoun","Ozone","Alexander",35.9138000008966,-81.191
"58",3-02-20,27,"Taylorsville Liledoun","Ozone","Alexander",35.9138000008966,-81.191
"59",3-03-20,21,"Taylorsville Liledoun","Ozone","Alexander",35.9138000008966,-81.191
"60",3-04-20,40,"Taylorsville Liledoun","Ozone","Alexander",35.9138000008966,-81.191
"61",3-05-20,43,"Taylorsville Liledoun","Ozone","Alexander",35.9138000008966,-81.191
"62",3-06-20,44,"Taylorsville Liledoun","Ozone","Alexander",35.9138000008966,-81.191
"63",3-07-20,44,"Taylorsville Liledoun","Ozone","Alexander",35.9138000008966,-81.191
"64",3-08-20,32,"Taylorsville Liledoun","Ozone","Alexander",35.9138000008966,-81.191
"65",3-09-20,24,"Taylorsville Liledoun","Ozone","Alexander",35.9138000008966,-81.191
"66",3-10-20,30,"Taylorsville Liledoun","Ozone","Alexander",35.9138000008966,-81.191
"67",3-11-20,39,"Taylorsville Liledoun","Ozone","Alexander",35.9138000008966,-81.191
"68",3-12-20,46,"Taylorsville Liledoun","Ozone","Alexander",35.9138000008966,-81.191
"69",NA,50,"Taylorsville Liledoun","Ozone","Alexander",35.9138000008966,-81.191
"70",NA,43,"Taylorsville Liledoun","Ozone","Alexander",35.9138000008966,-81.191
"71",NA,40,"Taylorsville Liledoun","Ozone","Alexander",35.9138000008966,-81.191
"72",NA,44,"Taylorsville Liledoun","Ozone","Alexander",35.9138000008966,-81.191
"73",NA,45,"Taylorsville Liledoun","Ozone","Alexander",35.9138000008966,-81.191
"74",NA,47,"Taylorsville Liledoun","Ozone","Alexander",35.9138000008966,-81.191
"75",NA,48,"Taylorsville Liledoun","Ozone","Alexander",35.9138000008966,-81.191
"76",NA,58,"Taylorsville Liledoun","Ozone","Alexander",35.9138000008966,-81.191
"77",NA,54,"Taylorsville Liledoun","Ozone","Alexander",35.9138000008966,-81.191
"78",NA,49,"Taylorsville Liledoun","Ozone","Alexander",35.9138000008966,-81.191
"79",NA,49,"Taylorsville Liledoun","Ozone","Alexander",35.9138000008966,-81.191
"80",NA,74,"Taylorsville Liledoun","Ozone","Alexander",35.9138000008966,-81.191
"81",NA,40,"Taylorsville Liledoun","Ozone","Alexander",35.9138000008966,-81.191
"82",NA,36,"Taylorsville Liledoun","Ozone","Alexander",35.9138000008966,-81.191
"83",NA,47,"Taylorsville Liledoun","Ozone","Alexander",35.9138000008966,-81.191
"84",NA,61,"Taylorsville Liledoun","Ozone","Alexander",35.9138000008966,-81.191
"85",NA,71,"Taylorsville Liledoun","Ozone","Alexander",35.9138000008966,-81.191
"86",NA,54,"Taylorsville Liledoun","Ozone","Alexander",35.9138000008966,-81.191
"87",NA,43,"Taylorsville Liledoun","Ozone","Alexander",35.9138000008966,-81.191
"88",4-01-20,45,"Taylorsville Liledoun","Ozone","Alexander",35.9138000008966,-81.191
"89",4-02-20,49,"Taylorsville Liledoun","Ozone","Alexander",35.9138000008966,-81.191
"90",4-03-20,61,"Taylorsville Liledoun","Ozone","Alexander",35.9138000008966,-81.191
"91",4-04-20,80,"Taylorsville Liledoun","Ozone","Alexander",35.9138000008966,-81.191
"92",4-05-20,40,"Taylorsville Liledoun","Ozone","Alexander",35.9138000008966,-81.191
"93",4-06-20,44,"Taylorsville Liledoun","Ozone","Alexander",35.9138000008966,-81.191
"94",4-07-20,32,"Taylorsville Liledoun","Ozone","Alexander",35.9138000008966,-81.191
"95",4-08-20,31,"Taylorsville Liledoun","Ozone","Alexander",35.9138000008966,-81.191
"96",4-09-20,38,"Taylorsville Liledoun","Ozone","Alexander",35.9138000008966,-81.191
"97",4-10-20,61,"Taylorsville Liledoun","Ozone","Alexander",35.9138000008966,-81.191
"98",4-11-20,58,"Taylorsville Liledoun","Ozone","Alexander",35.9138000008966,-81.191
"99",4-12-20,34,"Taylorsville Liledoun","Ozone","Alexander",35.9138000008966,-81.191
"100",NA,33,"Taylorsville Liledoun","Ozone","Alexander",35.9138000008966,-81.191
"101",NA,36,"Taylorsville Liledoun","Ozone","Alexander",35.9138000008966,-81.191
"102",NA,47,"Taylorsville Liledoun","Ozone","Alexander",35.9138000008966,-81.191
"103",NA,51,"Taylorsville Liledoun","Ozone","Alexander",35.9138000008966,-81.191
"104",NA,71,"Taylorsville Liledoun","Ozone","Alexander",35.9138000008966,-81.191
"105",NA,46,"Taylorsville Liledoun","Ozone","Alexander",35.9138000008966,-81.191
"106",NA,35,"Taylorsville Liledoun","Ozone","Alexander",35.9138000008966,-81.191
"107",NA,31,"Taylorsville Liledoun","Ozone","Alexander",35.9138000008966,-81.191
"108",NA,36,"Taylorsville Liledoun","Ozone","Alexander",35.9138000008966,-81.191
"109",NA,45,"Taylorsville Liledoun","Ozone","Alexander",35.9138000008966,-81.191
"110",NA,50,"Taylorsville Liledoun","Ozone","Alexander",35.9138000008966,-81.191
"111",NA,54,"Taylorsville Liledoun","Ozone","Alexander",35.9138000008966,-81.191
"112",NA,41,"Taylorsville Liledoun","Ozone","Alexander",35.9138000008966,-81.191
"113",NA,46,"Taylorsville Liledoun","Ozone","Alexander",35.9138000008966,-81.191
"114",NA,58,"Taylorsville Liledoun","Ozone","Alexander",35.9138000008966,-81.191
"115",NA,54,"Taylorsville Liledoun","Ozone","Alexander",35.9138000008966,-81.191
"116",NA,42,"Taylorsville Liledoun","Ozone","Alexander",35.9138000008966,-81.191
"117",NA,58,"Taylorsville Liledoun","Ozone","Alexander",35.9138000008966,-81.191
"118",5-01-20,36,"Taylorsville Liledoun","Ozone","Alexander",35.9138000008966,-81.191
"119",5-02-20,41,"Taylorsville Liledoun","Ozone","Alexander",35.9138000008966,-81.191
"120",5-03-20,33,"Taylorsville Liledoun","Ozone","Alexander",35.9138000008966,-81.191
"121",5-04-20,34,"Taylorsville Liledoun","Ozone","Alexander",35.9138000008966,-81.191
"122",5-05-20,31,"Taylorsville Liledoun","Ozone","Alexander",35.9138000008966,-81.191
"123",5-06-20,43,"Taylorsville Liledoun","Ozone","Alexander",35.9138000008966,-81.191
"124",5-07-20,43,"Taylorsville Liledoun","Ozone","Alexander",35.9138000008966,-81.191
"125",5-08-20,42,"Taylorsville Liledoun","Ozone","Alexander",35.9138000008966,-81.191
"126",5-09-20,44,"Taylorsville Liledoun","Ozone","Alexander",35.9138000008966,-81.191
"127",5-10-20,34,"Taylorsville Liledoun","Ozone","Alexander",35.9138000008966,-81.191
"128",5-11-20,24,"Taylorsville Liledoun","Ozone","Alexander",35.9138000008966,-81.191
"129",5-12-20,31,"Taylorsville Liledoun","Ozone","Alexander",35.9138000008966,-81.191
"130",NA,38,"Taylorsville Liledoun","Ozone","Alexander",35.9138000008966,-81.191
"131",NA,43,"Taylorsville Liledoun","Ozone","Alexander",35.9138000008966,-81.191
"132",NA,44,"Taylorsville Liledoun","Ozone","Alexander",35.9138000008966,-81.191
"133",NA,49,"Taylorsville Liledoun","Ozone","Alexander",35.9138000008966,-81.191
"134",NA,48,"Taylorsville Liledoun","Ozone","Alexander",35.9138000008966,-81.191
"135",NA,58,"Taylorsville Liledoun","Ozone","Alexander",35.9138000008966,-81.191
"136",NA,45,"Taylorsville Liledoun","Ozone","Alexander",35.9138000008966,-81.191
"137",NA,36,"Taylorsville Liledoun","Ozone","Alexander",35.9138000008966,-81.191
"138",NA,64,"Taylorsville Liledoun","Ozone","Alexander",35.9138000008966,-81.191
"139",NA,43,"Taylorsville Liledoun","Ozone","Alexander",35.9138000008966,-81.191
"140",NA,41,"Taylorsville Liledoun","Ozone","Alexander",35.9138000008966,-81.191
"141",NA,39,"Taylorsville Liledoun","Ozone","Alexander",35.9138000008966,-81.191
"142",NA,44,"Taylorsville Liledoun","Ozone","Alexander",35.9138000008966,-81.191
"143",NA,39,"Taylorsville Liledoun","Ozone","Alexander",35.9138000008966,-81.191
"144",NA,42,"Taylorsville Liledoun","Ozone","Alexander",35.9138000008966,-81.191
"145",NA,43,"Taylorsville Liledoun","Ozone","Alexander",35.9138000008966,-81.191
"146",NA,34,"Taylorsville Liledoun","Ozone","Alexander",35.9138000008966,-81.191
"147",NA,50,"Taylorsville Liledoun","Ozone","Alexander",35.9138000008966,-81.191
"148",NA,40,"Taylorsville Liledoun","Ozone","Alexander",35.9138000008966,-81.191
"149",6-01-20,49,"Taylorsville Liledoun","Ozone","Alexander",35.9138000008966,-81.191
"150",6-02-20,49,"Taylorsville Liledoun","Ozone","Alexander",35.9138000008966,-81.191
"151",6-03-20,47,"Taylorsville Liledoun","Ozone","Alexander",35.9138000008966,-81.191
"152",6-04-20,67,"Taylorsville Liledoun","Ozone","Alexander",35.9138000008966,-81.191
"153",6-05-20,39,"Taylorsville Liledoun","Ozone","Alexander",35.9138000008966,-81.191
"154",6-06-20,37,"Taylorsville Liledoun","Ozone","Alexander",35.9138000008966,-81.191
"155",6-07-20,22,"Taylorsville Liledoun","Ozone","Alexander",35.9138000008966,-81.191
"156",6-08-20,32,"Taylorsville Liledoun","Ozone","Alexander",35.9138000008966,-81.191
"157",6-09-20,23,"Taylorsville Liledoun","Ozone","Alexander",35.9138000008966,-81.191
"158",6-10-20,30,"Taylorsville Liledoun","Ozone","Alexander",35.9138000008966,-81.191
"159",6-11-20,41,"Taylorsville Liledoun","Ozone","Alexander",35.9138000008966,-81.191
"160",6-12-20,44,"Taylorsville Liledoun","Ozone","Alexander",35.9138000008966,-81.191
"161",NA,44,"Taylorsville Liledoun","Ozone","Alexander",35.9138000008966,-81.191
"162",NA,44,"Taylorsville Liledoun","Ozone","Alexander",35.9138000008966,-81.191
"163",NA,50,"Taylorsville Liledoun","Ozone","Alexander",35.9138000008966,-81.191
"164",NA,44,"Taylorsville Liledoun","Ozone","Alexander",35.9138000008966,-81.191
"165",NA,44,"Taylorsville Liledoun","Ozone","Alexander",35.9138000008966,-81.191
"166",NA,30,"Taylorsville Liledoun","Ozone","Alexander",35.9138000008966,-81.191
"167",NA,32,"Taylorsville Liledoun","Ozone","Alexander",35.9138000008966,-81.191
"168",NA,48,"Taylorsville Liledoun","Ozone","Alexander",35.9138000008966,-81.191
"169",NA,44,"Taylorsville Liledoun","Ozone","Alexander",35.9138000008966,-81.191
"170",NA,38,"Taylorsville Liledoun","Ozone","Alexander",35.9138000008966,-81.191
"171",NA,37,"Taylorsville Liledoun","Ozone","Alexander",35.9138000008966,-81.191
"172",NA,35,"Taylorsville Liledoun","Ozone","Alexander",35.9138000008966,-81.191
"173",NA,38,"Taylorsville Liledoun","Ozone","Alexander",35.9138000008966,-81.191
"174",NA,43,"Taylorsville Liledoun","Ozone","Alexander",35.9138000008966,-81.191
"175",NA,48,"Taylorsville Liledoun","Ozone","Alexander",35.9138000008966,-81.191
"176",NA,77,"Taylorsville Liledoun","Ozone","Alexander",35.9138000008966,-81.191
"177",NA,61,"Taylorsville Liledoun","Ozone","Alexander",35.9138000008966,-81.191
"178",NA,44,"Taylorsville Liledoun","Ozone","Alexander",35.9138000008966,-81.191
"179",7-01-20,45,"Taylorsville Liledoun","Ozone","Alexander",35.9138000008966,-81.191
"180",7-02-20,43,"Taylorsville Liledoun","Ozone","Alexander",35.9138000008966,-81.191
"181",7-03-20,48,"Taylorsville Liledoun","Ozone","Alexander",35.9138000008966,-81.191
"182",7-04-20,43,"Taylorsville Liledoun","Ozone","Alexander",35.9138000008966,-81.191
"183",7-05-20,45,"Taylorsville Liledoun","Ozone","Alexander",35.9138000008966,-81.191
"184",7-06-20,30,"Taylorsville Liledoun","Ozone","Alexander",35.9138000008966,-81.191
"185",7-07-20,34,"Taylorsville Liledoun","Ozone","Alexander",35.9138000008966,-81.191
"186",7-08-20,32,"Taylorsville Liledoun","Ozone","Alexander",35.9138000008966,-81.191
"187",7-09-20,32,"Taylorsville Liledoun","Ozone","Alexander",35.9138000008966,-81.191
"188",7-10-20,47,"Taylorsville Liledoun","Ozone","Alexander",35.9138000008966,-81.191
"189",7-11-20,30,"Taylorsville Liledoun","Ozone","Alexander",35.9138000008966,-81.191
"190",7-12-20,30,"Taylorsville Liledoun","Ozone","Alexander",35.9138000008966,-81.191
"191",NA,34,"Taylorsville Liledoun","Ozone","Alexander",35.9138000008966,-81.191
"192",NA,38,"Taylorsville Liledoun","Ozone","Alexander",35.9138000008966,-81.191
"193",NA,47,"Taylorsville Liledoun","Ozone","Alexander",35.9138000008966,-81.191
"194",NA,35,"Taylorsville Liledoun","Ozone","Alexander",35.9138000008966,-81.191
"195",NA,28,"Taylorsville Liledoun","Ozone","Alexander",35.9138000008966,-81.191
"196",NA,31,"Taylorsville Liledoun","Ozone","Alexander",35.9138000008966,-81.191
"197",NA,39,"Taylorsville Liledoun","Ozone","Alexander",35.9138000008966,-81.191
"198",NA,29,"Taylorsville Liledoun","Ozone","Alexander",35.9138000008966,-81.191
"199",NA,34,"Taylorsville Liledoun","Ozone","Alexander",35.9138000008966,-81.191
"200",NA,31,"Taylorsville Liledoun","Ozone","Alexander",35.9138000008966,-81.191
"201",NA,27,"Taylorsville Liledoun","Ozone","Alexander",35.9138000008966,-81.191
"202",NA,43,"Taylorsville Liledoun","Ozone","Alexander",35.9138000008966,-81.191
"203",NA,44,"Taylorsville Liledoun","Ozone","Alexander",35.9138000008966,-81.191
"204",NA,48,"Taylorsville Liledoun","Ozone","Alexander",35.9138000008966,-81.191
"205",NA,51,"Taylorsville Liledoun","Ozone","Alexander",35.9138000008966,-81.191
"206",NA,49,"Taylorsville Liledoun","Ozone","Alexander",35.9138000008966,-81.191
"207",NA,64,"Taylorsville Liledoun","Ozone","Alexander",35.9138000008966,-81.191
"208",NA,58,"Taylorsville Liledoun","Ozone","Alexander",35.9138000008966,-81.191
"209",NA,44,"Taylorsville Liledoun","Ozone","Alexander",35.9138000008966,-81.191
"210",8-01-20,46,"Taylorsville Liledoun","Ozone","Alexander",35.9138000008966,-81.191
"211",8-02-20,45,"Taylorsville Liledoun","Ozone","Alexander",35.9138000008966,-81.191
"212",8-03-20,44,"Taylorsville Liledoun","Ozone","Alexander",35.9138000008966,-81.191
"213",8-04-20,41,"Taylorsville Liledoun","Ozone","Alexander",35.9138000008966,-81.191
"214",8-05-20,33,"Taylorsville Liledoun","Ozone","Alexander",35.9138000008966,-81.191
"215",8-06-20,45,"Taylorsville Liledoun","Ozone","Alexander",35.9138000008966,-81.191
"216",8-07-20,36,"Taylorsville Liledoun","Ozone","Alexander",35.9138000008966,-81.191
"217",8-08-20,42,"Taylorsville Liledoun","Ozone","Alexander",35.9138000008966,-81.191
"218",8-09-20,42,"Taylorsville Liledoun","Ozone","Alexander",35.9138000008966,-81.191
"219",8-10-20,46,"Taylorsville Liledoun","Ozone","Alexander",35.9138000008966,-81.191
"220",8-11-20,44,"Taylorsville Liledoun","Ozone","Alexander",35.9138000008966,-81.191
"221",8-12-20,44,"Taylorsville Liledoun","Ozone","Alexander",35.9138000008966,-81.191
"222",NA,38,"Taylorsville Liledoun","Ozone","Alexander",35.9138000008966,-81.191
"223",NA,39,"Taylorsville Liledoun","Ozone","Alexander",35.9138000008966,-81.191
"224",NA,43,"Taylorsville Liledoun","Ozone","Alexander",35.9138000008966,-81.191
"225",NA,44,"Taylorsville Liledoun","Ozone","Alexander",35.9138000008966,-81.191
"226",NA,42,"Taylorsville Liledoun","Ozone","Alexander",35.9138000008966,-81.191
"227",NA,37,"Taylorsville Liledoun","Ozone","Alexander",35.9138000008966,-81.191
"228",NA,37,"Taylorsville Liledoun","Ozone","Alexander",35.9138000008966,-81.191
"229",NA,38,"Taylorsville Liledoun","Ozone","Alexander",35.9138000008966,-81.191
"230",NA,38,"Taylorsville Liledoun","Ozone","Alexander",35.9138000008966,-81.191
"231",NA,33,"Taylorsville Liledoun","Ozone","Alexander",35.9138000008966,-81.191
"232",NA,32,"Taylorsville Liledoun","Ozone","Alexander",35.9138000008966,-81.191
"233",NA,29,"Taylorsville Liledoun","Ozone","Alexander",35.9138000008966,-81.191
"234",NA,31,"Taylorsville Liledoun","Ozone","Alexander",35.9138000008966,-81.191
"235",NA,31,"Taylorsville Liledoun","Ozone","Alexander",35.9138000008966,-81.191
"236",NA,24,"Taylorsville Liledoun","Ozone","Alexander",35.9138000008966,-81.191
"237",NA,34,"Taylorsville Liledoun","Ozone","Alexander",35.9138000008966,-81.191
"238",NA,41,"Taylorsville Liledoun","Ozone","Alexander",35.9138000008966,-81.191
"239",NA,48,"Taylorsville Liledoun","Ozone","Alexander",35.9138000008966,-81.191
"240",NA,64,"Taylorsville Liledoun","Ozone","Alexander",35.9138000008966,-81.191
"241",9-01-20,45,"Taylorsville Liledoun","Ozone","Alexander",35.9138000008966,-81.191
"242",9-02-20,37,"Taylorsville Liledoun","Ozone","Alexander",35.9138000008966,-81.191
"243",9-03-20,42,"Taylorsville Liledoun","Ozone","Alexander",35.9138000008966,-81.191
"244",9-04-20,45,"Taylorsville Liledoun","Ozone","Alexander",35.9138000008966,-81.191
"245",9-05-20,30,"Taylorsville Liledoun","Ozone","Alexander",35.9138000008966,-81.191
"246",9-06-20,45,"Taylorsville Liledoun","Ozone","Alexander",35.9138000008966,-81.191
"247",9-07-20,46,"Taylorsville Liledoun","Ozone","Alexander",35.9138000008966,-81.191
"248",9-08-20,47,"Taylorsville Liledoun","Ozone","Alexander",35.9138000008966,-81.191
"249",9-09-20,64,"Taylorsville Liledoun","Ozone","Alexander",35.9138000008966,-81.191
"250",9-10-20,47,"Taylorsville Liledoun","Ozone","Alexander",35.9138000008966,-81.191
"251",9-11-20,67,"Taylorsville Liledoun","Ozone","Alexander",35.9138000008966,-81.191
"252",9-12-20,48,"Taylorsville Liledoun","Ozone","Alexander",35.9138000008966,-81.191
"253",NA,49,"Taylorsville Liledoun","Ozone","Alexander",35.9138000008966,-81.191
"254",NA,32,"Taylorsville Liledoun","Ozone","Alexander",35.9138000008966,-81.191
"255",NA,43,"Taylorsville Liledoun","Ozone","Alexander",35.9138000008966,-81.191
"256",NA,45,"Taylorsville Liledoun","Ozone","Alexander",35.9138000008966,-81.191
"257",NA,58,"Taylorsville Liledoun","Ozone","Alexander",35.9138000008966,-81.191
"258",NA,42,"Taylorsville Liledoun","Ozone","Alexander",35.9138000008966,-81.191
"259",NA,35,"Taylorsville Liledoun","Ozone","Alexander",35.9138000008966,-81.191
"260",NA,50,"Taylorsville Liledoun","Ozone","Alexander",35.9138000008966,-81.191
"261",NA,54,"Taylorsville Liledoun","Ozone","Alexander",35.9138000008966,-81.191
"262",NA,50,"Taylorsville Liledoun","Ozone","Alexander",35.9138000008966,-81.191
"263",NA,44,"Taylorsville Liledoun","Ozone","Alexander",35.9138000008966,-81.191
"264",NA,44,"Taylorsville Liledoun","Ozone","Alexander",35.9138000008966,-81.191
"265",NA,64,"Taylorsville Liledoun","Ozone","Alexander",35.9138000008966,-81.191
"266",NA,42,"Taylorsville Liledoun","Ozone","Alexander",35.9138000008966,-81.191
"267",NA,71,"Taylorsville Liledoun","Ozone","Alexander",35.9138000008966,-81.191
"268",NA,37,"Taylorsville Liledoun","Ozone","Alexander",35.9138000008966,-81.191
"269",NA,43,"Taylorsville Liledoun","Ozone","Alexander",35.9138000008966,-81.191
"270",NA,43,"Taylorsville Liledoun","Ozone","Alexander",35.9138000008966,-81.191
"271",10-01-20,46,"Taylorsville Liledoun","Ozone","Alexander",35.9138000008966,-81.191
"272",10-02-20,47,"Taylorsville Liledoun","Ozone","Alexander",35.9138000008966,-81.191
"273",10-03-20,46,"Taylorsville Liledoun","Ozone","Alexander",35.9138000008966,-81.191
"274",10-04-20,45,"Taylorsville Liledoun","Ozone","Alexander",35.9138000008966,-81.191
"275",10-05-20,38,"Taylorsville Liledoun","Ozone","Alexander",35.9138000008966,-81.191
"276",10-06-20,31,"Taylorsville Liledoun","Ozone","Alexander",35.9138000008966,-81.191
"277",10-07-20,42,"Taylorsville Liledoun","Ozone","Alexander",35.9138000008966,-81.191
"278",10-08-20,28,"Taylorsville Liledoun","Ozone","Alexander",35.9138000008966,-81.191
"279",10-09-20,39,"Taylorsville Liledoun","Ozone","Alexander",35.9138000008966,-81.191
"280",10-10-20,40,"Taylorsville Liledoun","Ozone","Alexander",35.9138000008966,-81.191
"281",10-11-20,46,"Taylorsville Liledoun","Ozone","Alexander",35.9138000008966,-81.191
"282",10-12-20,41,"Taylorsville Liledoun","Ozone","Alexander",35.9138000008966,-81.191
"283",NA,16,"Taylorsville Liledoun","Ozone","Alexander",35.9138000008966,-81.191
"284",NA,42,"Taylorsville Liledoun","Ozone","Alexander",35.9138000008966,-81.191
"285",NA,48,"Taylorsville Liledoun","Ozone","Alexander",35.9138000008966,-81.191
"286",NA,35,"Taylorsville Liledoun","Ozone","Alexander",35.9138000008966,-81.191
"287",NA,34,"Taylorsville Liledoun","Ozone","Alexander",35.9138000008966,-81.191
"288",NA,36,"Taylorsville Liledoun","Ozone","Alexander",35.9138000008966,-81.191
"289",NA,35,"Taylorsville Liledoun","Ozone","Alexander",35.9138000008966,-81.191
"290",NA,33,"Taylorsville Liledoun","Ozone","Alexander",35.9138000008966,-81.191
"291",NA,21,"Taylorsville Liledoun","Ozone","Alexander",35.9138000008966,-81.191
"292",NA,33,"Taylorsville Liledoun","Ozone","Alexander",35.9138000008966,-81.191
"293",NA,36,"Taylorsville Liledoun","Ozone","Alexander",35.9138000008966,-81.191
"294",NA,42,"Taylorsville Liledoun","Ozone","Alexander",35.9138000008966,-81.191
"295",NA,33,"Taylorsville Liledoun","Ozone","Alexander",35.9138000008966,-81.191
"296",NA,38,"Taylorsville Liledoun","Ozone","Alexander",35.9138000008966,-81.191
"297",NA,35,"Taylorsville Liledoun","Ozone","Alexander",35.9138000008966,-81.191
"298",NA,42,"Taylorsville Liledoun","Ozone","Alexander",35.9138000008966,-81.191
"299",NA,29,"Taylorsville Liledoun","Ozone","Alexander",35.9138000008966,-81.191
"300",NA,16,"Taylorsville Liledoun","Ozone","Alexander",35.9138000008966,-81.191
"301",NA,21,"Taylorsville Liledoun","Ozone","Alexander",35.9138000008966,-81.191
"302",NA,41,"Linville Falls","Ozone","Avery",35.972347,-81.933072
"303",NA,38,"Linville Falls","Ozone","Avery",35.972347,-81.933072
"304",NA,33,"Linville Falls","Ozone","Avery",35.972347,-81.933072
"305",NA,33,"Linville Falls","Ozone","Avery",35.972347,-81.933072
"306",NA,37,"Linville Falls","Ozone","Avery",35.972347,-81.933072
"307",NA,28,"Linville Falls","Ozone","Avery",35.972347,-81.933072
"308",NA,30,"Linville Falls","Ozone","Avery",35.972347,-81.933072
"309",NA,22,"Linville Falls","Ozone","Avery",35.972347,-81.933072
"310",NA,37,"Linville Falls","Ozone","Avery",35.972347,-81.933072
"311",NA,38,"Linville Falls","Ozone","Avery",35.972347,-81.933072
"312",NA,43,"Linville Falls","Ozone","Avery",35.972347,-81.933072
"313",NA,42,"Linville Falls","Ozone","Avery",35.972347,-81.933072
"314",NA,44,"Linville Falls","Ozone","Avery",35.972347,-81.933072
"315",NA,41,"Linville Falls","Ozone","Avery",35.972347,-81.933072
"316",NA,43,"Linville Falls","Ozone","Avery",35.972347,-81.933072
"317",3-01-20,25,"Linville Falls","Ozone","Avery",35.972347,-81.933072
"318",3-02-20,34,"Linville Falls","Ozone","Avery",35.972347,-81.933072
"319",3-03-20,25,"Linville Falls","Ozone","Avery",35.972347,-81.933072
"320",3-04-20,38,"Linville Falls","Ozone","Avery",35.972347,-81.933072
"321",3-05-20,41,"Linville Falls","Ozone","Avery",35.972347,-81.933072
"322",3-06-20,43,"Linville Falls","Ozone","Avery",35.972347,-81.933072
"323",3-07-20,44,"Linville Falls","Ozone","Avery",35.972347,-81.933072
"324",3-08-20,39,"Linville Falls","Ozone","Avery",35.972347,-81.933072
"325",3-09-20,34,"Linville Falls","Ozone","Avery",35.972347,-81.933072
"326",3-10-20,45,"Linville Falls","Ozone","Avery",35.972347,-81.933072
"327",3-11-20,43,"Linville Falls","Ozone","Avery",35.972347,-81.933072
"328",3-12-20,48,"Linville Falls","Ozone","Avery",35.972347,-81.933072
"329",NA,51,"Linville Falls","Ozone","Avery",35.972347,-81.933072
"330",NA,42,"Linville Falls","Ozone","Avery",35.972347,-81.933072
"331",NA,42,"Linville Falls","Ozone","Avery",35.972347,-81.933072
"332",NA,44,"Linville Falls","Ozone","Avery",35.972347,-81.933072
"333",NA,46,"Linville Falls","Ozone","Avery",35.972347,-81.933072
"334",NA,44,"Linville Falls","Ozone","Avery",35.972347,-81.933072
"335",NA,47,"Linville Falls","Ozone","Avery",35.972347,-81.933072
"336",NA,54,"Linville Falls","Ozone","Avery",35.972347,-81.933072
"337",NA,58,"Linville Falls","Ozone","Avery",35.972347,-81.933072
"338",NA,49,"Linville Falls","Ozone","Avery",35.972347,-81.933072
"339",NA,54,"Linville Falls","Ozone","Avery",35.972347,-81.933072
"340",NA,74,"Linville Falls","Ozone","Avery",35.972347,-81.933072
"341",NA,43,"Linville Falls","Ozone","Avery",35.972347,-81.933072
"342",NA,32,"Linville Falls","Ozone","Avery",35.972347,-81.933072
"343",NA,46,"Linville Falls","Ozone","Avery",35.972347,-81.933072
"344",NA,58,"Linville Falls","Ozone","Avery",35.972347,-81.933072
"345",NA,58,"Linville Falls","Ozone","Avery",35.972347,-81.933072
"346",NA,51,"Linville Falls","Ozone","Avery",35.972347,-81.933072
"347",NA,41,"Linville Falls","Ozone","Avery",35.972347,-81.933072
"348",4-01-20,44,"Linville Falls","Ozone","Avery",35.972347,-81.933072
"349",4-02-20,48,"Linville Falls","Ozone","Avery",35.972347,-81.933072
"350",4-03-20,50,"Linville Falls","Ozone","Avery",35.972347,-81.933072
"351",4-04-20,74,"Linville Falls","Ozone","Avery",35.972347,-81.933072
"352",4-05-20,44,"Linville Falls","Ozone","Avery",35.972347,-81.933072
"353",4-06-20,43,"Linville Falls","Ozone","Avery",35.972347,-81.933072
"354",4-07-20,37,"Linville Falls","Ozone","Avery",35.972347,-81.933072
"355",4-08-20,30,"Linville Falls","Ozone","Avery",35.972347,-81.933072
"356",4-09-20,50,"Linville Falls","Ozone","Avery",35.972347,-81.933072
"357",4-10-20,50,"Linville Falls","Ozone","Avery",35.972347,-81.933072
"358",4-11-20,54,"Linville Falls","Ozone","Avery",35.972347,-81.933072
"359",4-12-20,39,"Linville Falls","Ozone","Avery",35.972347,-81.933072
"360",NA,43,"Linville Falls","Ozone","Avery",35.972347,-81.933072
"361",NA,47,"Linville Falls","Ozone","Avery",35.972347,-81.933072
"362",NA,54,"Linville Falls","Ozone","Avery",35.972347,-81.933072
"363",NA,64,"Linville Falls","Ozone","Avery",35.972347,-81.933072
"364",NA,50,"Linville Falls","Ozone","Avery",35.972347,-81.933072
"365",NA,41,"Linville Falls","Ozone","Avery",35.972347,-81.933072
"366",NA,29,"Linville Falls","Ozone","Avery",35.972347,-81.933072
"367",NA,34,"Linville Falls","Ozone","Avery",35.972347,-81.933072
"368",NA,43,"Linville Falls","Ozone","Avery",35.972347,-81.933072
"369",NA,44,"Linville Falls","Ozone","Avery",35.972347,-81.933072
"370",NA,44,"Linville Falls","Ozone","Avery",35.972347,-81.933072
"371",NA,44,"Linville Falls","Ozone","Avery",35.972347,-81.933072
"372",NA,50,"Linville Falls","Ozone","Avery",35.972347,-81.933072
"373",NA,54,"Linville Falls","Ozone","Avery",35.972347,-81.933072
"374",NA,51,"Linville Falls","Ozone","Avery",35.972347,-81.933072
"375",NA,42,"Linville Falls","Ozone","Avery",35.972347,-81.933072
"376",NA,54,"Linville Falls","Ozone","Avery",35.972347,-81.933072
"377",5-01-20,42,"Linville Falls","Ozone","Avery",35.972347,-81.933072
"378",5-02-20,36,"Linville Falls","Ozone","Avery",35.972347,-81.933072
"379",5-03-20,33,"Linville Falls","Ozone","Avery",35.972347,-81.933072
"380",5-04-20,38,"Linville Falls","Ozone","Avery",35.972347,-81.933072
"381",5-05-20,31,"Linville Falls","Ozone","Avery",35.972347,-81.933072
"382",5-06-20,44,"Linville Falls","Ozone","Avery",35.972347,-81.933072
"383",5-07-20,43,"Linville Falls","Ozone","Avery",35.972347,-81.933072
"384",5-08-20,44,"Linville Falls","Ozone","Avery",35.972347,-81.933072
"385",5-09-20,44,"Linville Falls","Ozone","Avery",35.972347,-81.933072
"386",5-10-20,32,"Linville Falls","Ozone","Avery",35.972347,-81.933072
"387",5-11-20,28,"Linville Falls","Ozone","Avery",35.972347,-81.933072
"388",5-12-20,32,"Linville Falls","Ozone","Avery",35.972347,-81.933072
"389",NA,36,"Linville Falls","Ozone","Avery",35.972347,-81.933072
"390",NA,42,"Linville Falls","Ozone","Avery",35.972347,-81.933072
"391",NA,43,"Linville Falls","Ozone","Avery",35.972347,-81.933072
"392",NA,47,"Linville Falls","Ozone","Avery",35.972347,-81.933072
"393",NA,46,"Linville Falls","Ozone","Avery",35.972347,-81.933072
"394",NA,48,"Linville Falls","Ozone","Avery",35.972347,-81.933072
"395",NA,46,"Linville Falls","Ozone","Avery",35.972347,-81.933072
"396",NA,45,"Linville Falls","Ozone","Avery",35.972347,-81.933072
"397",NA,46,"Linville Falls","Ozone","Avery",35.972347,-81.933072
"398",NA,42,"Linville Falls","Ozone","Avery",35.972347,-81.933072
"399",NA,40,"Linville Falls","Ozone","Avery",35.972347,-81.933072
"400",NA,40,"Linville Falls","Ozone","Avery",35.972347,-81.933072
"401",NA,39,"Linville Falls","Ozone","Avery",35.972347,-81.933072
"402",NA,43,"Linville Falls","Ozone","Avery",35.972347,-81.933072
"403",NA,45,"Linville Falls","Ozone","Avery",35.972347,-81.933072
"404",NA,37,"Linville Falls","Ozone","Avery",35.972347,-81.933072
"405",NA,35,"Linville Falls","Ozone","Avery",35.972347,-81.933072
"406",NA,46,"Linville Falls","Ozone","Avery",35.972347,-81.933072
"407",NA,43,"Linville Falls","Ozone","Avery",35.972347,-81.933072
"408",6-01-20,48,"Linville Falls","Ozone","Avery",35.972347,-81.933072
"409",6-02-20,58,"Linville Falls","Ozone","Avery",35.972347,-81.933072
"410",6-03-20,47,"Linville Falls","Ozone","Avery",35.972347,-81.933072
"411",6-04-20,49,"Linville Falls","Ozone","Avery",35.972347,-81.933072
"412",6-05-20,31,"Linville Falls","Ozone","Avery",35.972347,-81.933072
"413",6-06-20,37,"Linville Falls","Ozone","Avery",35.972347,-81.933072
"414",6-07-20,24,"Linville Falls","Ozone","Avery",35.972347,-81.933072
"415",6-08-20,34,"Linville Falls","Ozone","Avery",35.972347,-81.933072
"416",6-09-20,32,"Linville Falls","Ozone","Avery",35.972347,-81.933072
"417",6-10-20,28,"Linville Falls","Ozone","Avery",35.972347,-81.933072
"418",6-11-20,33,"Linville Falls","Ozone","Avery",35.972347,-81.933072
"419",6-12-20,44,"Linville Falls","Ozone","Avery",35.972347,-81.933072
"420",NA,42,"Linville Falls","Ozone","Avery",35.972347,-81.933072
"421",NA,43,"Linville Falls","Ozone","Avery",35.972347,-81.933072
"422",NA,44,"Linville Falls","Ozone","Avery",35.972347,-81.933072
"423",NA,37,"Linville Falls","Ozone","Avery",35.972347,-81.933072
"424",NA,31,"Linville Falls","Ozone","Avery",35.972347,-81.933072
"425",NA,28,"Linville Falls","Ozone","Avery",35.972347,-81.933072
"426",NA,51,"Linville Falls","Ozone","Avery",35.972347,-81.933072
"427",NA,45,"Linville Falls","Ozone","Avery",35.972347,-81.933072
"428",NA,29,"Linville Falls","Ozone","Avery",35.972347,-81.933072
"429",NA,31,"Linville Falls","Ozone","Avery",35.972347,-81.933072
"430",NA,42,"Linville Falls","Ozone","Avery",35.972347,-81.933072
"431",NA,41,"Linville Falls","Ozone","Avery",35.972347,-81.933072
"432",NA,49,"Linville Falls","Ozone","Avery",35.972347,-81.933072
"433",NA,45,"Linville Falls","Ozone","Avery",35.972347,-81.933072
"434",NA,44,"Linville Falls","Ozone","Avery",35.972347,-81.933072
"435",NA,42,"Linville Falls","Ozone","Avery",35.972347,-81.933072
"436",7-01-20,44,"Linville Falls","Ozone","Avery",35.972347,-81.933072
"437",7-02-20,40,"Linville Falls","Ozone","Avery",35.972347,-81.933072
"438",7-03-20,37,"Linville Falls","Ozone","Avery",35.972347,-81.933072
"439",7-04-20,31,"Linville Falls","Ozone","Avery",35.972347,-81.933072
"440",7-05-20,27,"Linville Falls","Ozone","Avery",35.972347,-81.933072
"441",7-06-20,25,"Linville Falls","Ozone","Avery",35.972347,-81.933072
"442",7-07-20,22,"Linville Falls","Ozone","Avery",35.972347,-81.933072
"443",7-08-20,32,"Linville Falls","Ozone","Avery",35.972347,-81.933072
"444",7-09-20,31,"Linville Falls","Ozone","Avery",35.972347,-81.933072
"445",7-10-20,31,"Linville Falls","Ozone","Avery",35.972347,-81.933072
"446",7-11-20,27,"Linville Falls","Ozone","Avery",35.972347,-81.933072
"447",7-12-20,32,"Linville Falls","Ozone","Avery",35.972347,-81.933072
"448",NA,31,"Linville Falls","Ozone","Avery",35.972347,-81.933072
"449",NA,35,"Linville Falls","Ozone","Avery",35.972347,-81.933072
"450",NA,39,"Linville Falls","Ozone","Avery",35.972347,-81.933072
"451",NA,28,"Linville Falls","Ozone","Avery",35.972347,-81.933072
"452",NA,22,"Linville Falls","Ozone","Avery",35.972347,-81.933072
"453",NA,31,"Linville Falls","Ozone","Avery",35.972347,-81.933072
"454",NA,29,"Linville Falls","Ozone","Avery",35.972347,-81.933072
"455",NA,25,"Linville Falls","Ozone","Avery",35.972347,-81.933072
"456",NA,31,"Linville Falls","Ozone","Avery",35.972347,-81.933072
"457",NA,25,"Linville Falls","Ozone","Avery",35.972347,-81.933072
"458",NA,24,"Linville Falls","Ozone","Avery",35.972347,-81.933072
"459",NA,36,"Linville Falls","Ozone","Avery",35.972347,-81.933072
"460",NA,34,"Linville Falls","Ozone","Avery",35.972347,-81.933072
"461",NA,39,"Linville Falls","Ozone","Avery",35.972347,-81.933072
"462",NA,40,"Linville Falls","Ozone","Avery",35.972347,-81.933072
"463",NA,30,"Linville Falls","Ozone","Avery",35.972347,-81.933072
"464",NA,46,"Linville Falls","Ozone","Avery",35.972347,-81.933072
"465",NA,36,"Linville Falls","Ozone","Avery",35.972347,-81.933072
"466",NA,38,"Linville Falls","Ozone","Avery",35.972347,-81.933072
"467",8-01-20,33,"Linville Falls","Ozone","Avery",35.972347,-81.933072
"468",8-02-20,35,"Linville Falls","Ozone","Avery",35.972347,-81.933072
"469",8-03-20,28,"Linville Falls","Ozone","Avery",35.972347,-81.933072
"470",8-04-20,34,"Linville Falls","Ozone","Avery",35.972347,-81.933072
"471",8-05-20,28,"Linville Falls","Ozone","Avery",35.972347,-81.933072
"472",8-06-20,38,"Linville Falls","Ozone","Avery",35.972347,-81.933072
"473",8-07-20,40,"Linville Falls","Ozone","Avery",35.972347,-81.933072
"474",8-08-20,40,"Linville Falls","Ozone","Avery",35.972347,-81.933072
"475",8-09-20,41,"Linville Falls","Ozone","Avery",35.972347,-81.933072
"476",8-10-20,30,"Linville Falls","Ozone","Avery",35.972347,-81.933072
"477",8-11-20,33,"Linville Falls","Ozone","Avery",35.972347,-81.933072
"478",8-12-20,36,"Linville Falls","Ozone","Avery",35.972347,-81.933072
"479",NA,31,"Linville Falls","Ozone","Avery",35.972347,-81.933072
"480",NA,32,"Linville Falls","Ozone","Avery",35.972347,-81.933072
"481",NA,40,"Linville Falls","Ozone","Avery",35.972347,-81.933072
"482",NA,37,"Linville Falls","Ozone","Avery",35.972347,-81.933072
"483",NA,33,"Linville Falls","Ozone","Avery",35.972347,-81.933072
"484",NA,27,"Linville Falls","Ozone","Avery",35.972347,-81.933072
"485",NA,33,"Linville Falls","Ozone","Avery",35.972347,-81.933072
"486",NA,35,"Linville Falls","Ozone","Avery",35.972347,-81.933072
"487",NA,22,"Linville Falls","Ozone","Avery",35.972347,-81.933072
"488",NA,31,"Linville Falls","Ozone","Avery",35.972347,-81.933072
"489",NA,29,"Linville Falls","Ozone","Avery",35.972347,-81.933072
"490",NA,29,"Linville Falls","Ozone","Avery",35.972347,-81.933072
"491",NA,30,"Linville Falls","Ozone","Avery",35.972347,-81.933072
"492",NA,25,"Linville Falls","Ozone","Avery",35.972347,-81.933072
"493",NA,36,"Linville Falls","Ozone","Avery",35.972347,-81.933072
"494",NA,36,"Linville Falls","Ozone","Avery",35.972347,-81.933072
"495",NA,38,"Linville Falls","Ozone","Avery",35.972347,-81.933072
"496",NA,46,"Linville Falls","Ozone","Avery",35.972347,-81.933072
"497",9-01-20,38,"Linville Falls","Ozone","Avery",35.972347,-81.933072
"498",9-02-20,32,"Linville Falls","Ozone","Avery",35.972347,-81.933072
"499",9-03-20,33,"Linville Falls","Ozone","Avery",35.972347,-81.933072
"500",9-04-20,34,"Linville Falls","Ozone","Avery",35.972347,-81.933072
"501",9-05-20,34,"Linville Falls","Ozone","Avery",35.972347,-81.933072
"502",9-06-20,43,"Linville Falls","Ozone","Avery",35.972347,-81.933072
"503",9-07-20,44,"Linville Falls","Ozone","Avery",35.972347,-81.933072
"504",9-08-20,41,"Linville Falls","Ozone","Avery",35.972347,-81.933072
"505",9-09-20,43,"Linville Falls","Ozone","Avery",35.972347,-81.933072
"506",9-10-20,44,"Linville Falls","Ozone","Avery",35.972347,-81.933072
"507",9-11-20,33,"Linville Falls","Ozone","Avery",35.972347,-81.933072
"508",9-12-20,37,"Linville Falls","Ozone","Avery",35.972347,-81.933072
"509",NA,44,"Linville Falls","Ozone","Avery",35.972347,-81.933072
"510",NA,31,"Linville Falls","Ozone","Avery",35.972347,-81.933072
"511",NA,31,"Linville Falls","Ozone","Avery",35.972347,-81.933072
"512",NA,40,"Linville Falls","Ozone","Avery",35.972347,-81.933072
"513",NA,41,"Linville Falls","Ozone","Avery",35.972347,-81.933072
"514",NA,35,"Linville Falls","Ozone","Avery",35.972347,-81.933072
"515",NA,31,"Linville Falls","Ozone","Avery",35.972347,-81.933072
"516",NA,40,"Linville Falls","Ozone","Avery",35.972347,-81.933072
"517",NA,29,"Linville Falls","Ozone","Avery",35.972347,-81.933072
"518",NA,47,"Linville Falls","Ozone","Avery",35.972347,-81.933072
"519",NA,38,"Linville Falls","Ozone","Avery",35.972347,-81.933072
"520",NA,43,"Linville Falls","Ozone","Avery",35.972347,-81.933072
"521",NA,45,"Linville Falls","Ozone","Avery",35.972347,-81.933072
"522",NA,33,"Linville Falls","Ozone","Avery",35.972347,-81.933072
"523",NA,42,"Linville Falls","Ozone","Avery",35.972347,-81.933072
"524",NA,37,"Linville Falls","Ozone","Avery",35.972347,-81.933072
"525",NA,27,"Linville Falls","Ozone","Avery",35.972347,-81.933072
"526",NA,25,"Linville Falls","Ozone","Avery",35.972347,-81.933072
"527",10-01-20,34,"Linville Falls","Ozone","Avery",35.972347,-81.933072
"528",10-02-20,38,"Linville Falls","Ozone","Avery",35.972347,-81.933072
"529",10-03-20,38,"Linville Falls","Ozone","Avery",35.972347,-81.933072
"530",10-04-20,41,"Linville Falls","Ozone","Avery",35.972347,-81.933072
"531",10-05-20,39,"Linville Falls","Ozone","Avery",35.972347,-81.933072
"532",10-06-20,31,"Linville Falls","Ozone","Avery",35.972347,-81.933072
"533",10-07-20,33,"Linville Falls","Ozone","Avery",35.972347,-81.933072
"534",10-08-20,24,"Linville Falls","Ozone","Avery",35.972347,-81.933072
"535",10-09-20,29,"Linville Falls","Ozone","Avery",35.972347,-81.933072
"536",10-10-20,31,"Linville Falls","Ozone","Avery",35.972347,-81.933072
"537",10-11-20,41,"Linville Falls","Ozone","Avery",35.972347,-81.933072
"538",10-12-20,33,"Linville Falls","Ozone","Avery",35.972347,-81.933072
"539",NA,20,"Linville Falls","Ozone","Avery",35.972347,-81.933072
"540",NA,38,"Linville Falls","Ozone","Avery",35.972347,-81.933072
"541",NA,43,"Linville Falls","Ozone","Avery",35.972347,-81.933072
"542",NA,36,"Linville Falls","Ozone","Avery",35.972347,-81.933072
"543",NA,34,"Linville Falls","Ozone","Avery",35.972347,-81.933072
"544",NA,38,"Linville Falls","Ozone","Avery",35.972347,-81.933072
"545",NA,35,"Linville Falls","Ozone","Avery",35.972347,-81.933072
"546",NA,32,"Linville Falls","Ozone","Avery",35.972347,-81.933072
"547",NA,28,"Linville Falls","Ozone","Avery",35.972347,-81.933072
"548",NA,34,"Linville Falls","Ozone","Avery",35.972347,-81.933072
"549",NA,36,"Linville Falls","Ozone","Avery",35.972347,-81.933072
"550",NA,42,"Linville Falls","Ozone","Avery",35.972347,-81.933072
"551",NA,32,"Linville Falls","Ozone","Avery",35.972347,-81.933072
"552",NA,37,"Linville Falls","Ozone","Avery",35.972347,-81.933072
"553",NA,34,"Linville Falls","Ozone","Avery",35.972347,-81.933072
"554",NA,38,"Linville Falls","Ozone","Avery",35.972347,-81.933072
"555",NA,41,"Linville Falls","Ozone","Avery",35.972347,-81.933072
"556",NA,23,"Linville Falls","Ozone","Avery",35.972347,-81.933072
"557",NA,26,"Linville Falls","Ozone","Avery",35.972347,-81.933072
"558",1-01-20,35,"Cranberry","Ozone","Avery",36.1058,-82.0454
"559",1-02-20,33,"Cranberry","Ozone","Avery",36.1058,-82.0454
"560",1-03-20,33,"Cranberry","Ozone","Avery",36.1058,-82.0454
"561",1-04-20,28,"Cranberry","Ozone","Avery",36.1058,-82.0454
"562",1-05-20,35,"Cranberry","Ozone","Avery",36.1058,-82.0454
"563",1-06-20,39,"Cranberry","Ozone","Avery",36.1058,-82.0454
"564",1-07-20,32,"Cranberry","Ozone","Avery",36.1058,-82.0454
"565",1-08-20,39,"Cranberry","Ozone","Avery",36.1058,-82.0454
"566",1-09-20,33,"Cranberry","Ozone","Avery",36.1058,-82.0454
"567",1-10-20,38,"Cranberry","Ozone","Avery",36.1058,-82.0454
"568",1-11-20,41,"Cranberry","Ozone","Avery",36.1058,-82.0454
"569",1-12-20,33,"Cranberry","Ozone","Avery",36.1058,-82.0454
"570",NA,29,"Cranberry","Ozone","Avery",36.1058,-82.0454
"571",NA,29,"Cranberry","Ozone","Avery",36.1058,-82.0454
"572",NA,38,"Cranberry","Ozone","Avery",36.1058,-82.0454
"573",NA,36,"Cranberry","Ozone","Avery",36.1058,-82.0454
"574",NA,27,"Cranberry","Ozone","Avery",36.1058,-82.0454
"575",NA,27,"Cranberry","Ozone","Avery",36.1058,-82.0454
"576",NA,29,"Cranberry","Ozone","Avery",36.1058,-82.0454
"577",NA,35,"Cranberry","Ozone","Avery",36.1058,-82.0454
"578",NA,36,"Cranberry","Ozone","Avery",36.1058,-82.0454
"579",NA,35,"Cranberry","Ozone","Avery",36.1058,-82.0454
"580",NA,38,"Cranberry","Ozone","Avery",36.1058,-82.0454
"581",NA,31,"Cranberry","Ozone","Avery",36.1058,-82.0454
"582",NA,37,"Cranberry","Ozone","Avery",36.1058,-82.0454
"583",NA,38,"Cranberry","Ozone","Avery",36.1058,-82.0454
"584",NA,39,"Cranberry","Ozone","Avery",36.1058,-82.0454
"585",NA,40,"Cranberry","Ozone","Avery",36.1058,-82.0454
"586",NA,40,"Cranberry","Ozone","Avery",36.1058,-82.0454
"587",NA,38,"Cranberry","Ozone","Avery",36.1058,-82.0454
"588",2-01-20,40,"Cranberry","Ozone","Avery",36.1058,-82.0454
"589",2-02-20,42,"Cranberry","Ozone","Avery",36.1058,-82.0454
"590",2-03-20,43,"Cranberry","Ozone","Avery",36.1058,-82.0454
"591",2-04-20,42,"Cranberry","Ozone","Avery",36.1058,-82.0454
"592",2-05-20,30,"Cranberry","Ozone","Avery",36.1058,-82.0454
"593",2-06-20,28,"Cranberry","Ozone","Avery",36.1058,-82.0454
"594",2-07-20,35,"Cranberry","Ozone","Avery",36.1058,-82.0454
"595",2-08-20,37,"Cranberry","Ozone","Avery",36.1058,-82.0454
"596",2-09-20,44,"Cranberry","Ozone","Avery",36.1058,-82.0454
"597",2-10-20,35,"Cranberry","Ozone","Avery",36.1058,-82.0454
"598",2-11-20,32,"Cranberry","Ozone","Avery",36.1058,-82.0454
"599",2-12-20,40,"Cranberry","Ozone","Avery",36.1058,-82.0454
"600",NA,41,"Cranberry","Ozone","Avery",36.1058,-82.0454
"601",NA,41,"Cranberry","Ozone","Avery",36.1058,-82.0454
"602",NA,39,"Cranberry","Ozone","Avery",36.1058,-82.0454
"603",NA,32,"Cranberry","Ozone","Avery",36.1058,-82.0454
"604",NA,40,"Cranberry","Ozone","Avery",36.1058,-82.0454
"605",NA,34,"Cranberry","Ozone","Avery",36.1058,-82.0454
"606",NA,31,"Cranberry","Ozone","Avery",36.1058,-82.0454
"607",NA,38,"Cranberry","Ozone","Avery",36.1058,-82.0454
"608",NA,31,"Cranberry","Ozone","Avery",36.1058,-82.0454
"609",NA,37,"Cranberry","Ozone","Avery",36.1058,-82.0454
"610",NA,38,"Cranberry","Ozone","Avery",36.1058,-82.0454
"611",NA,42,"Cranberry","Ozone","Avery",36.1058,-82.0454
"612",NA,43,"Cranberry","Ozone","Avery",36.1058,-82.0454
"613",NA,44,"Cranberry","Ozone","Avery",36.1058,-82.0454
"614",NA,45,"Cranberry","Ozone","Avery",36.1058,-82.0454
"615",NA,42,"Cranberry","Ozone","Avery",36.1058,-82.0454
"616",3-01-20,33,"Cranberry","Ozone","Avery",36.1058,-82.0454
"617",3-02-20,34,"Cranberry","Ozone","Avery",36.1058,-82.0454
"618",3-03-20,29,"Cranberry","Ozone","Avery",36.1058,-82.0454
"619",3-04-20,38,"Cranberry","Ozone","Avery",36.1058,-82.0454
"620",3-05-20,40,"Cranberry","Ozone","Avery",36.1058,-82.0454
"621",3-06-20,43,"Cranberry","Ozone","Avery",36.1058,-82.0454
"622",3-07-20,44,"Cranberry","Ozone","Avery",36.1058,-82.0454
"623",3-08-20,38,"Cranberry","Ozone","Avery",36.1058,-82.0454
"624",3-09-20,38,"Cranberry","Ozone","Avery",36.1058,-82.0454
"625",3-10-20,47,"Cranberry","Ozone","Avery",36.1058,-82.0454
"626",3-11-20,44,"Cranberry","Ozone","Avery",36.1058,-82.0454
"627",3-12-20,48,"Cranberry","Ozone","Avery",36.1058,-82.0454
"628",NA,51,"Cranberry","Ozone","Avery",36.1058,-82.0454
"629",NA,43,"Cranberry","Ozone","Avery",36.1058,-82.0454
"630",NA,44,"Cranberry","Ozone","Avery",36.1058,-82.0454
"631",NA,44,"Cranberry","Ozone","Avery",36.1058,-82.0454
"632",NA,47,"Cranberry","Ozone","Avery",36.1058,-82.0454
"633",NA,45,"Cranberry","Ozone","Avery",36.1058,-82.0454
"634",NA,47,"Cranberry","Ozone","Avery",36.1058,-82.0454
"635",NA,54,"Cranberry","Ozone","Avery",36.1058,-82.0454
"636",NA,61,"Cranberry","Ozone","Avery",36.1058,-82.0454
"637",NA,49,"Cranberry","Ozone","Avery",36.1058,-82.0454
"638",NA,49,"Cranberry","Ozone","Avery",36.1058,-82.0454
"639",NA,67,"Cranberry","Ozone","Avery",36.1058,-82.0454
"640",NA,61,"Cranberry","Ozone","Avery",36.1058,-82.0454
"641",NA,36,"Cranberry","Ozone","Avery",36.1058,-82.0454
"642",NA,45,"Cranberry","Ozone","Avery",36.1058,-82.0454
"643",NA,54,"Cranberry","Ozone","Avery",36.1058,-82.0454
"644",NA,54,"Cranberry","Ozone","Avery",36.1058,-82.0454
"645",NA,54,"Cranberry","Ozone","Avery",36.1058,-82.0454
"646",NA,42,"Cranberry","Ozone","Avery",36.1058,-82.0454
"647",4-01-20,47,"Cranberry","Ozone","Avery",36.1058,-82.0454
"648",4-02-20,49,"Cranberry","Ozone","Avery",36.1058,-82.0454
"649",4-03-20,54,"Cranberry","Ozone","Avery",36.1058,-82.0454
"650",4-04-20,77,"Cranberry","Ozone","Avery",36.1058,-82.0454
"651",4-05-20,46,"Cranberry","Ozone","Avery",36.1058,-82.0454
"652",4-06-20,44,"Cranberry","Ozone","Avery",36.1058,-82.0454
"653",4-07-20,37,"Cranberry","Ozone","Avery",36.1058,-82.0454
"654",4-08-20,34,"Cranberry","Ozone","Avery",36.1058,-82.0454
"655",4-10-20,51,"Cranberry","Ozone","Avery",36.1058,-82.0454
"656",4-11-20,54,"Cranberry","Ozone","Avery",36.1058,-82.0454
"657",4-12-20,41,"Cranberry","Ozone","Avery",36.1058,-82.0454
"658",NA,44,"Cranberry","Ozone","Avery",36.1058,-82.0454
"659",NA,48,"Cranberry","Ozone","Avery",36.1058,-82.0454
"660",NA,51,"Cranberry","Ozone","Avery",36.1058,-82.0454
"661",NA,71,"Cranberry","Ozone","Avery",36.1058,-82.0454
"662",NA,51,"Cranberry","Ozone","Avery",36.1058,-82.0454
"663",NA,44,"Cranberry","Ozone","Avery",36.1058,-82.0454
"664",NA,34,"Cranberry","Ozone","Avery",36.1058,-82.0454
"665",NA,43,"Cranberry","Ozone","Avery",36.1058,-82.0454
"666",NA,46,"Cranberry","Ozone","Avery",36.1058,-82.0454
"667",NA,49,"Cranberry","Ozone","Avery",36.1058,-82.0454
"668",NA,48,"Cranberry","Ozone","Avery",36.1058,-82.0454
"669",NA,48,"Cranberry","Ozone","Avery",36.1058,-82.0454
"670",NA,58,"Cranberry","Ozone","Avery",36.1058,-82.0454
"671",NA,58,"Cranberry","Ozone","Avery",36.1058,-82.0454
"672",NA,61,"Cranberry","Ozone","Avery",36.1058,-82.0454
"673",NA,44,"Cranberry","Ozone","Avery",36.1058,-82.0454
"674",NA,58,"Cranberry","Ozone","Avery",36.1058,-82.0454
"675",5-01-20,42,"Cranberry","Ozone","Avery",36.1058,-82.0454
"676",5-02-20,42,"Cranberry","Ozone","Avery",36.1058,-82.0454
"677",5-03-20,33,"Cranberry","Ozone","Avery",36.1058,-82.0454
"678",5-04-20,44,"Cranberry","Ozone","Avery",36.1058,-82.0454
"679",5-05-20,37,"Cranberry","Ozone","Avery",36.1058,-82.0454
"680",5-06-20,48,"Cranberry","Ozone","Avery",36.1058,-82.0454
"681",5-07-20,43,"Cranberry","Ozone","Avery",36.1058,-82.0454
"682",5-08-20,44,"Cranberry","Ozone","Avery",36.1058,-82.0454
"683",5-09-20,47,"Cranberry","Ozone","Avery",36.1058,-82.0454
"684",5-10-20,38,"Cranberry","Ozone","Avery",36.1058,-82.0454
"685",5-11-20,36,"Cranberry","Ozone","Avery",36.1058,-82.0454
"686",5-12-20,41,"Cranberry","Ozone","Avery",36.1058,-82.0454
"687",NA,37,"Cranberry","Ozone","Avery",36.1058,-82.0454
"688",NA,44,"Cranberry","Ozone","Avery",36.1058,-82.0454
"689",NA,46,"Cranberry","Ozone","Avery",36.1058,-82.0454
"690",NA,51,"Cranberry","Ozone","Avery",36.1058,-82.0454
"691",NA,50,"Cranberry","Ozone","Avery",36.1058,-82.0454
"692",NA,51,"Cranberry","Ozone","Avery",36.1058,-82.0454
"693",NA,47,"Cranberry","Ozone","Avery",36.1058,-82.0454
"694",NA,48,"Cranberry","Ozone","Avery",36.1058,-82.0454
"695",NA,45,"Cranberry","Ozone","Avery",36.1058,-82.0454
"696",NA,44,"Cranberry","Ozone","Avery",36.1058,-82.0454
"697",NA,45,"Cranberry","Ozone","Avery",36.1058,-82.0454
"698",NA,42,"Cranberry","Ozone","Avery",36.1058,-82.0454
"699",NA,42,"Cranberry","Ozone","Avery",36.1058,-82.0454
"700",NA,45,"Cranberry","Ozone","Avery",36.1058,-82.0454
"701",NA,47,"Cranberry","Ozone","Avery",36.1058,-82.0454
"702",NA,39,"Cranberry","Ozone","Avery",36.1058,-82.0454
"703",NA,46,"Cranberry","Ozone","Avery",36.1058,-82.0454
"704",NA,45,"Cranberry","Ozone","Avery",36.1058,-82.0454
"705",NA,47,"Cranberry","Ozone","Avery",36.1058,-82.0454
"706",6-01-20,48,"Cranberry","Ozone","Avery",36.1058,-82.0454
"707",6-02-20,64,"Cranberry","Ozone","Avery",36.1058,-82.0454
"708",6-03-20,47,"Cranberry","Ozone","Avery",36.1058,-82.0454
"709",6-04-20,58,"Cranberry","Ozone","Avery",36.1058,-82.0454
"710",6-05-20,46,"Cranberry","Ozone","Avery",36.1058,-82.0454
"711",6-06-20,37,"Cranberry","Ozone","Avery",36.1058,-82.0454
"712",6-07-20,29,"Cranberry","Ozone","Avery",36.1058,-82.0454
"713",6-08-20,40,"Cranberry","Ozone","Avery",36.1058,-82.0454
"714",6-09-20,36,"Cranberry","Ozone","Avery",36.1058,-82.0454
"715",6-10-20,39,"Cranberry","Ozone","Avery",36.1058,-82.0454
"716",6-11-20,35,"Cranberry","Ozone","Avery",36.1058,-82.0454
"717",6-12-20,45,"Cranberry","Ozone","Avery",36.1058,-82.0454
"718",NA,45,"Cranberry","Ozone","Avery",36.1058,-82.0454
"719",NA,48,"Cranberry","Ozone","Avery",36.1058,-82.0454
"720",NA,46,"Cranberry","Ozone","Avery",36.1058,-82.0454
"721",NA,40,"Cranberry","Ozone","Avery",36.1058,-82.0454
"722",NA,35,"Cranberry","Ozone","Avery",36.1058,-82.0454
"723",NA,30,"Cranberry","Ozone","Avery",36.1058,-82.0454
"724",NA,38,"Cranberry","Ozone","Avery",36.1058,-82.0454
"725",NA,51,"Cranberry","Ozone","Avery",36.1058,-82.0454
"726",NA,44,"Cranberry","Ozone","Avery",36.1058,-82.0454
"727",NA,48,"Cranberry","Ozone","Avery",36.1058,-82.0454
"728",NA,31,"Cranberry","Ozone","Avery",36.1058,-82.0454
"729",NA,43,"Cranberry","Ozone","Avery",36.1058,-82.0454
"730",NA,43,"Cranberry","Ozone","Avery",36.1058,-82.0454
"731",NA,44,"Cranberry","Ozone","Avery",36.1058,-82.0454
"732",NA,45,"Cranberry","Ozone","Avery",36.1058,-82.0454
"733",NA,46,"Cranberry","Ozone","Avery",36.1058,-82.0454
"734",NA,45,"Cranberry","Ozone","Avery",36.1058,-82.0454
"735",NA,47,"Cranberry","Ozone","Avery",36.1058,-82.0454
"736",7-01-20,48,"Cranberry","Ozone","Avery",36.1058,-82.0454
"737",7-02-20,41,"Cranberry","Ozone","Avery",36.1058,-82.0454
"738",7-03-20,40,"Cranberry","Ozone","Avery",36.1058,-82.0454
"739",7-04-20,32,"Cranberry","Ozone","Avery",36.1058,-82.0454
"740",7-05-20,27,"Cranberry","Ozone","Avery",36.1058,-82.0454
"741",7-06-20,31,"Cranberry","Ozone","Avery",36.1058,-82.0454
"742",7-07-20,29,"Cranberry","Ozone","Avery",36.1058,-82.0454
"743",7-08-20,40,"Cranberry","Ozone","Avery",36.1058,-82.0454
"744",7-09-20,37,"Cranberry","Ozone","Avery",36.1058,-82.0454
"745",7-10-20,36,"Cranberry","Ozone","Avery",36.1058,-82.0454
"746",7-11-20,30,"Cranberry","Ozone","Avery",36.1058,-82.0454
"747",7-12-20,41,"Cranberry","Ozone","Avery",36.1058,-82.0454
"748",NA,36,"Cranberry","Ozone","Avery",36.1058,-82.0454
"749",NA,37,"Cranberry","Ozone","Avery",36.1058,-82.0454
"750",NA,37,"Cranberry","Ozone","Avery",36.1058,-82.0454
"751",NA,27,"Cranberry","Ozone","Avery",36.1058,-82.0454
"752",NA,29,"Cranberry","Ozone","Avery",36.1058,-82.0454
"753",NA,36,"Cranberry","Ozone","Avery",36.1058,-82.0454
"754",NA,31,"Cranberry","Ozone","Avery",36.1058,-82.0454
"755",NA,32,"Cranberry","Ozone","Avery",36.1058,-82.0454
"756",NA,28,"Cranberry","Ozone","Avery",36.1058,-82.0454
"757",NA,28,"Cranberry","Ozone","Avery",36.1058,-82.0454
"758",NA,31,"Cranberry","Ozone","Avery",36.1058,-82.0454
"759",NA,35,"Cranberry","Ozone","Avery",36.1058,-82.0454
"760",NA,44,"Cranberry","Ozone","Avery",36.1058,-82.0454
"761",NA,45,"Cranberry","Ozone","Avery",36.1058,-82.0454
"762",NA,44,"Cranberry","Ozone","Avery",36.1058,-82.0454
"763",NA,43,"Cranberry","Ozone","Avery",36.1058,-82.0454
"764",NA,39,"Cranberry","Ozone","Avery",36.1058,-82.0454
"765",NA,34,"Cranberry","Ozone","Avery",36.1058,-82.0454
"766",8-01-20,32,"Cranberry","Ozone","Avery",36.1058,-82.0454
"767",8-02-20,33,"Cranberry","Ozone","Avery",36.1058,-82.0454
"768",8-03-20,39,"Cranberry","Ozone","Avery",36.1058,-82.0454
"769",8-04-20,39,"Cranberry","Ozone","Avery",36.1058,-82.0454
"770",8-05-20,31,"Cranberry","Ozone","Avery",36.1058,-82.0454
"771",8-06-20,41,"Cranberry","Ozone","Avery",36.1058,-82.0454
"772",8-07-20,42,"Cranberry","Ozone","Avery",36.1058,-82.0454
"773",8-08-20,43,"Cranberry","Ozone","Avery",36.1058,-82.0454
"774",8-09-20,44,"Cranberry","Ozone","Avery",36.1058,-82.0454
"775",8-10-20,40,"Cranberry","Ozone","Avery",36.1058,-82.0454
"776",8-11-20,31,"Cranberry","Ozone","Avery",36.1058,-82.0454
"777",8-12-20,36,"Cranberry","Ozone","Avery",36.1058,-82.0454
"778",NA,38,"Cranberry","Ozone","Avery",36.1058,-82.0454
"779",NA,41,"Cranberry","Ozone","Avery",36.1058,-82.0454
"780",NA,41,"Cranberry","Ozone","Avery",36.1058,-82.0454
"781",NA,40,"Cranberry","Ozone","Avery",36.1058,-82.0454
"782",NA,41,"Cranberry","Ozone","Avery",36.1058,-82.0454
"783",NA,41,"Cranberry","Ozone","Avery",36.1058,-82.0454
"784",NA,41,"Cranberry","Ozone","Avery",36.1058,-82.0454
"785",NA,37,"Cranberry","Ozone","Avery",36.1058,-82.0454
"786",NA,39,"Cranberry","Ozone","Avery",36.1058,-82.0454
"787",NA,36,"Cranberry","Ozone","Avery",36.1058,-82.0454
"788",NA,37,"Cranberry","Ozone","Avery",36.1058,-82.0454
"789",NA,27,"Cranberry","Ozone","Avery",36.1058,-82.0454
"790",NA,30,"Cranberry","Ozone","Avery",36.1058,-82.0454
"791",NA,31,"Cranberry","Ozone","Avery",36.1058,-82.0454
"792",NA,25,"Cranberry","Ozone","Avery",36.1058,-82.0454
"793",NA,38,"Cranberry","Ozone","Avery",36.1058,-82.0454
"794",NA,40,"Cranberry","Ozone","Avery",36.1058,-82.0454
"795",NA,38,"Cranberry","Ozone","Avery",36.1058,-82.0454
"796",NA,44,"Cranberry","Ozone","Avery",36.1058,-82.0454
"797",9-01-20,43,"Cranberry","Ozone","Avery",36.1058,-82.0454
"798",9-02-20,39,"Cranberry","Ozone","Avery",36.1058,-82.0454
"799",9-03-20,37,"Cranberry","Ozone","Avery",36.1058,-82.0454
"800",9-04-20,40,"Cranberry","Ozone","Avery",36.1058,-82.0454
"801",9-05-20,40,"Cranberry","Ozone","Avery",36.1058,-82.0454
"802",9-06-20,47,"Cranberry","Ozone","Avery",36.1058,-82.0454
"803",9-07-20,44,"Cranberry","Ozone","Avery",36.1058,-82.0454
"804",9-08-20,41,"Cranberry","Ozone","Avery",36.1058,-82.0454
"805",9-09-20,47,"Cranberry","Ozone","Avery",36.1058,-82.0454
"806",9-10-20,47,"Cranberry","Ozone","Avery",36.1058,-82.0454
"807",9-11-20,46,"Cranberry","Ozone","Avery",36.1058,-82.0454
"808",9-12-20,46,"Cranberry","Ozone","Avery",36.1058,-82.0454
"809",NA,43,"Cranberry","Ozone","Avery",36.1058,-82.0454
"810",NA,41,"Cranberry","Ozone","Avery",36.1058,-82.0454
"811",NA,42,"Cranberry","Ozone","Avery",36.1058,-82.0454
"812",NA,47,"Cranberry","Ozone","Avery",36.1058,-82.0454
"813",NA,49,"Cranberry","Ozone","Avery",36.1058,-82.0454
"814",NA,35,"Cranberry","Ozone","Avery",36.1058,-82.0454
"815",NA,31,"Cranberry","Ozone","Avery",36.1058,-82.0454
"816",NA,40,"Cranberry","Ozone","Avery",36.1058,-82.0454
"817",NA,42,"Cranberry","Ozone","Avery",36.1058,-82.0454
"818",NA,47,"Cranberry","Ozone","Avery",36.1058,-82.0454
"819",NA,43,"Cranberry","Ozone","Avery",36.1058,-82.0454
"820",NA,44,"Cranberry","Ozone","Avery",36.1058,-82.0454
"821",NA,44,"Cranberry","Ozone","Avery",36.1058,-82.0454
"822",NA,41,"Cranberry","Ozone","Avery",36.1058,-82.0454
"823",NA,41,"Cranberry","Ozone","Avery",36.1058,-82.0454
"824",NA,43,"Cranberry","Ozone","Avery",36.1058,-82.0454
"825",NA,40,"Cranberry","Ozone","Avery",36.1058,-82.0454
"826",NA,40,"Cranberry","Ozone","Avery",36.1058,-82.0454
"827",10-01-20,44,"Cranberry","Ozone","Avery",36.1058,-82.0454
"828",10-02-20,49,"Cranberry","Ozone","Avery",36.1058,-82.0454
"829",10-03-20,45,"Cranberry","Ozone","Avery",36.1058,-82.0454
"830",10-04-20,49,"Cranberry","Ozone","Avery",36.1058,-82.0454
"831",10-05-20,40,"Cranberry","Ozone","Avery",36.1058,-82.0454
"832",10-06-20,35,"Cranberry","Ozone","Avery",36.1058,-82.0454
"833",10-07-20,34,"Cranberry","Ozone","Avery",36.1058,-82.0454
"834",10-08-20,26,"Cranberry","Ozone","Avery",36.1058,-82.0454
"835",10-09-20,27,"Cranberry","Ozone","Avery",36.1058,-82.0454
"836",10-10-20,34,"Cranberry","Ozone","Avery",36.1058,-82.0454
"837",10-11-20,40,"Cranberry","Ozone","Avery",36.1058,-82.0454
"838",10-12-20,38,"Cranberry","Ozone","Avery",36.1058,-82.0454
"839",NA,36,"Cranberry","Ozone","Avery",36.1058,-82.0454
"840",NA,44,"Cranberry","Ozone","Avery",36.1058,-82.0454
"841",NA,46,"Cranberry","Ozone","Avery",36.1058,-82.0454
"842",NA,36,"Cranberry","Ozone","Avery",36.1058,-82.0454
"843",NA,34,"Cranberry","Ozone","Avery",36.1058,-82.0454
"844",NA,38,"Cranberry","Ozone","Avery",36.1058,-82.0454
"845",NA,40,"Cranberry","Ozone","Avery",36.1058,-82.0454
"846",NA,34,"Cranberry","Ozone","Avery",36.1058,-82.0454
"847",NA,31,"Cranberry","Ozone","Avery",36.1058,-82.0454
"848",NA,38,"Cranberry","Ozone","Avery",36.1058,-82.0454
"849",NA,40,"Cranberry","Ozone","Avery",36.1058,-82.0454
"850",NA,33,"Cranberry","Ozone","Avery",36.1058,-82.0454
"851",NA,40,"Cranberry","Ozone","Avery",36.1058,-82.0454
"852",NA,44,"Cranberry","Ozone","Avery",36.1058,-82.0454
"853",NA,29,"Cranberry","Ozone","Avery",36.1058,-82.0454
"854",NA,28,"Cranberry","Ozone","Avery",36.1058,-82.0454
"855",11-01-20,28,"Cranberry","Ozone","Avery",36.1058,-82.0454
"856",11-02-20,35,"Cranberry","Ozone","Avery",36.1058,-82.0454
"857",11-03-20,33,"Cranberry","Ozone","Avery",36.1058,-82.0454
"858",11-04-20,40,"Cranberry","Ozone","Avery",36.1058,-82.0454
"859",11-05-20,41,"Cranberry","Ozone","Avery",36.1058,-82.0454
"860",11-06-20,40,"Cranberry","Ozone","Avery",36.1058,-82.0454
"861",11-07-20,38,"Cranberry","Ozone","Avery",36.1058,-82.0454
"862",11-08-20,34,"Cranberry","Ozone","Avery",36.1058,-82.0454
"863",11-09-20,39,"Cranberry","Ozone","Avery",36.1058,-82.0454
"864",11-10-20,40,"Cranberry","Ozone","Avery",36.1058,-82.0454
"865",11-11-20,41,"Cranberry","Ozone","Avery",36.1058,-82.0454
"866",11-12-20,38,"Cranberry","Ozone","Avery",36.1058,-82.0454
"867",NA,42,"Cranberry","Ozone","Avery",36.1058,-82.0454
"868",NA,39,"Cranberry","Ozone","Avery",36.1058,-82.0454
"869",NA,41,"Cranberry","Ozone","Avery",36.1058,-82.0454
"870",NA,44,"Cranberry","Ozone","Avery",36.1058,-82.0454
"871",NA,36,"Cranberry","Ozone","Avery",36.1058,-82.0454
"872",NA,41,"Cranberry","Ozone","Avery",36.1058,-82.0454
"873",NA,37,"Cranberry","Ozone","Avery",36.1058,-82.0454
"874",NA,30,"Cranberry","Ozone","Avery",36.1058,-82.0454
"875",NA,40,"Cranberry","Ozone","Avery",36.1058,-82.0454
"876",NA,43,"Cranberry","Ozone","Avery",36.1058,-82.0454
"877",NA,28,"Cranberry","Ozone","Avery",36.1058,-82.0454
"878",NA,40,"Cranberry","Ozone","Avery",36.1058,-82.0454
"879",NA,40,"Cranberry","Ozone","Avery",36.1058,-82.0454
"880",NA,40,"Cranberry","Ozone","Avery",36.1058,-82.0454
"881",NA,42,"Cranberry","Ozone","Avery",36.1058,-82.0454
"882",NA,43,"Cranberry","Ozone","Avery",36.1058,-82.0454
"883",NA,44,"Cranberry","Ozone","Avery",36.1058,-82.0454
"884",NA,31,"Cranberry","Ozone","Avery",36.1058,-82.0454
"885",12-01-20,40,"Cranberry","Ozone","Avery",36.1058,-82.0454
"886",12-02-20,27,"Cranberry","Ozone","Avery",36.1058,-82.0454
"887",12-03-20,43,"Cranberry","Ozone","Avery",36.1058,-82.0454
"888",12-04-20,39,"Cranberry","Ozone","Avery",36.1058,-82.0454
"889",12-05-20,39,"Cranberry","Ozone","Avery",36.1058,-82.0454
"890",12-06-20,39,"Cranberry","Ozone","Avery",36.1058,-82.0454
"891",12-07-20,42,"Cranberry","Ozone","Avery",36.1058,-82.0454
"892",12-08-20,39,"Cranberry","Ozone","Avery",36.1058,-82.0454
"893",12-09-20,38,"Cranberry","Ozone","Avery",36.1058,-82.0454
"894",12-11-20,42,"Cranberry","Ozone","Avery",36.1058,-82.0454
"895",12-12-20,36,"Cranberry","Ozone","Avery",36.1058,-82.0454
"896",NA,37,"Cranberry","Ozone","Avery",36.1058,-82.0454
"897",NA,40,"Cranberry","Ozone","Avery",36.1058,-82.0454
"898",NA,40,"Cranberry","Ozone","Avery",36.1058,-82.0454
"899",NA,34,"Cranberry","Ozone","Avery",36.1058,-82.0454
"900",NA,38,"Cranberry","Ozone","Avery",36.1058,-82.0454
"901",NA,44,"Cranberry","Ozone","Avery",36.1058,-82.0454
"902",NA,38,"Cranberry","Ozone","Avery",36.1058,-82.0454
"903",NA,35,"Cranberry","Ozone","Avery",36.1058,-82.0454
"904",NA,36,"Cranberry","Ozone","Avery",36.1058,-82.0454
"905",NA,37,"Cranberry","Ozone","Avery",36.1058,-82.0454
"906",NA,37,"Cranberry","Ozone","Avery",36.1058,-82.0454
"907",NA,31,"Cranberry","Ozone","Avery",36.1058,-82.0454
"908",NA,41,"Cranberry","Ozone","Avery",36.1058,-82.0454
"909",NA,36,"Bent Creek","Ozone","Buncombe",35.500102002749,-82.5998603096712
"910",NA,31,"Bent Creek","Ozone","Buncombe",35.500102002749,-82.5998603096712
"911",NA,44,"Bent Creek","Ozone","Buncombe",35.500102002749,-82.5998603096712
"912",NA,42,"Bent Creek","Ozone","Buncombe",35.500102002749,-82.5998603096712
"913",NA,44,"Bent Creek","Ozone","Buncombe",35.500102002749,-82.5998603096712
"914",NA,36,"Bent Creek","Ozone","Buncombe",35.500102002749,-82.5998603096712
"915",NA,31,"Bent Creek","Ozone","Buncombe",35.500102002749,-82.5998603096712
"916",3-01-20,19,"Bent Creek","Ozone","Buncombe",35.500102002749,-82.5998603096712
"917",3-02-20,30,"Bent Creek","Ozone","Buncombe",35.500102002749,-82.5998603096712
"918",3-03-20,22,"Bent Creek","Ozone","Buncombe",35.500102002749,-82.5998603096712
"919",3-04-20,36,"Bent Creek","Ozone","Buncombe",35.500102002749,-82.5998603096712
"920",3-05-20,40,"Bent Creek","Ozone","Buncombe",35.500102002749,-82.5998603096712
"921",3-06-20,42,"Bent Creek","Ozone","Buncombe",35.500102002749,-82.5998603096712
"922",3-07-20,45,"Bent Creek","Ozone","Buncombe",35.500102002749,-82.5998603096712
"923",3-08-20,35,"Bent Creek","Ozone","Buncombe",35.500102002749,-82.5998603096712
"924",3-09-20,32,"Bent Creek","Ozone","Buncombe",35.500102002749,-82.5998603096712
"925",3-10-20,44,"Bent Creek","Ozone","Buncombe",35.500102002749,-82.5998603096712
"926",3-11-20,34,"Bent Creek","Ozone","Buncombe",35.500102002749,-82.5998603096712
"927",3-12-20,45,"Bent Creek","Ozone","Buncombe",35.500102002749,-82.5998603096712
"928",NA,50,"Bent Creek","Ozone","Buncombe",35.500102002749,-82.5998603096712
"929",NA,43,"Bent Creek","Ozone","Buncombe",35.500102002749,-82.5998603096712
"930",NA,44,"Bent Creek","Ozone","Buncombe",35.500102002749,-82.5998603096712
"931",NA,43,"Bent Creek","Ozone","Buncombe",35.500102002749,-82.5998603096712
"932",NA,45,"Bent Creek","Ozone","Buncombe",35.500102002749,-82.5998603096712
"933",NA,46,"Bent Creek","Ozone","Buncombe",35.500102002749,-82.5998603096712
"934",NA,49,"Bent Creek","Ozone","Buncombe",35.500102002749,-82.5998603096712
"935",NA,61,"Bent Creek","Ozone","Buncombe",35.500102002749,-82.5998603096712
"936",NA,50,"Bent Creek","Ozone","Buncombe",35.500102002749,-82.5998603096712
"937",NA,48,"Bent Creek","Ozone","Buncombe",35.500102002749,-82.5998603096712
"938",NA,49,"Bent Creek","Ozone","Buncombe",35.500102002749,-82.5998603096712
"939",NA,74,"Bent Creek","Ozone","Buncombe",35.500102002749,-82.5998603096712
"940",NA,34,"Bent Creek","Ozone","Buncombe",35.500102002749,-82.5998603096712
"941",NA,34,"Bent Creek","Ozone","Buncombe",35.500102002749,-82.5998603096712
"942",NA,47,"Bent Creek","Ozone","Buncombe",35.500102002749,-82.5998603096712
"943",NA,58,"Bent Creek","Ozone","Buncombe",35.500102002749,-82.5998603096712
"944",NA,64,"Bent Creek","Ozone","Buncombe",35.500102002749,-82.5998603096712
"945",NA,51,"Bent Creek","Ozone","Buncombe",35.500102002749,-82.5998603096712
"946",NA,43,"Bent Creek","Ozone","Buncombe",35.500102002749,-82.5998603096712
"947",4-01-20,47,"Bent Creek","Ozone","Buncombe",35.500102002749,-82.5998603096712
"948",4-02-20,46,"Bent Creek","Ozone","Buncombe",35.500102002749,-82.5998603096712
"949",4-03-20,54,"Bent Creek","Ozone","Buncombe",35.500102002749,-82.5998603096712
"950",4-04-20,64,"Bent Creek","Ozone","Buncombe",35.500102002749,-82.5998603096712
"951",4-05-20,41,"Bent Creek","Ozone","Buncombe",35.500102002749,-82.5998603096712
"952",4-06-20,44,"Bent Creek","Ozone","Buncombe",35.500102002749,-82.5998603096712
"953",4-07-20,39,"Bent Creek","Ozone","Buncombe",35.500102002749,-82.5998603096712
"954",4-08-20,27,"Bent Creek","Ozone","Buncombe",35.500102002749,-82.5998603096712
"955",4-09-20,42,"Bent Creek","Ozone","Buncombe",35.500102002749,-82.5998603096712
"956",4-10-20,47,"Bent Creek","Ozone","Buncombe",35.500102002749,-82.5998603096712
"957",4-11-20,54,"Bent Creek","Ozone","Buncombe",35.500102002749,-82.5998603096712
"958",4-12-20,42,"Bent Creek","Ozone","Buncombe",35.500102002749,-82.5998603096712
"959",NA,40,"Bent Creek","Ozone","Buncombe",35.500102002749,-82.5998603096712
"960",NA,40,"Bent Creek","Ozone","Buncombe",35.500102002749,-82.5998603096712
"961",NA,46,"Bent Creek","Ozone","Buncombe",35.500102002749,-82.5998603096712
"962",NA,48,"Bent Creek","Ozone","Buncombe",35.500102002749,-82.5998603096712
"963",NA,84,"Bent Creek","Ozone","Buncombe",35.500102002749,-82.5998603096712
"964",NA,48,"Bent Creek","Ozone","Buncombe",35.500102002749,-82.5998603096712
"965",NA,27,"Bent Creek","Ozone","Buncombe",35.500102002749,-82.5998603096712
"966",NA,40,"Bent Creek","Ozone","Buncombe",35.500102002749,-82.5998603096712
"967",NA,43,"Bent Creek","Ozone","Buncombe",35.500102002749,-82.5998603096712
"968",NA,48,"Bent Creek","Ozone","Buncombe",35.500102002749,-82.5998603096712
"969",NA,47,"Bent Creek","Ozone","Buncombe",35.500102002749,-82.5998603096712
"970",NA,42,"Bent Creek","Ozone","Buncombe",35.500102002749,-82.5998603096712
"971",NA,58,"Bent Creek","Ozone","Buncombe",35.500102002749,-82.5998603096712
"972",NA,54,"Bent Creek","Ozone","Buncombe",35.500102002749,-82.5998603096712
"973",NA,51,"Bent Creek","Ozone","Buncombe",35.500102002749,-82.5998603096712
"974",NA,48,"Bent Creek","Ozone","Buncombe",35.500102002749,-82.5998603096712
"975",NA,51,"Bent Creek","Ozone","Buncombe",35.500102002749,-82.5998603096712
"976",5-01-20,37,"Bent Creek","Ozone","Buncombe",35.500102002749,-82.5998603096712
"977",5-02-20,38,"Bent Creek","Ozone","Buncombe",35.500102002749,-82.5998603096712
"978",5-03-20,28,"Bent Creek","Ozone","Buncombe",35.500102002749,-82.5998603096712
"979",5-04-20,26,"Bent Creek","Ozone","Buncombe",35.500102002749,-82.5998603096712
"980",5-05-20,33,"Bent Creek","Ozone","Buncombe",35.500102002749,-82.5998603096712
"981",5-06-20,40,"Bent Creek","Ozone","Buncombe",35.500102002749,-82.5998603096712
"982",5-07-20,43,"Bent Creek","Ozone","Buncombe",35.500102002749,-82.5998603096712
"983",5-08-20,42,"Bent Creek","Ozone","Buncombe",35.500102002749,-82.5998603096712
"984",5-09-20,45,"Bent Creek","Ozone","Buncombe",35.500102002749,-82.5998603096712
"985",5-10-20,31,"Bent Creek","Ozone","Buncombe",35.500102002749,-82.5998603096712
"986",5-11-20,21,"Bent Creek","Ozone","Buncombe",35.500102002749,-82.5998603096712
"987",5-12-20,29,"Bent Creek","Ozone","Buncombe",35.500102002749,-82.5998603096712
"988",NA,38,"Bent Creek","Ozone","Buncombe",35.500102002749,-82.5998603096712
"989",NA,44,"Bent Creek","Ozone","Buncombe",35.500102002749,-82.5998603096712
"990",NA,40,"Bent Creek","Ozone","Buncombe",35.500102002749,-82.5998603096712
"991",NA,49,"Bent Creek","Ozone","Buncombe",35.500102002749,-82.5998603096712
"992",NA,46,"Bent Creek","Ozone","Buncombe",35.500102002749,-82.5998603096712
"993",NA,47,"Bent Creek","Ozone","Buncombe",35.500102002749,-82.5998603096712
"994",NA,47,"Bent Creek","Ozone","Buncombe",35.500102002749,-82.5998603096712
"995",NA,44,"Bent Creek","Ozone","Buncombe",35.500102002749,-82.5998603096712
"996",NA,45,"Bent Creek","Ozone","Buncombe",35.500102002749,-82.5998603096712
"997",NA,44,"Bent Creek","Ozone","Buncombe",35.500102002749,-82.5998603096712
"998",NA,41,"Bent Creek","Ozone","Buncombe",35.500102002749,-82.5998603096712
"999",NA,44,"Bent Creek","Ozone","Buncombe",35.500102002749,-82.5998603096712
"1000",NA,44,"Bent Creek","Ozone","Buncombe",35.500102002749,-82.5998603096712
"1001",NA,40,"Bent Creek","Ozone","Buncombe",35.500102002749,-82.5998603096712
"1002",NA,44,"Bent Creek","Ozone","Buncombe",35.500102002749,-82.5998603096712
"1003",NA,40,"Bent Creek","Ozone","Buncombe",35.500102002749,-82.5998603096712
"1004",NA,40,"Bent Creek","Ozone","Buncombe",35.500102002749,-82.5998603096712
"1005",NA,47,"Bent Creek","Ozone","Buncombe",35.500102002749,-82.5998603096712
"1006",NA,44,"Bent Creek","Ozone","Buncombe",35.500102002749,-82.5998603096712
"1007",6-01-20,51,"Bent Creek","Ozone","Buncombe",35.500102002749,-82.5998603096712
"1008",6-02-20,51,"Bent Creek","Ozone","Buncombe",35.500102002749,-82.5998603096712
"1009",6-03-20,49,"Bent Creek","Ozone","Buncombe",35.500102002749,-82.5998603096712
"1010",6-04-20,50,"Bent Creek","Ozone","Buncombe",35.500102002749,-82.5998603096712
"1011",6-05-20,32,"Bent Creek","Ozone","Buncombe",35.500102002749,-82.5998603096712
"1012",6-06-20,31,"Bent Creek","Ozone","Buncombe",35.500102002749,-82.5998603096712
"1013",6-07-20,20,"Bent Creek","Ozone","Buncombe",35.500102002749,-82.5998603096712
"1014",6-08-20,31,"Bent Creek","Ozone","Buncombe",35.500102002749,-82.5998603096712
"1015",6-09-20,31,"Bent Creek","Ozone","Buncombe",35.500102002749,-82.5998603096712
"1016",6-10-20,36,"Bent Creek","Ozone","Buncombe",35.500102002749,-82.5998603096712
"1017",6-11-20,38,"Bent Creek","Ozone","Buncombe",35.500102002749,-82.5998603096712
"1018",6-12-20,43,"Bent Creek","Ozone","Buncombe",35.500102002749,-82.5998603096712
"1019",NA,44,"Bent Creek","Ozone","Buncombe",35.500102002749,-82.5998603096712
"1020",NA,44,"Bent Creek","Ozone","Buncombe",35.500102002749,-82.5998603096712
"1021",NA,46,"Bent Creek","Ozone","Buncombe",35.500102002749,-82.5998603096712
"1022",NA,41,"Bent Creek","Ozone","Buncombe",35.500102002749,-82.5998603096712
"1023",NA,35,"Bent Creek","Ozone","Buncombe",35.500102002749,-82.5998603096712
"1024",NA,20,"Bent Creek","Ozone","Buncombe",35.500102002749,-82.5998603096712
"1025",NA,23,"Bent Creek","Ozone","Buncombe",35.500102002749,-82.5998603096712
"1026",NA,47,"Bent Creek","Ozone","Buncombe",35.500102002749,-82.5998603096712
"1027",NA,43,"Bent Creek","Ozone","Buncombe",35.500102002749,-82.5998603096712
"1028",NA,31,"Bent Creek","Ozone","Buncombe",35.500102002749,-82.5998603096712
"1029",NA,33,"Bent Creek","Ozone","Buncombe",35.500102002749,-82.5998603096712
"1030",NA,23,"Bent Creek","Ozone","Buncombe",35.500102002749,-82.5998603096712
"1031",NA,39,"Bent Creek","Ozone","Buncombe",35.500102002749,-82.5998603096712
"1032",NA,40,"Bent Creek","Ozone","Buncombe",35.500102002749,-82.5998603096712
"1033",NA,47,"Bent Creek","Ozone","Buncombe",35.500102002749,-82.5998603096712
"1034",NA,71,"Bent Creek","Ozone","Buncombe",35.500102002749,-82.5998603096712
"1035",NA,74,"Bent Creek","Ozone","Buncombe",35.500102002749,-82.5998603096712
"1036",NA,43,"Bent Creek","Ozone","Buncombe",35.500102002749,-82.5998603096712
"1037",7-01-20,45,"Bent Creek","Ozone","Buncombe",35.500102002749,-82.5998603096712
"1038",7-02-20,42,"Bent Creek","Ozone","Buncombe",35.500102002749,-82.5998603096712
"1039",7-03-20,39,"Bent Creek","Ozone","Buncombe",35.500102002749,-82.5998603096712
"1040",7-04-20,39,"Bent Creek","Ozone","Buncombe",35.500102002749,-82.5998603096712
"1041",7-05-20,31,"Bent Creek","Ozone","Buncombe",35.500102002749,-82.5998603096712
"1042",7-06-20,31,"Bent Creek","Ozone","Buncombe",35.500102002749,-82.5998603096712
"1043",7-07-20,29,"Bent Creek","Ozone","Buncombe",35.500102002749,-82.5998603096712
"1044",7-08-20,43,"Bent Creek","Ozone","Buncombe",35.500102002749,-82.5998603096712
"1045",7-09-20,37,"Bent Creek","Ozone","Buncombe",35.500102002749,-82.5998603096712
"1046",7-10-20,46,"Bent Creek","Ozone","Buncombe",35.500102002749,-82.5998603096712
"1047",7-11-20,31,"Bent Creek","Ozone","Buncombe",35.500102002749,-82.5998603096712
"1048",7-12-20,31,"Bent Creek","Ozone","Buncombe",35.500102002749,-82.5998603096712
"1049",NA,20,"Bent Creek","Ozone","Buncombe",35.500102002749,-82.5998603096712
"1050",NA,31,"Bent Creek","Ozone","Buncombe",35.500102002749,-82.5998603096712
"1051",NA,36,"Bent Creek","Ozone","Buncombe",35.500102002749,-82.5998603096712
"1052",NA,24,"Bent Creek","Ozone","Buncombe",35.500102002749,-82.5998603096712
"1053",NA,23,"Bent Creek","Ozone","Buncombe",35.500102002749,-82.5998603096712
"1054",NA,36,"Bent Creek","Ozone","Buncombe",35.500102002749,-82.5998603096712
"1055",NA,35,"Bent Creek","Ozone","Buncombe",35.500102002749,-82.5998603096712
"1056",NA,37,"Bent Creek","Ozone","Buncombe",35.500102002749,-82.5998603096712
"1057",NA,31,"Bent Creek","Ozone","Buncombe",35.500102002749,-82.5998603096712
"1058",NA,23,"Bent Creek","Ozone","Buncombe",35.500102002749,-82.5998603096712
"1059",NA,31,"Bent Creek","Ozone","Buncombe",35.500102002749,-82.5998603096712
"1060",NA,41,"Bent Creek","Ozone","Buncombe",35.500102002749,-82.5998603096712
"1061",NA,46,"Bent Creek","Ozone","Buncombe",35.500102002749,-82.5998603096712
"1062",NA,54,"Bent Creek","Ozone","Buncombe",35.500102002749,-82.5998603096712
"1063",NA,47,"Bent Creek","Ozone","Buncombe",35.500102002749,-82.5998603096712
"1064",NA,44,"Bent Creek","Ozone","Buncombe",35.500102002749,-82.5998603096712
"1065",NA,43,"Bent Creek","Ozone","Buncombe",35.500102002749,-82.5998603096712
"1066",NA,45,"Bent Creek","Ozone","Buncombe",35.500102002749,-82.5998603096712
"1067",NA,39,"Bent Creek","Ozone","Buncombe",35.500102002749,-82.5998603096712
"1068",8-01-20,32,"Bent Creek","Ozone","Buncombe",35.500102002749,-82.5998603096712
"1069",8-02-20,31,"Bent Creek","Ozone","Buncombe",35.500102002749,-82.5998603096712
"1070",8-03-20,40,"Bent Creek","Ozone","Buncombe",35.500102002749,-82.5998603096712
"1071",8-04-20,39,"Bent Creek","Ozone","Buncombe",35.500102002749,-82.5998603096712
"1072",8-05-20,47,"Bent Creek","Ozone","Buncombe",35.500102002749,-82.5998603096712
"1073",8-06-20,41,"Bent Creek","Ozone","Buncombe",35.500102002749,-82.5998603096712
"1074",8-07-20,42,"Bent Creek","Ozone","Buncombe",35.500102002749,-82.5998603096712
"1075",8-08-20,39,"Bent Creek","Ozone","Buncombe",35.500102002749,-82.5998603096712
"1076",8-09-20,40,"Bent Creek","Ozone","Buncombe",35.500102002749,-82.5998603096712
"1077",8-10-20,28,"Bent Creek","Ozone","Buncombe",35.500102002749,-82.5998603096712
"1078",8-11-20,37,"Bent Creek","Ozone","Buncombe",35.500102002749,-82.5998603096712
"1079",8-12-20,35,"Bent Creek","Ozone","Buncombe",35.500102002749,-82.5998603096712
"1080",NA,41,"Bent Creek","Ozone","Buncombe",35.500102002749,-82.5998603096712
"1081",NA,34,"Bent Creek","Ozone","Buncombe",35.500102002749,-82.5998603096712
"1082",NA,44,"Bent Creek","Ozone","Buncombe",35.500102002749,-82.5998603096712
"1083",NA,44,"Bent Creek","Ozone","Buncombe",35.500102002749,-82.5998603096712
"1084",NA,44,"Bent Creek","Ozone","Buncombe",35.500102002749,-82.5998603096712
"1085",NA,41,"Bent Creek","Ozone","Buncombe",35.500102002749,-82.5998603096712
"1086",NA,40,"Bent Creek","Ozone","Buncombe",35.500102002749,-82.5998603096712
"1087",NA,37,"Bent Creek","Ozone","Buncombe",35.500102002749,-82.5998603096712
"1088",NA,43,"Bent Creek","Ozone","Buncombe",35.500102002749,-82.5998603096712
"1089",NA,31,"Bent Creek","Ozone","Buncombe",35.500102002749,-82.5998603096712
"1090",NA,24,"Bent Creek","Ozone","Buncombe",35.500102002749,-82.5998603096712
"1091",NA,25,"Bent Creek","Ozone","Buncombe",35.500102002749,-82.5998603096712
"1092",NA,27,"Bent Creek","Ozone","Buncombe",35.500102002749,-82.5998603096712
"1093",NA,31,"Bent Creek","Ozone","Buncombe",35.500102002749,-82.5998603096712
"1094",NA,21,"Bent Creek","Ozone","Buncombe",35.500102002749,-82.5998603096712
"1095",NA,37,"Bent Creek","Ozone","Buncombe",35.500102002749,-82.5998603096712
"1096",NA,38,"Bent Creek","Ozone","Buncombe",35.500102002749,-82.5998603096712
"1097",NA,47,"Bent Creek","Ozone","Buncombe",35.500102002749,-82.5998603096712
"1098",NA,58,"Bent Creek","Ozone","Buncombe",35.500102002749,-82.5998603096712
"1099",9-01-20,42,"Bent Creek","Ozone","Buncombe",35.500102002749,-82.5998603096712
"1100",9-02-20,38,"Bent Creek","Ozone","Buncombe",35.500102002749,-82.5998603096712
"1101",9-03-20,46,"Bent Creek","Ozone","Buncombe",35.500102002749,-82.5998603096712
"1102",9-04-20,37,"Bent Creek","Ozone","Buncombe",35.500102002749,-82.5998603096712
"1103",9-05-20,44,"Bent Creek","Ozone","Buncombe",35.500102002749,-82.5998603096712
"1104",9-06-20,44,"Bent Creek","Ozone","Buncombe",35.500102002749,-82.5998603096712
"1105",9-07-20,44,"Bent Creek","Ozone","Buncombe",35.500102002749,-82.5998603096712
"1106",9-08-20,41,"Bent Creek","Ozone","Buncombe",35.500102002749,-82.5998603096712
"1107",9-09-20,51,"Bent Creek","Ozone","Buncombe",35.500102002749,-82.5998603096712
"1108",9-10-20,58,"Bent Creek","Ozone","Buncombe",35.500102002749,-82.5998603096712
"1109",9-11-20,49,"Bent Creek","Ozone","Buncombe",35.500102002749,-82.5998603096712
"1110",9-12-20,45,"Bent Creek","Ozone","Buncombe",35.500102002749,-82.5998603096712
"1111",NA,49,"Bent Creek","Ozone","Buncombe",35.500102002749,-82.5998603096712
"1112",NA,38,"Bent Creek","Ozone","Buncombe",35.500102002749,-82.5998603096712
"1113",NA,40,"Bent Creek","Ozone","Buncombe",35.500102002749,-82.5998603096712
"1114",NA,44,"Bent Creek","Ozone","Buncombe",35.500102002749,-82.5998603096712
"1115",NA,47,"Bent Creek","Ozone","Buncombe",35.500102002749,-82.5998603096712
"1116",NA,35,"Bent Creek","Ozone","Buncombe",35.500102002749,-82.5998603096712
"1117",NA,32,"Bent Creek","Ozone","Buncombe",35.500102002749,-82.5998603096712
"1118",NA,45,"Bent Creek","Ozone","Buncombe",35.500102002749,-82.5998603096712
"1119",NA,48,"Bent Creek","Ozone","Buncombe",35.500102002749,-82.5998603096712
"1120",NA,43,"Bent Creek","Ozone","Buncombe",35.500102002749,-82.5998603096712
"1121",NA,39,"Bent Creek","Ozone","Buncombe",35.500102002749,-82.5998603096712
"1122",NA,41,"Bent Creek","Ozone","Buncombe",35.500102002749,-82.5998603096712
"1123",NA,58,"Bent Creek","Ozone","Buncombe",35.500102002749,-82.5998603096712
"1124",NA,40,"Bent Creek","Ozone","Buncombe",35.500102002749,-82.5998603096712
"1125",NA,43,"Bent Creek","Ozone","Buncombe",35.500102002749,-82.5998603096712
"1126",NA,35,"Bent Creek","Ozone","Buncombe",35.500102002749,-82.5998603096712
"1127",NA,42,"Bent Creek","Ozone","Buncombe",35.500102002749,-82.5998603096712
"1128",NA,35,"Bent Creek","Ozone","Buncombe",35.500102002749,-82.5998603096712
"1129",10-01-20,41,"Bent Creek","Ozone","Buncombe",35.500102002749,-82.5998603096712
"1130",10-02-20,44,"Bent Creek","Ozone","Buncombe",35.500102002749,-82.5998603096712
"1131",10-03-20,44,"Bent Creek","Ozone","Buncombe",35.500102002749,-82.5998603096712
"1132",10-04-20,44,"Bent Creek","Ozone","Buncombe",35.500102002749,-82.5998603096712
"1133",10-05-20,34,"Bent Creek","Ozone","Buncombe",35.500102002749,-82.5998603096712
"1134",10-06-20,25,"Bent Creek","Ozone","Buncombe",35.500102002749,-82.5998603096712
"1135",10-07-20,31,"Bent Creek","Ozone","Buncombe",35.500102002749,-82.5998603096712
"1136",10-08-20,19,"Bent Creek","Ozone","Buncombe",35.500102002749,-82.5998603096712
"1137",10-09-20,26,"Bent Creek","Ozone","Buncombe",35.500102002749,-82.5998603096712
"1138",10-10-20,39,"Bent Creek","Ozone","Buncombe",35.500102002749,-82.5998603096712
"1139",10-11-20,36,"Bent Creek","Ozone","Buncombe",35.500102002749,-82.5998603096712
"1140",10-12-20,32,"Bent Creek","Ozone","Buncombe",35.500102002749,-82.5998603096712
"1141",NA,11,"Bent Creek","Ozone","Buncombe",35.500102002749,-82.5998603096712
"1142",NA,38,"Bent Creek","Ozone","Buncombe",35.500102002749,-82.5998603096712
"1143",NA,42,"Bent Creek","Ozone","Buncombe",35.500102002749,-82.5998603096712
"1144",NA,35,"Bent Creek","Ozone","Buncombe",35.500102002749,-82.5998603096712
"1145",NA,32,"Bent Creek","Ozone","Buncombe",35.500102002749,-82.5998603096712
"1146",NA,37,"Bent Creek","Ozone","Buncombe",35.500102002749,-82.5998603096712
"1147",NA,31,"Bent Creek","Ozone","Buncombe",35.500102002749,-82.5998603096712
"1148",NA,30,"Bent Creek","Ozone","Buncombe",35.500102002749,-82.5998603096712
"1149",NA,23,"Bent Creek","Ozone","Buncombe",35.500102002749,-82.5998603096712
"1150",NA,31,"Bent Creek","Ozone","Buncombe",35.500102002749,-82.5998603096712
"1151",NA,33,"Bent Creek","Ozone","Buncombe",35.500102002749,-82.5998603096712
"1152",NA,42,"Bent Creek","Ozone","Buncombe",35.500102002749,-82.5998603096712
"1153",NA,27,"Bent Creek","Ozone","Buncombe",35.500102002749,-82.5998603096712
"1154",NA,28,"Bent Creek","Ozone","Buncombe",35.500102002749,-82.5998603096712
"1155",NA,30,"Bent Creek","Ozone","Buncombe",35.500102002749,-82.5998603096712
"1156",NA,39,"Bent Creek","Ozone","Buncombe",35.500102002749,-82.5998603096712
"1157",NA,38,"Bent Creek","Ozone","Buncombe",35.500102002749,-82.5998603096712
"1158",NA,19,"Bent Creek","Ozone","Buncombe",35.500102002749,-82.5998603096712
"1159",1-01-20,20,"Lenoir (city)","Ozone","Caldwell",35.9359000008969,-81.5306
"1160",1-02-20,16,"Lenoir (city)","Ozone","Caldwell",35.9359000008969,-81.5306
"1161",1-03-20,18,"Lenoir (city)","Ozone","Caldwell",35.9359000008969,-81.5306
"1162",1-04-20,16,"Lenoir (city)","Ozone","Caldwell",35.9359000008969,-81.5306
"1163",1-05-20,36,"Lenoir (city)","Ozone","Caldwell",35.9359000008969,-81.5306
"1164",1-06-20,31,"Lenoir (city)","Ozone","Caldwell",35.9359000008969,-81.5306
"1165",1-07-20,28,"Lenoir (city)","Ozone","Caldwell",35.9359000008969,-81.5306
"1166",1-08-20,40,"Lenoir (city)","Ozone","Caldwell",35.9359000008969,-81.5306
"1167",1-09-20,36,"Lenoir (city)","Ozone","Caldwell",35.9359000008969,-81.5306
"1168",1-10-20,31,"Lenoir (city)","Ozone","Caldwell",35.9359000008969,-81.5306
"1169",1-11-20,30,"Lenoir (city)","Ozone","Caldwell",35.9359000008969,-81.5306
"1170",1-12-20,26,"Lenoir (city)","Ozone","Caldwell",35.9359000008969,-81.5306
"1171",NA,30,"Lenoir (city)","Ozone","Caldwell",35.9359000008969,-81.5306
"1172",NA,28,"Lenoir (city)","Ozone","Caldwell",35.9359000008969,-81.5306
"1173",NA,34,"Lenoir (city)","Ozone","Caldwell",35.9359000008969,-81.5306
"1174",NA,25,"Lenoir (city)","Ozone","Caldwell",35.9359000008969,-81.5306
"1175",NA,33,"Lenoir (city)","Ozone","Caldwell",35.9359000008969,-81.5306
"1176",NA,34,"Lenoir (city)","Ozone","Caldwell",35.9359000008969,-81.5306
"1177",NA,44,"Lenoir (city)","Ozone","Caldwell",35.9359000008969,-81.5306
"1178",NA,44,"Lenoir (city)","Ozone","Caldwell",35.9359000008969,-81.5306
"1179",NA,44,"Lenoir (city)","Ozone","Caldwell",35.9359000008969,-81.5306
"1180",NA,31,"Lenoir (city)","Ozone","Caldwell",35.9359000008969,-81.5306
"1181",NA,34,"Lenoir (city)","Ozone","Caldwell",35.9359000008969,-81.5306
"1182",3-01-20,24,"Lenoir (city)","Ozone","Caldwell",35.9359000008969,-81.5306
"1183",3-02-20,29,"Lenoir (city)","Ozone","Caldwell",35.9359000008969,-81.5306
"1184",3-03-20,23,"Lenoir (city)","Ozone","Caldwell",35.9359000008969,-81.5306
"1185",3-04-20,40,"Lenoir (city)","Ozone","Caldwell",35.9359000008969,-81.5306
"1186",3-05-20,43,"Lenoir (city)","Ozone","Caldwell",35.9359000008969,-81.5306
"1187",3-06-20,45,"Lenoir (city)","Ozone","Caldwell",35.9359000008969,-81.5306
"1188",3-07-20,44,"Lenoir (city)","Ozone","Caldwell",35.9359000008969,-81.5306
"1189",3-08-20,37,"Lenoir (city)","Ozone","Caldwell",35.9359000008969,-81.5306
"1190",3-09-20,21,"Lenoir (city)","Ozone","Caldwell",35.9359000008969,-81.5306
"1191",3-10-20,30,"Lenoir (city)","Ozone","Caldwell",35.9359000008969,-81.5306
"1192",3-11-20,35,"Lenoir (city)","Ozone","Caldwell",35.9359000008969,-81.5306
"1193",3-12-20,46,"Lenoir (city)","Ozone","Caldwell",35.9359000008969,-81.5306
"1194",NA,48,"Lenoir (city)","Ozone","Caldwell",35.9359000008969,-81.5306
"1195",NA,40,"Lenoir (city)","Ozone","Caldwell",35.9359000008969,-81.5306
"1196",NA,43,"Lenoir (city)","Ozone","Caldwell",35.9359000008969,-81.5306
"1197",NA,45,"Lenoir (city)","Ozone","Caldwell",35.9359000008969,-81.5306
"1198",NA,48,"Lenoir (city)","Ozone","Caldwell",35.9359000008969,-81.5306
"1199",NA,47,"Lenoir (city)","Ozone","Caldwell",35.9359000008969,-81.5306
"1200",NA,48,"Lenoir (city)","Ozone","Caldwell",35.9359000008969,-81.5306
"1201",NA,58,"Lenoir (city)","Ozone","Caldwell",35.9359000008969,-81.5306
"1202",NA,54,"Lenoir (city)","Ozone","Caldwell",35.9359000008969,-81.5306
"1203",NA,54,"Lenoir (city)","Ozone","Caldwell",35.9359000008969,-81.5306
"1204",NA,51,"Lenoir (city)","Ozone","Caldwell",35.9359000008969,-81.5306
"1205",NA,74,"Lenoir (city)","Ozone","Caldwell",35.9359000008969,-81.5306
"1206",NA,37,"Lenoir (city)","Ozone","Caldwell",35.9359000008969,-81.5306
"1207",NA,33,"Lenoir (city)","Ozone","Caldwell",35.9359000008969,-81.5306
"1208",NA,47,"Lenoir (city)","Ozone","Caldwell",35.9359000008969,-81.5306
"1209",NA,58,"Lenoir (city)","Ozone","Caldwell",35.9359000008969,-81.5306
"1210",NA,67,"Lenoir (city)","Ozone","Caldwell",35.9359000008969,-81.5306
"1211",NA,58,"Lenoir (city)","Ozone","Caldwell",35.9359000008969,-81.5306
"1212",NA,44,"Lenoir (city)","Ozone","Caldwell",35.9359000008969,-81.5306
"1213",4-01-20,46,"Lenoir (city)","Ozone","Caldwell",35.9359000008969,-81.5306
"1214",4-02-20,49,"Lenoir (city)","Ozone","Caldwell",35.9359000008969,-81.5306
"1215",4-03-20,58,"Lenoir (city)","Ozone","Caldwell",35.9359000008969,-81.5306
"1216",4-04-20,71,"Lenoir (city)","Ozone","Caldwell",35.9359000008969,-81.5306
"1217",4-05-20,43,"Lenoir (city)","Ozone","Caldwell",35.9359000008969,-81.5306
"1218",4-06-20,44,"Lenoir (city)","Ozone","Caldwell",35.9359000008969,-81.5306
"1219",4-07-20,32,"Lenoir (city)","Ozone","Caldwell",35.9359000008969,-81.5306
"1220",4-08-20,31,"Lenoir (city)","Ozone","Caldwell",35.9359000008969,-81.5306
"1221",4-09-20,40,"Lenoir (city)","Ozone","Caldwell",35.9359000008969,-81.5306
"1222",4-10-20,61,"Lenoir (city)","Ozone","Caldwell",35.9359000008969,-81.5306
"1223",4-11-20,61,"Lenoir (city)","Ozone","Caldwell",35.9359000008969,-81.5306
"1224",4-12-20,34,"Lenoir (city)","Ozone","Caldwell",35.9359000008969,-81.5306
"1225",NA,32,"Lenoir (city)","Ozone","Caldwell",35.9359000008969,-81.5306
"1226",NA,40,"Lenoir (city)","Ozone","Caldwell",35.9359000008969,-81.5306
"1227",NA,48,"Lenoir (city)","Ozone","Caldwell",35.9359000008969,-81.5306
"1228",NA,49,"Lenoir (city)","Ozone","Caldwell",35.9359000008969,-81.5306
"1229",NA,67,"Lenoir (city)","Ozone","Caldwell",35.9359000008969,-81.5306
"1230",NA,48,"Lenoir (city)","Ozone","Caldwell",35.9359000008969,-81.5306
"1231",NA,35,"Lenoir (city)","Ozone","Caldwell",35.9359000008969,-81.5306
"1232",NA,31,"Lenoir (city)","Ozone","Caldwell",35.9359000008969,-81.5306
"1233",NA,37,"Lenoir (city)","Ozone","Caldwell",35.9359000008969,-81.5306
"1234",NA,44,"Lenoir (city)","Ozone","Caldwell",35.9359000008969,-81.5306
"1235",NA,47,"Lenoir (city)","Ozone","Caldwell",35.9359000008969,-81.5306
"1236",NA,58,"Lenoir (city)","Ozone","Caldwell",35.9359000008969,-81.5306
"1237",NA,42,"Lenoir (city)","Ozone","Caldwell",35.9359000008969,-81.5306
"1238",NA,54,"Lenoir (city)","Ozone","Caldwell",35.9359000008969,-81.5306
"1239",NA,61,"Lenoir (city)","Ozone","Caldwell",35.9359000008969,-81.5306
"1240",NA,64,"Lenoir (city)","Ozone","Caldwell",35.9359000008969,-81.5306
"1241",NA,44,"Lenoir (city)","Ozone","Caldwell",35.9359000008969,-81.5306
"1242",NA,61,"Lenoir (city)","Ozone","Caldwell",35.9359000008969,-81.5306
"1243",5-01-20,39,"Lenoir (city)","Ozone","Caldwell",35.9359000008969,-81.5306
"1244",5-02-20,35,"Lenoir (city)","Ozone","Caldwell",35.9359000008969,-81.5306
"1245",5-03-20,32,"Lenoir (city)","Ozone","Caldwell",35.9359000008969,-81.5306
"1246",5-04-20,37,"Lenoir (city)","Ozone","Caldwell",35.9359000008969,-81.5306
"1247",5-05-20,34,"Lenoir (city)","Ozone","Caldwell",35.9359000008969,-81.5306
"1248",5-06-20,41,"Lenoir (city)","Ozone","Caldwell",35.9359000008969,-81.5306
"1249",5-07-20,41,"Lenoir (city)","Ozone","Caldwell",35.9359000008969,-81.5306
"1250",5-08-20,43,"Lenoir (city)","Ozone","Caldwell",35.9359000008969,-81.5306
"1251",5-09-20,44,"Lenoir (city)","Ozone","Caldwell",35.9359000008969,-81.5306
"1252",5-10-20,34,"Lenoir (city)","Ozone","Caldwell",35.9359000008969,-81.5306
"1253",5-11-20,22,"Lenoir (city)","Ozone","Caldwell",35.9359000008969,-81.5306
"1254",5-12-20,33,"Lenoir (city)","Ozone","Caldwell",35.9359000008969,-81.5306
"1255",NA,41,"Lenoir (city)","Ozone","Caldwell",35.9359000008969,-81.5306
"1256",NA,45,"Lenoir (city)","Ozone","Caldwell",35.9359000008969,-81.5306
"1257",NA,45,"Lenoir (city)","Ozone","Caldwell",35.9359000008969,-81.5306
"1258",NA,49,"Lenoir (city)","Ozone","Caldwell",35.9359000008969,-81.5306
"1259",NA,48,"Lenoir (city)","Ozone","Caldwell",35.9359000008969,-81.5306
"1260",NA,54,"Lenoir (city)","Ozone","Caldwell",35.9359000008969,-81.5306
"1261",NA,48,"Lenoir (city)","Ozone","Caldwell",35.9359000008969,-81.5306
"1262",NA,43,"Lenoir (city)","Ozone","Caldwell",35.9359000008969,-81.5306
"1263",NA,49,"Lenoir (city)","Ozone","Caldwell",35.9359000008969,-81.5306
"1264",NA,40,"Lenoir (city)","Ozone","Caldwell",35.9359000008969,-81.5306
"1265",NA,38,"Lenoir (city)","Ozone","Caldwell",35.9359000008969,-81.5306
"1266",NA,43,"Lenoir (city)","Ozone","Caldwell",35.9359000008969,-81.5306
"1267",NA,44,"Lenoir (city)","Ozone","Caldwell",35.9359000008969,-81.5306
"1268",NA,44,"Lenoir (city)","Ozone","Caldwell",35.9359000008969,-81.5306
"1269",NA,45,"Lenoir (city)","Ozone","Caldwell",35.9359000008969,-81.5306
"1270",NA,44,"Lenoir (city)","Ozone","Caldwell",35.9359000008969,-81.5306
"1271",NA,37,"Lenoir (city)","Ozone","Caldwell",35.9359000008969,-81.5306
"1272",NA,49,"Lenoir (city)","Ozone","Caldwell",35.9359000008969,-81.5306
"1273",NA,44,"Lenoir (city)","Ozone","Caldwell",35.9359000008969,-81.5306
"1274",6-01-20,50,"Lenoir (city)","Ozone","Caldwell",35.9359000008969,-81.5306
"1275",6-02-20,58,"Lenoir (city)","Ozone","Caldwell",35.9359000008969,-81.5306
"1276",6-03-20,51,"Lenoir (city)","Ozone","Caldwell",35.9359000008969,-81.5306
"1277",6-04-20,61,"Lenoir (city)","Ozone","Caldwell",35.9359000008969,-81.5306
"1278",6-05-20,39,"Lenoir (city)","Ozone","Caldwell",35.9359000008969,-81.5306
"1279",6-06-20,36,"Lenoir (city)","Ozone","Caldwell",35.9359000008969,-81.5306
"1280",6-07-20,23,"Lenoir (city)","Ozone","Caldwell",35.9359000008969,-81.5306
"1281",6-08-20,31,"Lenoir (city)","Ozone","Caldwell",35.9359000008969,-81.5306
"1282",6-09-20,23,"Lenoir (city)","Ozone","Caldwell",35.9359000008969,-81.5306
"1283",6-10-20,30,"Lenoir (city)","Ozone","Caldwell",35.9359000008969,-81.5306
"1284",6-11-20,37,"Lenoir (city)","Ozone","Caldwell",35.9359000008969,-81.5306
"1285",6-12-20,45,"Lenoir (city)","Ozone","Caldwell",35.9359000008969,-81.5306
"1286",NA,46,"Lenoir (city)","Ozone","Caldwell",35.9359000008969,-81.5306
"1287",NA,45,"Lenoir (city)","Ozone","Caldwell",35.9359000008969,-81.5306
"1288",NA,50,"Lenoir (city)","Ozone","Caldwell",35.9359000008969,-81.5306
"1289",NA,42,"Lenoir (city)","Ozone","Caldwell",35.9359000008969,-81.5306
"1290",NA,38,"Lenoir (city)","Ozone","Caldwell",35.9359000008969,-81.5306
"1291",NA,28,"Lenoir (city)","Ozone","Caldwell",35.9359000008969,-81.5306
"1292",NA,28,"Lenoir (city)","Ozone","Caldwell",35.9359000008969,-81.5306
"1293",NA,50,"Lenoir (city)","Ozone","Caldwell",35.9359000008969,-81.5306
"1294",NA,46,"Lenoir (city)","Ozone","Caldwell",35.9359000008969,-81.5306
"1295",NA,39,"Lenoir (city)","Ozone","Caldwell",35.9359000008969,-81.5306
"1296",NA,34,"Lenoir (city)","Ozone","Caldwell",35.9359000008969,-81.5306
"1297",NA,31,"Lenoir (city)","Ozone","Caldwell",35.9359000008969,-81.5306
"1298",NA,43,"Lenoir (city)","Ozone","Caldwell",35.9359000008969,-81.5306
"1299",NA,47,"Lenoir (city)","Ozone","Caldwell",35.9359000008969,-81.5306
"1300",NA,51,"Lenoir (city)","Ozone","Caldwell",35.9359000008969,-81.5306
"1301",NA,61,"Lenoir (city)","Ozone","Caldwell",35.9359000008969,-81.5306
"1302",NA,67,"Lenoir (city)","Ozone","Caldwell",35.9359000008969,-81.5306
"1303",NA,48,"Lenoir (city)","Ozone","Caldwell",35.9359000008969,-81.5306
"1304",7-01-20,48,"Lenoir (city)","Ozone","Caldwell",35.9359000008969,-81.5306
"1305",7-02-20,44,"Lenoir (city)","Ozone","Caldwell",35.9359000008969,-81.5306
"1306",7-05-20,44,"Lenoir (city)","Ozone","Caldwell",35.9359000008969,-81.5306
"1307",7-06-20,29,"Lenoir (city)","Ozone","Caldwell",35.9359000008969,-81.5306
"1308",7-07-20,31,"Lenoir (city)","Ozone","Caldwell",35.9359000008969,-81.5306
"1309",7-08-20,34,"Lenoir (city)","Ozone","Caldwell",35.9359000008969,-81.5306
"1310",7-09-20,23,"Lenoir (city)","Ozone","Caldwell",35.9359000008969,-81.5306
"1311",7-10-20,49,"Lenoir (city)","Ozone","Caldwell",35.9359000008969,-81.5306
"1312",7-11-20,31,"Lenoir (city)","Ozone","Caldwell",35.9359000008969,-81.5306
"1313",7-12-20,31,"Lenoir (city)","Ozone","Caldwell",35.9359000008969,-81.5306
"1314",NA,34,"Lenoir (city)","Ozone","Caldwell",35.9359000008969,-81.5306
"1315",NA,39,"Lenoir (city)","Ozone","Caldwell",35.9359000008969,-81.5306
"1316",NA,45,"Lenoir (city)","Ozone","Caldwell",35.9359000008969,-81.5306
"1317",NA,33,"Lenoir (city)","Ozone","Caldwell",35.9359000008969,-81.5306
"1318",NA,29,"Lenoir (city)","Ozone","Caldwell",35.9359000008969,-81.5306
"1319",NA,31,"Lenoir (city)","Ozone","Caldwell",35.9359000008969,-81.5306
"1320",NA,41,"Lenoir (city)","Ozone","Caldwell",35.9359000008969,-81.5306
"1321",NA,31,"Lenoir (city)","Ozone","Caldwell",35.9359000008969,-81.5306
"1322",NA,31,"Lenoir (city)","Ozone","Caldwell",35.9359000008969,-81.5306
"1323",NA,31,"Lenoir (city)","Ozone","Caldwell",35.9359000008969,-81.5306
"1324",NA,28,"Lenoir (city)","Ozone","Caldwell",35.9359000008969,-81.5306
"1325",NA,42,"Lenoir (city)","Ozone","Caldwell",35.9359000008969,-81.5306
"1326",NA,44,"Lenoir (city)","Ozone","Caldwell",35.9359000008969,-81.5306
"1327",NA,46,"Lenoir (city)","Ozone","Caldwell",35.9359000008969,-81.5306
"1328",NA,49,"Lenoir (city)","Ozone","Caldwell",35.9359000008969,-81.5306
"1329",NA,58,"Lenoir (city)","Ozone","Caldwell",35.9359000008969,-81.5306
"1330",NA,54,"Lenoir (city)","Ozone","Caldwell",35.9359000008969,-81.5306
"1331",NA,49,"Lenoir (city)","Ozone","Caldwell",35.9359000008969,-81.5306
"1332",NA,44,"Lenoir (city)","Ozone","Caldwell",35.9359000008969,-81.5306
"1333",8-01-20,40,"Lenoir (city)","Ozone","Caldwell",35.9359000008969,-81.5306
"1334",8-02-20,46,"Lenoir (city)","Ozone","Caldwell",35.9359000008969,-81.5306
"1335",8-03-20,45,"Lenoir (city)","Ozone","Caldwell",35.9359000008969,-81.5306
"1336",8-04-20,39,"Lenoir (city)","Ozone","Caldwell",35.9359000008969,-81.5306
"1337",8-05-20,34,"Lenoir (city)","Ozone","Caldwell",35.9359000008969,-81.5306
"1338",8-06-20,42,"Lenoir (city)","Ozone","Caldwell",35.9359000008969,-81.5306
"1339",8-07-20,42,"Lenoir (city)","Ozone","Caldwell",35.9359000008969,-81.5306
"1340",8-08-20,43,"Lenoir (city)","Ozone","Caldwell",35.9359000008969,-81.5306
"1341",8-09-20,41,"Lenoir (city)","Ozone","Caldwell",35.9359000008969,-81.5306
"1342",8-10-20,43,"Lenoir (city)","Ozone","Caldwell",35.9359000008969,-81.5306
"1343",8-11-20,39,"Lenoir (city)","Ozone","Caldwell",35.9359000008969,-81.5306
"1344",8-12-20,45,"Lenoir (city)","Ozone","Caldwell",35.9359000008969,-81.5306
"1345",NA,35,"Lenoir (city)","Ozone","Caldwell",35.9359000008969,-81.5306
"1346",NA,41,"Lenoir (city)","Ozone","Caldwell",35.9359000008969,-81.5306
"1347",NA,43,"Lenoir (city)","Ozone","Caldwell",35.9359000008969,-81.5306
"1348",NA,45,"Lenoir (city)","Ozone","Caldwell",35.9359000008969,-81.5306
"1349",NA,42,"Lenoir (city)","Ozone","Caldwell",35.9359000008969,-81.5306
"1350",NA,41,"Lenoir (city)","Ozone","Caldwell",35.9359000008969,-81.5306
"1351",NA,38,"Lenoir (city)","Ozone","Caldwell",35.9359000008969,-81.5306
"1352",NA,39,"Lenoir (city)","Ozone","Caldwell",35.9359000008969,-81.5306
"1353",NA,38,"Lenoir (city)","Ozone","Caldwell",35.9359000008969,-81.5306
"1354",NA,35,"Lenoir (city)","Ozone","Caldwell",35.9359000008969,-81.5306
"1355",NA,31,"Lenoir (city)","Ozone","Caldwell",35.9359000008969,-81.5306
"1356",NA,28,"Lenoir (city)","Ozone","Caldwell",35.9359000008969,-81.5306
"1357",NA,26,"Lenoir (city)","Ozone","Caldwell",35.9359000008969,-81.5306
"1358",NA,29,"Lenoir (city)","Ozone","Caldwell",35.9359000008969,-81.5306
"1359",NA,21,"Lenoir (city)","Ozone","Caldwell",35.9359000008969,-81.5306
"1360",NA,40,"Lenoir (city)","Ozone","Caldwell",35.9359000008969,-81.5306
"1361",NA,42,"Lenoir (city)","Ozone","Caldwell",35.9359000008969,-81.5306
"1362",NA,49,"Lenoir (city)","Ozone","Caldwell",35.9359000008969,-81.5306
"1363",NA,58,"Lenoir (city)","Ozone","Caldwell",35.9359000008969,-81.5306
"1364",9-01-20,41,"Lenoir (city)","Ozone","Caldwell",35.9359000008969,-81.5306
"1365",9-02-20,39,"Lenoir (city)","Ozone","Caldwell",35.9359000008969,-81.5306
"1366",9-03-20,41,"Lenoir (city)","Ozone","Caldwell",35.9359000008969,-81.5306
"1367",9-04-20,46,"Lenoir (city)","Ozone","Caldwell",35.9359000008969,-81.5306
"1368",9-05-20,31,"Lenoir (city)","Ozone","Caldwell",35.9359000008969,-81.5306
"1369",9-06-20,46,"Lenoir (city)","Ozone","Caldwell",35.9359000008969,-81.5306
"1370",9-07-20,46,"Lenoir (city)","Ozone","Caldwell",35.9359000008969,-81.5306
"1371",9-08-20,44,"Lenoir (city)","Ozone","Caldwell",35.9359000008969,-81.5306
"1372",9-09-20,50,"Lenoir (city)","Ozone","Caldwell",35.9359000008969,-81.5306
"1373",9-10-20,44,"Lenoir (city)","Ozone","Caldwell",35.9359000008969,-81.5306
"1374",9-11-20,51,"Lenoir (city)","Ozone","Caldwell",35.9359000008969,-81.5306
"1375",9-12-20,46,"Lenoir (city)","Ozone","Caldwell",35.9359000008969,-81.5306
"1376",NA,47,"Lenoir (city)","Ozone","Caldwell",35.9359000008969,-81.5306
"1377",NA,31,"Lenoir (city)","Ozone","Caldwell",35.9359000008969,-81.5306
"1378",NA,38,"Lenoir (city)","Ozone","Caldwell",35.9359000008969,-81.5306
"1379",NA,49,"Lenoir (city)","Ozone","Caldwell",35.9359000008969,-81.5306
"1380",NA,46,"Lenoir (city)","Ozone","Caldwell",35.9359000008969,-81.5306
"1381",NA,32,"Lenoir (city)","Ozone","Caldwell",35.9359000008969,-81.5306
"1382",NA,32,"Lenoir (city)","Ozone","Caldwell",35.9359000008969,-81.5306
"1383",NA,44,"Lenoir (city)","Ozone","Caldwell",35.9359000008969,-81.5306
"1384",NA,46,"Lenoir (city)","Ozone","Caldwell",35.9359000008969,-81.5306
"1385",NA,47,"Lenoir (city)","Ozone","Caldwell",35.9359000008969,-81.5306
"1386",NA,43,"Lenoir (city)","Ozone","Caldwell",35.9359000008969,-81.5306
"1387",NA,44,"Lenoir (city)","Ozone","Caldwell",35.9359000008969,-81.5306
"1388",NA,50,"Lenoir (city)","Ozone","Caldwell",35.9359000008969,-81.5306
"1389",NA,43,"Lenoir (city)","Ozone","Caldwell",35.9359000008969,-81.5306
"1390",NA,50,"Lenoir (city)","Ozone","Caldwell",35.9359000008969,-81.5306
"1391",NA,36,"Lenoir (city)","Ozone","Caldwell",35.9359000008969,-81.5306
"1392",NA,37,"Lenoir (city)","Ozone","Caldwell",35.9359000008969,-81.5306
"1393",NA,41,"Lenoir (city)","Ozone","Caldwell",35.9359000008969,-81.5306
"1394",10-01-20,45,"Lenoir (city)","Ozone","Caldwell",35.9359000008969,-81.5306
"1395",10-02-20,49,"Lenoir (city)","Ozone","Caldwell",35.9359000008969,-81.5306
"1396",10-03-20,44,"Lenoir (city)","Ozone","Caldwell",35.9359000008969,-81.5306
"1397",10-04-20,46,"Lenoir (city)","Ozone","Caldwell",35.9359000008969,-81.5306
"1398",10-05-20,38,"Lenoir (city)","Ozone","Caldwell",35.9359000008969,-81.5306
"1399",10-06-20,27,"Lenoir (city)","Ozone","Caldwell",35.9359000008969,-81.5306
"1400",10-07-20,38,"Lenoir (city)","Ozone","Caldwell",35.9359000008969,-81.5306
"1401",10-08-20,27,"Lenoir (city)","Ozone","Caldwell",35.9359000008969,-81.5306
"1402",10-09-20,36,"Lenoir (city)","Ozone","Caldwell",35.9359000008969,-81.5306
"1403",10-10-20,39,"Lenoir (city)","Ozone","Caldwell",35.9359000008969,-81.5306
"1404",10-11-20,45,"Lenoir (city)","Ozone","Caldwell",35.9359000008969,-81.5306
"1405",10-12-20,35,"Lenoir (city)","Ozone","Caldwell",35.9359000008969,-81.5306
"1406",NA,17,"Lenoir (city)","Ozone","Caldwell",35.9359000008969,-81.5306
"1407",NA,42,"Lenoir (city)","Ozone","Caldwell",35.9359000008969,-81.5306
"1408",NA,44,"Lenoir (city)","Ozone","Caldwell",35.9359000008969,-81.5306
"1409",NA,37,"Lenoir (city)","Ozone","Caldwell",35.9359000008969,-81.5306
"1410",NA,34,"Lenoir (city)","Ozone","Caldwell",35.9359000008969,-81.5306
"1411",NA,39,"Lenoir (city)","Ozone","Caldwell",35.9359000008969,-81.5306
"1412",NA,35,"Lenoir (city)","Ozone","Caldwell",35.9359000008969,-81.5306
"1413",NA,34,"Lenoir (city)","Ozone","Caldwell",35.9359000008969,-81.5306
"1414",NA,20,"Lenoir (city)","Ozone","Caldwell",35.9359000008969,-81.5306
"1415",NA,36,"Lenoir (city)","Ozone","Caldwell",35.9359000008969,-81.5306
"1416",NA,36,"Lenoir (city)","Ozone","Caldwell",35.9359000008969,-81.5306
"1417",NA,44,"Lenoir (city)","Ozone","Caldwell",35.9359000008969,-81.5306
"1418",NA,23,"Lenoir (city)","Ozone","Caldwell",35.9359000008969,-81.5306
"1419",NA,39,"Lenoir (city)","Ozone","Caldwell",35.9359000008969,-81.5306
"1420",NA,39,"Lenoir (city)","Ozone","Caldwell",35.9359000008969,-81.5306
"1421",NA,39,"Lenoir (city)","Ozone","Caldwell",35.9359000008969,-81.5306
"1422",NA,31,"Lenoir (city)","Ozone","Caldwell",35.9359000008969,-81.5306
"1423",NA,15,"Lenoir (city)","Ozone","Caldwell",35.9359000008969,-81.5306
"1424",NA,25,"Lenoir (city)","Ozone","Caldwell",35.9359000008969,-81.5306
"1425",NA,48,"Beaufort","Ozone","Carteret",34.8848,-76.6203
"1426",NA,47,"Beaufort","Ozone","Carteret",34.8848,-76.6203
"1427",NA,46,"Beaufort","Ozone","Carteret",34.8848,-76.6203
"1428",NA,44,"Beaufort","Ozone","Carteret",34.8848,-76.6203
"1429",NA,44,"Beaufort","Ozone","Carteret",34.8848,-76.6203
"1430",NA,48,"Beaufort","Ozone","Carteret",34.8848,-76.6203
"1431",NA,58,"Beaufort","Ozone","Carteret",34.8848,-76.6203
"1432",NA,50,"Beaufort","Ozone","Carteret",34.8848,-76.6203
"1433",NA,46,"Beaufort","Ozone","Carteret",34.8848,-76.6203
"1434",NA,46,"Beaufort","Ozone","Carteret",34.8848,-76.6203
"1435",NA,50,"Beaufort","Ozone","Carteret",34.8848,-76.6203
"1436",NA,49,"Beaufort","Ozone","Carteret",34.8848,-76.6203
"1437",NA,45,"Beaufort","Ozone","Carteret",34.8848,-76.6203
"1438",4-01-20,44,"Beaufort","Ozone","Carteret",34.8848,-76.6203
"1439",4-02-20,44,"Beaufort","Ozone","Carteret",34.8848,-76.6203
"1440",4-03-20,58,"Beaufort","Ozone","Carteret",34.8848,-76.6203
"1441",4-04-20,67,"Beaufort","Ozone","Carteret",34.8848,-76.6203
"1442",4-05-20,48,"Beaufort","Ozone","Carteret",34.8848,-76.6203
"1443",4-06-20,41,"Beaufort","Ozone","Carteret",34.8848,-76.6203
"1444",4-07-20,44,"Beaufort","Ozone","Carteret",34.8848,-76.6203
"1445",4-08-20,36,"Beaufort","Ozone","Carteret",34.8848,-76.6203
"1446",4-09-20,29,"Beaufort","Ozone","Carteret",34.8848,-76.6203
"1447",4-10-20,50,"Beaufort","Ozone","Carteret",34.8848,-76.6203
"1448",4-11-20,54,"Beaufort","Ozone","Carteret",34.8848,-76.6203
"1449",4-12-20,47,"Beaufort","Ozone","Carteret",34.8848,-76.6203
"1450",NA,35,"Beaufort","Ozone","Carteret",34.8848,-76.6203
"1451",NA,31,"Beaufort","Ozone","Carteret",34.8848,-76.6203
"1452",NA,54,"Beaufort","Ozone","Carteret",34.8848,-76.6203
"1453",NA,47,"Beaufort","Ozone","Carteret",34.8848,-76.6203
"1454",NA,64,"Beaufort","Ozone","Carteret",34.8848,-76.6203
"1455",NA,51,"Beaufort","Ozone","Carteret",34.8848,-76.6203
"1456",NA,71,"Beaufort","Ozone","Carteret",34.8848,-76.6203
"1457",NA,71,"Beaufort","Ozone","Carteret",34.8848,-76.6203
"1458",NA,47,"Beaufort","Ozone","Carteret",34.8848,-76.6203
"1459",NA,67,"Beaufort","Ozone","Carteret",34.8848,-76.6203
"1460",NA,80,"Beaufort","Ozone","Carteret",34.8848,-76.6203
"1461",NA,40,"Beaufort","Ozone","Carteret",34.8848,-76.6203
"1462",NA,44,"Beaufort","Ozone","Carteret",34.8848,-76.6203
"1463",5-01-20,35,"Beaufort","Ozone","Carteret",34.8848,-76.6203
"1464",5-02-20,41,"Beaufort","Ozone","Carteret",34.8848,-76.6203
"1465",5-03-20,26,"Beaufort","Ozone","Carteret",34.8848,-76.6203
"1466",5-04-20,35,"Beaufort","Ozone","Carteret",34.8848,-76.6203
"1467",5-05-20,31,"Beaufort","Ozone","Carteret",34.8848,-76.6203
"1468",5-06-20,40,"Beaufort","Ozone","Carteret",34.8848,-76.6203
"1469",5-07-20,44,"Beaufort","Ozone","Carteret",34.8848,-76.6203
"1470",5-08-20,42,"Beaufort","Ozone","Carteret",34.8848,-76.6203
"1471",5-09-20,45,"Beaufort","Ozone","Carteret",34.8848,-76.6203
"1472",5-10-20,42,"Beaufort","Ozone","Carteret",34.8848,-76.6203
"1473",5-11-20,37,"Beaufort","Ozone","Carteret",34.8848,-76.6203
"1474",5-12-20,43,"Beaufort","Ozone","Carteret",34.8848,-76.6203
"1475",NA,37,"Beaufort","Ozone","Carteret",34.8848,-76.6203
"1476",NA,44,"Beaufort","Ozone","Carteret",34.8848,-76.6203
"1477",NA,40,"Beaufort","Ozone","Carteret",34.8848,-76.6203
"1478",NA,61,"Beaufort","Ozone","Carteret",34.8848,-76.6203
"1479",NA,50,"Beaufort","Ozone","Carteret",34.8848,-76.6203
"1480",NA,58,"Beaufort","Ozone","Carteret",34.8848,-76.6203
"1481",NA,42,"Beaufort","Ozone","Carteret",34.8848,-76.6203
"1482",NA,40,"Beaufort","Ozone","Carteret",34.8848,-76.6203
"1483",NA,47,"Beaufort","Ozone","Carteret",34.8848,-76.6203
"1484",NA,46,"Beaufort","Ozone","Carteret",34.8848,-76.6203
"1485",NA,44,"Beaufort","Ozone","Carteret",34.8848,-76.6203
"1486",NA,64,"Beaufort","Ozone","Carteret",34.8848,-76.6203
"1487",NA,64,"Beaufort","Ozone","Carteret",34.8848,-76.6203
"1488",NA,46,"Beaufort","Ozone","Carteret",34.8848,-76.6203
"1489",NA,49,"Beaufort","Ozone","Carteret",34.8848,-76.6203
"1490",NA,50,"Beaufort","Ozone","Carteret",34.8848,-76.6203
"1491",NA,74,"Beaufort","Ozone","Carteret",34.8848,-76.6203
"1492",NA,46,"Beaufort","Ozone","Carteret",34.8848,-76.6203
"1493",NA,43,"Beaufort","Ozone","Carteret",34.8848,-76.6203
"1494",6-01-20,48,"Beaufort","Ozone","Carteret",34.8848,-76.6203
"1495",6-02-20,71,"Beaufort","Ozone","Carteret",34.8848,-76.6203
"1496",6-03-20,50,"Beaufort","Ozone","Carteret",34.8848,-76.6203
"1497",6-04-20,49,"Beaufort","Ozone","Carteret",34.8848,-76.6203
"1498",6-05-20,49,"Beaufort","Ozone","Carteret",34.8848,-76.6203
"1499",6-06-20,38,"Beaufort","Ozone","Carteret",34.8848,-76.6203
"1500",6-07-20,39,"Beaufort","Ozone","Carteret",34.8848,-76.6203
"1501",6-08-20,32,"Beaufort","Ozone","Carteret",34.8848,-76.6203
"1502",6-09-20,32,"Beaufort","Ozone","Carteret",34.8848,-76.6203
"1503",6-10-20,33,"Beaufort","Ozone","Carteret",34.8848,-76.6203
"1504",6-11-20,45,"Beaufort","Ozone","Carteret",34.8848,-76.6203
"1505",6-12-20,43,"Beaufort","Ozone","Carteret",34.8848,-76.6203
"1506",NA,39,"Beaufort","Ozone","Carteret",34.8848,-76.6203
"1507",NA,46,"Beaufort","Ozone","Carteret",34.8848,-76.6203
"1508",NA,46,"Beaufort","Ozone","Carteret",34.8848,-76.6203
"1509",NA,41,"Beaufort","Ozone","Carteret",34.8848,-76.6203
"1510",NA,28,"Beaufort","Ozone","Carteret",34.8848,-76.6203
"1511",NA,20,"Beaufort","Ozone","Carteret",34.8848,-76.6203
"1512",NA,34,"Beaufort","Ozone","Carteret",34.8848,-76.6203
"1513",NA,40,"Beaufort","Ozone","Carteret",34.8848,-76.6203
"1514",NA,50,"Beaufort","Ozone","Carteret",34.8848,-76.6203
"1515",NA,43,"Beaufort","Ozone","Carteret",34.8848,-76.6203
"1516",NA,46,"Beaufort","Ozone","Carteret",34.8848,-76.6203
"1517",NA,42,"Beaufort","Ozone","Carteret",34.8848,-76.6203
"1518",NA,51,"Beaufort","Ozone","Carteret",34.8848,-76.6203
"1519",NA,47,"Beaufort","Ozone","Carteret",34.8848,-76.6203
"1520",NA,64,"Beaufort","Ozone","Carteret",34.8848,-76.6203
"1521",NA,74,"Beaufort","Ozone","Carteret",34.8848,-76.6203
"1522",NA,48,"Beaufort","Ozone","Carteret",34.8848,-76.6203
"1523",NA,47,"Beaufort","Ozone","Carteret",34.8848,-76.6203
"1524",7-01-20,44,"Beaufort","Ozone","Carteret",34.8848,-76.6203
"1525",7-02-20,46,"Beaufort","Ozone","Carteret",34.8848,-76.6203
"1526",7-03-20,44,"Beaufort","Ozone","Carteret",34.8848,-76.6203
"1527",7-04-20,48,"Beaufort","Ozone","Carteret",34.8848,-76.6203
"1528",7-05-20,41,"Beaufort","Ozone","Carteret",34.8848,-76.6203
"1529",7-06-20,31,"Beaufort","Ozone","Carteret",34.8848,-76.6203
"1530",7-07-20,36,"Beaufort","Ozone","Carteret",34.8848,-76.6203
"1531",7-08-20,32,"Beaufort","Ozone","Carteret",34.8848,-76.6203
"1532",7-09-20,34,"Beaufort","Ozone","Carteret",34.8848,-76.6203
"1533",7-10-20,38,"Beaufort","Ozone","Carteret",34.8848,-76.6203
"1534",7-11-20,38,"Beaufort","Ozone","Carteret",34.8848,-76.6203
"1535",7-12-20,34,"Beaufort","Ozone","Carteret",34.8848,-76.6203
"1536",NA,0,"Beaufort","Ozone","Carteret",34.8848,-76.6203
"1537",NA,0,"Beaufort","Ozone","Carteret",34.8848,-76.6203
"1538",NA,36,"Beaufort","Ozone","Carteret",34.8848,-76.6203
"1539",NA,38,"Beaufort","Ozone","Carteret",34.8848,-76.6203
"1540",NA,35,"Beaufort","Ozone","Carteret",34.8848,-76.6203
"1541",NA,30,"Beaufort","Ozone","Carteret",34.8848,-76.6203
"1542",NA,26,"Beaufort","Ozone","Carteret",34.8848,-76.6203
"1543",NA,35,"Beaufort","Ozone","Carteret",34.8848,-76.6203
"1544",NA,40,"Beaufort","Ozone","Carteret",34.8848,-76.6203
"1545",NA,39,"Beaufort","Ozone","Carteret",34.8848,-76.6203
"1546",NA,42,"Beaufort","Ozone","Carteret",34.8848,-76.6203
"1547",NA,41,"Beaufort","Ozone","Carteret",34.8848,-76.6203
"1548",NA,33,"Beaufort","Ozone","Carteret",34.8848,-76.6203
"1549",NA,25,"Beaufort","Ozone","Carteret",34.8848,-76.6203
"1550",8-01-20,24,"Beaufort","Ozone","Carteret",34.8848,-76.6203
"1551",8-02-20,32,"Beaufort","Ozone","Carteret",34.8848,-76.6203
"1552",8-03-20,21,"Beaufort","Ozone","Carteret",34.8848,-76.6203
"1553",8-04-20,32,"Beaufort","Ozone","Carteret",34.8848,-76.6203
"1554",8-05-20,26,"Beaufort","Ozone","Carteret",34.8848,-76.6203
"1555",8-06-20,32,"Beaufort","Ozone","Carteret",34.8848,-76.6203
"1556",8-07-20,38,"Beaufort","Ozone","Carteret",34.8848,-76.6203
"1557",8-08-20,39,"Beaufort","Ozone","Carteret",34.8848,-76.6203
"1558",8-09-20,49,"Beaufort","Ozone","Carteret",34.8848,-76.6203
"1559",8-10-20,42,"Beaufort","Ozone","Carteret",34.8848,-76.6203
"1560",8-11-20,44,"Beaufort","Ozone","Carteret",34.8848,-76.6203
"1561",8-12-20,42,"Beaufort","Ozone","Carteret",34.8848,-76.6203
"1562",NA,36,"Beaufort","Ozone","Carteret",34.8848,-76.6203
"1563",NA,41,"Beaufort","Ozone","Carteret",34.8848,-76.6203
"1564",NA,31,"Beaufort","Ozone","Carteret",34.8848,-76.6203
"1565",NA,26,"Beaufort","Ozone","Carteret",34.8848,-76.6203
"1566",NA,25,"Beaufort","Ozone","Carteret",34.8848,-76.6203
"1567",NA,26,"Beaufort","Ozone","Carteret",34.8848,-76.6203
"1568",NA,30,"Beaufort","Ozone","Carteret",34.8848,-76.6203
"1569",NA,28,"Beaufort","Ozone","Carteret",34.8848,-76.6203
"1570",NA,21,"Beaufort","Ozone","Carteret",34.8848,-76.6203
"1571",NA,24,"Beaufort","Ozone","Carteret",34.8848,-76.6203
"1572",NA,21,"Beaufort","Ozone","Carteret",34.8848,-76.6203
"1573",NA,29,"Beaufort","Ozone","Carteret",34.8848,-76.6203
"1574",NA,29,"Beaufort","Ozone","Carteret",34.8848,-76.6203
"1575",NA,26,"Beaufort","Ozone","Carteret",34.8848,-76.6203
"1576",NA,26,"Beaufort","Ozone","Carteret",34.8848,-76.6203
"1577",NA,28,"Beaufort","Ozone","Carteret",34.8848,-76.6203
"1578",NA,44,"Beaufort","Ozone","Carteret",34.8848,-76.6203
"1579",NA,46,"Beaufort","Ozone","Carteret",34.8848,-76.6203
"1580",NA,46,"Beaufort","Ozone","Carteret",34.8848,-76.6203
"1581",9-01-20,35,"Beaufort","Ozone","Carteret",34.8848,-76.6203
"1582",9-02-20,25,"Beaufort","Ozone","Carteret",34.8848,-76.6203
"1583",9-03-20,21,"Beaufort","Ozone","Carteret",34.8848,-76.6203
"1584",9-10-20,29,"Beaufort","Ozone","Carteret",34.8848,-76.6203
"1585",9-11-20,30,"Beaufort","Ozone","Carteret",34.8848,-76.6203
"1586",NA,40,"Beaufort","Ozone","Carteret",34.8848,-76.6203
"1587",NA,31,"Beaufort","Ozone","Carteret",34.8848,-76.6203
"1588",NA,34,"Beaufort","Ozone","Carteret",34.8848,-76.6203
"1589",NA,30,"Beaufort","Ozone","Carteret",34.8848,-76.6203
"1590",NA,37,"Beaufort","Ozone","Carteret",34.8848,-76.6203
"1591",NA,36,"Beaufort","Ozone","Carteret",34.8848,-76.6203
"1592",NA,34,"Beaufort","Ozone","Carteret",34.8848,-76.6203
"1593",NA,38,"Beaufort","Ozone","Carteret",34.8848,-76.6203
"1594",NA,44,"Beaufort","Ozone","Carteret",34.8848,-76.6203
"1595",NA,41,"Beaufort","Ozone","Carteret",34.8848,-76.6203
"1596",NA,36,"Beaufort","Ozone","Carteret",34.8848,-76.6203
"1597",NA,36,"Beaufort","Ozone","Carteret",34.8848,-76.6203
"1598",NA,42,"Beaufort","Ozone","Carteret",34.8848,-76.6203
"1599",NA,44,"Beaufort","Ozone","Carteret",34.8848,-76.6203
"1600",10-01-20,36,"Beaufort","Ozone","Carteret",34.8848,-76.6203
"1601",10-02-20,37,"Beaufort","Ozone","Carteret",34.8848,-76.6203
"1602",10-03-20,44,"Beaufort","Ozone","Carteret",34.8848,-76.6203
"1603",10-04-20,38,"Beaufort","Ozone","Carteret",34.8848,-76.6203
"1604",10-05-20,36,"Beaufort","Ozone","Carteret",34.8848,-76.6203
"1605",10-06-20,38,"Beaufort","Ozone","Carteret",34.8848,-76.6203
"1606",10-07-20,32,"Beaufort","Ozone","Carteret",34.8848,-76.6203
"1607",10-08-20,30,"Beaufort","Ozone","Carteret",34.8848,-76.6203
"1608",10-09-20,25,"Beaufort","Ozone","Carteret",34.8848,-76.6203
"1609",10-10-20,28,"Beaufort","Ozone","Carteret",34.8848,-76.6203
"1610",10-11-20,39,"Beaufort","Ozone","Carteret",34.8848,-76.6203
"1611",10-12-20,44,"Beaufort","Ozone","Carteret",34.8848,-76.6203
"1612",NA,44,"Beaufort","Ozone","Carteret",34.8848,-76.6203
"1613",NA,31,"Beaufort","Ozone","Carteret",34.8848,-76.6203
"1614",NA,40,"Beaufort","Ozone","Carteret",34.8848,-76.6203
"1615",NA,33,"Beaufort","Ozone","Carteret",34.8848,-76.6203
"1616",NA,33,"Beaufort","Ozone","Carteret",34.8848,-76.6203
"1617",NA,33,"Beaufort","Ozone","Carteret",34.8848,-76.6203
"1618",NA,38,"Beaufort","Ozone","Carteret",34.8848,-76.6203
"1619",NA,36,"Beaufort","Ozone","Carteret",34.8848,-76.6203
"1620",NA,31,"Beaufort","Ozone","Carteret",34.8848,-76.6203
"1621",NA,30,"Beaufort","Ozone","Carteret",34.8848,-76.6203
"1622",NA,40,"Beaufort","Ozone","Carteret",34.8848,-76.6203
"1623",NA,41,"Beaufort","Ozone","Carteret",34.8848,-76.6203
"1624",NA,38,"Beaufort","Ozone","Carteret",34.8848,-76.6203
"1625",NA,25,"Beaufort","Ozone","Carteret",34.8848,-76.6203
"1626",NA,33,"Beaufort","Ozone","Carteret",34.8848,-76.6203
"1627",NA,33,"Beaufort","Ozone","Carteret",34.8848,-76.6203
"1628",NA,32,"Beaufort","Ozone","Carteret",34.8848,-76.6203
"1629",NA,33,"Beaufort","Ozone","Carteret",34.8848,-76.6203
"1630",11-01-20,28,"Beaufort","Ozone","Carteret",34.8848,-76.6203
"1631",11-02-20,32,"Beaufort","Ozone","Carteret",34.8848,-76.6203
"1632",11-03-20,34,"Beaufort","Ozone","Carteret",34.8848,-76.6203
"1633",11-04-20,36,"Beaufort","Ozone","Carteret",34.8848,-76.6203
"1634",11-05-20,35,"Beaufort","Ozone","Carteret",34.8848,-76.6203
"1635",11-06-20,38,"Beaufort","Ozone","Carteret",34.8848,-76.6203
"1636",11-07-20,41,"Beaufort","Ozone","Carteret",34.8848,-76.6203
"1637",11-08-20,32,"Beaufort","Ozone","Carteret",34.8848,-76.6203
"1638",11-09-20,31,"Beaufort","Ozone","Carteret",34.8848,-76.6203
"1639",11-10-20,35,"Beaufort","Ozone","Carteret",34.8848,-76.6203
"1640",11-11-20,40,"Beaufort","Ozone","Carteret",34.8848,-76.6203
"1641",11-12-20,31,"Beaufort","Ozone","Carteret",34.8848,-76.6203
"1642",NA,31,"Beaufort","Ozone","Carteret",34.8848,-76.6203
"1643",NA,34,"Beaufort","Ozone","Carteret",34.8848,-76.6203
"1644",NA,32,"Beaufort","Ozone","Carteret",34.8848,-76.6203
"1645",NA,34,"Beaufort","Ozone","Carteret",34.8848,-76.6203
"1646",NA,23,"Beaufort","Ozone","Carteret",34.8848,-76.6203
"1647",NA,18,"Beaufort","Ozone","Carteret",34.8848,-76.6203
"1648",NA,31,"Beaufort","Ozone","Carteret",34.8848,-76.6203
"1649",NA,30,"Beaufort","Ozone","Carteret",34.8848,-76.6203
"1650",NA,37,"Beaufort","Ozone","Carteret",34.8848,-76.6203
"1651",NA,35,"Beaufort","Ozone","Carteret",34.8848,-76.6203
"1652",NA,31,"Beaufort","Ozone","Carteret",34.8848,-76.6203
"1653",NA,36,"Beaufort","Ozone","Carteret",34.8848,-76.6203
"1654",NA,34,"Beaufort","Ozone","Carteret",34.8848,-76.6203
"1655",NA,41,"Beaufort","Ozone","Carteret",34.8848,-76.6203
"1656",NA,31,"Beaufort","Ozone","Carteret",34.8848,-76.6203
"1657",NA,26,"Beaufort","Ozone","Carteret",34.8848,-76.6203
"1658",NA,24,"Beaufort","Ozone","Carteret",34.8848,-76.6203
"1659",12-01-20,33,"Beaufort","Ozone","Carteret",34.8848,-76.6203
"1660",12-02-20,23,"Beaufort","Ozone","Carteret",34.8848,-76.6203
"1661",12-03-20,23,"Beaufort","Ozone","Carteret",34.8848,-76.6203
"1662",12-04-20,31,"Beaufort","Ozone","Carteret",34.8848,-76.6203
"1663",12-05-20,33,"Beaufort","Ozone","Carteret",34.8848,-76.6203
"1664",12-06-20,34,"Beaufort","Ozone","Carteret",34.8848,-76.6203
"1665",12-07-20,31,"Beaufort","Ozone","Carteret",34.8848,-76.6203
"1666",12-08-20,35,"Beaufort","Ozone","Carteret",34.8848,-76.6203
"1667",12-09-20,34,"Beaufort","Ozone","Carteret",34.8848,-76.6203
"1668",12-10-20,43,"Beaufort","Ozone","Carteret",34.8848,-76.6203
"1669",12-11-20,28,"Beaufort","Ozone","Carteret",34.8848,-76.6203
"1670",12-12-20,32,"Beaufort","Ozone","Carteret",34.8848,-76.6203
"1671",NA,30,"Beaufort","Ozone","Carteret",34.8848,-76.6203
"1672",NA,24,"Beaufort","Ozone","Carteret",34.8848,-76.6203
"1673",NA,31,"Beaufort","Ozone","Carteret",34.8848,-76.6203
"1674",NA,35,"Beaufort","Ozone","Carteret",34.8848,-76.6203
"1675",NA,34,"Beaufort","Ozone","Carteret",34.8848,-76.6203
"1676",NA,32,"Beaufort","Ozone","Carteret",34.8848,-76.6203
"1677",NA,35,"Beaufort","Ozone","Carteret",34.8848,-76.6203
"1678",NA,26,"Beaufort","Ozone","Carteret",34.8848,-76.6203
"1679",NA,30,"Beaufort","Ozone","Carteret",34.8848,-76.6203
"1680",NA,31,"Beaufort","Ozone","Carteret",34.8848,-76.6203
"1681",NA,35,"Beaufort","Ozone","Carteret",34.8848,-76.6203
"1682",NA,29,"Beaufort","Ozone","Carteret",34.8848,-76.6203
"1683",NA,31,"Beaufort","Ozone","Carteret",34.8848,-76.6203
"1684",NA,32,"Beaufort","Ozone","Carteret",34.8848,-76.6203
"1685",NA,32,"Beaufort","Ozone","Carteret",34.8848,-76.6203
"1686",NA,34,"Beaufort","Ozone","Carteret",34.8848,-76.6203
"1687",NA,34,"Beaufort","Ozone","Carteret",34.8848,-76.6203
"1688",NA,31,"Beaufort","Ozone","Carteret",34.8848,-76.6203
"1689",1-01-20,32,"Cherry Grove","Ozone","Caswell",36.307033,-79.467417
"1690",1-02-20,20,"Cherry Grove","Ozone","Caswell",36.307033,-79.467417
"1691",1-03-20,17,"Cherry Grove","Ozone","Caswell",36.307033,-79.467417
"1692",1-04-20,15,"Cherry Grove","Ozone","Caswell",36.307033,-79.467417
"1693",1-05-20,37,"Cherry Grove","Ozone","Caswell",36.307033,-79.467417
"1694",1-06-20,30,"Cherry Grove","Ozone","Caswell",36.307033,-79.467417
"1695",1-07-20,29,"Cherry Grove","Ozone","Caswell",36.307033,-79.467417
"1696",NA,23,"Cherry Grove","Ozone","Caswell",36.307033,-79.467417
"1697",NA,32,"Cherry Grove","Ozone","Caswell",36.307033,-79.467417
"1698",NA,33,"Cherry Grove","Ozone","Caswell",36.307033,-79.467417
"1699",NA,44,"Cherry Grove","Ozone","Caswell",36.307033,-79.467417
"1700",NA,44,"Cherry Grove","Ozone","Caswell",36.307033,-79.467417
"1701",NA,44,"Cherry Grove","Ozone","Caswell",36.307033,-79.467417
"1702",NA,31,"Cherry Grove","Ozone","Caswell",36.307033,-79.467417
"1703",NA,39,"Cherry Grove","Ozone","Caswell",36.307033,-79.467417
"1704",3-01-20,26,"Cherry Grove","Ozone","Caswell",36.307033,-79.467417
"1705",3-02-20,32,"Cherry Grove","Ozone","Caswell",36.307033,-79.467417
"1706",3-03-20,29,"Cherry Grove","Ozone","Caswell",36.307033,-79.467417
"1707",3-04-20,41,"Cherry Grove","Ozone","Caswell",36.307033,-79.467417
"1708",3-05-20,41,"Cherry Grove","Ozone","Caswell",36.307033,-79.467417
"1709",3-06-20,43,"Cherry Grove","Ozone","Caswell",36.307033,-79.467417
"1710",3-07-20,41,"Cherry Grove","Ozone","Caswell",36.307033,-79.467417
"1711",3-08-20,31,"Cherry Grove","Ozone","Caswell",36.307033,-79.467417
"1712",3-09-20,23,"Cherry Grove","Ozone","Caswell",36.307033,-79.467417
"1713",3-10-20,26,"Cherry Grove","Ozone","Caswell",36.307033,-79.467417
"1714",3-11-20,42,"Cherry Grove","Ozone","Caswell",36.307033,-79.467417
"1715",3-12-20,46,"Cherry Grove","Ozone","Caswell",36.307033,-79.467417
"1716",NA,47,"Cherry Grove","Ozone","Caswell",36.307033,-79.467417
"1717",NA,44,"Cherry Grove","Ozone","Caswell",36.307033,-79.467417
"1718",NA,38,"Cherry Grove","Ozone","Caswell",36.307033,-79.467417
"1719",NA,44,"Cherry Grove","Ozone","Caswell",36.307033,-79.467417
"1720",NA,45,"Cherry Grove","Ozone","Caswell",36.307033,-79.467417
"1721",NA,45,"Cherry Grove","Ozone","Caswell",36.307033,-79.467417
"1722",NA,47,"Cherry Grove","Ozone","Caswell",36.307033,-79.467417
"1723",NA,47,"Cherry Grove","Ozone","Caswell",36.307033,-79.467417
"1724",NA,44,"Cherry Grove","Ozone","Caswell",36.307033,-79.467417
"1725",NA,44,"Cherry Grove","Ozone","Caswell",36.307033,-79.467417
"1726",NA,48,"Cherry Grove","Ozone","Caswell",36.307033,-79.467417
"1727",NA,61,"Cherry Grove","Ozone","Caswell",36.307033,-79.467417
"1728",NA,41,"Cherry Grove","Ozone","Caswell",36.307033,-79.467417
"1729",NA,43,"Cherry Grove","Ozone","Caswell",36.307033,-79.467417
"1730",NA,47,"Cherry Grove","Ozone","Caswell",36.307033,-79.467417
"1731",NA,49,"Cherry Grove","Ozone","Caswell",36.307033,-79.467417
"1732",NA,64,"Cherry Grove","Ozone","Caswell",36.307033,-79.467417
"1733",NA,48,"Cherry Grove","Ozone","Caswell",36.307033,-79.467417
"1734",NA,42,"Cherry Grove","Ozone","Caswell",36.307033,-79.467417
"1735",4-01-20,44,"Cherry Grove","Ozone","Caswell",36.307033,-79.467417
"1736",4-02-20,39,"Cherry Grove","Ozone","Caswell",36.307033,-79.467417
"1737",4-03-20,50,"Cherry Grove","Ozone","Caswell",36.307033,-79.467417
"1738",4-04-20,51,"Cherry Grove","Ozone","Caswell",36.307033,-79.467417
"1739",4-05-20,34,"Cherry Grove","Ozone","Caswell",36.307033,-79.467417
"1740",4-06-20,34,"Cherry Grove","Ozone","Caswell",36.307033,-79.467417
"1741",4-07-20,31,"Cherry Grove","Ozone","Caswell",36.307033,-79.467417
"1742",4-08-20,31,"Cherry Grove","Ozone","Caswell",36.307033,-79.467417
"1743",4-09-20,36,"Cherry Grove","Ozone","Caswell",36.307033,-79.467417
"1744",4-10-20,51,"Cherry Grove","Ozone","Caswell",36.307033,-79.467417
"1745",4-11-20,45,"Cherry Grove","Ozone","Caswell",36.307033,-79.467417
"1746",4-12-20,26,"Cherry Grove","Ozone","Caswell",36.307033,-79.467417
"1747",NA,29,"Cherry Grove","Ozone","Caswell",36.307033,-79.467417
"1748",NA,33,"Cherry Grove","Ozone","Caswell",36.307033,-79.467417
"1749",NA,45,"Cherry Grove","Ozone","Caswell",36.307033,-79.467417
"1750",NA,49,"Cherry Grove","Ozone","Caswell",36.307033,-79.467417
"1751",NA,61,"Cherry Grove","Ozone","Caswell",36.307033,-79.467417
"1752",NA,41,"Cherry Grove","Ozone","Caswell",36.307033,-79.467417
"1753",NA,31,"Cherry Grove","Ozone","Caswell",36.307033,-79.467417
"1754",NA,33,"Cherry Grove","Ozone","Caswell",36.307033,-79.467417
"1755",NA,31,"Cherry Grove","Ozone","Caswell",36.307033,-79.467417
"1756",NA,40,"Cherry Grove","Ozone","Caswell",36.307033,-79.467417
"1757",NA,45,"Cherry Grove","Ozone","Caswell",36.307033,-79.467417
"1758",NA,47,"Cherry Grove","Ozone","Caswell",36.307033,-79.467417
"1759",NA,42,"Cherry Grove","Ozone","Caswell",36.307033,-79.467417
"1760",NA,43,"Cherry Grove","Ozone","Caswell",36.307033,-79.467417
"1761",NA,48,"Cherry Grove","Ozone","Caswell",36.307033,-79.467417
"1762",NA,44,"Cherry Grove","Ozone","Caswell",36.307033,-79.467417
"1763",NA,31,"Cherry Grove","Ozone","Caswell",36.307033,-79.467417
"1764",NA,45,"Cherry Grove","Ozone","Caswell",36.307033,-79.467417
"1765",5-01-20,34,"Cherry Grove","Ozone","Caswell",36.307033,-79.467417
"1766",5-02-20,37,"Cherry Grove","Ozone","Caswell",36.307033,-79.467417
"1767",5-03-20,30,"Cherry Grove","Ozone","Caswell",36.307033,-79.467417
"1768",5-04-20,38,"Cherry Grove","Ozone","Caswell",36.307033,-79.467417
"1769",5-05-20,24,"Cherry Grove","Ozone","Caswell",36.307033,-79.467417
"1770",5-06-20,33,"Cherry Grove","Ozone","Caswell",36.307033,-79.467417
"1771",5-07-20,36,"Cherry Grove","Ozone","Caswell",36.307033,-79.467417
"1772",5-08-20,33,"Cherry Grove","Ozone","Caswell",36.307033,-79.467417
"1773",5-09-20,36,"Cherry Grove","Ozone","Caswell",36.307033,-79.467417
"1774",5-10-20,31,"Cherry Grove","Ozone","Caswell",36.307033,-79.467417
"1775",5-11-20,23,"Cherry Grove","Ozone","Caswell",36.307033,-79.467417
"1776",5-12-20,27,"Cherry Grove","Ozone","Caswell",36.307033,-79.467417
"1777",NA,33,"Cherry Grove","Ozone","Caswell",36.307033,-79.467417
"1778",NA,40,"Cherry Grove","Ozone","Caswell",36.307033,-79.467417
"1779",NA,46,"Cherry Grove","Ozone","Caswell",36.307033,-79.467417
"1780",NA,45,"Cherry Grove","Ozone","Caswell",36.307033,-79.467417
"1781",NA,41,"Cherry Grove","Ozone","Caswell",36.307033,-79.467417
"1782",NA,45,"Cherry Grove","Ozone","Caswell",36.307033,-79.467417
"1783",NA,41,"Cherry Grove","Ozone","Caswell",36.307033,-79.467417
"1784",NA,43,"Cherry Grove","Ozone","Caswell",36.307033,-79.467417
"1785",NA,42,"Cherry Grove","Ozone","Caswell",36.307033,-79.467417
"1786",NA,40,"Cherry Grove","Ozone","Caswell",36.307033,-79.467417
"1787",NA,36,"Cherry Grove","Ozone","Caswell",36.307033,-79.467417
"1788",NA,34,"Cherry Grove","Ozone","Caswell",36.307033,-79.467417
"1789",NA,44,"Cherry Grove","Ozone","Caswell",36.307033,-79.467417
"1790",NA,43,"Cherry Grove","Ozone","Caswell",36.307033,-79.467417
"1791",NA,37,"Cherry Grove","Ozone","Caswell",36.307033,-79.467417
"1792",NA,50,"Cherry Grove","Ozone","Caswell",36.307033,-79.467417
"1793",NA,39,"Cherry Grove","Ozone","Caswell",36.307033,-79.467417
"1794",NA,54,"Cherry Grove","Ozone","Caswell",36.307033,-79.467417
"1795",NA,34,"Cherry Grove","Ozone","Caswell",36.307033,-79.467417
"1796",6-01-20,43,"Cherry Grove","Ozone","Caswell",36.307033,-79.467417
"1797",6-02-20,50,"Cherry Grove","Ozone","Caswell",36.307033,-79.467417
"1798",6-03-20,44,"Cherry Grove","Ozone","Caswell",36.307033,-79.467417
"1799",6-04-20,47,"Cherry Grove","Ozone","Caswell",36.307033,-79.467417
"1800",6-05-20,36,"Cherry Grove","Ozone","Caswell",36.307033,-79.467417
"1801",6-06-20,43,"Cherry Grove","Ozone","Caswell",36.307033,-79.467417
"1802",6-07-20,22,"Cherry Grove","Ozone","Caswell",36.307033,-79.467417
"1803",6-08-20,28,"Cherry Grove","Ozone","Caswell",36.307033,-79.467417
"1804",6-09-20,19,"Cherry Grove","Ozone","Caswell",36.307033,-79.467417
"1805",6-10-20,29,"Cherry Grove","Ozone","Caswell",36.307033,-79.467417
"1806",6-11-20,39,"Cherry Grove","Ozone","Caswell",36.307033,-79.467417
"1807",6-12-20,33,"Cherry Grove","Ozone","Caswell",36.307033,-79.467417
"1808",NA,40,"Cherry Grove","Ozone","Caswell",36.307033,-79.467417
"1809",NA,38,"Cherry Grove","Ozone","Caswell",36.307033,-79.467417
"1810",NA,45,"Cherry Grove","Ozone","Caswell",36.307033,-79.467417
"1811",NA,37,"Cherry Grove","Ozone","Caswell",36.307033,-79.467417
"1812",NA,36,"Cherry Grove","Ozone","Caswell",36.307033,-79.467417
"1813",NA,28,"Cherry Grove","Ozone","Caswell",36.307033,-79.467417
"1814",NA,30,"Cherry Grove","Ozone","Caswell",36.307033,-79.467417
"1815",NA,38,"Cherry Grove","Ozone","Caswell",36.307033,-79.467417
"1816",NA,39,"Cherry Grove","Ozone","Caswell",36.307033,-79.467417
"1817",NA,31,"Cherry Grove","Ozone","Caswell",36.307033,-79.467417
"1818",NA,30,"Cherry Grove","Ozone","Caswell",36.307033,-79.467417
"1819",NA,35,"Cherry Grove","Ozone","Caswell",36.307033,-79.467417
"1820",NA,32,"Cherry Grove","Ozone","Caswell",36.307033,-79.467417
"1821",NA,43,"Cherry Grove","Ozone","Caswell",36.307033,-79.467417
"1822",NA,44,"Cherry Grove","Ozone","Caswell",36.307033,-79.467417
"1823",NA,48,"Cherry Grove","Ozone","Caswell",36.307033,-79.467417
"1824",NA,51,"Cherry Grove","Ozone","Caswell",36.307033,-79.467417
"1825",NA,36,"Cherry Grove","Ozone","Caswell",36.307033,-79.467417
"1826",7-01-20,37,"Cherry Grove","Ozone","Caswell",36.307033,-79.467417
"1827",7-02-20,42,"Cherry Grove","Ozone","Caswell",36.307033,-79.467417
"1828",7-03-20,40,"Cherry Grove","Ozone","Caswell",36.307033,-79.467417
"1829",7-04-20,32,"Cherry Grove","Ozone","Caswell",36.307033,-79.467417
"1830",7-05-20,38,"Cherry Grove","Ozone","Caswell",36.307033,-79.467417
"1831",7-06-20,33,"Cherry Grove","Ozone","Caswell",36.307033,-79.467417
"1832",7-07-20,33,"Cherry Grove","Ozone","Caswell",36.307033,-79.467417
"1833",7-08-20,31,"Cherry Grove","Ozone","Caswell",36.307033,-79.467417
"1834",7-09-20,31,"Cherry Grove","Ozone","Caswell",36.307033,-79.467417
"1835",7-10-20,36,"Cherry Grove","Ozone","Caswell",36.307033,-79.467417
"1836",7-11-20,37,"Cherry Grove","Ozone","Caswell",36.307033,-79.467417
"1837",7-12-20,44,"Cherry Grove","Ozone","Caswell",36.307033,-79.467417
"1838",NA,40,"Cherry Grove","Ozone","Caswell",36.307033,-79.467417
"1839",NA,46,"Cherry Grove","Ozone","Caswell",36.307033,-79.467417
"1840",NA,42,"Cherry Grove","Ozone","Caswell",36.307033,-79.467417
"1841",NA,50,"Cherry Grove","Ozone","Caswell",36.307033,-79.467417
"1842",NA,42,"Cherry Grove","Ozone","Caswell",36.307033,-79.467417
"1843",NA,36,"Cherry Grove","Ozone","Caswell",36.307033,-79.467417
"1844",NA,39,"Cherry Grove","Ozone","Caswell",36.307033,-79.467417
"1845",NA,36,"Cherry Grove","Ozone","Caswell",36.307033,-79.467417
"1846",NA,41,"Cherry Grove","Ozone","Caswell",36.307033,-79.467417
"1847",NA,42,"Cherry Grove","Ozone","Caswell",36.307033,-79.467417
"1848",NA,29,"Cherry Grove","Ozone","Caswell",36.307033,-79.467417
"1849",NA,37,"Cherry Grove","Ozone","Caswell",36.307033,-79.467417
"1850",NA,39,"Cherry Grove","Ozone","Caswell",36.307033,-79.467417
"1851",NA,47,"Cherry Grove","Ozone","Caswell",36.307033,-79.467417
"1852",NA,50,"Cherry Grove","Ozone","Caswell",36.307033,-79.467417
"1853",NA,50,"Cherry Grove","Ozone","Caswell",36.307033,-79.467417
"1854",NA,51,"Cherry Grove","Ozone","Caswell",36.307033,-79.467417
"1855",NA,54,"Cherry Grove","Ozone","Caswell",36.307033,-79.467417
"1856",NA,40,"Cherry Grove","Ozone","Caswell",36.307033,-79.467417
"1857",8-01-20,41,"Cherry Grove","Ozone","Caswell",36.307033,-79.467417
"1858",8-02-20,39,"Cherry Grove","Ozone","Caswell",36.307033,-79.467417
"1859",8-03-20,44,"Cherry Grove","Ozone","Caswell",36.307033,-79.467417
"1860",8-04-20,35,"Cherry Grove","Ozone","Caswell",36.307033,-79.467417
"1861",8-05-20,31,"Cherry Grove","Ozone","Caswell",36.307033,-79.467417
"1862",8-06-20,44,"Cherry Grove","Ozone","Caswell",36.307033,-79.467417
"1863",8-07-20,42,"Cherry Grove","Ozone","Caswell",36.307033,-79.467417
"1864",8-08-20,41,"Cherry Grove","Ozone","Caswell",36.307033,-79.467417
"1865",8-09-20,38,"Cherry Grove","Ozone","Caswell",36.307033,-79.467417
"1866",8-10-20,37,"Cherry Grove","Ozone","Caswell",36.307033,-79.467417
"1867",8-11-20,39,"Cherry Grove","Ozone","Caswell",36.307033,-79.467417
"1868",8-12-20,37,"Cherry Grove","Ozone","Caswell",36.307033,-79.467417
"1869",NA,40,"Cherry Grove","Ozone","Caswell",36.307033,-79.467417
"1870",NA,35,"Cherry Grove","Ozone","Caswell",36.307033,-79.467417
"1871",NA,42,"Cherry Grove","Ozone","Caswell",36.307033,-79.467417
"1872",NA,34,"Cherry Grove","Ozone","Caswell",36.307033,-79.467417
"1873",NA,34,"Cherry Grove","Ozone","Caswell",36.307033,-79.467417
"1874",NA,43,"Cherry Grove","Ozone","Caswell",36.307033,-79.467417
"1875",NA,44,"Cherry Grove","Ozone","Caswell",36.307033,-79.467417
"1876",NA,37,"Cherry Grove","Ozone","Caswell",36.307033,-79.467417
"1877",NA,43,"Cherry Grove","Ozone","Caswell",36.307033,-79.467417
"1878",NA,39,"Cherry Grove","Ozone","Caswell",36.307033,-79.467417
"1879",NA,36,"Cherry Grove","Ozone","Caswell",36.307033,-79.467417
"1880",NA,23,"Cherry Grove","Ozone","Caswell",36.307033,-79.467417
"1881",NA,31,"Cherry Grove","Ozone","Caswell",36.307033,-79.467417
"1882",NA,27,"Cherry Grove","Ozone","Caswell",36.307033,-79.467417
"1883",NA,23,"Cherry Grove","Ozone","Caswell",36.307033,-79.467417
"1884",NA,29,"Cherry Grove","Ozone","Caswell",36.307033,-79.467417
"1885",NA,40,"Cherry Grove","Ozone","Caswell",36.307033,-79.467417
"1886",NA,39,"Cherry Grove","Ozone","Caswell",36.307033,-79.467417
"1887",NA,45,"Cherry Grove","Ozone","Caswell",36.307033,-79.467417
"1888",9-01-20,34,"Cherry Grove","Ozone","Caswell",36.307033,-79.467417
"1889",9-02-20,31,"Cherry Grove","Ozone","Caswell",36.307033,-79.467417
"1890",9-03-20,35,"Cherry Grove","Ozone","Caswell",36.307033,-79.467417
"1891",9-04-20,34,"Cherry Grove","Ozone","Caswell",36.307033,-79.467417
"1892",9-05-20,34,"Cherry Grove","Ozone","Caswell",36.307033,-79.467417
"1893",9-06-20,42,"Cherry Grove","Ozone","Caswell",36.307033,-79.467417
"1894",9-07-20,43,"Cherry Grove","Ozone","Caswell",36.307033,-79.467417
"1895",9-08-20,46,"Cherry Grove","Ozone","Caswell",36.307033,-79.467417
"1896",9-09-20,33,"Cherry Grove","Ozone","Caswell",36.307033,-79.467417
"1897",9-10-20,36,"Cherry Grove","Ozone","Caswell",36.307033,-79.467417
"1898",9-11-20,46,"Cherry Grove","Ozone","Caswell",36.307033,-79.467417
"1899",9-12-20,45,"Cherry Grove","Ozone","Caswell",36.307033,-79.467417
"1900",NA,33,"Cherry Grove","Ozone","Caswell",36.307033,-79.467417
"1901",NA,27,"Cherry Grove","Ozone","Caswell",36.307033,-79.467417
"1902",NA,36,"Cherry Grove","Ozone","Caswell",36.307033,-79.467417
"1903",NA,40,"Cherry Grove","Ozone","Caswell",36.307033,-79.467417
"1904",NA,39,"Cherry Grove","Ozone","Caswell",36.307033,-79.467417
"1905",NA,41,"Cherry Grove","Ozone","Caswell",36.307033,-79.467417
"1906",NA,39,"Cherry Grove","Ozone","Caswell",36.307033,-79.467417
"1907",NA,44,"Cherry Grove","Ozone","Caswell",36.307033,-79.467417
"1908",NA,46,"Cherry Grove","Ozone","Caswell",36.307033,-79.467417
"1909",NA,48,"Cherry Grove","Ozone","Caswell",36.307033,-79.467417
"1910",NA,49,"Cherry Grove","Ozone","Caswell",36.307033,-79.467417
"1911",NA,40,"Cherry Grove","Ozone","Caswell",36.307033,-79.467417
"1912",NA,44,"Cherry Grove","Ozone","Caswell",36.307033,-79.467417
"1913",NA,50,"Cherry Grove","Ozone","Caswell",36.307033,-79.467417
"1914",NA,44,"Cherry Grove","Ozone","Caswell",36.307033,-79.467417
"1915",NA,40,"Cherry Grove","Ozone","Caswell",36.307033,-79.467417
"1916",NA,39,"Cherry Grove","Ozone","Caswell",36.307033,-79.467417
"1917",NA,30,"Cherry Grove","Ozone","Caswell",36.307033,-79.467417
"1918",10-01-20,40,"Cherry Grove","Ozone","Caswell",36.307033,-79.467417
"1919",10-02-20,41,"Cherry Grove","Ozone","Caswell",36.307033,-79.467417
"1920",10-03-20,47,"Cherry Grove","Ozone","Caswell",36.307033,-79.467417
"1921",10-04-20,46,"Cherry Grove","Ozone","Caswell",36.307033,-79.467417
"1922",10-05-20,28,"Cherry Grove","Ozone","Caswell",36.307033,-79.467417
"1923",10-06-20,30,"Cherry Grove","Ozone","Caswell",36.307033,-79.467417
"1924",10-07-20,32,"Cherry Grove","Ozone","Caswell",36.307033,-79.467417
"1925",10-08-20,30,"Cherry Grove","Ozone","Caswell",36.307033,-79.467417
"1926",10-09-20,35,"Cherry Grove","Ozone","Caswell",36.307033,-79.467417
"1927",10-10-20,39,"Cherry Grove","Ozone","Caswell",36.307033,-79.467417
"1928",10-11-20,39,"Cherry Grove","Ozone","Caswell",36.307033,-79.467417
"1929",10-12-20,42,"Cherry Grove","Ozone","Caswell",36.307033,-79.467417
"1930",NA,20,"Cherry Grove","Ozone","Caswell",36.307033,-79.467417
"1931",NA,42,"Cherry Grove","Ozone","Caswell",36.307033,-79.467417
"1932",NA,44,"Cherry Grove","Ozone","Caswell",36.307033,-79.467417
"1933",NA,31,"Cherry Grove","Ozone","Caswell",36.307033,-79.467417
"1934",NA,33,"Cherry Grove","Ozone","Caswell",36.307033,-79.467417
"1935",NA,34,"Cherry Grove","Ozone","Caswell",36.307033,-79.467417
"1936",NA,36,"Cherry Grove","Ozone","Caswell",36.307033,-79.467417
"1937",NA,27,"Cherry Grove","Ozone","Caswell",36.307033,-79.467417
"1938",NA,29,"Cherry Grove","Ozone","Caswell",36.307033,-79.467417
"1939",NA,21,"Cherry Grove","Ozone","Caswell",36.307033,-79.467417
"1940",NA,34,"Cherry Grove","Ozone","Caswell",36.307033,-79.467417
"1941",NA,39,"Cherry Grove","Ozone","Caswell",36.307033,-79.467417
"1942",NA,29,"Cherry Grove","Ozone","Caswell",36.307033,-79.467417
"1943",NA,36,"Cherry Grove","Ozone","Caswell",36.307033,-79.467417
"1944",NA,29,"Cherry Grove","Ozone","Caswell",36.307033,-79.467417
"1945",NA,34,"Cherry Grove","Ozone","Caswell",36.307033,-79.467417
"1946",NA,20,"Cherry Grove","Ozone","Caswell",36.307033,-79.467417
"1947",NA,20,"Cherry Grove","Ozone","Caswell",36.307033,-79.467417
"1948",NA,25,"Cherry Grove","Ozone","Caswell",36.307033,-79.467417
"1949",NA,23,"Wade","Ozone","Cumberland",35.158686,-78.728035
"1950",NA,37,"Wade","Ozone","Cumberland",35.158686,-78.728035
"1951",NA,37,"Wade","Ozone","Cumberland",35.158686,-78.728035
"1952",NA,43,"Wade","Ozone","Cumberland",35.158686,-78.728035
"1953",NA,44,"Wade","Ozone","Cumberland",35.158686,-78.728035
"1954",NA,44,"Wade","Ozone","Cumberland",35.158686,-78.728035
"1955",NA,34,"Wade","Ozone","Cumberland",35.158686,-78.728035
"1956",NA,35,"Wade","Ozone","Cumberland",35.158686,-78.728035
"1957",3-01-20,24,"Wade","Ozone","Cumberland",35.158686,-78.728035
"1958",3-02-20,30,"Wade","Ozone","Cumberland",35.158686,-78.728035
"1959",3-03-20,25,"Wade","Ozone","Cumberland",35.158686,-78.728035
"1960",3-04-20,36,"Wade","Ozone","Cumberland",35.158686,-78.728035
"1961",3-05-20,35,"Wade","Ozone","Cumberland",35.158686,-78.728035
"1962",3-06-20,43,"Wade","Ozone","Cumberland",35.158686,-78.728035
"1963",3-07-20,45,"Wade","Ozone","Cumberland",35.158686,-78.728035
"1964",3-08-20,38,"Wade","Ozone","Cumberland",35.158686,-78.728035
"1965",3-09-20,29,"Wade","Ozone","Cumberland",35.158686,-78.728035
"1966",3-10-20,32,"Wade","Ozone","Cumberland",35.158686,-78.728035
"1967",3-11-20,46,"Wade","Ozone","Cumberland",35.158686,-78.728035
"1968",3-12-20,48,"Wade","Ozone","Cumberland",35.158686,-78.728035
"1969",NA,49,"Wade","Ozone","Cumberland",35.158686,-78.728035
"1970",NA,51,"Wade","Ozone","Cumberland",35.158686,-78.728035
"1971",NA,41,"Wade","Ozone","Cumberland",35.158686,-78.728035
"1972",NA,44,"Wade","Ozone","Cumberland",35.158686,-78.728035
"1973",NA,45,"Wade","Ozone","Cumberland",35.158686,-78.728035
"1974",NA,51,"Wade","Ozone","Cumberland",35.158686,-78.728035
"1975",NA,47,"Wade","Ozone","Cumberland",35.158686,-78.728035
"1976",NA,43,"Wade","Ozone","Cumberland",35.158686,-78.728035
"1977",NA,51,"Wade","Ozone","Cumberland",35.158686,-78.728035
"1978",NA,46,"Wade","Ozone","Cumberland",35.158686,-78.728035
"1979",NA,51,"Wade","Ozone","Cumberland",35.158686,-78.728035
"1980",NA,58,"Wade","Ozone","Cumberland",35.158686,-78.728035
"1981",NA,50,"Wade","Ozone","Cumberland",35.158686,-78.728035
"1982",NA,44,"Wade","Ozone","Cumberland",35.158686,-78.728035
"1983",NA,47,"Wade","Ozone","Cumberland",35.158686,-78.728035
"1984",NA,49,"Wade","Ozone","Cumberland",35.158686,-78.728035
"1985",NA,54,"Wade","Ozone","Cumberland",35.158686,-78.728035
"1986",NA,49,"Wade","Ozone","Cumberland",35.158686,-78.728035
"1987",NA,42,"Wade","Ozone","Cumberland",35.158686,-78.728035
"1988",4-01-20,45,"Wade","Ozone","Cumberland",35.158686,-78.728035
"1989",4-02-20,35,"Wade","Ozone","Cumberland",35.158686,-78.728035
"1990",4-03-20,51,"Wade","Ozone","Cumberland",35.158686,-78.728035
"1991",4-04-20,67,"Wade","Ozone","Cumberland",35.158686,-78.728035
"1992",4-05-20,41,"Wade","Ozone","Cumberland",35.158686,-78.728035
"1993",4-06-20,38,"Wade","Ozone","Cumberland",35.158686,-78.728035
"1994",4-07-20,33,"Wade","Ozone","Cumberland",35.158686,-78.728035
"1995",4-08-20,34,"Wade","Ozone","Cumberland",35.158686,-78.728035
"1996",4-09-20,24,"Wade","Ozone","Cumberland",35.158686,-78.728035
"1997",4-10-20,54,"Wade","Ozone","Cumberland",35.158686,-78.728035
"1998",4-11-20,50,"Wade","Ozone","Cumberland",35.158686,-78.728035
"1999",4-12-20,32,"Wade","Ozone","Cumberland",35.158686,-78.728035
"2000",NA,29,"Wade","Ozone","Cumberland",35.158686,-78.728035
"2001",NA,32,"Wade","Ozone","Cumberland",35.158686,-78.728035
"2002",NA,50,"Wade","Ozone","Cumberland",35.158686,-78.728035
"2003",NA,50,"Wade","Ozone","Cumberland",35.158686,-78.728035
"2004",NA,71,"Wade","Ozone","Cumberland",35.158686,-78.728035
"2005",NA,47,"Wade","Ozone","Cumberland",35.158686,-78.728035
"2006",NA,36,"Wade","Ozone","Cumberland",35.158686,-78.728035
"2007",NA,37,"Wade","Ozone","Cumberland",35.158686,-78.728035
"2008",NA,30,"Wade","Ozone","Cumberland",35.158686,-78.728035
"2009",NA,41,"Wade","Ozone","Cumberland",35.158686,-78.728035
"2010",NA,54,"Wade","Ozone","Cumberland",35.158686,-78.728035
"2011",NA,61,"Wade","Ozone","Cumberland",35.158686,-78.728035
"2012",NA,58,"Wade","Ozone","Cumberland",35.158686,-78.728035
"2013",NA,49,"Wade","Ozone","Cumberland",35.158686,-78.728035
"2014",NA,74,"Wade","Ozone","Cumberland",35.158686,-78.728035
"2015",NA,54,"Wade","Ozone","Cumberland",35.158686,-78.728035
"2016",NA,44,"Wade","Ozone","Cumberland",35.158686,-78.728035
"2017",NA,50,"Wade","Ozone","Cumberland",35.158686,-78.728035
"2018",5-01-20,36,"Wade","Ozone","Cumberland",35.158686,-78.728035
"2019",5-02-20,42,"Wade","Ozone","Cumberland",35.158686,-78.728035
"2020",5-03-20,23,"Wade","Ozone","Cumberland",35.158686,-78.728035
"2021",5-04-20,38,"Wade","Ozone","Cumberland",35.158686,-78.728035
"2022",5-05-20,33,"Wade","Ozone","Cumberland",35.158686,-78.728035
"2023",5-06-20,44,"Wade","Ozone","Cumberland",35.158686,-78.728035
"2024",5-07-20,49,"Wade","Ozone","Cumberland",35.158686,-78.728035
"2025",5-08-20,48,"Wade","Ozone","Cumberland",35.158686,-78.728035
"2026",5-09-20,44,"Wade","Ozone","Cumberland",35.158686,-78.728035
"2027",5-10-20,43,"Wade","Ozone","Cumberland",35.158686,-78.728035
"2028",5-11-20,35,"Wade","Ozone","Cumberland",35.158686,-78.728035
"2029",5-12-20,37,"Wade","Ozone","Cumberland",35.158686,-78.728035
"2030",NA,39,"Wade","Ozone","Cumberland",35.158686,-78.728035
"2031",NA,43,"Wade","Ozone","Cumberland",35.158686,-78.728035
"2032",NA,48,"Wade","Ozone","Cumberland",35.158686,-78.728035
"2033",NA,64,"Wade","Ozone","Cumberland",35.158686,-78.728035
"2034",NA,58,"Wade","Ozone","Cumberland",35.158686,-78.728035
"2035",NA,64,"Wade","Ozone","Cumberland",35.158686,-78.728035
"2036",NA,46,"Wade","Ozone","Cumberland",35.158686,-78.728035
"2037",NA,41,"Wade","Ozone","Cumberland",35.158686,-78.728035
"2038",NA,64,"Wade","Ozone","Cumberland",35.158686,-78.728035
"2039",NA,54,"Wade","Ozone","Cumberland",35.158686,-78.728035
"2040",NA,43,"Wade","Ozone","Cumberland",35.158686,-78.728035
"2041",NA,44,"Wade","Ozone","Cumberland",35.158686,-78.728035
"2042",NA,48,"Wade","Ozone","Cumberland",35.158686,-78.728035
"2043",NA,44,"Wade","Ozone","Cumberland",35.158686,-78.728035
"2044",NA,44,"Wade","Ozone","Cumberland",35.158686,-78.728035
"2045",NA,58,"Wade","Ozone","Cumberland",35.158686,-78.728035
"2046",NA,48,"Wade","Ozone","Cumberland",35.158686,-78.728035
"2047",NA,64,"Wade","Ozone","Cumberland",35.158686,-78.728035
"2048",NA,50,"Wade","Ozone","Cumberland",35.158686,-78.728035
"2049",6-01-20,46,"Wade","Ozone","Cumberland",35.158686,-78.728035
"2050",6-02-20,84,"Wade","Ozone","Cumberland",35.158686,-78.728035
"2051",6-03-20,67,"Wade","Ozone","Cumberland",35.158686,-78.728035
"2052",6-04-20,50,"Wade","Ozone","Cumberland",35.158686,-78.728035
"2053",6-05-20,44,"Wade","Ozone","Cumberland",35.158686,-78.728035
"2054",6-06-20,44,"Wade","Ozone","Cumberland",35.158686,-78.728035
"2055",6-07-20,26,"Wade","Ozone","Cumberland",35.158686,-78.728035
"2056",6-08-20,28,"Wade","Ozone","Cumberland",35.158686,-78.728035
"2057",6-09-20,24,"Wade","Ozone","Cumberland",35.158686,-78.728035
"2058",6-10-20,32,"Wade","Ozone","Cumberland",35.158686,-78.728035
"2059",6-11-20,36,"Wade","Ozone","Cumberland",35.158686,-78.728035
"2060",6-12-20,36,"Wade","Ozone","Cumberland",35.158686,-78.728035
"2061",NA,39,"Wade","Ozone","Cumberland",35.158686,-78.728035
"2062",NA,45,"Wade","Ozone","Cumberland",35.158686,-78.728035
"2063",NA,54,"Wade","Ozone","Cumberland",35.158686,-78.728035
"2064",NA,48,"Wade","Ozone","Cumberland",35.158686,-78.728035
"2065",NA,38,"Wade","Ozone","Cumberland",35.158686,-78.728035
"2066",NA,29,"Wade","Ozone","Cumberland",35.158686,-78.728035
"2067",NA,35,"Wade","Ozone","Cumberland",35.158686,-78.728035
"2068",NA,47,"Wade","Ozone","Cumberland",35.158686,-78.728035
"2069",NA,47,"Wade","Ozone","Cumberland",35.158686,-78.728035
"2070",NA,46,"Wade","Ozone","Cumberland",35.158686,-78.728035
"2071",NA,41,"Wade","Ozone","Cumberland",35.158686,-78.728035
"2072",NA,46,"Wade","Ozone","Cumberland",35.158686,-78.728035
"2073",NA,49,"Wade","Ozone","Cumberland",35.158686,-78.728035
"2074",NA,58,"Wade","Ozone","Cumberland",35.158686,-78.728035
"2075",NA,67,"Wade","Ozone","Cumberland",35.158686,-78.728035
"2076",NA,77,"Wade","Ozone","Cumberland",35.158686,-78.728035
"2077",NA,61,"Wade","Ozone","Cumberland",35.158686,-78.728035
"2078",NA,54,"Wade","Ozone","Cumberland",35.158686,-78.728035
"2079",7-01-20,61,"Wade","Ozone","Cumberland",35.158686,-78.728035
"2080",7-02-20,54,"Wade","Ozone","Cumberland",35.158686,-78.728035
"2081",7-03-20,51,"Wade","Ozone","Cumberland",35.158686,-78.728035
"2082",7-04-20,45,"Wade","Ozone","Cumberland",35.158686,-78.728035
"2083",7-05-20,41,"Wade","Ozone","Cumberland",35.158686,-78.728035
"2084",7-06-20,45,"Wade","Ozone","Cumberland",35.158686,-78.728035
"2085",7-07-20,34,"Wade","Ozone","Cumberland",35.158686,-78.728035
"2086",7-08-20,34,"Wade","Ozone","Cumberland",35.158686,-78.728035
"2087",7-09-20,39,"Wade","Ozone","Cumberland",35.158686,-78.728035
"2088",7-10-20,37,"Wade","Ozone","Cumberland",35.158686,-78.728035
"2089",7-11-20,39,"Wade","Ozone","Cumberland",35.158686,-78.728035
"2090",7-12-20,31,"Wade","Ozone","Cumberland",35.158686,-78.728035
"2091",NA,37,"Wade","Ozone","Cumberland",35.158686,-78.728035
"2092",NA,43,"Wade","Ozone","Cumberland",35.158686,-78.728035
"2093",NA,67,"Wade","Ozone","Cumberland",35.158686,-78.728035
"2094",NA,61,"Wade","Ozone","Cumberland",35.158686,-78.728035
"2095",NA,45,"Wade","Ozone","Cumberland",35.158686,-78.728035
"2096",NA,41,"Wade","Ozone","Cumberland",35.158686,-78.728035
"2097",NA,47,"Wade","Ozone","Cumberland",35.158686,-78.728035
"2098",NA,49,"Wade","Ozone","Cumberland",35.158686,-78.728035
"2099",NA,39,"Wade","Ozone","Cumberland",35.158686,-78.728035
"2100",NA,40,"Wade","Ozone","Cumberland",35.158686,-78.728035
"2101",NA,31,"Wade","Ozone","Cumberland",35.158686,-78.728035
"2102",NA,37,"Wade","Ozone","Cumberland",35.158686,-78.728035
"2103",NA,48,"Wade","Ozone","Cumberland",35.158686,-78.728035
"2104",NA,41,"Wade","Ozone","Cumberland",35.158686,-78.728035
"2105",NA,51,"Wade","Ozone","Cumberland",35.158686,-78.728035
"2106",NA,49,"Wade","Ozone","Cumberland",35.158686,-78.728035
"2107",NA,61,"Wade","Ozone","Cumberland",35.158686,-78.728035
"2108",NA,54,"Wade","Ozone","Cumberland",35.158686,-78.728035
"2109",NA,45,"Wade","Ozone","Cumberland",35.158686,-78.728035
"2110",8-01-20,47,"Wade","Ozone","Cumberland",35.158686,-78.728035
"2111",8-02-20,44,"Wade","Ozone","Cumberland",35.158686,-78.728035
"2112",8-03-20,37,"Wade","Ozone","Cumberland",35.158686,-78.728035
"2113",8-04-20,39,"Wade","Ozone","Cumberland",35.158686,-78.728035
"2114",8-05-20,37,"Wade","Ozone","Cumberland",35.158686,-78.728035
"2115",8-06-20,51,"Wade","Ozone","Cumberland",35.158686,-78.728035
"2116",8-07-20,51,"Wade","Ozone","Cumberland",35.158686,-78.728035
"2117",8-08-20,45,"Wade","Ozone","Cumberland",35.158686,-78.728035
"2118",8-09-20,48,"Wade","Ozone","Cumberland",35.158686,-78.728035
"2119",8-10-20,45,"Wade","Ozone","Cumberland",35.158686,-78.728035
"2120",8-11-20,45,"Wade","Ozone","Cumberland",35.158686,-78.728035
"2121",8-12-20,45,"Wade","Ozone","Cumberland",35.158686,-78.728035
"2122",NA,46,"Wade","Ozone","Cumberland",35.158686,-78.728035
"2123",NA,64,"Wade","Ozone","Cumberland",35.158686,-78.728035
"2124",NA,47,"Wade","Ozone","Cumberland",35.158686,-78.728035
"2125",NA,31,"Wade","Ozone","Cumberland",35.158686,-78.728035
"2126",NA,29,"Wade","Ozone","Cumberland",35.158686,-78.728035
"2127",NA,34,"Wade","Ozone","Cumberland",35.158686,-78.728035
"2128",NA,39,"Wade","Ozone","Cumberland",35.158686,-78.728035
"2129",NA,33,"Wade","Ozone","Cumberland",35.158686,-78.728035
"2130",NA,39,"Wade","Ozone","Cumberland",35.158686,-78.728035
"2131",NA,39,"Wade","Ozone","Cumberland",35.158686,-78.728035
"2132",NA,31,"Wade","Ozone","Cumberland",35.158686,-78.728035
"2133",NA,23,"Wade","Ozone","Cumberland",35.158686,-78.728035
"2134",NA,32,"Wade","Ozone","Cumberland",35.158686,-78.728035
"2135",NA,31,"Wade","Ozone","Cumberland",35.158686,-78.728035
"2136",NA,31,"Wade","Ozone","Cumberland",35.158686,-78.728035
"2137",NA,33,"Wade","Ozone","Cumberland",35.158686,-78.728035
"2138",NA,48,"Wade","Ozone","Cumberland",35.158686,-78.728035
"2139",NA,48,"Wade","Ozone","Cumberland",35.158686,-78.728035
"2140",NA,50,"Wade","Ozone","Cumberland",35.158686,-78.728035
"2141",9-01-20,35,"Wade","Ozone","Cumberland",35.158686,-78.728035
"2142",9-02-20,29,"Wade","Ozone","Cumberland",35.158686,-78.728035
"2143",9-03-20,33,"Wade","Ozone","Cumberland",35.158686,-78.728035
"2144",9-06-20,40,"Wade","Ozone","Cumberland",35.158686,-78.728035
"2145",9-07-20,48,"Wade","Ozone","Cumberland",35.158686,-78.728035
"2146",9-08-20,38,"Wade","Ozone","Cumberland",35.158686,-78.728035
"2147",9-09-20,42,"Wade","Ozone","Cumberland",35.158686,-78.728035
"2148",9-10-20,41,"Wade","Ozone","Cumberland",35.158686,-78.728035
"2149",9-11-20,45,"Wade","Ozone","Cumberland",35.158686,-78.728035
"2150",9-12-20,54,"Wade","Ozone","Cumberland",35.158686,-78.728035
"2151",NA,41,"Wade","Ozone","Cumberland",35.158686,-78.728035
"2152",NA,31,"Wade","Ozone","Cumberland",35.158686,-78.728035
"2153",NA,33,"Wade","Ozone","Cumberland",35.158686,-78.728035
"2154",NA,40,"Wade","Ozone","Cumberland",35.158686,-78.728035
"2155",NA,41,"Wade","Ozone","Cumberland",35.158686,-78.728035
"2156",NA,43,"Wade","Ozone","Cumberland",35.158686,-78.728035
"2157",NA,37,"Wade","Ozone","Cumberland",35.158686,-78.728035
"2158",NA,42,"Wade","Ozone","Cumberland",35.158686,-78.728035
"2159",NA,45,"Wade","Ozone","Cumberland",35.158686,-78.728035
"2160",NA,43,"Wade","Ozone","Cumberland",35.158686,-78.728035
"2161",NA,44,"Wade","Ozone","Cumberland",35.158686,-78.728035
"2162",NA,49,"Wade","Ozone","Cumberland",35.158686,-78.728035
"2163",NA,40,"Wade","Ozone","Cumberland",35.158686,-78.728035
"2164",NA,47,"Wade","Ozone","Cumberland",35.158686,-78.728035
"2165",NA,38,"Wade","Ozone","Cumberland",35.158686,-78.728035
"2166",NA,41,"Wade","Ozone","Cumberland",35.158686,-78.728035
"2167",NA,44,"Wade","Ozone","Cumberland",35.158686,-78.728035
"2168",NA,44,"Wade","Ozone","Cumberland",35.158686,-78.728035
"2169",10-01-20,41,"Wade","Ozone","Cumberland",35.158686,-78.728035
"2170",10-02-20,48,"Wade","Ozone","Cumberland",35.158686,-78.728035
"2171",10-03-20,48,"Wade","Ozone","Cumberland",35.158686,-78.728035
"2172",10-04-20,74,"Wade","Ozone","Cumberland",35.158686,-78.728035
"2173",10-05-20,29,"Wade","Ozone","Cumberland",35.158686,-78.728035
"2174",10-06-20,34,"Wade","Ozone","Cumberland",35.158686,-78.728035
"2175",10-07-20,32,"Wade","Ozone","Cumberland",35.158686,-78.728035
"2176",10-08-20,29,"Wade","Ozone","Cumberland",35.158686,-78.728035
"2177",10-09-20,31,"Wade","Ozone","Cumberland",35.158686,-78.728035
"2178",10-10-20,34,"Wade","Ozone","Cumberland",35.158686,-78.728035
"2179",10-11-20,45,"Wade","Ozone","Cumberland",35.158686,-78.728035
"2180",10-12-20,44,"Wade","Ozone","Cumberland",35.158686,-78.728035
"2181",NA,31,"Wade","Ozone","Cumberland",35.158686,-78.728035
"2182",NA,37,"Wade","Ozone","Cumberland",35.158686,-78.728035
"2183",NA,41,"Wade","Ozone","Cumberland",35.158686,-78.728035
"2184",NA,28,"Wade","Ozone","Cumberland",35.158686,-78.728035
"2185",NA,34,"Wade","Ozone","Cumberland",35.158686,-78.728035
"2186",NA,37,"Wade","Ozone","Cumberland",35.158686,-78.728035
"2187",NA,30,"Wade","Ozone","Cumberland",35.158686,-78.728035
"2188",NA,30,"Wade","Ozone","Cumberland",35.158686,-78.728035
"2189",NA,30,"Wade","Ozone","Cumberland",35.158686,-78.728035
"2190",NA,22,"Wade","Ozone","Cumberland",35.158686,-78.728035
"2191",NA,36,"Wade","Ozone","Cumberland",35.158686,-78.728035
"2192",NA,36,"Wade","Ozone","Cumberland",35.158686,-78.728035
"2193",NA,34,"Wade","Ozone","Cumberland",35.158686,-78.728035
"2194",NA,35,"Wade","Ozone","Cumberland",35.158686,-78.728035
"2195",NA,19,"Wade","Ozone","Cumberland",35.158686,-78.728035
"2196",NA,37,"Wade","Ozone","Cumberland",35.158686,-78.728035
"2197",NA,19,"Wade","Ozone","Cumberland",35.158686,-78.728035
"2198",NA,22,"Wade","Ozone","Cumberland",35.158686,-78.728035
"2199",NA,26,"Wade","Ozone","Cumberland",35.158686,-78.728035
"2200",NA,33,"Honeycutt School","Ozone","Cumberland",35.0023035275774,-78.9916923423935
"2201",NA,44,"Honeycutt School","Ozone","Cumberland",35.0023035275774,-78.9916923423935
"2202",NA,31,"Honeycutt School","Ozone","Cumberland",35.0023035275774,-78.9916923423935
"2203",NA,34,"Honeycutt School","Ozone","Cumberland",35.0023035275774,-78.9916923423935
"2204",3-01-20,20,"Honeycutt School","Ozone","Cumberland",35.0023035275774,-78.9916923423935
"2205",3-02-20,31,"Honeycutt School","Ozone","Cumberland",35.0023035275774,-78.9916923423935
"2206",3-03-20,21,"Honeycutt School","Ozone","Cumberland",35.0023035275774,-78.9916923423935
"2207",3-04-20,34,"Honeycutt School","Ozone","Cumberland",35.0023035275774,-78.9916923423935
"2208",3-05-20,35,"Honeycutt School","Ozone","Cumberland",35.0023035275774,-78.9916923423935
"2209",3-06-20,42,"Honeycutt School","Ozone","Cumberland",35.0023035275774,-78.9916923423935
"2210",3-07-20,45,"Honeycutt School","Ozone","Cumberland",35.0023035275774,-78.9916923423935
"2211",3-08-20,36,"Honeycutt School","Ozone","Cumberland",35.0023035275774,-78.9916923423935
"2212",3-09-20,28,"Honeycutt School","Ozone","Cumberland",35.0023035275774,-78.9916923423935
"2213",3-10-20,31,"Honeycutt School","Ozone","Cumberland",35.0023035275774,-78.9916923423935
"2214",3-11-20,44,"Honeycutt School","Ozone","Cumberland",35.0023035275774,-78.9916923423935
"2215",3-12-20,46,"Honeycutt School","Ozone","Cumberland",35.0023035275774,-78.9916923423935
"2216",NA,49,"Honeycutt School","Ozone","Cumberland",35.0023035275774,-78.9916923423935
"2217",NA,48,"Honeycutt School","Ozone","Cumberland",35.0023035275774,-78.9916923423935
"2218",NA,40,"Honeycutt School","Ozone","Cumberland",35.0023035275774,-78.9916923423935
"2219",NA,42,"Honeycutt School","Ozone","Cumberland",35.0023035275774,-78.9916923423935
"2220",NA,44,"Honeycutt School","Ozone","Cumberland",35.0023035275774,-78.9916923423935
"2221",NA,48,"Honeycutt School","Ozone","Cumberland",35.0023035275774,-78.9916923423935
"2222",NA,45,"Honeycutt School","Ozone","Cumberland",35.0023035275774,-78.9916923423935
"2223",NA,38,"Honeycutt School","Ozone","Cumberland",35.0023035275774,-78.9916923423935
"2224",NA,50,"Honeycutt School","Ozone","Cumberland",35.0023035275774,-78.9916923423935
"2225",NA,45,"Honeycutt School","Ozone","Cumberland",35.0023035275774,-78.9916923423935
"2226",NA,49,"Honeycutt School","Ozone","Cumberland",35.0023035275774,-78.9916923423935
"2227",NA,61,"Honeycutt School","Ozone","Cumberland",35.0023035275774,-78.9916923423935
"2228",NA,49,"Honeycutt School","Ozone","Cumberland",35.0023035275774,-78.9916923423935
"2229",NA,44,"Honeycutt School","Ozone","Cumberland",35.0023035275774,-78.9916923423935
"2230",NA,46,"Honeycutt School","Ozone","Cumberland",35.0023035275774,-78.9916923423935
"2231",NA,48,"Honeycutt School","Ozone","Cumberland",35.0023035275774,-78.9916923423935
"2232",NA,51,"Honeycutt School","Ozone","Cumberland",35.0023035275774,-78.9916923423935
"2233",NA,48,"Honeycutt School","Ozone","Cumberland",35.0023035275774,-78.9916923423935
"2234",NA,41,"Honeycutt School","Ozone","Cumberland",35.0023035275774,-78.9916923423935
"2235",4-01-20,44,"Honeycutt School","Ozone","Cumberland",35.0023035275774,-78.9916923423935
"2236",4-02-20,35,"Honeycutt School","Ozone","Cumberland",35.0023035275774,-78.9916923423935
"2237",4-03-20,50,"Honeycutt School","Ozone","Cumberland",35.0023035275774,-78.9916923423935
"2238",4-04-20,67,"Honeycutt School","Ozone","Cumberland",35.0023035275774,-78.9916923423935
"2239",4-05-20,38,"Honeycutt School","Ozone","Cumberland",35.0023035275774,-78.9916923423935
"2240",4-06-20,36,"Honeycutt School","Ozone","Cumberland",35.0023035275774,-78.9916923423935
"2241",4-07-20,33,"Honeycutt School","Ozone","Cumberland",35.0023035275774,-78.9916923423935
"2242",4-08-20,32,"Honeycutt School","Ozone","Cumberland",35.0023035275774,-78.9916923423935
"2243",4-09-20,25,"Honeycutt School","Ozone","Cumberland",35.0023035275774,-78.9916923423935
"2244",4-10-20,58,"Honeycutt School","Ozone","Cumberland",35.0023035275774,-78.9916923423935
"2245",4-11-20,49,"Honeycutt School","Ozone","Cumberland",35.0023035275774,-78.9916923423935
"2246",4-12-20,31,"Honeycutt School","Ozone","Cumberland",35.0023035275774,-78.9916923423935
"2247",NA,28,"Honeycutt School","Ozone","Cumberland",35.0023035275774,-78.9916923423935
"2248",NA,31,"Honeycutt School","Ozone","Cumberland",35.0023035275774,-78.9916923423935
"2249",NA,49,"Honeycutt School","Ozone","Cumberland",35.0023035275774,-78.9916923423935
"2250",NA,50,"Honeycutt School","Ozone","Cumberland",35.0023035275774,-78.9916923423935
"2251",NA,64,"Honeycutt School","Ozone","Cumberland",35.0023035275774,-78.9916923423935
"2252",NA,45,"Honeycutt School","Ozone","Cumberland",35.0023035275774,-78.9916923423935
"2253",NA,37,"Honeycutt School","Ozone","Cumberland",35.0023035275774,-78.9916923423935
"2254",NA,37,"Honeycutt School","Ozone","Cumberland",35.0023035275774,-78.9916923423935
"2255",NA,28,"Honeycutt School","Ozone","Cumberland",35.0023035275774,-78.9916923423935
"2256",NA,39,"Honeycutt School","Ozone","Cumberland",35.0023035275774,-78.9916923423935
"2257",NA,49,"Honeycutt School","Ozone","Cumberland",35.0023035275774,-78.9916923423935
"2258",NA,54,"Honeycutt School","Ozone","Cumberland",35.0023035275774,-78.9916923423935
"2259",NA,48,"Honeycutt School","Ozone","Cumberland",35.0023035275774,-78.9916923423935
"2260",NA,48,"Honeycutt School","Ozone","Cumberland",35.0023035275774,-78.9916923423935
"2261",NA,64,"Honeycutt School","Ozone","Cumberland",35.0023035275774,-78.9916923423935
"2262",NA,51,"Honeycutt School","Ozone","Cumberland",35.0023035275774,-78.9916923423935
"2263",NA,42,"Honeycutt School","Ozone","Cumberland",35.0023035275774,-78.9916923423935
"2264",NA,48,"Honeycutt School","Ozone","Cumberland",35.0023035275774,-78.9916923423935
"2265",5-01-20,35,"Honeycutt School","Ozone","Cumberland",35.0023035275774,-78.9916923423935
"2266",5-02-20,42,"Honeycutt School","Ozone","Cumberland",35.0023035275774,-78.9916923423935
"2267",5-03-20,22,"Honeycutt School","Ozone","Cumberland",35.0023035275774,-78.9916923423935
"2268",5-04-20,37,"Honeycutt School","Ozone","Cumberland",35.0023035275774,-78.9916923423935
"2269",5-05-20,33,"Honeycutt School","Ozone","Cumberland",35.0023035275774,-78.9916923423935
"2270",5-06-20,44,"Honeycutt School","Ozone","Cumberland",35.0023035275774,-78.9916923423935
"2271",5-07-20,48,"Honeycutt School","Ozone","Cumberland",35.0023035275774,-78.9916923423935
"2272",5-08-20,47,"Honeycutt School","Ozone","Cumberland",35.0023035275774,-78.9916923423935
"2273",5-09-20,44,"Honeycutt School","Ozone","Cumberland",35.0023035275774,-78.9916923423935
"2274",5-10-20,41,"Honeycutt School","Ozone","Cumberland",35.0023035275774,-78.9916923423935
"2275",5-11-20,37,"Honeycutt School","Ozone","Cumberland",35.0023035275774,-78.9916923423935
"2276",5-12-20,36,"Honeycutt School","Ozone","Cumberland",35.0023035275774,-78.9916923423935
"2277",NA,40,"Honeycutt School","Ozone","Cumberland",35.0023035275774,-78.9916923423935
"2278",NA,43,"Honeycutt School","Ozone","Cumberland",35.0023035275774,-78.9916923423935
"2279",NA,48,"Honeycutt School","Ozone","Cumberland",35.0023035275774,-78.9916923423935
"2280",NA,50,"Honeycutt School","Ozone","Cumberland",35.0023035275774,-78.9916923423935
"2281",NA,51,"Honeycutt School","Ozone","Cumberland",35.0023035275774,-78.9916923423935
"2282",NA,80,"Honeycutt School","Ozone","Cumberland",35.0023035275774,-78.9916923423935
"2283",NA,44,"Honeycutt School","Ozone","Cumberland",35.0023035275774,-78.9916923423935
"2284",NA,41,"Honeycutt School","Ozone","Cumberland",35.0023035275774,-78.9916923423935
"2285",NA,67,"Honeycutt School","Ozone","Cumberland",35.0023035275774,-78.9916923423935
"2286",NA,49,"Honeycutt School","Ozone","Cumberland",35.0023035275774,-78.9916923423935
"2287",NA,42,"Honeycutt School","Ozone","Cumberland",35.0023035275774,-78.9916923423935
"2288",NA,42,"Honeycutt School","Ozone","Cumberland",35.0023035275774,-78.9916923423935
"2289",NA,47,"Honeycutt School","Ozone","Cumberland",35.0023035275774,-78.9916923423935
"2290",NA,46,"Honeycutt School","Ozone","Cumberland",35.0023035275774,-78.9916923423935
"2291",NA,44,"Honeycutt School","Ozone","Cumberland",35.0023035275774,-78.9916923423935
"2292",NA,50,"Honeycutt School","Ozone","Cumberland",35.0023035275774,-78.9916923423935
"2293",NA,47,"Honeycutt School","Ozone","Cumberland",35.0023035275774,-78.9916923423935
"2294",NA,58,"Honeycutt School","Ozone","Cumberland",35.0023035275774,-78.9916923423935
"2295",NA,47,"Honeycutt School","Ozone","Cumberland",35.0023035275774,-78.9916923423935
"2296",6-01-20,49,"Honeycutt School","Ozone","Cumberland",35.0023035275774,-78.9916923423935
"2297",6-02-20,84,"Honeycutt School","Ozone","Cumberland",35.0023035275774,-78.9916923423935
"2298",6-03-20,61,"Honeycutt School","Ozone","Cumberland",35.0023035275774,-78.9916923423935
"2299",6-04-20,50,"Honeycutt School","Ozone","Cumberland",35.0023035275774,-78.9916923423935
"2300",6-05-20,42,"Honeycutt School","Ozone","Cumberland",35.0023035275774,-78.9916923423935
"2301",6-06-20,40,"Honeycutt School","Ozone","Cumberland",35.0023035275774,-78.9916923423935
"2302",6-07-20,24,"Honeycutt School","Ozone","Cumberland",35.0023035275774,-78.9916923423935
"2303",6-08-20,29,"Honeycutt School","Ozone","Cumberland",35.0023035275774,-78.9916923423935
"2304",6-09-20,26,"Honeycutt School","Ozone","Cumberland",35.0023035275774,-78.9916923423935
"2305",6-10-20,33,"Honeycutt School","Ozone","Cumberland",35.0023035275774,-78.9916923423935
"2306",6-11-20,36,"Honeycutt School","Ozone","Cumberland",35.0023035275774,-78.9916923423935
"2307",6-12-20,36,"Honeycutt School","Ozone","Cumberland",35.0023035275774,-78.9916923423935
"2308",NA,41,"Honeycutt School","Ozone","Cumberland",35.0023035275774,-78.9916923423935
"2309",NA,49,"Honeycutt School","Ozone","Cumberland",35.0023035275774,-78.9916923423935
"2310",NA,64,"Honeycutt School","Ozone","Cumberland",35.0023035275774,-78.9916923423935
"2311",NA,47,"Honeycutt School","Ozone","Cumberland",35.0023035275774,-78.9916923423935
"2312",NA,37,"Honeycutt School","Ozone","Cumberland",35.0023035275774,-78.9916923423935
"2313",NA,29,"Honeycutt School","Ozone","Cumberland",35.0023035275774,-78.9916923423935
"2314",NA,34,"Honeycutt School","Ozone","Cumberland",35.0023035275774,-78.9916923423935
"2315",NA,44,"Honeycutt School","Ozone","Cumberland",35.0023035275774,-78.9916923423935
"2316",NA,44,"Honeycutt School","Ozone","Cumberland",35.0023035275774,-78.9916923423935
"2317",NA,47,"Honeycutt School","Ozone","Cumberland",35.0023035275774,-78.9916923423935
"2318",NA,41,"Honeycutt School","Ozone","Cumberland",35.0023035275774,-78.9916923423935
"2319",NA,41,"Honeycutt School","Ozone","Cumberland",35.0023035275774,-78.9916923423935
"2320",NA,45,"Honeycutt School","Ozone","Cumberland",35.0023035275774,-78.9916923423935
"2321",NA,61,"Honeycutt School","Ozone","Cumberland",35.0023035275774,-78.9916923423935
"2322",NA,71,"Honeycutt School","Ozone","Cumberland",35.0023035275774,-78.9916923423935
"2323",NA,74,"Honeycutt School","Ozone","Cumberland",35.0023035275774,-78.9916923423935
"2324",NA,58,"Honeycutt School","Ozone","Cumberland",35.0023035275774,-78.9916923423935
"2325",NA,51,"Honeycutt School","Ozone","Cumberland",35.0023035275774,-78.9916923423935
"2326",7-01-20,51,"Honeycutt School","Ozone","Cumberland",35.0023035275774,-78.9916923423935
"2327",7-02-20,50,"Honeycutt School","Ozone","Cumberland",35.0023035275774,-78.9916923423935
"2328",7-03-20,46,"Honeycutt School","Ozone","Cumberland",35.0023035275774,-78.9916923423935
"2329",7-04-20,46,"Honeycutt School","Ozone","Cumberland",35.0023035275774,-78.9916923423935
"2330",7-05-20,39,"Honeycutt School","Ozone","Cumberland",35.0023035275774,-78.9916923423935
"2331",7-06-20,41,"Honeycutt School","Ozone","Cumberland",35.0023035275774,-78.9916923423935
"2332",7-07-20,36,"Honeycutt School","Ozone","Cumberland",35.0023035275774,-78.9916923423935
"2333",7-08-20,31,"Honeycutt School","Ozone","Cumberland",35.0023035275774,-78.9916923423935
"2334",7-09-20,35,"Honeycutt School","Ozone","Cumberland",35.0023035275774,-78.9916923423935
"2335",7-10-20,31,"Honeycutt School","Ozone","Cumberland",35.0023035275774,-78.9916923423935
"2336",7-11-20,37,"Honeycutt School","Ozone","Cumberland",35.0023035275774,-78.9916923423935
"2337",7-12-20,31,"Honeycutt School","Ozone","Cumberland",35.0023035275774,-78.9916923423935
"2338",NA,35,"Honeycutt School","Ozone","Cumberland",35.0023035275774,-78.9916923423935
"2339",NA,43,"Honeycutt School","Ozone","Cumberland",35.0023035275774,-78.9916923423935
"2340",NA,71,"Honeycutt School","Ozone","Cumberland",35.0023035275774,-78.9916923423935
"2341",NA,67,"Honeycutt School","Ozone","Cumberland",35.0023035275774,-78.9916923423935
"2342",NA,43,"Honeycutt School","Ozone","Cumberland",35.0023035275774,-78.9916923423935
"2343",NA,41,"Honeycutt School","Ozone","Cumberland",35.0023035275774,-78.9916923423935
"2344",NA,45,"Honeycutt School","Ozone","Cumberland",35.0023035275774,-78.9916923423935
"2345",NA,47,"Honeycutt School","Ozone","Cumberland",35.0023035275774,-78.9916923423935
"2346",NA,40,"Honeycutt School","Ozone","Cumberland",35.0023035275774,-78.9916923423935
"2347",NA,38,"Honeycutt School","Ozone","Cumberland",35.0023035275774,-78.9916923423935
"2348",NA,31,"Honeycutt School","Ozone","Cumberland",35.0023035275774,-78.9916923423935
"2349",NA,39,"Honeycutt School","Ozone","Cumberland",35.0023035275774,-78.9916923423935
"2350",NA,48,"Honeycutt School","Ozone","Cumberland",35.0023035275774,-78.9916923423935
"2351",NA,43,"Honeycutt School","Ozone","Cumberland",35.0023035275774,-78.9916923423935
"2352",NA,54,"Honeycutt School","Ozone","Cumberland",35.0023035275774,-78.9916923423935
"2353",NA,61,"Honeycutt School","Ozone","Cumberland",35.0023035275774,-78.9916923423935
"2354",NA,71,"Honeycutt School","Ozone","Cumberland",35.0023035275774,-78.9916923423935
"2355",NA,50,"Honeycutt School","Ozone","Cumberland",35.0023035275774,-78.9916923423935
"2356",NA,45,"Honeycutt School","Ozone","Cumberland",35.0023035275774,-78.9916923423935
"2357",8-01-20,49,"Honeycutt School","Ozone","Cumberland",35.0023035275774,-78.9916923423935
"2358",8-02-20,44,"Honeycutt School","Ozone","Cumberland",35.0023035275774,-78.9916923423935
"2359",8-03-20,34,"Honeycutt School","Ozone","Cumberland",35.0023035275774,-78.9916923423935
"2360",8-04-20,37,"Honeycutt School","Ozone","Cumberland",35.0023035275774,-78.9916923423935
"2361",8-05-20,40,"Honeycutt School","Ozone","Cumberland",35.0023035275774,-78.9916923423935
"2362",8-06-20,50,"Honeycutt School","Ozone","Cumberland",35.0023035275774,-78.9916923423935
"2363",8-07-20,67,"Honeycutt School","Ozone","Cumberland",35.0023035275774,-78.9916923423935
"2364",8-08-20,44,"Honeycutt School","Ozone","Cumberland",35.0023035275774,-78.9916923423935
"2365",8-09-20,46,"Honeycutt School","Ozone","Cumberland",35.0023035275774,-78.9916923423935
"2366",8-10-20,43,"Honeycutt School","Ozone","Cumberland",35.0023035275774,-78.9916923423935
"2367",8-11-20,42,"Honeycutt School","Ozone","Cumberland",35.0023035275774,-78.9916923423935
"2368",8-12-20,48,"Honeycutt School","Ozone","Cumberland",35.0023035275774,-78.9916923423935
"2369",NA,43,"Honeycutt School","Ozone","Cumberland",35.0023035275774,-78.9916923423935
"2370",NA,54,"Honeycutt School","Ozone","Cumberland",35.0023035275774,-78.9916923423935
"2371",NA,42,"Honeycutt School","Ozone","Cumberland",35.0023035275774,-78.9916923423935
"2372",NA,32,"Honeycutt School","Ozone","Cumberland",35.0023035275774,-78.9916923423935
"2373",NA,29,"Honeycutt School","Ozone","Cumberland",35.0023035275774,-78.9916923423935
"2374",NA,38,"Honeycutt School","Ozone","Cumberland",35.0023035275774,-78.9916923423935
"2375",NA,35,"Honeycutt School","Ozone","Cumberland",35.0023035275774,-78.9916923423935
"2376",NA,30,"Honeycutt School","Ozone","Cumberland",35.0023035275774,-78.9916923423935
"2377",NA,40,"Honeycutt School","Ozone","Cumberland",35.0023035275774,-78.9916923423935
"2378",NA,37,"Honeycutt School","Ozone","Cumberland",35.0023035275774,-78.9916923423935
"2379",NA,31,"Honeycutt School","Ozone","Cumberland",35.0023035275774,-78.9916923423935
"2380",NA,21,"Honeycutt School","Ozone","Cumberland",35.0023035275774,-78.9916923423935
"2381",NA,31,"Honeycutt School","Ozone","Cumberland",35.0023035275774,-78.9916923423935
"2382",NA,31,"Honeycutt School","Ozone","Cumberland",35.0023035275774,-78.9916923423935
"2383",NA,31,"Honeycutt School","Ozone","Cumberland",35.0023035275774,-78.9916923423935
"2384",NA,32,"Honeycutt School","Ozone","Cumberland",35.0023035275774,-78.9916923423935
"2385",NA,51,"Honeycutt School","Ozone","Cumberland",35.0023035275774,-78.9916923423935
"2386",NA,67,"Honeycutt School","Ozone","Cumberland",35.0023035275774,-78.9916923423935
"2387",NA,51,"Honeycutt School","Ozone","Cumberland",35.0023035275774,-78.9916923423935
"2388",9-01-20,34,"Honeycutt School","Ozone","Cumberland",35.0023035275774,-78.9916923423935
"2389",9-02-20,29,"Honeycutt School","Ozone","Cumberland",35.0023035275774,-78.9916923423935
"2390",9-03-20,34,"Honeycutt School","Ozone","Cumberland",35.0023035275774,-78.9916923423935
"2391",9-06-20,40,"Honeycutt School","Ozone","Cumberland",35.0023035275774,-78.9916923423935
"2392",9-07-20,51,"Honeycutt School","Ozone","Cumberland",35.0023035275774,-78.9916923423935
"2393",9-08-20,42,"Honeycutt School","Ozone","Cumberland",35.0023035275774,-78.9916923423935
"2394",9-09-20,44,"Honeycutt School","Ozone","Cumberland",35.0023035275774,-78.9916923423935
"2395",9-10-20,44,"Honeycutt School","Ozone","Cumberland",35.0023035275774,-78.9916923423935
"2396",9-11-20,58,"Honeycutt School","Ozone","Cumberland",35.0023035275774,-78.9916923423935
"2397",9-12-20,44,"Honeycutt School","Ozone","Cumberland",35.0023035275774,-78.9916923423935
"2398",NA,39,"Honeycutt School","Ozone","Cumberland",35.0023035275774,-78.9916923423935
"2399",NA,33,"Honeycutt School","Ozone","Cumberland",35.0023035275774,-78.9916923423935
"2400",NA,34,"Honeycutt School","Ozone","Cumberland",35.0023035275774,-78.9916923423935
"2401",NA,39,"Honeycutt School","Ozone","Cumberland",35.0023035275774,-78.9916923423935
"2402",NA,44,"Honeycutt School","Ozone","Cumberland",35.0023035275774,-78.9916923423935
"2403",NA,43,"Honeycutt School","Ozone","Cumberland",35.0023035275774,-78.9916923423935
"2404",NA,37,"Honeycutt School","Ozone","Cumberland",35.0023035275774,-78.9916923423935
"2405",NA,42,"Honeycutt School","Ozone","Cumberland",35.0023035275774,-78.9916923423935
"2406",NA,46,"Honeycutt School","Ozone","Cumberland",35.0023035275774,-78.9916923423935
"2407",NA,44,"Honeycutt School","Ozone","Cumberland",35.0023035275774,-78.9916923423935
"2408",NA,44,"Honeycutt School","Ozone","Cumberland",35.0023035275774,-78.9916923423935
"2409",NA,47,"Honeycutt School","Ozone","Cumberland",35.0023035275774,-78.9916923423935
"2410",NA,42,"Honeycutt School","Ozone","Cumberland",35.0023035275774,-78.9916923423935
"2411",NA,48,"Honeycutt School","Ozone","Cumberland",35.0023035275774,-78.9916923423935
"2412",NA,43,"Honeycutt School","Ozone","Cumberland",35.0023035275774,-78.9916923423935
"2413",NA,42,"Honeycutt School","Ozone","Cumberland",35.0023035275774,-78.9916923423935
"2414",NA,42,"Honeycutt School","Ozone","Cumberland",35.0023035275774,-78.9916923423935
"2415",NA,45,"Honeycutt School","Ozone","Cumberland",35.0023035275774,-78.9916923423935
"2416",10-01-20,44,"Honeycutt School","Ozone","Cumberland",35.0023035275774,-78.9916923423935
"2417",10-02-20,47,"Honeycutt School","Ozone","Cumberland",35.0023035275774,-78.9916923423935
"2418",10-03-20,50,"Honeycutt School","Ozone","Cumberland",35.0023035275774,-78.9916923423935
"2419",10-04-20,74,"Honeycutt School","Ozone","Cumberland",35.0023035275774,-78.9916923423935
"2420",10-05-20,31,"Honeycutt School","Ozone","Cumberland",35.0023035275774,-78.9916923423935
"2421",10-06-20,35,"Honeycutt School","Ozone","Cumberland",35.0023035275774,-78.9916923423935
"2422",10-07-20,33,"Honeycutt School","Ozone","Cumberland",35.0023035275774,-78.9916923423935
"2423",10-08-20,29,"Honeycutt School","Ozone","Cumberland",35.0023035275774,-78.9916923423935
"2424",10-09-20,32,"Honeycutt School","Ozone","Cumberland",35.0023035275774,-78.9916923423935
"2425",10-10-20,36,"Honeycutt School","Ozone","Cumberland",35.0023035275774,-78.9916923423935
"2426",10-11-20,45,"Honeycutt School","Ozone","Cumberland",35.0023035275774,-78.9916923423935
"2427",10-12-20,44,"Honeycutt School","Ozone","Cumberland",35.0023035275774,-78.9916923423935
"2428",NA,33,"Honeycutt School","Ozone","Cumberland",35.0023035275774,-78.9916923423935
"2429",NA,36,"Honeycutt School","Ozone","Cumberland",35.0023035275774,-78.9916923423935
"2430",NA,47,"Honeycutt School","Ozone","Cumberland",35.0023035275774,-78.9916923423935
"2431",NA,27,"Honeycutt School","Ozone","Cumberland",35.0023035275774,-78.9916923423935
"2432",NA,34,"Honeycutt School","Ozone","Cumberland",35.0023035275774,-78.9916923423935
"2433",NA,35,"Honeycutt School","Ozone","Cumberland",35.0023035275774,-78.9916923423935
"2434",NA,29,"Honeycutt School","Ozone","Cumberland",35.0023035275774,-78.9916923423935
"2435",NA,28,"Honeycutt School","Ozone","Cumberland",35.0023035275774,-78.9916923423935
"2436",NA,31,"Honeycutt School","Ozone","Cumberland",35.0023035275774,-78.9916923423935
"2437",NA,23,"Honeycutt School","Ozone","Cumberland",35.0023035275774,-78.9916923423935
"2438",NA,36,"Honeycutt School","Ozone","Cumberland",35.0023035275774,-78.9916923423935
"2439",NA,36,"Honeycutt School","Ozone","Cumberland",35.0023035275774,-78.9916923423935
"2440",NA,35,"Honeycutt School","Ozone","Cumberland",35.0023035275774,-78.9916923423935
"2441",NA,33,"Honeycutt School","Ozone","Cumberland",35.0023035275774,-78.9916923423935
"2442",NA,19,"Honeycutt School","Ozone","Cumberland",35.0023035275774,-78.9916923423935
"2443",NA,34,"Honeycutt School","Ozone","Cumberland",35.0023035275774,-78.9916923423935
"2444",NA,19,"Honeycutt School","Ozone","Cumberland",35.0023035275774,-78.9916923423935
"2445",NA,21,"Honeycutt School","Ozone","Cumberland",35.0023035275774,-78.9916923423935
"2446",NA,25,"Honeycutt School","Ozone","Cumberland",35.0023035275774,-78.9916923423935
"2447",NA,35,"Durham Armory","Ozone","Durham",36.0329550008979,-78.904037
"2448",NA,33,"Durham Armory","Ozone","Durham",36.0329550008979,-78.904037
"2449",2-01-20,34,"Durham Armory","Ozone","Durham",36.0329550008979,-78.904037
"2450",2-02-20,26,"Durham Armory","Ozone","Durham",36.0329550008979,-78.904037
"2451",2-03-20,19,"Durham Armory","Ozone","Durham",36.0329550008979,-78.904037
"2452",2-04-20,39,"Durham Armory","Ozone","Durham",36.0329550008979,-78.904037
"2453",2-05-20,31,"Durham Armory","Ozone","Durham",36.0329550008979,-78.904037
"2454",2-06-20,33,"Durham Armory","Ozone","Durham",36.0329550008979,-78.904037
"2455",2-07-20,30,"Durham Armory","Ozone","Durham",36.0329550008979,-78.904037
"2456",2-08-20,39,"Durham Armory","Ozone","Durham",36.0329550008979,-78.904037
"2457",2-09-20,35,"Durham Armory","Ozone","Durham",36.0329550008979,-78.904037
"2458",2-10-20,32,"Durham Armory","Ozone","Durham",36.0329550008979,-78.904037
"2459",2-11-20,24,"Durham Armory","Ozone","Durham",36.0329550008979,-78.904037
"2460",2-12-20,22,"Durham Armory","Ozone","Durham",36.0329550008979,-78.904037
"2461",NA,41,"Durham Armory","Ozone","Durham",36.0329550008979,-78.904037
"2462",NA,36,"Durham Armory","Ozone","Durham",36.0329550008979,-78.904037
"2463",NA,37,"Durham Armory","Ozone","Durham",36.0329550008979,-78.904037
"2464",NA,33,"Durham Armory","Ozone","Durham",36.0329550008979,-78.904037
"2465",NA,26,"Durham Armory","Ozone","Durham",36.0329550008979,-78.904037
"2466",NA,29,"Durham Armory","Ozone","Durham",36.0329550008979,-78.904037
"2467",NA,32,"Durham Armory","Ozone","Durham",36.0329550008979,-78.904037
"2468",NA,18,"Durham Armory","Ozone","Durham",36.0329550008979,-78.904037
"2469",NA,33,"Durham Armory","Ozone","Durham",36.0329550008979,-78.904037
"2470",NA,32,"Durham Armory","Ozone","Durham",36.0329550008979,-78.904037
"2471",NA,42,"Durham Armory","Ozone","Durham",36.0329550008979,-78.904037
"2472",NA,42,"Durham Armory","Ozone","Durham",36.0329550008979,-78.904037
"2473",NA,39,"Durham Armory","Ozone","Durham",36.0329550008979,-78.904037
"2474",NA,26,"Durham Armory","Ozone","Durham",36.0329550008979,-78.904037
"2475",NA,36,"Durham Armory","Ozone","Durham",36.0329550008979,-78.904037
"2476",3-01-20,25,"Durham Armory","Ozone","Durham",36.0329550008979,-78.904037
"2477",3-02-20,33,"Durham Armory","Ozone","Durham",36.0329550008979,-78.904037
"2478",3-03-20,28,"Durham Armory","Ozone","Durham",36.0329550008979,-78.904037
"2479",3-04-20,41,"Durham Armory","Ozone","Durham",36.0329550008979,-78.904037
"2480",3-05-20,37,"Durham Armory","Ozone","Durham",36.0329550008979,-78.904037
"2481",3-06-20,40,"Durham Armory","Ozone","Durham",36.0329550008979,-78.904037
"2482",3-07-20,40,"Durham Armory","Ozone","Durham",36.0329550008979,-78.904037
"2483",3-08-20,34,"Durham Armory","Ozone","Durham",36.0329550008979,-78.904037
"2484",3-09-20,27,"Durham Armory","Ozone","Durham",36.0329550008979,-78.904037
"2485",3-10-20,32,"Durham Armory","Ozone","Durham",36.0329550008979,-78.904037
"2486",3-11-20,42,"Durham Armory","Ozone","Durham",36.0329550008979,-78.904037
"2487",3-12-20,45,"Durham Armory","Ozone","Durham",36.0329550008979,-78.904037
"2488",NA,46,"Durham Armory","Ozone","Durham",36.0329550008979,-78.904037
"2489",NA,50,"Durham Armory","Ozone","Durham",36.0329550008979,-78.904037
"2490",NA,34,"Durham Armory","Ozone","Durham",36.0329550008979,-78.904037
"2491",NA,43,"Durham Armory","Ozone","Durham",36.0329550008979,-78.904037
"2492",NA,44,"Durham Armory","Ozone","Durham",36.0329550008979,-78.904037
"2493",NA,45,"Durham Armory","Ozone","Durham",36.0329550008979,-78.904037
"2494",NA,46,"Durham Armory","Ozone","Durham",36.0329550008979,-78.904037
"2495",NA,44,"Durham Armory","Ozone","Durham",36.0329550008979,-78.904037
"2496",NA,44,"Durham Armory","Ozone","Durham",36.0329550008979,-78.904037
"2497",NA,44,"Durham Armory","Ozone","Durham",36.0329550008979,-78.904037
"2498",NA,47,"Durham Armory","Ozone","Durham",36.0329550008979,-78.904037
"2499",NA,61,"Durham Armory","Ozone","Durham",36.0329550008979,-78.904037
"2500",NA,44,"Durham Armory","Ozone","Durham",36.0329550008979,-78.904037
"2501",NA,42,"Durham Armory","Ozone","Durham",36.0329550008979,-78.904037
"2502",NA,45,"Durham Armory","Ozone","Durham",36.0329550008979,-78.904037
"2503",NA,50,"Durham Armory","Ozone","Durham",36.0329550008979,-78.904037
"2504",NA,61,"Durham Armory","Ozone","Durham",36.0329550008979,-78.904037
"2505",NA,54,"Durham Armory","Ozone","Durham",36.0329550008979,-78.904037
"2506",NA,42,"Durham Armory","Ozone","Durham",36.0329550008979,-78.904037
"2507",4-01-20,44,"Durham Armory","Ozone","Durham",36.0329550008979,-78.904037
"2508",4-02-20,36,"Durham Armory","Ozone","Durham",36.0329550008979,-78.904037
"2509",4-03-20,54,"Durham Armory","Ozone","Durham",36.0329550008979,-78.904037
"2510",4-04-20,74,"Durham Armory","Ozone","Durham",36.0329550008979,-78.904037
"2511",4-05-20,38,"Durham Armory","Ozone","Durham",36.0329550008979,-78.904037
"2512",4-06-20,38,"Durham Armory","Ozone","Durham",36.0329550008979,-78.904037
"2513",4-07-20,33,"Durham Armory","Ozone","Durham",36.0329550008979,-78.904037
"2514",4-08-20,31,"Durham Armory","Ozone","Durham",36.0329550008979,-78.904037
"2515",4-09-20,36,"Durham Armory","Ozone","Durham",36.0329550008979,-78.904037
"2516",4-10-20,61,"Durham Armory","Ozone","Durham",36.0329550008979,-78.904037
"2517",4-11-20,58,"Durham Armory","Ozone","Durham",36.0329550008979,-78.904037
"2518",4-12-20,31,"Durham Armory","Ozone","Durham",36.0329550008979,-78.904037
"2519",NA,22,"Durham Armory","Ozone","Durham",36.0329550008979,-78.904037
"2520",NA,27,"Durham Armory","Ozone","Durham",36.0329550008979,-78.904037
"2521",NA,44,"Durham Armory","Ozone","Durham",36.0329550008979,-78.904037
"2522",NA,49,"Durham Armory","Ozone","Durham",36.0329550008979,-78.904037
"2523",NA,61,"Durham Armory","Ozone","Durham",36.0329550008979,-78.904037
"2524",NA,47,"Durham Armory","Ozone","Durham",36.0329550008979,-78.904037
"2525",NA,35,"Durham Armory","Ozone","Durham",36.0329550008979,-78.904037
"2526",NA,34,"Durham Armory","Ozone","Durham",36.0329550008979,-78.904037
"2527",NA,26,"Durham Armory","Ozone","Durham",36.0329550008979,-78.904037
"2528",NA,36,"Durham Armory","Ozone","Durham",36.0329550008979,-78.904037
"2529",NA,44,"Durham Armory","Ozone","Durham",36.0329550008979,-78.904037
"2530",NA,61,"Durham Armory","Ozone","Durham",36.0329550008979,-78.904037
"2531",NA,48,"Durham Armory","Ozone","Durham",36.0329550008979,-78.904037
"2532",NA,40,"Durham Armory","Ozone","Durham",36.0329550008979,-78.904037
"2533",NA,51,"Durham Armory","Ozone","Durham",36.0329550008979,-78.904037
"2534",NA,48,"Durham Armory","Ozone","Durham",36.0329550008979,-78.904037
"2535",NA,35,"Durham Armory","Ozone","Durham",36.0329550008979,-78.904037
"2536",NA,48,"Durham Armory","Ozone","Durham",36.0329550008979,-78.904037
"2537",5-01-20,40,"Durham Armory","Ozone","Durham",36.0329550008979,-78.904037
"2538",5-02-20,42,"Durham Armory","Ozone","Durham",36.0329550008979,-78.904037
"2539",5-03-20,31,"Durham Armory","Ozone","Durham",36.0329550008979,-78.904037
"2540",5-04-20,38,"Durham Armory","Ozone","Durham",36.0329550008979,-78.904037
"2541",5-05-20,26,"Durham Armory","Ozone","Durham",36.0329550008979,-78.904037
"2542",5-06-20,35,"Durham Armory","Ozone","Durham",36.0329550008979,-78.904037
"2543",5-07-20,48,"Durham Armory","Ozone","Durham",36.0329550008979,-78.904037
"2544",5-08-20,43,"Durham Armory","Ozone","Durham",36.0329550008979,-78.904037
"2545",5-09-20,45,"Durham Armory","Ozone","Durham",36.0329550008979,-78.904037
"2546",5-10-20,37,"Durham Armory","Ozone","Durham",36.0329550008979,-78.904037
"2547",5-11-20,32,"Durham Armory","Ozone","Durham",36.0329550008979,-78.904037
"2548",5-12-20,30,"Durham Armory","Ozone","Durham",36.0329550008979,-78.904037
"2549",NA,31,"Durham Armory","Ozone","Durham",36.0329550008979,-78.904037
"2550",NA,39,"Durham Armory","Ozone","Durham",36.0329550008979,-78.904037
"2551",NA,45,"Durham Armory","Ozone","Durham",36.0329550008979,-78.904037
"2552",NA,58,"Durham Armory","Ozone","Durham",36.0329550008979,-78.904037
"2553",NA,61,"Durham Armory","Ozone","Durham",36.0329550008979,-78.904037
"2554",NA,61,"Durham Armory","Ozone","Durham",36.0329550008979,-78.904037
"2555",NA,49,"Durham Armory","Ozone","Durham",36.0329550008979,-78.904037
"2556",NA,44,"Durham Armory","Ozone","Durham",36.0329550008979,-78.904037
"2557",NA,47,"Durham Armory","Ozone","Durham",36.0329550008979,-78.904037
"2558",NA,46,"Durham Armory","Ozone","Durham",36.0329550008979,-78.904037
"2559",NA,38,"Durham Armory","Ozone","Durham",36.0329550008979,-78.904037
"2560",NA,41,"Durham Armory","Ozone","Durham",36.0329550008979,-78.904037
"2561",NA,80,"Durham Armory","Ozone","Durham",36.0329550008979,-78.904037
"2562",NA,45,"Durham Armory","Ozone","Durham",36.0329550008979,-78.904037
"2563",NA,45,"Durham Armory","Ozone","Durham",36.0329550008979,-78.904037
"2564",NA,50,"Durham Armory","Ozone","Durham",36.0329550008979,-78.904037
"2565",NA,44,"Durham Armory","Ozone","Durham",36.0329550008979,-78.904037
"2566",NA,58,"Durham Armory","Ozone","Durham",36.0329550008979,-78.904037
"2567",NA,44,"Durham Armory","Ozone","Durham",36.0329550008979,-78.904037
"2568",6-01-20,47,"Durham Armory","Ozone","Durham",36.0329550008979,-78.904037
"2569",6-02-20,64,"Durham Armory","Ozone","Durham",36.0329550008979,-78.904037
"2570",6-03-20,46,"Durham Armory","Ozone","Durham",36.0329550008979,-78.904037
"2571",6-04-20,64,"Durham Armory","Ozone","Durham",36.0329550008979,-78.904037
"2572",6-05-20,44,"Durham Armory","Ozone","Durham",36.0329550008979,-78.904037
"2573",6-06-20,44,"Durham Armory","Ozone","Durham",36.0329550008979,-78.904037
"2574",6-07-20,24,"Durham Armory","Ozone","Durham",36.0329550008979,-78.904037
"2575",6-08-20,26,"Durham Armory","Ozone","Durham",36.0329550008979,-78.904037
"2576",6-09-20,20,"Durham Armory","Ozone","Durham",36.0329550008979,-78.904037
"2577",6-10-20,31,"Durham Armory","Ozone","Durham",36.0329550008979,-78.904037
"2578",6-11-20,38,"Durham Armory","Ozone","Durham",36.0329550008979,-78.904037
"2579",6-12-20,36,"Durham Armory","Ozone","Durham",36.0329550008979,-78.904037
"2580",NA,38,"Durham Armory","Ozone","Durham",36.0329550008979,-78.904037
"2581",NA,38,"Durham Armory","Ozone","Durham",36.0329550008979,-78.904037
"2582",NA,61,"Durham Armory","Ozone","Durham",36.0329550008979,-78.904037
"2583",NA,43,"Durham Armory","Ozone","Durham",36.0329550008979,-78.904037
"2584",NA,38,"Durham Armory","Ozone","Durham",36.0329550008979,-78.904037
"2585",NA,30,"Durham Armory","Ozone","Durham",36.0329550008979,-78.904037
"2586",NA,28,"Durham Armory","Ozone","Durham",36.0329550008979,-78.904037
"2587",NA,38,"Durham Armory","Ozone","Durham",36.0329550008979,-78.904037
"2588",NA,43,"Durham Armory","Ozone","Durham",36.0329550008979,-78.904037
"2589",NA,40,"Durham Armory","Ozone","Durham",36.0329550008979,-78.904037
"2590",NA,43,"Durham Armory","Ozone","Durham",36.0329550008979,-78.904037
"2591",NA,34,"Durham Armory","Ozone","Durham",36.0329550008979,-78.904037
"2592",NA,38,"Durham Armory","Ozone","Durham",36.0329550008979,-78.904037
"2593",NA,47,"Durham Armory","Ozone","Durham",36.0329550008979,-78.904037
"2594",NA,61,"Durham Armory","Ozone","Durham",36.0329550008979,-78.904037
"2595",NA,71,"Durham Armory","Ozone","Durham",36.0329550008979,-78.904037
"2596",NA,87,"Durham Armory","Ozone","Durham",36.0329550008979,-78.904037
"2597",NA,44,"Durham Armory","Ozone","Durham",36.0329550008979,-78.904037
"2598",7-01-20,46,"Durham Armory","Ozone","Durham",36.0329550008979,-78.904037
"2599",7-02-20,50,"Durham Armory","Ozone","Durham",36.0329550008979,-78.904037
"2600",7-03-20,64,"Durham Armory","Ozone","Durham",36.0329550008979,-78.904037
"2601",7-04-20,44,"Durham Armory","Ozone","Durham",36.0329550008979,-78.904037
"2602",7-05-20,46,"Durham Armory","Ozone","Durham",36.0329550008979,-78.904037
"2603",7-06-20,35,"Durham Armory","Ozone","Durham",36.0329550008979,-78.904037
"2604",7-07-20,32,"Durham Armory","Ozone","Durham",36.0329550008979,-78.904037
"2605",7-08-20,37,"Durham Armory","Ozone","Durham",36.0329550008979,-78.904037
"2606",7-09-20,34,"Durham Armory","Ozone","Durham",36.0329550008979,-78.904037
"2607",7-10-20,54,"Durham Armory","Ozone","Durham",36.0329550008979,-78.904037
"2608",7-11-20,34,"Durham Armory","Ozone","Durham",36.0329550008979,-78.904037
"2609",7-12-20,44,"Durham Armory","Ozone","Durham",36.0329550008979,-78.904037
"2610",NA,48,"Durham Armory","Ozone","Durham",36.0329550008979,-78.904037
"2611",NA,54,"Durham Armory","Ozone","Durham",36.0329550008979,-78.904037
"2612",NA,49,"Durham Armory","Ozone","Durham",36.0329550008979,-78.904037
"2613",NA,54,"Durham Armory","Ozone","Durham",36.0329550008979,-78.904037
"2614",NA,37,"Durham Armory","Ozone","Durham",36.0329550008979,-78.904037
"2615",NA,43,"Durham Armory","Ozone","Durham",36.0329550008979,-78.904037
"2616",NA,44,"Durham Armory","Ozone","Durham",36.0329550008979,-78.904037
"2617",NA,39,"Durham Armory","Ozone","Durham",36.0329550008979,-78.904037
"2618",NA,39,"Durham Armory","Ozone","Durham",36.0329550008979,-78.904037
"2619",NA,38,"Durham Armory","Ozone","Durham",36.0329550008979,-78.904037
"2620",NA,27,"Durham Armory","Ozone","Durham",36.0329550008979,-78.904037
"2621",NA,33,"Durham Armory","Ozone","Durham",36.0329550008979,-78.904037
"2622",NA,40,"Durham Armory","Ozone","Durham",36.0329550008979,-78.904037
"2623",NA,45,"Durham Armory","Ozone","Durham",36.0329550008979,-78.904037
"2624",NA,47,"Durham Armory","Ozone","Durham",36.0329550008979,-78.904037
"2625",NA,48,"Durham Armory","Ozone","Durham",36.0329550008979,-78.904037
"2626",NA,54,"Durham Armory","Ozone","Durham",36.0329550008979,-78.904037
"2627",NA,51,"Durham Armory","Ozone","Durham",36.0329550008979,-78.904037
"2628",NA,47,"Durham Armory","Ozone","Durham",36.0329550008979,-78.904037
"2629",8-01-20,64,"Durham Armory","Ozone","Durham",36.0329550008979,-78.904037
"2630",8-02-20,44,"Durham Armory","Ozone","Durham",36.0329550008979,-78.904037
"2631",8-03-20,35,"Durham Armory","Ozone","Durham",36.0329550008979,-78.904037
"2632",8-04-20,36,"Durham Armory","Ozone","Durham",36.0329550008979,-78.904037
"2633",8-05-20,37,"Durham Armory","Ozone","Durham",36.0329550008979,-78.904037
"2634",8-06-20,42,"Durham Armory","Ozone","Durham",36.0329550008979,-78.904037
"2635",8-07-20,44,"Durham Armory","Ozone","Durham",36.0329550008979,-78.904037
"2636",8-08-20,46,"Durham Armory","Ozone","Durham",36.0329550008979,-78.904037
"2637",8-09-20,61,"Durham Armory","Ozone","Durham",36.0329550008979,-78.904037
"2638",8-10-20,47,"Durham Armory","Ozone","Durham",36.0329550008979,-78.904037
"2639",8-11-20,44,"Durham Armory","Ozone","Durham",36.0329550008979,-78.904037
"2640",8-12-20,64,"Durham Armory","Ozone","Durham",36.0329550008979,-78.904037
"2641",NA,39,"Durham Armory","Ozone","Durham",36.0329550008979,-78.904037
"2642",NA,45,"Durham Armory","Ozone","Durham",36.0329550008979,-78.904037
"2643",NA,48,"Durham Armory","Ozone","Durham",36.0329550008979,-78.904037
"2644",NA,44,"Durham Armory","Ozone","Durham",36.0329550008979,-78.904037
"2645",NA,45,"Durham Armory","Ozone","Durham",36.0329550008979,-78.904037
"2646",NA,42,"Durham Armory","Ozone","Durham",36.0329550008979,-78.904037
"2647",NA,44,"Durham Armory","Ozone","Durham",36.0329550008979,-78.904037
"2648",NA,31,"Durham Armory","Ozone","Durham",36.0329550008979,-78.904037
"2649",NA,39,"Durham Armory","Ozone","Durham",36.0329550008979,-78.904037
"2650",NA,36,"Durham Armory","Ozone","Durham",36.0329550008979,-78.904037
"2651",NA,40,"Durham Armory","Ozone","Durham",36.0329550008979,-78.904037
"2652",NA,21,"Durham Armory","Ozone","Durham",36.0329550008979,-78.904037
"2653",NA,32,"Durham Armory","Ozone","Durham",36.0329550008979,-78.904037
"2654",NA,24,"Durham Armory","Ozone","Durham",36.0329550008979,-78.904037
"2655",NA,29,"Durham Armory","Ozone","Durham",36.0329550008979,-78.904037
"2656",NA,31,"Durham Armory","Ozone","Durham",36.0329550008979,-78.904037
"2657",NA,45,"Durham Armory","Ozone","Durham",36.0329550008979,-78.904037
"2658",NA,44,"Durham Armory","Ozone","Durham",36.0329550008979,-78.904037
"2659",NA,51,"Durham Armory","Ozone","Durham",36.0329550008979,-78.904037
"2660",9-01-20,38,"Durham Armory","Ozone","Durham",36.0329550008979,-78.904037
"2661",9-02-20,31,"Durham Armory","Ozone","Durham",36.0329550008979,-78.904037
"2662",9-03-20,37,"Durham Armory","Ozone","Durham",36.0329550008979,-78.904037
"2663",9-04-20,34,"Durham Armory","Ozone","Durham",36.0329550008979,-78.904037
"2664",9-06-20,44,"Durham Armory","Ozone","Durham",36.0329550008979,-78.904037
"2665",9-07-20,49,"Durham Armory","Ozone","Durham",36.0329550008979,-78.904037
"2666",9-08-20,43,"Durham Armory","Ozone","Durham",36.0329550008979,-78.904037
"2667",9-09-20,32,"Durham Armory","Ozone","Durham",36.0329550008979,-78.904037
"2668",9-10-20,44,"Durham Armory","Ozone","Durham",36.0329550008979,-78.904037
"2669",9-11-20,46,"Durham Armory","Ozone","Durham",36.0329550008979,-78.904037
"2670",9-12-20,58,"Durham Armory","Ozone","Durham",36.0329550008979,-78.904037
"2671",NA,41,"Durham Armory","Ozone","Durham",36.0329550008979,-78.904037
"2672",NA,33,"Durham Armory","Ozone","Durham",36.0329550008979,-78.904037
"2673",NA,35,"Durham Armory","Ozone","Durham",36.0329550008979,-78.904037
"2674",NA,40,"Durham Armory","Ozone","Durham",36.0329550008979,-78.904037
"2675",NA,41,"Durham Armory","Ozone","Durham",36.0329550008979,-78.904037
"2676",NA,44,"Durham Armory","Ozone","Durham",36.0329550008979,-78.904037
"2677",NA,38,"Durham Armory","Ozone","Durham",36.0329550008979,-78.904037
"2678",NA,49,"Durham Armory","Ozone","Durham",36.0329550008979,-78.904037
"2679",NA,49,"Durham Armory","Ozone","Durham",36.0329550008979,-78.904037
"2680",NA,47,"Durham Armory","Ozone","Durham",36.0329550008979,-78.904037
"2681",NA,47,"Durham Armory","Ozone","Durham",36.0329550008979,-78.904037
"2682",NA,46,"Durham Armory","Ozone","Durham",36.0329550008979,-78.904037
"2683",NA,50,"Durham Armory","Ozone","Durham",36.0329550008979,-78.904037
"2684",NA,61,"Durham Armory","Ozone","Durham",36.0329550008979,-78.904037
"2685",NA,50,"Durham Armory","Ozone","Durham",36.0329550008979,-78.904037
"2686",NA,43,"Durham Armory","Ozone","Durham",36.0329550008979,-78.904037
"2687",NA,45,"Durham Armory","Ozone","Durham",36.0329550008979,-78.904037
"2688",NA,45,"Durham Armory","Ozone","Durham",36.0329550008979,-78.904037
"2689",10-01-20,54,"Durham Armory","Ozone","Durham",36.0329550008979,-78.904037
"2690",10-02-20,49,"Durham Armory","Ozone","Durham",36.0329550008979,-78.904037
"2691",10-03-20,50,"Durham Armory","Ozone","Durham",36.0329550008979,-78.904037
"2692",10-04-20,47,"Durham Armory","Ozone","Durham",36.0329550008979,-78.904037
"2693",10-05-20,29,"Durham Armory","Ozone","Durham",36.0329550008979,-78.904037
"2694",10-06-20,38,"Durham Armory","Ozone","Durham",36.0329550008979,-78.904037
"2695",10-07-20,38,"Durham Armory","Ozone","Durham",36.0329550008979,-78.904037
"2696",10-08-20,30,"Durham Armory","Ozone","Durham",36.0329550008979,-78.904037
"2697",10-09-20,31,"Durham Armory","Ozone","Durham",36.0329550008979,-78.904037
"2698",10-10-20,36,"Durham Armory","Ozone","Durham",36.0329550008979,-78.904037
"2699",10-11-20,42,"Durham Armory","Ozone","Durham",36.0329550008979,-78.904037
"2700",10-12-20,44,"Durham Armory","Ozone","Durham",36.0329550008979,-78.904037
"2701",NA,18,"Durham Armory","Ozone","Durham",36.0329550008979,-78.904037
"2702",NA,38,"Durham Armory","Ozone","Durham",36.0329550008979,-78.904037
"2703",NA,44,"Durham Armory","Ozone","Durham",36.0329550008979,-78.904037
"2704",NA,31,"Durham Armory","Ozone","Durham",36.0329550008979,-78.904037
"2705",NA,32,"Durham Armory","Ozone","Durham",36.0329550008979,-78.904037
"2706",NA,35,"Durham Armory","Ozone","Durham",36.0329550008979,-78.904037
"2707",NA,35,"Durham Armory","Ozone","Durham",36.0329550008979,-78.904037
"2708",NA,31,"Durham Armory","Ozone","Durham",36.0329550008979,-78.904037
"2709",NA,32,"Durham Armory","Ozone","Durham",36.0329550008979,-78.904037
"2710",NA,19,"Durham Armory","Ozone","Durham",36.0329550008979,-78.904037
"2711",NA,33,"Durham Armory","Ozone","Durham",36.0329550008979,-78.904037
"2712",NA,38,"Durham Armory","Ozone","Durham",36.0329550008979,-78.904037
"2713",NA,34,"Durham Armory","Ozone","Durham",36.0329550008979,-78.904037
"2714",NA,37,"Durham Armory","Ozone","Durham",36.0329550008979,-78.904037
"2715",NA,20,"Durham Armory","Ozone","Durham",36.0329550008979,-78.904037
"2716",NA,36,"Durham Armory","Ozone","Durham",36.0329550008979,-78.904037
"2717",NA,25,"Durham Armory","Ozone","Durham",36.0329550008979,-78.904037
"2718",NA,21,"Durham Armory","Ozone","Durham",36.0329550008979,-78.904037
"2719",NA,24,"Durham Armory","Ozone","Durham",36.0329550008979,-78.904037
"2720",NA,35,"Leggett","Ozone","Edgecombe",35.988278,-77.5843
"2721",NA,36,"Leggett","Ozone","Edgecombe",35.988278,-77.5843
"2722",2-01-20,38,"Leggett","Ozone","Edgecombe",35.988278,-77.5843
"2723",2-02-20,30,"Leggett","Ozone","Edgecombe",35.988278,-77.5843
"2724",2-03-20,32,"Leggett","Ozone","Edgecombe",35.988278,-77.5843
"2725",2-04-20,43,"Leggett","Ozone","Edgecombe",35.988278,-77.5843
"2726",2-05-20,37,"Leggett","Ozone","Edgecombe",35.988278,-77.5843
"2727",2-06-20,39,"Leggett","Ozone","Edgecombe",35.988278,-77.5843
"2728",2-07-20,31,"Leggett","Ozone","Edgecombe",35.988278,-77.5843
"2729",2-08-20,40,"Leggett","Ozone","Edgecombe",35.988278,-77.5843
"2730",2-09-20,34,"Leggett","Ozone","Edgecombe",35.988278,-77.5843
"2731",2-10-20,34,"Leggett","Ozone","Edgecombe",35.988278,-77.5843
"2732",2-11-20,27,"Leggett","Ozone","Edgecombe",35.988278,-77.5843
"2733",2-12-20,25,"Leggett","Ozone","Edgecombe",35.988278,-77.5843
"2734",NA,38,"Leggett","Ozone","Edgecombe",35.988278,-77.5843
"2735",NA,44,"Leggett","Ozone","Edgecombe",35.988278,-77.5843
"2736",NA,36,"Leggett","Ozone","Edgecombe",35.988278,-77.5843
"2737",NA,27,"Leggett","Ozone","Edgecombe",35.988278,-77.5843
"2738",NA,34,"Leggett","Ozone","Edgecombe",35.988278,-77.5843
"2739",NA,33,"Leggett","Ozone","Edgecombe",35.988278,-77.5843
"2740",NA,34,"Leggett","Ozone","Edgecombe",35.988278,-77.5843
"2741",NA,19,"Leggett","Ozone","Edgecombe",35.988278,-77.5843
"2742",NA,35,"Leggett","Ozone","Edgecombe",35.988278,-77.5843
"2743",NA,35,"Leggett","Ozone","Edgecombe",35.988278,-77.5843
"2744",NA,41,"Leggett","Ozone","Edgecombe",35.988278,-77.5843
"2745",NA,43,"Leggett","Ozone","Edgecombe",35.988278,-77.5843
"2746",NA,45,"Leggett","Ozone","Edgecombe",35.988278,-77.5843
"2747",NA,22,"Leggett","Ozone","Edgecombe",35.988278,-77.5843
"2748",NA,37,"Leggett","Ozone","Edgecombe",35.988278,-77.5843
"2749",3-01-20,26,"Leggett","Ozone","Edgecombe",35.988278,-77.5843
"2750",3-02-20,28,"Leggett","Ozone","Edgecombe",35.988278,-77.5843
"2751",3-03-20,29,"Leggett","Ozone","Edgecombe",35.988278,-77.5843
"2752",3-04-20,34,"Leggett","Ozone","Edgecombe",35.988278,-77.5843
"2753",3-05-20,34,"Leggett","Ozone","Edgecombe",35.988278,-77.5843
"2754",3-06-20,39,"Leggett","Ozone","Edgecombe",35.988278,-77.5843
"2755",3-07-20,42,"Leggett","Ozone","Edgecombe",35.988278,-77.5843
"2756",3-08-20,35,"Leggett","Ozone","Edgecombe",35.988278,-77.5843
"2757",3-09-20,39,"Leggett","Ozone","Edgecombe",35.988278,-77.5843
"2758",3-10-20,32,"Leggett","Ozone","Edgecombe",35.988278,-77.5843
"2759",3-11-20,42,"Leggett","Ozone","Edgecombe",35.988278,-77.5843
"2760",3-12-20,44,"Leggett","Ozone","Edgecombe",35.988278,-77.5843
"2761",NA,48,"Leggett","Ozone","Edgecombe",35.988278,-77.5843
"2762",NA,51,"Leggett","Ozone","Edgecombe",35.988278,-77.5843
"2763",NA,40,"Leggett","Ozone","Edgecombe",35.988278,-77.5843
"2764",NA,42,"Leggett","Ozone","Edgecombe",35.988278,-77.5843
"2765",NA,44,"Leggett","Ozone","Edgecombe",35.988278,-77.5843
"2766",NA,44,"Leggett","Ozone","Edgecombe",35.988278,-77.5843
"2767",NA,45,"Leggett","Ozone","Edgecombe",35.988278,-77.5843
"2768",NA,40,"Leggett","Ozone","Edgecombe",35.988278,-77.5843
"2769",NA,39,"Leggett","Ozone","Edgecombe",35.988278,-77.5843
"2770",NA,44,"Leggett","Ozone","Edgecombe",35.988278,-77.5843
"2771",NA,45,"Leggett","Ozone","Edgecombe",35.988278,-77.5843
"2772",NA,54,"Leggett","Ozone","Edgecombe",35.988278,-77.5843
"2773",NA,49,"Leggett","Ozone","Edgecombe",35.988278,-77.5843
"2774",NA,44,"Leggett","Ozone","Edgecombe",35.988278,-77.5843
"2775",NA,45,"Leggett","Ozone","Edgecombe",35.988278,-77.5843
"2776",NA,48,"Leggett","Ozone","Edgecombe",35.988278,-77.5843
"2777",NA,58,"Leggett","Ozone","Edgecombe",35.988278,-77.5843
"2778",NA,48,"Leggett","Ozone","Edgecombe",35.988278,-77.5843
"2779",NA,41,"Leggett","Ozone","Edgecombe",35.988278,-77.5843
"2780",4-01-20,44,"Leggett","Ozone","Edgecombe",35.988278,-77.5843
"2781",4-02-20,34,"Leggett","Ozone","Edgecombe",35.988278,-77.5843
"2782",4-03-20,51,"Leggett","Ozone","Edgecombe",35.988278,-77.5843
"2783",4-04-20,61,"Leggett","Ozone","Edgecombe",35.988278,-77.5843
"2784",4-05-20,38,"Leggett","Ozone","Edgecombe",35.988278,-77.5843
"2785",4-06-20,32,"Leggett","Ozone","Edgecombe",35.988278,-77.5843
"2786",4-07-20,38,"Leggett","Ozone","Edgecombe",35.988278,-77.5843
"2787",4-08-20,37,"Leggett","Ozone","Edgecombe",35.988278,-77.5843
"2788",4-09-20,31,"Leggett","Ozone","Edgecombe",35.988278,-77.5843
"2789",4-10-20,50,"Leggett","Ozone","Edgecombe",35.988278,-77.5843
"2790",4-11-20,48,"Leggett","Ozone","Edgecombe",35.988278,-77.5843
"2791",4-12-20,44,"Leggett","Ozone","Edgecombe",35.988278,-77.5843
"2792",NA,27,"Leggett","Ozone","Edgecombe",35.988278,-77.5843
"2793",NA,30,"Leggett","Ozone","Edgecombe",35.988278,-77.5843
"2794",NA,47,"Leggett","Ozone","Edgecombe",35.988278,-77.5843
"2795",NA,49,"Leggett","Ozone","Edgecombe",35.988278,-77.5843
"2796",NA,58,"Leggett","Ozone","Edgecombe",35.988278,-77.5843
"2797",NA,48,"Leggett","Ozone","Edgecombe",35.988278,-77.5843
"2798",NA,36,"Leggett","Ozone","Edgecombe",35.988278,-77.5843
"2799",NA,39,"Leggett","Ozone","Edgecombe",35.988278,-77.5843
"2800",NA,30,"Leggett","Ozone","Edgecombe",35.988278,-77.5843
"2801",NA,38,"Leggett","Ozone","Edgecombe",35.988278,-77.5843
"2802",NA,50,"Leggett","Ozone","Edgecombe",35.988278,-77.5843
"2803",NA,49,"Leggett","Ozone","Edgecombe",35.988278,-77.5843
"2804",NA,71,"Leggett","Ozone","Edgecombe",35.988278,-77.5843
"2805",NA,43,"Leggett","Ozone","Edgecombe",35.988278,-77.5843
"2806",NA,50,"Leggett","Ozone","Edgecombe",35.988278,-77.5843
"2807",NA,48,"Leggett","Ozone","Edgecombe",35.988278,-77.5843
"2808",NA,33,"Leggett","Ozone","Edgecombe",35.988278,-77.5843
"2809",NA,49,"Leggett","Ozone","Edgecombe",35.988278,-77.5843
"2810",5-01-20,44,"Leggett","Ozone","Edgecombe",35.988278,-77.5843
"2811",5-02-20,44,"Leggett","Ozone","Edgecombe",35.988278,-77.5843
"2812",5-03-20,31,"Leggett","Ozone","Edgecombe",35.988278,-77.5843
"2813",5-04-20,36,"Leggett","Ozone","Edgecombe",35.988278,-77.5843
"2814",5-05-20,30,"Leggett","Ozone","Edgecombe",35.988278,-77.5843
"2815",5-06-20,36,"Leggett","Ozone","Edgecombe",35.988278,-77.5843
"2816",5-07-20,47,"Leggett","Ozone","Edgecombe",35.988278,-77.5843
"2817",5-08-20,48,"Leggett","Ozone","Edgecombe",35.988278,-77.5843
"2818",5-09-20,46,"Leggett","Ozone","Edgecombe",35.988278,-77.5843
"2819",5-10-20,43,"Leggett","Ozone","Edgecombe",35.988278,-77.5843
"2820",5-11-20,37,"Leggett","Ozone","Edgecombe",35.988278,-77.5843
"2821",5-12-20,35,"Leggett","Ozone","Edgecombe",35.988278,-77.5843
"2822",NA,24,"Leggett","Ozone","Edgecombe",35.988278,-77.5843
"2823",NA,36,"Leggett","Ozone","Edgecombe",35.988278,-77.5843
"2824",NA,43,"Leggett","Ozone","Edgecombe",35.988278,-77.5843
"2825",NA,50,"Leggett","Ozone","Edgecombe",35.988278,-77.5843
"2826",NA,54,"Leggett","Ozone","Edgecombe",35.988278,-77.5843
"2827",NA,64,"Leggett","Ozone","Edgecombe",35.988278,-77.5843
"2828",NA,58,"Leggett","Ozone","Edgecombe",35.988278,-77.5843
"2829",NA,44,"Leggett","Ozone","Edgecombe",35.988278,-77.5843
"2830",NA,49,"Leggett","Ozone","Edgecombe",35.988278,-77.5843
"2831",NA,46,"Leggett","Ozone","Edgecombe",35.988278,-77.5843
"2832",NA,44,"Leggett","Ozone","Edgecombe",35.988278,-77.5843
"2833",NA,44,"Leggett","Ozone","Edgecombe",35.988278,-77.5843
"2834",NA,58,"Leggett","Ozone","Edgecombe",35.988278,-77.5843
"2835",NA,45,"Leggett","Ozone","Edgecombe",35.988278,-77.5843
"2836",NA,44,"Leggett","Ozone","Edgecombe",35.988278,-77.5843
"2837",NA,50,"Leggett","Ozone","Edgecombe",35.988278,-77.5843
"2838",NA,46,"Leggett","Ozone","Edgecombe",35.988278,-77.5843
"2839",NA,64,"Leggett","Ozone","Edgecombe",35.988278,-77.5843
"2840",NA,44,"Leggett","Ozone","Edgecombe",35.988278,-77.5843
"2841",6-01-20,47,"Leggett","Ozone","Edgecombe",35.988278,-77.5843
"2842",6-02-20,67,"Leggett","Ozone","Edgecombe",35.988278,-77.5843
"2843",6-03-20,46,"Leggett","Ozone","Edgecombe",35.988278,-77.5843
"2844",6-04-20,54,"Leggett","Ozone","Edgecombe",35.988278,-77.5843
"2845",6-05-20,46,"Leggett","Ozone","Edgecombe",35.988278,-77.5843
"2846",6-06-20,45,"Leggett","Ozone","Edgecombe",35.988278,-77.5843
"2847",6-07-20,30,"Leggett","Ozone","Edgecombe",35.988278,-77.5843
"2848",6-08-20,31,"Leggett","Ozone","Edgecombe",35.988278,-77.5843
"2849",6-09-20,25,"Leggett","Ozone","Edgecombe",35.988278,-77.5843
"2850",6-10-20,28,"Leggett","Ozone","Edgecombe",35.988278,-77.5843
"2851",6-11-20,36,"Leggett","Ozone","Edgecombe",35.988278,-77.5843
"2852",6-12-20,38,"Leggett","Ozone","Edgecombe",35.988278,-77.5843
"2853",NA,37,"Leggett","Ozone","Edgecombe",35.988278,-77.5843
"2854",NA,37,"Leggett","Ozone","Edgecombe",35.988278,-77.5843
"2855",NA,54,"Leggett","Ozone","Edgecombe",35.988278,-77.5843
"2856",NA,46,"Leggett","Ozone","Edgecombe",35.988278,-77.5843
"2857",NA,38,"Leggett","Ozone","Edgecombe",35.988278,-77.5843
"2858",NA,29,"Leggett","Ozone","Edgecombe",35.988278,-77.5843
"2859",NA,27,"Leggett","Ozone","Edgecombe",35.988278,-77.5843
"2860",NA,41,"Leggett","Ozone","Edgecombe",35.988278,-77.5843
"2861",NA,44,"Leggett","Ozone","Edgecombe",35.988278,-77.5843
"2862",NA,35,"Leggett","Ozone","Edgecombe",35.988278,-77.5843
"2863",NA,42,"Leggett","Ozone","Edgecombe",35.988278,-77.5843
"2864",NA,45,"Leggett","Ozone","Edgecombe",35.988278,-77.5843
"2865",NA,41,"Leggett","Ozone","Edgecombe",35.988278,-77.5843
"2866",NA,49,"Leggett","Ozone","Edgecombe",35.988278,-77.5843
"2867",NA,61,"Leggett","Ozone","Edgecombe",35.988278,-77.5843
"2868",NA,67,"Leggett","Ozone","Edgecombe",35.988278,-77.5843
"2869",NA,71,"Leggett","Ozone","Edgecombe",35.988278,-77.5843
"2870",NA,50,"Leggett","Ozone","Edgecombe",35.988278,-77.5843
"2871",7-01-20,44,"Leggett","Ozone","Edgecombe",35.988278,-77.5843
"2872",7-02-20,64,"Leggett","Ozone","Edgecombe",35.988278,-77.5843
"2873",7-03-20,47,"Leggett","Ozone","Edgecombe",35.988278,-77.5843
"2874",7-04-20,49,"Leggett","Ozone","Edgecombe",35.988278,-77.5843
"2875",7-05-20,43,"Leggett","Ozone","Edgecombe",35.988278,-77.5843
"2876",7-06-20,44,"Leggett","Ozone","Edgecombe",35.988278,-77.5843
"2877",7-07-20,35,"Leggett","Ozone","Edgecombe",35.988278,-77.5843
"2878",7-08-20,31,"Leggett","Ozone","Edgecombe",35.988278,-77.5843
"2879",7-09-20,35,"Leggett","Ozone","Edgecombe",35.988278,-77.5843
"2880",7-10-20,45,"Leggett","Ozone","Edgecombe",35.988278,-77.5843
"2881",7-11-20,38,"Leggett","Ozone","Edgecombe",35.988278,-77.5843
"2882",7-12-20,39,"Leggett","Ozone","Edgecombe",35.988278,-77.5843
"2883",NA,44,"Leggett","Ozone","Edgecombe",35.988278,-77.5843
"2884",NA,45,"Leggett","Ozone","Edgecombe",35.988278,-77.5843
"2885",NA,46,"Leggett","Ozone","Edgecombe",35.988278,-77.5843
"2886",NA,47,"Leggett","Ozone","Edgecombe",35.988278,-77.5843
"2887",NA,44,"Leggett","Ozone","Edgecombe",35.988278,-77.5843
"2888",NA,37,"Leggett","Ozone","Edgecombe",35.988278,-77.5843
"2889",NA,46,"Leggett","Ozone","Edgecombe",35.988278,-77.5843
"2890",NA,51,"Leggett","Ozone","Edgecombe",35.988278,-77.5843
"2891",NA,37,"Leggett","Ozone","Edgecombe",35.988278,-77.5843
"2892",NA,42,"Leggett","Ozone","Edgecombe",35.988278,-77.5843
"2893",NA,26,"Leggett","Ozone","Edgecombe",35.988278,-77.5843
"2894",NA,32,"Leggett","Ozone","Edgecombe",35.988278,-77.5843
"2895",NA,44,"Leggett","Ozone","Edgecombe",35.988278,-77.5843
"2896",NA,45,"Leggett","Ozone","Edgecombe",35.988278,-77.5843
"2897",NA,44,"Leggett","Ozone","Edgecombe",35.988278,-77.5843
"2898",NA,50,"Leggett","Ozone","Edgecombe",35.988278,-77.5843
"2899",NA,50,"Leggett","Ozone","Edgecombe",35.988278,-77.5843
"2900",NA,51,"Leggett","Ozone","Edgecombe",35.988278,-77.5843
"2901",NA,46,"Leggett","Ozone","Edgecombe",35.988278,-77.5843
"2902",8-01-20,45,"Leggett","Ozone","Edgecombe",35.988278,-77.5843
"2903",8-02-20,32,"Leggett","Ozone","Edgecombe",35.988278,-77.5843
"2904",8-03-20,30,"Leggett","Ozone","Edgecombe",35.988278,-77.5843
"2905",8-04-20,42,"Leggett","Ozone","Edgecombe",35.988278,-77.5843
"2906",8-05-20,29,"Leggett","Ozone","Edgecombe",35.988278,-77.5843
"2907",8-06-20,36,"Leggett","Ozone","Edgecombe",35.988278,-77.5843
"2908",8-07-20,40,"Leggett","Ozone","Edgecombe",35.988278,-77.5843
"2909",8-08-20,47,"Leggett","Ozone","Edgecombe",35.988278,-77.5843
"2910",8-09-20,49,"Leggett","Ozone","Edgecombe",35.988278,-77.5843
"2911",8-10-20,42,"Leggett","Ozone","Edgecombe",35.988278,-77.5843
"2912",8-11-20,44,"Leggett","Ozone","Edgecombe",35.988278,-77.5843
"2913",8-12-20,44,"Leggett","Ozone","Edgecombe",35.988278,-77.5843
"2914",NA,41,"Leggett","Ozone","Edgecombe",35.988278,-77.5843
"2915",NA,42,"Leggett","Ozone","Edgecombe",35.988278,-77.5843
"2916",NA,41,"Leggett","Ozone","Edgecombe",35.988278,-77.5843
"2917",NA,31,"Leggett","Ozone","Edgecombe",35.988278,-77.5843
"2918",NA,29,"Leggett","Ozone","Edgecombe",35.988278,-77.5843
"2919",NA,31,"Leggett","Ozone","Edgecombe",35.988278,-77.5843
"2920",NA,37,"Leggett","Ozone","Edgecombe",35.988278,-77.5843
"2921",NA,34,"Leggett","Ozone","Edgecombe",35.988278,-77.5843
"2922",NA,37,"Leggett","Ozone","Edgecombe",35.988278,-77.5843
"2923",NA,43,"Leggett","Ozone","Edgecombe",35.988278,-77.5843
"2924",NA,35,"Leggett","Ozone","Edgecombe",35.988278,-77.5843
"2925",NA,19,"Leggett","Ozone","Edgecombe",35.988278,-77.5843
"2926",NA,25,"Leggett","Ozone","Edgecombe",35.988278,-77.5843
"2927",NA,19,"Leggett","Ozone","Edgecombe",35.988278,-77.5843
"2928",NA,25,"Leggett","Ozone","Edgecombe",35.988278,-77.5843
"2929",NA,27,"Leggett","Ozone","Edgecombe",35.988278,-77.5843
"2930",NA,40,"Leggett","Ozone","Edgecombe",35.988278,-77.5843
"2931",NA,50,"Leggett","Ozone","Edgecombe",35.988278,-77.5843
"2932",NA,44,"Leggett","Ozone","Edgecombe",35.988278,-77.5843
"2933",9-01-20,38,"Leggett","Ozone","Edgecombe",35.988278,-77.5843
"2934",9-02-20,29,"Leggett","Ozone","Edgecombe",35.988278,-77.5843
"2935",9-03-20,30,"Leggett","Ozone","Edgecombe",35.988278,-77.5843
"2936",9-06-20,33,"Leggett","Ozone","Edgecombe",35.988278,-77.5843
"2937",9-07-20,44,"Leggett","Ozone","Edgecombe",35.988278,-77.5843
"2938",9-08-20,33,"Leggett","Ozone","Edgecombe",35.988278,-77.5843
"2939",9-09-20,31,"Leggett","Ozone","Edgecombe",35.988278,-77.5843
"2940",9-10-20,33,"Leggett","Ozone","Edgecombe",35.988278,-77.5843
"2941",9-11-20,35,"Leggett","Ozone","Edgecombe",35.988278,-77.5843
"2942",9-12-20,47,"Leggett","Ozone","Edgecombe",35.988278,-77.5843
"2943",NA,31,"Leggett","Ozone","Edgecombe",35.988278,-77.5843
"2944",NA,29,"Leggett","Ozone","Edgecombe",35.988278,-77.5843
"2945",NA,25,"Leggett","Ozone","Edgecombe",35.988278,-77.5843
"2946",NA,32,"Leggett","Ozone","Edgecombe",35.988278,-77.5843
"2947",NA,36,"Leggett","Ozone","Edgecombe",35.988278,-77.5843
"2948",NA,31,"Leggett","Ozone","Edgecombe",35.988278,-77.5843
"2949",NA,34,"Leggett","Ozone","Edgecombe",35.988278,-77.5843
"2950",NA,32,"Leggett","Ozone","Edgecombe",35.988278,-77.5843
"2951",NA,41,"Leggett","Ozone","Edgecombe",35.988278,-77.5843
"2952",NA,38,"Leggett","Ozone","Edgecombe",35.988278,-77.5843
"2953",NA,41,"Leggett","Ozone","Edgecombe",35.988278,-77.5843
"2954",NA,39,"Leggett","Ozone","Edgecombe",35.988278,-77.5843
"2955",NA,44,"Leggett","Ozone","Edgecombe",35.988278,-77.5843
"2956",NA,47,"Leggett","Ozone","Edgecombe",35.988278,-77.5843
"2957",NA,41,"Leggett","Ozone","Edgecombe",35.988278,-77.5843
"2958",NA,37,"Leggett","Ozone","Edgecombe",35.988278,-77.5843
"2959",NA,44,"Leggett","Ozone","Edgecombe",35.988278,-77.5843
"2960",NA,39,"Leggett","Ozone","Edgecombe",35.988278,-77.5843
"2961",10-01-20,32,"Leggett","Ozone","Edgecombe",35.988278,-77.5843
"2962",10-02-20,49,"Leggett","Ozone","Edgecombe",35.988278,-77.5843
"2963",10-03-20,51,"Leggett","Ozone","Edgecombe",35.988278,-77.5843
"2964",10-04-20,35,"Leggett","Ozone","Edgecombe",35.988278,-77.5843
"2965",10-05-20,31,"Leggett","Ozone","Edgecombe",35.988278,-77.5843
"2966",10-06-20,33,"Leggett","Ozone","Edgecombe",35.988278,-77.5843
"2967",10-07-20,31,"Leggett","Ozone","Edgecombe",35.988278,-77.5843
"2968",10-08-20,25,"Leggett","Ozone","Edgecombe",35.988278,-77.5843
"2969",10-09-20,26,"Leggett","Ozone","Edgecombe",35.988278,-77.5843
"2970",10-10-20,31,"Leggett","Ozone","Edgecombe",35.988278,-77.5843
"2971",10-11-20,40,"Leggett","Ozone","Edgecombe",35.988278,-77.5843
"2972",10-12-20,50,"Leggett","Ozone","Edgecombe",35.988278,-77.5843
"2973",NA,31,"Leggett","Ozone","Edgecombe",35.988278,-77.5843
"2974",NA,31,"Leggett","Ozone","Edgecombe",35.988278,-77.5843
"2975",NA,39,"Leggett","Ozone","Edgecombe",35.988278,-77.5843
"2976",NA,28,"Leggett","Ozone","Edgecombe",35.988278,-77.5843
"2977",NA,31,"Leggett","Ozone","Edgecombe",35.988278,-77.5843
"2978",NA,33,"Leggett","Ozone","Edgecombe",35.988278,-77.5843
"2979",NA,37,"Leggett","Ozone","Edgecombe",35.988278,-77.5843
"2980",NA,30,"Leggett","Ozone","Edgecombe",35.988278,-77.5843
"2981",NA,27,"Leggett","Ozone","Edgecombe",35.988278,-77.5843
"2982",NA,24,"Leggett","Ozone","Edgecombe",35.988278,-77.5843
"2983",NA,33,"Leggett","Ozone","Edgecombe",35.988278,-77.5843
"2984",NA,35,"Leggett","Ozone","Edgecombe",35.988278,-77.5843
"2985",NA,33,"Leggett","Ozone","Edgecombe",35.988278,-77.5843
"2986",NA,36,"Leggett","Ozone","Edgecombe",35.988278,-77.5843
"2987",NA,18,"Leggett","Ozone","Edgecombe",35.988278,-77.5843
"2988",NA,35,"Leggett","Ozone","Edgecombe",35.988278,-77.5843
"2989",NA,24,"Leggett","Ozone","Edgecombe",35.988278,-77.5843
"2990",NA,19,"Leggett","Ozone","Edgecombe",35.988278,-77.5843
"2991",NA,28,"Leggett","Ozone","Edgecombe",35.988278,-77.5843
"2992",3-01-20,25,"Hattie Avenue","Ozone","Forsyth",36.110693332,-80.2264378
"2993",3-02-20,30,"Hattie Avenue","Ozone","Forsyth",36.110693332,-80.2264378
"2994",3-03-20,21,"Hattie Avenue","Ozone","Forsyth",36.110693332,-80.2264378
"2995",3-04-20,39,"Hattie Avenue","Ozone","Forsyth",36.110693332,-80.2264378
"2996",3-05-20,40,"Hattie Avenue","Ozone","Forsyth",36.110693332,-80.2264378
"2997",3-06-20,41,"Hattie Avenue","Ozone","Forsyth",36.110693332,-80.2264378
"2998",3-07-20,40,"Hattie Avenue","Ozone","Forsyth",36.110693332,-80.2264378
"2999",3-08-20,27,"Hattie Avenue","Ozone","Forsyth",36.110693332,-80.2264378
"3000",3-09-20,22,"Hattie Avenue","Ozone","Forsyth",36.110693332,-80.2264378
"3001",3-10-20,25,"Hattie Avenue","Ozone","Forsyth",36.110693332,-80.2264378
"3002",3-11-20,40,"Hattie Avenue","Ozone","Forsyth",36.110693332,-80.2264378
"3003",3-12-20,47,"Hattie Avenue","Ozone","Forsyth",36.110693332,-80.2264378
"3004",NA,48,"Hattie Avenue","Ozone","Forsyth",36.110693332,-80.2264378
"3005",NA,47,"Hattie Avenue","Ozone","Forsyth",36.110693332,-80.2264378
"3006",NA,38,"Hattie Avenue","Ozone","Forsyth",36.110693332,-80.2264378
"3007",NA,43,"Hattie Avenue","Ozone","Forsyth",36.110693332,-80.2264378
"3008",NA,45,"Hattie Avenue","Ozone","Forsyth",36.110693332,-80.2264378
"3009",NA,45,"Hattie Avenue","Ozone","Forsyth",36.110693332,-80.2264378
"3010",NA,48,"Hattie Avenue","Ozone","Forsyth",36.110693332,-80.2264378
"3011",NA,61,"Hattie Avenue","Ozone","Forsyth",36.110693332,-80.2264378
"3012",NA,50,"Hattie Avenue","Ozone","Forsyth",36.110693332,-80.2264378
"3013",NA,46,"Hattie Avenue","Ozone","Forsyth",36.110693332,-80.2264378
"3014",NA,47,"Hattie Avenue","Ozone","Forsyth",36.110693332,-80.2264378
"3015",NA,67,"Hattie Avenue","Ozone","Forsyth",36.110693332,-80.2264378
"3016",NA,39,"Hattie Avenue","Ozone","Forsyth",36.110693332,-80.2264378
"3017",NA,42,"Hattie Avenue","Ozone","Forsyth",36.110693332,-80.2264378
"3018",NA,48,"Hattie Avenue","Ozone","Forsyth",36.110693332,-80.2264378
"3019",NA,58,"Hattie Avenue","Ozone","Forsyth",36.110693332,-80.2264378
"3020",NA,80,"Hattie Avenue","Ozone","Forsyth",36.110693332,-80.2264378
"3021",NA,51,"Hattie Avenue","Ozone","Forsyth",36.110693332,-80.2264378
"3022",NA,42,"Hattie Avenue","Ozone","Forsyth",36.110693332,-80.2264378
"3023",4-01-20,45,"Hattie Avenue","Ozone","Forsyth",36.110693332,-80.2264378
"3024",4-02-20,42,"Hattie Avenue","Ozone","Forsyth",36.110693332,-80.2264378
"3025",4-03-20,54,"Hattie Avenue","Ozone","Forsyth",36.110693332,-80.2264378
"3026",4-04-20,77,"Hattie Avenue","Ozone","Forsyth",36.110693332,-80.2264378
"3027",4-05-20,41,"Hattie Avenue","Ozone","Forsyth",36.110693332,-80.2264378
"3028",4-06-20,49,"Hattie Avenue","Ozone","Forsyth",36.110693332,-80.2264378
"3029",4-07-20,34,"Hattie Avenue","Ozone","Forsyth",36.110693332,-80.2264378
"3030",4-08-20,30,"Hattie Avenue","Ozone","Forsyth",36.110693332,-80.2264378
"3031",4-09-20,40,"Hattie Avenue","Ozone","Forsyth",36.110693332,-80.2264378
"3032",4-10-20,64,"Hattie Avenue","Ozone","Forsyth",36.110693332,-80.2264378
"3033",4-11-20,51,"Hattie Avenue","Ozone","Forsyth",36.110693332,-80.2264378
"3034",4-12-20,29,"Hattie Avenue","Ozone","Forsyth",36.110693332,-80.2264378
"3035",NA,36,"Hattie Avenue","Ozone","Forsyth",36.110693332,-80.2264378
"3036",NA,34,"Hattie Avenue","Ozone","Forsyth",36.110693332,-80.2264378
"3037",NA,45,"Hattie Avenue","Ozone","Forsyth",36.110693332,-80.2264378
"3038",NA,58,"Hattie Avenue","Ozone","Forsyth",36.110693332,-80.2264378
"3039",NA,74,"Hattie Avenue","Ozone","Forsyth",36.110693332,-80.2264378
"3040",NA,49,"Hattie Avenue","Ozone","Forsyth",36.110693332,-80.2264378
"3041",NA,36,"Hattie Avenue","Ozone","Forsyth",36.110693332,-80.2264378
"3042",NA,31,"Hattie Avenue","Ozone","Forsyth",36.110693332,-80.2264378
"3043",NA,34,"Hattie Avenue","Ozone","Forsyth",36.110693332,-80.2264378
"3044",NA,45,"Hattie Avenue","Ozone","Forsyth",36.110693332,-80.2264378
"3045",NA,47,"Hattie Avenue","Ozone","Forsyth",36.110693332,-80.2264378
"3046",NA,58,"Hattie Avenue","Ozone","Forsyth",36.110693332,-80.2264378
"3047",NA,45,"Hattie Avenue","Ozone","Forsyth",36.110693332,-80.2264378
"3048",NA,43,"Hattie Avenue","Ozone","Forsyth",36.110693332,-80.2264378
"3049",NA,50,"Hattie Avenue","Ozone","Forsyth",36.110693332,-80.2264378
"3050",NA,48,"Hattie Avenue","Ozone","Forsyth",36.110693332,-80.2264378
"3051",NA,36,"Hattie Avenue","Ozone","Forsyth",36.110693332,-80.2264378
"3052",NA,74,"Hattie Avenue","Ozone","Forsyth",36.110693332,-80.2264378
"3053",5-01-20,46,"Hattie Avenue","Ozone","Forsyth",36.110693332,-80.2264378
"3054",5-02-20,46,"Hattie Avenue","Ozone","Forsyth",36.110693332,-80.2264378
"3055",5-03-20,37,"Hattie Avenue","Ozone","Forsyth",36.110693332,-80.2264378
"3056",5-04-20,40,"Hattie Avenue","Ozone","Forsyth",36.110693332,-80.2264378
"3057",5-05-20,29,"Hattie Avenue","Ozone","Forsyth",36.110693332,-80.2264378
"3058",5-06-20,45,"Hattie Avenue","Ozone","Forsyth",36.110693332,-80.2264378
"3059",5-07-20,45,"Hattie Avenue","Ozone","Forsyth",36.110693332,-80.2264378
"3060",5-08-20,46,"Hattie Avenue","Ozone","Forsyth",36.110693332,-80.2264378
"3061",5-09-20,43,"Hattie Avenue","Ozone","Forsyth",36.110693332,-80.2264378
"3062",5-10-20,37,"Hattie Avenue","Ozone","Forsyth",36.110693332,-80.2264378
"3063",5-11-20,25,"Hattie Avenue","Ozone","Forsyth",36.110693332,-80.2264378
"3064",5-12-20,30,"Hattie Avenue","Ozone","Forsyth",36.110693332,-80.2264378
"3065",NA,36,"Hattie Avenue","Ozone","Forsyth",36.110693332,-80.2264378
"3066",NA,41,"Hattie Avenue","Ozone","Forsyth",36.110693332,-80.2264378
"3067",NA,48,"Hattie Avenue","Ozone","Forsyth",36.110693332,-80.2264378
"3068",NA,51,"Hattie Avenue","Ozone","Forsyth",36.110693332,-80.2264378
"3069",NA,48,"Hattie Avenue","Ozone","Forsyth",36.110693332,-80.2264378
"3070",NA,61,"Hattie Avenue","Ozone","Forsyth",36.110693332,-80.2264378
"3071",NA,49,"Hattie Avenue","Ozone","Forsyth",36.110693332,-80.2264378
"3072",NA,45,"Hattie Avenue","Ozone","Forsyth",36.110693332,-80.2264378
"3073",NA,77,"Hattie Avenue","Ozone","Forsyth",36.110693332,-80.2264378
"3074",NA,50,"Hattie Avenue","Ozone","Forsyth",36.110693332,-80.2264378
"3075",NA,40,"Hattie Avenue","Ozone","Forsyth",36.110693332,-80.2264378
"3076",NA,37,"Hattie Avenue","Ozone","Forsyth",36.110693332,-80.2264378
"3077",NA,47,"Hattie Avenue","Ozone","Forsyth",36.110693332,-80.2264378
"3078",NA,41,"Hattie Avenue","Ozone","Forsyth",36.110693332,-80.2264378
"3079",NA,42,"Hattie Avenue","Ozone","Forsyth",36.110693332,-80.2264378
"3080",NA,45,"Hattie Avenue","Ozone","Forsyth",36.110693332,-80.2264378
"3081",NA,61,"Hattie Avenue","Ozone","Forsyth",36.110693332,-80.2264378
"3082",NA,43,"Hattie Avenue","Ozone","Forsyth",36.110693332,-80.2264378
"3083",6-01-20,51,"Hattie Avenue","Ozone","Forsyth",36.110693332,-80.2264378
"3084",6-02-20,54,"Hattie Avenue","Ozone","Forsyth",36.110693332,-80.2264378
"3085",6-03-20,46,"Hattie Avenue","Ozone","Forsyth",36.110693332,-80.2264378
"3086",6-04-20,74,"Hattie Avenue","Ozone","Forsyth",36.110693332,-80.2264378
"3087",6-05-20,43,"Hattie Avenue","Ozone","Forsyth",36.110693332,-80.2264378
"3088",6-06-20,46,"Hattie Avenue","Ozone","Forsyth",36.110693332,-80.2264378
"3089",6-07-20,26,"Hattie Avenue","Ozone","Forsyth",36.110693332,-80.2264378
"3090",6-08-20,33,"Hattie Avenue","Ozone","Forsyth",36.110693332,-80.2264378
"3091",6-09-20,22,"Hattie Avenue","Ozone","Forsyth",36.110693332,-80.2264378
"3092",6-10-20,35,"Hattie Avenue","Ozone","Forsyth",36.110693332,-80.2264378
"3093",6-11-20,41,"Hattie Avenue","Ozone","Forsyth",36.110693332,-80.2264378
"3094",6-12-20,41,"Hattie Avenue","Ozone","Forsyth",36.110693332,-80.2264378
"3095",NA,41,"Hattie Avenue","Ozone","Forsyth",36.110693332,-80.2264378
"3096",NA,41,"Hattie Avenue","Ozone","Forsyth",36.110693332,-80.2264378
"3097",NA,54,"Hattie Avenue","Ozone","Forsyth",36.110693332,-80.2264378
"3098",NA,44,"Hattie Avenue","Ozone","Forsyth",36.110693332,-80.2264378
"3099",NA,44,"Hattie Avenue","Ozone","Forsyth",36.110693332,-80.2264378
"3100",NA,33,"Hattie Avenue","Ozone","Forsyth",36.110693332,-80.2264378
"3101",NA,31,"Hattie Avenue","Ozone","Forsyth",36.110693332,-80.2264378
"3102",NA,44,"Hattie Avenue","Ozone","Forsyth",36.110693332,-80.2264378
"3103",NA,41,"Hattie Avenue","Ozone","Forsyth",36.110693332,-80.2264378
"3104",NA,42,"Hattie Avenue","Ozone","Forsyth",36.110693332,-80.2264378
"3105",NA,42,"Hattie Avenue","Ozone","Forsyth",36.110693332,-80.2264378
"3106",NA,37,"Hattie Avenue","Ozone","Forsyth",36.110693332,-80.2264378
"3107",NA,36,"Hattie Avenue","Ozone","Forsyth",36.110693332,-80.2264378
"3108",NA,50,"Hattie Avenue","Ozone","Forsyth",36.110693332,-80.2264378
"3109",NA,64,"Hattie Avenue","Ozone","Forsyth",36.110693332,-80.2264378
"3110",NA,64,"Hattie Avenue","Ozone","Forsyth",36.110693332,-80.2264378
"3111",NA,58,"Hattie Avenue","Ozone","Forsyth",36.110693332,-80.2264378
"3112",NA,44,"Hattie Avenue","Ozone","Forsyth",36.110693332,-80.2264378
"3113",7-01-20,44,"Hattie Avenue","Ozone","Forsyth",36.110693332,-80.2264378
"3114",7-02-20,45,"Hattie Avenue","Ozone","Forsyth",36.110693332,-80.2264378
"3115",7-03-20,50,"Hattie Avenue","Ozone","Forsyth",36.110693332,-80.2264378
"3116",7-04-20,42,"Hattie Avenue","Ozone","Forsyth",36.110693332,-80.2264378
"3117",7-05-20,49,"Hattie Avenue","Ozone","Forsyth",36.110693332,-80.2264378
"3118",7-06-20,35,"Hattie Avenue","Ozone","Forsyth",36.110693332,-80.2264378
"3119",7-07-20,38,"Hattie Avenue","Ozone","Forsyth",36.110693332,-80.2264378
"3120",7-08-20,40,"Hattie Avenue","Ozone","Forsyth",36.110693332,-80.2264378
"3121",7-09-20,37,"Hattie Avenue","Ozone","Forsyth",36.110693332,-80.2264378
"3122",7-10-20,41,"Hattie Avenue","Ozone","Forsyth",36.110693332,-80.2264378
"3123",7-11-20,38,"Hattie Avenue","Ozone","Forsyth",36.110693332,-80.2264378
"3124",7-12-20,41,"Hattie Avenue","Ozone","Forsyth",36.110693332,-80.2264378
"3125",NA,44,"Hattie Avenue","Ozone","Forsyth",36.110693332,-80.2264378
"3126",NA,44,"Hattie Avenue","Ozone","Forsyth",36.110693332,-80.2264378
"3127",NA,77,"Hattie Avenue","Ozone","Forsyth",36.110693332,-80.2264378
"3128",NA,64,"Hattie Avenue","Ozone","Forsyth",36.110693332,-80.2264378
"3129",NA,45,"Hattie Avenue","Ozone","Forsyth",36.110693332,-80.2264378
"3130",NA,35,"Hattie Avenue","Ozone","Forsyth",36.110693332,-80.2264378
"3131",NA,44,"Hattie Avenue","Ozone","Forsyth",36.110693332,-80.2264378
"3132",NA,37,"Hattie Avenue","Ozone","Forsyth",36.110693332,-80.2264378
"3133",NA,43,"Hattie Avenue","Ozone","Forsyth",36.110693332,-80.2264378
"3134",NA,41,"Hattie Avenue","Ozone","Forsyth",36.110693332,-80.2264378
"3135",NA,31,"Hattie Avenue","Ozone","Forsyth",36.110693332,-80.2264378
"3136",NA,41,"Hattie Avenue","Ozone","Forsyth",36.110693332,-80.2264378
"3137",NA,44,"Hattie Avenue","Ozone","Forsyth",36.110693332,-80.2264378
"3138",NA,51,"Hattie Avenue","Ozone","Forsyth",36.110693332,-80.2264378
"3139",NA,80,"Hattie Avenue","Ozone","Forsyth",36.110693332,-80.2264378
"3140",NA,54,"Hattie Avenue","Ozone","Forsyth",36.110693332,-80.2264378
"3141",NA,74,"Hattie Avenue","Ozone","Forsyth",36.110693332,-80.2264378
"3142",NA,50,"Hattie Avenue","Ozone","Forsyth",36.110693332,-80.2264378
"3143",8-01-20,84,"Hattie Avenue","Ozone","Forsyth",36.110693332,-80.2264378
"3144",8-02-20,90,"Hattie Avenue","Ozone","Forsyth",36.110693332,-80.2264378
"3145",8-03-20,43,"Hattie Avenue","Ozone","Forsyth",36.110693332,-80.2264378
"3146",8-04-20,43,"Hattie Avenue","Ozone","Forsyth",36.110693332,-80.2264378
"3147",8-05-20,54,"Hattie Avenue","Ozone","Forsyth",36.110693332,-80.2264378
"3148",8-06-20,49,"Hattie Avenue","Ozone","Forsyth",36.110693332,-80.2264378
"3149",8-07-20,44,"Hattie Avenue","Ozone","Forsyth",36.110693332,-80.2264378
"3150",8-08-20,46,"Hattie Avenue","Ozone","Forsyth",36.110693332,-80.2264378
"3151",8-09-20,44,"Hattie Avenue","Ozone","Forsyth",36.110693332,-80.2264378
"3152",8-10-20,54,"Hattie Avenue","Ozone","Forsyth",36.110693332,-80.2264378
"3153",8-11-20,47,"Hattie Avenue","Ozone","Forsyth",36.110693332,-80.2264378
"3154",8-12-20,47,"Hattie Avenue","Ozone","Forsyth",36.110693332,-80.2264378
"3155",NA,44,"Hattie Avenue","Ozone","Forsyth",36.110693332,-80.2264378
"3156",NA,43,"Hattie Avenue","Ozone","Forsyth",36.110693332,-80.2264378
"3157",NA,50,"Hattie Avenue","Ozone","Forsyth",36.110693332,-80.2264378
"3158",NA,51,"Hattie Avenue","Ozone","Forsyth",36.110693332,-80.2264378
"3159",NA,44,"Hattie Avenue","Ozone","Forsyth",36.110693332,-80.2264378
"3160",NA,51,"Hattie Avenue","Ozone","Forsyth",36.110693332,-80.2264378
"3161",NA,58,"Hattie Avenue","Ozone","Forsyth",36.110693332,-80.2264378
"3162",NA,40,"Hattie Avenue","Ozone","Forsyth",36.110693332,-80.2264378
"3163",NA,43,"Hattie Avenue","Ozone","Forsyth",36.110693332,-80.2264378
"3164",NA,41,"Hattie Avenue","Ozone","Forsyth",36.110693332,-80.2264378
"3165",NA,37,"Hattie Avenue","Ozone","Forsyth",36.110693332,-80.2264378
"3166",NA,24,"Hattie Avenue","Ozone","Forsyth",36.110693332,-80.2264378
"3167",NA,34,"Hattie Avenue","Ozone","Forsyth",36.110693332,-80.2264378
"3168",NA,29,"Hattie Avenue","Ozone","Forsyth",36.110693332,-80.2264378
"3169",NA,25,"Hattie Avenue","Ozone","Forsyth",36.110693332,-80.2264378
"3170",NA,34,"Hattie Avenue","Ozone","Forsyth",36.110693332,-80.2264378
"3171",NA,44,"Hattie Avenue","Ozone","Forsyth",36.110693332,-80.2264378
"3172",NA,49,"Hattie Avenue","Ozone","Forsyth",36.110693332,-80.2264378
"3173",NA,77,"Hattie Avenue","Ozone","Forsyth",36.110693332,-80.2264378
"3174",9-01-20,40,"Hattie Avenue","Ozone","Forsyth",36.110693332,-80.2264378
"3175",9-02-20,43,"Hattie Avenue","Ozone","Forsyth",36.110693332,-80.2264378
"3176",9-03-20,51,"Hattie Avenue","Ozone","Forsyth",36.110693332,-80.2264378
"3177",9-04-20,80,"Hattie Avenue","Ozone","Forsyth",36.110693332,-80.2264378
"3178",9-05-20,34,"Hattie Avenue","Ozone","Forsyth",36.110693332,-80.2264378
"3179",9-06-20,43,"Hattie Avenue","Ozone","Forsyth",36.110693332,-80.2264378
"3180",9-07-20,45,"Hattie Avenue","Ozone","Forsyth",36.110693332,-80.2264378
"3181",9-08-20,51,"Hattie Avenue","Ozone","Forsyth",36.110693332,-80.2264378
"3182",9-09-20,74,"Hattie Avenue","Ozone","Forsyth",36.110693332,-80.2264378
"3183",9-10-20,74,"Hattie Avenue","Ozone","Forsyth",36.110693332,-80.2264378
"3184",9-11-20,97,"Hattie Avenue","Ozone","Forsyth",36.110693332,-80.2264378
"3185",9-12-20,51,"Hattie Avenue","Ozone","Forsyth",36.110693332,-80.2264378
"3186",NA,43,"Hattie Avenue","Ozone","Forsyth",36.110693332,-80.2264378
"3187",NA,40,"Hattie Avenue","Ozone","Forsyth",36.110693332,-80.2264378
"3188",NA,45,"Hattie Avenue","Ozone","Forsyth",36.110693332,-80.2264378
"3189",NA,51,"Hattie Avenue","Ozone","Forsyth",36.110693332,-80.2264378
"3190",NA,61,"Hattie Avenue","Ozone","Forsyth",36.110693332,-80.2264378
"3191",NA,43,"Hattie Avenue","Ozone","Forsyth",36.110693332,-80.2264378
"3192",NA,43,"Hattie Avenue","Ozone","Forsyth",36.110693332,-80.2264378
"3193",NA,48,"Hattie Avenue","Ozone","Forsyth",36.110693332,-80.2264378
"3194",NA,64,"Hattie Avenue","Ozone","Forsyth",36.110693332,-80.2264378
"3195",NA,58,"Hattie Avenue","Ozone","Forsyth",36.110693332,-80.2264378
"3196",NA,48,"Hattie Avenue","Ozone","Forsyth",36.110693332,-80.2264378
"3197",NA,44,"Hattie Avenue","Ozone","Forsyth",36.110693332,-80.2264378
"3198",NA,71,"Hattie Avenue","Ozone","Forsyth",36.110693332,-80.2264378
"3199",NA,45,"Hattie Avenue","Ozone","Forsyth",36.110693332,-80.2264378
"3200",NA,87,"Hattie Avenue","Ozone","Forsyth",36.110693332,-80.2264378
"3201",NA,43,"Hattie Avenue","Ozone","Forsyth",36.110693332,-80.2264378
"3202",NA,46,"Hattie Avenue","Ozone","Forsyth",36.110693332,-80.2264378
"3203",NA,44,"Hattie Avenue","Ozone","Forsyth",36.110693332,-80.2264378
"3204",10-01-20,64,"Hattie Avenue","Ozone","Forsyth",36.110693332,-80.2264378
"3205",10-02-20,48,"Hattie Avenue","Ozone","Forsyth",36.110693332,-80.2264378
"3206",10-03-20,48,"Hattie Avenue","Ozone","Forsyth",36.110693332,-80.2264378
"3207",10-04-20,51,"Hattie Avenue","Ozone","Forsyth",36.110693332,-80.2264378
"3208",10-05-20,26,"Hattie Avenue","Ozone","Forsyth",36.110693332,-80.2264378
"3209",10-06-20,34,"Hattie Avenue","Ozone","Forsyth",36.110693332,-80.2264378
"3210",10-07-20,36,"Hattie Avenue","Ozone","Forsyth",36.110693332,-80.2264378
"3211",10-08-20,31,"Hattie Avenue","Ozone","Forsyth",36.110693332,-80.2264378
"3212",10-09-20,38,"Hattie Avenue","Ozone","Forsyth",36.110693332,-80.2264378
"3213",10-10-20,39,"Hattie Avenue","Ozone","Forsyth",36.110693332,-80.2264378
"3214",10-11-20,43,"Hattie Avenue","Ozone","Forsyth",36.110693332,-80.2264378
"3215",10-12-20,45,"Hattie Avenue","Ozone","Forsyth",36.110693332,-80.2264378
"3216",NA,18,"Hattie Avenue","Ozone","Forsyth",36.110693332,-80.2264378
"3217",NA,42,"Hattie Avenue","Ozone","Forsyth",36.110693332,-80.2264378
"3218",NA,46,"Hattie Avenue","Ozone","Forsyth",36.110693332,-80.2264378
"3219",NA,29,"Hattie Avenue","Ozone","Forsyth",36.110693332,-80.2264378
"3220",NA,31,"Hattie Avenue","Ozone","Forsyth",36.110693332,-80.2264378
"3221",NA,34,"Hattie Avenue","Ozone","Forsyth",36.110693332,-80.2264378
"3222",NA,37,"Hattie Avenue","Ozone","Forsyth",36.110693332,-80.2264378
"3223",NA,31,"Hattie Avenue","Ozone","Forsyth",36.110693332,-80.2264378
"3224",NA,25,"Hattie Avenue","Ozone","Forsyth",36.110693332,-80.2264378
"3225",NA,23,"Hattie Avenue","Ozone","Forsyth",36.110693332,-80.2264378
"3226",NA,34,"Hattie Avenue","Ozone","Forsyth",36.110693332,-80.2264378
"3227",NA,44,"Hattie Avenue","Ozone","Forsyth",36.110693332,-80.2264378
"3228",NA,34,"Hattie Avenue","Ozone","Forsyth",36.110693332,-80.2264378
"3229",NA,40,"Hattie Avenue","Ozone","Forsyth",36.110693332,-80.2264378
"3230",NA,31,"Hattie Avenue","Ozone","Forsyth",36.110693332,-80.2264378
"3231",NA,42,"Hattie Avenue","Ozone","Forsyth",36.110693332,-80.2264378
"3232",NA,21,"Hattie Avenue","Ozone","Forsyth",36.110693332,-80.2264378
"3233",NA,18,"Hattie Avenue","Ozone","Forsyth",36.110693332,-80.2264378
"3234",NA,21,"Hattie Avenue","Ozone","Forsyth",36.110693332,-80.2264378
"3235",NA,41,"Clemmons Middle","Ozone","Forsyth",36.026,-80.342
"3236",3-01-20,22,"Clemmons Middle","Ozone","Forsyth",36.026,-80.342
"3237",3-02-20,29,"Clemmons Middle","Ozone","Forsyth",36.026,-80.342
"3238",3-03-20,22,"Clemmons Middle","Ozone","Forsyth",36.026,-80.342
"3239",3-04-20,39,"Clemmons Middle","Ozone","Forsyth",36.026,-80.342
"3240",3-05-20,40,"Clemmons Middle","Ozone","Forsyth",36.026,-80.342
"3241",3-06-20,40,"Clemmons Middle","Ozone","Forsyth",36.026,-80.342
"3242",3-07-20,40,"Clemmons Middle","Ozone","Forsyth",36.026,-80.342
"3243",3-08-20,28,"Clemmons Middle","Ozone","Forsyth",36.026,-80.342
"3244",3-09-20,20,"Clemmons Middle","Ozone","Forsyth",36.026,-80.342
"3245",3-10-20,29,"Clemmons Middle","Ozone","Forsyth",36.026,-80.342
"3246",3-11-20,39,"Clemmons Middle","Ozone","Forsyth",36.026,-80.342
"3247",3-12-20,46,"Clemmons Middle","Ozone","Forsyth",36.026,-80.342
"3248",NA,48,"Clemmons Middle","Ozone","Forsyth",36.026,-80.342
"3249",NA,47,"Clemmons Middle","Ozone","Forsyth",36.026,-80.342
"3250",NA,37,"Clemmons Middle","Ozone","Forsyth",36.026,-80.342
"3251",NA,42,"Clemmons Middle","Ozone","Forsyth",36.026,-80.342
"3252",NA,44,"Clemmons Middle","Ozone","Forsyth",36.026,-80.342
"3253",NA,44,"Clemmons Middle","Ozone","Forsyth",36.026,-80.342
"3254",NA,45,"Clemmons Middle","Ozone","Forsyth",36.026,-80.342
"3255",NA,50,"Clemmons Middle","Ozone","Forsyth",36.026,-80.342
"3256",NA,46,"Clemmons Middle","Ozone","Forsyth",36.026,-80.342
"3257",NA,46,"Clemmons Middle","Ozone","Forsyth",36.026,-80.342
"3258",NA,67,"Clemmons Middle","Ozone","Forsyth",36.026,-80.342
"3259",NA,42,"Clemmons Middle","Ozone","Forsyth",36.026,-80.342
"3260",NA,41,"Clemmons Middle","Ozone","Forsyth",36.026,-80.342
"3261",NA,46,"Clemmons Middle","Ozone","Forsyth",36.026,-80.342
"3262",NA,61,"Clemmons Middle","Ozone","Forsyth",36.026,-80.342
"3263",NA,77,"Clemmons Middle","Ozone","Forsyth",36.026,-80.342
"3264",NA,50,"Clemmons Middle","Ozone","Forsyth",36.026,-80.342
"3265",NA,42,"Clemmons Middle","Ozone","Forsyth",36.026,-80.342
"3266",4-01-20,44,"Clemmons Middle","Ozone","Forsyth",36.026,-80.342
"3267",4-02-20,40,"Clemmons Middle","Ozone","Forsyth",36.026,-80.342
"3268",4-03-20,54,"Clemmons Middle","Ozone","Forsyth",36.026,-80.342
"3269",4-04-20,71,"Clemmons Middle","Ozone","Forsyth",36.026,-80.342
"3270",4-05-20,37,"Clemmons Middle","Ozone","Forsyth",36.026,-80.342
"3271",4-06-20,44,"Clemmons Middle","Ozone","Forsyth",36.026,-80.342
"3272",4-07-20,33,"Clemmons Middle","Ozone","Forsyth",36.026,-80.342
"3273",4-08-20,31,"Clemmons Middle","Ozone","Forsyth",36.026,-80.342
"3274",4-09-20,40,"Clemmons Middle","Ozone","Forsyth",36.026,-80.342
"3275",4-10-20,58,"Clemmons Middle","Ozone","Forsyth",36.026,-80.342
"3276",4-11-20,49,"Clemmons Middle","Ozone","Forsyth",36.026,-80.342
"3277",4-12-20,28,"Clemmons Middle","Ozone","Forsyth",36.026,-80.342
"3278",NA,35,"Clemmons Middle","Ozone","Forsyth",36.026,-80.342
"3279",NA,35,"Clemmons Middle","Ozone","Forsyth",36.026,-80.342
"3280",NA,46,"Clemmons Middle","Ozone","Forsyth",36.026,-80.342
"3281",NA,54,"Clemmons Middle","Ozone","Forsyth",36.026,-80.342
"3282",NA,64,"Clemmons Middle","Ozone","Forsyth",36.026,-80.342
"3283",NA,48,"Clemmons Middle","Ozone","Forsyth",36.026,-80.342
"3284",NA,35,"Clemmons Middle","Ozone","Forsyth",36.026,-80.342
"3285",NA,31,"Clemmons Middle","Ozone","Forsyth",36.026,-80.342
"3286",NA,32,"Clemmons Middle","Ozone","Forsyth",36.026,-80.342
"3287",NA,44,"Clemmons Middle","Ozone","Forsyth",36.026,-80.342
"3288",NA,46,"Clemmons Middle","Ozone","Forsyth",36.026,-80.342
"3289",NA,54,"Clemmons Middle","Ozone","Forsyth",36.026,-80.342
"3290",NA,41,"Clemmons Middle","Ozone","Forsyth",36.026,-80.342
"3291",NA,43,"Clemmons Middle","Ozone","Forsyth",36.026,-80.342
"3292",NA,49,"Clemmons Middle","Ozone","Forsyth",36.026,-80.342
"3293",NA,48,"Clemmons Middle","Ozone","Forsyth",36.026,-80.342
"3294",NA,35,"Clemmons Middle","Ozone","Forsyth",36.026,-80.342
"3295",NA,71,"Clemmons Middle","Ozone","Forsyth",36.026,-80.342
"3296",5-01-20,44,"Clemmons Middle","Ozone","Forsyth",36.026,-80.342
"3297",5-02-20,45,"Clemmons Middle","Ozone","Forsyth",36.026,-80.342
"3298",5-03-20,36,"Clemmons Middle","Ozone","Forsyth",36.026,-80.342
"3299",5-04-20,36,"Clemmons Middle","Ozone","Forsyth",36.026,-80.342
"3300",5-05-20,28,"Clemmons Middle","Ozone","Forsyth",36.026,-80.342
"3301",5-06-20,44,"Clemmons Middle","Ozone","Forsyth",36.026,-80.342
"3302",5-07-20,43,"Clemmons Middle","Ozone","Forsyth",36.026,-80.342
"3303",5-08-20,44,"Clemmons Middle","Ozone","Forsyth",36.026,-80.342
"3304",5-09-20,40,"Clemmons Middle","Ozone","Forsyth",36.026,-80.342
"3305",5-10-20,36,"Clemmons Middle","Ozone","Forsyth",36.026,-80.342
"3306",5-11-20,25,"Clemmons Middle","Ozone","Forsyth",36.026,-80.342
"3307",5-12-20,30,"Clemmons Middle","Ozone","Forsyth",36.026,-80.342
"3308",NA,38,"Clemmons Middle","Ozone","Forsyth",36.026,-80.342
"3309",NA,42,"Clemmons Middle","Ozone","Forsyth",36.026,-80.342
"3310",NA,46,"Clemmons Middle","Ozone","Forsyth",36.026,-80.342
"3311",NA,51,"Clemmons Middle","Ozone","Forsyth",36.026,-80.342
"3312",NA,51,"Clemmons Middle","Ozone","Forsyth",36.026,-80.342
"3313",NA,50,"Clemmons Middle","Ozone","Forsyth",36.026,-80.342
"3314",NA,46,"Clemmons Middle","Ozone","Forsyth",36.026,-80.342
"3315",NA,44,"Clemmons Middle","Ozone","Forsyth",36.026,-80.342
"3316",NA,58,"Clemmons Middle","Ozone","Forsyth",36.026,-80.342
"3317",NA,47,"Clemmons Middle","Ozone","Forsyth",36.026,-80.342
"3318",NA,41,"Clemmons Middle","Ozone","Forsyth",36.026,-80.342
"3319",NA,36,"Clemmons Middle","Ozone","Forsyth",36.026,-80.342
"3320",NA,43,"Clemmons Middle","Ozone","Forsyth",36.026,-80.342
"3321",NA,40,"Clemmons Middle","Ozone","Forsyth",36.026,-80.342
"3322",NA,38,"Clemmons Middle","Ozone","Forsyth",36.026,-80.342
"3323",NA,45,"Clemmons Middle","Ozone","Forsyth",36.026,-80.342
"3324",NA,37,"Clemmons Middle","Ozone","Forsyth",36.026,-80.342
"3325",NA,58,"Clemmons Middle","Ozone","Forsyth",36.026,-80.342
"3326",NA,39,"Clemmons Middle","Ozone","Forsyth",36.026,-80.342
"3327",6-01-20,46,"Clemmons Middle","Ozone","Forsyth",36.026,-80.342
"3328",6-02-20,50,"Clemmons Middle","Ozone","Forsyth",36.026,-80.342
"3329",6-03-20,45,"Clemmons Middle","Ozone","Forsyth",36.026,-80.342
"3330",6-04-20,61,"Clemmons Middle","Ozone","Forsyth",36.026,-80.342
"3331",6-05-20,43,"Clemmons Middle","Ozone","Forsyth",36.026,-80.342
"3332",6-06-20,45,"Clemmons Middle","Ozone","Forsyth",36.026,-80.342
"3333",6-07-20,24,"Clemmons Middle","Ozone","Forsyth",36.026,-80.342
"3334",6-08-20,30,"Clemmons Middle","Ozone","Forsyth",36.026,-80.342
"3335",6-09-20,21,"Clemmons Middle","Ozone","Forsyth",36.026,-80.342
"3336",6-10-20,35,"Clemmons Middle","Ozone","Forsyth",36.026,-80.342
"3337",6-11-20,40,"Clemmons Middle","Ozone","Forsyth",36.026,-80.342
"3338",6-12-20,38,"Clemmons Middle","Ozone","Forsyth",36.026,-80.342
"3339",NA,42,"Clemmons Middle","Ozone","Forsyth",36.026,-80.342
"3340",NA,39,"Clemmons Middle","Ozone","Forsyth",36.026,-80.342
"3341",NA,49,"Clemmons Middle","Ozone","Forsyth",36.026,-80.342
"3342",NA,43,"Clemmons Middle","Ozone","Forsyth",36.026,-80.342
"3343",NA,43,"Clemmons Middle","Ozone","Forsyth",36.026,-80.342
"3344",NA,32,"Clemmons Middle","Ozone","Forsyth",36.026,-80.342
"3345",NA,29,"Clemmons Middle","Ozone","Forsyth",36.026,-80.342
"3346",NA,46,"Clemmons Middle","Ozone","Forsyth",36.026,-80.342
"3347",NA,40,"Clemmons Middle","Ozone","Forsyth",36.026,-80.342
"3348",NA,41,"Clemmons Middle","Ozone","Forsyth",36.026,-80.342
"3349",NA,38,"Clemmons Middle","Ozone","Forsyth",36.026,-80.342
"3350",NA,36,"Clemmons Middle","Ozone","Forsyth",36.026,-80.342
"3351",NA,39,"Clemmons Middle","Ozone","Forsyth",36.026,-80.342
"3352",NA,48,"Clemmons Middle","Ozone","Forsyth",36.026,-80.342
"3353",NA,61,"Clemmons Middle","Ozone","Forsyth",36.026,-80.342
"3354",NA,51,"Clemmons Middle","Ozone","Forsyth",36.026,-80.342
"3355",NA,51,"Clemmons Middle","Ozone","Forsyth",36.026,-80.342
"3356",NA,44,"Clemmons Middle","Ozone","Forsyth",36.026,-80.342
"3357",7-01-20,43,"Clemmons Middle","Ozone","Forsyth",36.026,-80.342
"3358",7-02-20,44,"Clemmons Middle","Ozone","Forsyth",36.026,-80.342
"3359",7-03-20,47,"Clemmons Middle","Ozone","Forsyth",36.026,-80.342
"3360",7-04-20,41,"Clemmons Middle","Ozone","Forsyth",36.026,-80.342
"3361",7-05-20,39,"Clemmons Middle","Ozone","Forsyth",36.026,-80.342
"3362",7-06-20,31,"Clemmons Middle","Ozone","Forsyth",36.026,-80.342
"3363",7-07-20,33,"Clemmons Middle","Ozone","Forsyth",36.026,-80.342
"3364",7-08-20,37,"Clemmons Middle","Ozone","Forsyth",36.026,-80.342
"3365",7-09-20,37,"Clemmons Middle","Ozone","Forsyth",36.026,-80.342
"3366",7-10-20,36,"Clemmons Middle","Ozone","Forsyth",36.026,-80.342
"3367",7-11-20,38,"Clemmons Middle","Ozone","Forsyth",36.026,-80.342
"3368",7-12-20,37,"Clemmons Middle","Ozone","Forsyth",36.026,-80.342
"3369",NA,40,"Clemmons Middle","Ozone","Forsyth",36.026,-80.342
"3370",NA,44,"Clemmons Middle","Ozone","Forsyth",36.026,-80.342
"3371",NA,54,"Clemmons Middle","Ozone","Forsyth",36.026,-80.342
"3372",NA,58,"Clemmons Middle","Ozone","Forsyth",36.026,-80.342
"3373",NA,44,"Clemmons Middle","Ozone","Forsyth",36.026,-80.342
"3374",NA,32,"Clemmons Middle","Ozone","Forsyth",36.026,-80.342
"3375",NA,40,"Clemmons Middle","Ozone","Forsyth",36.026,-80.342
"3376",NA,29,"Clemmons Middle","Ozone","Forsyth",36.026,-80.342
"3377",NA,40,"Clemmons Middle","Ozone","Forsyth",36.026,-80.342
"3378",NA,38,"Clemmons Middle","Ozone","Forsyth",36.026,-80.342
"3379",NA,27,"Clemmons Middle","Ozone","Forsyth",36.026,-80.342
"3380",NA,39,"Clemmons Middle","Ozone","Forsyth",36.026,-80.342
"3381",NA,42,"Clemmons Middle","Ozone","Forsyth",36.026,-80.342
"3382",NA,58,"Clemmons Middle","Ozone","Forsyth",36.026,-80.342
"3383",NA,64,"Clemmons Middle","Ozone","Forsyth",36.026,-80.342
"3384",NA,48,"Clemmons Middle","Ozone","Forsyth",36.026,-80.342
"3385",NA,77,"Clemmons Middle","Ozone","Forsyth",36.026,-80.342
"3386",NA,54,"Clemmons Middle","Ozone","Forsyth",36.026,-80.342
"3387",NA,46,"Clemmons Middle","Ozone","Forsyth",36.026,-80.342
"3388",8-01-20,50,"Clemmons Middle","Ozone","Forsyth",36.026,-80.342
"3389",8-02-20,50,"Clemmons Middle","Ozone","Forsyth",36.026,-80.342
"3390",8-03-20,45,"Clemmons Middle","Ozone","Forsyth",36.026,-80.342
"3391",8-04-20,38,"Clemmons Middle","Ozone","Forsyth",36.026,-80.342
"3392",8-05-20,44,"Clemmons Middle","Ozone","Forsyth",36.026,-80.342
"3393",8-06-20,46,"Clemmons Middle","Ozone","Forsyth",36.026,-80.342
"3394",8-07-20,43,"Clemmons Middle","Ozone","Forsyth",36.026,-80.342
"3395",8-08-20,46,"Clemmons Middle","Ozone","Forsyth",36.026,-80.342
"3396",8-09-20,44,"Clemmons Middle","Ozone","Forsyth",36.026,-80.342
"3397",8-10-20,48,"Clemmons Middle","Ozone","Forsyth",36.026,-80.342
"3398",8-11-20,48,"Clemmons Middle","Ozone","Forsyth",36.026,-80.342
"3399",8-12-20,44,"Clemmons Middle","Ozone","Forsyth",36.026,-80.342
"3400",NA,44,"Clemmons Middle","Ozone","Forsyth",36.026,-80.342
"3401",NA,39,"Clemmons Middle","Ozone","Forsyth",36.026,-80.342
"3402",NA,51,"Clemmons Middle","Ozone","Forsyth",36.026,-80.342
"3403",NA,67,"Clemmons Middle","Ozone","Forsyth",36.026,-80.342
"3404",NA,41,"Clemmons Middle","Ozone","Forsyth",36.026,-80.342
"3405",NA,42,"Clemmons Middle","Ozone","Forsyth",36.026,-80.342
"3406",NA,47,"Clemmons Middle","Ozone","Forsyth",36.026,-80.342
"3407",NA,38,"Clemmons Middle","Ozone","Forsyth",36.026,-80.342
"3408",NA,41,"Clemmons Middle","Ozone","Forsyth",36.026,-80.342
"3409",NA,39,"Clemmons Middle","Ozone","Forsyth",36.026,-80.342
"3410",NA,36,"Clemmons Middle","Ozone","Forsyth",36.026,-80.342
"3411",NA,23,"Clemmons Middle","Ozone","Forsyth",36.026,-80.342
"3412",NA,32,"Clemmons Middle","Ozone","Forsyth",36.026,-80.342
"3413",NA,30,"Clemmons Middle","Ozone","Forsyth",36.026,-80.342
"3414",NA,25,"Clemmons Middle","Ozone","Forsyth",36.026,-80.342
"3415",NA,31,"Clemmons Middle","Ozone","Forsyth",36.026,-80.342
"3416",NA,43,"Clemmons Middle","Ozone","Forsyth",36.026,-80.342
"3417",NA,44,"Clemmons Middle","Ozone","Forsyth",36.026,-80.342
"3418",NA,64,"Clemmons Middle","Ozone","Forsyth",36.026,-80.342
"3419",9-01-20,41,"Clemmons Middle","Ozone","Forsyth",36.026,-80.342
"3420",9-02-20,39,"Clemmons Middle","Ozone","Forsyth",36.026,-80.342
"3421",9-03-20,51,"Clemmons Middle","Ozone","Forsyth",36.026,-80.342
"3422",9-04-20,44,"Clemmons Middle","Ozone","Forsyth",36.026,-80.342
"3423",9-05-20,32,"Clemmons Middle","Ozone","Forsyth",36.026,-80.342
"3424",9-06-20,42,"Clemmons Middle","Ozone","Forsyth",36.026,-80.342
"3425",9-07-20,44,"Clemmons Middle","Ozone","Forsyth",36.026,-80.342
"3426",9-08-20,50,"Clemmons Middle","Ozone","Forsyth",36.026,-80.342
"3427",9-09-20,77,"Clemmons Middle","Ozone","Forsyth",36.026,-80.342
"3428",9-10-20,51,"Clemmons Middle","Ozone","Forsyth",36.026,-80.342
"3429",9-11-20,67,"Clemmons Middle","Ozone","Forsyth",36.026,-80.342
"3430",9-12-20,61,"Clemmons Middle","Ozone","Forsyth",36.026,-80.342
"3431",NA,43,"Clemmons Middle","Ozone","Forsyth",36.026,-80.342
"3432",NA,38,"Clemmons Middle","Ozone","Forsyth",36.026,-80.342
"3433",NA,44,"Clemmons Middle","Ozone","Forsyth",36.026,-80.342
"3434",NA,49,"Clemmons Middle","Ozone","Forsyth",36.026,-80.342
"3435",NA,61,"Clemmons Middle","Ozone","Forsyth",36.026,-80.342
"3436",NA,42,"Clemmons Middle","Ozone","Forsyth",36.026,-80.342
"3437",NA,44,"Clemmons Middle","Ozone","Forsyth",36.026,-80.342
"3438",NA,42,"Clemmons Middle","Ozone","Forsyth",36.026,-80.342
"3439",NA,51,"Clemmons Middle","Ozone","Forsyth",36.026,-80.342
"3440",NA,51,"Clemmons Middle","Ozone","Forsyth",36.026,-80.342
"3441",NA,47,"Clemmons Middle","Ozone","Forsyth",36.026,-80.342
"3442",NA,42,"Clemmons Middle","Ozone","Forsyth",36.026,-80.342
"3443",NA,61,"Clemmons Middle","Ozone","Forsyth",36.026,-80.342
"3444",NA,44,"Clemmons Middle","Ozone","Forsyth",36.026,-80.342
"3445",NA,74,"Clemmons Middle","Ozone","Forsyth",36.026,-80.342
"3446",NA,40,"Clemmons Middle","Ozone","Forsyth",36.026,-80.342
"3447",NA,46,"Clemmons Middle","Ozone","Forsyth",36.026,-80.342
"3448",NA,41,"Clemmons Middle","Ozone","Forsyth",36.026,-80.342
"3449",10-01-20,45,"Clemmons Middle","Ozone","Forsyth",36.026,-80.342
"3450",10-02-20,43,"Clemmons Middle","Ozone","Forsyth",36.026,-80.342
"3451",10-03-20,45,"Clemmons Middle","Ozone","Forsyth",36.026,-80.342
"3452",10-04-20,46,"Clemmons Middle","Ozone","Forsyth",36.026,-80.342
"3453",10-05-20,25,"Clemmons Middle","Ozone","Forsyth",36.026,-80.342
"3454",10-06-20,31,"Clemmons Middle","Ozone","Forsyth",36.026,-80.342
"3455",10-07-20,34,"Clemmons Middle","Ozone","Forsyth",36.026,-80.342
"3456",10-08-20,30,"Clemmons Middle","Ozone","Forsyth",36.026,-80.342
"3457",10-09-20,40,"Clemmons Middle","Ozone","Forsyth",36.026,-80.342
"3458",10-10-20,38,"Clemmons Middle","Ozone","Forsyth",36.026,-80.342
"3459",10-11-20,40,"Clemmons Middle","Ozone","Forsyth",36.026,-80.342
"3460",10-12-20,44,"Clemmons Middle","Ozone","Forsyth",36.026,-80.342
"3461",NA,17,"Clemmons Middle","Ozone","Forsyth",36.026,-80.342
"3462",NA,41,"Clemmons Middle","Ozone","Forsyth",36.026,-80.342
"3463",NA,42,"Clemmons Middle","Ozone","Forsyth",36.026,-80.342
"3464",NA,31,"Clemmons Middle","Ozone","Forsyth",36.026,-80.342
"3465",NA,31,"Clemmons Middle","Ozone","Forsyth",36.026,-80.342
"3466",NA,34,"Clemmons Middle","Ozone","Forsyth",36.026,-80.342
"3467",NA,33,"Clemmons Middle","Ozone","Forsyth",36.026,-80.342
"3468",NA,30,"Clemmons Middle","Ozone","Forsyth",36.026,-80.342
"3469",NA,24,"Clemmons Middle","Ozone","Forsyth",36.026,-80.342
"3470",NA,25,"Clemmons Middle","Ozone","Forsyth",36.026,-80.342
"3471",NA,31,"Clemmons Middle","Ozone","Forsyth",36.026,-80.342
"3472",NA,37,"Clemmons Middle","Ozone","Forsyth",36.026,-80.342
"3473",NA,28,"Clemmons Middle","Ozone","Forsyth",36.026,-80.342
"3474",NA,37,"Clemmons Middle","Ozone","Forsyth",36.026,-80.342
"3475",NA,29,"Clemmons Middle","Ozone","Forsyth",36.026,-80.342
"3476",NA,42,"Clemmons Middle","Ozone","Forsyth",36.026,-80.342
"3477",NA,20,"Clemmons Middle","Ozone","Forsyth",36.026,-80.342
"3478",NA,12,"Clemmons Middle","Ozone","Forsyth",36.026,-80.342
"3479",NA,21,"Clemmons Middle","Ozone","Forsyth",36.026,-80.342
"3480",11-01-20,26,"Clemmons Middle","Ozone","Forsyth",36.026,-80.342
"3481",11-02-20,31,"Clemmons Middle","Ozone","Forsyth",36.026,-80.342
"3482",11-03-20,31,"Clemmons Middle","Ozone","Forsyth",36.026,-80.342
"3483",3-01-20,23,"Union Cross","Ozone","Forsyth",36.050970061,-80.143656504
"3484",3-02-20,30,"Union Cross","Ozone","Forsyth",36.050970061,-80.143656504
"3485",3-03-20,21,"Union Cross","Ozone","Forsyth",36.050970061,-80.143656504
"3486",3-04-20,37,"Union Cross","Ozone","Forsyth",36.050970061,-80.143656504
"3487",3-05-20,38,"Union Cross","Ozone","Forsyth",36.050970061,-80.143656504
"3488",3-06-20,39,"Union Cross","Ozone","Forsyth",36.050970061,-80.143656504
"3489",3-07-20,37,"Union Cross","Ozone","Forsyth",36.050970061,-80.143656504
"3490",3-08-20,30,"Union Cross","Ozone","Forsyth",36.050970061,-80.143656504
"3491",3-09-20,19,"Union Cross","Ozone","Forsyth",36.050970061,-80.143656504
"3492",3-10-20,28,"Union Cross","Ozone","Forsyth",36.050970061,-80.143656504
"3493",3-11-20,40,"Union Cross","Ozone","Forsyth",36.050970061,-80.143656504
"3494",NA,49,"Union Cross","Ozone","Forsyth",36.050970061,-80.143656504
"3495",NA,47,"Union Cross","Ozone","Forsyth",36.050970061,-80.143656504
"3496",NA,37,"Union Cross","Ozone","Forsyth",36.050970061,-80.143656504
"3497",NA,43,"Union Cross","Ozone","Forsyth",36.050970061,-80.143656504
"3498",NA,44,"Union Cross","Ozone","Forsyth",36.050970061,-80.143656504
"3499",NA,45,"Union Cross","Ozone","Forsyth",36.050970061,-80.143656504
"3500",NA,46,"Union Cross","Ozone","Forsyth",36.050970061,-80.143656504
"3501",NA,49,"Union Cross","Ozone","Forsyth",36.050970061,-80.143656504
"3502",NA,50,"Union Cross","Ozone","Forsyth",36.050970061,-80.143656504
"3503",NA,46,"Union Cross","Ozone","Forsyth",36.050970061,-80.143656504
"3504",NA,47,"Union Cross","Ozone","Forsyth",36.050970061,-80.143656504
"3505",NA,71,"Union Cross","Ozone","Forsyth",36.050970061,-80.143656504
"3506",NA,42,"Union Cross","Ozone","Forsyth",36.050970061,-80.143656504
"3507",NA,43,"Union Cross","Ozone","Forsyth",36.050970061,-80.143656504
"3508",NA,46,"Union Cross","Ozone","Forsyth",36.050970061,-80.143656504
"3509",NA,51,"Union Cross","Ozone","Forsyth",36.050970061,-80.143656504
"3510",NA,84,"Union Cross","Ozone","Forsyth",36.050970061,-80.143656504
"3511",NA,54,"Union Cross","Ozone","Forsyth",36.050970061,-80.143656504
"3512",NA,42,"Union Cross","Ozone","Forsyth",36.050970061,-80.143656504
"3513",4-01-20,45,"Union Cross","Ozone","Forsyth",36.050970061,-80.143656504
"3514",4-02-20,37,"Union Cross","Ozone","Forsyth",36.050970061,-80.143656504
"3515",4-03-20,54,"Union Cross","Ozone","Forsyth",36.050970061,-80.143656504
"3516",4-04-20,67,"Union Cross","Ozone","Forsyth",36.050970061,-80.143656504
"3517",4-05-20,39,"Union Cross","Ozone","Forsyth",36.050970061,-80.143656504
"3518",4-06-20,47,"Union Cross","Ozone","Forsyth",36.050970061,-80.143656504
"3519",4-07-20,34,"Union Cross","Ozone","Forsyth",36.050970061,-80.143656504
"3520",4-08-20,34,"Union Cross","Ozone","Forsyth",36.050970061,-80.143656504
"3521",4-09-20,40,"Union Cross","Ozone","Forsyth",36.050970061,-80.143656504
"3522",4-10-20,64,"Union Cross","Ozone","Forsyth",36.050970061,-80.143656504
"3523",4-11-20,48,"Union Cross","Ozone","Forsyth",36.050970061,-80.143656504
"3524",4-12-20,28,"Union Cross","Ozone","Forsyth",36.050970061,-80.143656504
"3525",NA,33,"Union Cross","Ozone","Forsyth",36.050970061,-80.143656504
"3526",NA,35,"Union Cross","Ozone","Forsyth",36.050970061,-80.143656504
"3527",NA,46,"Union Cross","Ozone","Forsyth",36.050970061,-80.143656504
"3528",NA,54,"Union Cross","Ozone","Forsyth",36.050970061,-80.143656504
"3529",NA,71,"Union Cross","Ozone","Forsyth",36.050970061,-80.143656504
"3530",NA,47,"Union Cross","Ozone","Forsyth",36.050970061,-80.143656504
"3531",NA,34,"Union Cross","Ozone","Forsyth",36.050970061,-80.143656504
"3532",NA,31,"Union Cross","Ozone","Forsyth",36.050970061,-80.143656504
"3533",NA,33,"Union Cross","Ozone","Forsyth",36.050970061,-80.143656504
"3534",NA,44,"Union Cross","Ozone","Forsyth",36.050970061,-80.143656504
"3535",NA,50,"Union Cross","Ozone","Forsyth",36.050970061,-80.143656504
"3536",NA,58,"Union Cross","Ozone","Forsyth",36.050970061,-80.143656504
"3537",NA,44,"Union Cross","Ozone","Forsyth",36.050970061,-80.143656504
"3538",NA,44,"Union Cross","Ozone","Forsyth",36.050970061,-80.143656504
"3539",NA,50,"Union Cross","Ozone","Forsyth",36.050970061,-80.143656504
"3540",NA,49,"Union Cross","Ozone","Forsyth",36.050970061,-80.143656504
"3541",NA,34,"Union Cross","Ozone","Forsyth",36.050970061,-80.143656504
"3542",NA,71,"Union Cross","Ozone","Forsyth",36.050970061,-80.143656504
"3543",5-01-20,41,"Union Cross","Ozone","Forsyth",36.050970061,-80.143656504
"3544",5-02-20,44,"Union Cross","Ozone","Forsyth",36.050970061,-80.143656504
"3545",5-03-20,33,"Union Cross","Ozone","Forsyth",36.050970061,-80.143656504
"3546",5-04-20,40,"Union Cross","Ozone","Forsyth",36.050970061,-80.143656504
"3547",5-05-20,30,"Union Cross","Ozone","Forsyth",36.050970061,-80.143656504
"3548",5-06-20,44,"Union Cross","Ozone","Forsyth",36.050970061,-80.143656504
"3549",5-07-20,42,"Union Cross","Ozone","Forsyth",36.050970061,-80.143656504
"3550",5-08-20,43,"Union Cross","Ozone","Forsyth",36.050970061,-80.143656504
"3551",5-09-20,40,"Union Cross","Ozone","Forsyth",36.050970061,-80.143656504
"3552",5-10-20,35,"Union Cross","Ozone","Forsyth",36.050970061,-80.143656504
"3553",5-11-20,28,"Union Cross","Ozone","Forsyth",36.050970061,-80.143656504
"3554",5-12-20,31,"Union Cross","Ozone","Forsyth",36.050970061,-80.143656504
"3555",NA,38,"Union Cross","Ozone","Forsyth",36.050970061,-80.143656504
"3556",NA,42,"Union Cross","Ozone","Forsyth",36.050970061,-80.143656504
"3557",NA,47,"Union Cross","Ozone","Forsyth",36.050970061,-80.143656504
"3558",NA,51,"Union Cross","Ozone","Forsyth",36.050970061,-80.143656504
"3559",NA,51,"Union Cross","Ozone","Forsyth",36.050970061,-80.143656504
"3560",NA,64,"Union Cross","Ozone","Forsyth",36.050970061,-80.143656504
"3561",NA,48,"Union Cross","Ozone","Forsyth",36.050970061,-80.143656504
"3562",NA,44,"Union Cross","Ozone","Forsyth",36.050970061,-80.143656504
"3563",NA,77,"Union Cross","Ozone","Forsyth",36.050970061,-80.143656504
"3564",NA,48,"Union Cross","Ozone","Forsyth",36.050970061,-80.143656504
"3565",NA,41,"Union Cross","Ozone","Forsyth",36.050970061,-80.143656504
"3566",NA,39,"Union Cross","Ozone","Forsyth",36.050970061,-80.143656504
"3567",NA,44,"Union Cross","Ozone","Forsyth",36.050970061,-80.143656504
"3568",NA,42,"Union Cross","Ozone","Forsyth",36.050970061,-80.143656504
"3569",NA,42,"Union Cross","Ozone","Forsyth",36.050970061,-80.143656504
"3570",NA,50,"Union Cross","Ozone","Forsyth",36.050970061,-80.143656504
"3571",NA,39,"Union Cross","Ozone","Forsyth",36.050970061,-80.143656504
"3572",NA,58,"Union Cross","Ozone","Forsyth",36.050970061,-80.143656504
"3573",NA,44,"Union Cross","Ozone","Forsyth",36.050970061,-80.143656504
"3574",6-01-20,51,"Union Cross","Ozone","Forsyth",36.050970061,-80.143656504
"3575",6-02-20,58,"Union Cross","Ozone","Forsyth",36.050970061,-80.143656504
"3576",6-03-20,46,"Union Cross","Ozone","Forsyth",36.050970061,-80.143656504
"3577",6-04-20,64,"Union Cross","Ozone","Forsyth",36.050970061,-80.143656504
"3578",6-05-20,45,"Union Cross","Ozone","Forsyth",36.050970061,-80.143656504
"3579",6-06-20,48,"Union Cross","Ozone","Forsyth",36.050970061,-80.143656504
"3580",6-07-20,23,"Union Cross","Ozone","Forsyth",36.050970061,-80.143656504
"3581",6-08-20,33,"Union Cross","Ozone","Forsyth",36.050970061,-80.143656504
"3582",6-09-20,22,"Union Cross","Ozone","Forsyth",36.050970061,-80.143656504
"3583",6-10-20,34,"Union Cross","Ozone","Forsyth",36.050970061,-80.143656504
"3584",6-11-20,42,"Union Cross","Ozone","Forsyth",36.050970061,-80.143656504
"3585",6-12-20,37,"Union Cross","Ozone","Forsyth",36.050970061,-80.143656504
"3586",NA,43,"Union Cross","Ozone","Forsyth",36.050970061,-80.143656504
"3587",NA,42,"Union Cross","Ozone","Forsyth",36.050970061,-80.143656504
"3588",NA,61,"Union Cross","Ozone","Forsyth",36.050970061,-80.143656504
"3589",NA,44,"Union Cross","Ozone","Forsyth",36.050970061,-80.143656504
"3590",NA,44,"Union Cross","Ozone","Forsyth",36.050970061,-80.143656504
"3591",NA,31,"Union Cross","Ozone","Forsyth",36.050970061,-80.143656504
"3592",NA,31,"Union Cross","Ozone","Forsyth",36.050970061,-80.143656504
"3593",NA,45,"Union Cross","Ozone","Forsyth",36.050970061,-80.143656504
"3594",NA,42,"Union Cross","Ozone","Forsyth",36.050970061,-80.143656504
"3595",NA,42,"Union Cross","Ozone","Forsyth",36.050970061,-80.143656504
"3596",NA,37,"Union Cross","Ozone","Forsyth",36.050970061,-80.143656504
"3597",NA,34,"Union Cross","Ozone","Forsyth",36.050970061,-80.143656504
"3598",NA,39,"Union Cross","Ozone","Forsyth",36.050970061,-80.143656504
"3599",NA,54,"Union Cross","Ozone","Forsyth",36.050970061,-80.143656504
"3600",NA,50,"Union Cross","Ozone","Forsyth",36.050970061,-80.143656504
"3601",NA,71,"Union Cross","Ozone","Forsyth",36.050970061,-80.143656504
"3602",NA,58,"Union Cross","Ozone","Forsyth",36.050970061,-80.143656504
"3603",NA,45,"Union Cross","Ozone","Forsyth",36.050970061,-80.143656504
"3604",7-01-20,46,"Union Cross","Ozone","Forsyth",36.050970061,-80.143656504
"3605",7-02-20,49,"Union Cross","Ozone","Forsyth",36.050970061,-80.143656504
"3606",7-03-20,61,"Union Cross","Ozone","Forsyth",36.050970061,-80.143656504
"3607",7-04-20,41,"Union Cross","Ozone","Forsyth",36.050970061,-80.143656504
"3608",7-05-20,46,"Union Cross","Ozone","Forsyth",36.050970061,-80.143656504
"3609",7-06-20,37,"Union Cross","Ozone","Forsyth",36.050970061,-80.143656504
"3610",7-07-20,35,"Union Cross","Ozone","Forsyth",36.050970061,-80.143656504
"3611",7-08-20,43,"Union Cross","Ozone","Forsyth",36.050970061,-80.143656504
"3612",7-09-20,39,"Union Cross","Ozone","Forsyth",36.050970061,-80.143656504
"3613",7-10-20,35,"Union Cross","Ozone","Forsyth",36.050970061,-80.143656504
"3614",7-11-20,43,"Union Cross","Ozone","Forsyth",36.050970061,-80.143656504
"3615",7-12-20,44,"Union Cross","Ozone","Forsyth",36.050970061,-80.143656504
"3616",NA,45,"Union Cross","Ozone","Forsyth",36.050970061,-80.143656504
"3617",NA,44,"Union Cross","Ozone","Forsyth",36.050970061,-80.143656504
"3618",NA,71,"Union Cross","Ozone","Forsyth",36.050970061,-80.143656504
"3619",NA,54,"Union Cross","Ozone","Forsyth",36.050970061,-80.143656504
"3620",NA,41,"Union Cross","Ozone","Forsyth",36.050970061,-80.143656504
"3621",NA,37,"Union Cross","Ozone","Forsyth",36.050970061,-80.143656504
"3622",NA,45,"Union Cross","Ozone","Forsyth",36.050970061,-80.143656504
"3623",NA,33,"Union Cross","Ozone","Forsyth",36.050970061,-80.143656504
"3624",NA,44,"Union Cross","Ozone","Forsyth",36.050970061,-80.143656504
"3625",NA,41,"Union Cross","Ozone","Forsyth",36.050970061,-80.143656504
"3626",NA,29,"Union Cross","Ozone","Forsyth",36.050970061,-80.143656504
"3627",NA,42,"Union Cross","Ozone","Forsyth",36.050970061,-80.143656504
"3628",NA,44,"Union Cross","Ozone","Forsyth",36.050970061,-80.143656504
"3629",NA,51,"Union Cross","Ozone","Forsyth",36.050970061,-80.143656504
"3630",NA,74,"Union Cross","Ozone","Forsyth",36.050970061,-80.143656504
"3631",NA,54,"Union Cross","Ozone","Forsyth",36.050970061,-80.143656504
"3632",NA,87,"Union Cross","Ozone","Forsyth",36.050970061,-80.143656504
"3633",NA,64,"Union Cross","Ozone","Forsyth",36.050970061,-80.143656504
"3634",NA,54,"Union Cross","Ozone","Forsyth",36.050970061,-80.143656504
"3635",8-01-20,54,"Union Cross","Ozone","Forsyth",36.050970061,-80.143656504
"3636",8-02-20,51,"Union Cross","Ozone","Forsyth",36.050970061,-80.143656504
"3637",8-03-20,42,"Union Cross","Ozone","Forsyth",36.050970061,-80.143656504
"3638",8-04-20,42,"Union Cross","Ozone","Forsyth",36.050970061,-80.143656504
"3639",8-05-20,67,"Union Cross","Ozone","Forsyth",36.050970061,-80.143656504
"3640",8-06-20,50,"Union Cross","Ozone","Forsyth",36.050970061,-80.143656504
"3641",8-07-20,46,"Union Cross","Ozone","Forsyth",36.050970061,-80.143656504
"3642",8-08-20,48,"Union Cross","Ozone","Forsyth",36.050970061,-80.143656504
"3643",8-09-20,47,"Union Cross","Ozone","Forsyth",36.050970061,-80.143656504
"3644",8-10-20,48,"Union Cross","Ozone","Forsyth",36.050970061,-80.143656504
"3645",8-11-20,44,"Union Cross","Ozone","Forsyth",36.050970061,-80.143656504
"3646",8-12-20,43,"Union Cross","Ozone","Forsyth",36.050970061,-80.143656504
"3647",NA,49,"Union Cross","Ozone","Forsyth",36.050970061,-80.143656504
"3648",NA,43,"Union Cross","Ozone","Forsyth",36.050970061,-80.143656504
"3649",NA,51,"Union Cross","Ozone","Forsyth",36.050970061,-80.143656504
"3650",NA,51,"Union Cross","Ozone","Forsyth",36.050970061,-80.143656504
"3651",NA,44,"Union Cross","Ozone","Forsyth",36.050970061,-80.143656504
"3652",NA,50,"Union Cross","Ozone","Forsyth",36.050970061,-80.143656504
"3653",NA,61,"Union Cross","Ozone","Forsyth",36.050970061,-80.143656504
"3654",NA,42,"Union Cross","Ozone","Forsyth",36.050970061,-80.143656504
"3655",NA,44,"Union Cross","Ozone","Forsyth",36.050970061,-80.143656504
"3656",NA,41,"Union Cross","Ozone","Forsyth",36.050970061,-80.143656504
"3657",NA,39,"Union Cross","Ozone","Forsyth",36.050970061,-80.143656504
"3658",NA,24,"Union Cross","Ozone","Forsyth",36.050970061,-80.143656504
"3659",NA,32,"Union Cross","Ozone","Forsyth",36.050970061,-80.143656504
"3660",NA,30,"Union Cross","Ozone","Forsyth",36.050970061,-80.143656504
"3661",NA,25,"Union Cross","Ozone","Forsyth",36.050970061,-80.143656504
"3662",NA,36,"Union Cross","Ozone","Forsyth",36.050970061,-80.143656504
"3663",NA,46,"Union Cross","Ozone","Forsyth",36.050970061,-80.143656504
"3664",NA,58,"Union Cross","Ozone","Forsyth",36.050970061,-80.143656504
"3665",NA,64,"Union Cross","Ozone","Forsyth",36.050970061,-80.143656504
"3666",9-01-20,40,"Union Cross","Ozone","Forsyth",36.050970061,-80.143656504
"3667",9-02-20,40,"Union Cross","Ozone","Forsyth",36.050970061,-80.143656504
"3668",9-03-20,44,"Union Cross","Ozone","Forsyth",36.050970061,-80.143656504
"3669",9-04-20,44,"Union Cross","Ozone","Forsyth",36.050970061,-80.143656504
"3670",9-05-20,33,"Union Cross","Ozone","Forsyth",36.050970061,-80.143656504
"3671",9-06-20,44,"Union Cross","Ozone","Forsyth",36.050970061,-80.143656504
"3672",9-07-20,46,"Union Cross","Ozone","Forsyth",36.050970061,-80.143656504
"3673",9-08-20,71,"Union Cross","Ozone","Forsyth",36.050970061,-80.143656504
"3674",9-09-20,71,"Union Cross","Ozone","Forsyth",36.050970061,-80.143656504
"3675",9-10-20,54,"Union Cross","Ozone","Forsyth",36.050970061,-80.143656504
"3676",9-11-20,71,"Union Cross","Ozone","Forsyth",36.050970061,-80.143656504
"3677",9-12-20,58,"Union Cross","Ozone","Forsyth",36.050970061,-80.143656504
"3678",NA,43,"Union Cross","Ozone","Forsyth",36.050970061,-80.143656504
"3679",NA,39,"Union Cross","Ozone","Forsyth",36.050970061,-80.143656504
"3680",NA,45,"Union Cross","Ozone","Forsyth",36.050970061,-80.143656504
"3681",NA,50,"Union Cross","Ozone","Forsyth",36.050970061,-80.143656504
"3682",NA,54,"Union Cross","Ozone","Forsyth",36.050970061,-80.143656504
"3683",NA,42,"Union Cross","Ozone","Forsyth",36.050970061,-80.143656504
"3684",NA,43,"Union Cross","Ozone","Forsyth",36.050970061,-80.143656504
"3685",NA,45,"Union Cross","Ozone","Forsyth",36.050970061,-80.143656504
"3686",NA,61,"Union Cross","Ozone","Forsyth",36.050970061,-80.143656504
"3687",NA,54,"Union Cross","Ozone","Forsyth",36.050970061,-80.143656504
"3688",NA,50,"Union Cross","Ozone","Forsyth",36.050970061,-80.143656504
"3689",NA,43,"Union Cross","Ozone","Forsyth",36.050970061,-80.143656504
"3690",NA,54,"Union Cross","Ozone","Forsyth",36.050970061,-80.143656504
"3691",NA,48,"Union Cross","Ozone","Forsyth",36.050970061,-80.143656504
"3692",NA,74,"Union Cross","Ozone","Forsyth",36.050970061,-80.143656504
"3693",NA,45,"Union Cross","Ozone","Forsyth",36.050970061,-80.143656504
"3694",NA,43,"Union Cross","Ozone","Forsyth",36.050970061,-80.143656504
"3695",NA,38,"Union Cross","Ozone","Forsyth",36.050970061,-80.143656504
"3696",10-01-20,47,"Union Cross","Ozone","Forsyth",36.050970061,-80.143656504
"3697",10-02-20,48,"Union Cross","Ozone","Forsyth",36.050970061,-80.143656504
"3698",10-03-20,50,"Union Cross","Ozone","Forsyth",36.050970061,-80.143656504
"3699",10-04-20,47,"Union Cross","Ozone","Forsyth",36.050970061,-80.143656504
"3700",10-05-20,26,"Union Cross","Ozone","Forsyth",36.050970061,-80.143656504
"3701",10-06-20,32,"Union Cross","Ozone","Forsyth",36.050970061,-80.143656504
"3702",10-07-20,34,"Union Cross","Ozone","Forsyth",36.050970061,-80.143656504
"3703",10-08-20,31,"Union Cross","Ozone","Forsyth",36.050970061,-80.143656504
"3704",10-09-20,39,"Union Cross","Ozone","Forsyth",36.050970061,-80.143656504
"3705",10-10-20,39,"Union Cross","Ozone","Forsyth",36.050970061,-80.143656504
"3706",10-11-20,45,"Union Cross","Ozone","Forsyth",36.050970061,-80.143656504
"3707",10-12-20,44,"Union Cross","Ozone","Forsyth",36.050970061,-80.143656504
"3708",NA,19,"Union Cross","Ozone","Forsyth",36.050970061,-80.143656504
"3709",NA,43,"Union Cross","Ozone","Forsyth",36.050970061,-80.143656504
"3710",NA,44,"Union Cross","Ozone","Forsyth",36.050970061,-80.143656504
"3711",NA,32,"Union Cross","Ozone","Forsyth",36.050970061,-80.143656504
"3712",NA,32,"Union Cross","Ozone","Forsyth",36.050970061,-80.143656504
"3713",NA,33,"Union Cross","Ozone","Forsyth",36.050970061,-80.143656504
"3714",NA,35,"Union Cross","Ozone","Forsyth",36.050970061,-80.143656504
"3715",NA,32,"Union Cross","Ozone","Forsyth",36.050970061,-80.143656504
"3716",NA,25,"Union Cross","Ozone","Forsyth",36.050970061,-80.143656504
"3717",NA,26,"Union Cross","Ozone","Forsyth",36.050970061,-80.143656504
"3718",NA,34,"Union Cross","Ozone","Forsyth",36.050970061,-80.143656504
"3719",NA,42,"Union Cross","Ozone","Forsyth",36.050970061,-80.143656504
"3720",NA,31,"Union Cross","Ozone","Forsyth",36.050970061,-80.143656504
"3721",NA,37,"Union Cross","Ozone","Forsyth",36.050970061,-80.143656504
"3722",NA,32,"Union Cross","Ozone","Forsyth",36.050970061,-80.143656504
"3723",NA,41,"Union Cross","Ozone","Forsyth",36.050970061,-80.143656504
"3724",NA,22,"Union Cross","Ozone","Forsyth",36.050970061,-80.143656504
"3725",NA,21,"Union Cross","Ozone","Forsyth",36.050970061,-80.143656504
"3726",NA,22,"Union Cross","Ozone","Forsyth",36.050970061,-80.143656504
"3727",1-01-20,46,"Joanna Bald","Ozone","Graham",35.2578000008897,-83.7955
"3728",1-02-20,44,"Joanna Bald","Ozone","Graham",35.2578000008897,-83.7955
"3729",1-03-20,39,"Joanna Bald","Ozone","Graham",35.2578000008897,-83.7955
"3730",1-04-20,32,"Joanna Bald","Ozone","Graham",35.2578000008897,-83.7955
"3731",1-05-20,38,"Joanna Bald","Ozone","Graham",35.2578000008897,-83.7955
"3732",1-06-20,38,"Joanna Bald","Ozone","Graham",35.2578000008897,-83.7955
"3733",1-07-20,37,"Joanna Bald","Ozone","Graham",35.2578000008897,-83.7955
"3734",1-08-20,39,"Joanna Bald","Ozone","Graham",35.2578000008897,-83.7955
"3735",1-09-20,35,"Joanna Bald","Ozone","Graham",35.2578000008897,-83.7955
"3736",1-10-20,47,"Joanna Bald","Ozone","Graham",35.2578000008897,-83.7955
"3737",1-11-20,47,"Joanna Bald","Ozone","Graham",35.2578000008897,-83.7955
"3738",1-12-20,37,"Joanna Bald","Ozone","Graham",35.2578000008897,-83.7955
"3739",NA,31,"Joanna Bald","Ozone","Graham",35.2578000008897,-83.7955
"3740",NA,30,"Joanna Bald","Ozone","Graham",35.2578000008897,-83.7955
"3741",NA,43,"Joanna Bald","Ozone","Graham",35.2578000008897,-83.7955
"3742",NA,44,"Joanna Bald","Ozone","Graham",35.2578000008897,-83.7955
"3743",NA,40,"Joanna Bald","Ozone","Graham",35.2578000008897,-83.7955
"3744",NA,30,"Joanna Bald","Ozone","Graham",35.2578000008897,-83.7955
"3745",NA,32,"Joanna Bald","Ozone","Graham",35.2578000008897,-83.7955
"3746",NA,36,"Joanna Bald","Ozone","Graham",35.2578000008897,-83.7955
"3747",NA,42,"Joanna Bald","Ozone","Graham",35.2578000008897,-83.7955
"3748",NA,37,"Joanna Bald","Ozone","Graham",35.2578000008897,-83.7955
"3749",NA,36,"Joanna Bald","Ozone","Graham",35.2578000008897,-83.7955
"3750",NA,40,"Joanna Bald","Ozone","Graham",35.2578000008897,-83.7955
"3751",NA,41,"Joanna Bald","Ozone","Graham",35.2578000008897,-83.7955
"3752",NA,42,"Joanna Bald","Ozone","Graham",35.2578000008897,-83.7955
"3753",NA,43,"Joanna Bald","Ozone","Graham",35.2578000008897,-83.7955
"3754",NA,39,"Joanna Bald","Ozone","Graham",35.2578000008897,-83.7955
"3755",NA,41,"Joanna Bald","Ozone","Graham",35.2578000008897,-83.7955
"3756",NA,41,"Joanna Bald","Ozone","Graham",35.2578000008897,-83.7955
"3757",2-01-20,44,"Joanna Bald","Ozone","Graham",35.2578000008897,-83.7955
"3758",2-02-20,47,"Joanna Bald","Ozone","Graham",35.2578000008897,-83.7955
"3759",2-03-20,47,"Joanna Bald","Ozone","Graham",35.2578000008897,-83.7955
"3760",2-04-20,42,"Joanna Bald","Ozone","Graham",35.2578000008897,-83.7955
"3761",2-05-20,32,"Joanna Bald","Ozone","Graham",35.2578000008897,-83.7955
"3762",2-06-20,28,"Joanna Bald","Ozone","Graham",35.2578000008897,-83.7955
"3763",2-07-20,33,"Joanna Bald","Ozone","Graham",35.2578000008897,-83.7955
"3764",2-08-20,44,"Joanna Bald","Ozone","Graham",35.2578000008897,-83.7955
"3765",2-09-20,45,"Joanna Bald","Ozone","Graham",35.2578000008897,-83.7955
"3766",2-10-20,44,"Joanna Bald","Ozone","Graham",35.2578000008897,-83.7955
"3767",2-11-20,35,"Joanna Bald","Ozone","Graham",35.2578000008897,-83.7955
"3768",2-12-20,43,"Joanna Bald","Ozone","Graham",35.2578000008897,-83.7955
"3769",NA,47,"Joanna Bald","Ozone","Graham",35.2578000008897,-83.7955
"3770",NA,37,"Joanna Bald","Ozone","Graham",35.2578000008897,-83.7955
"3771",NA,31,"Joanna Bald","Ozone","Graham",35.2578000008897,-83.7955
"3772",NA,28,"Joanna Bald","Ozone","Graham",35.2578000008897,-83.7955
"3773",NA,27,"Joanna Bald","Ozone","Graham",35.2578000008897,-83.7955
"3774",NA,44,"Joanna Bald","Ozone","Graham",35.2578000008897,-83.7955
"3775",NA,44,"Joanna Bald","Ozone","Graham",35.2578000008897,-83.7955
"3776",NA,45,"Joanna Bald","Ozone","Graham",35.2578000008897,-83.7955
"3777",NA,46,"Joanna Bald","Ozone","Graham",35.2578000008897,-83.7955
"3778",NA,44,"Joanna Bald","Ozone","Graham",35.2578000008897,-83.7955
"3779",3-01-20,34,"Joanna Bald","Ozone","Graham",35.2578000008897,-83.7955
"3780",3-02-20,38,"Joanna Bald","Ozone","Graham",35.2578000008897,-83.7955
"3781",3-03-20,35,"Joanna Bald","Ozone","Graham",35.2578000008897,-83.7955
"3782",3-04-20,41,"Joanna Bald","Ozone","Graham",35.2578000008897,-83.7955
"3783",3-05-20,42,"Joanna Bald","Ozone","Graham",35.2578000008897,-83.7955
"3784",3-06-20,46,"Joanna Bald","Ozone","Graham",35.2578000008897,-83.7955
"3785",3-07-20,45,"Joanna Bald","Ozone","Graham",35.2578000008897,-83.7955
"3786",3-08-20,44,"Joanna Bald","Ozone","Graham",35.2578000008897,-83.7955
"3787",3-09-20,38,"Joanna Bald","Ozone","Graham",35.2578000008897,-83.7955
"3788",3-10-20,46,"Joanna Bald","Ozone","Graham",35.2578000008897,-83.7955
"3789",3-11-20,47,"Joanna Bald","Ozone","Graham",35.2578000008897,-83.7955
"3790",3-12-20,48,"Joanna Bald","Ozone","Graham",35.2578000008897,-83.7955
"3791",NA,54,"Joanna Bald","Ozone","Graham",35.2578000008897,-83.7955
"3792",NA,40,"Joanna Bald","Ozone","Graham",35.2578000008897,-83.7955
"3793",NA,44,"Joanna Bald","Ozone","Graham",35.2578000008897,-83.7955
"3794",NA,45,"Joanna Bald","Ozone","Graham",35.2578000008897,-83.7955
"3795",NA,49,"Joanna Bald","Ozone","Graham",35.2578000008897,-83.7955
"3796",NA,50,"Joanna Bald","Ozone","Graham",35.2578000008897,-83.7955
"3797",NA,61,"Joanna Bald","Ozone","Graham",35.2578000008897,-83.7955
"3798",NA,80,"Joanna Bald","Ozone","Graham",35.2578000008897,-83.7955
"3799",NA,61,"Joanna Bald","Ozone","Graham",35.2578000008897,-83.7955
"3800",NA,50,"Joanna Bald","Ozone","Graham",35.2578000008897,-83.7955
"3801",NA,67,"Joanna Bald","Ozone","Graham",35.2578000008897,-83.7955
"3802",NA,97,"Joanna Bald","Ozone","Graham",35.2578000008897,-83.7955
"3803",NA,49,"Joanna Bald","Ozone","Graham",35.2578000008897,-83.7955
"3804",NA,42,"Joanna Bald","Ozone","Graham",35.2578000008897,-83.7955
"3805",NA,49,"Joanna Bald","Ozone","Graham",35.2578000008897,-83.7955
"3806",NA,61,"Joanna Bald","Ozone","Graham",35.2578000008897,-83.7955
"3807",NA,61,"Joanna Bald","Ozone","Graham",35.2578000008897,-83.7955
"3808",NA,50,"Joanna Bald","Ozone","Graham",35.2578000008897,-83.7955
"3809",NA,44,"Joanna Bald","Ozone","Graham",35.2578000008897,-83.7955
"3810",4-01-20,48,"Joanna Bald","Ozone","Graham",35.2578000008897,-83.7955
"3811",4-02-20,61,"Joanna Bald","Ozone","Graham",35.2578000008897,-83.7955
"3812",4-03-20,64,"Joanna Bald","Ozone","Graham",35.2578000008897,-83.7955
"3813",4-04-20,61,"Joanna Bald","Ozone","Graham",35.2578000008897,-83.7955
"3814",4-05-20,44,"Joanna Bald","Ozone","Graham",35.2578000008897,-83.7955
"3815",4-06-20,43,"Joanna Bald","Ozone","Graham",35.2578000008897,-83.7955
"3816",4-07-20,48,"Joanna Bald","Ozone","Graham",35.2578000008897,-83.7955
"3817",4-08-20,37,"Joanna Bald","Ozone","Graham",35.2578000008897,-83.7955
"3818",4-09-20,46,"Joanna Bald","Ozone","Graham",35.2578000008897,-83.7955
"3819",4-10-20,48,"Joanna Bald","Ozone","Graham",35.2578000008897,-83.7955
"3820",4-11-20,47,"Joanna Bald","Ozone","Graham",35.2578000008897,-83.7955
"3821",4-12-20,46,"Joanna Bald","Ozone","Graham",35.2578000008897,-83.7955
"3822",NA,41,"Joanna Bald","Ozone","Graham",35.2578000008897,-83.7955
"3823",NA,41,"Joanna Bald","Ozone","Graham",35.2578000008897,-83.7955
"3824",NA,51,"Joanna Bald","Ozone","Graham",35.2578000008897,-83.7955
"3825",NA,71,"Joanna Bald","Ozone","Graham",35.2578000008897,-83.7955
"3826",NA,90,"Joanna Bald","Ozone","Graham",35.2578000008897,-83.7955
"3827",NA,51,"Joanna Bald","Ozone","Graham",35.2578000008897,-83.7955
"3828",NA,45,"Joanna Bald","Ozone","Graham",35.2578000008897,-83.7955
"3829",NA,44,"Joanna Bald","Ozone","Graham",35.2578000008897,-83.7955
"3830",NA,54,"Joanna Bald","Ozone","Graham",35.2578000008897,-83.7955
"3831",NA,46,"Joanna Bald","Ozone","Graham",35.2578000008897,-83.7955
"3832",NA,50,"Joanna Bald","Ozone","Graham",35.2578000008897,-83.7955
"3833",NA,49,"Joanna Bald","Ozone","Graham",35.2578000008897,-83.7955
"3834",NA,46,"Joanna Bald","Ozone","Graham",35.2578000008897,-83.7955
"3835",NA,58,"Joanna Bald","Ozone","Graham",35.2578000008897,-83.7955
"3836",NA,64,"Joanna Bald","Ozone","Graham",35.2578000008897,-83.7955
"3837",NA,71,"Joanna Bald","Ozone","Graham",35.2578000008897,-83.7955
"3838",NA,54,"Joanna Bald","Ozone","Graham",35.2578000008897,-83.7955
"3839",NA,51,"Joanna Bald","Ozone","Graham",35.2578000008897,-83.7955
"3840",5-01-20,39,"Joanna Bald","Ozone","Graham",35.2578000008897,-83.7955
"3841",5-02-20,39,"Joanna Bald","Ozone","Graham",35.2578000008897,-83.7955
"3842",5-03-20,42,"Joanna Bald","Ozone","Graham",35.2578000008897,-83.7955
"3843",5-04-20,41,"Joanna Bald","Ozone","Graham",35.2578000008897,-83.7955
"3844",5-05-20,37,"Joanna Bald","Ozone","Graham",35.2578000008897,-83.7955
"3845",5-06-20,44,"Joanna Bald","Ozone","Graham",35.2578000008897,-83.7955
"3846",5-07-20,47,"Joanna Bald","Ozone","Graham",35.2578000008897,-83.7955
"3847",5-08-20,43,"Joanna Bald","Ozone","Graham",35.2578000008897,-83.7955
"3848",5-09-20,40,"Joanna Bald","Ozone","Graham",35.2578000008897,-83.7955
"3849",5-10-20,37,"Joanna Bald","Ozone","Graham",35.2578000008897,-83.7955
"3850",5-11-20,36,"Joanna Bald","Ozone","Graham",35.2578000008897,-83.7955
"3851",5-12-20,38,"Joanna Bald","Ozone","Graham",35.2578000008897,-83.7955
"3852",NA,34,"Joanna Bald","Ozone","Graham",35.2578000008897,-83.7955
"3853",NA,49,"Joanna Bald","Ozone","Graham",35.2578000008897,-83.7955
"3854",NA,44,"Joanna Bald","Ozone","Graham",35.2578000008897,-83.7955
"3855",NA,58,"Joanna Bald","Ozone","Graham",35.2578000008897,-83.7955
"3856",NA,58,"Joanna Bald","Ozone","Graham",35.2578000008897,-83.7955
"3857",NA,64,"Joanna Bald","Ozone","Graham",35.2578000008897,-83.7955
"3858",NA,47,"Joanna Bald","Ozone","Graham",35.2578000008897,-83.7955
"3859",NA,47,"Joanna Bald","Ozone","Graham",35.2578000008897,-83.7955
"3860",NA,80,"Joanna Bald","Ozone","Graham",35.2578000008897,-83.7955
"3861",NA,46,"Joanna Bald","Ozone","Graham",35.2578000008897,-83.7955
"3862",NA,44,"Joanna Bald","Ozone","Graham",35.2578000008897,-83.7955
"3863",NA,44,"Joanna Bald","Ozone","Graham",35.2578000008897,-83.7955
"3864",NA,41,"Joanna Bald","Ozone","Graham",35.2578000008897,-83.7955
"3865",NA,44,"Joanna Bald","Ozone","Graham",35.2578000008897,-83.7955
"3866",NA,41,"Joanna Bald","Ozone","Graham",35.2578000008897,-83.7955
"3867",NA,42,"Joanna Bald","Ozone","Graham",35.2578000008897,-83.7955
"3868",NA,44,"Joanna Bald","Ozone","Graham",35.2578000008897,-83.7955
"3869",NA,42,"Joanna Bald","Ozone","Graham",35.2578000008897,-83.7955
"3870",NA,61,"Joanna Bald","Ozone","Graham",35.2578000008897,-83.7955
"3871",6-01-20,71,"Joanna Bald","Ozone","Graham",35.2578000008897,-83.7955
"3872",6-02-20,61,"Joanna Bald","Ozone","Graham",35.2578000008897,-83.7955
"3873",6-03-20,61,"Joanna Bald","Ozone","Graham",35.2578000008897,-83.7955
"3874",6-04-20,51,"Joanna Bald","Ozone","Graham",35.2578000008897,-83.7955
"3875",6-05-20,48,"Joanna Bald","Ozone","Graham",35.2578000008897,-83.7955
"3876",6-06-20,25,"Joanna Bald","Ozone","Graham",35.2578000008897,-83.7955
"3877",6-07-20,35,"Joanna Bald","Ozone","Graham",35.2578000008897,-83.7955
"3878",6-08-20,34,"Joanna Bald","Ozone","Graham",35.2578000008897,-83.7955
"3879",6-09-20,31,"Joanna Bald","Ozone","Graham",35.2578000008897,-83.7955
"3880",6-10-20,38,"Joanna Bald","Ozone","Graham",35.2578000008897,-83.7955
"3881",6-11-20,47,"Joanna Bald","Ozone","Graham",35.2578000008897,-83.7955
"3882",6-12-20,36,"Joanna Bald","Ozone","Graham",35.2578000008897,-83.7955
"3883",NA,47,"Joanna Bald","Ozone","Graham",35.2578000008897,-83.7955
"3884",NA,44,"Joanna Bald","Ozone","Graham",35.2578000008897,-83.7955
"3885",NA,44,"Joanna Bald","Ozone","Graham",35.2578000008897,-83.7955
"3886",NA,33,"Joanna Bald","Ozone","Graham",35.2578000008897,-83.7955
"3887",NA,38,"Joanna Bald","Ozone","Graham",35.2578000008897,-83.7955
"3888",NA,23,"Joanna Bald","Ozone","Graham",35.2578000008897,-83.7955
"3889",NA,37,"Joanna Bald","Ozone","Graham",35.2578000008897,-83.7955
"3890",NA,41,"Joanna Bald","Ozone","Graham",35.2578000008897,-83.7955
"3891",NA,40,"Joanna Bald","Ozone","Graham",35.2578000008897,-83.7955
"3892",NA,29,"Joanna Bald","Ozone","Graham",35.2578000008897,-83.7955
"3893",NA,23,"Joanna Bald","Ozone","Graham",35.2578000008897,-83.7955
"3894",NA,43,"Joanna Bald","Ozone","Graham",35.2578000008897,-83.7955
"3895",NA,44,"Joanna Bald","Ozone","Graham",35.2578000008897,-83.7955
"3896",NA,37,"Joanna Bald","Ozone","Graham",35.2578000008897,-83.7955
"3897",NA,58,"Joanna Bald","Ozone","Graham",35.2578000008897,-83.7955
"3898",NA,50,"Joanna Bald","Ozone","Graham",35.2578000008897,-83.7955
"3899",NA,42,"Joanna Bald","Ozone","Graham",35.2578000008897,-83.7955
"3900",NA,44,"Joanna Bald","Ozone","Graham",35.2578000008897,-83.7955
"3901",7-01-20,71,"Joanna Bald","Ozone","Graham",35.2578000008897,-83.7955
"3902",7-02-20,51,"Joanna Bald","Ozone","Graham",35.2578000008897,-83.7955
"3903",7-03-20,43,"Joanna Bald","Ozone","Graham",35.2578000008897,-83.7955
"3904",7-04-20,41,"Joanna Bald","Ozone","Graham",35.2578000008897,-83.7955
"3905",7-05-20,38,"Joanna Bald","Ozone","Graham",35.2578000008897,-83.7955
"3906",7-06-20,29,"Joanna Bald","Ozone","Graham",35.2578000008897,-83.7955
"3907",7-07-20,31,"Joanna Bald","Ozone","Graham",35.2578000008897,-83.7955
"3908",7-08-20,43,"Joanna Bald","Ozone","Graham",35.2578000008897,-83.7955
"3909",7-09-20,36,"Joanna Bald","Ozone","Graham",35.2578000008897,-83.7955
"3910",7-10-20,33,"Joanna Bald","Ozone","Graham",35.2578000008897,-83.7955
"3911",7-11-20,35,"Joanna Bald","Ozone","Graham",35.2578000008897,-83.7955
"3912",7-12-20,26,"Joanna Bald","Ozone","Graham",35.2578000008897,-83.7955
"3913",NA,23,"Joanna Bald","Ozone","Graham",35.2578000008897,-83.7955
"3914",NA,33,"Joanna Bald","Ozone","Graham",35.2578000008897,-83.7955
"3915",NA,25,"Joanna Bald","Ozone","Graham",35.2578000008897,-83.7955
"3916",NA,21,"Joanna Bald","Ozone","Graham",35.2578000008897,-83.7955
"3917",NA,25,"Joanna Bald","Ozone","Graham",35.2578000008897,-83.7955
"3918",NA,31,"Joanna Bald","Ozone","Graham",35.2578000008897,-83.7955
"3919",NA,34,"Joanna Bald","Ozone","Graham",35.2578000008897,-83.7955
"3920",NA,29,"Joanna Bald","Ozone","Graham",35.2578000008897,-83.7955
"3921",NA,23,"Joanna Bald","Ozone","Graham",35.2578000008897,-83.7955
"3922",NA,29,"Joanna Bald","Ozone","Graham",35.2578000008897,-83.7955
"3923",NA,30,"Joanna Bald","Ozone","Graham",35.2578000008897,-83.7955
"3924",NA,44,"Joanna Bald","Ozone","Graham",35.2578000008897,-83.7955
"3925",NA,45,"Joanna Bald","Ozone","Graham",35.2578000008897,-83.7955
"3926",NA,54,"Joanna Bald","Ozone","Graham",35.2578000008897,-83.7955
"3927",NA,47,"Joanna Bald","Ozone","Graham",35.2578000008897,-83.7955
"3928",NA,49,"Joanna Bald","Ozone","Graham",35.2578000008897,-83.7955
"3929",NA,49,"Joanna Bald","Ozone","Graham",35.2578000008897,-83.7955
"3930",NA,46,"Joanna Bald","Ozone","Graham",35.2578000008897,-83.7955
"3931",NA,41,"Joanna Bald","Ozone","Graham",35.2578000008897,-83.7955
"3932",8-01-20,44,"Joanna Bald","Ozone","Graham",35.2578000008897,-83.7955
"3933",8-02-20,39,"Joanna Bald","Ozone","Graham",35.2578000008897,-83.7955
"3934",8-03-20,38,"Joanna Bald","Ozone","Graham",35.2578000008897,-83.7955
"3935",8-04-20,44,"Joanna Bald","Ozone","Graham",35.2578000008897,-83.7955
"3936",8-05-20,40,"Joanna Bald","Ozone","Graham",35.2578000008897,-83.7955
"3937",8-06-20,45,"Joanna Bald","Ozone","Graham",35.2578000008897,-83.7955
"3938",8-07-20,42,"Joanna Bald","Ozone","Graham",35.2578000008897,-83.7955
"3939",8-08-20,47,"Joanna Bald","Ozone","Graham",35.2578000008897,-83.7955
"3940",8-09-20,46,"Joanna Bald","Ozone","Graham",35.2578000008897,-83.7955
"3941",8-10-20,42,"Joanna Bald","Ozone","Graham",35.2578000008897,-83.7955
"3942",8-11-20,34,"Joanna Bald","Ozone","Graham",35.2578000008897,-83.7955
"3943",8-12-20,33,"Joanna Bald","Ozone","Graham",35.2578000008897,-83.7955
"3944",NA,47,"Joanna Bald","Ozone","Graham",35.2578000008897,-83.7955
"3945",NA,42,"Joanna Bald","Ozone","Graham",35.2578000008897,-83.7955
"3946",NA,49,"Joanna Bald","Ozone","Graham",35.2578000008897,-83.7955
"3947",NA,54,"Joanna Bald","Ozone","Graham",35.2578000008897,-83.7955
"3948",NA,44,"Joanna Bald","Ozone","Graham",35.2578000008897,-83.7955
"3949",NA,46,"Joanna Bald","Ozone","Graham",35.2578000008897,-83.7955
"3950",NA,44,"Joanna Bald","Ozone","Graham",35.2578000008897,-83.7955
"3951",NA,38,"Joanna Bald","Ozone","Graham",35.2578000008897,-83.7955
"3952",NA,37,"Joanna Bald","Ozone","Graham",35.2578000008897,-83.7955
"3953",NA,28,"Joanna Bald","Ozone","Graham",35.2578000008897,-83.7955
"3954",NA,35,"Joanna Bald","Ozone","Graham",35.2578000008897,-83.7955
"3955",NA,28,"Joanna Bald","Ozone","Graham",35.2578000008897,-83.7955
"3956",NA,24,"Joanna Bald","Ozone","Graham",35.2578000008897,-83.7955
"3957",NA,22,"Joanna Bald","Ozone","Graham",35.2578000008897,-83.7955
"3958",NA,29,"Joanna Bald","Ozone","Graham",35.2578000008897,-83.7955
"3959",NA,38,"Joanna Bald","Ozone","Graham",35.2578000008897,-83.7955
"3960",NA,38,"Joanna Bald","Ozone","Graham",35.2578000008897,-83.7955
"3961",NA,51,"Joanna Bald","Ozone","Graham",35.2578000008897,-83.7955
"3962",NA,58,"Joanna Bald","Ozone","Graham",35.2578000008897,-83.7955
"3963",9-01-20,44,"Joanna Bald","Ozone","Graham",35.2578000008897,-83.7955
"3964",9-02-20,43,"Joanna Bald","Ozone","Graham",35.2578000008897,-83.7955
"3965",9-03-20,38,"Joanna Bald","Ozone","Graham",35.2578000008897,-83.7955
"3966",9-04-20,43,"Joanna Bald","Ozone","Graham",35.2578000008897,-83.7955
"3967",9-05-20,44,"Joanna Bald","Ozone","Graham",35.2578000008897,-83.7955
"3968",9-06-20,50,"Joanna Bald","Ozone","Graham",35.2578000008897,-83.7955
"3969",9-07-20,61,"Joanna Bald","Ozone","Graham",35.2578000008897,-83.7955
"3970",9-08-20,45,"Joanna Bald","Ozone","Graham",35.2578000008897,-83.7955
"3971",9-09-20,61,"Joanna Bald","Ozone","Graham",35.2578000008897,-83.7955
"3972",9-10-20,46,"Joanna Bald","Ozone","Graham",35.2578000008897,-83.7955
"3973",9-11-20,44,"Joanna Bald","Ozone","Graham",35.2578000008897,-83.7955
"3974",9-12-20,45,"Joanna Bald","Ozone","Graham",35.2578000008897,-83.7955
"3975",NA,45,"Joanna Bald","Ozone","Graham",35.2578000008897,-83.7955
"3976",NA,44,"Joanna Bald","Ozone","Graham",35.2578000008897,-83.7955
"3977",NA,67,"Joanna Bald","Ozone","Graham",35.2578000008897,-83.7955
"3978",NA,80,"Joanna Bald","Ozone","Graham",35.2578000008897,-83.7955
"3979",NA,74,"Joanna Bald","Ozone","Graham",35.2578000008897,-83.7955
"3980",NA,37,"Joanna Bald","Ozone","Graham",35.2578000008897,-83.7955
"3981",NA,32,"Joanna Bald","Ozone","Graham",35.2578000008897,-83.7955
"3982",NA,46,"Joanna Bald","Ozone","Graham",35.2578000008897,-83.7955
"3983",NA,44,"Joanna Bald","Ozone","Graham",35.2578000008897,-83.7955
"3984",NA,44,"Joanna Bald","Ozone","Graham",35.2578000008897,-83.7955
"3985",NA,35,"Joanna Bald","Ozone","Graham",35.2578000008897,-83.7955
"3986",NA,64,"Joanna Bald","Ozone","Graham",35.2578000008897,-83.7955
"3987",NA,51,"Joanna Bald","Ozone","Graham",35.2578000008897,-83.7955
"3988",NA,42,"Joanna Bald","Ozone","Graham",35.2578000008897,-83.7955
"3989",NA,44,"Joanna Bald","Ozone","Graham",35.2578000008897,-83.7955
"3990",NA,41,"Joanna Bald","Ozone","Graham",35.2578000008897,-83.7955
"3991",NA,36,"Joanna Bald","Ozone","Graham",35.2578000008897,-83.7955
"3992",NA,45,"Joanna Bald","Ozone","Graham",35.2578000008897,-83.7955
"3993",10-01-20,44,"Joanna Bald","Ozone","Graham",35.2578000008897,-83.7955
"3994",10-02-20,61,"Joanna Bald","Ozone","Graham",35.2578000008897,-83.7955
"3995",10-03-20,58,"Joanna Bald","Ozone","Graham",35.2578000008897,-83.7955
"3996",10-04-20,50,"Joanna Bald","Ozone","Graham",35.2578000008897,-83.7955
"3997",10-05-20,49,"Joanna Bald","Ozone","Graham",35.2578000008897,-83.7955
"3998",10-06-20,30,"Joanna Bald","Ozone","Graham",35.2578000008897,-83.7955
"3999",10-07-20,31,"Joanna Bald","Ozone","Graham",35.2578000008897,-83.7955
"4000",10-08-20,29,"Joanna Bald","Ozone","Graham",35.2578000008897,-83.7955
"4001",10-09-20,37,"Joanna Bald","Ozone","Graham",35.2578000008897,-83.7955
"4002",10-10-20,41,"Joanna Bald","Ozone","Graham",35.2578000008897,-83.7955
"4003",10-11-20,44,"Joanna Bald","Ozone","Graham",35.2578000008897,-83.7955
"4004",10-12-20,44,"Joanna Bald","Ozone","Graham",35.2578000008897,-83.7955
"4005",NA,48,"Joanna Bald","Ozone","Graham",35.2578000008897,-83.7955
"4006",NA,50,"Joanna Bald","Ozone","Graham",35.2578000008897,-83.7955
"4007",NA,40,"Joanna Bald","Ozone","Graham",35.2578000008897,-83.7955
"4008",NA,32,"Joanna Bald","Ozone","Graham",35.2578000008897,-83.7955
"4009",NA,38,"Joanna Bald","Ozone","Graham",35.2578000008897,-83.7955
"4010",NA,42,"Joanna Bald","Ozone","Graham",35.2578000008897,-83.7955
"4011",NA,42,"Joanna Bald","Ozone","Graham",35.2578000008897,-83.7955
"4012",NA,36,"Joanna Bald","Ozone","Graham",35.2578000008897,-83.7955
"4013",NA,35,"Joanna Bald","Ozone","Graham",35.2578000008897,-83.7955
"4014",NA,37,"Joanna Bald","Ozone","Graham",35.2578000008897,-83.7955
"4015",NA,40,"Joanna Bald","Ozone","Graham",35.2578000008897,-83.7955
"4016",NA,42,"Joanna Bald","Ozone","Graham",35.2578000008897,-83.7955
"4017",NA,38,"Joanna Bald","Ozone","Graham",35.2578000008897,-83.7955
"4018",NA,31,"Joanna Bald","Ozone","Graham",35.2578000008897,-83.7955
"4019",NA,42,"Joanna Bald","Ozone","Graham",35.2578000008897,-83.7955
"4020",NA,44,"Joanna Bald","Ozone","Graham",35.2578000008897,-83.7955
"4021",NA,42,"Joanna Bald","Ozone","Graham",35.2578000008897,-83.7955
"4022",NA,23,"Joanna Bald","Ozone","Graham",35.2578000008897,-83.7955
"4023",NA,31,"Joanna Bald","Ozone","Graham",35.2578000008897,-83.7955
"4024",1-09-20,36,"Butner","Ozone","Granville",36.141111,-78.768056
"4025",2-11-20,9,"Butner","Ozone","Granville",36.141111,-78.768056
"4026",NA,27,"Butner","Ozone","Granville",36.141111,-78.768056
"4027",NA,16,"Butner","Ozone","Granville",36.141111,-78.768056
"4028",NA,19,"Butner","Ozone","Granville",36.141111,-78.768056
"4029",NA,20,"Butner","Ozone","Granville",36.141111,-78.768056
"4030",NA,12,"Butner","Ozone","Granville",36.141111,-78.768056
"4031",NA,22,"Butner","Ozone","Granville",36.141111,-78.768056
"4032",NA,14,"Butner","Ozone","Granville",36.141111,-78.768056
"4033",NA,17,"Butner","Ozone","Granville",36.141111,-78.768056
"4034",NA,9,"Butner","Ozone","Granville",36.141111,-78.768056
"4035",NA,16,"Butner","Ozone","Granville",36.141111,-78.768056
"4036",NA,16,"Butner","Ozone","Granville",36.141111,-78.768056
"4037",NA,30,"Butner","Ozone","Granville",36.141111,-78.768056
"4038",NA,31,"Butner","Ozone","Granville",36.141111,-78.768056
"4039",NA,19,"Butner","Ozone","Granville",36.141111,-78.768056
"4040",NA,14,"Butner","Ozone","Granville",36.141111,-78.768056
"4041",NA,18,"Butner","Ozone","Granville",36.141111,-78.768056
"4042",3-01-20,14,"Butner","Ozone","Granville",36.141111,-78.768056
"4043",3-02-20,14,"Butner","Ozone","Granville",36.141111,-78.768056
"4044",3-03-20,14,"Butner","Ozone","Granville",36.141111,-78.768056
"4045",3-04-20,26,"Butner","Ozone","Granville",36.141111,-78.768056
"4046",3-05-20,37,"Butner","Ozone","Granville",36.141111,-78.768056
"4047",3-06-20,41,"Butner","Ozone","Granville",36.141111,-78.768056
"4048",3-07-20,42,"Butner","Ozone","Granville",36.141111,-78.768056
"4049",3-08-20,32,"Butner","Ozone","Granville",36.141111,-78.768056
"4050",3-09-20,31,"Butner","Ozone","Granville",36.141111,-78.768056
"4051",3-10-20,31,"Butner","Ozone","Granville",36.141111,-78.768056
"4052",3-11-20,43,"Butner","Ozone","Granville",36.141111,-78.768056
"4053",3-12-20,45,"Butner","Ozone","Granville",36.141111,-78.768056
"4054",NA,47,"Butner","Ozone","Granville",36.141111,-78.768056
"4055",NA,58,"Butner","Ozone","Granville",36.141111,-78.768056
"4056",NA,36,"Butner","Ozone","Granville",36.141111,-78.768056
"4057",NA,44,"Butner","Ozone","Granville",36.141111,-78.768056
"4058",NA,44,"Butner","Ozone","Granville",36.141111,-78.768056
"4059",NA,46,"Butner","Ozone","Granville",36.141111,-78.768056
"4060",NA,46,"Butner","Ozone","Granville",36.141111,-78.768056
"4061",NA,44,"Butner","Ozone","Granville",36.141111,-78.768056
"4062",NA,47,"Butner","Ozone","Granville",36.141111,-78.768056
"4063",NA,45,"Butner","Ozone","Granville",36.141111,-78.768056
"4064",NA,47,"Butner","Ozone","Granville",36.141111,-78.768056
"4065",NA,64,"Butner","Ozone","Granville",36.141111,-78.768056
"4066",NA,47,"Butner","Ozone","Granville",36.141111,-78.768056
"4067",NA,44,"Butner","Ozone","Granville",36.141111,-78.768056
"4068",NA,47,"Butner","Ozone","Granville",36.141111,-78.768056
"4069",NA,54,"Butner","Ozone","Granville",36.141111,-78.768056
"4070",NA,67,"Butner","Ozone","Granville",36.141111,-78.768056
"4071",NA,58,"Butner","Ozone","Granville",36.141111,-78.768056
"4072",NA,43,"Butner","Ozone","Granville",36.141111,-78.768056
"4073",4-01-20,44,"Butner","Ozone","Granville",36.141111,-78.768056
"4074",4-02-20,36,"Butner","Ozone","Granville",36.141111,-78.768056
"4075",4-03-20,61,"Butner","Ozone","Granville",36.141111,-78.768056
"4076",4-04-20,80,"Butner","Ozone","Granville",36.141111,-78.768056
"4077",4-05-20,39,"Butner","Ozone","Granville",36.141111,-78.768056
"4078",4-06-20,36,"Butner","Ozone","Granville",36.141111,-78.768056
"4079",4-07-20,34,"Butner","Ozone","Granville",36.141111,-78.768056
"4080",4-08-20,34,"Butner","Ozone","Granville",36.141111,-78.768056
"4081",4-09-20,39,"Butner","Ozone","Granville",36.141111,-78.768056
"4082",4-10-20,61,"Butner","Ozone","Granville",36.141111,-78.768056
"4083",4-11-20,64,"Butner","Ozone","Granville",36.141111,-78.768056
"4084",4-12-20,33,"Butner","Ozone","Granville",36.141111,-78.768056
"4085",NA,26,"Butner","Ozone","Granville",36.141111,-78.768056
"4086",NA,31,"Butner","Ozone","Granville",36.141111,-78.768056
"4087",NA,47,"Butner","Ozone","Granville",36.141111,-78.768056
"4088",NA,54,"Butner","Ozone","Granville",36.141111,-78.768056
"4089",NA,67,"Butner","Ozone","Granville",36.141111,-78.768056
"4090",NA,50,"Butner","Ozone","Granville",36.141111,-78.768056
"4091",NA,36,"Butner","Ozone","Granville",36.141111,-78.768056
"4092",NA,36,"Butner","Ozone","Granville",36.141111,-78.768056
"4093",NA,31,"Butner","Ozone","Granville",36.141111,-78.768056
"4094",NA,40,"Butner","Ozone","Granville",36.141111,-78.768056
"4095",NA,48,"Butner","Ozone","Granville",36.141111,-78.768056
"4096",NA,61,"Butner","Ozone","Granville",36.141111,-78.768056
"4097",NA,46,"Butner","Ozone","Granville",36.141111,-78.768056
"4098",NA,42,"Butner","Ozone","Granville",36.141111,-78.768056
"4099",NA,58,"Butner","Ozone","Granville",36.141111,-78.768056
"4100",NA,50,"Butner","Ozone","Granville",36.141111,-78.768056
"4101",NA,34,"Butner","Ozone","Granville",36.141111,-78.768056
"4102",NA,50,"Butner","Ozone","Granville",36.141111,-78.768056
"4103",5-01-20,43,"Butner","Ozone","Granville",36.141111,-78.768056
"4104",5-02-20,44,"Butner","Ozone","Granville",36.141111,-78.768056
"4105",5-03-20,34,"Butner","Ozone","Granville",36.141111,-78.768056
"4106",5-04-20,39,"Butner","Ozone","Granville",36.141111,-78.768056
"4107",5-05-20,27,"Butner","Ozone","Granville",36.141111,-78.768056
"4108",5-06-20,38,"Butner","Ozone","Granville",36.141111,-78.768056
"4109",5-07-20,54,"Butner","Ozone","Granville",36.141111,-78.768056
"4110",5-08-20,44,"Butner","Ozone","Granville",36.141111,-78.768056
"4111",5-09-20,48,"Butner","Ozone","Granville",36.141111,-78.768056
"4112",5-10-20,40,"Butner","Ozone","Granville",36.141111,-78.768056
"4113",5-11-20,35,"Butner","Ozone","Granville",36.141111,-78.768056
"4114",5-12-20,31,"Butner","Ozone","Granville",36.141111,-78.768056
"4115",NA,31,"Butner","Ozone","Granville",36.141111,-78.768056
"4116",NA,42,"Butner","Ozone","Granville",36.141111,-78.768056
"4117",NA,46,"Butner","Ozone","Granville",36.141111,-78.768056
"4118",NA,64,"Butner","Ozone","Granville",36.141111,-78.768056
"4119",NA,67,"Butner","Ozone","Granville",36.141111,-78.768056
"4120",NA,71,"Butner","Ozone","Granville",36.141111,-78.768056
"4121",NA,54,"Butner","Ozone","Granville",36.141111,-78.768056
"4122",NA,45,"Butner","Ozone","Granville",36.141111,-78.768056
"4123",NA,50,"Butner","Ozone","Granville",36.141111,-78.768056
"4124",NA,47,"Butner","Ozone","Granville",36.141111,-78.768056
"4125",NA,39,"Butner","Ozone","Granville",36.141111,-78.768056
"4126",NA,41,"Butner","Ozone","Granville",36.141111,-78.768056
"4127",NA,74,"Butner","Ozone","Granville",36.141111,-78.768056
"4128",NA,45,"Butner","Ozone","Granville",36.141111,-78.768056
"4129",NA,47,"Butner","Ozone","Granville",36.141111,-78.768056
"4130",NA,51,"Butner","Ozone","Granville",36.141111,-78.768056
"4131",NA,45,"Butner","Ozone","Granville",36.141111,-78.768056
"4132",NA,67,"Butner","Ozone","Granville",36.141111,-78.768056
"4133",NA,45,"Butner","Ozone","Granville",36.141111,-78.768056
"4134",6-01-20,49,"Butner","Ozone","Granville",36.141111,-78.768056
"4135",6-02-20,67,"Butner","Ozone","Granville",36.141111,-78.768056
"4136",6-03-20,50,"Butner","Ozone","Granville",36.141111,-78.768056
"4137",6-04-20,74,"Butner","Ozone","Granville",36.141111,-78.768056
"4138",6-05-20,45,"Butner","Ozone","Granville",36.141111,-78.768056
"4139",6-06-20,43,"Butner","Ozone","Granville",36.141111,-78.768056
"4140",6-07-20,29,"Butner","Ozone","Granville",36.141111,-78.768056
"4141",6-08-20,32,"Butner","Ozone","Granville",36.141111,-78.768056
"4142",6-09-20,25,"Butner","Ozone","Granville",36.141111,-78.768056
"4143",6-10-20,33,"Butner","Ozone","Granville",36.141111,-78.768056
"4144",6-11-20,38,"Butner","Ozone","Granville",36.141111,-78.768056
"4145",6-12-20,37,"Butner","Ozone","Granville",36.141111,-78.768056
"4146",NA,42,"Butner","Ozone","Granville",36.141111,-78.768056
"4147",NA,41,"Butner","Ozone","Granville",36.141111,-78.768056
"4148",NA,64,"Butner","Ozone","Granville",36.141111,-78.768056
"4149",NA,44,"Butner","Ozone","Granville",36.141111,-78.768056
"4150",NA,41,"Butner","Ozone","Granville",36.141111,-78.768056
"4151",NA,32,"Butner","Ozone","Granville",36.141111,-78.768056
"4152",NA,30,"Butner","Ozone","Granville",36.141111,-78.768056
"4153",NA,42,"Butner","Ozone","Granville",36.141111,-78.768056
"4154",NA,44,"Butner","Ozone","Granville",36.141111,-78.768056
"4155",NA,41,"Butner","Ozone","Granville",36.141111,-78.768056
"4156",NA,41,"Butner","Ozone","Granville",36.141111,-78.768056
"4157",NA,38,"Butner","Ozone","Granville",36.141111,-78.768056
"4158",NA,41,"Butner","Ozone","Granville",36.141111,-78.768056
"4159",NA,46,"Butner","Ozone","Granville",36.141111,-78.768056
"4160",NA,64,"Butner","Ozone","Granville",36.141111,-78.768056
"4161",NA,87,"Butner","Ozone","Granville",36.141111,-78.768056
"4162",NA,84,"Butner","Ozone","Granville",36.141111,-78.768056
"4163",NA,45,"Butner","Ozone","Granville",36.141111,-78.768056
"4164",7-01-20,46,"Butner","Ozone","Granville",36.141111,-78.768056
"4165",7-02-20,47,"Butner","Ozone","Granville",36.141111,-78.768056
"4166",7-03-20,64,"Butner","Ozone","Granville",36.141111,-78.768056
"4167",7-04-20,46,"Butner","Ozone","Granville",36.141111,-78.768056
"4168",7-05-20,51,"Butner","Ozone","Granville",36.141111,-78.768056
"4169",7-06-20,37,"Butner","Ozone","Granville",36.141111,-78.768056
"4170",7-07-20,34,"Butner","Ozone","Granville",36.141111,-78.768056
"4171",7-08-20,41,"Butner","Ozone","Granville",36.141111,-78.768056
"4172",7-09-20,34,"Butner","Ozone","Granville",36.141111,-78.768056
"4173",7-10-20,48,"Butner","Ozone","Granville",36.141111,-78.768056
"4174",7-11-20,37,"Butner","Ozone","Granville",36.141111,-78.768056
"4175",7-12-20,47,"Butner","Ozone","Granville",36.141111,-78.768056
"4176",NA,50,"Butner","Ozone","Granville",36.141111,-78.768056
"4177",NA,58,"Butner","Ozone","Granville",36.141111,-78.768056
"4178",NA,51,"Butner","Ozone","Granville",36.141111,-78.768056
"4179",NA,64,"Butner","Ozone","Granville",36.141111,-78.768056
"4180",NA,40,"Butner","Ozone","Granville",36.141111,-78.768056
"4181",NA,46,"Butner","Ozone","Granville",36.141111,-78.768056
"4182",NA,40,"Butner","Ozone","Granville",36.141111,-78.768056
"4183",NA,43,"Butner","Ozone","Granville",36.141111,-78.768056
"4184",NA,41,"Butner","Ozone","Granville",36.141111,-78.768056
"4185",NA,40,"Butner","Ozone","Granville",36.141111,-78.768056
"4186",NA,29,"Butner","Ozone","Granville",36.141111,-78.768056
"4187",NA,33,"Butner","Ozone","Granville",36.141111,-78.768056
"4188",NA,43,"Butner","Ozone","Granville",36.141111,-78.768056
"4189",NA,46,"Butner","Ozone","Granville",36.141111,-78.768056
"4190",NA,49,"Butner","Ozone","Granville",36.141111,-78.768056
"4191",NA,48,"Butner","Ozone","Granville",36.141111,-78.768056
"4192",NA,74,"Butner","Ozone","Granville",36.141111,-78.768056
"4193",NA,64,"Butner","Ozone","Granville",36.141111,-78.768056
"4194",NA,49,"Butner","Ozone","Granville",36.141111,-78.768056
"4195",8-01-20,58,"Butner","Ozone","Granville",36.141111,-78.768056
"4196",8-02-20,44,"Butner","Ozone","Granville",36.141111,-78.768056
"4197",8-03-20,36,"Butner","Ozone","Granville",36.141111,-78.768056
"4198",8-04-20,36,"Butner","Ozone","Granville",36.141111,-78.768056
"4199",8-05-20,36,"Butner","Ozone","Granville",36.141111,-78.768056
"4200",8-06-20,47,"Butner","Ozone","Granville",36.141111,-78.768056
"4201",8-07-20,44,"Butner","Ozone","Granville",36.141111,-78.768056
"4202",8-08-20,47,"Butner","Ozone","Granville",36.141111,-78.768056
"4203",8-09-20,46,"Butner","Ozone","Granville",36.141111,-78.768056
"4204",8-10-20,44,"Butner","Ozone","Granville",36.141111,-78.768056
"4205",8-11-20,44,"Butner","Ozone","Granville",36.141111,-78.768056
"4206",8-12-20,67,"Butner","Ozone","Granville",36.141111,-78.768056
"4207",NA,41,"Butner","Ozone","Granville",36.141111,-78.768056
"4208",NA,46,"Butner","Ozone","Granville",36.141111,-78.768056
"4209",NA,71,"Butner","Ozone","Granville",36.141111,-78.768056
"4210",NA,43,"Butner","Ozone","Granville",36.141111,-78.768056
"4211",NA,41,"Butner","Ozone","Granville",36.141111,-78.768056
"4212",NA,46,"Butner","Ozone","Granville",36.141111,-78.768056
"4213",NA,47,"Butner","Ozone","Granville",36.141111,-78.768056
"4214",NA,34,"Butner","Ozone","Granville",36.141111,-78.768056
"4215",NA,41,"Butner","Ozone","Granville",36.141111,-78.768056
"4216",NA,40,"Butner","Ozone","Granville",36.141111,-78.768056
"4217",NA,41,"Butner","Ozone","Granville",36.141111,-78.768056
"4218",NA,24,"Butner","Ozone","Granville",36.141111,-78.768056
"4219",NA,34,"Butner","Ozone","Granville",36.141111,-78.768056
"4220",NA,25,"Butner","Ozone","Granville",36.141111,-78.768056
"4221",NA,28,"Butner","Ozone","Granville",36.141111,-78.768056
"4222",NA,33,"Butner","Ozone","Granville",36.141111,-78.768056
"4223",NA,47,"Butner","Ozone","Granville",36.141111,-78.768056
"4224",NA,48,"Butner","Ozone","Granville",36.141111,-78.768056
"4225",NA,50,"Butner","Ozone","Granville",36.141111,-78.768056
"4226",9-01-20,40,"Butner","Ozone","Granville",36.141111,-78.768056
"4227",9-02-20,33,"Butner","Ozone","Granville",36.141111,-78.768056
"4228",9-03-20,40,"Butner","Ozone","Granville",36.141111,-78.768056
"4229",9-04-20,31,"Butner","Ozone","Granville",36.141111,-78.768056
"4230",9-06-20,44,"Butner","Ozone","Granville",36.141111,-78.768056
"4231",9-07-20,50,"Butner","Ozone","Granville",36.141111,-78.768056
"4232",9-08-20,43,"Butner","Ozone","Granville",36.141111,-78.768056
"4233",9-09-20,32,"Butner","Ozone","Granville",36.141111,-78.768056
"4234",9-10-20,43,"Butner","Ozone","Granville",36.141111,-78.768056
"4235",9-11-20,54,"Butner","Ozone","Granville",36.141111,-78.768056
"4236",9-12-20,54,"Butner","Ozone","Granville",36.141111,-78.768056
"4237",NA,41,"Butner","Ozone","Granville",36.141111,-78.768056
"4238",NA,34,"Butner","Ozone","Granville",36.141111,-78.768056
"4239",NA,35,"Butner","Ozone","Granville",36.141111,-78.768056
"4240",NA,42,"Butner","Ozone","Granville",36.141111,-78.768056
"4241",NA,43,"Butner","Ozone","Granville",36.141111,-78.768056
"4242",NA,45,"Butner","Ozone","Granville",36.141111,-78.768056
"4243",NA,39,"Butner","Ozone","Granville",36.141111,-78.768056
"4244",NA,46,"Butner","Ozone","Granville",36.141111,-78.768056
"4245",NA,54,"Butner","Ozone","Granville",36.141111,-78.768056
"4246",NA,50,"Butner","Ozone","Granville",36.141111,-78.768056
"4247",NA,51,"Butner","Ozone","Granville",36.141111,-78.768056
"4248",NA,47,"Butner","Ozone","Granville",36.141111,-78.768056
"4249",NA,54,"Butner","Ozone","Granville",36.141111,-78.768056
"4250",NA,67,"Butner","Ozone","Granville",36.141111,-78.768056
"4251",NA,50,"Butner","Ozone","Granville",36.141111,-78.768056
"4252",NA,45,"Butner","Ozone","Granville",36.141111,-78.768056
"4253",NA,46,"Butner","Ozone","Granville",36.141111,-78.768056
"4254",NA,44,"Butner","Ozone","Granville",36.141111,-78.768056
"4255",10-01-20,71,"Butner","Ozone","Granville",36.141111,-78.768056
"4256",10-02-20,50,"Butner","Ozone","Granville",36.141111,-78.768056
"4257",10-03-20,54,"Butner","Ozone","Granville",36.141111,-78.768056
"4258",10-04-20,46,"Butner","Ozone","Granville",36.141111,-78.768056
"4259",10-05-20,30,"Butner","Ozone","Granville",36.141111,-78.768056
"4260",10-06-20,36,"Butner","Ozone","Granville",36.141111,-78.768056
"4261",10-07-20,40,"Butner","Ozone","Granville",36.141111,-78.768056
"4262",10-08-20,31,"Butner","Ozone","Granville",36.141111,-78.768056
"4263",10-09-20,32,"Butner","Ozone","Granville",36.141111,-78.768056
"4264",10-10-20,37,"Butner","Ozone","Granville",36.141111,-78.768056
"4265",10-11-20,44,"Butner","Ozone","Granville",36.141111,-78.768056
"4266",10-12-20,47,"Butner","Ozone","Granville",36.141111,-78.768056
"4267",NA,18,"Butner","Ozone","Granville",36.141111,-78.768056
"4268",NA,41,"Butner","Ozone","Granville",36.141111,-78.768056
"4269",NA,45,"Butner","Ozone","Granville",36.141111,-78.768056
"4270",NA,34,"Butner","Ozone","Granville",36.141111,-78.768056
"4271",NA,35,"Butner","Ozone","Granville",36.141111,-78.768056
"4272",NA,37,"Butner","Ozone","Granville",36.141111,-78.768056
"4273",NA,36,"Butner","Ozone","Granville",36.141111,-78.768056
"4274",NA,32,"Butner","Ozone","Granville",36.141111,-78.768056
"4275",NA,33,"Butner","Ozone","Granville",36.141111,-78.768056
"4276",NA,22,"Butner","Ozone","Granville",36.141111,-78.768056
"4277",NA,36,"Butner","Ozone","Granville",36.141111,-78.768056
"4278",NA,42,"Butner","Ozone","Granville",36.141111,-78.768056
"4279",NA,38,"Butner","Ozone","Granville",36.141111,-78.768056
"4280",NA,39,"Butner","Ozone","Granville",36.141111,-78.768056
"4281",NA,23,"Butner","Ozone","Granville",36.141111,-78.768056
"4282",NA,37,"Butner","Ozone","Granville",36.141111,-78.768056
"4283",NA,26,"Butner","Ozone","Granville",36.141111,-78.768056
"4284",NA,20,"Butner","Ozone","Granville",36.141111,-78.768056
"4285",NA,25,"Butner","Ozone","Granville",36.141111,-78.768056
"4286",NA,44,"Mendenhall School","Ozone","Guilford",36.1090060008986,-79.802314
"4287",NA,43,"Mendenhall School","Ozone","Guilford",36.1090060008986,-79.802314
"4288",NA,44,"Mendenhall School","Ozone","Guilford",36.1090060008986,-79.802314
"4289",NA,28,"Mendenhall School","Ozone","Guilford",36.1090060008986,-79.802314
"4290",NA,44,"Mendenhall School","Ozone","Guilford",36.1090060008986,-79.802314
"4291",3-01-20,26,"Mendenhall School","Ozone","Guilford",36.1090060008986,-79.802314
"4292",3-02-20,37,"Mendenhall School","Ozone","Guilford",36.1090060008986,-79.802314
"4293",3-03-20,25,"Mendenhall School","Ozone","Guilford",36.1090060008986,-79.802314
"4294",3-04-20,40,"Mendenhall School","Ozone","Guilford",36.1090060008986,-79.802314
"4295",3-05-20,41,"Mendenhall School","Ozone","Guilford",36.1090060008986,-79.802314
"4296",3-06-20,42,"Mendenhall School","Ozone","Guilford",36.1090060008986,-79.802314
"4297",3-07-20,42,"Mendenhall School","Ozone","Guilford",36.1090060008986,-79.802314
"4298",3-08-20,31,"Mendenhall School","Ozone","Guilford",36.1090060008986,-79.802314
"4299",3-09-20,22,"Mendenhall School","Ozone","Guilford",36.1090060008986,-79.802314
"4300",3-10-20,26,"Mendenhall School","Ozone","Guilford",36.1090060008986,-79.802314
"4301",3-11-20,42,"Mendenhall School","Ozone","Guilford",36.1090060008986,-79.802314
"4302",3-12-20,47,"Mendenhall School","Ozone","Guilford",36.1090060008986,-79.802314
"4303",NA,51,"Mendenhall School","Ozone","Guilford",36.1090060008986,-79.802314
"4304",NA,49,"Mendenhall School","Ozone","Guilford",36.1090060008986,-79.802314
"4305",NA,38,"Mendenhall School","Ozone","Guilford",36.1090060008986,-79.802314
"4306",NA,44,"Mendenhall School","Ozone","Guilford",36.1090060008986,-79.802314
"4307",NA,46,"Mendenhall School","Ozone","Guilford",36.1090060008986,-79.802314
"4308",NA,46,"Mendenhall School","Ozone","Guilford",36.1090060008986,-79.802314
"4309",NA,48,"Mendenhall School","Ozone","Guilford",36.1090060008986,-79.802314
"4310",NA,50,"Mendenhall School","Ozone","Guilford",36.1090060008986,-79.802314
"4311",NA,50,"Mendenhall School","Ozone","Guilford",36.1090060008986,-79.802314
"4312",NA,46,"Mendenhall School","Ozone","Guilford",36.1090060008986,-79.802314
"4313",NA,48,"Mendenhall School","Ozone","Guilford",36.1090060008986,-79.802314
"4314",NA,77,"Mendenhall School","Ozone","Guilford",36.1090060008986,-79.802314
"4315",NA,45,"Mendenhall School","Ozone","Guilford",36.1090060008986,-79.802314
"4316",NA,44,"Mendenhall School","Ozone","Guilford",36.1090060008986,-79.802314
"4317",NA,47,"Mendenhall School","Ozone","Guilford",36.1090060008986,-79.802314
"4318",NA,58,"Mendenhall School","Ozone","Guilford",36.1090060008986,-79.802314
"4319",NA,84,"Mendenhall School","Ozone","Guilford",36.1090060008986,-79.802314
"4320",NA,67,"Mendenhall School","Ozone","Guilford",36.1090060008986,-79.802314
"4321",NA,42,"Mendenhall School","Ozone","Guilford",36.1090060008986,-79.802314
"4322",4-01-20,45,"Mendenhall School","Ozone","Guilford",36.1090060008986,-79.802314
"4323",4-02-20,43,"Mendenhall School","Ozone","Guilford",36.1090060008986,-79.802314
"4324",4-03-20,61,"Mendenhall School","Ozone","Guilford",36.1090060008986,-79.802314
"4325",4-04-20,77,"Mendenhall School","Ozone","Guilford",36.1090060008986,-79.802314
"4326",4-05-20,38,"Mendenhall School","Ozone","Guilford",36.1090060008986,-79.802314
"4327",4-06-20,46,"Mendenhall School","Ozone","Guilford",36.1090060008986,-79.802314
"4328",4-07-20,37,"Mendenhall School","Ozone","Guilford",36.1090060008986,-79.802314
"4329",4-08-20,36,"Mendenhall School","Ozone","Guilford",36.1090060008986,-79.802314
"4330",4-09-20,42,"Mendenhall School","Ozone","Guilford",36.1090060008986,-79.802314
"4331",4-10-20,71,"Mendenhall School","Ozone","Guilford",36.1090060008986,-79.802314
"4332",4-11-20,54,"Mendenhall School","Ozone","Guilford",36.1090060008986,-79.802314
"4333",4-12-20,29,"Mendenhall School","Ozone","Guilford",36.1090060008986,-79.802314
"4334",NA,30,"Mendenhall School","Ozone","Guilford",36.1090060008986,-79.802314
"4335",NA,34,"Mendenhall School","Ozone","Guilford",36.1090060008986,-79.802314
"4336",NA,47,"Mendenhall School","Ozone","Guilford",36.1090060008986,-79.802314
"4337",NA,61,"Mendenhall School","Ozone","Guilford",36.1090060008986,-79.802314
"4338",NA,80,"Mendenhall School","Ozone","Guilford",36.1090060008986,-79.802314
"4339",NA,50,"Mendenhall School","Ozone","Guilford",36.1090060008986,-79.802314
"4340",NA,35,"Mendenhall School","Ozone","Guilford",36.1090060008986,-79.802314
"4341",NA,34,"Mendenhall School","Ozone","Guilford",36.1090060008986,-79.802314
"4342",NA,31,"Mendenhall School","Ozone","Guilford",36.1090060008986,-79.802314
"4343",NA,42,"Mendenhall School","Ozone","Guilford",36.1090060008986,-79.802314
"4344",NA,64,"Mendenhall School","Ozone","Guilford",36.1090060008986,-79.802314
"4345",NA,58,"Mendenhall School","Ozone","Guilford",36.1090060008986,-79.802314
"4346",NA,50,"Mendenhall School","Ozone","Guilford",36.1090060008986,-79.802314
"4347",NA,43,"Mendenhall School","Ozone","Guilford",36.1090060008986,-79.802314
"4348",NA,58,"Mendenhall School","Ozone","Guilford",36.1090060008986,-79.802314
"4349",NA,51,"Mendenhall School","Ozone","Guilford",36.1090060008986,-79.802314
"4350",NA,35,"Mendenhall School","Ozone","Guilford",36.1090060008986,-79.802314
"4351",NA,77,"Mendenhall School","Ozone","Guilford",36.1090060008986,-79.802314
"4352",5-01-20,39,"Mendenhall School","Ozone","Guilford",36.1090060008986,-79.802314
"4353",5-02-20,44,"Mendenhall School","Ozone","Guilford",36.1090060008986,-79.802314
"4354",5-03-20,34,"Mendenhall School","Ozone","Guilford",36.1090060008986,-79.802314
"4355",5-04-20,44,"Mendenhall School","Ozone","Guilford",36.1090060008986,-79.802314
"4356",5-05-20,27,"Mendenhall School","Ozone","Guilford",36.1090060008986,-79.802314
"4357",5-06-20,42,"Mendenhall School","Ozone","Guilford",36.1090060008986,-79.802314
"4358",5-07-20,45,"Mendenhall School","Ozone","Guilford",36.1090060008986,-79.802314
"4359",5-08-20,44,"Mendenhall School","Ozone","Guilford",36.1090060008986,-79.802314
"4360",5-09-20,44,"Mendenhall School","Ozone","Guilford",36.1090060008986,-79.802314
"4361",5-10-20,38,"Mendenhall School","Ozone","Guilford",36.1090060008986,-79.802314
"4362",5-11-20,28,"Mendenhall School","Ozone","Guilford",36.1090060008986,-79.802314
"4363",5-12-20,32,"Mendenhall School","Ozone","Guilford",36.1090060008986,-79.802314
"4364",NA,38,"Mendenhall School","Ozone","Guilford",36.1090060008986,-79.802314
"4365",NA,41,"Mendenhall School","Ozone","Guilford",36.1090060008986,-79.802314
"4366",NA,50,"Mendenhall School","Ozone","Guilford",36.1090060008986,-79.802314
"4367",NA,67,"Mendenhall School","Ozone","Guilford",36.1090060008986,-79.802314
"4368",NA,61,"Mendenhall School","Ozone","Guilford",36.1090060008986,-79.802314
"4369",NA,77,"Mendenhall School","Ozone","Guilford",36.1090060008986,-79.802314
"4370",NA,48,"Mendenhall School","Ozone","Guilford",36.1090060008986,-79.802314
"4371",NA,49,"Mendenhall School","Ozone","Guilford",36.1090060008986,-79.802314
"4372",NA,61,"Mendenhall School","Ozone","Guilford",36.1090060008986,-79.802314
"4373",NA,49,"Mendenhall School","Ozone","Guilford",36.1090060008986,-79.802314
"4374",NA,45,"Mendenhall School","Ozone","Guilford",36.1090060008986,-79.802314
"4375",NA,43,"Mendenhall School","Ozone","Guilford",36.1090060008986,-79.802314
"4376",NA,50,"Mendenhall School","Ozone","Guilford",36.1090060008986,-79.802314
"4377",NA,44,"Mendenhall School","Ozone","Guilford",36.1090060008986,-79.802314
"4378",NA,44,"Mendenhall School","Ozone","Guilford",36.1090060008986,-79.802314
"4379",NA,71,"Mendenhall School","Ozone","Guilford",36.1090060008986,-79.802314
"4380",NA,43,"Mendenhall School","Ozone","Guilford",36.1090060008986,-79.802314
"4381",NA,67,"Mendenhall School","Ozone","Guilford",36.1090060008986,-79.802314
"4382",NA,45,"Mendenhall School","Ozone","Guilford",36.1090060008986,-79.802314
"4383",6-01-20,48,"Mendenhall School","Ozone","Guilford",36.1090060008986,-79.802314
"4384",6-02-20,67,"Mendenhall School","Ozone","Guilford",36.1090060008986,-79.802314
"4385",6-03-20,45,"Mendenhall School","Ozone","Guilford",36.1090060008986,-79.802314
"4386",6-04-20,61,"Mendenhall School","Ozone","Guilford",36.1090060008986,-79.802314
"4387",6-05-20,46,"Mendenhall School","Ozone","Guilford",36.1090060008986,-79.802314
"4388",6-06-20,58,"Mendenhall School","Ozone","Guilford",36.1090060008986,-79.802314
"4389",6-07-20,25,"Mendenhall School","Ozone","Guilford",36.1090060008986,-79.802314
"4390",6-08-20,32,"Mendenhall School","Ozone","Guilford",36.1090060008986,-79.802314
"4391",6-09-20,21,"Mendenhall School","Ozone","Guilford",36.1090060008986,-79.802314
"4392",6-10-20,40,"Mendenhall School","Ozone","Guilford",36.1090060008986,-79.802314
"4393",6-11-20,40,"Mendenhall School","Ozone","Guilford",36.1090060008986,-79.802314
"4394",6-12-20,37,"Mendenhall School","Ozone","Guilford",36.1090060008986,-79.802314
"4395",NA,46,"Mendenhall School","Ozone","Guilford",36.1090060008986,-79.802314
"4396",NA,44,"Mendenhall School","Ozone","Guilford",36.1090060008986,-79.802314
"4397",NA,64,"Mendenhall School","Ozone","Guilford",36.1090060008986,-79.802314
"4398",NA,46,"Mendenhall School","Ozone","Guilford",36.1090060008986,-79.802314
"4399",NA,48,"Mendenhall School","Ozone","Guilford",36.1090060008986,-79.802314
"4400",NA,33,"Mendenhall School","Ozone","Guilford",36.1090060008986,-79.802314
"4401",NA,35,"Mendenhall School","Ozone","Guilford",36.1090060008986,-79.802314
"4402",NA,45,"Mendenhall School","Ozone","Guilford",36.1090060008986,-79.802314
"4403",NA,44,"Mendenhall School","Ozone","Guilford",36.1090060008986,-79.802314
"4404",NA,41,"Mendenhall School","Ozone","Guilford",36.1090060008986,-79.802314
"4405",NA,42,"Mendenhall School","Ozone","Guilford",36.1090060008986,-79.802314
"4406",NA,44,"Mendenhall School","Ozone","Guilford",36.1090060008986,-79.802314
"4407",NA,41,"Mendenhall School","Ozone","Guilford",36.1090060008986,-79.802314
"4408",NA,47,"Mendenhall School","Ozone","Guilford",36.1090060008986,-79.802314
"4409",NA,49,"Mendenhall School","Ozone","Guilford",36.1090060008986,-79.802314
"4410",NA,80,"Mendenhall School","Ozone","Guilford",36.1090060008986,-79.802314
"4411",NA,90,"Mendenhall School","Ozone","Guilford",36.1090060008986,-79.802314
"4412",NA,45,"Mendenhall School","Ozone","Guilford",36.1090060008986,-79.802314
"4413",7-01-20,49,"Mendenhall School","Ozone","Guilford",36.1090060008986,-79.802314
"4414",7-02-20,71,"Mendenhall School","Ozone","Guilford",36.1090060008986,-79.802314
"4415",7-03-20,49,"Mendenhall School","Ozone","Guilford",36.1090060008986,-79.802314
"4416",7-04-20,39,"Mendenhall School","Ozone","Guilford",36.1090060008986,-79.802314
"4417",7-05-20,45,"Mendenhall School","Ozone","Guilford",36.1090060008986,-79.802314
"4418",7-06-20,42,"Mendenhall School","Ozone","Guilford",36.1090060008986,-79.802314
"4419",7-07-20,38,"Mendenhall School","Ozone","Guilford",36.1090060008986,-79.802314
"4420",7-08-20,34,"Mendenhall School","Ozone","Guilford",36.1090060008986,-79.802314
"4421",7-09-20,33,"Mendenhall School","Ozone","Guilford",36.1090060008986,-79.802314
"4422",7-10-20,36,"Mendenhall School","Ozone","Guilford",36.1090060008986,-79.802314
"4423",7-11-20,43,"Mendenhall School","Ozone","Guilford",36.1090060008986,-79.802314
"4424",7-12-20,48,"Mendenhall School","Ozone","Guilford",36.1090060008986,-79.802314
"4425",NA,49,"Mendenhall School","Ozone","Guilford",36.1090060008986,-79.802314
"4426",NA,45,"Mendenhall School","Ozone","Guilford",36.1090060008986,-79.802314
"4427",NA,64,"Mendenhall School","Ozone","Guilford",36.1090060008986,-79.802314
"4428",NA,71,"Mendenhall School","Ozone","Guilford",36.1090060008986,-79.802314
"4429",NA,41,"Mendenhall School","Ozone","Guilford",36.1090060008986,-79.802314
"4430",NA,41,"Mendenhall School","Ozone","Guilford",36.1090060008986,-79.802314
"4431",NA,49,"Mendenhall School","Ozone","Guilford",36.1090060008986,-79.802314
"4432",NA,39,"Mendenhall School","Ozone","Guilford",36.1090060008986,-79.802314
"4433",NA,44,"Mendenhall School","Ozone","Guilford",36.1090060008986,-79.802314
"4434",NA,44,"Mendenhall School","Ozone","Guilford",36.1090060008986,-79.802314
"4435",NA,29,"Mendenhall School","Ozone","Guilford",36.1090060008986,-79.802314
"4436",NA,41,"Mendenhall School","Ozone","Guilford",36.1090060008986,-79.802314
"4437",NA,44,"Mendenhall School","Ozone","Guilford",36.1090060008986,-79.802314
"4438",NA,50,"Mendenhall School","Ozone","Guilford",36.1090060008986,-79.802314
"4439",NA,64,"Mendenhall School","Ozone","Guilford",36.1090060008986,-79.802314
"4440",NA,64,"Mendenhall School","Ozone","Guilford",36.1090060008986,-79.802314
"4441",NA,80,"Mendenhall School","Ozone","Guilford",36.1090060008986,-79.802314
"4442",NA,80,"Mendenhall School","Ozone","Guilford",36.1090060008986,-79.802314
"4443",NA,51,"Mendenhall School","Ozone","Guilford",36.1090060008986,-79.802314
"4444",8-01-20,61,"Mendenhall School","Ozone","Guilford",36.1090060008986,-79.802314
"4445",8-02-20,49,"Mendenhall School","Ozone","Guilford",36.1090060008986,-79.802314
"4446",8-03-20,43,"Mendenhall School","Ozone","Guilford",36.1090060008986,-79.802314
"4447",8-04-20,44,"Mendenhall School","Ozone","Guilford",36.1090060008986,-79.802314
"4448",8-05-20,54,"Mendenhall School","Ozone","Guilford",36.1090060008986,-79.802314
"4449",8-06-20,54,"Mendenhall School","Ozone","Guilford",36.1090060008986,-79.802314
"4450",8-07-20,50,"Mendenhall School","Ozone","Guilford",36.1090060008986,-79.802314
"4451",8-08-20,49,"Mendenhall School","Ozone","Guilford",36.1090060008986,-79.802314
"4452",8-09-20,47,"Mendenhall School","Ozone","Guilford",36.1090060008986,-79.802314
"4453",8-10-20,46,"Mendenhall School","Ozone","Guilford",36.1090060008986,-79.802314
"4454",8-11-20,41,"Mendenhall School","Ozone","Guilford",36.1090060008986,-79.802314
"4455",8-12-20,44,"Mendenhall School","Ozone","Guilford",36.1090060008986,-79.802314
"4456",NA,50,"Mendenhall School","Ozone","Guilford",36.1090060008986,-79.802314
"4457",NA,48,"Mendenhall School","Ozone","Guilford",36.1090060008986,-79.802314
"4458",NA,67,"Mendenhall School","Ozone","Guilford",36.1090060008986,-79.802314
"4459",NA,45,"Mendenhall School","Ozone","Guilford",36.1090060008986,-79.802314
"4460",NA,44,"Mendenhall School","Ozone","Guilford",36.1090060008986,-79.802314
"4461",NA,51,"Mendenhall School","Ozone","Guilford",36.1090060008986,-79.802314
"4462",NA,74,"Mendenhall School","Ozone","Guilford",36.1090060008986,-79.802314
"4463",NA,40,"Mendenhall School","Ozone","Guilford",36.1090060008986,-79.802314
"4464",NA,49,"Mendenhall School","Ozone","Guilford",36.1090060008986,-79.802314
"4465",NA,45,"Mendenhall School","Ozone","Guilford",36.1090060008986,-79.802314
"4466",NA,44,"Mendenhall School","Ozone","Guilford",36.1090060008986,-79.802314
"4467",NA,23,"Mendenhall School","Ozone","Guilford",36.1090060008986,-79.802314
"4468",NA,31,"Mendenhall School","Ozone","Guilford",36.1090060008986,-79.802314
"4469",NA,31,"Mendenhall School","Ozone","Guilford",36.1090060008986,-79.802314
"4470",NA,28,"Mendenhall School","Ozone","Guilford",36.1090060008986,-79.802314
"4471",NA,32,"Mendenhall School","Ozone","Guilford",36.1090060008986,-79.802314
"4472",NA,44,"Mendenhall School","Ozone","Guilford",36.1090060008986,-79.802314
"4473",NA,46,"Mendenhall School","Ozone","Guilford",36.1090060008986,-79.802314
"4474",NA,74,"Mendenhall School","Ozone","Guilford",36.1090060008986,-79.802314
"4475",9-01-20,37,"Mendenhall School","Ozone","Guilford",36.1090060008986,-79.802314
"4476",9-02-20,36,"Mendenhall School","Ozone","Guilford",36.1090060008986,-79.802314
"4477",9-03-20,41,"Mendenhall School","Ozone","Guilford",36.1090060008986,-79.802314
"4478",9-04-20,47,"Mendenhall School","Ozone","Guilford",36.1090060008986,-79.802314
"4479",9-05-20,36,"Mendenhall School","Ozone","Guilford",36.1090060008986,-79.802314
"4480",9-06-20,44,"Mendenhall School","Ozone","Guilford",36.1090060008986,-79.802314
"4481",9-07-20,46,"Mendenhall School","Ozone","Guilford",36.1090060008986,-79.802314
"4482",9-08-20,54,"Mendenhall School","Ozone","Guilford",36.1090060008986,-79.802314
"4483",9-09-20,47,"Mendenhall School","Ozone","Guilford",36.1090060008986,-79.802314
"4484",9-10-20,54,"Mendenhall School","Ozone","Guilford",36.1090060008986,-79.802314
"4485",9-11-20,84,"Mendenhall School","Ozone","Guilford",36.1090060008986,-79.802314
"4486",9-12-20,50,"Mendenhall School","Ozone","Guilford",36.1090060008986,-79.802314
"4487",NA,31,"Mendenhall School","Ozone","Guilford",36.1090060008986,-79.802314
"4488",NA,33,"Mendenhall School","Ozone","Guilford",36.1090060008986,-79.802314
"4489",NA,41,"Mendenhall School","Ozone","Guilford",36.1090060008986,-79.802314
"4490",NA,42,"Mendenhall School","Ozone","Guilford",36.1090060008986,-79.802314
"4491",NA,61,"Mendenhall School","Ozone","Guilford",36.1090060008986,-79.802314
"4492",NA,80,"Mendenhall School","Ozone","Guilford",36.1090060008986,-79.802314
"4493",NA,64,"Mendenhall School","Ozone","Guilford",36.1090060008986,-79.802314
"4494",NA,54,"Mendenhall School","Ozone","Guilford",36.1090060008986,-79.802314
"4495",NA,42,"Mendenhall School","Ozone","Guilford",36.1090060008986,-79.802314
"4496",NA,50,"Mendenhall School","Ozone","Guilford",36.1090060008986,-79.802314
"4497",NA,67,"Mendenhall School","Ozone","Guilford",36.1090060008986,-79.802314
"4498",NA,71,"Mendenhall School","Ozone","Guilford",36.1090060008986,-79.802314
"4499",NA,50,"Mendenhall School","Ozone","Guilford",36.1090060008986,-79.802314
"4500",NA,44,"Mendenhall School","Ozone","Guilford",36.1090060008986,-79.802314
"4501",NA,37,"Mendenhall School","Ozone","Guilford",36.1090060008986,-79.802314
"4502",10-01-20,54,"Mendenhall School","Ozone","Guilford",36.1090060008986,-79.802314
"4503",10-02-20,48,"Mendenhall School","Ozone","Guilford",36.1090060008986,-79.802314
"4504",10-03-20,71,"Mendenhall School","Ozone","Guilford",36.1090060008986,-79.802314
"4505",10-04-20,54,"Mendenhall School","Ozone","Guilford",36.1090060008986,-79.802314
"4506",10-05-20,32,"Mendenhall School","Ozone","Guilford",36.1090060008986,-79.802314
"4507",10-06-20,34,"Mendenhall School","Ozone","Guilford",36.1090060008986,-79.802314
"4508",10-07-20,37,"Mendenhall School","Ozone","Guilford",36.1090060008986,-79.802314
"4509",10-08-20,32,"Mendenhall School","Ozone","Guilford",36.1090060008986,-79.802314
"4510",10-09-20,39,"Mendenhall School","Ozone","Guilford",36.1090060008986,-79.802314
"4511",10-10-20,40,"Mendenhall School","Ozone","Guilford",36.1090060008986,-79.802314
"4512",10-11-20,44,"Mendenhall School","Ozone","Guilford",36.1090060008986,-79.802314
"4513",10-12-20,46,"Mendenhall School","Ozone","Guilford",36.1090060008986,-79.802314
"4514",NA,19,"Mendenhall School","Ozone","Guilford",36.1090060008986,-79.802314
"4515",NA,44,"Mendenhall School","Ozone","Guilford",36.1090060008986,-79.802314
"4516",NA,46,"Mendenhall School","Ozone","Guilford",36.1090060008986,-79.802314
"4517",NA,35,"Mendenhall School","Ozone","Guilford",36.1090060008986,-79.802314
"4518",NA,35,"Mendenhall School","Ozone","Guilford",36.1090060008986,-79.802314
"4519",NA,36,"Mendenhall School","Ozone","Guilford",36.1090060008986,-79.802314
"4520",NA,38,"Mendenhall School","Ozone","Guilford",36.1090060008986,-79.802314
"4521",NA,31,"Mendenhall School","Ozone","Guilford",36.1090060008986,-79.802314
"4522",NA,29,"Mendenhall School","Ozone","Guilford",36.1090060008986,-79.802314
"4523",NA,24,"Mendenhall School","Ozone","Guilford",36.1090060008986,-79.802314
"4524",NA,36,"Mendenhall School","Ozone","Guilford",36.1090060008986,-79.802314
"4525",NA,40,"Mendenhall School","Ozone","Guilford",36.1090060008986,-79.802314
"4526",NA,32,"Mendenhall School","Ozone","Guilford",36.1090060008986,-79.802314
"4527",NA,40,"Mendenhall School","Ozone","Guilford",36.1090060008986,-79.802314
"4528",NA,31,"Mendenhall School","Ozone","Guilford",36.1090060008986,-79.802314
"4529",NA,39,"Mendenhall School","Ozone","Guilford",36.1090060008986,-79.802314
"4530",NA,25,"Mendenhall School","Ozone","Guilford",36.1090060008986,-79.802314
"4531",NA,24,"Mendenhall School","Ozone","Guilford",36.1090060008986,-79.802314
"4532",NA,25,"Mendenhall School","Ozone","Guilford",36.1090060008986,-79.802314
"4533",2-01-20,39,"Waynesville School","Ozone","Haywood",35.507224,-82.963625
"4534",2-02-20,38,"Waynesville School","Ozone","Haywood",35.507224,-82.963625
"4535",2-03-20,37,"Waynesville School","Ozone","Haywood",35.507224,-82.963625
"4536",2-04-20,27,"Waynesville School","Ozone","Haywood",35.507224,-82.963625
"4537",2-05-20,31,"Waynesville School","Ozone","Haywood",35.507224,-82.963625
"4538",2-06-20,19,"Waynesville School","Ozone","Haywood",35.507224,-82.963625
"4539",2-07-20,31,"Waynesville School","Ozone","Haywood",35.507224,-82.963625
"4540",2-08-20,33,"Waynesville School","Ozone","Haywood",35.507224,-82.963625
"4541",2-09-20,37,"Waynesville School","Ozone","Haywood",35.507224,-82.963625
"4542",2-10-20,31,"Waynesville School","Ozone","Haywood",35.507224,-82.963625
"4543",2-11-20,30,"Waynesville School","Ozone","Haywood",35.507224,-82.963625
"4544",2-12-20,18,"Waynesville School","Ozone","Haywood",35.507224,-82.963625
"4545",NA,37,"Waynesville School","Ozone","Haywood",35.507224,-82.963625
"4546",NA,43,"Waynesville School","Ozone","Haywood",35.507224,-82.963625
"4547",NA,39,"Waynesville School","Ozone","Haywood",35.507224,-82.963625
"4548",NA,35,"Waynesville School","Ozone","Haywood",35.507224,-82.963625
"4549",NA,26,"Waynesville School","Ozone","Haywood",35.507224,-82.963625
"4550",NA,35,"Waynesville School","Ozone","Haywood",35.507224,-82.963625
"4551",NA,35,"Waynesville School","Ozone","Haywood",35.507224,-82.963625
"4552",NA,32,"Waynesville School","Ozone","Haywood",35.507224,-82.963625
"4553",NA,25,"Waynesville School","Ozone","Haywood",35.507224,-82.963625
"4554",NA,27,"Waynesville School","Ozone","Haywood",35.507224,-82.963625
"4555",NA,22,"Waynesville School","Ozone","Haywood",35.507224,-82.963625
"4556",NA,44,"Waynesville School","Ozone","Haywood",35.507224,-82.963625
"4557",NA,43,"Waynesville School","Ozone","Haywood",35.507224,-82.963625
"4558",NA,44,"Waynesville School","Ozone","Haywood",35.507224,-82.963625
"4559",NA,40,"Waynesville School","Ozone","Haywood",35.507224,-82.963625
"4560",NA,27,"Waynesville School","Ozone","Haywood",35.507224,-82.963625
"4561",3-01-20,31,"Waynesville School","Ozone","Haywood",35.507224,-82.963625
"4562",3-02-20,31,"Waynesville School","Ozone","Haywood",35.507224,-82.963625
"4563",3-03-20,22,"Waynesville School","Ozone","Haywood",35.507224,-82.963625
"4564",3-04-20,36,"Waynesville School","Ozone","Haywood",35.507224,-82.963625
"4565",3-05-20,41,"Waynesville School","Ozone","Haywood",35.507224,-82.963625
"4566",3-06-20,42,"Waynesville School","Ozone","Haywood",35.507224,-82.963625
"4567",3-07-20,45,"Waynesville School","Ozone","Haywood",35.507224,-82.963625
"4568",3-08-20,44,"Waynesville School","Ozone","Haywood",35.507224,-82.963625
"4569",3-09-20,37,"Waynesville School","Ozone","Haywood",35.507224,-82.963625
"4570",3-10-20,45,"Waynesville School","Ozone","Haywood",35.507224,-82.963625
"4571",3-11-20,35,"Waynesville School","Ozone","Haywood",35.507224,-82.963625
"4572",3-12-20,41,"Waynesville School","Ozone","Haywood",35.507224,-82.963625
"4573",NA,50,"Waynesville School","Ozone","Haywood",35.507224,-82.963625
"4574",NA,42,"Waynesville School","Ozone","Haywood",35.507224,-82.963625
"4575",NA,44,"Waynesville School","Ozone","Haywood",35.507224,-82.963625
"4576",NA,44,"Waynesville School","Ozone","Haywood",35.507224,-82.963625
"4577",NA,46,"Waynesville School","Ozone","Haywood",35.507224,-82.963625
"4578",NA,46,"Waynesville School","Ozone","Haywood",35.507224,-82.963625
"4579",NA,47,"Waynesville School","Ozone","Haywood",35.507224,-82.963625
"4580",NA,54,"Waynesville School","Ozone","Haywood",35.507224,-82.963625
"4581",NA,51,"Waynesville School","Ozone","Haywood",35.507224,-82.963625
"4582",NA,47,"Waynesville School","Ozone","Haywood",35.507224,-82.963625
"4583",NA,51,"Waynesville School","Ozone","Haywood",35.507224,-82.963625
"4584",NA,74,"Waynesville School","Ozone","Haywood",35.507224,-82.963625
"4585",NA,44,"Waynesville School","Ozone","Haywood",35.507224,-82.963625
"4586",NA,41,"Waynesville School","Ozone","Haywood",35.507224,-82.963625
"4587",NA,45,"Waynesville School","Ozone","Haywood",35.507224,-82.963625
"4588",NA,47,"Waynesville School","Ozone","Haywood",35.507224,-82.963625
"4589",NA,54,"Waynesville School","Ozone","Haywood",35.507224,-82.963625
"4590",NA,51,"Waynesville School","Ozone","Haywood",35.507224,-82.963625
"4591",NA,43,"Waynesville School","Ozone","Haywood",35.507224,-82.963625
"4592",4-01-20,46,"Waynesville School","Ozone","Haywood",35.507224,-82.963625
"4593",4-02-20,44,"Waynesville School","Ozone","Haywood",35.507224,-82.963625
"4594",4-03-20,51,"Waynesville School","Ozone","Haywood",35.507224,-82.963625
"4595",4-04-20,61,"Waynesville School","Ozone","Haywood",35.507224,-82.963625
"4596",4-05-20,40,"Waynesville School","Ozone","Haywood",35.507224,-82.963625
"4597",4-06-20,43,"Waynesville School","Ozone","Haywood",35.507224,-82.963625
"4598",4-07-20,38,"Waynesville School","Ozone","Haywood",35.507224,-82.963625
"4599",4-08-20,28,"Waynesville School","Ozone","Haywood",35.507224,-82.963625
"4600",4-09-20,44,"Waynesville School","Ozone","Haywood",35.507224,-82.963625
"4601",4-10-20,46,"Waynesville School","Ozone","Haywood",35.507224,-82.963625
"4602",4-11-20,50,"Waynesville School","Ozone","Haywood",35.507224,-82.963625
"4603",4-12-20,44,"Waynesville School","Ozone","Haywood",35.507224,-82.963625
"4604",NA,40,"Waynesville School","Ozone","Haywood",35.507224,-82.963625
"4605",NA,44,"Waynesville School","Ozone","Haywood",35.507224,-82.963625
"4606",NA,45,"Waynesville School","Ozone","Haywood",35.507224,-82.963625
"4607",NA,48,"Waynesville School","Ozone","Haywood",35.507224,-82.963625
"4608",NA,54,"Waynesville School","Ozone","Haywood",35.507224,-82.963625
"4609",NA,50,"Waynesville School","Ozone","Haywood",35.507224,-82.963625
"4610",NA,40,"Waynesville School","Ozone","Haywood",35.507224,-82.963625
"4611",NA,31,"Waynesville School","Ozone","Haywood",35.507224,-82.963625
"4612",NA,44,"Waynesville School","Ozone","Haywood",35.507224,-82.963625
"4613",NA,43,"Waynesville School","Ozone","Haywood",35.507224,-82.963625
"4614",NA,43,"Waynesville School","Ozone","Haywood",35.507224,-82.963625
"4615",NA,44,"Waynesville School","Ozone","Haywood",35.507224,-82.963625
"4616",NA,45,"Waynesville School","Ozone","Haywood",35.507224,-82.963625
"4617",NA,54,"Waynesville School","Ozone","Haywood",35.507224,-82.963625
"4618",NA,61,"Waynesville School","Ozone","Haywood",35.507224,-82.963625
"4619",NA,51,"Waynesville School","Ozone","Haywood",35.507224,-82.963625
"4620",NA,47,"Waynesville School","Ozone","Haywood",35.507224,-82.963625
"4621",NA,49,"Waynesville School","Ozone","Haywood",35.507224,-82.963625
"4622",5-01-20,38,"Waynesville School","Ozone","Haywood",35.507224,-82.963625
"4623",5-02-20,36,"Waynesville School","Ozone","Haywood",35.507224,-82.963625
"4624",5-03-20,31,"Waynesville School","Ozone","Haywood",35.507224,-82.963625
"4625",5-04-20,33,"Waynesville School","Ozone","Haywood",35.507224,-82.963625
"4626",5-05-20,36,"Waynesville School","Ozone","Haywood",35.507224,-82.963625
"4627",5-06-20,42,"Waynesville School","Ozone","Haywood",35.507224,-82.963625
"4628",5-07-20,43,"Waynesville School","Ozone","Haywood",35.507224,-82.963625
"4629",5-08-20,42,"Waynesville School","Ozone","Haywood",35.507224,-82.963625
"4630",5-09-20,44,"Waynesville School","Ozone","Haywood",35.507224,-82.963625
"4631",5-10-20,36,"Waynesville School","Ozone","Haywood",35.507224,-82.963625
"4632",5-11-20,26,"Waynesville School","Ozone","Haywood",35.507224,-82.963625
"4633",5-12-20,35,"Waynesville School","Ozone","Haywood",35.507224,-82.963625
"4634",NA,39,"Waynesville School","Ozone","Haywood",35.507224,-82.963625
"4635",NA,46,"Waynesville School","Ozone","Haywood",35.507224,-82.963625
"4636",NA,43,"Waynesville School","Ozone","Haywood",35.507224,-82.963625
"4637",NA,46,"Waynesville School","Ozone","Haywood",35.507224,-82.963625
"4638",NA,44,"Waynesville School","Ozone","Haywood",35.507224,-82.963625
"4639",NA,44,"Waynesville School","Ozone","Haywood",35.507224,-82.963625
"4640",NA,45,"Waynesville School","Ozone","Haywood",35.507224,-82.963625
"4641",NA,44,"Waynesville School","Ozone","Haywood",35.507224,-82.963625
"4642",NA,46,"Waynesville School","Ozone","Haywood",35.507224,-82.963625
"4643",NA,45,"Waynesville School","Ozone","Haywood",35.507224,-82.963625
"4644",NA,39,"Waynesville School","Ozone","Haywood",35.507224,-82.963625
"4645",NA,42,"Waynesville School","Ozone","Haywood",35.507224,-82.963625
"4646",NA,41,"Waynesville School","Ozone","Haywood",35.507224,-82.963625
"4647",NA,44,"Waynesville School","Ozone","Haywood",35.507224,-82.963625
"4648",NA,44,"Waynesville School","Ozone","Haywood",35.507224,-82.963625
"4649",NA,38,"Waynesville School","Ozone","Haywood",35.507224,-82.963625
"4650",NA,42,"Waynesville School","Ozone","Haywood",35.507224,-82.963625
"4651",NA,45,"Waynesville School","Ozone","Haywood",35.507224,-82.963625
"4652",NA,46,"Waynesville School","Ozone","Haywood",35.507224,-82.963625
"4653",6-01-20,54,"Waynesville School","Ozone","Haywood",35.507224,-82.963625
"4654",6-02-20,51,"Waynesville School","Ozone","Haywood",35.507224,-82.963625
"4655",6-03-20,54,"Waynesville School","Ozone","Haywood",35.507224,-82.963625
"4656",6-04-20,54,"Waynesville School","Ozone","Haywood",35.507224,-82.963625
"4657",6-05-20,39,"Waynesville School","Ozone","Haywood",35.507224,-82.963625
"4658",6-06-20,35,"Waynesville School","Ozone","Haywood",35.507224,-82.963625
"4659",6-07-20,25,"Waynesville School","Ozone","Haywood",35.507224,-82.963625
"4660",6-08-20,31,"Waynesville School","Ozone","Haywood",35.507224,-82.963625
"4661",6-09-20,31,"Waynesville School","Ozone","Haywood",35.507224,-82.963625
"4662",6-10-20,33,"Waynesville School","Ozone","Haywood",35.507224,-82.963625
"4663",6-11-20,39,"Waynesville School","Ozone","Haywood",35.507224,-82.963625
"4664",6-12-20,38,"Waynesville School","Ozone","Haywood",35.507224,-82.963625
"4665",NA,45,"Waynesville School","Ozone","Haywood",35.507224,-82.963625
"4666",NA,44,"Waynesville School","Ozone","Haywood",35.507224,-82.963625
"4667",NA,47,"Waynesville School","Ozone","Haywood",35.507224,-82.963625
"4668",NA,39,"Waynesville School","Ozone","Haywood",35.507224,-82.963625
"4669",NA,34,"Waynesville School","Ozone","Haywood",35.507224,-82.963625
"4670",NA,14,"Waynesville School","Ozone","Haywood",35.507224,-82.963625
"4671",NA,4,"Waynesville School","Ozone","Haywood",35.507224,-82.963625
"4672",NA,45,"Waynesville School","Ozone","Haywood",35.507224,-82.963625
"4673",NA,44,"Waynesville School","Ozone","Haywood",35.507224,-82.963625
"4674",NA,27,"Waynesville School","Ozone","Haywood",35.507224,-82.963625
"4675",NA,31,"Waynesville School","Ozone","Haywood",35.507224,-82.963625
"4676",NA,23,"Waynesville School","Ozone","Haywood",35.507224,-82.963625
"4677",NA,40,"Waynesville School","Ozone","Haywood",35.507224,-82.963625
"4678",NA,44,"Waynesville School","Ozone","Haywood",35.507224,-82.963625
"4679",NA,47,"Waynesville School","Ozone","Haywood",35.507224,-82.963625
"4680",NA,46,"Waynesville School","Ozone","Haywood",35.507224,-82.963625
"4681",NA,61,"Waynesville School","Ozone","Haywood",35.507224,-82.963625
"4682",NA,44,"Waynesville School","Ozone","Haywood",35.507224,-82.963625
"4683",7-01-20,46,"Waynesville School","Ozone","Haywood",35.507224,-82.963625
"4684",7-02-20,44,"Waynesville School","Ozone","Haywood",35.507224,-82.963625
"4685",7-03-20,40,"Waynesville School","Ozone","Haywood",35.507224,-82.963625
"4686",7-04-20,36,"Waynesville School","Ozone","Haywood",35.507224,-82.963625
"4687",7-05-20,32,"Waynesville School","Ozone","Haywood",35.507224,-82.963625
"4688",7-06-20,26,"Waynesville School","Ozone","Haywood",35.507224,-82.963625
"4689",7-07-20,30,"Waynesville School","Ozone","Haywood",35.507224,-82.963625
"4690",7-08-20,39,"Waynesville School","Ozone","Haywood",35.507224,-82.963625
"4691",7-09-20,33,"Waynesville School","Ozone","Haywood",35.507224,-82.963625
"4692",7-10-20,43,"Waynesville School","Ozone","Haywood",35.507224,-82.963625
"4693",7-11-20,29,"Waynesville School","Ozone","Haywood",35.507224,-82.963625
"4694",7-12-20,30,"Waynesville School","Ozone","Haywood",35.507224,-82.963625
"4695",NA,22,"Waynesville School","Ozone","Haywood",35.507224,-82.963625
"4696",NA,29,"Waynesville School","Ozone","Haywood",35.507224,-82.963625
"4697",NA,30,"Waynesville School","Ozone","Haywood",35.507224,-82.963625
"4698",NA,24,"Waynesville School","Ozone","Haywood",35.507224,-82.963625
"4699",NA,20,"Waynesville School","Ozone","Haywood",35.507224,-82.963625
"4700",NA,32,"Waynesville School","Ozone","Haywood",35.507224,-82.963625
"4701",NA,34,"Waynesville School","Ozone","Haywood",35.507224,-82.963625
"4702",NA,35,"Waynesville School","Ozone","Haywood",35.507224,-82.963625
"4703",NA,31,"Waynesville School","Ozone","Haywood",35.507224,-82.963625
"4704",NA,28,"Waynesville School","Ozone","Haywood",35.507224,-82.963625
"4705",NA,31,"Waynesville School","Ozone","Haywood",35.507224,-82.963625
"4706",NA,40,"Waynesville School","Ozone","Haywood",35.507224,-82.963625
"4707",NA,46,"Waynesville School","Ozone","Haywood",35.507224,-82.963625
"4708",NA,49,"Waynesville School","Ozone","Haywood",35.507224,-82.963625
"4709",NA,41,"Waynesville School","Ozone","Haywood",35.507224,-82.963625
"4710",NA,41,"Waynesville School","Ozone","Haywood",35.507224,-82.963625
"4711",NA,38,"Waynesville School","Ozone","Haywood",35.507224,-82.963625
"4712",NA,39,"Waynesville School","Ozone","Haywood",35.507224,-82.963625
"4713",NA,37,"Waynesville School","Ozone","Haywood",35.507224,-82.963625
"4714",8-01-20,34,"Waynesville School","Ozone","Haywood",35.507224,-82.963625
"4715",8-02-20,34,"Waynesville School","Ozone","Haywood",35.507224,-82.963625
"4716",8-03-20,32,"Waynesville School","Ozone","Haywood",35.507224,-82.963625
"4717",8-04-20,34,"Waynesville School","Ozone","Haywood",35.507224,-82.963625
"4718",8-05-20,40,"Waynesville School","Ozone","Haywood",35.507224,-82.963625
"4719",8-06-20,38,"Waynesville School","Ozone","Haywood",35.507224,-82.963625
"4720",8-07-20,40,"Waynesville School","Ozone","Haywood",35.507224,-82.963625
"4721",8-08-20,38,"Waynesville School","Ozone","Haywood",35.507224,-82.963625
"4722",8-09-20,43,"Waynesville School","Ozone","Haywood",35.507224,-82.963625
"4723",8-10-20,29,"Waynesville School","Ozone","Haywood",35.507224,-82.963625
"4724",8-11-20,44,"Waynesville School","Ozone","Haywood",35.507224,-82.963625
"4725",8-12-20,38,"Waynesville School","Ozone","Haywood",35.507224,-82.963625
"4726",NA,37,"Waynesville School","Ozone","Haywood",35.507224,-82.963625
"4727",NA,37,"Waynesville School","Ozone","Haywood",35.507224,-82.963625
"4728",NA,45,"Waynesville School","Ozone","Haywood",35.507224,-82.963625
"4729",NA,42,"Waynesville School","Ozone","Haywood",35.507224,-82.963625
"4730",NA,40,"Waynesville School","Ozone","Haywood",35.507224,-82.963625
"4731",NA,41,"Waynesville School","Ozone","Haywood",35.507224,-82.963625
"4732",NA,37,"Waynesville School","Ozone","Haywood",35.507224,-82.963625
"4733",NA,35,"Waynesville School","Ozone","Haywood",35.507224,-82.963625
"4734",NA,39,"Waynesville School","Ozone","Haywood",35.507224,-82.963625
"4735",NA,31,"Waynesville School","Ozone","Haywood",35.507224,-82.963625
"4736",NA,25,"Waynesville School","Ozone","Haywood",35.507224,-82.963625
"4737",NA,25,"Waynesville School","Ozone","Haywood",35.507224,-82.963625
"4738",NA,25,"Waynesville School","Ozone","Haywood",35.507224,-82.963625
"4739",NA,25,"Waynesville School","Ozone","Haywood",35.507224,-82.963625
"4740",NA,17,"Waynesville School","Ozone","Haywood",35.507224,-82.963625
"4741",NA,38,"Waynesville School","Ozone","Haywood",35.507224,-82.963625
"4742",NA,40,"Waynesville School","Ozone","Haywood",35.507224,-82.963625
"4743",NA,43,"Waynesville School","Ozone","Haywood",35.507224,-82.963625
"4744",NA,47,"Waynesville School","Ozone","Haywood",35.507224,-82.963625
"4745",9-01-20,43,"Waynesville School","Ozone","Haywood",35.507224,-82.963625
"4746",9-02-20,37,"Waynesville School","Ozone","Haywood",35.507224,-82.963625
"4747",9-03-20,35,"Waynesville School","Ozone","Haywood",35.507224,-82.963625
"4748",9-04-20,39,"Waynesville School","Ozone","Haywood",35.507224,-82.963625
"4749",9-05-20,44,"Waynesville School","Ozone","Haywood",35.507224,-82.963625
"4750",9-06-20,44,"Waynesville School","Ozone","Haywood",35.507224,-82.963625
"4751",9-07-20,44,"Waynesville School","Ozone","Haywood",35.507224,-82.963625
"4752",9-08-20,43,"Waynesville School","Ozone","Haywood",35.507224,-82.963625
"4753",9-09-20,46,"Waynesville School","Ozone","Haywood",35.507224,-82.963625
"4754",9-10-20,42,"Waynesville School","Ozone","Haywood",35.507224,-82.963625
"4755",9-11-20,44,"Waynesville School","Ozone","Haywood",35.507224,-82.963625
"4756",9-12-20,45,"Waynesville School","Ozone","Haywood",35.507224,-82.963625
"4757",NA,34,"Waynesville School","Ozone","Haywood",35.507224,-82.963625
"4758",NA,32,"Waynesville School","Ozone","Haywood",35.507224,-82.963625
"4759",NA,39,"Waynesville School","Ozone","Haywood",35.507224,-82.963625
"4760",NA,45,"Waynesville School","Ozone","Haywood",35.507224,-82.963625
"4761",NA,47,"Waynesville School","Ozone","Haywood",35.507224,-82.963625
"4762",NA,32,"Waynesville School","Ozone","Haywood",35.507224,-82.963625
"4763",NA,30,"Waynesville School","Ozone","Haywood",35.507224,-82.963625
"4764",NA,43,"Waynesville School","Ozone","Haywood",35.507224,-82.963625
"4765",NA,43,"Waynesville School","Ozone","Haywood",35.507224,-82.963625
"4766",NA,38,"Waynesville School","Ozone","Haywood",35.507224,-82.963625
"4767",NA,37,"Waynesville School","Ozone","Haywood",35.507224,-82.963625
"4768",NA,42,"Waynesville School","Ozone","Haywood",35.507224,-82.963625
"4769",NA,44,"Waynesville School","Ozone","Haywood",35.507224,-82.963625
"4770",NA,35,"Waynesville School","Ozone","Haywood",35.507224,-82.963625
"4771",NA,35,"Waynesville School","Ozone","Haywood",35.507224,-82.963625
"4772",NA,31,"Waynesville School","Ozone","Haywood",35.507224,-82.963625
"4773",NA,39,"Waynesville School","Ozone","Haywood",35.507224,-82.963625
"4774",NA,31,"Waynesville School","Ozone","Haywood",35.507224,-82.963625
"4775",10-01-20,37,"Waynesville School","Ozone","Haywood",35.507224,-82.963625
"4776",10-02-20,44,"Waynesville School","Ozone","Haywood",35.507224,-82.963625
"4777",10-03-20,44,"Waynesville School","Ozone","Haywood",35.507224,-82.963625
"4778",10-04-20,44,"Waynesville School","Ozone","Haywood",35.507224,-82.963625
"4779",10-05-20,32,"Waynesville School","Ozone","Haywood",35.507224,-82.963625
"4780",10-06-20,30,"Waynesville School","Ozone","Haywood",35.507224,-82.963625
"4781",10-07-20,32,"Waynesville School","Ozone","Haywood",35.507224,-82.963625
"4782",10-09-20,26,"Waynesville School","Ozone","Haywood",35.507224,-82.963625
"4783",10-10-20,37,"Waynesville School","Ozone","Haywood",35.507224,-82.963625
"4784",10-11-20,39,"Waynesville School","Ozone","Haywood",35.507224,-82.963625
"4785",10-12-20,37,"Waynesville School","Ozone","Haywood",35.507224,-82.963625
"4786",NA,29,"Waynesville School","Ozone","Haywood",35.507224,-82.963625
"4787",NA,39,"Waynesville School","Ozone","Haywood",35.507224,-82.963625
"4788",NA,33,"Waynesville School","Ozone","Haywood",35.507224,-82.963625
"4789",NA,35,"Waynesville School","Ozone","Haywood",35.507224,-82.963625
"4790",NA,33,"Waynesville School","Ozone","Haywood",35.507224,-82.963625
"4791",NA,36,"Waynesville School","Ozone","Haywood",35.507224,-82.963625
"4792",NA,27,"Waynesville School","Ozone","Haywood",35.507224,-82.963625
"4793",NA,31,"Waynesville School","Ozone","Haywood",35.507224,-82.963625
"4794",NA,31,"Waynesville School","Ozone","Haywood",35.507224,-82.963625
"4795",NA,36,"Waynesville School","Ozone","Haywood",35.507224,-82.963625
"4796",NA,34,"Waynesville School","Ozone","Haywood",35.507224,-82.963625
"4797",NA,37,"Waynesville School","Ozone","Haywood",35.507224,-82.963625
"4798",NA,9,"Waynesville School","Ozone","Haywood",35.507224,-82.963625
"4799",NA,32,"Waynesville School","Ozone","Haywood",35.507224,-82.963625
"4800",NA,33,"Waynesville School","Ozone","Haywood",35.507224,-82.963625
"4801",NA,31,"Waynesville School","Ozone","Haywood",35.507224,-82.963625
"4802",NA,32,"Waynesville School","Ozone","Haywood",35.507224,-82.963625
"4803",NA,12,"Waynesville School","Ozone","Haywood",35.507224,-82.963625
"4804",NA,26,"Waynesville School","Ozone","Haywood",35.507224,-82.963625
"4805",1-01-20,47,"Frying Pan Mountain","Ozone","Haywood",35.379167,-82.7925
"4806",1-02-20,44,"Frying Pan Mountain","Ozone","Haywood",35.379167,-82.7925
"4807",1-03-20,36,"Frying Pan Mountain","Ozone","Haywood",35.379167,-82.7925
"4808",1-04-20,34,"Frying Pan Mountain","Ozone","Haywood",35.379167,-82.7925
"4809",1-05-20,39,"Frying Pan Mountain","Ozone","Haywood",35.379167,-82.7925
"4810",1-06-20,40,"Frying Pan Mountain","Ozone","Haywood",35.379167,-82.7925
"4811",1-07-20,37,"Frying Pan Mountain","Ozone","Haywood",35.379167,-82.7925
"4812",1-08-20,42,"Frying Pan Mountain","Ozone","Haywood",35.379167,-82.7925
"4813",1-09-20,38,"Frying Pan Mountain","Ozone","Haywood",35.379167,-82.7925
"4814",1-10-20,45,"Frying Pan Mountain","Ozone","Haywood",35.379167,-82.7925
"4815",1-11-20,51,"Frying Pan Mountain","Ozone","Haywood",35.379167,-82.7925
"4816",1-12-20,37,"Frying Pan Mountain","Ozone","Haywood",35.379167,-82.7925
"4817",NA,36,"Frying Pan Mountain","Ozone","Haywood",35.379167,-82.7925
"4818",NA,28,"Frying Pan Mountain","Ozone","Haywood",35.379167,-82.7925
"4819",NA,44,"Frying Pan Mountain","Ozone","Haywood",35.379167,-82.7925
"4820",NA,44,"Frying Pan Mountain","Ozone","Haywood",35.379167,-82.7925
"4821",NA,40,"Frying Pan Mountain","Ozone","Haywood",35.379167,-82.7925
"4822",NA,31,"Frying Pan Mountain","Ozone","Haywood",35.379167,-82.7925
"4823",NA,36,"Frying Pan Mountain","Ozone","Haywood",35.379167,-82.7925
"4824",NA,40,"Frying Pan Mountain","Ozone","Haywood",35.379167,-82.7925
"4825",NA,44,"Frying Pan Mountain","Ozone","Haywood",35.379167,-82.7925
"4826",NA,37,"Frying Pan Mountain","Ozone","Haywood",35.379167,-82.7925
"4827",NA,35,"Frying Pan Mountain","Ozone","Haywood",35.379167,-82.7925
"4828",NA,44,"Frying Pan Mountain","Ozone","Haywood",35.379167,-82.7925
"4829",NA,43,"Frying Pan Mountain","Ozone","Haywood",35.379167,-82.7925
"4830",NA,43,"Frying Pan Mountain","Ozone","Haywood",35.379167,-82.7925
"4831",NA,43,"Frying Pan Mountain","Ozone","Haywood",35.379167,-82.7925
"4832",NA,42,"Frying Pan Mountain","Ozone","Haywood",35.379167,-82.7925
"4833",NA,43,"Frying Pan Mountain","Ozone","Haywood",35.379167,-82.7925
"4834",NA,43,"Frying Pan Mountain","Ozone","Haywood",35.379167,-82.7925
"4835",2-01-20,44,"Frying Pan Mountain","Ozone","Haywood",35.379167,-82.7925
"4836",2-02-20,47,"Frying Pan Mountain","Ozone","Haywood",35.379167,-82.7925
"4837",2-03-20,46,"Frying Pan Mountain","Ozone","Haywood",35.379167,-82.7925
"4838",2-04-20,44,"Frying Pan Mountain","Ozone","Haywood",35.379167,-82.7925
"4839",2-05-20,37,"Frying Pan Mountain","Ozone","Haywood",35.379167,-82.7925
"4840",2-06-20,36,"Frying Pan Mountain","Ozone","Haywood",35.379167,-82.7925
"4841",2-07-20,34,"Frying Pan Mountain","Ozone","Haywood",35.379167,-82.7925
"4842",2-08-20,44,"Frying Pan Mountain","Ozone","Haywood",35.379167,-82.7925
"4843",2-09-20,46,"Frying Pan Mountain","Ozone","Haywood",35.379167,-82.7925
"4844",2-10-20,44,"Frying Pan Mountain","Ozone","Haywood",35.379167,-82.7925
"4845",2-11-20,34,"Frying Pan Mountain","Ozone","Haywood",35.379167,-82.7925
"4846",2-12-20,45,"Frying Pan Mountain","Ozone","Haywood",35.379167,-82.7925
"4847",NA,46,"Frying Pan Mountain","Ozone","Haywood",35.379167,-82.7925
"4848",NA,40,"Frying Pan Mountain","Ozone","Haywood",35.379167,-82.7925
"4849",NA,30,"Frying Pan Mountain","Ozone","Haywood",35.379167,-82.7925
"4850",NA,41,"Frying Pan Mountain","Ozone","Haywood",35.379167,-82.7925
"4851",NA,34,"Frying Pan Mountain","Ozone","Haywood",35.379167,-82.7925
"4852",NA,44,"Frying Pan Mountain","Ozone","Haywood",35.379167,-82.7925
"4853",NA,45,"Frying Pan Mountain","Ozone","Haywood",35.379167,-82.7925
"4854",NA,44,"Frying Pan Mountain","Ozone","Haywood",35.379167,-82.7925
"4855",NA,44,"Frying Pan Mountain","Ozone","Haywood",35.379167,-82.7925
"4856",3-01-20,39,"Frying Pan Mountain","Ozone","Haywood",35.379167,-82.7925
"4857",3-02-20,41,"Frying Pan Mountain","Ozone","Haywood",35.379167,-82.7925
"4858",3-03-20,34,"Frying Pan Mountain","Ozone","Haywood",35.379167,-82.7925
"4859",3-04-20,38,"Frying Pan Mountain","Ozone","Haywood",35.379167,-82.7925
"4860",3-05-20,42,"Frying Pan Mountain","Ozone","Haywood",35.379167,-82.7925
"4861",3-06-20,46,"Frying Pan Mountain","Ozone","Haywood",35.379167,-82.7925
"4862",3-07-20,47,"Frying Pan Mountain","Ozone","Haywood",35.379167,-82.7925
"4863",3-08-20,44,"Frying Pan Mountain","Ozone","Haywood",35.379167,-82.7925
"4864",3-09-20,34,"Frying Pan Mountain","Ozone","Haywood",35.379167,-82.7925
"4865",3-10-20,48,"Frying Pan Mountain","Ozone","Haywood",35.379167,-82.7925
"4866",3-11-20,45,"Frying Pan Mountain","Ozone","Haywood",35.379167,-82.7925
"4867",3-12-20,48,"Frying Pan Mountain","Ozone","Haywood",35.379167,-82.7925
"4868",NA,54,"Frying Pan Mountain","Ozone","Haywood",35.379167,-82.7925
"4869",NA,41,"Frying Pan Mountain","Ozone","Haywood",35.379167,-82.7925
"4870",NA,47,"Frying Pan Mountain","Ozone","Haywood",35.379167,-82.7925
"4871",NA,47,"Frying Pan Mountain","Ozone","Haywood",35.379167,-82.7925
"4872",NA,48,"Frying Pan Mountain","Ozone","Haywood",35.379167,-82.7925
"4873",NA,48,"Frying Pan Mountain","Ozone","Haywood",35.379167,-82.7925
"4874",NA,51,"Frying Pan Mountain","Ozone","Haywood",35.379167,-82.7925
"4875",NA,71,"Frying Pan Mountain","Ozone","Haywood",35.379167,-82.7925
"4876",NA,74,"Frying Pan Mountain","Ozone","Haywood",35.379167,-82.7925
"4877",NA,49,"Frying Pan Mountain","Ozone","Haywood",35.379167,-82.7925
"4878",NA,71,"Frying Pan Mountain","Ozone","Haywood",35.379167,-82.7925
"4879",NA,87,"Frying Pan Mountain","Ozone","Haywood",35.379167,-82.7925
"4880",NA,50,"Frying Pan Mountain","Ozone","Haywood",35.379167,-82.7925
"4881",NA,43,"Frying Pan Mountain","Ozone","Haywood",35.379167,-82.7925
"4882",NA,49,"Frying Pan Mountain","Ozone","Haywood",35.379167,-82.7925
"4883",NA,61,"Frying Pan Mountain","Ozone","Haywood",35.379167,-82.7925
"4884",NA,64,"Frying Pan Mountain","Ozone","Haywood",35.379167,-82.7925
"4885",NA,51,"Frying Pan Mountain","Ozone","Haywood",35.379167,-82.7925
"4886",NA,45,"Frying Pan Mountain","Ozone","Haywood",35.379167,-82.7925
"4887",4-01-20,50,"Frying Pan Mountain","Ozone","Haywood",35.379167,-82.7925
"4888",4-02-20,61,"Frying Pan Mountain","Ozone","Haywood",35.379167,-82.7925
"4889",4-03-20,67,"Frying Pan Mountain","Ozone","Haywood",35.379167,-82.7925
"4890",4-04-20,67,"Frying Pan Mountain","Ozone","Haywood",35.379167,-82.7925
"4891",4-05-20,44,"Frying Pan Mountain","Ozone","Haywood",35.379167,-82.7925
"4892",4-06-20,43,"Frying Pan Mountain","Ozone","Haywood",35.379167,-82.7925
"4893",4-07-20,43,"Frying Pan Mountain","Ozone","Haywood",35.379167,-82.7925
"4894",4-08-20,40,"Frying Pan Mountain","Ozone","Haywood",35.379167,-82.7925
"4895",4-09-20,47,"Frying Pan Mountain","Ozone","Haywood",35.379167,-82.7925
"4896",4-10-20,54,"Frying Pan Mountain","Ozone","Haywood",35.379167,-82.7925
"4897",4-11-20,58,"Frying Pan Mountain","Ozone","Haywood",35.379167,-82.7925
"4898",4-12-20,48,"Frying Pan Mountain","Ozone","Haywood",35.379167,-82.7925
"4899",NA,43,"Frying Pan Mountain","Ozone","Haywood",35.379167,-82.7925
"4900",NA,45,"Frying Pan Mountain","Ozone","Haywood",35.379167,-82.7925
"4901",NA,64,"Frying Pan Mountain","Ozone","Haywood",35.379167,-82.7925
"4902",NA,64,"Frying Pan Mountain","Ozone","Haywood",35.379167,-82.7925
"4903",NA,93,"Frying Pan Mountain","Ozone","Haywood",35.379167,-82.7925
"4904",NA,48,"Frying Pan Mountain","Ozone","Haywood",35.379167,-82.7925
"4905",NA,43,"Frying Pan Mountain","Ozone","Haywood",35.379167,-82.7925
"4906",NA,34,"Frying Pan Mountain","Ozone","Haywood",35.379167,-82.7925
"4907",NA,49,"Frying Pan Mountain","Ozone","Haywood",35.379167,-82.7925
"4908",NA,49,"Frying Pan Mountain","Ozone","Haywood",35.379167,-82.7925
"4909",NA,48,"Frying Pan Mountain","Ozone","Haywood",35.379167,-82.7925
"4910",NA,49,"Frying Pan Mountain","Ozone","Haywood",35.379167,-82.7925
"4911",NA,49,"Frying Pan Mountain","Ozone","Haywood",35.379167,-82.7925
"4912",NA,61,"Frying Pan Mountain","Ozone","Haywood",35.379167,-82.7925
"4913",NA,64,"Frying Pan Mountain","Ozone","Haywood",35.379167,-82.7925
"4914",NA,64,"Frying Pan Mountain","Ozone","Haywood",35.379167,-82.7925
"4915",NA,51,"Frying Pan Mountain","Ozone","Haywood",35.379167,-82.7925
"4916",NA,50,"Frying Pan Mountain","Ozone","Haywood",35.379167,-82.7925
"4917",5-01-20,34,"Frying Pan Mountain","Ozone","Haywood",35.379167,-82.7925
"4918",5-02-20,41,"Frying Pan Mountain","Ozone","Haywood",35.379167,-82.7925
"4919",5-03-20,47,"Frying Pan Mountain","Ozone","Haywood",35.379167,-82.7925
"4920",5-04-20,42,"Frying Pan Mountain","Ozone","Haywood",35.379167,-82.7925
"4921",5-05-20,41,"Frying Pan Mountain","Ozone","Haywood",35.379167,-82.7925
"4922",5-06-20,39,"Frying Pan Mountain","Ozone","Haywood",35.379167,-82.7925
"4923",5-07-20,47,"Frying Pan Mountain","Ozone","Haywood",35.379167,-82.7925
"4924",5-08-20,43,"Frying Pan Mountain","Ozone","Haywood",35.379167,-82.7925
"4925",5-09-20,44,"Frying Pan Mountain","Ozone","Haywood",35.379167,-82.7925
"4926",5-10-20,41,"Frying Pan Mountain","Ozone","Haywood",35.379167,-82.7925
"4927",5-11-20,39,"Frying Pan Mountain","Ozone","Haywood",35.379167,-82.7925
"4928",5-12-20,39,"Frying Pan Mountain","Ozone","Haywood",35.379167,-82.7925
"4929",NA,40,"Frying Pan Mountain","Ozone","Haywood",35.379167,-82.7925
"4930",NA,49,"Frying Pan Mountain","Ozone","Haywood",35.379167,-82.7925
"4931",NA,51,"Frying Pan Mountain","Ozone","Haywood",35.379167,-82.7925
"4932",NA,54,"Frying Pan Mountain","Ozone","Haywood",35.379167,-82.7925
"4933",NA,58,"Frying Pan Mountain","Ozone","Haywood",35.379167,-82.7925
"4934",NA,54,"Frying Pan Mountain","Ozone","Haywood",35.379167,-82.7925
"4935",NA,49,"Frying Pan Mountain","Ozone","Haywood",35.379167,-82.7925
"4936",NA,48,"Frying Pan Mountain","Ozone","Haywood",35.379167,-82.7925
"4937",NA,67,"Frying Pan Mountain","Ozone","Haywood",35.379167,-82.7925
"4938",NA,40,"Frying Pan Mountain","Ozone","Haywood",35.379167,-82.7925
"4939",NA,43,"Frying Pan Mountain","Ozone","Haywood",35.379167,-82.7925
"4940",NA,47,"Frying Pan Mountain","Ozone","Haywood",35.379167,-82.7925
"4941",NA,43,"Frying Pan Mountain","Ozone","Haywood",35.379167,-82.7925
"4942",NA,46,"Frying Pan Mountain","Ozone","Haywood",35.379167,-82.7925
"4943",NA,44,"Frying Pan Mountain","Ozone","Haywood",35.379167,-82.7925
"4944",NA,41,"Frying Pan Mountain","Ozone","Haywood",35.379167,-82.7925
"4945",NA,46,"Frying Pan Mountain","Ozone","Haywood",35.379167,-82.7925
"4946",NA,44,"Frying Pan Mountain","Ozone","Haywood",35.379167,-82.7925
"4947",NA,50,"Frying Pan Mountain","Ozone","Haywood",35.379167,-82.7925
"4948",6-01-20,64,"Frying Pan Mountain","Ozone","Haywood",35.379167,-82.7925
"4949",6-02-20,54,"Frying Pan Mountain","Ozone","Haywood",35.379167,-82.7925
"4950",6-03-20,51,"Frying Pan Mountain","Ozone","Haywood",35.379167,-82.7925
"4951",6-04-20,61,"Frying Pan Mountain","Ozone","Haywood",35.379167,-82.7925
"4952",6-05-20,51,"Frying Pan Mountain","Ozone","Haywood",35.379167,-82.7925
"4953",6-06-20,36,"Frying Pan Mountain","Ozone","Haywood",35.379167,-82.7925
"4954",6-07-20,36,"Frying Pan Mountain","Ozone","Haywood",35.379167,-82.7925
"4955",6-08-20,42,"Frying Pan Mountain","Ozone","Haywood",35.379167,-82.7925
"4956",6-09-20,34,"Frying Pan Mountain","Ozone","Haywood",35.379167,-82.7925
"4957",6-10-20,39,"Frying Pan Mountain","Ozone","Haywood",35.379167,-82.7925
"4958",6-11-20,44,"Frying Pan Mountain","Ozone","Haywood",35.379167,-82.7925
"4959",6-12-20,43,"Frying Pan Mountain","Ozone","Haywood",35.379167,-82.7925
"4960",NA,45,"Frying Pan Mountain","Ozone","Haywood",35.379167,-82.7925
"4961",NA,46,"Frying Pan Mountain","Ozone","Haywood",35.379167,-82.7925
"4962",NA,47,"Frying Pan Mountain","Ozone","Haywood",35.379167,-82.7925
"4963",NA,40,"Frying Pan Mountain","Ozone","Haywood",35.379167,-82.7925
"4964",NA,36,"Frying Pan Mountain","Ozone","Haywood",35.379167,-82.7925
"4965",NA,30,"Frying Pan Mountain","Ozone","Haywood",35.379167,-82.7925
"4966",NA,45,"Frying Pan Mountain","Ozone","Haywood",35.379167,-82.7925
"4967",NA,48,"Frying Pan Mountain","Ozone","Haywood",35.379167,-82.7925
"4968",NA,47,"Frying Pan Mountain","Ozone","Haywood",35.379167,-82.7925
"4969",NA,39,"Frying Pan Mountain","Ozone","Haywood",35.379167,-82.7925
"4970",NA,34,"Frying Pan Mountain","Ozone","Haywood",35.379167,-82.7925
"4971",NA,44,"Frying Pan Mountain","Ozone","Haywood",35.379167,-82.7925
"4972",NA,45,"Frying Pan Mountain","Ozone","Haywood",35.379167,-82.7925
"4973",NA,47,"Frying Pan Mountain","Ozone","Haywood",35.379167,-82.7925
"4974",NA,51,"Frying Pan Mountain","Ozone","Haywood",35.379167,-82.7925
"4975",NA,51,"Frying Pan Mountain","Ozone","Haywood",35.379167,-82.7925
"4976",NA,50,"Frying Pan Mountain","Ozone","Haywood",35.379167,-82.7925
"4977",NA,47,"Frying Pan Mountain","Ozone","Haywood",35.379167,-82.7925
"4978",7-01-20,51,"Frying Pan Mountain","Ozone","Haywood",35.379167,-82.7925
"4979",7-02-20,46,"Frying Pan Mountain","Ozone","Haywood",35.379167,-82.7925
"4980",7-03-20,44,"Frying Pan Mountain","Ozone","Haywood",35.379167,-82.7925
"4981",7-04-20,42,"Frying Pan Mountain","Ozone","Haywood",35.379167,-82.7925
"4982",7-05-20,33,"Frying Pan Mountain","Ozone","Haywood",35.379167,-82.7925
"4983",7-06-20,31,"Frying Pan Mountain","Ozone","Haywood",35.379167,-82.7925
"4984",7-07-20,37,"Frying Pan Mountain","Ozone","Haywood",35.379167,-82.7925
"4985",7-08-20,43,"Frying Pan Mountain","Ozone","Haywood",35.379167,-82.7925
"4986",7-09-20,35,"Frying Pan Mountain","Ozone","Haywood",35.379167,-82.7925
"4987",7-10-20,38,"Frying Pan Mountain","Ozone","Haywood",35.379167,-82.7925
"4988",7-11-20,37,"Frying Pan Mountain","Ozone","Haywood",35.379167,-82.7925
"4989",7-12-20,39,"Frying Pan Mountain","Ozone","Haywood",35.379167,-82.7925
"4990",NA,30,"Frying Pan Mountain","Ozone","Haywood",35.379167,-82.7925
"4991",NA,32,"Frying Pan Mountain","Ozone","Haywood",35.379167,-82.7925
"4992",NA,29,"Frying Pan Mountain","Ozone","Haywood",35.379167,-82.7925
"4993",NA,31,"Frying Pan Mountain","Ozone","Haywood",35.379167,-82.7925
"4994",NA,29,"Frying Pan Mountain","Ozone","Haywood",35.379167,-82.7925
"4995",NA,39,"Frying Pan Mountain","Ozone","Haywood",35.379167,-82.7925
"4996",NA,34,"Frying Pan Mountain","Ozone","Haywood",35.379167,-82.7925
"4997",NA,43,"Frying Pan Mountain","Ozone","Haywood",35.379167,-82.7925
"4998",NA,32,"Frying Pan Mountain","Ozone","Haywood",35.379167,-82.7925
"4999",NA,31,"Frying Pan Mountain","Ozone","Haywood",35.379167,-82.7925
"5000",NA,31,"Frying Pan Mountain","Ozone","Haywood",35.379167,-82.7925
"5001",NA,44,"Frying Pan Mountain","Ozone","Haywood",35.379167,-82.7925
"5002",NA,45,"Frying Pan Mountain","Ozone","Haywood",35.379167,-82.7925
"5003",NA,54,"Frying Pan Mountain","Ozone","Haywood",35.379167,-82.7925
"5004",NA,84,"Frying Pan Mountain","Ozone","Haywood",35.379167,-82.7925
"5005",NA,50,"Frying Pan Mountain","Ozone","Haywood",35.379167,-82.7925
"5006",NA,54,"Frying Pan Mountain","Ozone","Haywood",35.379167,-82.7925
"5007",NA,47,"Frying Pan Mountain","Ozone","Haywood",35.379167,-82.7925
"5008",NA,44,"Frying Pan Mountain","Ozone","Haywood",35.379167,-82.7925
"5009",8-01-20,44,"Frying Pan Mountain","Ozone","Haywood",35.379167,-82.7925
"5010",8-02-20,42,"Frying Pan Mountain","Ozone","Haywood",35.379167,-82.7925
"5011",8-03-20,43,"Frying Pan Mountain","Ozone","Haywood",35.379167,-82.7925
"5012",8-04-20,47,"Frying Pan Mountain","Ozone","Haywood",35.379167,-82.7925
"5013",8-05-20,46,"Frying Pan Mountain","Ozone","Haywood",35.379167,-82.7925
"5014",8-06-20,45,"Frying Pan Mountain","Ozone","Haywood",35.379167,-82.7925
"5015",8-07-20,44,"Frying Pan Mountain","Ozone","Haywood",35.379167,-82.7925
"5016",8-08-20,50,"Frying Pan Mountain","Ozone","Haywood",35.379167,-82.7925
"5017",8-09-20,46,"Frying Pan Mountain","Ozone","Haywood",35.379167,-82.7925
"5018",8-10-20,41,"Frying Pan Mountain","Ozone","Haywood",35.379167,-82.7925
"5019",8-11-20,31,"Frying Pan Mountain","Ozone","Haywood",35.379167,-82.7925
"5020",8-12-20,41,"Frying Pan Mountain","Ozone","Haywood",35.379167,-82.7925
"5021",NA,45,"Frying Pan Mountain","Ozone","Haywood",35.379167,-82.7925
"5022",NA,42,"Frying Pan Mountain","Ozone","Haywood",35.379167,-82.7925
"5023",NA,51,"Frying Pan Mountain","Ozone","Haywood",35.379167,-82.7925
"5024",NA,47,"Frying Pan Mountain","Ozone","Haywood",35.379167,-82.7925
"5025",NA,44,"Frying Pan Mountain","Ozone","Haywood",35.379167,-82.7925
"5026",NA,50,"Frying Pan Mountain","Ozone","Haywood",35.379167,-82.7925
"5027",NA,47,"Frying Pan Mountain","Ozone","Haywood",35.379167,-82.7925
"5028",NA,44,"Frying Pan Mountain","Ozone","Haywood",35.379167,-82.7925
"5029",NA,44,"Frying Pan Mountain","Ozone","Haywood",35.379167,-82.7925
"5030",NA,36,"Frying Pan Mountain","Ozone","Haywood",35.379167,-82.7925
"5031",NA,30,"Frying Pan Mountain","Ozone","Haywood",35.379167,-82.7925
"5032",NA,31,"Frying Pan Mountain","Ozone","Haywood",35.379167,-82.7925
"5033",NA,30,"Frying Pan Mountain","Ozone","Haywood",35.379167,-82.7925
"5034",NA,29,"Frying Pan Mountain","Ozone","Haywood",35.379167,-82.7925
"5035",NA,31,"Frying Pan Mountain","Ozone","Haywood",35.379167,-82.7925
"5036",NA,41,"Frying Pan Mountain","Ozone","Haywood",35.379167,-82.7925
"5037",NA,45,"Frying Pan Mountain","Ozone","Haywood",35.379167,-82.7925
"5038",NA,64,"Frying Pan Mountain","Ozone","Haywood",35.379167,-82.7925
"5039",NA,67,"Frying Pan Mountain","Ozone","Haywood",35.379167,-82.7925
"5040",9-01-20,43,"Frying Pan Mountain","Ozone","Haywood",35.379167,-82.7925
"5041",9-02-20,44,"Frying Pan Mountain","Ozone","Haywood",35.379167,-82.7925
"5042",9-03-20,44,"Frying Pan Mountain","Ozone","Haywood",35.379167,-82.7925
"5043",9-04-20,44,"Frying Pan Mountain","Ozone","Haywood",35.379167,-82.7925
"5044",9-05-20,44,"Frying Pan Mountain","Ozone","Haywood",35.379167,-82.7925
"5045",9-06-20,51,"Frying Pan Mountain","Ozone","Haywood",35.379167,-82.7925
"5046",9-07-20,48,"Frying Pan Mountain","Ozone","Haywood",35.379167,-82.7925
"5047",9-08-20,44,"Frying Pan Mountain","Ozone","Haywood",35.379167,-82.7925
"5048",9-09-20,67,"Frying Pan Mountain","Ozone","Haywood",35.379167,-82.7925
"5049",9-10-20,47,"Frying Pan Mountain","Ozone","Haywood",35.379167,-82.7925
"5050",9-11-20,71,"Frying Pan Mountain","Ozone","Haywood",35.379167,-82.7925
"5051",9-12-20,58,"Frying Pan Mountain","Ozone","Haywood",35.379167,-82.7925
"5052",NA,45,"Frying Pan Mountain","Ozone","Haywood",35.379167,-82.7925
"5053",NA,48,"Frying Pan Mountain","Ozone","Haywood",35.379167,-82.7925
"5054",NA,47,"Frying Pan Mountain","Ozone","Haywood",35.379167,-82.7925
"5055",NA,64,"Frying Pan Mountain","Ozone","Haywood",35.379167,-82.7925
"5056",NA,50,"Frying Pan Mountain","Ozone","Haywood",35.379167,-82.7925
"5057",NA,36,"Frying Pan Mountain","Ozone","Haywood",35.379167,-82.7925
"5058",NA,42,"Frying Pan Mountain","Ozone","Haywood",35.379167,-82.7925
"5059",NA,49,"Frying Pan Mountain","Ozone","Haywood",35.379167,-82.7925
"5060",NA,49,"Frying Pan Mountain","Ozone","Haywood",35.379167,-82.7925
"5061",NA,44,"Frying Pan Mountain","Ozone","Haywood",35.379167,-82.7925
"5062",NA,39,"Frying Pan Mountain","Ozone","Haywood",35.379167,-82.7925
"5063",NA,46,"Frying Pan Mountain","Ozone","Haywood",35.379167,-82.7925
"5064",NA,51,"Frying Pan Mountain","Ozone","Haywood",35.379167,-82.7925
"5065",NA,40,"Frying Pan Mountain","Ozone","Haywood",35.379167,-82.7925
"5066",NA,42,"Frying Pan Mountain","Ozone","Haywood",35.379167,-82.7925
"5067",NA,43,"Frying Pan Mountain","Ozone","Haywood",35.379167,-82.7925
"5068",NA,46,"Frying Pan Mountain","Ozone","Haywood",35.379167,-82.7925
"5069",10-01-20,50,"Frying Pan Mountain","Ozone","Haywood",35.379167,-82.7925
"5070",10-02-20,71,"Frying Pan Mountain","Ozone","Haywood",35.379167,-82.7925
"5071",10-03-20,67,"Frying Pan Mountain","Ozone","Haywood",35.379167,-82.7925
"5072",10-04-20,58,"Frying Pan Mountain","Ozone","Haywood",35.379167,-82.7925
"5073",10-05-20,40,"Frying Pan Mountain","Ozone","Haywood",35.379167,-82.7925
"5074",10-06-20,34,"Frying Pan Mountain","Ozone","Haywood",35.379167,-82.7925
"5075",10-07-20,35,"Frying Pan Mountain","Ozone","Haywood",35.379167,-82.7925
"5076",10-08-20,36,"Frying Pan Mountain","Ozone","Haywood",35.379167,-82.7925
"5077",10-09-20,31,"Frying Pan Mountain","Ozone","Haywood",35.379167,-82.7925
"5078",10-10-20,41,"Frying Pan Mountain","Ozone","Haywood",35.379167,-82.7925
"5079",10-11-20,43,"Frying Pan Mountain","Ozone","Haywood",35.379167,-82.7925
"5080",10-12-20,43,"Frying Pan Mountain","Ozone","Haywood",35.379167,-82.7925
"5081",NA,46,"Frying Pan Mountain","Ozone","Haywood",35.379167,-82.7925
"5082",NA,46,"Frying Pan Mountain","Ozone","Haywood",35.379167,-82.7925
"5083",NA,44,"Frying Pan Mountain","Ozone","Haywood",35.379167,-82.7925
"5084",NA,37,"Frying Pan Mountain","Ozone","Haywood",35.379167,-82.7925
"5085",NA,38,"Frying Pan Mountain","Ozone","Haywood",35.379167,-82.7925
"5086",NA,43,"Frying Pan Mountain","Ozone","Haywood",35.379167,-82.7925
"5087",NA,41,"Frying Pan Mountain","Ozone","Haywood",35.379167,-82.7925
"5088",NA,39,"Frying Pan Mountain","Ozone","Haywood",35.379167,-82.7925
"5089",NA,29,"Frying Pan Mountain","Ozone","Haywood",35.379167,-82.7925
"5090",NA,40,"Frying Pan Mountain","Ozone","Haywood",35.379167,-82.7925
"5091",NA,39,"Frying Pan Mountain","Ozone","Haywood",35.379167,-82.7925
"5092",NA,44,"Frying Pan Mountain","Ozone","Haywood",35.379167,-82.7925
"5093",NA,41,"Frying Pan Mountain","Ozone","Haywood",35.379167,-82.7925
"5094",NA,38,"Frying Pan Mountain","Ozone","Haywood",35.379167,-82.7925
"5095",NA,47,"Frying Pan Mountain","Ozone","Haywood",35.379167,-82.7925
"5096",NA,39,"Frying Pan Mountain","Ozone","Haywood",35.379167,-82.7925
"5097",NA,42,"Frying Pan Mountain","Ozone","Haywood",35.379167,-82.7925
"5098",NA,28,"Frying Pan Mountain","Ozone","Haywood",35.379167,-82.7925
"5099",NA,31,"Frying Pan Mountain","Ozone","Haywood",35.379167,-82.7925
"5100",1-01-20,46,"Purchase Knob","Ozone","Haywood",35.587144,-83.074156
"5101",1-02-20,43,"Purchase Knob","Ozone","Haywood",35.587144,-83.074156
"5102",1-03-20,36,"Purchase Knob","Ozone","Haywood",35.587144,-83.074156
"5103",1-04-20,32,"Purchase Knob","Ozone","Haywood",35.587144,-83.074156
"5104",1-05-20,40,"Purchase Knob","Ozone","Haywood",35.587144,-83.074156
"5105",1-06-20,40,"Purchase Knob","Ozone","Haywood",35.587144,-83.074156
"5106",1-07-20,38,"Purchase Knob","Ozone","Haywood",35.587144,-83.074156
"5107",1-08-20,41,"Purchase Knob","Ozone","Haywood",35.587144,-83.074156
"5108",1-09-20,38,"Purchase Knob","Ozone","Haywood",35.587144,-83.074156
"5109",1-10-20,46,"Purchase Knob","Ozone","Haywood",35.587144,-83.074156
"5110",1-11-20,47,"Purchase Knob","Ozone","Haywood",35.587144,-83.074156
"5111",1-12-20,34,"Purchase Knob","Ozone","Haywood",35.587144,-83.074156
"5112",NA,31,"Purchase Knob","Ozone","Haywood",35.587144,-83.074156
"5113",NA,29,"Purchase Knob","Ozone","Haywood",35.587144,-83.074156
"5114",NA,44,"Purchase Knob","Ozone","Haywood",35.587144,-83.074156
"5115",NA,44,"Purchase Knob","Ozone","Haywood",35.587144,-83.074156
"5116",NA,42,"Purchase Knob","Ozone","Haywood",35.587144,-83.074156
"5117",NA,29,"Purchase Knob","Ozone","Haywood",35.587144,-83.074156
"5118",NA,35,"Purchase Knob","Ozone","Haywood",35.587144,-83.074156
"5119",NA,41,"Purchase Knob","Ozone","Haywood",35.587144,-83.074156
"5120",NA,42,"Purchase Knob","Ozone","Haywood",35.587144,-83.074156
"5121",NA,33,"Purchase Knob","Ozone","Haywood",35.587144,-83.074156
"5122",NA,42,"Purchase Knob","Ozone","Haywood",35.587144,-83.074156
"5123",NA,42,"Purchase Knob","Ozone","Haywood",35.587144,-83.074156
"5124",NA,40,"Purchase Knob","Ozone","Haywood",35.587144,-83.074156
"5125",NA,42,"Purchase Knob","Ozone","Haywood",35.587144,-83.074156
"5126",NA,40,"Purchase Knob","Ozone","Haywood",35.587144,-83.074156
"5127",NA,43,"Purchase Knob","Ozone","Haywood",35.587144,-83.074156
"5128",NA,41,"Purchase Knob","Ozone","Haywood",35.587144,-83.074156
"5129",2-01-20,43,"Purchase Knob","Ozone","Haywood",35.587144,-83.074156
"5130",2-02-20,46,"Purchase Knob","Ozone","Haywood",35.587144,-83.074156
"5131",2-03-20,46,"Purchase Knob","Ozone","Haywood",35.587144,-83.074156
"5132",2-04-20,43,"Purchase Knob","Ozone","Haywood",35.587144,-83.074156
"5133",2-05-20,33,"Purchase Knob","Ozone","Haywood",35.587144,-83.074156
"5134",2-06-20,30,"Purchase Knob","Ozone","Haywood",35.587144,-83.074156
"5135",2-07-20,33,"Purchase Knob","Ozone","Haywood",35.587144,-83.074156
"5136",2-08-20,43,"Purchase Knob","Ozone","Haywood",35.587144,-83.074156
"5137",2-09-20,46,"Purchase Knob","Ozone","Haywood",35.587144,-83.074156
"5138",2-10-20,43,"Purchase Knob","Ozone","Haywood",35.587144,-83.074156
"5139",2-11-20,33,"Purchase Knob","Ozone","Haywood",35.587144,-83.074156
"5140",2-12-20,43,"Purchase Knob","Ozone","Haywood",35.587144,-83.074156
"5141",NA,46,"Purchase Knob","Ozone","Haywood",35.587144,-83.074156
"5142",NA,34,"Purchase Knob","Ozone","Haywood",35.587144,-83.074156
"5143",NA,39,"Purchase Knob","Ozone","Haywood",35.587144,-83.074156
"5144",NA,45,"Purchase Knob","Ozone","Haywood",35.587144,-83.074156
"5145",NA,46,"Purchase Knob","Ozone","Haywood",35.587144,-83.074156
"5146",NA,39,"Purchase Knob","Ozone","Haywood",35.587144,-83.074156
"5147",NA,29,"Purchase Knob","Ozone","Haywood",35.587144,-83.074156
"5148",NA,36,"Purchase Knob","Ozone","Haywood",35.587144,-83.074156
"5149",NA,27,"Purchase Knob","Ozone","Haywood",35.587144,-83.074156
"5150",NA,44,"Purchase Knob","Ozone","Haywood",35.587144,-83.074156
"5151",NA,44,"Purchase Knob","Ozone","Haywood",35.587144,-83.074156
"5152",NA,44,"Purchase Knob","Ozone","Haywood",35.587144,-83.074156
"5153",NA,44,"Purchase Knob","Ozone","Haywood",35.587144,-83.074156
"5154",NA,44,"Purchase Knob","Ozone","Haywood",35.587144,-83.074156
"5155",3-01-20,35,"Purchase Knob","Ozone","Haywood",35.587144,-83.074156
"5156",3-02-20,35,"Purchase Knob","Ozone","Haywood",35.587144,-83.074156
"5157",3-03-20,32,"Purchase Knob","Ozone","Haywood",35.587144,-83.074156
"5158",3-04-20,35,"Purchase Knob","Ozone","Haywood",35.587144,-83.074156
"5159",3-05-20,42,"Purchase Knob","Ozone","Haywood",35.587144,-83.074156
"5160",3-06-20,44,"Purchase Knob","Ozone","Haywood",35.587144,-83.074156
"5161",3-07-20,44,"Purchase Knob","Ozone","Haywood",35.587144,-83.074156
"5162",3-08-20,44,"Purchase Knob","Ozone","Haywood",35.587144,-83.074156
"5163",3-09-20,37,"Purchase Knob","Ozone","Haywood",35.587144,-83.074156
"5164",3-10-20,46,"Purchase Knob","Ozone","Haywood",35.587144,-83.074156
"5165",3-11-20,44,"Purchase Knob","Ozone","Haywood",35.587144,-83.074156
"5166",3-12-20,49,"Purchase Knob","Ozone","Haywood",35.587144,-83.074156
"5167",NA,51,"Purchase Knob","Ozone","Haywood",35.587144,-83.074156
"5168",NA,40,"Purchase Knob","Ozone","Haywood",35.587144,-83.074156
"5169",NA,44,"Purchase Knob","Ozone","Haywood",35.587144,-83.074156
"5170",NA,45,"Purchase Knob","Ozone","Haywood",35.587144,-83.074156
"5171",NA,48,"Purchase Knob","Ozone","Haywood",35.587144,-83.074156
"5172",NA,46,"Purchase Knob","Ozone","Haywood",35.587144,-83.074156
"5173",NA,50,"Purchase Knob","Ozone","Haywood",35.587144,-83.074156
"5174",NA,67,"Purchase Knob","Ozone","Haywood",35.587144,-83.074156
"5175",NA,64,"Purchase Knob","Ozone","Haywood",35.587144,-83.074156
"5176",NA,48,"Purchase Knob","Ozone","Haywood",35.587144,-83.074156
"5177",NA,61,"Purchase Knob","Ozone","Haywood",35.587144,-83.074156
"5178",NA,80,"Purchase Knob","Ozone","Haywood",35.587144,-83.074156
"5179",NA,48,"Purchase Knob","Ozone","Haywood",35.587144,-83.074156
"5180",NA,44,"Purchase Knob","Ozone","Haywood",35.587144,-83.074156
"5181",NA,46,"Purchase Knob","Ozone","Haywood",35.587144,-83.074156
"5182",NA,51,"Purchase Knob","Ozone","Haywood",35.587144,-83.074156
"5183",NA,58,"Purchase Knob","Ozone","Haywood",35.587144,-83.074156
"5184",NA,51,"Purchase Knob","Ozone","Haywood",35.587144,-83.074156
"5185",NA,44,"Purchase Knob","Ozone","Haywood",35.587144,-83.074156
"5186",4-01-20,48,"Purchase Knob","Ozone","Haywood",35.587144,-83.074156
"5187",4-02-20,54,"Purchase Knob","Ozone","Haywood",35.587144,-83.074156
"5188",4-03-20,58,"Purchase Knob","Ozone","Haywood",35.587144,-83.074156
"5189",4-04-20,61,"Purchase Knob","Ozone","Haywood",35.587144,-83.074156
"5190",4-05-20,42,"Purchase Knob","Ozone","Haywood",35.587144,-83.074156
"5191",4-06-20,44,"Purchase Knob","Ozone","Haywood",35.587144,-83.074156
"5192",4-07-20,46,"Purchase Knob","Ozone","Haywood",35.587144,-83.074156
"5193",4-08-20,36,"Purchase Knob","Ozone","Haywood",35.587144,-83.074156
"5194",4-09-20,47,"Purchase Knob","Ozone","Haywood",35.587144,-83.074156
"5195",4-10-20,47,"Purchase Knob","Ozone","Haywood",35.587144,-83.074156
"5196",4-11-20,51,"Purchase Knob","Ozone","Haywood",35.587144,-83.074156
"5197",4-12-20,44,"Purchase Knob","Ozone","Haywood",35.587144,-83.074156
"5198",NA,41,"Purchase Knob","Ozone","Haywood",35.587144,-83.074156
"5199",NA,61,"Purchase Knob","Ozone","Haywood",35.587144,-83.074156
"5200",NA,74,"Purchase Knob","Ozone","Haywood",35.587144,-83.074156
"5201",NA,51,"Purchase Knob","Ozone","Haywood",35.587144,-83.074156
"5202",NA,43,"Purchase Knob","Ozone","Haywood",35.587144,-83.074156
"5203",NA,32,"Purchase Knob","Ozone","Haywood",35.587144,-83.074156
"5204",NA,49,"Purchase Knob","Ozone","Haywood",35.587144,-83.074156
"5205",NA,44,"Purchase Knob","Ozone","Haywood",35.587144,-83.074156
"5206",NA,46,"Purchase Knob","Ozone","Haywood",35.587144,-83.074156
"5207",NA,47,"Purchase Knob","Ozone","Haywood",35.587144,-83.074156
"5208",NA,45,"Purchase Knob","Ozone","Haywood",35.587144,-83.074156
"5209",NA,61,"Purchase Knob","Ozone","Haywood",35.587144,-83.074156
"5210",NA,61,"Purchase Knob","Ozone","Haywood",35.587144,-83.074156
"5211",NA,49,"Purchase Knob","Ozone","Haywood",35.587144,-83.074156
"5212",NA,49,"Purchase Knob","Ozone","Haywood",35.587144,-83.074156
"5213",5-01-20,41,"Purchase Knob","Ozone","Haywood",35.587144,-83.074156
"5214",5-02-20,40,"Purchase Knob","Ozone","Haywood",35.587144,-83.074156
"5215",5-03-20,37,"Purchase Knob","Ozone","Haywood",35.587144,-83.074156
"5216",5-04-20,41,"Purchase Knob","Ozone","Haywood",35.587144,-83.074156
"5217",5-05-20,38,"Purchase Knob","Ozone","Haywood",35.587144,-83.074156
"5218",5-06-20,46,"Purchase Knob","Ozone","Haywood",35.587144,-83.074156
"5219",5-07-20,44,"Purchase Knob","Ozone","Haywood",35.587144,-83.074156
"5220",5-08-20,42,"Purchase Knob","Ozone","Haywood",35.587144,-83.074156
"5221",5-09-20,43,"Purchase Knob","Ozone","Haywood",35.587144,-83.074156
"5222",5-10-20,36,"Purchase Knob","Ozone","Haywood",35.587144,-83.074156
"5223",5-11-20,36,"Purchase Knob","Ozone","Haywood",35.587144,-83.074156
"5224",5-12-20,37,"Purchase Knob","Ozone","Haywood",35.587144,-83.074156
"5225",NA,39,"Purchase Knob","Ozone","Haywood",35.587144,-83.074156
"5226",NA,46,"Purchase Knob","Ozone","Haywood",35.587144,-83.074156
"5227",NA,44,"Purchase Knob","Ozone","Haywood",35.587144,-83.074156
"5228",NA,50,"Purchase Knob","Ozone","Haywood",35.587144,-83.074156
"5229",NA,51,"Purchase Knob","Ozone","Haywood",35.587144,-83.074156
"5230",NA,47,"Purchase Knob","Ozone","Haywood",35.587144,-83.074156
"5231",NA,44,"Purchase Knob","Ozone","Haywood",35.587144,-83.074156
"5232",NA,46,"Purchase Knob","Ozone","Haywood",35.587144,-83.074156
"5233",NA,50,"Purchase Knob","Ozone","Haywood",35.587144,-83.074156
"5234",NA,45,"Purchase Knob","Ozone","Haywood",35.587144,-83.074156
"5235",NA,44,"Purchase Knob","Ozone","Haywood",35.587144,-83.074156
"5236",NA,48,"Purchase Knob","Ozone","Haywood",35.587144,-83.074156
"5237",NA,42,"Purchase Knob","Ozone","Haywood",35.587144,-83.074156
"5238",NA,44,"Purchase Knob","Ozone","Haywood",35.587144,-83.074156
"5239",NA,45,"Purchase Knob","Ozone","Haywood",35.587144,-83.074156
"5240",NA,37,"Purchase Knob","Ozone","Haywood",35.587144,-83.074156
"5241",NA,44,"Purchase Knob","Ozone","Haywood",35.587144,-83.074156
"5242",NA,43,"Purchase Knob","Ozone","Haywood",35.587144,-83.074156
"5243",NA,51,"Purchase Knob","Ozone","Haywood",35.587144,-83.074156
"5244",6-01-20,61,"Purchase Knob","Ozone","Haywood",35.587144,-83.074156
"5245",6-02-20,61,"Purchase Knob","Ozone","Haywood",35.587144,-83.074156
"5246",6-03-20,50,"Purchase Knob","Ozone","Haywood",35.587144,-83.074156
"5247",6-04-20,51,"Purchase Knob","Ozone","Haywood",35.587144,-83.074156
"5248",6-05-20,44,"Purchase Knob","Ozone","Haywood",35.587144,-83.074156
"5249",6-06-20,33,"Purchase Knob","Ozone","Haywood",35.587144,-83.074156
"5250",6-07-20,32,"Purchase Knob","Ozone","Haywood",35.587144,-83.074156
"5251",6-08-20,35,"Purchase Knob","Ozone","Haywood",35.587144,-83.074156
"5252",6-09-20,33,"Purchase Knob","Ozone","Haywood",35.587144,-83.074156
"5253",6-10-20,36,"Purchase Knob","Ozone","Haywood",35.587144,-83.074156
"5254",6-11-20,40,"Purchase Knob","Ozone","Haywood",35.587144,-83.074156
"5255",6-12-20,38,"Purchase Knob","Ozone","Haywood",35.587144,-83.074156
"5256",NA,45,"Purchase Knob","Ozone","Haywood",35.587144,-83.074156
"5257",NA,43,"Purchase Knob","Ozone","Haywood",35.587144,-83.074156
"5258",NA,45,"Purchase Knob","Ozone","Haywood",35.587144,-83.074156
"5259",NA,37,"Purchase Knob","Ozone","Haywood",35.587144,-83.074156
"5260",NA,31,"Purchase Knob","Ozone","Haywood",35.587144,-83.074156
"5261",NA,22,"Purchase Knob","Ozone","Haywood",35.587144,-83.074156
"5262",NA,41,"Purchase Knob","Ozone","Haywood",35.587144,-83.074156
"5263",NA,44,"Purchase Knob","Ozone","Haywood",35.587144,-83.074156
"5264",NA,48,"Purchase Knob","Ozone","Haywood",35.587144,-83.074156
"5265",NA,35,"Purchase Knob","Ozone","Haywood",35.587144,-83.074156
"5266",NA,30,"Purchase Knob","Ozone","Haywood",35.587144,-83.074156
"5267",NA,46,"Purchase Knob","Ozone","Haywood",35.587144,-83.074156
"5268",NA,45,"Purchase Knob","Ozone","Haywood",35.587144,-83.074156
"5269",NA,46,"Purchase Knob","Ozone","Haywood",35.587144,-83.074156
"5270",NA,51,"Purchase Knob","Ozone","Haywood",35.587144,-83.074156
"5271",NA,51,"Purchase Knob","Ozone","Haywood",35.587144,-83.074156
"5272",NA,54,"Purchase Knob","Ozone","Haywood",35.587144,-83.074156
"5273",NA,46,"Purchase Knob","Ozone","Haywood",35.587144,-83.074156
"5274",7-01-20,51,"Purchase Knob","Ozone","Haywood",35.587144,-83.074156
"5275",7-02-20,46,"Purchase Knob","Ozone","Haywood",35.587144,-83.074156
"5276",7-03-20,44,"Purchase Knob","Ozone","Haywood",35.587144,-83.074156
"5277",7-04-20,36,"Purchase Knob","Ozone","Haywood",35.587144,-83.074156
"5278",7-05-20,31,"Purchase Knob","Ozone","Haywood",35.587144,-83.074156
"5279",7-06-20,27,"Purchase Knob","Ozone","Haywood",35.587144,-83.074156
"5280",7-07-20,36,"Purchase Knob","Ozone","Haywood",35.587144,-83.074156
"5281",7-08-20,43,"Purchase Knob","Ozone","Haywood",35.587144,-83.074156
"5282",7-09-20,38,"Purchase Knob","Ozone","Haywood",35.587144,-83.074156
"5283",7-10-20,37,"Purchase Knob","Ozone","Haywood",35.587144,-83.074156
"5284",7-11-20,31,"Purchase Knob","Ozone","Haywood",35.587144,-83.074156
"5285",7-12-20,29,"Purchase Knob","Ozone","Haywood",35.587144,-83.074156
"5286",NA,27,"Purchase Knob","Ozone","Haywood",35.587144,-83.074156
"5287",NA,32,"Purchase Knob","Ozone","Haywood",35.587144,-83.074156
"5288",NA,30,"Purchase Knob","Ozone","Haywood",35.587144,-83.074156
"5289",NA,21,"Purchase Knob","Ozone","Haywood",35.587144,-83.074156
"5290",NA,24,"Purchase Knob","Ozone","Haywood",35.587144,-83.074156
"5291",NA,34,"Purchase Knob","Ozone","Haywood",35.587144,-83.074156
"5292",NA,34,"Purchase Knob","Ozone","Haywood",35.587144,-83.074156
"5293",NA,34,"Purchase Knob","Ozone","Haywood",35.587144,-83.074156
"5294",NA,27,"Purchase Knob","Ozone","Haywood",35.587144,-83.074156
"5295",NA,27,"Purchase Knob","Ozone","Haywood",35.587144,-83.074156
"5296",NA,34,"Purchase Knob","Ozone","Haywood",35.587144,-83.074156
"5297",NA,42,"Purchase Knob","Ozone","Haywood",35.587144,-83.074156
"5298",NA,45,"Purchase Knob","Ozone","Haywood",35.587144,-83.074156
"5299",NA,48,"Purchase Knob","Ozone","Haywood",35.587144,-83.074156
"5300",NA,47,"Purchase Knob","Ozone","Haywood",35.587144,-83.074156
"5301",NA,58,"Purchase Knob","Ozone","Haywood",35.587144,-83.074156
"5302",NA,38,"Purchase Knob","Ozone","Haywood",35.587144,-83.074156
"5303",NA,44,"Purchase Knob","Ozone","Haywood",35.587144,-83.074156
"5304",NA,36,"Purchase Knob","Ozone","Haywood",35.587144,-83.074156
"5305",8-01-20,39,"Purchase Knob","Ozone","Haywood",35.587144,-83.074156
"5306",8-02-20,37,"Purchase Knob","Ozone","Haywood",35.587144,-83.074156
"5307",8-03-20,42,"Purchase Knob","Ozone","Haywood",35.587144,-83.074156
"5308",8-04-20,41,"Purchase Knob","Ozone","Haywood",35.587144,-83.074156
"5309",8-05-20,46,"Purchase Knob","Ozone","Haywood",35.587144,-83.074156
"5310",8-06-20,43,"Purchase Knob","Ozone","Haywood",35.587144,-83.074156
"5311",8-07-20,44,"Purchase Knob","Ozone","Haywood",35.587144,-83.074156
"5312",8-08-20,58,"Purchase Knob","Ozone","Haywood",35.587144,-83.074156
"5313",8-09-20,41,"Purchase Knob","Ozone","Haywood",35.587144,-83.074156
"5314",8-10-20,39,"Purchase Knob","Ozone","Haywood",35.587144,-83.074156
"5315",8-11-20,36,"Purchase Knob","Ozone","Haywood",35.587144,-83.074156
"5316",8-12-20,35,"Purchase Knob","Ozone","Haywood",35.587144,-83.074156
"5317",NA,40,"Purchase Knob","Ozone","Haywood",35.587144,-83.074156
"5318",NA,42,"Purchase Knob","Ozone","Haywood",35.587144,-83.074156
"5319",NA,61,"Purchase Knob","Ozone","Haywood",35.587144,-83.074156
"5320",NA,50,"Purchase Knob","Ozone","Haywood",35.587144,-83.074156
"5321",NA,45,"Purchase Knob","Ozone","Haywood",35.587144,-83.074156
"5322",NA,47,"Purchase Knob","Ozone","Haywood",35.587144,-83.074156
"5323",NA,44,"Purchase Knob","Ozone","Haywood",35.587144,-83.074156
"5324",NA,41,"Purchase Knob","Ozone","Haywood",35.587144,-83.074156
"5325",NA,38,"Purchase Knob","Ozone","Haywood",35.587144,-83.074156
"5326",NA,31,"Purchase Knob","Ozone","Haywood",35.587144,-83.074156
"5327",NA,26,"Purchase Knob","Ozone","Haywood",35.587144,-83.074156
"5328",NA,30,"Purchase Knob","Ozone","Haywood",35.587144,-83.074156
"5329",NA,26,"Purchase Knob","Ozone","Haywood",35.587144,-83.074156
"5330",NA,22,"Purchase Knob","Ozone","Haywood",35.587144,-83.074156
"5331",NA,27,"Purchase Knob","Ozone","Haywood",35.587144,-83.074156
"5332",NA,40,"Purchase Knob","Ozone","Haywood",35.587144,-83.074156
"5333",NA,46,"Purchase Knob","Ozone","Haywood",35.587144,-83.074156
"5334",NA,44,"Purchase Knob","Ozone","Haywood",35.587144,-83.074156
"5335",NA,50,"Purchase Knob","Ozone","Haywood",35.587144,-83.074156
"5336",9-01-20,42,"Purchase Knob","Ozone","Haywood",35.587144,-83.074156
"5337",9-02-20,44,"Purchase Knob","Ozone","Haywood",35.587144,-83.074156
"5338",9-03-20,45,"Purchase Knob","Ozone","Haywood",35.587144,-83.074156
"5339",9-04-20,46,"Purchase Knob","Ozone","Haywood",35.587144,-83.074156
"5340",9-05-20,44,"Purchase Knob","Ozone","Haywood",35.587144,-83.074156
"5341",9-06-20,54,"Purchase Knob","Ozone","Haywood",35.587144,-83.074156
"5342",9-07-20,45,"Purchase Knob","Ozone","Haywood",35.587144,-83.074156
"5343",9-08-20,42,"Purchase Knob","Ozone","Haywood",35.587144,-83.074156
"5344",9-09-20,50,"Purchase Knob","Ozone","Haywood",35.587144,-83.074156
"5345",9-10-20,49,"Purchase Knob","Ozone","Haywood",35.587144,-83.074156
"5346",9-11-20,58,"Purchase Knob","Ozone","Haywood",35.587144,-83.074156
"5347",9-12-20,54,"Purchase Knob","Ozone","Haywood",35.587144,-83.074156
"5348",NA,47,"Purchase Knob","Ozone","Haywood",35.587144,-83.074156
"5349",NA,46,"Purchase Knob","Ozone","Haywood",35.587144,-83.074156
"5350",NA,58,"Purchase Knob","Ozone","Haywood",35.587144,-83.074156
"5351",NA,54,"Purchase Knob","Ozone","Haywood",35.587144,-83.074156
"5352",NA,64,"Purchase Knob","Ozone","Haywood",35.587144,-83.074156
"5353",NA,35,"Purchase Knob","Ozone","Haywood",35.587144,-83.074156
"5354",NA,25,"Purchase Knob","Ozone","Haywood",35.587144,-83.074156
"5355",NA,45,"Purchase Knob","Ozone","Haywood",35.587144,-83.074156
"5356",NA,46,"Purchase Knob","Ozone","Haywood",35.587144,-83.074156
"5357",NA,43,"Purchase Knob","Ozone","Haywood",35.587144,-83.074156
"5358",NA,35,"Purchase Knob","Ozone","Haywood",35.587144,-83.074156
"5359",NA,44,"Purchase Knob","Ozone","Haywood",35.587144,-83.074156
"5360",NA,44,"Purchase Knob","Ozone","Haywood",35.587144,-83.074156
"5361",NA,38,"Purchase Knob","Ozone","Haywood",35.587144,-83.074156
"5362",NA,38,"Purchase Knob","Ozone","Haywood",35.587144,-83.074156
"5363",NA,44,"Purchase Knob","Ozone","Haywood",35.587144,-83.074156
"5364",NA,47,"Purchase Knob","Ozone","Haywood",35.587144,-83.074156
"5365",NA,51,"Purchase Knob","Ozone","Haywood",35.587144,-83.074156
"5366",10-01-20,51,"Purchase Knob","Ozone","Haywood",35.587144,-83.074156
"5367",10-02-20,77,"Purchase Knob","Ozone","Haywood",35.587144,-83.074156
"5368",10-03-20,97,"Purchase Knob","Ozone","Haywood",35.587144,-83.074156
"5369",10-04-20,54,"Purchase Knob","Ozone","Haywood",35.587144,-83.074156
"5370",10-05-20,43,"Purchase Knob","Ozone","Haywood",35.587144,-83.074156
"5371",10-06-20,34,"Purchase Knob","Ozone","Haywood",35.587144,-83.074156
"5372",10-07-20,31,"Purchase Knob","Ozone","Haywood",35.587144,-83.074156
"5373",10-08-20,29,"Purchase Knob","Ozone","Haywood",35.587144,-83.074156
"5374",10-09-20,30,"Purchase Knob","Ozone","Haywood",35.587144,-83.074156
"5375",10-10-20,42,"Purchase Knob","Ozone","Haywood",35.587144,-83.074156
"5376",10-11-20,42,"Purchase Knob","Ozone","Haywood",35.587144,-83.074156
"5377",10-12-20,42,"Purchase Knob","Ozone","Haywood",35.587144,-83.074156
"5378",NA,46,"Purchase Knob","Ozone","Haywood",35.587144,-83.074156
"5379",NA,46,"Purchase Knob","Ozone","Haywood",35.587144,-83.074156
"5380",NA,41,"Purchase Knob","Ozone","Haywood",35.587144,-83.074156
"5381",NA,36,"Purchase Knob","Ozone","Haywood",35.587144,-83.074156
"5382",NA,35,"Purchase Knob","Ozone","Haywood",35.587144,-83.074156
"5383",NA,40,"Purchase Knob","Ozone","Haywood",35.587144,-83.074156
"5384",NA,39,"Purchase Knob","Ozone","Haywood",35.587144,-83.074156
"5385",NA,34,"Purchase Knob","Ozone","Haywood",35.587144,-83.074156
"5386",NA,31,"Purchase Knob","Ozone","Haywood",35.587144,-83.074156
"5387",NA,37,"Purchase Knob","Ozone","Haywood",35.587144,-83.074156
"5388",NA,42,"Purchase Knob","Ozone","Haywood",35.587144,-83.074156
"5389",NA,42,"Purchase Knob","Ozone","Haywood",35.587144,-83.074156
"5390",NA,38,"Purchase Knob","Ozone","Haywood",35.587144,-83.074156
"5391",NA,32,"Purchase Knob","Ozone","Haywood",35.587144,-83.074156
"5392",NA,44,"Purchase Knob","Ozone","Haywood",35.587144,-83.074156
"5393",NA,45,"Purchase Knob","Ozone","Haywood",35.587144,-83.074156
"5394",NA,45,"Purchase Knob","Ozone","Haywood",35.587144,-83.074156
"5395",NA,22,"Purchase Knob","Ozone","Haywood",35.587144,-83.074156
"5396",NA,29,"Purchase Knob","Ozone","Haywood",35.587144,-83.074156
"5397",1-01-20,26,"West Johnston Co.","Ozone","Johnston",35.59095,-78.4622
"5398",1-02-20,25,"West Johnston Co.","Ozone","Johnston",35.59095,-78.4622
"5399",1-03-20,18,"West Johnston Co.","Ozone","Johnston",35.59095,-78.4622
"5400",1-04-20,23,"West Johnston Co.","Ozone","Johnston",35.59095,-78.4622
"5401",1-05-20,34,"West Johnston Co.","Ozone","Johnston",35.59095,-78.4622
"5402",1-06-20,33,"West Johnston Co.","Ozone","Johnston",35.59095,-78.4622
"5403",1-07-20,30,"West Johnston Co.","Ozone","Johnston",35.59095,-78.4622
"5404",1-08-20,38,"West Johnston Co.","Ozone","Johnston",35.59095,-78.4622
"5405",1-09-20,35,"West Johnston Co.","Ozone","Johnston",35.59095,-78.4622
"5406",1-10-20,27,"West Johnston Co.","Ozone","Johnston",35.59095,-78.4622
"5407",1-11-20,29,"West Johnston Co.","Ozone","Johnston",35.59095,-78.4622
"5408",1-12-20,30,"West Johnston Co.","Ozone","Johnston",35.59095,-78.4622
"5409",NA,29,"West Johnston Co.","Ozone","Johnston",35.59095,-78.4622
"5410",NA,29,"West Johnston Co.","Ozone","Johnston",35.59095,-78.4622
"5411",NA,23,"West Johnston Co.","Ozone","Johnston",35.59095,-78.4622
"5412",NA,31,"West Johnston Co.","Ozone","Johnston",35.59095,-78.4622
"5413",NA,26,"West Johnston Co.","Ozone","Johnston",35.59095,-78.4622
"5414",NA,27,"West Johnston Co.","Ozone","Johnston",35.59095,-78.4622
"5415",NA,32,"West Johnston Co.","Ozone","Johnston",35.59095,-78.4622
"5416",NA,35,"West Johnston Co.","Ozone","Johnston",35.59095,-78.4622
"5417",NA,36,"West Johnston Co.","Ozone","Johnston",35.59095,-78.4622
"5418",NA,37,"West Johnston Co.","Ozone","Johnston",35.59095,-78.4622
"5419",NA,32,"West Johnston Co.","Ozone","Johnston",35.59095,-78.4622
"5420",NA,33,"West Johnston Co.","Ozone","Johnston",35.59095,-78.4622
"5421",NA,36,"West Johnston Co.","Ozone","Johnston",35.59095,-78.4622
"5422",NA,34,"West Johnston Co.","Ozone","Johnston",35.59095,-78.4622
"5423",NA,34,"West Johnston Co.","Ozone","Johnston",35.59095,-78.4622
"5424",NA,41,"West Johnston Co.","Ozone","Johnston",35.59095,-78.4622
"5425",NA,37,"West Johnston Co.","Ozone","Johnston",35.59095,-78.4622
"5426",NA,37,"West Johnston Co.","Ozone","Johnston",35.59095,-78.4622
"5427",2-01-20,40,"West Johnston Co.","Ozone","Johnston",35.59095,-78.4622
"5428",2-02-20,34,"West Johnston Co.","Ozone","Johnston",35.59095,-78.4622
"5429",2-03-20,38,"West Johnston Co.","Ozone","Johnston",35.59095,-78.4622
"5430",2-04-20,43,"West Johnston Co.","Ozone","Johnston",35.59095,-78.4622
"5431",2-05-20,38,"West Johnston Co.","Ozone","Johnston",35.59095,-78.4622
"5432",2-06-20,37,"West Johnston Co.","Ozone","Johnston",35.59095,-78.4622
"5433",NA,19,"West Johnston Co.","Ozone","Johnston",35.59095,-78.4622
"5434",NA,36,"West Johnston Co.","Ozone","Johnston",35.59095,-78.4622
"5435",NA,34,"West Johnston Co.","Ozone","Johnston",35.59095,-78.4622
"5436",NA,42,"West Johnston Co.","Ozone","Johnston",35.59095,-78.4622
"5437",NA,44,"West Johnston Co.","Ozone","Johnston",35.59095,-78.4622
"5438",3-01-20,25,"West Johnston Co.","Ozone","Johnston",35.59095,-78.4622
"5439",3-02-20,33,"West Johnston Co.","Ozone","Johnston",35.59095,-78.4622
"5440",3-03-20,28,"West Johnston Co.","Ozone","Johnston",35.59095,-78.4622
"5441",3-04-20,33,"West Johnston Co.","Ozone","Johnston",35.59095,-78.4622
"5442",3-05-20,35,"West Johnston Co.","Ozone","Johnston",35.59095,-78.4622
"5443",3-06-20,40,"West Johnston Co.","Ozone","Johnston",35.59095,-78.4622
"5444",3-07-20,43,"West Johnston Co.","Ozone","Johnston",35.59095,-78.4622
"5445",3-08-20,37,"West Johnston Co.","Ozone","Johnston",35.59095,-78.4622
"5446",3-09-20,34,"West Johnston Co.","Ozone","Johnston",35.59095,-78.4622
"5447",3-10-20,29,"West Johnston Co.","Ozone","Johnston",35.59095,-78.4622
"5448",3-11-20,44,"West Johnston Co.","Ozone","Johnston",35.59095,-78.4622
"5449",3-12-20,45,"West Johnston Co.","Ozone","Johnston",35.59095,-78.4622
"5450",NA,47,"West Johnston Co.","Ozone","Johnston",35.59095,-78.4622
"5451",NA,49,"West Johnston Co.","Ozone","Johnston",35.59095,-78.4622
"5452",NA,40,"West Johnston Co.","Ozone","Johnston",35.59095,-78.4622
"5453",NA,44,"West Johnston Co.","Ozone","Johnston",35.59095,-78.4622
"5454",NA,44,"West Johnston Co.","Ozone","Johnston",35.59095,-78.4622
"5455",NA,48,"West Johnston Co.","Ozone","Johnston",35.59095,-78.4622
"5456",NA,46,"West Johnston Co.","Ozone","Johnston",35.59095,-78.4622
"5457",NA,42,"West Johnston Co.","Ozone","Johnston",35.59095,-78.4622
"5458",NA,46,"West Johnston Co.","Ozone","Johnston",35.59095,-78.4622
"5459",NA,45,"West Johnston Co.","Ozone","Johnston",35.59095,-78.4622
"5460",NA,48,"West Johnston Co.","Ozone","Johnston",35.59095,-78.4622
"5461",NA,58,"West Johnston Co.","Ozone","Johnston",35.59095,-78.4622
"5462",NA,46,"West Johnston Co.","Ozone","Johnston",35.59095,-78.4622
"5463",NA,44,"West Johnston Co.","Ozone","Johnston",35.59095,-78.4622
"5464",NA,46,"West Johnston Co.","Ozone","Johnston",35.59095,-78.4622
"5465",NA,49,"West Johnston Co.","Ozone","Johnston",35.59095,-78.4622
"5466",NA,54,"West Johnston Co.","Ozone","Johnston",35.59095,-78.4622
"5467",NA,48,"West Johnston Co.","Ozone","Johnston",35.59095,-78.4622
"5468",NA,41,"West Johnston Co.","Ozone","Johnston",35.59095,-78.4622
"5469",4-01-20,44,"West Johnston Co.","Ozone","Johnston",35.59095,-78.4622
"5470",4-02-20,33,"West Johnston Co.","Ozone","Johnston",35.59095,-78.4622
"5471",4-03-20,50,"West Johnston Co.","Ozone","Johnston",35.59095,-78.4622
"5472",4-04-20,71,"West Johnston Co.","Ozone","Johnston",35.59095,-78.4622
"5473",4-05-20,41,"West Johnston Co.","Ozone","Johnston",35.59095,-78.4622
"5474",4-06-20,38,"West Johnston Co.","Ozone","Johnston",35.59095,-78.4622
"5475",4-07-20,35,"West Johnston Co.","Ozone","Johnston",35.59095,-78.4622
"5476",4-08-20,35,"West Johnston Co.","Ozone","Johnston",35.59095,-78.4622
"5477",4-09-20,29,"West Johnston Co.","Ozone","Johnston",35.59095,-78.4622
"5478",4-10-20,54,"West Johnston Co.","Ozone","Johnston",35.59095,-78.4622
"5479",4-11-20,54,"West Johnston Co.","Ozone","Johnston",35.59095,-78.4622
"5480",4-12-20,35,"West Johnston Co.","Ozone","Johnston",35.59095,-78.4622
"5481",NA,27,"West Johnston Co.","Ozone","Johnston",35.59095,-78.4622
"5482",NA,31,"West Johnston Co.","Ozone","Johnston",35.59095,-78.4622
"5483",NA,49,"West Johnston Co.","Ozone","Johnston",35.59095,-78.4622
"5484",NA,50,"West Johnston Co.","Ozone","Johnston",35.59095,-78.4622
"5485",NA,54,"West Johnston Co.","Ozone","Johnston",35.59095,-78.4622
"5486",NA,48,"West Johnston Co.","Ozone","Johnston",35.59095,-78.4622
"5487",NA,34,"West Johnston Co.","Ozone","Johnston",35.59095,-78.4622
"5488",NA,37,"West Johnston Co.","Ozone","Johnston",35.59095,-78.4622
"5489",NA,28,"West Johnston Co.","Ozone","Johnston",35.59095,-78.4622
"5490",NA,43,"West Johnston Co.","Ozone","Johnston",35.59095,-78.4622
"5491",NA,54,"West Johnston Co.","Ozone","Johnston",35.59095,-78.4622
"5492",NA,51,"West Johnston Co.","Ozone","Johnston",35.59095,-78.4622
"5493",NA,48,"West Johnston Co.","Ozone","Johnston",35.59095,-78.4622
"5494",NA,44,"West Johnston Co.","Ozone","Johnston",35.59095,-78.4622
"5495",NA,50,"West Johnston Co.","Ozone","Johnston",35.59095,-78.4622
"5496",NA,47,"West Johnston Co.","Ozone","Johnston",35.59095,-78.4622
"5497",NA,40,"West Johnston Co.","Ozone","Johnston",35.59095,-78.4622
"5498",NA,47,"West Johnston Co.","Ozone","Johnston",35.59095,-78.4622
"5499",5-01-20,39,"West Johnston Co.","Ozone","Johnston",35.59095,-78.4622
"5500",5-02-20,43,"West Johnston Co.","Ozone","Johnston",35.59095,-78.4622
"5501",5-03-20,25,"West Johnston Co.","Ozone","Johnston",35.59095,-78.4622
"5502",5-04-20,33,"West Johnston Co.","Ozone","Johnston",35.59095,-78.4622
"5503",5-05-20,31,"West Johnston Co.","Ozone","Johnston",35.59095,-78.4622
"5504",5-06-20,39,"West Johnston Co.","Ozone","Johnston",35.59095,-78.4622
"5505",5-07-20,48,"West Johnston Co.","Ozone","Johnston",35.59095,-78.4622
"5506",5-08-20,48,"West Johnston Co.","Ozone","Johnston",35.59095,-78.4622
"5507",5-09-20,44,"West Johnston Co.","Ozone","Johnston",35.59095,-78.4622
"5508",5-10-20,39,"West Johnston Co.","Ozone","Johnston",35.59095,-78.4622
"5509",5-11-20,38,"West Johnston Co.","Ozone","Johnston",35.59095,-78.4622
"5510",5-12-20,31,"West Johnston Co.","Ozone","Johnston",35.59095,-78.4622
"5511",NA,32,"West Johnston Co.","Ozone","Johnston",35.59095,-78.4622
"5512",NA,41,"West Johnston Co.","Ozone","Johnston",35.59095,-78.4622
"5513",NA,46,"West Johnston Co.","Ozone","Johnston",35.59095,-78.4622
"5514",NA,54,"West Johnston Co.","Ozone","Johnston",35.59095,-78.4622
"5515",NA,49,"West Johnston Co.","Ozone","Johnston",35.59095,-78.4622
"5516",NA,80,"West Johnston Co.","Ozone","Johnston",35.59095,-78.4622
"5517",NA,49,"West Johnston Co.","Ozone","Johnston",35.59095,-78.4622
"5518",NA,43,"West Johnston Co.","Ozone","Johnston",35.59095,-78.4622
"5519",NA,61,"West Johnston Co.","Ozone","Johnston",35.59095,-78.4622
"5520",NA,49,"West Johnston Co.","Ozone","Johnston",35.59095,-78.4622
"5521",NA,40,"West Johnston Co.","Ozone","Johnston",35.59095,-78.4622
"5522",NA,50,"West Johnston Co.","Ozone","Johnston",35.59095,-78.4622
"5523",NA,67,"West Johnston Co.","Ozone","Johnston",35.59095,-78.4622
"5524",NA,46,"West Johnston Co.","Ozone","Johnston",35.59095,-78.4622
"5525",NA,46,"West Johnston Co.","Ozone","Johnston",35.59095,-78.4622
"5526",NA,54,"West Johnston Co.","Ozone","Johnston",35.59095,-78.4622
"5527",NA,48,"West Johnston Co.","Ozone","Johnston",35.59095,-78.4622
"5528",NA,48,"West Johnston Co.","Ozone","Johnston",35.59095,-78.4622
"5529",NA,58,"West Johnston Co.","Ozone","Johnston",35.59095,-78.4622
"5530",6-01-20,42,"West Johnston Co.","Ozone","Johnston",35.59095,-78.4622
"5531",6-02-20,64,"West Johnston Co.","Ozone","Johnston",35.59095,-78.4622
"5532",6-03-20,48,"West Johnston Co.","Ozone","Johnston",35.59095,-78.4622
"5533",6-04-20,58,"West Johnston Co.","Ozone","Johnston",35.59095,-78.4622
"5534",6-05-20,45,"West Johnston Co.","Ozone","Johnston",35.59095,-78.4622
"5535",6-06-20,44,"West Johnston Co.","Ozone","Johnston",35.59095,-78.4622
"5536",6-07-20,28,"West Johnston Co.","Ozone","Johnston",35.59095,-78.4622
"5537",6-08-20,31,"West Johnston Co.","Ozone","Johnston",35.59095,-78.4622
"5538",6-09-20,25,"West Johnston Co.","Ozone","Johnston",35.59095,-78.4622
"5539",6-10-20,31,"West Johnston Co.","Ozone","Johnston",35.59095,-78.4622
"5540",6-11-20,36,"West Johnston Co.","Ozone","Johnston",35.59095,-78.4622
"5541",6-12-20,40,"West Johnston Co.","Ozone","Johnston",35.59095,-78.4622
"5542",NA,35,"West Johnston Co.","Ozone","Johnston",35.59095,-78.4622
"5543",NA,47,"West Johnston Co.","Ozone","Johnston",35.59095,-78.4622
"5544",NA,51,"West Johnston Co.","Ozone","Johnston",35.59095,-78.4622
"5545",NA,44,"West Johnston Co.","Ozone","Johnston",35.59095,-78.4622
"5546",NA,33,"West Johnston Co.","Ozone","Johnston",35.59095,-78.4622
"5547",NA,30,"West Johnston Co.","Ozone","Johnston",35.59095,-78.4622
"5548",NA,30,"West Johnston Co.","Ozone","Johnston",35.59095,-78.4622
"5549",NA,44,"West Johnston Co.","Ozone","Johnston",35.59095,-78.4622
"5550",NA,46,"West Johnston Co.","Ozone","Johnston",35.59095,-78.4622
"5551",NA,40,"West Johnston Co.","Ozone","Johnston",35.59095,-78.4622
"5552",NA,37,"West Johnston Co.","Ozone","Johnston",35.59095,-78.4622
"5553",NA,43,"West Johnston Co.","Ozone","Johnston",35.59095,-78.4622
"5554",NA,47,"West Johnston Co.","Ozone","Johnston",35.59095,-78.4622
"5555",NA,46,"West Johnston Co.","Ozone","Johnston",35.59095,-78.4622
"5556",NA,77,"West Johnston Co.","Ozone","Johnston",35.59095,-78.4622
"5557",NA,64,"West Johnston Co.","Ozone","Johnston",35.59095,-78.4622
"5558",NA,67,"West Johnston Co.","Ozone","Johnston",35.59095,-78.4622
"5559",NA,49,"West Johnston Co.","Ozone","Johnston",35.59095,-78.4622
"5560",7-01-20,48,"West Johnston Co.","Ozone","Johnston",35.59095,-78.4622
"5561",7-02-20,54,"West Johnston Co.","Ozone","Johnston",35.59095,-78.4622
"5562",7-03-20,87,"West Johnston Co.","Ozone","Johnston",35.59095,-78.4622
"5563",7-04-20,48,"West Johnston Co.","Ozone","Johnston",35.59095,-78.4622
"5564",7-05-20,47,"West Johnston Co.","Ozone","Johnston",35.59095,-78.4622
"5565",7-06-20,42,"West Johnston Co.","Ozone","Johnston",35.59095,-78.4622
"5566",7-07-20,31,"West Johnston Co.","Ozone","Johnston",35.59095,-78.4622
"5567",7-08-20,37,"West Johnston Co.","Ozone","Johnston",35.59095,-78.4622
"5568",7-09-20,40,"West Johnston Co.","Ozone","Johnston",35.59095,-78.4622
"5569",7-10-20,46,"West Johnston Co.","Ozone","Johnston",35.59095,-78.4622
"5570",7-11-20,40,"West Johnston Co.","Ozone","Johnston",35.59095,-78.4622
"5571",7-12-20,30,"West Johnston Co.","Ozone","Johnston",35.59095,-78.4622
"5572",NA,46,"West Johnston Co.","Ozone","Johnston",35.59095,-78.4622
"5573",NA,58,"West Johnston Co.","Ozone","Johnston",35.59095,-78.4622
"5574",NA,48,"West Johnston Co.","Ozone","Johnston",35.59095,-78.4622
"5575",NA,58,"West Johnston Co.","Ozone","Johnston",35.59095,-78.4622
"5576",NA,38,"West Johnston Co.","Ozone","Johnston",35.59095,-78.4622
"5577",NA,35,"West Johnston Co.","Ozone","Johnston",35.59095,-78.4622
"5578",NA,40,"West Johnston Co.","Ozone","Johnston",35.59095,-78.4622
"5579",NA,44,"West Johnston Co.","Ozone","Johnston",35.59095,-78.4622
"5580",NA,35,"West Johnston Co.","Ozone","Johnston",35.59095,-78.4622
"5581",NA,37,"West Johnston Co.","Ozone","Johnston",35.59095,-78.4622
"5582",NA,28,"West Johnston Co.","Ozone","Johnston",35.59095,-78.4622
"5583",NA,33,"West Johnston Co.","Ozone","Johnston",35.59095,-78.4622
"5584",NA,44,"West Johnston Co.","Ozone","Johnston",35.59095,-78.4622
"5585",NA,44,"West Johnston Co.","Ozone","Johnston",35.59095,-78.4622
"5586",NA,47,"West Johnston Co.","Ozone","Johnston",35.59095,-78.4622
"5587",NA,48,"West Johnston Co.","Ozone","Johnston",35.59095,-78.4622
"5588",NA,51,"West Johnston Co.","Ozone","Johnston",35.59095,-78.4622
"5589",NA,49,"West Johnston Co.","Ozone","Johnston",35.59095,-78.4622
"5590",NA,44,"West Johnston Co.","Ozone","Johnston",35.59095,-78.4622
"5591",8-01-20,46,"West Johnston Co.","Ozone","Johnston",35.59095,-78.4622
"5592",8-02-20,44,"West Johnston Co.","Ozone","Johnston",35.59095,-78.4622
"5593",8-03-20,31,"West Johnston Co.","Ozone","Johnston",35.59095,-78.4622
"5594",8-04-20,35,"West Johnston Co.","Ozone","Johnston",35.59095,-78.4622
"5595",8-05-20,32,"West Johnston Co.","Ozone","Johnston",35.59095,-78.4622
"5596",8-06-20,44,"West Johnston Co.","Ozone","Johnston",35.59095,-78.4622
"5597",8-07-20,44,"West Johnston Co.","Ozone","Johnston",35.59095,-78.4622
"5598",8-08-20,47,"West Johnston Co.","Ozone","Johnston",35.59095,-78.4622
"5599",8-09-20,58,"West Johnston Co.","Ozone","Johnston",35.59095,-78.4622
"5600",8-10-20,49,"West Johnston Co.","Ozone","Johnston",35.59095,-78.4622
"5601",8-11-20,44,"West Johnston Co.","Ozone","Johnston",35.59095,-78.4622
"5602",8-12-20,46,"West Johnston Co.","Ozone","Johnston",35.59095,-78.4622
"5603",NA,42,"West Johnston Co.","Ozone","Johnston",35.59095,-78.4622
"5604",NA,41,"West Johnston Co.","Ozone","Johnston",35.59095,-78.4622
"5605",NA,43,"West Johnston Co.","Ozone","Johnston",35.59095,-78.4622
"5606",NA,33,"West Johnston Co.","Ozone","Johnston",35.59095,-78.4622
"5607",NA,32,"West Johnston Co.","Ozone","Johnston",35.59095,-78.4622
"5608",NA,37,"West Johnston Co.","Ozone","Johnston",35.59095,-78.4622
"5609",NA,36,"West Johnston Co.","Ozone","Johnston",35.59095,-78.4622
"5610",NA,31,"West Johnston Co.","Ozone","Johnston",35.59095,-78.4622
"5611",NA,37,"West Johnston Co.","Ozone","Johnston",35.59095,-78.4622
"5612",NA,36,"West Johnston Co.","Ozone","Johnston",35.59095,-78.4622
"5613",NA,28,"West Johnston Co.","Ozone","Johnston",35.59095,-78.4622
"5614",NA,21,"West Johnston Co.","Ozone","Johnston",35.59095,-78.4622
"5615",NA,31,"West Johnston Co.","Ozone","Johnston",35.59095,-78.4622
"5616",NA,25,"West Johnston Co.","Ozone","Johnston",35.59095,-78.4622
"5617",NA,30,"West Johnston Co.","Ozone","Johnston",35.59095,-78.4622
"5618",NA,32,"West Johnston Co.","Ozone","Johnston",35.59095,-78.4622
"5619",NA,45,"West Johnston Co.","Ozone","Johnston",35.59095,-78.4622
"5620",NA,58,"West Johnston Co.","Ozone","Johnston",35.59095,-78.4622
"5621",NA,48,"West Johnston Co.","Ozone","Johnston",35.59095,-78.4622
"5622",9-01-20,36,"West Johnston Co.","Ozone","Johnston",35.59095,-78.4622
"5623",9-02-20,30,"West Johnston Co.","Ozone","Johnston",35.59095,-78.4622
"5624",9-03-20,34,"West Johnston Co.","Ozone","Johnston",35.59095,-78.4622
"5625",9-06-20,44,"West Johnston Co.","Ozone","Johnston",35.59095,-78.4622
"5626",9-07-20,50,"West Johnston Co.","Ozone","Johnston",35.59095,-78.4622
"5627",9-08-20,33,"West Johnston Co.","Ozone","Johnston",35.59095,-78.4622
"5628",9-09-20,34,"West Johnston Co.","Ozone","Johnston",35.59095,-78.4622
"5629",9-10-20,36,"West Johnston Co.","Ozone","Johnston",35.59095,-78.4622
"5630",9-11-20,41,"West Johnston Co.","Ozone","Johnston",35.59095,-78.4622
"5631",9-12-20,64,"West Johnston Co.","Ozone","Johnston",35.59095,-78.4622
"5632",NA,37,"West Johnston Co.","Ozone","Johnston",35.59095,-78.4622
"5633",NA,31,"West Johnston Co.","Ozone","Johnston",35.59095,-78.4622
"5634",NA,30,"West Johnston Co.","Ozone","Johnston",35.59095,-78.4622
"5635",NA,37,"West Johnston Co.","Ozone","Johnston",35.59095,-78.4622
"5636",NA,40,"West Johnston Co.","Ozone","Johnston",35.59095,-78.4622
"5637",NA,40,"West Johnston Co.","Ozone","Johnston",35.59095,-78.4622
"5638",NA,36,"West Johnston Co.","Ozone","Johnston",35.59095,-78.4622
"5639",NA,40,"West Johnston Co.","Ozone","Johnston",35.59095,-78.4622
"5640",NA,42,"West Johnston Co.","Ozone","Johnston",35.59095,-78.4622
"5641",NA,40,"West Johnston Co.","Ozone","Johnston",35.59095,-78.4622
"5642",NA,42,"West Johnston Co.","Ozone","Johnston",35.59095,-78.4622
"5643",NA,50,"West Johnston Co.","Ozone","Johnston",35.59095,-78.4622
"5644",NA,45,"West Johnston Co.","Ozone","Johnston",35.59095,-78.4622
"5645",NA,46,"West Johnston Co.","Ozone","Johnston",35.59095,-78.4622
"5646",NA,38,"West Johnston Co.","Ozone","Johnston",35.59095,-78.4622
"5647",NA,37,"West Johnston Co.","Ozone","Johnston",35.59095,-78.4622
"5648",NA,45,"West Johnston Co.","Ozone","Johnston",35.59095,-78.4622
"5649",NA,45,"West Johnston Co.","Ozone","Johnston",35.59095,-78.4622
"5650",10-01-20,42,"West Johnston Co.","Ozone","Johnston",35.59095,-78.4622
"5651",10-02-20,45,"West Johnston Co.","Ozone","Johnston",35.59095,-78.4622
"5652",10-03-20,48,"West Johnston Co.","Ozone","Johnston",35.59095,-78.4622
"5653",10-04-20,49,"West Johnston Co.","Ozone","Johnston",35.59095,-78.4622
"5654",10-05-20,28,"West Johnston Co.","Ozone","Johnston",35.59095,-78.4622
"5655",10-06-20,34,"West Johnston Co.","Ozone","Johnston",35.59095,-78.4622
"5656",10-07-20,35,"West Johnston Co.","Ozone","Johnston",35.59095,-78.4622
"5657",10-08-20,28,"West Johnston Co.","Ozone","Johnston",35.59095,-78.4622
"5658",10-09-20,28,"West Johnston Co.","Ozone","Johnston",35.59095,-78.4622
"5659",10-10-20,32,"West Johnston Co.","Ozone","Johnston",35.59095,-78.4622
"5660",10-11-20,42,"West Johnston Co.","Ozone","Johnston",35.59095,-78.4622
"5661",10-12-20,44,"West Johnston Co.","Ozone","Johnston",35.59095,-78.4622
"5662",NA,27,"West Johnston Co.","Ozone","Johnston",35.59095,-78.4622
"5663",NA,42,"West Johnston Co.","Ozone","Johnston",35.59095,-78.4622
"5664",NA,43,"West Johnston Co.","Ozone","Johnston",35.59095,-78.4622
"5665",NA,29,"West Johnston Co.","Ozone","Johnston",35.59095,-78.4622
"5666",NA,34,"West Johnston Co.","Ozone","Johnston",35.59095,-78.4622
"5667",NA,36,"West Johnston Co.","Ozone","Johnston",35.59095,-78.4622
"5668",NA,35,"West Johnston Co.","Ozone","Johnston",35.59095,-78.4622
"5669",NA,31,"West Johnston Co.","Ozone","Johnston",35.59095,-78.4622
"5670",NA,29,"West Johnston Co.","Ozone","Johnston",35.59095,-78.4622
"5671",NA,23,"West Johnston Co.","Ozone","Johnston",35.59095,-78.4622
"5672",NA,39,"West Johnston Co.","Ozone","Johnston",35.59095,-78.4622
"5673",NA,38,"West Johnston Co.","Ozone","Johnston",35.59095,-78.4622
"5674",NA,35,"West Johnston Co.","Ozone","Johnston",35.59095,-78.4622
"5675",NA,38,"West Johnston Co.","Ozone","Johnston",35.59095,-78.4622
"5676",NA,21,"West Johnston Co.","Ozone","Johnston",35.59095,-78.4622
"5677",NA,37,"West Johnston Co.","Ozone","Johnston",35.59095,-78.4622
"5678",NA,22,"West Johnston Co.","Ozone","Johnston",35.59095,-78.4622
"5679",NA,17,"West Johnston Co.","Ozone","Johnston",35.59095,-78.4622
"5680",NA,26,"West Johnston Co.","Ozone","Johnston",35.59095,-78.4622
"5681",NA,44,"Lenoir Co. Comm. Coll.","Ozone","Lenoir",35.231459,-77.568792
"5682",NA,36,"Lenoir Co. Comm. Coll.","Ozone","Lenoir",35.231459,-77.568792
"5683",NA,27,"Lenoir Co. Comm. Coll.","Ozone","Lenoir",35.231459,-77.568792
"5684",NA,35,"Lenoir Co. Comm. Coll.","Ozone","Lenoir",35.231459,-77.568792
"5685",NA,36,"Lenoir Co. Comm. Coll.","Ozone","Lenoir",35.231459,-77.568792
"5686",NA,35,"Lenoir Co. Comm. Coll.","Ozone","Lenoir",35.231459,-77.568792
"5687",NA,18,"Lenoir Co. Comm. Coll.","Ozone","Lenoir",35.231459,-77.568792
"5688",NA,38,"Lenoir Co. Comm. Coll.","Ozone","Lenoir",35.231459,-77.568792
"5689",NA,38,"Lenoir Co. Comm. Coll.","Ozone","Lenoir",35.231459,-77.568792
"5690",NA,41,"Lenoir Co. Comm. Coll.","Ozone","Lenoir",35.231459,-77.568792
"5691",NA,44,"Lenoir Co. Comm. Coll.","Ozone","Lenoir",35.231459,-77.568792
"5692",NA,44,"Lenoir Co. Comm. Coll.","Ozone","Lenoir",35.231459,-77.568792
"5693",NA,37,"Lenoir Co. Comm. Coll.","Ozone","Lenoir",35.231459,-77.568792
"5694",3-01-20,31,"Lenoir Co. Comm. Coll.","Ozone","Lenoir",35.231459,-77.568792
"5695",3-02-20,31,"Lenoir Co. Comm. Coll.","Ozone","Lenoir",35.231459,-77.568792
"5696",3-03-20,33,"Lenoir Co. Comm. Coll.","Ozone","Lenoir",35.231459,-77.568792
"5697",3-04-20,32,"Lenoir Co. Comm. Coll.","Ozone","Lenoir",35.231459,-77.568792
"5698",3-05-20,34,"Lenoir Co. Comm. Coll.","Ozone","Lenoir",35.231459,-77.568792
"5699",3-06-20,40,"Lenoir Co. Comm. Coll.","Ozone","Lenoir",35.231459,-77.568792
"5700",3-07-20,44,"Lenoir Co. Comm. Coll.","Ozone","Lenoir",35.231459,-77.568792
"5701",3-08-20,40,"Lenoir Co. Comm. Coll.","Ozone","Lenoir",35.231459,-77.568792
"5702",3-09-20,38,"Lenoir Co. Comm. Coll.","Ozone","Lenoir",35.231459,-77.568792
"5703",3-10-20,34,"Lenoir Co. Comm. Coll.","Ozone","Lenoir",35.231459,-77.568792
"5704",3-11-20,44,"Lenoir Co. Comm. Coll.","Ozone","Lenoir",35.231459,-77.568792
"5705",3-12-20,45,"Lenoir Co. Comm. Coll.","Ozone","Lenoir",35.231459,-77.568792
"5706",NA,50,"Lenoir Co. Comm. Coll.","Ozone","Lenoir",35.231459,-77.568792
"5707",NA,54,"Lenoir Co. Comm. Coll.","Ozone","Lenoir",35.231459,-77.568792
"5708",NA,43,"Lenoir Co. Comm. Coll.","Ozone","Lenoir",35.231459,-77.568792
"5709",NA,42,"Lenoir Co. Comm. Coll.","Ozone","Lenoir",35.231459,-77.568792
"5710",NA,44,"Lenoir Co. Comm. Coll.","Ozone","Lenoir",35.231459,-77.568792
"5711",NA,49,"Lenoir Co. Comm. Coll.","Ozone","Lenoir",35.231459,-77.568792
"5712",NA,48,"Lenoir Co. Comm. Coll.","Ozone","Lenoir",35.231459,-77.568792
"5713",NA,41,"Lenoir Co. Comm. Coll.","Ozone","Lenoir",35.231459,-77.568792
"5714",NA,43,"Lenoir Co. Comm. Coll.","Ozone","Lenoir",35.231459,-77.568792
"5715",NA,45,"Lenoir Co. Comm. Coll.","Ozone","Lenoir",35.231459,-77.568792
"5716",NA,49,"Lenoir Co. Comm. Coll.","Ozone","Lenoir",35.231459,-77.568792
"5717",NA,58,"Lenoir Co. Comm. Coll.","Ozone","Lenoir",35.231459,-77.568792
"5718",NA,49,"Lenoir Co. Comm. Coll.","Ozone","Lenoir",35.231459,-77.568792
"5719",NA,44,"Lenoir Co. Comm. Coll.","Ozone","Lenoir",35.231459,-77.568792
"5720",NA,46,"Lenoir Co. Comm. Coll.","Ozone","Lenoir",35.231459,-77.568792
"5721",NA,49,"Lenoir Co. Comm. Coll.","Ozone","Lenoir",35.231459,-77.568792
"5722",NA,50,"Lenoir Co. Comm. Coll.","Ozone","Lenoir",35.231459,-77.568792
"5723",NA,50,"Lenoir Co. Comm. Coll.","Ozone","Lenoir",35.231459,-77.568792
"5724",NA,41,"Lenoir Co. Comm. Coll.","Ozone","Lenoir",35.231459,-77.568792
"5725",4-01-20,44,"Lenoir Co. Comm. Coll.","Ozone","Lenoir",35.231459,-77.568792
"5726",4-02-20,35,"Lenoir Co. Comm. Coll.","Ozone","Lenoir",35.231459,-77.568792
"5727",4-03-20,50,"Lenoir Co. Comm. Coll.","Ozone","Lenoir",35.231459,-77.568792
"5728",4-04-20,71,"Lenoir Co. Comm. Coll.","Ozone","Lenoir",35.231459,-77.568792
"5729",4-05-20,46,"Lenoir Co. Comm. Coll.","Ozone","Lenoir",35.231459,-77.568792
"5730",4-06-20,35,"Lenoir Co. Comm. Coll.","Ozone","Lenoir",35.231459,-77.568792
"5731",4-07-20,38,"Lenoir Co. Comm. Coll.","Ozone","Lenoir",35.231459,-77.568792
"5732",4-08-20,34,"Lenoir Co. Comm. Coll.","Ozone","Lenoir",35.231459,-77.568792
"5733",4-09-20,28,"Lenoir Co. Comm. Coll.","Ozone","Lenoir",35.231459,-77.568792
"5734",4-10-20,51,"Lenoir Co. Comm. Coll.","Ozone","Lenoir",35.231459,-77.568792
"5735",4-11-20,54,"Lenoir Co. Comm. Coll.","Ozone","Lenoir",35.231459,-77.568792
"5736",4-12-20,45,"Lenoir Co. Comm. Coll.","Ozone","Lenoir",35.231459,-77.568792
"5737",NA,31,"Lenoir Co. Comm. Coll.","Ozone","Lenoir",35.231459,-77.568792
"5738",NA,31,"Lenoir Co. Comm. Coll.","Ozone","Lenoir",35.231459,-77.568792
"5739",NA,51,"Lenoir Co. Comm. Coll.","Ozone","Lenoir",35.231459,-77.568792
"5740",NA,49,"Lenoir Co. Comm. Coll.","Ozone","Lenoir",35.231459,-77.568792
"5741",NA,58,"Lenoir Co. Comm. Coll.","Ozone","Lenoir",35.231459,-77.568792
"5742",NA,48,"Lenoir Co. Comm. Coll.","Ozone","Lenoir",35.231459,-77.568792
"5743",NA,38,"Lenoir Co. Comm. Coll.","Ozone","Lenoir",35.231459,-77.568792
"5744",NA,42,"Lenoir Co. Comm. Coll.","Ozone","Lenoir",35.231459,-77.568792
"5745",NA,32,"Lenoir Co. Comm. Coll.","Ozone","Lenoir",35.231459,-77.568792
"5746",NA,40,"Lenoir Co. Comm. Coll.","Ozone","Lenoir",35.231459,-77.568792
"5747",NA,49,"Lenoir Co. Comm. Coll.","Ozone","Lenoir",35.231459,-77.568792
"5748",NA,64,"Lenoir Co. Comm. Coll.","Ozone","Lenoir",35.231459,-77.568792
"5749",NA,49,"Lenoir Co. Comm. Coll.","Ozone","Lenoir",35.231459,-77.568792
"5750",NA,45,"Lenoir Co. Comm. Coll.","Ozone","Lenoir",35.231459,-77.568792
"5751",NA,67,"Lenoir Co. Comm. Coll.","Ozone","Lenoir",35.231459,-77.568792
"5752",NA,49,"Lenoir Co. Comm. Coll.","Ozone","Lenoir",35.231459,-77.568792
"5753",NA,37,"Lenoir Co. Comm. Coll.","Ozone","Lenoir",35.231459,-77.568792
"5754",NA,47,"Lenoir Co. Comm. Coll.","Ozone","Lenoir",35.231459,-77.568792
"5755",5-01-20,41,"Lenoir Co. Comm. Coll.","Ozone","Lenoir",35.231459,-77.568792
"5756",5-02-20,43,"Lenoir Co. Comm. Coll.","Ozone","Lenoir",35.231459,-77.568792
"5757",5-03-20,25,"Lenoir Co. Comm. Coll.","Ozone","Lenoir",35.231459,-77.568792
"5758",5-04-20,36,"Lenoir Co. Comm. Coll.","Ozone","Lenoir",35.231459,-77.568792
"5759",5-05-20,36,"Lenoir Co. Comm. Coll.","Ozone","Lenoir",35.231459,-77.568792
"5760",5-06-20,41,"Lenoir Co. Comm. Coll.","Ozone","Lenoir",35.231459,-77.568792
"5761",5-07-20,48,"Lenoir Co. Comm. Coll.","Ozone","Lenoir",35.231459,-77.568792
"5762",5-08-20,49,"Lenoir Co. Comm. Coll.","Ozone","Lenoir",35.231459,-77.568792
"5763",5-09-20,45,"Lenoir Co. Comm. Coll.","Ozone","Lenoir",35.231459,-77.568792
"5764",5-10-20,43,"Lenoir Co. Comm. Coll.","Ozone","Lenoir",35.231459,-77.568792
"5765",5-11-20,37,"Lenoir Co. Comm. Coll.","Ozone","Lenoir",35.231459,-77.568792
"5766",5-12-20,32,"Lenoir Co. Comm. Coll.","Ozone","Lenoir",35.231459,-77.568792
"5767",NA,36,"Lenoir Co. Comm. Coll.","Ozone","Lenoir",35.231459,-77.568792
"5768",NA,44,"Lenoir Co. Comm. Coll.","Ozone","Lenoir",35.231459,-77.568792
"5769",NA,46,"Lenoir Co. Comm. Coll.","Ozone","Lenoir",35.231459,-77.568792
"5770",NA,64,"Lenoir Co. Comm. Coll.","Ozone","Lenoir",35.231459,-77.568792
"5771",NA,61,"Lenoir Co. Comm. Coll.","Ozone","Lenoir",35.231459,-77.568792
"5772",NA,87,"Lenoir Co. Comm. Coll.","Ozone","Lenoir",35.231459,-77.568792
"5773",NA,49,"Lenoir Co. Comm. Coll.","Ozone","Lenoir",35.231459,-77.568792
"5774",NA,40,"Lenoir Co. Comm. Coll.","Ozone","Lenoir",35.231459,-77.568792
"5775",NA,61,"Lenoir Co. Comm. Coll.","Ozone","Lenoir",35.231459,-77.568792
"5776",NA,47,"Lenoir Co. Comm. Coll.","Ozone","Lenoir",35.231459,-77.568792
"5777",NA,46,"Lenoir Co. Comm. Coll.","Ozone","Lenoir",35.231459,-77.568792
"5778",NA,67,"Lenoir Co. Comm. Coll.","Ozone","Lenoir",35.231459,-77.568792
"5779",NA,54,"Lenoir Co. Comm. Coll.","Ozone","Lenoir",35.231459,-77.568792
"5780",NA,51,"Lenoir Co. Comm. Coll.","Ozone","Lenoir",35.231459,-77.568792
"5781",NA,50,"Lenoir Co. Comm. Coll.","Ozone","Lenoir",35.231459,-77.568792
"5782",NA,51,"Lenoir Co. Comm. Coll.","Ozone","Lenoir",35.231459,-77.568792
"5783",NA,50,"Lenoir Co. Comm. Coll.","Ozone","Lenoir",35.231459,-77.568792
"5784",NA,64,"Lenoir Co. Comm. Coll.","Ozone","Lenoir",35.231459,-77.568792
"5785",NA,54,"Lenoir Co. Comm. Coll.","Ozone","Lenoir",35.231459,-77.568792
"5786",6-01-20,48,"Lenoir Co. Comm. Coll.","Ozone","Lenoir",35.231459,-77.568792
"5787",6-02-20,74,"Lenoir Co. Comm. Coll.","Ozone","Lenoir",35.231459,-77.568792
"5788",6-03-20,54,"Lenoir Co. Comm. Coll.","Ozone","Lenoir",35.231459,-77.568792
"5789",6-04-20,50,"Lenoir Co. Comm. Coll.","Ozone","Lenoir",35.231459,-77.568792
"5790",6-05-20,44,"Lenoir Co. Comm. Coll.","Ozone","Lenoir",35.231459,-77.568792
"5791",6-06-20,48,"Lenoir Co. Comm. Coll.","Ozone","Lenoir",35.231459,-77.568792
"5792",6-07-20,40,"Lenoir Co. Comm. Coll.","Ozone","Lenoir",35.231459,-77.568792
"5793",6-08-20,31,"Lenoir Co. Comm. Coll.","Ozone","Lenoir",35.231459,-77.568792
"5794",6-09-20,29,"Lenoir Co. Comm. Coll.","Ozone","Lenoir",35.231459,-77.568792
"5795",6-10-20,31,"Lenoir Co. Comm. Coll.","Ozone","Lenoir",35.231459,-77.568792
"5796",6-11-20,38,"Lenoir Co. Comm. Coll.","Ozone","Lenoir",35.231459,-77.568792
"5797",6-12-20,34,"Lenoir Co. Comm. Coll.","Ozone","Lenoir",35.231459,-77.568792
"5798",NA,36,"Lenoir Co. Comm. Coll.","Ozone","Lenoir",35.231459,-77.568792
"5799",NA,45,"Lenoir Co. Comm. Coll.","Ozone","Lenoir",35.231459,-77.568792
"5800",NA,49,"Lenoir Co. Comm. Coll.","Ozone","Lenoir",35.231459,-77.568792
"5801",NA,46,"Lenoir Co. Comm. Coll.","Ozone","Lenoir",35.231459,-77.568792
"5802",NA,37,"Lenoir Co. Comm. Coll.","Ozone","Lenoir",35.231459,-77.568792
"5803",NA,25,"Lenoir Co. Comm. Coll.","Ozone","Lenoir",35.231459,-77.568792
"5804",NA,34,"Lenoir Co. Comm. Coll.","Ozone","Lenoir",35.231459,-77.568792
"5805",NA,47,"Lenoir Co. Comm. Coll.","Ozone","Lenoir",35.231459,-77.568792
"5806",NA,49,"Lenoir Co. Comm. Coll.","Ozone","Lenoir",35.231459,-77.568792
"5807",NA,44,"Lenoir Co. Comm. Coll.","Ozone","Lenoir",35.231459,-77.568792
"5808",NA,43,"Lenoir Co. Comm. Coll.","Ozone","Lenoir",35.231459,-77.568792
"5809",NA,49,"Lenoir Co. Comm. Coll.","Ozone","Lenoir",35.231459,-77.568792
"5810",NA,51,"Lenoir Co. Comm. Coll.","Ozone","Lenoir",35.231459,-77.568792
"5811",NA,54,"Lenoir Co. Comm. Coll.","Ozone","Lenoir",35.231459,-77.568792
"5812",NA,77,"Lenoir Co. Comm. Coll.","Ozone","Lenoir",35.231459,-77.568792
"5813",NA,80,"Lenoir Co. Comm. Coll.","Ozone","Lenoir",35.231459,-77.568792
"5814",NA,67,"Lenoir Co. Comm. Coll.","Ozone","Lenoir",35.231459,-77.568792
"5815",NA,61,"Lenoir Co. Comm. Coll.","Ozone","Lenoir",35.231459,-77.568792
"5816",7-01-20,54,"Lenoir Co. Comm. Coll.","Ozone","Lenoir",35.231459,-77.568792
"5817",7-02-20,64,"Lenoir Co. Comm. Coll.","Ozone","Lenoir",35.231459,-77.568792
"5818",7-03-20,61,"Lenoir Co. Comm. Coll.","Ozone","Lenoir",35.231459,-77.568792
"5819",7-04-20,45,"Lenoir Co. Comm. Coll.","Ozone","Lenoir",35.231459,-77.568792
"5820",7-05-20,36,"Lenoir Co. Comm. Coll.","Ozone","Lenoir",35.231459,-77.568792
"5821",7-06-20,43,"Lenoir Co. Comm. Coll.","Ozone","Lenoir",35.231459,-77.568792
"5822",7-07-20,40,"Lenoir Co. Comm. Coll.","Ozone","Lenoir",35.231459,-77.568792
"5823",7-08-20,39,"Lenoir Co. Comm. Coll.","Ozone","Lenoir",35.231459,-77.568792
"5824",7-09-20,32,"Lenoir Co. Comm. Coll.","Ozone","Lenoir",35.231459,-77.568792
"5825",7-10-20,37,"Lenoir Co. Comm. Coll.","Ozone","Lenoir",35.231459,-77.568792
"5826",7-11-20,37,"Lenoir Co. Comm. Coll.","Ozone","Lenoir",35.231459,-77.568792
"5827",7-12-20,31,"Lenoir Co. Comm. Coll.","Ozone","Lenoir",35.231459,-77.568792
"5828",NA,40,"Lenoir Co. Comm. Coll.","Ozone","Lenoir",35.231459,-77.568792
"5829",NA,50,"Lenoir Co. Comm. Coll.","Ozone","Lenoir",35.231459,-77.568792
"5830",NA,49,"Lenoir Co. Comm. Coll.","Ozone","Lenoir",35.231459,-77.568792
"5831",NA,44,"Lenoir Co. Comm. Coll.","Ozone","Lenoir",35.231459,-77.568792
"5832",NA,37,"Lenoir Co. Comm. Coll.","Ozone","Lenoir",35.231459,-77.568792
"5833",NA,42,"Lenoir Co. Comm. Coll.","Ozone","Lenoir",35.231459,-77.568792
"5834",NA,44,"Lenoir Co. Comm. Coll.","Ozone","Lenoir",35.231459,-77.568792
"5835",NA,42,"Lenoir Co. Comm. Coll.","Ozone","Lenoir",35.231459,-77.568792
"5836",NA,36,"Lenoir Co. Comm. Coll.","Ozone","Lenoir",35.231459,-77.568792
"5837",NA,30,"Lenoir Co. Comm. Coll.","Ozone","Lenoir",35.231459,-77.568792
"5838",NA,37,"Lenoir Co. Comm. Coll.","Ozone","Lenoir",35.231459,-77.568792
"5839",NA,46,"Lenoir Co. Comm. Coll.","Ozone","Lenoir",35.231459,-77.568792
"5840",NA,43,"Lenoir Co. Comm. Coll.","Ozone","Lenoir",35.231459,-77.568792
"5841",NA,41,"Lenoir Co. Comm. Coll.","Ozone","Lenoir",35.231459,-77.568792
"5842",NA,48,"Lenoir Co. Comm. Coll.","Ozone","Lenoir",35.231459,-77.568792
"5843",NA,50,"Lenoir Co. Comm. Coll.","Ozone","Lenoir",35.231459,-77.568792
"5844",NA,47,"Lenoir Co. Comm. Coll.","Ozone","Lenoir",35.231459,-77.568792
"5845",NA,35,"Lenoir Co. Comm. Coll.","Ozone","Lenoir",35.231459,-77.568792
"5846",8-01-20,38,"Lenoir Co. Comm. Coll.","Ozone","Lenoir",35.231459,-77.568792
"5847",8-02-20,34,"Lenoir Co. Comm. Coll.","Ozone","Lenoir",35.231459,-77.568792
"5848",8-03-20,31,"Lenoir Co. Comm. Coll.","Ozone","Lenoir",35.231459,-77.568792
"5849",8-04-20,38,"Lenoir Co. Comm. Coll.","Ozone","Lenoir",35.231459,-77.568792
"5850",8-05-20,29,"Lenoir Co. Comm. Coll.","Ozone","Lenoir",35.231459,-77.568792
"5851",8-06-20,38,"Lenoir Co. Comm. Coll.","Ozone","Lenoir",35.231459,-77.568792
"5852",8-07-20,41,"Lenoir Co. Comm. Coll.","Ozone","Lenoir",35.231459,-77.568792
"5853",8-08-20,48,"Lenoir Co. Comm. Coll.","Ozone","Lenoir",35.231459,-77.568792
"5854",8-09-20,58,"Lenoir Co. Comm. Coll.","Ozone","Lenoir",35.231459,-77.568792
"5855",8-10-20,44,"Lenoir Co. Comm. Coll.","Ozone","Lenoir",35.231459,-77.568792
"5856",8-11-20,44,"Lenoir Co. Comm. Coll.","Ozone","Lenoir",35.231459,-77.568792
"5857",8-12-20,44,"Lenoir Co. Comm. Coll.","Ozone","Lenoir",35.231459,-77.568792
"5858",NA,42,"Lenoir Co. Comm. Coll.","Ozone","Lenoir",35.231459,-77.568792
"5859",NA,49,"Lenoir Co. Comm. Coll.","Ozone","Lenoir",35.231459,-77.568792
"5860",NA,41,"Lenoir Co. Comm. Coll.","Ozone","Lenoir",35.231459,-77.568792
"5861",NA,26,"Lenoir Co. Comm. Coll.","Ozone","Lenoir",35.231459,-77.568792
"5862",NA,24,"Lenoir Co. Comm. Coll.","Ozone","Lenoir",35.231459,-77.568792
"5863",NA,28,"Lenoir Co. Comm. Coll.","Ozone","Lenoir",35.231459,-77.568792
"5864",NA,37,"Lenoir Co. Comm. Coll.","Ozone","Lenoir",35.231459,-77.568792
"5865",NA,30,"Lenoir Co. Comm. Coll.","Ozone","Lenoir",35.231459,-77.568792
"5866",NA,30,"Lenoir Co. Comm. Coll.","Ozone","Lenoir",35.231459,-77.568792
"5867",NA,34,"Lenoir Co. Comm. Coll.","Ozone","Lenoir",35.231459,-77.568792
"5868",NA,26,"Lenoir Co. Comm. Coll.","Ozone","Lenoir",35.231459,-77.568792
"5869",NA,22,"Lenoir Co. Comm. Coll.","Ozone","Lenoir",35.231459,-77.568792
"5870",NA,31,"Lenoir Co. Comm. Coll.","Ozone","Lenoir",35.231459,-77.568792
"5871",NA,28,"Lenoir Co. Comm. Coll.","Ozone","Lenoir",35.231459,-77.568792
"5872",NA,29,"Lenoir Co. Comm. Coll.","Ozone","Lenoir",35.231459,-77.568792
"5873",NA,35,"Lenoir Co. Comm. Coll.","Ozone","Lenoir",35.231459,-77.568792
"5874",NA,45,"Lenoir Co. Comm. Coll.","Ozone","Lenoir",35.231459,-77.568792
"5875",NA,58,"Lenoir Co. Comm. Coll.","Ozone","Lenoir",35.231459,-77.568792
"5876",NA,48,"Lenoir Co. Comm. Coll.","Ozone","Lenoir",35.231459,-77.568792
"5877",9-01-20,36,"Lenoir Co. Comm. Coll.","Ozone","Lenoir",35.231459,-77.568792
"5878",9-02-20,28,"Lenoir Co. Comm. Coll.","Ozone","Lenoir",35.231459,-77.568792
"5879",9-10-20,36,"Lenoir Co. Comm. Coll.","Ozone","Lenoir",35.231459,-77.568792
"5880",9-11-20,38,"Lenoir Co. Comm. Coll.","Ozone","Lenoir",35.231459,-77.568792
"5881",9-12-20,45,"Lenoir Co. Comm. Coll.","Ozone","Lenoir",35.231459,-77.568792
"5882",NA,40,"Lenoir Co. Comm. Coll.","Ozone","Lenoir",35.231459,-77.568792
"5883",NA,32,"Lenoir Co. Comm. Coll.","Ozone","Lenoir",35.231459,-77.568792
"5884",NA,31,"Lenoir Co. Comm. Coll.","Ozone","Lenoir",35.231459,-77.568792
"5885",NA,35,"Lenoir Co. Comm. Coll.","Ozone","Lenoir",35.231459,-77.568792
"5886",NA,42,"Lenoir Co. Comm. Coll.","Ozone","Lenoir",35.231459,-77.568792
"5887",NA,34,"Lenoir Co. Comm. Coll.","Ozone","Lenoir",35.231459,-77.568792
"5888",NA,36,"Lenoir Co. Comm. Coll.","Ozone","Lenoir",35.231459,-77.568792
"5889",NA,39,"Lenoir Co. Comm. Coll.","Ozone","Lenoir",35.231459,-77.568792
"5890",NA,41,"Lenoir Co. Comm. Coll.","Ozone","Lenoir",35.231459,-77.568792
"5891",NA,41,"Lenoir Co. Comm. Coll.","Ozone","Lenoir",35.231459,-77.568792
"5892",NA,45,"Lenoir Co. Comm. Coll.","Ozone","Lenoir",35.231459,-77.568792
"5893",NA,43,"Lenoir Co. Comm. Coll.","Ozone","Lenoir",35.231459,-77.568792
"5894",NA,46,"Lenoir Co. Comm. Coll.","Ozone","Lenoir",35.231459,-77.568792
"5895",NA,45,"Lenoir Co. Comm. Coll.","Ozone","Lenoir",35.231459,-77.568792
"5896",NA,38,"Lenoir Co. Comm. Coll.","Ozone","Lenoir",35.231459,-77.568792
"5897",NA,42,"Lenoir Co. Comm. Coll.","Ozone","Lenoir",35.231459,-77.568792
"5898",NA,48,"Lenoir Co. Comm. Coll.","Ozone","Lenoir",35.231459,-77.568792
"5899",NA,44,"Lenoir Co. Comm. Coll.","Ozone","Lenoir",35.231459,-77.568792
"5900",10-01-20,37,"Lenoir Co. Comm. Coll.","Ozone","Lenoir",35.231459,-77.568792
"5901",10-02-20,47,"Lenoir Co. Comm. Coll.","Ozone","Lenoir",35.231459,-77.568792
"5902",10-03-20,48,"Lenoir Co. Comm. Coll.","Ozone","Lenoir",35.231459,-77.568792
"5903",10-04-20,46,"Lenoir Co. Comm. Coll.","Ozone","Lenoir",35.231459,-77.568792
"5904",10-05-20,31,"Lenoir Co. Comm. Coll.","Ozone","Lenoir",35.231459,-77.568792
"5905",10-06-20,38,"Lenoir Co. Comm. Coll.","Ozone","Lenoir",35.231459,-77.568792
"5906",10-07-20,34,"Lenoir Co. Comm. Coll.","Ozone","Lenoir",35.231459,-77.568792
"5907",10-08-20,28,"Lenoir Co. Comm. Coll.","Ozone","Lenoir",35.231459,-77.568792
"5908",10-09-20,29,"Lenoir Co. Comm. Coll.","Ozone","Lenoir",35.231459,-77.568792
"5909",10-10-20,31,"Lenoir Co. Comm. Coll.","Ozone","Lenoir",35.231459,-77.568792
"5910",10-11-20,44,"Lenoir Co. Comm. Coll.","Ozone","Lenoir",35.231459,-77.568792
"5911",10-12-20,47,"Lenoir Co. Comm. Coll.","Ozone","Lenoir",35.231459,-77.568792
"5912",NA,42,"Lenoir Co. Comm. Coll.","Ozone","Lenoir",35.231459,-77.568792
"5913",NA,36,"Lenoir Co. Comm. Coll.","Ozone","Lenoir",35.231459,-77.568792
"5914",NA,42,"Lenoir Co. Comm. Coll.","Ozone","Lenoir",35.231459,-77.568792
"5915",NA,28,"Lenoir Co. Comm. Coll.","Ozone","Lenoir",35.231459,-77.568792
"5916",NA,36,"Lenoir Co. Comm. Coll.","Ozone","Lenoir",35.231459,-77.568792
"5917",NA,38,"Lenoir Co. Comm. Coll.","Ozone","Lenoir",35.231459,-77.568792
"5918",NA,35,"Lenoir Co. Comm. Coll.","Ozone","Lenoir",35.231459,-77.568792
"5919",NA,32,"Lenoir Co. Comm. Coll.","Ozone","Lenoir",35.231459,-77.568792
"5920",NA,30,"Lenoir Co. Comm. Coll.","Ozone","Lenoir",35.231459,-77.568792
"5921",NA,25,"Lenoir Co. Comm. Coll.","Ozone","Lenoir",35.231459,-77.568792
"5922",NA,38,"Lenoir Co. Comm. Coll.","Ozone","Lenoir",35.231459,-77.568792
"5923",NA,39,"Lenoir Co. Comm. Coll.","Ozone","Lenoir",35.231459,-77.568792
"5924",NA,41,"Lenoir Co. Comm. Coll.","Ozone","Lenoir",35.231459,-77.568792
"5925",NA,36,"Lenoir Co. Comm. Coll.","Ozone","Lenoir",35.231459,-77.568792
"5926",NA,22,"Lenoir Co. Comm. Coll.","Ozone","Lenoir",35.231459,-77.568792
"5927",NA,34,"Lenoir Co. Comm. Coll.","Ozone","Lenoir",35.231459,-77.568792
"5928",NA,22,"Lenoir Co. Comm. Coll.","Ozone","Lenoir",35.231459,-77.568792
"5929",NA,29,"Lenoir Co. Comm. Coll.","Ozone","Lenoir",35.231459,-77.568792
"5930",NA,31,"Lenoir Co. Comm. Coll.","Ozone","Lenoir",35.231459,-77.568792
"5931",1-01-20,20,"Crouse","Ozone","Lincoln",35.438556,-81.27675
"5932",1-02-20,15,"Crouse","Ozone","Lincoln",35.438556,-81.27675
"5933",1-03-20,14,"Crouse","Ozone","Lincoln",35.438556,-81.27675
"5934",1-04-20,26,"Crouse","Ozone","Lincoln",35.438556,-81.27675
"5935",1-05-20,34,"Crouse","Ozone","Lincoln",35.438556,-81.27675
"5936",1-06-20,33,"Crouse","Ozone","Lincoln",35.438556,-81.27675
"5937",1-07-20,27,"Crouse","Ozone","Lincoln",35.438556,-81.27675
"5938",1-08-20,33,"Crouse","Ozone","Lincoln",35.438556,-81.27675
"5939",1-09-20,36,"Crouse","Ozone","Lincoln",35.438556,-81.27675
"5940",1-10-20,28,"Crouse","Ozone","Lincoln",35.438556,-81.27675
"5941",1-11-20,26,"Crouse","Ozone","Lincoln",35.438556,-81.27675
"5942",1-12-20,24,"Crouse","Ozone","Lincoln",35.438556,-81.27675
"5943",NA,26,"Crouse","Ozone","Lincoln",35.438556,-81.27675
"5944",NA,27,"Crouse","Ozone","Lincoln",35.438556,-81.27675
"5945",NA,30,"Crouse","Ozone","Lincoln",35.438556,-81.27675
"5946",NA,33,"Crouse","Ozone","Lincoln",35.438556,-81.27675
"5947",NA,34,"Crouse","Ozone","Lincoln",35.438556,-81.27675
"5948",NA,33,"Crouse","Ozone","Lincoln",35.438556,-81.27675
"5949",NA,35,"Crouse","Ozone","Lincoln",35.438556,-81.27675
"5950",NA,30,"Crouse","Ozone","Lincoln",35.438556,-81.27675
"5951",NA,32,"Crouse","Ozone","Lincoln",35.438556,-81.27675
"5952",NA,35,"Crouse","Ozone","Lincoln",35.438556,-81.27675
"5953",NA,39,"Crouse","Ozone","Lincoln",35.438556,-81.27675
"5954",NA,33,"Crouse","Ozone","Lincoln",35.438556,-81.27675
"5955",NA,42,"Crouse","Ozone","Lincoln",35.438556,-81.27675
"5956",NA,37,"Crouse","Ozone","Lincoln",35.438556,-81.27675
"5957",NA,37,"Crouse","Ozone","Lincoln",35.438556,-81.27675
"5958",NA,36,"Crouse","Ozone","Lincoln",35.438556,-81.27675
"5959",2-01-20,41,"Crouse","Ozone","Lincoln",35.438556,-81.27675
"5960",2-02-20,43,"Crouse","Ozone","Lincoln",35.438556,-81.27675
"5961",2-03-20,44,"Crouse","Ozone","Lincoln",35.438556,-81.27675
"5962",2-04-20,43,"Crouse","Ozone","Lincoln",35.438556,-81.27675
"5963",2-05-20,36,"Crouse","Ozone","Lincoln",35.438556,-81.27675
"5964",2-06-20,22,"Crouse","Ozone","Lincoln",35.438556,-81.27675
"5965",2-07-20,34,"Crouse","Ozone","Lincoln",35.438556,-81.27675
"5966",2-08-20,40,"Crouse","Ozone","Lincoln",35.438556,-81.27675
"5967",2-09-20,39,"Crouse","Ozone","Lincoln",35.438556,-81.27675
"5968",2-10-20,31,"Crouse","Ozone","Lincoln",35.438556,-81.27675
"5969",2-11-20,22,"Crouse","Ozone","Lincoln",35.438556,-81.27675
"5970",2-12-20,19,"Crouse","Ozone","Lincoln",35.438556,-81.27675
"5971",NA,42,"Crouse","Ozone","Lincoln",35.438556,-81.27675
"5972",NA,39,"Crouse","Ozone","Lincoln",35.438556,-81.27675
"5973",NA,38,"Crouse","Ozone","Lincoln",35.438556,-81.27675
"5974",NA,38,"Crouse","Ozone","Lincoln",35.438556,-81.27675
"5975",NA,31,"Crouse","Ozone","Lincoln",35.438556,-81.27675
"5976",NA,33,"Crouse","Ozone","Lincoln",35.438556,-81.27675
"5977",NA,26,"Crouse","Ozone","Lincoln",35.438556,-81.27675
"5978",NA,29,"Crouse","Ozone","Lincoln",35.438556,-81.27675
"5979",NA,31,"Crouse","Ozone","Lincoln",35.438556,-81.27675
"5980",NA,30,"Crouse","Ozone","Lincoln",35.438556,-81.27675
"5981",NA,44,"Crouse","Ozone","Lincoln",35.438556,-81.27675
"5982",NA,43,"Crouse","Ozone","Lincoln",35.438556,-81.27675
"5983",NA,47,"Crouse","Ozone","Lincoln",35.438556,-81.27675
"5984",NA,29,"Crouse","Ozone","Lincoln",35.438556,-81.27675
"5985",NA,31,"Crouse","Ozone","Lincoln",35.438556,-81.27675
"5986",3-01-20,22,"Crouse","Ozone","Lincoln",35.438556,-81.27675
"5987",3-02-20,26,"Crouse","Ozone","Lincoln",35.438556,-81.27675
"5988",3-03-20,19,"Crouse","Ozone","Lincoln",35.438556,-81.27675
"5989",3-04-20,38,"Crouse","Ozone","Lincoln",35.438556,-81.27675
"5990",3-05-20,42,"Crouse","Ozone","Lincoln",35.438556,-81.27675
"5991",3-06-20,44,"Crouse","Ozone","Lincoln",35.438556,-81.27675
"5992",3-07-20,45,"Crouse","Ozone","Lincoln",35.438556,-81.27675
"5993",3-08-20,25,"Crouse","Ozone","Lincoln",35.438556,-81.27675
"5994",3-09-20,18,"Crouse","Ozone","Lincoln",35.438556,-81.27675
"5995",3-10-20,33,"Crouse","Ozone","Lincoln",35.438556,-81.27675
"5996",3-11-20,38,"Crouse","Ozone","Lincoln",35.438556,-81.27675
"5997",3-12-20,46,"Crouse","Ozone","Lincoln",35.438556,-81.27675
"5998",NA,54,"Crouse","Ozone","Lincoln",35.438556,-81.27675
"5999",NA,45,"Crouse","Ozone","Lincoln",35.438556,-81.27675
"6000",NA,38,"Crouse","Ozone","Lincoln",35.438556,-81.27675
"6001",NA,45,"Crouse","Ozone","Lincoln",35.438556,-81.27675
"6002",NA,47,"Crouse","Ozone","Lincoln",35.438556,-81.27675
"6003",NA,47,"Crouse","Ozone","Lincoln",35.438556,-81.27675
"6004",NA,48,"Crouse","Ozone","Lincoln",35.438556,-81.27675
"6005",NA,58,"Crouse","Ozone","Lincoln",35.438556,-81.27675
"6006",NA,54,"Crouse","Ozone","Lincoln",35.438556,-81.27675
"6007",NA,49,"Crouse","Ozone","Lincoln",35.438556,-81.27675
"6008",NA,61,"Crouse","Ozone","Lincoln",35.438556,-81.27675
"6009",NA,64,"Crouse","Ozone","Lincoln",35.438556,-81.27675
"6010",NA,46,"Crouse","Ozone","Lincoln",35.438556,-81.27675
"6011",NA,46,"Crouse","Ozone","Lincoln",35.438556,-81.27675
"6012",NA,61,"Crouse","Ozone","Lincoln",35.438556,-81.27675
"6013",NA,74,"Crouse","Ozone","Lincoln",35.438556,-81.27675
"6014",NA,51,"Crouse","Ozone","Lincoln",35.438556,-81.27675
"6015",NA,44,"Crouse","Ozone","Lincoln",35.438556,-81.27675
"6016",4-01-20,47,"Crouse","Ozone","Lincoln",35.438556,-81.27675
"6017",4-02-20,50,"Crouse","Ozone","Lincoln",35.438556,-81.27675
"6018",4-03-20,64,"Crouse","Ozone","Lincoln",35.438556,-81.27675
"6019",4-04-20,74,"Crouse","Ozone","Lincoln",35.438556,-81.27675
"6020",4-05-20,37,"Crouse","Ozone","Lincoln",35.438556,-81.27675
"6021",4-06-20,46,"Crouse","Ozone","Lincoln",35.438556,-81.27675
"6022",4-07-20,31,"Crouse","Ozone","Lincoln",35.438556,-81.27675
"6023",4-08-20,32,"Crouse","Ozone","Lincoln",35.438556,-81.27675
"6024",4-09-20,30,"Crouse","Ozone","Lincoln",35.438556,-81.27675
"6025",4-10-20,77,"Crouse","Ozone","Lincoln",35.438556,-81.27675
"6026",4-11-20,61,"Crouse","Ozone","Lincoln",35.438556,-81.27675
"6027",4-12-20,33,"Crouse","Ozone","Lincoln",35.438556,-81.27675
"6028",NA,33,"Crouse","Ozone","Lincoln",35.438556,-81.27675
"6029",NA,36,"Crouse","Ozone","Lincoln",35.438556,-81.27675
"6030",NA,48,"Crouse","Ozone","Lincoln",35.438556,-81.27675
"6031",NA,50,"Crouse","Ozone","Lincoln",35.438556,-81.27675
"6032",NA,67,"Crouse","Ozone","Lincoln",35.438556,-81.27675
"6033",NA,44,"Crouse","Ozone","Lincoln",35.438556,-81.27675
"6034",NA,31,"Crouse","Ozone","Lincoln",35.438556,-81.27675
"6035",NA,35,"Crouse","Ozone","Lincoln",35.438556,-81.27675
"6036",NA,44,"Crouse","Ozone","Lincoln",35.438556,-81.27675
"6037",NA,48,"Crouse","Ozone","Lincoln",35.438556,-81.27675
"6038",NA,58,"Crouse","Ozone","Lincoln",35.438556,-81.27675
"6039",NA,44,"Crouse","Ozone","Lincoln",35.438556,-81.27675
"6040",NA,48,"Crouse","Ozone","Lincoln",35.438556,-81.27675
"6041",NA,64,"Crouse","Ozone","Lincoln",35.438556,-81.27675
"6042",NA,51,"Crouse","Ozone","Lincoln",35.438556,-81.27675
"6043",NA,44,"Crouse","Ozone","Lincoln",35.438556,-81.27675
"6044",NA,50,"Crouse","Ozone","Lincoln",35.438556,-81.27675
"6045",5-01-20,32,"Crouse","Ozone","Lincoln",35.438556,-81.27675
"6046",5-02-20,40,"Crouse","Ozone","Lincoln",35.438556,-81.27675
"6047",5-03-20,29,"Crouse","Ozone","Lincoln",35.438556,-81.27675
"6048",5-04-20,32,"Crouse","Ozone","Lincoln",35.438556,-81.27675
"6049",5-05-20,28,"Crouse","Ozone","Lincoln",35.438556,-81.27675
"6050",5-06-20,44,"Crouse","Ozone","Lincoln",35.438556,-81.27675
"6051",5-07-20,42,"Crouse","Ozone","Lincoln",35.438556,-81.27675
"6052",5-08-20,40,"Crouse","Ozone","Lincoln",35.438556,-81.27675
"6053",5-09-20,41,"Crouse","Ozone","Lincoln",35.438556,-81.27675
"6054",5-10-20,31,"Crouse","Ozone","Lincoln",35.438556,-81.27675
"6055",5-11-20,27,"Crouse","Ozone","Lincoln",35.438556,-81.27675
"6056",5-12-20,36,"Crouse","Ozone","Lincoln",35.438556,-81.27675
"6057",NA,39,"Crouse","Ozone","Lincoln",35.438556,-81.27675
"6058",NA,44,"Crouse","Ozone","Lincoln",35.438556,-81.27675
"6059",NA,48,"Crouse","Ozone","Lincoln",35.438556,-81.27675
"6060",NA,58,"Crouse","Ozone","Lincoln",35.438556,-81.27675
"6061",NA,58,"Crouse","Ozone","Lincoln",35.438556,-81.27675
"6062",NA,64,"Crouse","Ozone","Lincoln",35.438556,-81.27675
"6063",NA,45,"Crouse","Ozone","Lincoln",35.438556,-81.27675
"6064",NA,49,"Crouse","Ozone","Lincoln",35.438556,-81.27675
"6065",NA,80,"Crouse","Ozone","Lincoln",35.438556,-81.27675
"6066",NA,39,"Crouse","Ozone","Lincoln",35.438556,-81.27675
"6067",NA,40,"Crouse","Ozone","Lincoln",35.438556,-81.27675
"6068",NA,44,"Crouse","Ozone","Lincoln",35.438556,-81.27675
"6069",NA,50,"Crouse","Ozone","Lincoln",35.438556,-81.27675
"6070",NA,41,"Crouse","Ozone","Lincoln",35.438556,-81.27675
"6071",NA,43,"Crouse","Ozone","Lincoln",35.438556,-81.27675
"6072",NA,47,"Crouse","Ozone","Lincoln",35.438556,-81.27675
"6073",NA,43,"Crouse","Ozone","Lincoln",35.438556,-81.27675
"6074",NA,61,"Crouse","Ozone","Lincoln",35.438556,-81.27675
"6075",NA,46,"Crouse","Ozone","Lincoln",35.438556,-81.27675
"6076",6-01-20,58,"Crouse","Ozone","Lincoln",35.438556,-81.27675
"6077",6-02-20,67,"Crouse","Ozone","Lincoln",35.438556,-81.27675
"6078",6-03-20,64,"Crouse","Ozone","Lincoln",35.438556,-81.27675
"6079",6-04-20,90,"Crouse","Ozone","Lincoln",35.438556,-81.27675
"6080",6-05-20,40,"Crouse","Ozone","Lincoln",35.438556,-81.27675
"6081",6-06-20,39,"Crouse","Ozone","Lincoln",35.438556,-81.27675
"6082",6-07-20,19,"Crouse","Ozone","Lincoln",35.438556,-81.27675
"6083",6-08-20,37,"Crouse","Ozone","Lincoln",35.438556,-81.27675
"6084",6-09-20,27,"Crouse","Ozone","Lincoln",35.438556,-81.27675
"6085",6-10-20,32,"Crouse","Ozone","Lincoln",35.438556,-81.27675
"6086",6-11-20,44,"Crouse","Ozone","Lincoln",35.438556,-81.27675
"6087",6-12-20,37,"Crouse","Ozone","Lincoln",35.438556,-81.27675
"6088",NA,47,"Crouse","Ozone","Lincoln",35.438556,-81.27675
"6089",NA,48,"Crouse","Ozone","Lincoln",35.438556,-81.27675
"6090",NA,48,"Crouse","Ozone","Lincoln",35.438556,-81.27675
"6091",NA,45,"Crouse","Ozone","Lincoln",35.438556,-81.27675
"6092",NA,43,"Crouse","Ozone","Lincoln",35.438556,-81.27675
"6093",NA,26,"Crouse","Ozone","Lincoln",35.438556,-81.27675
"6094",NA,32,"Crouse","Ozone","Lincoln",35.438556,-81.27675
"6095",NA,43,"Crouse","Ozone","Lincoln",35.438556,-81.27675
"6096",NA,45,"Crouse","Ozone","Lincoln",35.438556,-81.27675
"6097",NA,40,"Crouse","Ozone","Lincoln",35.438556,-81.27675
"6098",NA,39,"Crouse","Ozone","Lincoln",35.438556,-81.27675
"6099",NA,31,"Crouse","Ozone","Lincoln",35.438556,-81.27675
"6100",NA,39,"Crouse","Ozone","Lincoln",35.438556,-81.27675
"6101",NA,47,"Crouse","Ozone","Lincoln",35.438556,-81.27675
"6102",NA,90,"Crouse","Ozone","Lincoln",35.438556,-81.27675
"6103",NA,74,"Crouse","Ozone","Lincoln",35.438556,-81.27675
"6104",NA,67,"Crouse","Ozone","Lincoln",35.438556,-81.27675
"6105",NA,43,"Crouse","Ozone","Lincoln",35.438556,-81.27675
"6106",7-01-20,58,"Crouse","Ozone","Lincoln",35.438556,-81.27675
"6107",7-02-20,47,"Crouse","Ozone","Lincoln",35.438556,-81.27675
"6108",7-03-20,45,"Crouse","Ozone","Lincoln",35.438556,-81.27675
"6109",7-04-20,45,"Crouse","Ozone","Lincoln",35.438556,-81.27675
"6110",7-05-20,40,"Crouse","Ozone","Lincoln",35.438556,-81.27675
"6111",7-06-20,31,"Crouse","Ozone","Lincoln",35.438556,-81.27675
"6112",7-07-20,36,"Crouse","Ozone","Lincoln",35.438556,-81.27675
"6113",7-08-20,43,"Crouse","Ozone","Lincoln",35.438556,-81.27675
"6114",7-09-20,28,"Crouse","Ozone","Lincoln",35.438556,-81.27675
"6115",7-10-20,49,"Crouse","Ozone","Lincoln",35.438556,-81.27675
"6116",7-11-20,35,"Crouse","Ozone","Lincoln",35.438556,-81.27675
"6117",7-12-20,42,"Crouse","Ozone","Lincoln",35.438556,-81.27675
"6118",NA,41,"Crouse","Ozone","Lincoln",35.438556,-81.27675
"6119",NA,35,"Crouse","Ozone","Lincoln",35.438556,-81.27675
"6120",NA,58,"Crouse","Ozone","Lincoln",35.438556,-81.27675
"6121",NA,40,"Crouse","Ozone","Lincoln",35.438556,-81.27675
"6122",NA,35,"Crouse","Ozone","Lincoln",35.438556,-81.27675
"6123",NA,37,"Crouse","Ozone","Lincoln",35.438556,-81.27675
"6124",NA,42,"Crouse","Ozone","Lincoln",35.438556,-81.27675
"6125",NA,39,"Crouse","Ozone","Lincoln",35.438556,-81.27675
"6126",NA,41,"Crouse","Ozone","Lincoln",35.438556,-81.27675
"6127",NA,41,"Crouse","Ozone","Lincoln",35.438556,-81.27675
"6128",NA,26,"Crouse","Ozone","Lincoln",35.438556,-81.27675
"6129",NA,44,"Crouse","Ozone","Lincoln",35.438556,-81.27675
"6130",NA,49,"Crouse","Ozone","Lincoln",35.438556,-81.27675
"6131",NA,54,"Crouse","Ozone","Lincoln",35.438556,-81.27675
"6132",NA,80,"Crouse","Ozone","Lincoln",35.438556,-81.27675
"6133",NA,61,"Crouse","Ozone","Lincoln",35.438556,-81.27675
"6134",NA,64,"Crouse","Ozone","Lincoln",35.438556,-81.27675
"6135",NA,58,"Crouse","Ozone","Lincoln",35.438556,-81.27675
"6136",NA,48,"Crouse","Ozone","Lincoln",35.438556,-81.27675
"6137",8-01-20,61,"Crouse","Ozone","Lincoln",35.438556,-81.27675
"6138",8-02-20,51,"Crouse","Ozone","Lincoln",35.438556,-81.27675
"6139",8-03-20,64,"Crouse","Ozone","Lincoln",35.438556,-81.27675
"6140",8-04-20,44,"Crouse","Ozone","Lincoln",35.438556,-81.27675
"6141",8-05-20,39,"Crouse","Ozone","Lincoln",35.438556,-81.27675
"6142",8-06-20,51,"Crouse","Ozone","Lincoln",35.438556,-81.27675
"6143",8-07-20,47,"Crouse","Ozone","Lincoln",35.438556,-81.27675
"6144",8-08-20,43,"Crouse","Ozone","Lincoln",35.438556,-81.27675
"6145",8-09-20,50,"Crouse","Ozone","Lincoln",35.438556,-81.27675
"6146",8-10-20,43,"Crouse","Ozone","Lincoln",35.438556,-81.27675
"6147",8-11-20,74,"Crouse","Ozone","Lincoln",35.438556,-81.27675
"6148",8-12-20,46,"Crouse","Ozone","Lincoln",35.438556,-81.27675
"6149",NA,54,"Crouse","Ozone","Lincoln",35.438556,-81.27675
"6150",NA,39,"Crouse","Ozone","Lincoln",35.438556,-81.27675
"6151",NA,46,"Crouse","Ozone","Lincoln",35.438556,-81.27675
"6152",NA,61,"Crouse","Ozone","Lincoln",35.438556,-81.27675
"6153",NA,51,"Crouse","Ozone","Lincoln",35.438556,-81.27675
"6154",NA,48,"Crouse","Ozone","Lincoln",35.438556,-81.27675
"6155",NA,48,"Crouse","Ozone","Lincoln",35.438556,-81.27675
"6156",NA,32,"Crouse","Ozone","Lincoln",35.438556,-81.27675
"6157",NA,43,"Crouse","Ozone","Lincoln",35.438556,-81.27675
"6158",NA,44,"Crouse","Ozone","Lincoln",35.438556,-81.27675
"6159",NA,38,"Crouse","Ozone","Lincoln",35.438556,-81.27675
"6160",NA,28,"Crouse","Ozone","Lincoln",35.438556,-81.27675
"6161",NA,31,"Crouse","Ozone","Lincoln",35.438556,-81.27675
"6162",NA,35,"Crouse","Ozone","Lincoln",35.438556,-81.27675
"6163",NA,21,"Crouse","Ozone","Lincoln",35.438556,-81.27675
"6164",NA,36,"Crouse","Ozone","Lincoln",35.438556,-81.27675
"6165",NA,46,"Crouse","Ozone","Lincoln",35.438556,-81.27675
"6166",NA,64,"Crouse","Ozone","Lincoln",35.438556,-81.27675
"6167",NA,67,"Crouse","Ozone","Lincoln",35.438556,-81.27675
"6168",9-01-20,51,"Crouse","Ozone","Lincoln",35.438556,-81.27675
"6169",9-02-20,45,"Crouse","Ozone","Lincoln",35.438556,-81.27675
"6170",9-03-20,61,"Crouse","Ozone","Lincoln",35.438556,-81.27675
"6171",9-04-20,77,"Crouse","Ozone","Lincoln",35.438556,-81.27675
"6172",9-05-20,29,"Crouse","Ozone","Lincoln",35.438556,-81.27675
"6173",9-06-20,47,"Crouse","Ozone","Lincoln",35.438556,-81.27675
"6174",9-07-20,51,"Crouse","Ozone","Lincoln",35.438556,-81.27675
"6175",9-08-20,64,"Crouse","Ozone","Lincoln",35.438556,-81.27675
"6176",9-09-20,97,"Crouse","Ozone","Lincoln",35.438556,-81.27675
"6177",9-10-20,74,"Crouse","Ozone","Lincoln",35.438556,-81.27675
"6178",9-11-20,84,"Crouse","Ozone","Lincoln",35.438556,-81.27675
"6179",9-12-20,77,"Crouse","Ozone","Lincoln",35.438556,-81.27675
"6180",NA,71,"Crouse","Ozone","Lincoln",35.438556,-81.27675
"6181",NA,44,"Crouse","Ozone","Lincoln",35.438556,-81.27675
"6182",NA,47,"Crouse","Ozone","Lincoln",35.438556,-81.27675
"6183",NA,51,"Crouse","Ozone","Lincoln",35.438556,-81.27675
"6184",NA,67,"Crouse","Ozone","Lincoln",35.438556,-81.27675
"6185",NA,44,"Crouse","Ozone","Lincoln",35.438556,-81.27675
"6186",NA,42,"Crouse","Ozone","Lincoln",35.438556,-81.27675
"6187",NA,58,"Crouse","Ozone","Lincoln",35.438556,-81.27675
"6188",NA,58,"Crouse","Ozone","Lincoln",35.438556,-81.27675
"6189",NA,48,"Crouse","Ozone","Lincoln",35.438556,-81.27675
"6190",NA,47,"Crouse","Ozone","Lincoln",35.438556,-81.27675
"6191",NA,46,"Crouse","Ozone","Lincoln",35.438556,-81.27675
"6192",NA,84,"Crouse","Ozone","Lincoln",35.438556,-81.27675
"6193",NA,44,"Crouse","Ozone","Lincoln",35.438556,-81.27675
"6194",NA,74,"Crouse","Ozone","Lincoln",35.438556,-81.27675
"6195",NA,37,"Crouse","Ozone","Lincoln",35.438556,-81.27675
"6196",NA,48,"Crouse","Ozone","Lincoln",35.438556,-81.27675
"6197",NA,54,"Crouse","Ozone","Lincoln",35.438556,-81.27675
"6198",10-01-20,64,"Crouse","Ozone","Lincoln",35.438556,-81.27675
"6199",10-02-20,48,"Crouse","Ozone","Lincoln",35.438556,-81.27675
"6200",10-03-20,45,"Crouse","Ozone","Lincoln",35.438556,-81.27675
"6201",10-04-20,51,"Crouse","Ozone","Lincoln",35.438556,-81.27675
"6202",10-05-20,36,"Crouse","Ozone","Lincoln",35.438556,-81.27675
"6203",10-06-20,31,"Crouse","Ozone","Lincoln",35.438556,-81.27675
"6204",10-07-20,44,"Crouse","Ozone","Lincoln",35.438556,-81.27675
"6205",10-08-20,29,"Crouse","Ozone","Lincoln",35.438556,-81.27675
"6206",10-09-20,41,"Crouse","Ozone","Lincoln",35.438556,-81.27675
"6207",10-10-20,45,"Crouse","Ozone","Lincoln",35.438556,-81.27675
"6208",10-11-20,50,"Crouse","Ozone","Lincoln",35.438556,-81.27675
"6209",10-12-20,54,"Crouse","Ozone","Lincoln",35.438556,-81.27675
"6210",NA,15,"Crouse","Ozone","Lincoln",35.438556,-81.27675
"6211",NA,41,"Crouse","Ozone","Lincoln",35.438556,-81.27675
"6212",NA,50,"Crouse","Ozone","Lincoln",35.438556,-81.27675
"6213",NA,36,"Crouse","Ozone","Lincoln",35.438556,-81.27675
"6214",NA,34,"Crouse","Ozone","Lincoln",35.438556,-81.27675
"6215",NA,41,"Crouse","Ozone","Lincoln",35.438556,-81.27675
"6216",NA,31,"Crouse","Ozone","Lincoln",35.438556,-81.27675
"6217",NA,34,"Crouse","Ozone","Lincoln",35.438556,-81.27675
"6218",NA,22,"Crouse","Ozone","Lincoln",35.438556,-81.27675
"6219",NA,31,"Crouse","Ozone","Lincoln",35.438556,-81.27675
"6220",NA,36,"Crouse","Ozone","Lincoln",35.438556,-81.27675
"6221",NA,40,"Crouse","Ozone","Lincoln",35.438556,-81.27675
"6222",NA,32,"Crouse","Ozone","Lincoln",35.438556,-81.27675
"6223",NA,38,"Crouse","Ozone","Lincoln",35.438556,-81.27675
"6224",NA,31,"Crouse","Ozone","Lincoln",35.438556,-81.27675
"6225",NA,39,"Crouse","Ozone","Lincoln",35.438556,-81.27675
"6226",NA,33,"Crouse","Ozone","Lincoln",35.438556,-81.27675
"6227",NA,23,"Crouse","Ozone","Lincoln",35.438556,-81.27675
"6228",NA,20,"Crouse","Ozone","Lincoln",35.438556,-81.27675
"6229",1-01-20,30,"Coweeta","Ozone","Macon",35.0608,-83.4306
"6230",1-02-20,10,"Coweeta","Ozone","Macon",35.0608,-83.4306
"6231",1-03-20,18,"Coweeta","Ozone","Macon",35.0608,-83.4306
"6232",1-04-20,28,"Coweeta","Ozone","Macon",35.0608,-83.4306
"6233",1-05-20,36,"Coweeta","Ozone","Macon",35.0608,-83.4306
"6234",1-06-20,21,"Coweeta","Ozone","Macon",35.0608,-83.4306
"6235",1-07-20,35,"Coweeta","Ozone","Macon",35.0608,-83.4306
"6236",1-08-20,38,"Coweeta","Ozone","Macon",35.0608,-83.4306
"6237",1-09-20,37,"Coweeta","Ozone","Macon",35.0608,-83.4306
"6238",1-10-20,32,"Coweeta","Ozone","Macon",35.0608,-83.4306
"6239",1-11-20,31,"Coweeta","Ozone","Macon",35.0608,-83.4306
"6240",1-12-20,33,"Coweeta","Ozone","Macon",35.0608,-83.4306
"6241",NA,20,"Coweeta","Ozone","Macon",35.0608,-83.4306
"6242",NA,23,"Coweeta","Ozone","Macon",35.0608,-83.4306
"6243",NA,31,"Coweeta","Ozone","Macon",35.0608,-83.4306
"6244",NA,26,"Coweeta","Ozone","Macon",35.0608,-83.4306
"6245",NA,23,"Coweeta","Ozone","Macon",35.0608,-83.4306
"6246",NA,18,"Coweeta","Ozone","Macon",35.0608,-83.4306
"6247",NA,26,"Coweeta","Ozone","Macon",35.0608,-83.4306
"6248",NA,38,"Coweeta","Ozone","Macon",35.0608,-83.4306
"6249",NA,35,"Coweeta","Ozone","Macon",35.0608,-83.4306
"6250",NA,38,"Coweeta","Ozone","Macon",35.0608,-83.4306
"6251",NA,34,"Coweeta","Ozone","Macon",35.0608,-83.4306
"6252",NA,31,"Coweeta","Ozone","Macon",35.0608,-83.4306
"6253",NA,35,"Coweeta","Ozone","Macon",35.0608,-83.4306
"6254",NA,35,"Coweeta","Ozone","Macon",35.0608,-83.4306
"6255",NA,33,"Coweeta","Ozone","Macon",35.0608,-83.4306
"6256",NA,40,"Coweeta","Ozone","Macon",35.0608,-83.4306
"6257",NA,34,"Coweeta","Ozone","Macon",35.0608,-83.4306
"6258",NA,36,"Coweeta","Ozone","Macon",35.0608,-83.4306
"6259",NA,36,"Coweeta","Ozone","Macon",35.0608,-83.4306
"6260",2-01-20,35,"Coweeta","Ozone","Macon",35.0608,-83.4306
"6261",2-02-20,35,"Coweeta","Ozone","Macon",35.0608,-83.4306
"6262",2-03-20,30,"Coweeta","Ozone","Macon",35.0608,-83.4306
"6263",2-04-20,27,"Coweeta","Ozone","Macon",35.0608,-83.4306
"6264",2-05-20,28,"Coweeta","Ozone","Macon",35.0608,-83.4306
"6265",2-06-20,15,"Coweeta","Ozone","Macon",35.0608,-83.4306
"6266",2-07-20,31,"Coweeta","Ozone","Macon",35.0608,-83.4306
"6267",2-08-20,41,"Coweeta","Ozone","Macon",35.0608,-83.4306
"6268",2-09-20,37,"Coweeta","Ozone","Macon",35.0608,-83.4306
"6269",2-10-20,34,"Coweeta","Ozone","Macon",35.0608,-83.4306
"6270",2-11-20,27,"Coweeta","Ozone","Macon",35.0608,-83.4306
"6271",2-12-20,40,"Coweeta","Ozone","Macon",35.0608,-83.4306
"6272",NA,42,"Coweeta","Ozone","Macon",35.0608,-83.4306
"6273",NA,42,"Coweeta","Ozone","Macon",35.0608,-83.4306
"6274",NA,34,"Coweeta","Ozone","Macon",35.0608,-83.4306
"6275",NA,35,"Coweeta","Ozone","Macon",35.0608,-83.4306
"6276",NA,31,"Coweeta","Ozone","Macon",35.0608,-83.4306
"6277",NA,37,"Coweeta","Ozone","Macon",35.0608,-83.4306
"6278",NA,42,"Coweeta","Ozone","Macon",35.0608,-83.4306
"6279",NA,35,"Coweeta","Ozone","Macon",35.0608,-83.4306
"6280",NA,27,"Coweeta","Ozone","Macon",35.0608,-83.4306
"6281",NA,30,"Coweeta","Ozone","Macon",35.0608,-83.4306
"6282",NA,28,"Coweeta","Ozone","Macon",35.0608,-83.4306
"6283",NA,44,"Coweeta","Ozone","Macon",35.0608,-83.4306
"6284",NA,41,"Coweeta","Ozone","Macon",35.0608,-83.4306
"6285",NA,44,"Coweeta","Ozone","Macon",35.0608,-83.4306
"6286",NA,33,"Coweeta","Ozone","Macon",35.0608,-83.4306
"6287",NA,23,"Coweeta","Ozone","Macon",35.0608,-83.4306
"6288",3-02-20,31,"Coweeta","Ozone","Macon",35.0608,-83.4306
"6289",3-03-20,25,"Coweeta","Ozone","Macon",35.0608,-83.4306
"6290",3-04-20,39,"Coweeta","Ozone","Macon",35.0608,-83.4306
"6291",3-05-20,43,"Coweeta","Ozone","Macon",35.0608,-83.4306
"6292",3-06-20,44,"Coweeta","Ozone","Macon",35.0608,-83.4306
"6293",3-07-20,45,"Coweeta","Ozone","Macon",35.0608,-83.4306
"6294",3-08-20,42,"Coweeta","Ozone","Macon",35.0608,-83.4306
"6295",3-09-20,37,"Coweeta","Ozone","Macon",35.0608,-83.4306
"6296",3-10-20,42,"Coweeta","Ozone","Macon",35.0608,-83.4306
"6297",3-11-20,31,"Coweeta","Ozone","Macon",35.0608,-83.4306
"6298",3-12-20,45,"Coweeta","Ozone","Macon",35.0608,-83.4306
"6299",NA,51,"Coweeta","Ozone","Macon",35.0608,-83.4306
"6300",NA,39,"Coweeta","Ozone","Macon",35.0608,-83.4306
"6301",NA,46,"Coweeta","Ozone","Macon",35.0608,-83.4306
"6302",NA,45,"Coweeta","Ozone","Macon",35.0608,-83.4306
"6303",NA,46,"Coweeta","Ozone","Macon",35.0608,-83.4306
"6304",NA,48,"Coweeta","Ozone","Macon",35.0608,-83.4306
"6305",NA,44,"Coweeta","Ozone","Macon",35.0608,-83.4306
"6306",NA,58,"Coweeta","Ozone","Macon",35.0608,-83.4306
"6307",NA,54,"Coweeta","Ozone","Macon",35.0608,-83.4306
"6308",NA,49,"Coweeta","Ozone","Macon",35.0608,-83.4306
"6309",NA,54,"Coweeta","Ozone","Macon",35.0608,-83.4306
"6310",NA,87,"Coweeta","Ozone","Macon",35.0608,-83.4306
"6311",NA,43,"Coweeta","Ozone","Macon",35.0608,-83.4306
"6312",NA,38,"Coweeta","Ozone","Macon",35.0608,-83.4306
"6313",NA,44,"Coweeta","Ozone","Macon",35.0608,-83.4306
"6314",NA,49,"Coweeta","Ozone","Macon",35.0608,-83.4306
"6315",NA,51,"Coweeta","Ozone","Macon",35.0608,-83.4306
"6316",NA,58,"Coweeta","Ozone","Macon",35.0608,-83.4306
"6317",NA,45,"Coweeta","Ozone","Macon",35.0608,-83.4306
"6318",4-01-20,48,"Coweeta","Ozone","Macon",35.0608,-83.4306
"6319",4-02-20,46,"Coweeta","Ozone","Macon",35.0608,-83.4306
"6320",4-03-20,51,"Coweeta","Ozone","Macon",35.0608,-83.4306
"6321",4-04-20,64,"Coweeta","Ozone","Macon",35.0608,-83.4306
"6322",4-05-20,39,"Coweeta","Ozone","Macon",35.0608,-83.4306
"6323",4-06-20,42,"Coweeta","Ozone","Macon",35.0608,-83.4306
"6324",4-07-20,41,"Coweeta","Ozone","Macon",35.0608,-83.4306
"6325",4-08-20,28,"Coweeta","Ozone","Macon",35.0608,-83.4306
"6326",4-09-20,35,"Coweeta","Ozone","Macon",35.0608,-83.4306
"6327",4-10-20,44,"Coweeta","Ozone","Macon",35.0608,-83.4306
"6328",4-11-20,47,"Coweeta","Ozone","Macon",35.0608,-83.4306
"6329",4-12-20,44,"Coweeta","Ozone","Macon",35.0608,-83.4306
"6330",NA,41,"Coweeta","Ozone","Macon",35.0608,-83.4306
"6331",NA,42,"Coweeta","Ozone","Macon",35.0608,-83.4306
"6332",NA,47,"Coweeta","Ozone","Macon",35.0608,-83.4306
"6333",NA,48,"Coweeta","Ozone","Macon",35.0608,-83.4306
"6334",NA,74,"Coweeta","Ozone","Macon",35.0608,-83.4306
"6335",NA,49,"Coweeta","Ozone","Macon",35.0608,-83.4306
"6336",NA,38,"Coweeta","Ozone","Macon",35.0608,-83.4306
"6337",NA,31,"Coweeta","Ozone","Macon",35.0608,-83.4306
"6338",NA,49,"Coweeta","Ozone","Macon",35.0608,-83.4306
"6339",NA,39,"Coweeta","Ozone","Macon",35.0608,-83.4306
"6340",NA,44,"Coweeta","Ozone","Macon",35.0608,-83.4306
"6341",NA,44,"Coweeta","Ozone","Macon",35.0608,-83.4306
"6342",NA,47,"Coweeta","Ozone","Macon",35.0608,-83.4306
"6343",NA,54,"Coweeta","Ozone","Macon",35.0608,-83.4306
"6344",NA,61,"Coweeta","Ozone","Macon",35.0608,-83.4306
"6345",NA,54,"Coweeta","Ozone","Macon",35.0608,-83.4306
"6346",NA,50,"Coweeta","Ozone","Macon",35.0608,-83.4306
"6347",NA,51,"Coweeta","Ozone","Macon",35.0608,-83.4306
"6348",5-01-20,34,"Coweeta","Ozone","Macon",35.0608,-83.4306
"6349",5-02-20,36,"Coweeta","Ozone","Macon",35.0608,-83.4306
"6350",5-03-20,27,"Coweeta","Ozone","Macon",35.0608,-83.4306
"6351",5-04-20,25,"Coweeta","Ozone","Macon",35.0608,-83.4306
"6352",5-05-20,36,"Coweeta","Ozone","Macon",35.0608,-83.4306
"6353",5-06-20,34,"Coweeta","Ozone","Macon",35.0608,-83.4306
"6354",5-07-20,37,"Coweeta","Ozone","Macon",35.0608,-83.4306
"6355",5-08-20,43,"Coweeta","Ozone","Macon",35.0608,-83.4306
"6356",5-09-20,42,"Coweeta","Ozone","Macon",35.0608,-83.4306
"6357",5-10-20,34,"Coweeta","Ozone","Macon",35.0608,-83.4306
"6358",5-11-20,25,"Coweeta","Ozone","Macon",35.0608,-83.4306
"6359",5-12-20,27,"Coweeta","Ozone","Macon",35.0608,-83.4306
"6360",NA,38,"Coweeta","Ozone","Macon",35.0608,-83.4306
"6361",NA,45,"Coweeta","Ozone","Macon",35.0608,-83.4306
"6362",NA,41,"Coweeta","Ozone","Macon",35.0608,-83.4306
"6363",NA,43,"Coweeta","Ozone","Macon",35.0608,-83.4306
"6364",NA,27,"Coweeta","Ozone","Macon",35.0608,-83.4306
"6365",NA,44,"Coweeta","Ozone","Macon",35.0608,-83.4306
"6366",NA,45,"Coweeta","Ozone","Macon",35.0608,-83.4306
"6367",NA,43,"Coweeta","Ozone","Macon",35.0608,-83.4306
"6368",NA,44,"Coweeta","Ozone","Macon",35.0608,-83.4306
"6369",NA,45,"Coweeta","Ozone","Macon",35.0608,-83.4306
"6370",NA,31,"Coweeta","Ozone","Macon",35.0608,-83.4306
"6371",NA,29,"Coweeta","Ozone","Macon",35.0608,-83.4306
"6372",NA,33,"Coweeta","Ozone","Macon",35.0608,-83.4306
"6373",NA,42,"Coweeta","Ozone","Macon",35.0608,-83.4306
"6374",NA,40,"Coweeta","Ozone","Macon",35.0608,-83.4306
"6375",NA,39,"Coweeta","Ozone","Macon",35.0608,-83.4306
"6376",NA,43,"Coweeta","Ozone","Macon",35.0608,-83.4306
"6377",NA,44,"Coweeta","Ozone","Macon",35.0608,-83.4306
"6378",NA,46,"Coweeta","Ozone","Macon",35.0608,-83.4306
"6379",6-01-20,48,"Coweeta","Ozone","Macon",35.0608,-83.4306
"6380",6-02-20,50,"Coweeta","Ozone","Macon",35.0608,-83.4306
"6381",6-03-20,54,"Coweeta","Ozone","Macon",35.0608,-83.4306
"6382",6-04-20,47,"Coweeta","Ozone","Macon",35.0608,-83.4306
"6383",6-05-20,25,"Coweeta","Ozone","Macon",35.0608,-83.4306
"6384",6-06-20,18,"Coweeta","Ozone","Macon",35.0608,-83.4306
"6385",6-07-20,21,"Coweeta","Ozone","Macon",35.0608,-83.4306
"6386",6-08-20,27,"Coweeta","Ozone","Macon",35.0608,-83.4306
"6387",6-09-20,27,"Coweeta","Ozone","Macon",35.0608,-83.4306
"6388",6-10-20,25,"Coweeta","Ozone","Macon",35.0608,-83.4306
"6389",6-11-20,38,"Coweeta","Ozone","Macon",35.0608,-83.4306
"6390",6-12-20,42,"Coweeta","Ozone","Macon",35.0608,-83.4306
"6391",NA,40,"Coweeta","Ozone","Macon",35.0608,-83.4306
"6392",NA,48,"Coweeta","Ozone","Macon",35.0608,-83.4306
"6393",NA,33,"Coweeta","Ozone","Macon",35.0608,-83.4306
"6394",NA,26,"Coweeta","Ozone","Macon",35.0608,-83.4306
"6395",NA,19,"Coweeta","Ozone","Macon",35.0608,-83.4306
"6396",NA,20,"Coweeta","Ozone","Macon",35.0608,-83.4306
"6397",NA,44,"Coweeta","Ozone","Macon",35.0608,-83.4306
"6398",NA,42,"Coweeta","Ozone","Macon",35.0608,-83.4306
"6399",NA,27,"Coweeta","Ozone","Macon",35.0608,-83.4306
"6400",NA,24,"Coweeta","Ozone","Macon",35.0608,-83.4306
"6401",NA,22,"Coweeta","Ozone","Macon",35.0608,-83.4306
"6402",NA,27,"Coweeta","Ozone","Macon",35.0608,-83.4306
"6403",NA,26,"Coweeta","Ozone","Macon",35.0608,-83.4306
"6404",NA,38,"Coweeta","Ozone","Macon",35.0608,-83.4306
"6405",NA,48,"Coweeta","Ozone","Macon",35.0608,-83.4306
"6406",NA,43,"Coweeta","Ozone","Macon",35.0608,-83.4306
"6407",NA,36,"Coweeta","Ozone","Macon",35.0608,-83.4306
"6408",7-01-20,40,"Coweeta","Ozone","Macon",35.0608,-83.4306
"6409",7-02-20,33,"Coweeta","Ozone","Macon",35.0608,-83.4306
"6410",7-03-20,27,"Coweeta","Ozone","Macon",35.0608,-83.4306
"6411",7-04-20,21,"Coweeta","Ozone","Macon",35.0608,-83.4306
"6412",7-05-20,19,"Coweeta","Ozone","Macon",35.0608,-83.4306
"6413",7-06-20,14,"Coweeta","Ozone","Macon",35.0608,-83.4306
"6414",7-07-20,17,"Coweeta","Ozone","Macon",35.0608,-83.4306
"6415",7-08-20,22,"Coweeta","Ozone","Macon",35.0608,-83.4306
"6416",7-09-20,36,"Coweeta","Ozone","Macon",35.0608,-83.4306
"6417",7-10-20,31,"Coweeta","Ozone","Macon",35.0608,-83.4306
"6418",7-12-20,19,"Coweeta","Ozone","Macon",35.0608,-83.4306
"6419",NA,18,"Coweeta","Ozone","Macon",35.0608,-83.4306
"6420",NA,18,"Coweeta","Ozone","Macon",35.0608,-83.4306
"6421",NA,20,"Coweeta","Ozone","Macon",35.0608,-83.4306
"6422",NA,16,"Coweeta","Ozone","Macon",35.0608,-83.4306
"6423",NA,19,"Coweeta","Ozone","Macon",35.0608,-83.4306
"6424",NA,19,"Coweeta","Ozone","Macon",35.0608,-83.4306
"6425",NA,20,"Coweeta","Ozone","Macon",35.0608,-83.4306
"6426",NA,19,"Coweeta","Ozone","Macon",35.0608,-83.4306
"6427",NA,19,"Coweeta","Ozone","Macon",35.0608,-83.4306
"6428",NA,20,"Coweeta","Ozone","Macon",35.0608,-83.4306
"6429",NA,27,"Coweeta","Ozone","Macon",35.0608,-83.4306
"6430",NA,35,"Coweeta","Ozone","Macon",35.0608,-83.4306
"6431",NA,34,"Coweeta","Ozone","Macon",35.0608,-83.4306
"6432",NA,39,"Coweeta","Ozone","Macon",35.0608,-83.4306
"6433",NA,40,"Coweeta","Ozone","Macon",35.0608,-83.4306
"6434",NA,35,"Coweeta","Ozone","Macon",35.0608,-83.4306
"6435",NA,35,"Coweeta","Ozone","Macon",35.0608,-83.4306
"6436",NA,26,"Coweeta","Ozone","Macon",35.0608,-83.4306
"6437",NA,29,"Coweeta","Ozone","Macon",35.0608,-83.4306
"6438",8-01-20,23,"Coweeta","Ozone","Macon",35.0608,-83.4306
"6439",8-02-20,30,"Coweeta","Ozone","Macon",35.0608,-83.4306
"6440",8-03-20,32,"Coweeta","Ozone","Macon",35.0608,-83.4306
"6441",8-04-20,21,"Coweeta","Ozone","Macon",35.0608,-83.4306
"6442",8-05-20,24,"Coweeta","Ozone","Macon",35.0608,-83.4306
"6443",8-06-20,21,"Coweeta","Ozone","Macon",35.0608,-83.4306
"6444",8-07-20,34,"Coweeta","Ozone","Macon",35.0608,-83.4306
"6445",8-08-20,29,"Coweeta","Ozone","Macon",35.0608,-83.4306
"6446",8-09-20,30,"Coweeta","Ozone","Macon",35.0608,-83.4306
"6447",8-10-20,27,"Coweeta","Ozone","Macon",35.0608,-83.4306
"6448",8-11-20,27,"Coweeta","Ozone","Macon",35.0608,-83.4306
"6449",8-12-20,34,"Coweeta","Ozone","Macon",35.0608,-83.4306
"6450",NA,27,"Coweeta","Ozone","Macon",35.0608,-83.4306
"6451",NA,21,"Coweeta","Ozone","Macon",35.0608,-83.4306
"6452",NA,30,"Coweeta","Ozone","Macon",35.0608,-83.4306
"6453",NA,35,"Coweeta","Ozone","Macon",35.0608,-83.4306
"6454",NA,32,"Coweeta","Ozone","Macon",35.0608,-83.4306
"6455",NA,25,"Coweeta","Ozone","Macon",35.0608,-83.4306
"6456",NA,28,"Coweeta","Ozone","Macon",35.0608,-83.4306
"6457",NA,25,"Coweeta","Ozone","Macon",35.0608,-83.4306
"6458",NA,27,"Coweeta","Ozone","Macon",35.0608,-83.4306
"6459",NA,21,"Coweeta","Ozone","Macon",35.0608,-83.4306
"6460",NA,19,"Coweeta","Ozone","Macon",35.0608,-83.4306
"6461",NA,25,"Coweeta","Ozone","Macon",35.0608,-83.4306
"6462",NA,31,"Coweeta","Ozone","Macon",35.0608,-83.4306
"6463",NA,29,"Coweeta","Ozone","Macon",35.0608,-83.4306
"6464",NA,19,"Coweeta","Ozone","Macon",35.0608,-83.4306
"6465",NA,32,"Coweeta","Ozone","Macon",35.0608,-83.4306
"6466",NA,31,"Coweeta","Ozone","Macon",35.0608,-83.4306
"6467",NA,30,"Coweeta","Ozone","Macon",35.0608,-83.4306
"6468",NA,43,"Coweeta","Ozone","Macon",35.0608,-83.4306
"6469",9-01-20,35,"Coweeta","Ozone","Macon",35.0608,-83.4306
"6470",9-02-20,31,"Coweeta","Ozone","Macon",35.0608,-83.4306
"6471",9-03-20,31,"Coweeta","Ozone","Macon",35.0608,-83.4306
"6472",9-04-20,30,"Coweeta","Ozone","Macon",35.0608,-83.4306
"6473",9-05-20,40,"Coweeta","Ozone","Macon",35.0608,-83.4306
"6474",9-06-20,35,"Coweeta","Ozone","Macon",35.0608,-83.4306
"6475",9-07-20,42,"Coweeta","Ozone","Macon",35.0608,-83.4306
"6476",9-08-20,36,"Coweeta","Ozone","Macon",35.0608,-83.4306
"6477",9-09-20,32,"Coweeta","Ozone","Macon",35.0608,-83.4306
"6478",9-10-20,44,"Coweeta","Ozone","Macon",35.0608,-83.4306
"6479",9-11-20,31,"Coweeta","Ozone","Macon",35.0608,-83.4306
"6480",9-12-20,35,"Coweeta","Ozone","Macon",35.0608,-83.4306
"6481",NA,29,"Coweeta","Ozone","Macon",35.0608,-83.4306
"6482",NA,37,"Coweeta","Ozone","Macon",35.0608,-83.4306
"6483",NA,20,"Coweeta","Ozone","Macon",35.0608,-83.4306
"6484",NA,31,"Coweeta","Ozone","Macon",35.0608,-83.4306
"6485",NA,31,"Coweeta","Ozone","Macon",35.0608,-83.4306
"6486",NA,40,"Coweeta","Ozone","Macon",35.0608,-83.4306
"6487",NA,33,"Coweeta","Ozone","Macon",35.0608,-83.4306
"6488",NA,39,"Coweeta","Ozone","Macon",35.0608,-83.4306
"6489",NA,40,"Coweeta","Ozone","Macon",35.0608,-83.4306
"6490",NA,36,"Coweeta","Ozone","Macon",35.0608,-83.4306
"6491",NA,29,"Coweeta","Ozone","Macon",35.0608,-83.4306
"6492",NA,31,"Coweeta","Ozone","Macon",35.0608,-83.4306
"6493",NA,36,"Coweeta","Ozone","Macon",35.0608,-83.4306
"6494",NA,32,"Coweeta","Ozone","Macon",35.0608,-83.4306
"6495",NA,25,"Coweeta","Ozone","Macon",35.0608,-83.4306
"6496",NA,25,"Coweeta","Ozone","Macon",35.0608,-83.4306
"6497",NA,19,"Coweeta","Ozone","Macon",35.0608,-83.4306
"6498",NA,18,"Coweeta","Ozone","Macon",35.0608,-83.4306
"6499",10-01-20,26,"Coweeta","Ozone","Macon",35.0608,-83.4306
"6500",10-02-20,29,"Coweeta","Ozone","Macon",35.0608,-83.4306
"6501",10-03-20,29,"Coweeta","Ozone","Macon",35.0608,-83.4306
"6502",10-04-20,32,"Coweeta","Ozone","Macon",35.0608,-83.4306
"6503",10-05-20,31,"Coweeta","Ozone","Macon",35.0608,-83.4306
"6504",10-06-20,24,"Coweeta","Ozone","Macon",35.0608,-83.4306
"6505",10-07-20,26,"Coweeta","Ozone","Macon",35.0608,-83.4306
"6506",10-08-20,20,"Coweeta","Ozone","Macon",35.0608,-83.4306
"6507",10-09-20,24,"Coweeta","Ozone","Macon",35.0608,-83.4306
"6508",10-10-20,26,"Coweeta","Ozone","Macon",35.0608,-83.4306
"6509",10-11-20,33,"Coweeta","Ozone","Macon",35.0608,-83.4306
"6510",10-12-20,32,"Coweeta","Ozone","Macon",35.0608,-83.4306
"6511",NA,18,"Coweeta","Ozone","Macon",35.0608,-83.4306
"6512",NA,27,"Coweeta","Ozone","Macon",35.0608,-83.4306
"6513",NA,39,"Coweeta","Ozone","Macon",35.0608,-83.4306
"6514",NA,37,"Coweeta","Ozone","Macon",35.0608,-83.4306
"6515",NA,31,"Coweeta","Ozone","Macon",35.0608,-83.4306
"6516",NA,29,"Coweeta","Ozone","Macon",35.0608,-83.4306
"6517",NA,20,"Coweeta","Ozone","Macon",35.0608,-83.4306
"6518",NA,26,"Coweeta","Ozone","Macon",35.0608,-83.4306
"6519",NA,33,"Coweeta","Ozone","Macon",35.0608,-83.4306
"6520",NA,30,"Coweeta","Ozone","Macon",35.0608,-83.4306
"6521",NA,33,"Coweeta","Ozone","Macon",35.0608,-83.4306
"6522",NA,28,"Coweeta","Ozone","Macon",35.0608,-83.4306
"6523",NA,32,"Coweeta","Ozone","Macon",35.0608,-83.4306
"6524",NA,28,"Coweeta","Ozone","Macon",35.0608,-83.4306
"6525",NA,31,"Coweeta","Ozone","Macon",35.0608,-83.4306
"6526",NA,32,"Coweeta","Ozone","Macon",35.0608,-83.4306
"6527",NA,23,"Coweeta","Ozone","Macon",35.0608,-83.4306
"6528",NA,25,"Coweeta","Ozone","Macon",35.0608,-83.4306
"6529",11-01-20,25,"Coweeta","Ozone","Macon",35.0608,-83.4306
"6530",11-02-20,33,"Coweeta","Ozone","Macon",35.0608,-83.4306
"6531",11-03-20,30,"Coweeta","Ozone","Macon",35.0608,-83.4306
"6532",11-04-20,34,"Coweeta","Ozone","Macon",35.0608,-83.4306
"6533",11-05-20,33,"Coweeta","Ozone","Macon",35.0608,-83.4306
"6534",11-06-20,35,"Coweeta","Ozone","Macon",35.0608,-83.4306
"6535",11-07-20,30,"Coweeta","Ozone","Macon",35.0608,-83.4306
"6536",11-08-20,30,"Coweeta","Ozone","Macon",35.0608,-83.4306
"6537",11-09-20,32,"Coweeta","Ozone","Macon",35.0608,-83.4306
"6538",11-10-20,29,"Coweeta","Ozone","Macon",35.0608,-83.4306
"6539",11-11-20,37,"Coweeta","Ozone","Macon",35.0608,-83.4306
"6540",11-12-20,31,"Coweeta","Ozone","Macon",35.0608,-83.4306
"6541",NA,33,"Coweeta","Ozone","Macon",35.0608,-83.4306
"6542",NA,28,"Coweeta","Ozone","Macon",35.0608,-83.4306
"6543",NA,25,"Coweeta","Ozone","Macon",35.0608,-83.4306
"6544",NA,33,"Coweeta","Ozone","Macon",35.0608,-83.4306
"6545",NA,30,"Coweeta","Ozone","Macon",35.0608,-83.4306
"6546",NA,37,"Coweeta","Ozone","Macon",35.0608,-83.4306
"6547",NA,32,"Coweeta","Ozone","Macon",35.0608,-83.4306
"6548",NA,29,"Coweeta","Ozone","Macon",35.0608,-83.4306
"6549",NA,34,"Coweeta","Ozone","Macon",35.0608,-83.4306
"6550",NA,42,"Coweeta","Ozone","Macon",35.0608,-83.4306
"6551",NA,32,"Coweeta","Ozone","Macon",35.0608,-83.4306
"6552",NA,31,"Coweeta","Ozone","Macon",35.0608,-83.4306
"6553",NA,22,"Coweeta","Ozone","Macon",35.0608,-83.4306
"6554",NA,34,"Coweeta","Ozone","Macon",35.0608,-83.4306
"6555",NA,37,"Coweeta","Ozone","Macon",35.0608,-83.4306
"6556",NA,35,"Coweeta","Ozone","Macon",35.0608,-83.4306
"6557",NA,28,"Coweeta","Ozone","Macon",35.0608,-83.4306
"6558",NA,24,"Coweeta","Ozone","Macon",35.0608,-83.4306
"6559",12-01-20,38,"Coweeta","Ozone","Macon",35.0608,-83.4306
"6560",12-02-20,28,"Coweeta","Ozone","Macon",35.0608,-83.4306
"6561",12-03-20,25,"Coweeta","Ozone","Macon",35.0608,-83.4306
"6562",12-04-20,41,"Coweeta","Ozone","Macon",35.0608,-83.4306
"6563",12-05-20,35,"Coweeta","Ozone","Macon",35.0608,-83.4306
"6564",12-06-20,31,"Coweeta","Ozone","Macon",35.0608,-83.4306
"6565",12-07-20,34,"Coweeta","Ozone","Macon",35.0608,-83.4306
"6566",12-08-20,40,"Coweeta","Ozone","Macon",35.0608,-83.4306
"6567",12-09-20,36,"Coweeta","Ozone","Macon",35.0608,-83.4306
"6568",12-10-20,35,"Coweeta","Ozone","Macon",35.0608,-83.4306
"6569",12-11-20,36,"Coweeta","Ozone","Macon",35.0608,-83.4306
"6570",12-12-20,35,"Coweeta","Ozone","Macon",35.0608,-83.4306
"6571",NA,25,"Coweeta","Ozone","Macon",35.0608,-83.4306
"6572",NA,31,"Coweeta","Ozone","Macon",35.0608,-83.4306
"6573",NA,30,"Coweeta","Ozone","Macon",35.0608,-83.4306
"6574",NA,37,"Coweeta","Ozone","Macon",35.0608,-83.4306
"6575",NA,34,"Coweeta","Ozone","Macon",35.0608,-83.4306
"6576",NA,38,"Coweeta","Ozone","Macon",35.0608,-83.4306
"6577",NA,26,"Coweeta","Ozone","Macon",35.0608,-83.4306
"6578",NA,24,"Coweeta","Ozone","Macon",35.0608,-83.4306
"6579",NA,27,"Coweeta","Ozone","Macon",35.0608,-83.4306
"6580",NA,19,"Coweeta","Ozone","Macon",35.0608,-83.4306
"6581",NA,19,"Coweeta","Ozone","Macon",35.0608,-83.4306
"6582",NA,14,"Coweeta","Ozone","Macon",35.0608,-83.4306
"6583",NA,16,"Coweeta","Ozone","Macon",35.0608,-83.4306
"6584",NA,18,"Coweeta","Ozone","Macon",35.0608,-83.4306
"6585",NA,23,"Coweeta","Ozone","Macon",35.0608,-83.4306
"6586",NA,30,"Coweeta","Ozone","Macon",35.0608,-83.4306
"6587",NA,32,"Coweeta","Ozone","Macon",35.0608,-83.4306
"6588",NA,39,"Coweeta","Ozone","Macon",35.0608,-83.4306
"6589",NA,37,"Coweeta","Ozone","Macon",35.0608,-83.4306
"6590",NA,19,"Jamesville School","Ozone","Martin",35.81066,-76.906249
"6591",NA,39,"Jamesville School","Ozone","Martin",35.81066,-76.906249
"6592",NA,39,"Jamesville School","Ozone","Martin",35.81066,-76.906249
"6593",NA,42,"Jamesville School","Ozone","Martin",35.81066,-76.906249
"6594",NA,44,"Jamesville School","Ozone","Martin",35.81066,-76.906249
"6595",NA,44,"Jamesville School","Ozone","Martin",35.81066,-76.906249
"6596",NA,32,"Jamesville School","Ozone","Martin",35.81066,-76.906249
"6597",NA,41,"Jamesville School","Ozone","Martin",35.81066,-76.906249
"6598",3-01-20,34,"Jamesville School","Ozone","Martin",35.81066,-76.906249
"6599",3-02-20,30,"Jamesville School","Ozone","Martin",35.81066,-76.906249
"6600",3-03-20,34,"Jamesville School","Ozone","Martin",35.81066,-76.906249
"6601",3-04-20,41,"Jamesville School","Ozone","Martin",35.81066,-76.906249
"6602",3-05-20,37,"Jamesville School","Ozone","Martin",35.81066,-76.906249
"6603",3-06-20,42,"Jamesville School","Ozone","Martin",35.81066,-76.906249
"6604",3-07-20,45,"Jamesville School","Ozone","Martin",35.81066,-76.906249
"6605",3-08-20,42,"Jamesville School","Ozone","Martin",35.81066,-76.906249
"6606",3-09-20,44,"Jamesville School","Ozone","Martin",35.81066,-76.906249
"6607",3-10-20,35,"Jamesville School","Ozone","Martin",35.81066,-76.906249
"6608",3-11-20,44,"Jamesville School","Ozone","Martin",35.81066,-76.906249
"6609",3-12-20,47,"Jamesville School","Ozone","Martin",35.81066,-76.906249
"6610",NA,54,"Jamesville School","Ozone","Martin",35.81066,-76.906249
"6611",NA,54,"Jamesville School","Ozone","Martin",35.81066,-76.906249
"6612",NA,44,"Jamesville School","Ozone","Martin",35.81066,-76.906249
"6613",NA,44,"Jamesville School","Ozone","Martin",35.81066,-76.906249
"6614",NA,46,"Jamesville School","Ozone","Martin",35.81066,-76.906249
"6615",NA,48,"Jamesville School","Ozone","Martin",35.81066,-76.906249
"6616",NA,49,"Jamesville School","Ozone","Martin",35.81066,-76.906249
"6617",NA,44,"Jamesville School","Ozone","Martin",35.81066,-76.906249
"6618",NA,37,"Jamesville School","Ozone","Martin",35.81066,-76.906249
"6619",NA,46,"Jamesville School","Ozone","Martin",35.81066,-76.906249
"6620",NA,47,"Jamesville School","Ozone","Martin",35.81066,-76.906249
"6621",NA,58,"Jamesville School","Ozone","Martin",35.81066,-76.906249
"6622",NA,50,"Jamesville School","Ozone","Martin",35.81066,-76.906249
"6623",NA,46,"Jamesville School","Ozone","Martin",35.81066,-76.906249
"6624",NA,48,"Jamesville School","Ozone","Martin",35.81066,-76.906249
"6625",NA,47,"Jamesville School","Ozone","Martin",35.81066,-76.906249
"6626",NA,58,"Jamesville School","Ozone","Martin",35.81066,-76.906249
"6627",NA,54,"Jamesville School","Ozone","Martin",35.81066,-76.906249
"6628",NA,40,"Jamesville School","Ozone","Martin",35.81066,-76.906249
"6629",4-01-20,45,"Jamesville School","Ozone","Martin",35.81066,-76.906249
"6630",4-02-20,42,"Jamesville School","Ozone","Martin",35.81066,-76.906249
"6631",4-03-20,54,"Jamesville School","Ozone","Martin",35.81066,-76.906249
"6632",4-04-20,71,"Jamesville School","Ozone","Martin",35.81066,-76.906249
"6633",4-05-20,49,"Jamesville School","Ozone","Martin",35.81066,-76.906249
"6634",4-06-20,36,"Jamesville School","Ozone","Martin",35.81066,-76.906249
"6635",4-07-20,44,"Jamesville School","Ozone","Martin",35.81066,-76.906249
"6636",4-08-20,37,"Jamesville School","Ozone","Martin",35.81066,-76.906249
"6637",4-09-20,32,"Jamesville School","Ozone","Martin",35.81066,-76.906249
"6638",4-10-20,51,"Jamesville School","Ozone","Martin",35.81066,-76.906249
"6639",4-11-20,54,"Jamesville School","Ozone","Martin",35.81066,-76.906249
"6640",4-12-20,48,"Jamesville School","Ozone","Martin",35.81066,-76.906249
"6641",NA,32,"Jamesville School","Ozone","Martin",35.81066,-76.906249
"6642",NA,31,"Jamesville School","Ozone","Martin",35.81066,-76.906249
"6643",NA,49,"Jamesville School","Ozone","Martin",35.81066,-76.906249
"6644",NA,48,"Jamesville School","Ozone","Martin",35.81066,-76.906249
"6645",NA,67,"Jamesville School","Ozone","Martin",35.81066,-76.906249
"6646",NA,49,"Jamesville School","Ozone","Martin",35.81066,-76.906249
"6647",NA,38,"Jamesville School","Ozone","Martin",35.81066,-76.906249
"6648",NA,43,"Jamesville School","Ozone","Martin",35.81066,-76.906249
"6649",NA,35,"Jamesville School","Ozone","Martin",35.81066,-76.906249
"6650",NA,41,"Jamesville School","Ozone","Martin",35.81066,-76.906249
"6651",NA,51,"Jamesville School","Ozone","Martin",35.81066,-76.906249
"6652",NA,58,"Jamesville School","Ozone","Martin",35.81066,-76.906249
"6653",NA,74,"Jamesville School","Ozone","Martin",35.81066,-76.906249
"6654",NA,44,"Jamesville School","Ozone","Martin",35.81066,-76.906249
"6655",NA,58,"Jamesville School","Ozone","Martin",35.81066,-76.906249
"6656",NA,51,"Jamesville School","Ozone","Martin",35.81066,-76.906249
"6657",NA,39,"Jamesville School","Ozone","Martin",35.81066,-76.906249
"6658",NA,50,"Jamesville School","Ozone","Martin",35.81066,-76.906249
"6659",5-01-20,47,"Jamesville School","Ozone","Martin",35.81066,-76.906249
"6660",5-02-20,43,"Jamesville School","Ozone","Martin",35.81066,-76.906249
"6661",5-03-20,26,"Jamesville School","Ozone","Martin",35.81066,-76.906249
"6662",5-04-20,33,"Jamesville School","Ozone","Martin",35.81066,-76.906249
"6663",5-05-20,34,"Jamesville School","Ozone","Martin",35.81066,-76.906249
"6664",5-06-20,43,"Jamesville School","Ozone","Martin",35.81066,-76.906249
"6665",5-07-20,48,"Jamesville School","Ozone","Martin",35.81066,-76.906249
"6666",5-08-20,49,"Jamesville School","Ozone","Martin",35.81066,-76.906249
"6667",5-09-20,45,"Jamesville School","Ozone","Martin",35.81066,-76.906249
"6668",5-10-20,43,"Jamesville School","Ozone","Martin",35.81066,-76.906249
"6669",5-11-20,38,"Jamesville School","Ozone","Martin",35.81066,-76.906249
"6670",5-12-20,33,"Jamesville School","Ozone","Martin",35.81066,-76.906249
"6671",NA,31,"Jamesville School","Ozone","Martin",35.81066,-76.906249
"6672",NA,39,"Jamesville School","Ozone","Martin",35.81066,-76.906249
"6673",NA,44,"Jamesville School","Ozone","Martin",35.81066,-76.906249
"6674",NA,64,"Jamesville School","Ozone","Martin",35.81066,-76.906249
"6675",NA,74,"Jamesville School","Ozone","Martin",35.81066,-76.906249
"6676",NA,64,"Jamesville School","Ozone","Martin",35.81066,-76.906249
"6677",NA,54,"Jamesville School","Ozone","Martin",35.81066,-76.906249
"6678",NA,44,"Jamesville School","Ozone","Martin",35.81066,-76.906249
"6679",NA,54,"Jamesville School","Ozone","Martin",35.81066,-76.906249
"6680",NA,48,"Jamesville School","Ozone","Martin",35.81066,-76.906249
"6681",NA,47,"Jamesville School","Ozone","Martin",35.81066,-76.906249
"6682",NA,50,"Jamesville School","Ozone","Martin",35.81066,-76.906249
"6683",NA,67,"Jamesville School","Ozone","Martin",35.81066,-76.906249
"6684",NA,48,"Jamesville School","Ozone","Martin",35.81066,-76.906249
"6685",NA,46,"Jamesville School","Ozone","Martin",35.81066,-76.906249
"6686",NA,51,"Jamesville School","Ozone","Martin",35.81066,-76.906249
"6687",NA,50,"Jamesville School","Ozone","Martin",35.81066,-76.906249
"6688",NA,74,"Jamesville School","Ozone","Martin",35.81066,-76.906249
"6689",NA,45,"Jamesville School","Ozone","Martin",35.81066,-76.906249
"6690",6-01-20,64,"Jamesville School","Ozone","Martin",35.81066,-76.906249
"6691",6-02-20,74,"Jamesville School","Ozone","Martin",35.81066,-76.906249
"6692",6-03-20,49,"Jamesville School","Ozone","Martin",35.81066,-76.906249
"6693",6-04-20,58,"Jamesville School","Ozone","Martin",35.81066,-76.906249
"6694",6-05-20,45,"Jamesville School","Ozone","Martin",35.81066,-76.906249
"6695",6-06-20,50,"Jamesville School","Ozone","Martin",35.81066,-76.906249
"6696",6-07-20,34,"Jamesville School","Ozone","Martin",35.81066,-76.906249
"6697",6-08-20,36,"Jamesville School","Ozone","Martin",35.81066,-76.906249
"6698",6-09-20,29,"Jamesville School","Ozone","Martin",35.81066,-76.906249
"6699",6-10-20,29,"Jamesville School","Ozone","Martin",35.81066,-76.906249
"6700",6-11-20,41,"Jamesville School","Ozone","Martin",35.81066,-76.906249
"6701",6-12-20,42,"Jamesville School","Ozone","Martin",35.81066,-76.906249
"6702",NA,36,"Jamesville School","Ozone","Martin",35.81066,-76.906249
"6703",NA,42,"Jamesville School","Ozone","Martin",35.81066,-76.906249
"6704",NA,48,"Jamesville School","Ozone","Martin",35.81066,-76.906249
"6705",NA,47,"Jamesville School","Ozone","Martin",35.81066,-76.906249
"6706",NA,39,"Jamesville School","Ozone","Martin",35.81066,-76.906249
"6707",NA,27,"Jamesville School","Ozone","Martin",35.81066,-76.906249
"6708",NA,32,"Jamesville School","Ozone","Martin",35.81066,-76.906249
"6709",NA,46,"Jamesville School","Ozone","Martin",35.81066,-76.906249
"6710",NA,46,"Jamesville School","Ozone","Martin",35.81066,-76.906249
"6711",NA,40,"Jamesville School","Ozone","Martin",35.81066,-76.906249
"6712",NA,44,"Jamesville School","Ozone","Martin",35.81066,-76.906249
"6713",NA,44,"Jamesville School","Ozone","Martin",35.81066,-76.906249
"6714",NA,43,"Jamesville School","Ozone","Martin",35.81066,-76.906249
"6715",NA,64,"Jamesville School","Ozone","Martin",35.81066,-76.906249
"6716",NA,54,"Jamesville School","Ozone","Martin",35.81066,-76.906249
"6717",NA,67,"Jamesville School","Ozone","Martin",35.81066,-76.906249
"6718",NA,61,"Jamesville School","Ozone","Martin",35.81066,-76.906249
"6719",NA,54,"Jamesville School","Ozone","Martin",35.81066,-76.906249
"6720",7-01-20,46,"Jamesville School","Ozone","Martin",35.81066,-76.906249
"6721",7-02-20,51,"Jamesville School","Ozone","Martin",35.81066,-76.906249
"6722",7-03-20,54,"Jamesville School","Ozone","Martin",35.81066,-76.906249
"6723",7-04-20,44,"Jamesville School","Ozone","Martin",35.81066,-76.906249
"6724",7-05-20,40,"Jamesville School","Ozone","Martin",35.81066,-76.906249
"6725",7-06-20,44,"Jamesville School","Ozone","Martin",35.81066,-76.906249
"6726",7-07-20,39,"Jamesville School","Ozone","Martin",35.81066,-76.906249
"6727",7-08-20,34,"Jamesville School","Ozone","Martin",35.81066,-76.906249
"6728",7-09-20,35,"Jamesville School","Ozone","Martin",35.81066,-76.906249
"6729",7-10-20,40,"Jamesville School","Ozone","Martin",35.81066,-76.906249
"6730",7-11-20,36,"Jamesville School","Ozone","Martin",35.81066,-76.906249
"6731",7-12-20,37,"Jamesville School","Ozone","Martin",35.81066,-76.906249
"6732",NA,42,"Jamesville School","Ozone","Martin",35.81066,-76.906249
"6733",NA,40,"Jamesville School","Ozone","Martin",35.81066,-76.906249
"6734",NA,51,"Jamesville School","Ozone","Martin",35.81066,-76.906249
"6735",NA,41,"Jamesville School","Ozone","Martin",35.81066,-76.906249
"6736",NA,45,"Jamesville School","Ozone","Martin",35.81066,-76.906249
"6737",NA,38,"Jamesville School","Ozone","Martin",35.81066,-76.906249
"6738",NA,44,"Jamesville School","Ozone","Martin",35.81066,-76.906249
"6739",NA,46,"Jamesville School","Ozone","Martin",35.81066,-76.906249
"6740",NA,42,"Jamesville School","Ozone","Martin",35.81066,-76.906249
"6741",NA,39,"Jamesville School","Ozone","Martin",35.81066,-76.906249
"6742",NA,30,"Jamesville School","Ozone","Martin",35.81066,-76.906249
"6743",NA,37,"Jamesville School","Ozone","Martin",35.81066,-76.906249
"6744",NA,47,"Jamesville School","Ozone","Martin",35.81066,-76.906249
"6745",NA,44,"Jamesville School","Ozone","Martin",35.81066,-76.906249
"6746",NA,45,"Jamesville School","Ozone","Martin",35.81066,-76.906249
"6747",NA,48,"Jamesville School","Ozone","Martin",35.81066,-76.906249
"6748",NA,47,"Jamesville School","Ozone","Martin",35.81066,-76.906249
"6749",NA,46,"Jamesville School","Ozone","Martin",35.81066,-76.906249
"6750",NA,37,"Jamesville School","Ozone","Martin",35.81066,-76.906249
"6751",8-01-20,46,"Jamesville School","Ozone","Martin",35.81066,-76.906249
"6752",8-03-20,32,"Jamesville School","Ozone","Martin",35.81066,-76.906249
"6753",8-04-20,41,"Jamesville School","Ozone","Martin",35.81066,-76.906249
"6754",8-05-20,31,"Jamesville School","Ozone","Martin",35.81066,-76.906249
"6755",8-06-20,31,"Jamesville School","Ozone","Martin",35.81066,-76.906249
"6756",8-07-20,39,"Jamesville School","Ozone","Martin",35.81066,-76.906249
"6757",8-08-20,45,"Jamesville School","Ozone","Martin",35.81066,-76.906249
"6758",8-09-20,50,"Jamesville School","Ozone","Martin",35.81066,-76.906249
"6759",8-10-20,49,"Jamesville School","Ozone","Martin",35.81066,-76.906249
"6760",8-11-20,50,"Jamesville School","Ozone","Martin",35.81066,-76.906249
"6761",8-12-20,50,"Jamesville School","Ozone","Martin",35.81066,-76.906249
"6762",NA,43,"Jamesville School","Ozone","Martin",35.81066,-76.906249
"6763",NA,43,"Jamesville School","Ozone","Martin",35.81066,-76.906249
"6764",NA,43,"Jamesville School","Ozone","Martin",35.81066,-76.906249
"6765",NA,29,"Jamesville School","Ozone","Martin",35.81066,-76.906249
"6766",NA,31,"Jamesville School","Ozone","Martin",35.81066,-76.906249
"6767",NA,31,"Jamesville School","Ozone","Martin",35.81066,-76.906249
"6768",NA,31,"Jamesville School","Ozone","Martin",35.81066,-76.906249
"6769",NA,39,"Jamesville School","Ozone","Martin",35.81066,-76.906249
"6770",NA,31,"Jamesville School","Ozone","Martin",35.81066,-76.906249
"6771",NA,44,"Jamesville School","Ozone","Martin",35.81066,-76.906249
"6772",NA,31,"Jamesville School","Ozone","Martin",35.81066,-76.906249
"6773",NA,28,"Jamesville School","Ozone","Martin",35.81066,-76.906249
"6774",NA,34,"Jamesville School","Ozone","Martin",35.81066,-76.906249
"6775",NA,30,"Jamesville School","Ozone","Martin",35.81066,-76.906249
"6776",NA,31,"Jamesville School","Ozone","Martin",35.81066,-76.906249
"6777",NA,28,"Jamesville School","Ozone","Martin",35.81066,-76.906249
"6778",NA,44,"Jamesville School","Ozone","Martin",35.81066,-76.906249
"6779",NA,50,"Jamesville School","Ozone","Martin",35.81066,-76.906249
"6780",NA,50,"Jamesville School","Ozone","Martin",35.81066,-76.906249
"6781",9-01-20,42,"Jamesville School","Ozone","Martin",35.81066,-76.906249
"6782",9-02-20,35,"Jamesville School","Ozone","Martin",35.81066,-76.906249
"6783",9-10-20,40,"Jamesville School","Ozone","Martin",35.81066,-76.906249
"6784",9-11-20,38,"Jamesville School","Ozone","Martin",35.81066,-76.906249
"6785",9-12-20,42,"Jamesville School","Ozone","Martin",35.81066,-76.906249
"6786",NA,39,"Jamesville School","Ozone","Martin",35.81066,-76.906249
"6787",NA,34,"Jamesville School","Ozone","Martin",35.81066,-76.906249
"6788",NA,31,"Jamesville School","Ozone","Martin",35.81066,-76.906249
"6789",NA,36,"Jamesville School","Ozone","Martin",35.81066,-76.906249
"6790",NA,42,"Jamesville School","Ozone","Martin",35.81066,-76.906249
"6791",NA,33,"Jamesville School","Ozone","Martin",35.81066,-76.906249
"6792",NA,37,"Jamesville School","Ozone","Martin",35.81066,-76.906249
"6793",NA,34,"Jamesville School","Ozone","Martin",35.81066,-76.906249
"6794",NA,40,"Jamesville School","Ozone","Martin",35.81066,-76.906249
"6795",NA,42,"Jamesville School","Ozone","Martin",35.81066,-76.906249
"6796",NA,39,"Jamesville School","Ozone","Martin",35.81066,-76.906249
"6797",NA,45,"Jamesville School","Ozone","Martin",35.81066,-76.906249
"6798",NA,44,"Jamesville School","Ozone","Martin",35.81066,-76.906249
"6799",NA,44,"Jamesville School","Ozone","Martin",35.81066,-76.906249
"6800",NA,44,"Jamesville School","Ozone","Martin",35.81066,-76.906249
"6801",NA,40,"Jamesville School","Ozone","Martin",35.81066,-76.906249
"6802",NA,46,"Jamesville School","Ozone","Martin",35.81066,-76.906249
"6803",NA,41,"Jamesville School","Ozone","Martin",35.81066,-76.906249
"6804",10-01-20,36,"Jamesville School","Ozone","Martin",35.81066,-76.906249
"6805",10-02-20,45,"Jamesville School","Ozone","Martin",35.81066,-76.906249
"6806",10-03-20,45,"Jamesville School","Ozone","Martin",35.81066,-76.906249
"6807",10-04-20,37,"Jamesville School","Ozone","Martin",35.81066,-76.906249
"6808",10-05-20,37,"Jamesville School","Ozone","Martin",35.81066,-76.906249
"6809",10-06-20,42,"Jamesville School","Ozone","Martin",35.81066,-76.906249
"6810",10-07-20,34,"Jamesville School","Ozone","Martin",35.81066,-76.906249
"6811",10-08-20,31,"Jamesville School","Ozone","Martin",35.81066,-76.906249
"6812",10-09-20,26,"Jamesville School","Ozone","Martin",35.81066,-76.906249
"6813",10-10-20,31,"Jamesville School","Ozone","Martin",35.81066,-76.906249
"6814",10-11-20,44,"Jamesville School","Ozone","Martin",35.81066,-76.906249
"6815",10-12-20,48,"Jamesville School","Ozone","Martin",35.81066,-76.906249
"6816",NA,39,"Jamesville School","Ozone","Martin",35.81066,-76.906249
"6817",NA,33,"Jamesville School","Ozone","Martin",35.81066,-76.906249
"6818",NA,41,"Jamesville School","Ozone","Martin",35.81066,-76.906249
"6819",NA,31,"Jamesville School","Ozone","Martin",35.81066,-76.906249
"6820",NA,35,"Jamesville School","Ozone","Martin",35.81066,-76.906249
"6821",NA,36,"Jamesville School","Ozone","Martin",35.81066,-76.906249
"6822",NA,37,"Jamesville School","Ozone","Martin",35.81066,-76.906249
"6823",NA,36,"Jamesville School","Ozone","Martin",35.81066,-76.906249
"6824",NA,28,"Jamesville School","Ozone","Martin",35.81066,-76.906249
"6825",NA,30,"Jamesville School","Ozone","Martin",35.81066,-76.906249
"6826",NA,34,"Jamesville School","Ozone","Martin",35.81066,-76.906249
"6827",NA,41,"Jamesville School","Ozone","Martin",35.81066,-76.906249
"6828",NA,40,"Jamesville School","Ozone","Martin",35.81066,-76.906249
"6829",NA,39,"Jamesville School","Ozone","Martin",35.81066,-76.906249
"6830",NA,21,"Jamesville School","Ozone","Martin",35.81066,-76.906249
"6831",NA,37,"Jamesville School","Ozone","Martin",35.81066,-76.906249
"6832",NA,34,"Jamesville School","Ozone","Martin",35.81066,-76.906249
"6833",NA,29,"Jamesville School","Ozone","Martin",35.81066,-76.906249
"6834",NA,31,"Jamesville School","Ozone","Martin",35.81066,-76.906249
"6835",1-01-20,24,"Garinger High School","Ozone","Mecklenburg",35.2401000008895,-80.785683
"6836",1-02-20,19,"Garinger High School","Ozone","Mecklenburg",35.2401000008895,-80.785683
"6837",1-03-20,12,"Garinger High School","Ozone","Mecklenburg",35.2401000008895,-80.785683
"6838",1-04-20,22,"Garinger High School","Ozone","Mecklenburg",35.2401000008895,-80.785683
"6839",1-05-20,31,"Garinger High School","Ozone","Mecklenburg",35.2401000008895,-80.785683
"6840",1-06-20,30,"Garinger High School","Ozone","Mecklenburg",35.2401000008895,-80.785683
"6841",1-07-20,27,"Garinger High School","Ozone","Mecklenburg",35.2401000008895,-80.785683
"6842",1-08-20,32,"Garinger High School","Ozone","Mecklenburg",35.2401000008895,-80.785683
"6843",1-09-20,34,"Garinger High School","Ozone","Mecklenburg",35.2401000008895,-80.785683
"6844",1-10-20,25,"Garinger High School","Ozone","Mecklenburg",35.2401000008895,-80.785683
"6845",1-11-20,29,"Garinger High School","Ozone","Mecklenburg",35.2401000008895,-80.785683
"6846",1-12-20,27,"Garinger High School","Ozone","Mecklenburg",35.2401000008895,-80.785683
"6847",NA,23,"Garinger High School","Ozone","Mecklenburg",35.2401000008895,-80.785683
"6848",NA,20,"Garinger High School","Ozone","Mecklenburg",35.2401000008895,-80.785683
"6849",NA,22,"Garinger High School","Ozone","Mecklenburg",35.2401000008895,-80.785683
"6850",NA,27,"Garinger High School","Ozone","Mecklenburg",35.2401000008895,-80.785683
"6851",NA,20,"Garinger High School","Ozone","Mecklenburg",35.2401000008895,-80.785683
"6852",NA,14,"Garinger High School","Ozone","Mecklenburg",35.2401000008895,-80.785683
"6853",NA,35,"Garinger High School","Ozone","Mecklenburg",35.2401000008895,-80.785683
"6854",NA,32,"Garinger High School","Ozone","Mecklenburg",35.2401000008895,-80.785683
"6855",NA,32,"Garinger High School","Ozone","Mecklenburg",35.2401000008895,-80.785683
"6856",NA,31,"Garinger High School","Ozone","Mecklenburg",35.2401000008895,-80.785683
"6857",NA,31,"Garinger High School","Ozone","Mecklenburg",35.2401000008895,-80.785683
"6858",NA,32,"Garinger High School","Ozone","Mecklenburg",35.2401000008895,-80.785683
"6859",NA,33,"Garinger High School","Ozone","Mecklenburg",35.2401000008895,-80.785683
"6860",NA,31,"Garinger High School","Ozone","Mecklenburg",35.2401000008895,-80.785683
"6861",NA,37,"Garinger High School","Ozone","Mecklenburg",35.2401000008895,-80.785683
"6862",NA,31,"Garinger High School","Ozone","Mecklenburg",35.2401000008895,-80.785683
"6863",NA,33,"Garinger High School","Ozone","Mecklenburg",35.2401000008895,-80.785683
"6864",NA,34,"Garinger High School","Ozone","Mecklenburg",35.2401000008895,-80.785683
"6865",2-01-20,39,"Garinger High School","Ozone","Mecklenburg",35.2401000008895,-80.785683
"6866",2-02-20,42,"Garinger High School","Ozone","Mecklenburg",35.2401000008895,-80.785683
"6867",2-03-20,41,"Garinger High School","Ozone","Mecklenburg",35.2401000008895,-80.785683
"6868",2-04-20,40,"Garinger High School","Ozone","Mecklenburg",35.2401000008895,-80.785683
"6869",2-05-20,32,"Garinger High School","Ozone","Mecklenburg",35.2401000008895,-80.785683
"6870",2-06-20,21,"Garinger High School","Ozone","Mecklenburg",35.2401000008895,-80.785683
"6871",2-07-20,33,"Garinger High School","Ozone","Mecklenburg",35.2401000008895,-80.785683
"6872",2-08-20,37,"Garinger High School","Ozone","Mecklenburg",35.2401000008895,-80.785683
"6873",2-09-20,37,"Garinger High School","Ozone","Mecklenburg",35.2401000008895,-80.785683
"6874",2-10-20,31,"Garinger High School","Ozone","Mecklenburg",35.2401000008895,-80.785683
"6875",2-11-20,18,"Garinger High School","Ozone","Mecklenburg",35.2401000008895,-80.785683
"6876",2-12-20,10,"Garinger High School","Ozone","Mecklenburg",35.2401000008895,-80.785683
"6877",NA,38,"Garinger High School","Ozone","Mecklenburg",35.2401000008895,-80.785683
"6878",NA,35,"Garinger High School","Ozone","Mecklenburg",35.2401000008895,-80.785683
"6879",NA,36,"Garinger High School","Ozone","Mecklenburg",35.2401000008895,-80.785683
"6880",NA,34,"Garinger High School","Ozone","Mecklenburg",35.2401000008895,-80.785683
"6881",NA,26,"Garinger High School","Ozone","Mecklenburg",35.2401000008895,-80.785683
"6882",NA,32,"Garinger High School","Ozone","Mecklenburg",35.2401000008895,-80.785683
"6883",NA,24,"Garinger High School","Ozone","Mecklenburg",35.2401000008895,-80.785683
"6884",NA,27,"Garinger High School","Ozone","Mecklenburg",35.2401000008895,-80.785683
"6885",NA,19,"Garinger High School","Ozone","Mecklenburg",35.2401000008895,-80.785683
"6886",NA,31,"Garinger High School","Ozone","Mecklenburg",35.2401000008895,-80.785683
"6887",NA,30,"Garinger High School","Ozone","Mecklenburg",35.2401000008895,-80.785683
"6888",NA,41,"Garinger High School","Ozone","Mecklenburg",35.2401000008895,-80.785683
"6889",NA,41,"Garinger High School","Ozone","Mecklenburg",35.2401000008895,-80.785683
"6890",NA,43,"Garinger High School","Ozone","Mecklenburg",35.2401000008895,-80.785683
"6891",NA,20,"Garinger High School","Ozone","Mecklenburg",35.2401000008895,-80.785683
"6892",NA,28,"Garinger High School","Ozone","Mecklenburg",35.2401000008895,-80.785683
"6893",3-01-20,19,"Garinger High School","Ozone","Mecklenburg",35.2401000008895,-80.785683
"6894",3-02-20,25,"Garinger High School","Ozone","Mecklenburg",35.2401000008895,-80.785683
"6895",3-03-20,14,"Garinger High School","Ozone","Mecklenburg",35.2401000008895,-80.785683
"6896",3-04-20,36,"Garinger High School","Ozone","Mecklenburg",35.2401000008895,-80.785683
"6897",3-05-20,38,"Garinger High School","Ozone","Mecklenburg",35.2401000008895,-80.785683
"6898",3-06-20,42,"Garinger High School","Ozone","Mecklenburg",35.2401000008895,-80.785683
"6899",3-07-20,40,"Garinger High School","Ozone","Mecklenburg",35.2401000008895,-80.785683
"6900",3-08-20,27,"Garinger High School","Ozone","Mecklenburg",35.2401000008895,-80.785683
"6901",3-09-20,24,"Garinger High School","Ozone","Mecklenburg",35.2401000008895,-80.785683
"6902",3-10-20,20,"Garinger High School","Ozone","Mecklenburg",35.2401000008895,-80.785683
"6903",3-11-20,38,"Garinger High School","Ozone","Mecklenburg",35.2401000008895,-80.785683
"6904",3-12-20,44,"Garinger High School","Ozone","Mecklenburg",35.2401000008895,-80.785683
"6905",NA,49,"Garinger High School","Ozone","Mecklenburg",35.2401000008895,-80.785683
"6906",NA,47,"Garinger High School","Ozone","Mecklenburg",35.2401000008895,-80.785683
"6907",NA,31,"Garinger High School","Ozone","Mecklenburg",35.2401000008895,-80.785683
"6908",NA,44,"Garinger High School","Ozone","Mecklenburg",35.2401000008895,-80.785683
"6909",NA,46,"Garinger High School","Ozone","Mecklenburg",35.2401000008895,-80.785683
"6910",NA,46,"Garinger High School","Ozone","Mecklenburg",35.2401000008895,-80.785683
"6911",NA,45,"Garinger High School","Ozone","Mecklenburg",35.2401000008895,-80.785683
"6912",NA,49,"Garinger High School","Ozone","Mecklenburg",35.2401000008895,-80.785683
"6913",NA,50,"Garinger High School","Ozone","Mecklenburg",35.2401000008895,-80.785683
"6914",NA,44,"Garinger High School","Ozone","Mecklenburg",35.2401000008895,-80.785683
"6915",NA,50,"Garinger High School","Ozone","Mecklenburg",35.2401000008895,-80.785683
"6916",NA,58,"Garinger High School","Ozone","Mecklenburg",35.2401000008895,-80.785683
"6917",NA,44,"Garinger High School","Ozone","Mecklenburg",35.2401000008895,-80.785683
"6918",NA,43,"Garinger High School","Ozone","Mecklenburg",35.2401000008895,-80.785683
"6919",NA,47,"Garinger High School","Ozone","Mecklenburg",35.2401000008895,-80.785683
"6920",NA,58,"Garinger High School","Ozone","Mecklenburg",35.2401000008895,-80.785683
"6921",NA,67,"Garinger High School","Ozone","Mecklenburg",35.2401000008895,-80.785683
"6922",NA,51,"Garinger High School","Ozone","Mecklenburg",35.2401000008895,-80.785683
"6923",NA,42,"Garinger High School","Ozone","Mecklenburg",35.2401000008895,-80.785683
"6924",4-01-20,44,"Garinger High School","Ozone","Mecklenburg",35.2401000008895,-80.785683
"6925",4-02-20,40,"Garinger High School","Ozone","Mecklenburg",35.2401000008895,-80.785683
"6926",4-03-20,58,"Garinger High School","Ozone","Mecklenburg",35.2401000008895,-80.785683
"6927",4-04-20,64,"Garinger High School","Ozone","Mecklenburg",35.2401000008895,-80.785683
"6928",4-05-20,38,"Garinger High School","Ozone","Mecklenburg",35.2401000008895,-80.785683
"6929",4-06-20,47,"Garinger High School","Ozone","Mecklenburg",35.2401000008895,-80.785683
"6930",4-07-20,31,"Garinger High School","Ozone","Mecklenburg",35.2401000008895,-80.785683
"6931",4-08-20,31,"Garinger High School","Ozone","Mecklenburg",35.2401000008895,-80.785683
"6932",4-09-20,22,"Garinger High School","Ozone","Mecklenburg",35.2401000008895,-80.785683
"6933",4-10-20,71,"Garinger High School","Ozone","Mecklenburg",35.2401000008895,-80.785683
"6934",4-11-20,48,"Garinger High School","Ozone","Mecklenburg",35.2401000008895,-80.785683
"6935",4-12-20,29,"Garinger High School","Ozone","Mecklenburg",35.2401000008895,-80.785683
"6936",NA,32,"Garinger High School","Ozone","Mecklenburg",35.2401000008895,-80.785683
"6937",NA,33,"Garinger High School","Ozone","Mecklenburg",35.2401000008895,-80.785683
"6938",NA,47,"Garinger High School","Ozone","Mecklenburg",35.2401000008895,-80.785683
"6939",NA,61,"Garinger High School","Ozone","Mecklenburg",35.2401000008895,-80.785683
"6940",NA,64,"Garinger High School","Ozone","Mecklenburg",35.2401000008895,-80.785683
"6941",NA,45,"Garinger High School","Ozone","Mecklenburg",35.2401000008895,-80.785683
"6942",NA,35,"Garinger High School","Ozone","Mecklenburg",35.2401000008895,-80.785683
"6943",NA,31,"Garinger High School","Ozone","Mecklenburg",35.2401000008895,-80.785683
"6944",NA,35,"Garinger High School","Ozone","Mecklenburg",35.2401000008895,-80.785683
"6945",NA,47,"Garinger High School","Ozone","Mecklenburg",35.2401000008895,-80.785683
"6946",NA,47,"Garinger High School","Ozone","Mecklenburg",35.2401000008895,-80.785683
"6947",NA,50,"Garinger High School","Ozone","Mecklenburg",35.2401000008895,-80.785683
"6948",NA,42,"Garinger High School","Ozone","Mecklenburg",35.2401000008895,-80.785683
"6949",NA,44,"Garinger High School","Ozone","Mecklenburg",35.2401000008895,-80.785683
"6950",NA,54,"Garinger High School","Ozone","Mecklenburg",35.2401000008895,-80.785683
"6951",NA,48,"Garinger High School","Ozone","Mecklenburg",35.2401000008895,-80.785683
"6952",NA,39,"Garinger High School","Ozone","Mecklenburg",35.2401000008895,-80.785683
"6953",NA,58,"Garinger High School","Ozone","Mecklenburg",35.2401000008895,-80.785683
"6954",5-01-20,33,"Garinger High School","Ozone","Mecklenburg",35.2401000008895,-80.785683
"6955",5-02-20,44,"Garinger High School","Ozone","Mecklenburg",35.2401000008895,-80.785683
"6956",5-03-20,31,"Garinger High School","Ozone","Mecklenburg",35.2401000008895,-80.785683
"6957",5-04-20,33,"Garinger High School","Ozone","Mecklenburg",35.2401000008895,-80.785683
"6958",5-05-20,27,"Garinger High School","Ozone","Mecklenburg",35.2401000008895,-80.785683
"6959",5-06-20,46,"Garinger High School","Ozone","Mecklenburg",35.2401000008895,-80.785683
"6960",5-07-20,43,"Garinger High School","Ozone","Mecklenburg",35.2401000008895,-80.785683
"6961",5-08-20,42,"Garinger High School","Ozone","Mecklenburg",35.2401000008895,-80.785683
"6962",5-09-20,38,"Garinger High School","Ozone","Mecklenburg",35.2401000008895,-80.785683
"6963",5-10-20,27,"Garinger High School","Ozone","Mecklenburg",35.2401000008895,-80.785683
"6964",5-11-20,32,"Garinger High School","Ozone","Mecklenburg",35.2401000008895,-80.785683
"6965",5-12-20,32,"Garinger High School","Ozone","Mecklenburg",35.2401000008895,-80.785683
"6966",NA,38,"Garinger High School","Ozone","Mecklenburg",35.2401000008895,-80.785683
"6967",NA,44,"Garinger High School","Ozone","Mecklenburg",35.2401000008895,-80.785683
"6968",NA,46,"Garinger High School","Ozone","Mecklenburg",35.2401000008895,-80.785683
"6969",NA,58,"Garinger High School","Ozone","Mecklenburg",35.2401000008895,-80.785683
"6970",NA,74,"Garinger High School","Ozone","Mecklenburg",35.2401000008895,-80.785683
"6971",NA,64,"Garinger High School","Ozone","Mecklenburg",35.2401000008895,-80.785683
"6972",NA,46,"Garinger High School","Ozone","Mecklenburg",35.2401000008895,-80.785683
"6973",NA,44,"Garinger High School","Ozone","Mecklenburg",35.2401000008895,-80.785683
"6974",NA,74,"Garinger High School","Ozone","Mecklenburg",35.2401000008895,-80.785683
"6975",NA,42,"Garinger High School","Ozone","Mecklenburg",35.2401000008895,-80.785683
"6976",NA,35,"Garinger High School","Ozone","Mecklenburg",35.2401000008895,-80.785683
"6977",NA,48,"Garinger High School","Ozone","Mecklenburg",35.2401000008895,-80.785683
"6978",NA,58,"Garinger High School","Ozone","Mecklenburg",35.2401000008895,-80.785683
"6979",NA,44,"Garinger High School","Ozone","Mecklenburg",35.2401000008895,-80.785683
"6980",NA,43,"Garinger High School","Ozone","Mecklenburg",35.2401000008895,-80.785683
"6981",NA,51,"Garinger High School","Ozone","Mecklenburg",35.2401000008895,-80.785683
"6982",NA,47,"Garinger High School","Ozone","Mecklenburg",35.2401000008895,-80.785683
"6983",NA,61,"Garinger High School","Ozone","Mecklenburg",35.2401000008895,-80.785683
"6984",6-01-20,61,"Garinger High School","Ozone","Mecklenburg",35.2401000008895,-80.785683
"6985",6-02-20,80,"Garinger High School","Ozone","Mecklenburg",35.2401000008895,-80.785683
"6986",6-03-20,71,"Garinger High School","Ozone","Mecklenburg",35.2401000008895,-80.785683
"6987",6-04-20,64,"Garinger High School","Ozone","Mecklenburg",35.2401000008895,-80.785683
"6988",6-05-20,41,"Garinger High School","Ozone","Mecklenburg",35.2401000008895,-80.785683
"6989",6-06-20,39,"Garinger High School","Ozone","Mecklenburg",35.2401000008895,-80.785683
"6990",6-07-20,20,"Garinger High School","Ozone","Mecklenburg",35.2401000008895,-80.785683
"6991",6-08-20,44,"Garinger High School","Ozone","Mecklenburg",35.2401000008895,-80.785683
"6992",6-09-20,28,"Garinger High School","Ozone","Mecklenburg",35.2401000008895,-80.785683
"6993",6-10-20,33,"Garinger High School","Ozone","Mecklenburg",35.2401000008895,-80.785683
"6994",6-11-20,47,"Garinger High School","Ozone","Mecklenburg",35.2401000008895,-80.785683
"6995",6-12-20,36,"Garinger High School","Ozone","Mecklenburg",35.2401000008895,-80.785683
"6996",NA,42,"Garinger High School","Ozone","Mecklenburg",35.2401000008895,-80.785683
"6997",NA,71,"Garinger High School","Ozone","Mecklenburg",35.2401000008895,-80.785683
"6998",NA,50,"Garinger High School","Ozone","Mecklenburg",35.2401000008895,-80.785683
"6999",NA,41,"Garinger High School","Ozone","Mecklenburg",35.2401000008895,-80.785683
"7000",NA,40,"Garinger High School","Ozone","Mecklenburg",35.2401000008895,-80.785683
"7001",NA,31,"Garinger High School","Ozone","Mecklenburg",35.2401000008895,-80.785683
"7002",NA,31,"Garinger High School","Ozone","Mecklenburg",35.2401000008895,-80.785683
"7003",NA,42,"Garinger High School","Ozone","Mecklenburg",35.2401000008895,-80.785683
"7004",NA,44,"Garinger High School","Ozone","Mecklenburg",35.2401000008895,-80.785683
"7005",NA,48,"Garinger High School","Ozone","Mecklenburg",35.2401000008895,-80.785683
"7006",NA,44,"Garinger High School","Ozone","Mecklenburg",35.2401000008895,-80.785683
"7007",NA,30,"Garinger High School","Ozone","Mecklenburg",35.2401000008895,-80.785683
"7008",NA,42,"Garinger High School","Ozone","Mecklenburg",35.2401000008895,-80.785683
"7009",NA,49,"Garinger High School","Ozone","Mecklenburg",35.2401000008895,-80.785683
"7010",NA,64,"Garinger High School","Ozone","Mecklenburg",35.2401000008895,-80.785683
"7011",NA,93,"Garinger High School","Ozone","Mecklenburg",35.2401000008895,-80.785683
"7012",NA,71,"Garinger High School","Ozone","Mecklenburg",35.2401000008895,-80.785683
"7013",NA,47,"Garinger High School","Ozone","Mecklenburg",35.2401000008895,-80.785683
"7014",7-01-20,74,"Garinger High School","Ozone","Mecklenburg",35.2401000008895,-80.785683
"7015",7-02-20,122,"Garinger High School","Ozone","Mecklenburg",35.2401000008895,-80.785683
"7016",7-03-20,90,"Garinger High School","Ozone","Mecklenburg",35.2401000008895,-80.785683
"7017",7-04-20,49,"Garinger High School","Ozone","Mecklenburg",35.2401000008895,-80.785683
"7018",7-05-20,47,"Garinger High School","Ozone","Mecklenburg",35.2401000008895,-80.785683
"7019",7-06-20,34,"Garinger High School","Ozone","Mecklenburg",35.2401000008895,-80.785683
"7020",7-07-20,40,"Garinger High School","Ozone","Mecklenburg",35.2401000008895,-80.785683
"7021",7-08-20,80,"Garinger High School","Ozone","Mecklenburg",35.2401000008895,-80.785683
"7022",7-09-20,31,"Garinger High School","Ozone","Mecklenburg",35.2401000008895,-80.785683
"7023",7-10-20,38,"Garinger High School","Ozone","Mecklenburg",35.2401000008895,-80.785683
"7024",7-11-20,37,"Garinger High School","Ozone","Mecklenburg",35.2401000008895,-80.785683
"7025",7-12-20,38,"Garinger High School","Ozone","Mecklenburg",35.2401000008895,-80.785683
"7026",NA,49,"Garinger High School","Ozone","Mecklenburg",35.2401000008895,-80.785683
"7027",NA,42,"Garinger High School","Ozone","Mecklenburg",35.2401000008895,-80.785683
"7028",NA,61,"Garinger High School","Ozone","Mecklenburg",35.2401000008895,-80.785683
"7029",NA,50,"Garinger High School","Ozone","Mecklenburg",35.2401000008895,-80.785683
"7030",NA,31,"Garinger High School","Ozone","Mecklenburg",35.2401000008895,-80.785683
"7031",NA,40,"Garinger High School","Ozone","Mecklenburg",35.2401000008895,-80.785683
"7032",NA,97,"Garinger High School","Ozone","Mecklenburg",35.2401000008895,-80.785683
"7033",NA,39,"Garinger High School","Ozone","Mecklenburg",35.2401000008895,-80.785683
"7034",NA,33,"Garinger High School","Ozone","Mecklenburg",35.2401000008895,-80.785683
"7035",NA,33,"Garinger High School","Ozone","Mecklenburg",35.2401000008895,-80.785683
"7036",NA,30,"Garinger High School","Ozone","Mecklenburg",35.2401000008895,-80.785683
"7037",NA,44,"Garinger High School","Ozone","Mecklenburg",35.2401000008895,-80.785683
"7038",NA,50,"Garinger High School","Ozone","Mecklenburg",35.2401000008895,-80.785683
"7039",NA,49,"Garinger High School","Ozone","Mecklenburg",35.2401000008895,-80.785683
"7040",NA,64,"Garinger High School","Ozone","Mecklenburg",35.2401000008895,-80.785683
"7041",NA,97,"Garinger High School","Ozone","Mecklenburg",35.2401000008895,-80.785683
"7042",NA,80,"Garinger High School","Ozone","Mecklenburg",35.2401000008895,-80.785683
"7043",NA,67,"Garinger High School","Ozone","Mecklenburg",35.2401000008895,-80.785683
"7044",NA,46,"Garinger High School","Ozone","Mecklenburg",35.2401000008895,-80.785683
"7045",8-01-20,77,"Garinger High School","Ozone","Mecklenburg",35.2401000008895,-80.785683
"7046",8-02-20,43,"Garinger High School","Ozone","Mecklenburg",35.2401000008895,-80.785683
"7047",8-03-20,46,"Garinger High School","Ozone","Mecklenburg",35.2401000008895,-80.785683
"7048",8-04-20,41,"Garinger High School","Ozone","Mecklenburg",35.2401000008895,-80.785683
"7049",8-05-20,64,"Garinger High School","Ozone","Mecklenburg",35.2401000008895,-80.785683
"7050",8-06-20,58,"Garinger High School","Ozone","Mecklenburg",35.2401000008895,-80.785683
"7051",8-07-20,67,"Garinger High School","Ozone","Mecklenburg",35.2401000008895,-80.785683
"7052",8-08-20,44,"Garinger High School","Ozone","Mecklenburg",35.2401000008895,-80.785683
"7053",8-09-20,112,"Garinger High School","Ozone","Mecklenburg",35.2401000008895,-80.785683
"7054",8-10-20,44,"Garinger High School","Ozone","Mecklenburg",35.2401000008895,-80.785683
"7055",8-11-20,42,"Garinger High School","Ozone","Mecklenburg",35.2401000008895,-80.785683
"7056",8-12-20,47,"Garinger High School","Ozone","Mecklenburg",35.2401000008895,-80.785683
"7057",NA,41,"Garinger High School","Ozone","Mecklenburg",35.2401000008895,-80.785683
"7058",NA,49,"Garinger High School","Ozone","Mecklenburg",35.2401000008895,-80.785683
"7059",NA,105,"Garinger High School","Ozone","Mecklenburg",35.2401000008895,-80.785683
"7060",NA,100,"Garinger High School","Ozone","Mecklenburg",35.2401000008895,-80.785683
"7061",NA,43,"Garinger High School","Ozone","Mecklenburg",35.2401000008895,-80.785683
"7062",NA,54,"Garinger High School","Ozone","Mecklenburg",35.2401000008895,-80.785683
"7063",NA,46,"Garinger High School","Ozone","Mecklenburg",35.2401000008895,-80.785683
"7064",NA,30,"Garinger High School","Ozone","Mecklenburg",35.2401000008895,-80.785683
"7065",NA,41,"Garinger High School","Ozone","Mecklenburg",35.2401000008895,-80.785683
"7066",NA,41,"Garinger High School","Ozone","Mecklenburg",35.2401000008895,-80.785683
"7067",NA,44,"Garinger High School","Ozone","Mecklenburg",35.2401000008895,-80.785683
"7068",NA,26,"Garinger High School","Ozone","Mecklenburg",35.2401000008895,-80.785683
"7069",NA,31,"Garinger High School","Ozone","Mecklenburg",35.2401000008895,-80.785683
"7070",NA,27,"Garinger High School","Ozone","Mecklenburg",35.2401000008895,-80.785683
"7071",NA,28,"Garinger High School","Ozone","Mecklenburg",35.2401000008895,-80.785683
"7072",NA,40,"Garinger High School","Ozone","Mecklenburg",35.2401000008895,-80.785683
"7073",NA,50,"Garinger High School","Ozone","Mecklenburg",35.2401000008895,-80.785683
"7074",NA,101,"Garinger High School","Ozone","Mecklenburg",35.2401000008895,-80.785683
"7075",NA,50,"Garinger High School","Ozone","Mecklenburg",35.2401000008895,-80.785683
"7076",9-01-20,37,"Garinger High School","Ozone","Mecklenburg",35.2401000008895,-80.785683
"7077",9-02-20,35,"Garinger High School","Ozone","Mecklenburg",35.2401000008895,-80.785683
"7078",9-03-20,48,"Garinger High School","Ozone","Mecklenburg",35.2401000008895,-80.785683
"7079",9-04-20,37,"Garinger High School","Ozone","Mecklenburg",35.2401000008895,-80.785683
"7080",9-05-20,30,"Garinger High School","Ozone","Mecklenburg",35.2401000008895,-80.785683
"7081",9-06-20,54,"Garinger High School","Ozone","Mecklenburg",35.2401000008895,-80.785683
"7082",9-07-20,87,"Garinger High School","Ozone","Mecklenburg",35.2401000008895,-80.785683
"7083",9-08-20,77,"Garinger High School","Ozone","Mecklenburg",35.2401000008895,-80.785683
"7084",9-09-20,129,"Garinger High School","Ozone","Mecklenburg",35.2401000008895,-80.785683
"7085",9-10-20,49,"Garinger High School","Ozone","Mecklenburg",35.2401000008895,-80.785683
"7086",9-11-20,126,"Garinger High School","Ozone","Mecklenburg",35.2401000008895,-80.785683
"7087",9-12-20,67,"Garinger High School","Ozone","Mecklenburg",35.2401000008895,-80.785683
"7088",NA,44,"Garinger High School","Ozone","Mecklenburg",35.2401000008895,-80.785683
"7089",NA,34,"Garinger High School","Ozone","Mecklenburg",35.2401000008895,-80.785683
"7090",NA,43,"Garinger High School","Ozone","Mecklenburg",35.2401000008895,-80.785683
"7091",NA,54,"Garinger High School","Ozone","Mecklenburg",35.2401000008895,-80.785683
"7092",NA,108,"Garinger High School","Ozone","Mecklenburg",35.2401000008895,-80.785683
"7093",NA,42,"Garinger High School","Ozone","Mecklenburg",35.2401000008895,-80.785683
"7094",NA,44,"Garinger High School","Ozone","Mecklenburg",35.2401000008895,-80.785683
"7095",NA,46,"Garinger High School","Ozone","Mecklenburg",35.2401000008895,-80.785683
"7096",NA,51,"Garinger High School","Ozone","Mecklenburg",35.2401000008895,-80.785683
"7097",NA,45,"Garinger High School","Ozone","Mecklenburg",35.2401000008895,-80.785683
"7098",NA,71,"Garinger High School","Ozone","Mecklenburg",35.2401000008895,-80.785683
"7099",NA,51,"Garinger High School","Ozone","Mecklenburg",35.2401000008895,-80.785683
"7100",NA,100,"Garinger High School","Ozone","Mecklenburg",35.2401000008895,-80.785683
"7101",NA,80,"Garinger High School","Ozone","Mecklenburg",35.2401000008895,-80.785683
"7102",NA,50,"Garinger High School","Ozone","Mecklenburg",35.2401000008895,-80.785683
"7103",NA,43,"Garinger High School","Ozone","Mecklenburg",35.2401000008895,-80.785683
"7104",NA,51,"Garinger High School","Ozone","Mecklenburg",35.2401000008895,-80.785683
"7105",NA,44,"Garinger High School","Ozone","Mecklenburg",35.2401000008895,-80.785683
"7106",10-01-20,97,"Garinger High School","Ozone","Mecklenburg",35.2401000008895,-80.785683
"7107",10-02-20,77,"Garinger High School","Ozone","Mecklenburg",35.2401000008895,-80.785683
"7108",10-03-20,90,"Garinger High School","Ozone","Mecklenburg",35.2401000008895,-80.785683
"7109",10-04-20,67,"Garinger High School","Ozone","Mecklenburg",35.2401000008895,-80.785683
"7110",10-05-20,28,"Garinger High School","Ozone","Mecklenburg",35.2401000008895,-80.785683
"7111",10-06-20,35,"Garinger High School","Ozone","Mecklenburg",35.2401000008895,-80.785683
"7112",10-07-20,35,"Garinger High School","Ozone","Mecklenburg",35.2401000008895,-80.785683
"7113",10-08-20,28,"Garinger High School","Ozone","Mecklenburg",35.2401000008895,-80.785683
"7114",10-09-20,41,"Garinger High School","Ozone","Mecklenburg",35.2401000008895,-80.785683
"7115",10-10-20,43,"Garinger High School","Ozone","Mecklenburg",35.2401000008895,-80.785683
"7116",10-11-20,48,"Garinger High School","Ozone","Mecklenburg",35.2401000008895,-80.785683
"7117",10-12-20,43,"Garinger High School","Ozone","Mecklenburg",35.2401000008895,-80.785683
"7118",NA,18,"Garinger High School","Ozone","Mecklenburg",35.2401000008895,-80.785683
"7119",NA,42,"Garinger High School","Ozone","Mecklenburg",35.2401000008895,-80.785683
"7120",NA,45,"Garinger High School","Ozone","Mecklenburg",35.2401000008895,-80.785683
"7121",NA,29,"Garinger High School","Ozone","Mecklenburg",35.2401000008895,-80.785683
"7122",NA,31,"Garinger High School","Ozone","Mecklenburg",35.2401000008895,-80.785683
"7123",NA,36,"Garinger High School","Ozone","Mecklenburg",35.2401000008895,-80.785683
"7124",NA,30,"Garinger High School","Ozone","Mecklenburg",35.2401000008895,-80.785683
"7125",NA,31,"Garinger High School","Ozone","Mecklenburg",35.2401000008895,-80.785683
"7126",NA,31,"Garinger High School","Ozone","Mecklenburg",35.2401000008895,-80.785683
"7127",NA,29,"Garinger High School","Ozone","Mecklenburg",35.2401000008895,-80.785683
"7128",NA,36,"Garinger High School","Ozone","Mecklenburg",35.2401000008895,-80.785683
"7129",NA,42,"Garinger High School","Ozone","Mecklenburg",35.2401000008895,-80.785683
"7130",NA,33,"Garinger High School","Ozone","Mecklenburg",35.2401000008895,-80.785683
"7131",NA,34,"Garinger High School","Ozone","Mecklenburg",35.2401000008895,-80.785683
"7132",NA,31,"Garinger High School","Ozone","Mecklenburg",35.2401000008895,-80.785683
"7133",NA,36,"Garinger High School","Ozone","Mecklenburg",35.2401000008895,-80.785683
"7134",NA,30,"Garinger High School","Ozone","Mecklenburg",35.2401000008895,-80.785683
"7135",NA,19,"Garinger High School","Ozone","Mecklenburg",35.2401000008895,-80.785683
"7136",NA,19,"Garinger High School","Ozone","Mecklenburg",35.2401000008895,-80.785683
"7137",11-01-20,28,"Garinger High School","Ozone","Mecklenburg",35.2401000008895,-80.785683
"7138",11-02-20,31,"Garinger High School","Ozone","Mecklenburg",35.2401000008895,-80.785683
"7139",11-03-20,33,"Garinger High School","Ozone","Mecklenburg",35.2401000008895,-80.785683
"7140",11-04-20,31,"Garinger High School","Ozone","Mecklenburg",35.2401000008895,-80.785683
"7141",11-05-20,24,"Garinger High School","Ozone","Mecklenburg",35.2401000008895,-80.785683
"7142",11-06-20,36,"Garinger High School","Ozone","Mecklenburg",35.2401000008895,-80.785683
"7143",11-07-20,32,"Garinger High School","Ozone","Mecklenburg",35.2401000008895,-80.785683
"7144",11-08-20,31,"Garinger High School","Ozone","Mecklenburg",35.2401000008895,-80.785683
"7145",11-09-20,31,"Garinger High School","Ozone","Mecklenburg",35.2401000008895,-80.785683
"7146",11-10-20,34,"Garinger High School","Ozone","Mecklenburg",35.2401000008895,-80.785683
"7147",11-11-20,34,"Garinger High School","Ozone","Mecklenburg",35.2401000008895,-80.785683
"7148",11-12-20,27,"Garinger High School","Ozone","Mecklenburg",35.2401000008895,-80.785683
"7149",NA,31,"Garinger High School","Ozone","Mecklenburg",35.2401000008895,-80.785683
"7150",NA,14,"Garinger High School","Ozone","Mecklenburg",35.2401000008895,-80.785683
"7151",NA,31,"Garinger High School","Ozone","Mecklenburg",35.2401000008895,-80.785683
"7152",NA,31,"Garinger High School","Ozone","Mecklenburg",35.2401000008895,-80.785683
"7153",NA,32,"Garinger High School","Ozone","Mecklenburg",35.2401000008895,-80.785683
"7154",NA,11,"Garinger High School","Ozone","Mecklenburg",35.2401000008895,-80.785683
"7155",NA,14,"Garinger High School","Ozone","Mecklenburg",35.2401000008895,-80.785683
"7156",NA,31,"Garinger High School","Ozone","Mecklenburg",35.2401000008895,-80.785683
"7157",NA,30,"Garinger High School","Ozone","Mecklenburg",35.2401000008895,-80.785683
"7158",NA,32,"Garinger High School","Ozone","Mecklenburg",35.2401000008895,-80.785683
"7159",NA,15,"Garinger High School","Ozone","Mecklenburg",35.2401000008895,-80.785683
"7160",NA,33,"Garinger High School","Ozone","Mecklenburg",35.2401000008895,-80.785683
"7161",NA,31,"Garinger High School","Ozone","Mecklenburg",35.2401000008895,-80.785683
"7162",NA,30,"Garinger High School","Ozone","Mecklenburg",35.2401000008895,-80.785683
"7163",NA,22,"Garinger High School","Ozone","Mecklenburg",35.2401000008895,-80.785683
"7164",NA,34,"Garinger High School","Ozone","Mecklenburg",35.2401000008895,-80.785683
"7165",NA,24,"Garinger High School","Ozone","Mecklenburg",35.2401000008895,-80.785683
"7166",NA,22,"Garinger High School","Ozone","Mecklenburg",35.2401000008895,-80.785683
"7167",12-01-20,37,"Garinger High School","Ozone","Mecklenburg",35.2401000008895,-80.785683
"7168",12-02-20,19,"Garinger High School","Ozone","Mecklenburg",35.2401000008895,-80.785683
"7169",12-03-20,23,"Garinger High School","Ozone","Mecklenburg",35.2401000008895,-80.785683
"7170",12-04-20,32,"Garinger High School","Ozone","Mecklenburg",35.2401000008895,-80.785683
"7171",12-05-20,31,"Garinger High School","Ozone","Mecklenburg",35.2401000008895,-80.785683
"7172",12-06-20,20,"Garinger High School","Ozone","Mecklenburg",35.2401000008895,-80.785683
"7173",12-07-20,31,"Garinger High School","Ozone","Mecklenburg",35.2401000008895,-80.785683
"7174",12-08-20,31,"Garinger High School","Ozone","Mecklenburg",35.2401000008895,-80.785683
"7175",12-09-20,13,"Garinger High School","Ozone","Mecklenburg",35.2401000008895,-80.785683
"7176",12-10-20,28,"Garinger High School","Ozone","Mecklenburg",35.2401000008895,-80.785683
"7177",12-11-20,32,"Garinger High School","Ozone","Mecklenburg",35.2401000008895,-80.785683
"7178",12-12-20,30,"Garinger High School","Ozone","Mecklenburg",35.2401000008895,-80.785683
"7179",NA,19,"Garinger High School","Ozone","Mecklenburg",35.2401000008895,-80.785683
"7180",NA,26,"Garinger High School","Ozone","Mecklenburg",35.2401000008895,-80.785683
"7181",NA,29,"Garinger High School","Ozone","Mecklenburg",35.2401000008895,-80.785683
"7182",NA,33,"Garinger High School","Ozone","Mecklenburg",35.2401000008895,-80.785683
"7183",NA,27,"Garinger High School","Ozone","Mecklenburg",35.2401000008895,-80.785683
"7184",NA,32,"Garinger High School","Ozone","Mecklenburg",35.2401000008895,-80.785683
"7185",NA,28,"Garinger High School","Ozone","Mecklenburg",35.2401000008895,-80.785683
"7186",NA,19,"Garinger High School","Ozone","Mecklenburg",35.2401000008895,-80.785683
"7187",NA,23,"Garinger High School","Ozone","Mecklenburg",35.2401000008895,-80.785683
"7188",NA,25,"Garinger High School","Ozone","Mecklenburg",35.2401000008895,-80.785683
"7189",NA,26,"Garinger High School","Ozone","Mecklenburg",35.2401000008895,-80.785683
"7190",NA,33,"Garinger High School","Ozone","Mecklenburg",35.2401000008895,-80.785683
"7191",NA,31,"Garinger High School","Ozone","Mecklenburg",35.2401000008895,-80.785683
"7192",NA,24,"Garinger High School","Ozone","Mecklenburg",35.2401000008895,-80.785683
"7193",NA,19,"Garinger High School","Ozone","Mecklenburg",35.2401000008895,-80.785683
"7194",NA,29,"Garinger High School","Ozone","Mecklenburg",35.2401000008895,-80.785683
"7195",NA,25,"Garinger High School","Ozone","Mecklenburg",35.2401000008895,-80.785683
"7196",NA,36,"Garinger High School","Ozone","Mecklenburg",35.2401000008895,-80.785683
"7197",NA,32,"Garinger High School","Ozone","Mecklenburg",35.2401000008895,-80.785683
"7198",1-01-20,24,"University Meadows","Ozone","Mecklenburg",35.314158,-80.713469
"7199",1-02-20,16,"University Meadows","Ozone","Mecklenburg",35.314158,-80.713469
"7200",1-03-20,10,"University Meadows","Ozone","Mecklenburg",35.314158,-80.713469
"7201",1-04-20,23,"University Meadows","Ozone","Mecklenburg",35.314158,-80.713469
"7202",1-05-20,33,"University Meadows","Ozone","Mecklenburg",35.314158,-80.713469
"7203",1-06-20,33,"University Meadows","Ozone","Mecklenburg",35.314158,-80.713469
"7204",1-07-20,25,"University Meadows","Ozone","Mecklenburg",35.314158,-80.713469
"7205",1-08-20,31,"University Meadows","Ozone","Mecklenburg",35.314158,-80.713469
"7206",1-09-20,35,"University Meadows","Ozone","Mecklenburg",35.314158,-80.713469
"7207",1-10-20,26,"University Meadows","Ozone","Mecklenburg",35.314158,-80.713469
"7208",1-11-20,26,"University Meadows","Ozone","Mecklenburg",35.314158,-80.713469
"7209",1-12-20,25,"University Meadows","Ozone","Mecklenburg",35.314158,-80.713469
"7210",NA,22,"University Meadows","Ozone","Mecklenburg",35.314158,-80.713469
"7211",NA,19,"University Meadows","Ozone","Mecklenburg",35.314158,-80.713469
"7212",NA,23,"University Meadows","Ozone","Mecklenburg",35.314158,-80.713469
"7213",NA,26,"University Meadows","Ozone","Mecklenburg",35.314158,-80.713469
"7214",NA,18,"University Meadows","Ozone","Mecklenburg",35.314158,-80.713469
"7215",NA,17,"University Meadows","Ozone","Mecklenburg",35.314158,-80.713469
"7216",NA,35,"University Meadows","Ozone","Mecklenburg",35.314158,-80.713469
"7217",NA,33,"University Meadows","Ozone","Mecklenburg",35.314158,-80.713469
"7218",NA,31,"University Meadows","Ozone","Mecklenburg",35.314158,-80.713469
"7219",NA,29,"University Meadows","Ozone","Mecklenburg",35.314158,-80.713469
"7220",NA,31,"University Meadows","Ozone","Mecklenburg",35.314158,-80.713469
"7221",NA,31,"University Meadows","Ozone","Mecklenburg",35.314158,-80.713469
"7222",NA,33,"University Meadows","Ozone","Mecklenburg",35.314158,-80.713469
"7223",NA,34,"University Meadows","Ozone","Mecklenburg",35.314158,-80.713469
"7224",NA,31,"University Meadows","Ozone","Mecklenburg",35.314158,-80.713469
"7225",NA,36,"University Meadows","Ozone","Mecklenburg",35.314158,-80.713469
"7226",NA,32,"University Meadows","Ozone","Mecklenburg",35.314158,-80.713469
"7227",NA,35,"University Meadows","Ozone","Mecklenburg",35.314158,-80.713469
"7228",NA,33,"University Meadows","Ozone","Mecklenburg",35.314158,-80.713469
"7229",2-01-20,37,"University Meadows","Ozone","Mecklenburg",35.314158,-80.713469
"7230",2-02-20,40,"University Meadows","Ozone","Mecklenburg",35.314158,-80.713469
"7231",2-03-20,36,"University Meadows","Ozone","Mecklenburg",35.314158,-80.713469
"7232",2-04-20,40,"University Meadows","Ozone","Mecklenburg",35.314158,-80.713469
"7233",2-05-20,29,"University Meadows","Ozone","Mecklenburg",35.314158,-80.713469
"7234",2-06-20,22,"University Meadows","Ozone","Mecklenburg",35.314158,-80.713469
"7235",2-07-20,34,"University Meadows","Ozone","Mecklenburg",35.314158,-80.713469
"7236",2-08-20,38,"University Meadows","Ozone","Mecklenburg",35.314158,-80.713469
"7237",2-09-20,36,"University Meadows","Ozone","Mecklenburg",35.314158,-80.713469
"7238",2-10-20,31,"University Meadows","Ozone","Mecklenburg",35.314158,-80.713469
"7239",2-11-20,18,"University Meadows","Ozone","Mecklenburg",35.314158,-80.713469
"7240",NA,26,"University Meadows","Ozone","Mecklenburg",35.314158,-80.713469
"7241",NA,27,"University Meadows","Ozone","Mecklenburg",35.314158,-80.713469
"7242",3-01-20,17,"University Meadows","Ozone","Mecklenburg",35.314158,-80.713469
"7243",3-02-20,25,"University Meadows","Ozone","Mecklenburg",35.314158,-80.713469
"7244",3-03-20,14,"University Meadows","Ozone","Mecklenburg",35.314158,-80.713469
"7245",3-04-20,36,"University Meadows","Ozone","Mecklenburg",35.314158,-80.713469
"7246",3-05-20,39,"University Meadows","Ozone","Mecklenburg",35.314158,-80.713469
"7247",3-06-20,42,"University Meadows","Ozone","Mecklenburg",35.314158,-80.713469
"7248",3-07-20,40,"University Meadows","Ozone","Mecklenburg",35.314158,-80.713469
"7249",3-08-20,25,"University Meadows","Ozone","Mecklenburg",35.314158,-80.713469
"7250",3-09-20,20,"University Meadows","Ozone","Mecklenburg",35.314158,-80.713469
"7251",3-10-20,22,"University Meadows","Ozone","Mecklenburg",35.314158,-80.713469
"7252",3-11-20,37,"University Meadows","Ozone","Mecklenburg",35.314158,-80.713469
"7253",3-12-20,44,"University Meadows","Ozone","Mecklenburg",35.314158,-80.713469
"7254",NA,48,"University Meadows","Ozone","Mecklenburg",35.314158,-80.713469
"7255",NA,46,"University Meadows","Ozone","Mecklenburg",35.314158,-80.713469
"7256",NA,32,"University Meadows","Ozone","Mecklenburg",35.314158,-80.713469
"7257",NA,44,"University Meadows","Ozone","Mecklenburg",35.314158,-80.713469
"7258",NA,45,"University Meadows","Ozone","Mecklenburg",35.314158,-80.713469
"7259",NA,46,"University Meadows","Ozone","Mecklenburg",35.314158,-80.713469
"7260",NA,44,"University Meadows","Ozone","Mecklenburg",35.314158,-80.713469
"7261",NA,47,"University Meadows","Ozone","Mecklenburg",35.314158,-80.713469
"7262",NA,51,"University Meadows","Ozone","Mecklenburg",35.314158,-80.713469
"7263",NA,45,"University Meadows","Ozone","Mecklenburg",35.314158,-80.713469
"7264",NA,50,"University Meadows","Ozone","Mecklenburg",35.314158,-80.713469
"7265",NA,58,"University Meadows","Ozone","Mecklenburg",35.314158,-80.713469
"7266",NA,44,"University Meadows","Ozone","Mecklenburg",35.314158,-80.713469
"7267",NA,41,"University Meadows","Ozone","Mecklenburg",35.314158,-80.713469
"7268",NA,45,"University Meadows","Ozone","Mecklenburg",35.314158,-80.713469
"7269",NA,54,"University Meadows","Ozone","Mecklenburg",35.314158,-80.713469
"7270",NA,71,"University Meadows","Ozone","Mecklenburg",35.314158,-80.713469
"7271",NA,51,"University Meadows","Ozone","Mecklenburg",35.314158,-80.713469
"7272",NA,43,"University Meadows","Ozone","Mecklenburg",35.314158,-80.713469
"7273",4-01-20,44,"University Meadows","Ozone","Mecklenburg",35.314158,-80.713469
"7274",4-02-20,39,"University Meadows","Ozone","Mecklenburg",35.314158,-80.713469
"7275",4-03-20,61,"University Meadows","Ozone","Mecklenburg",35.314158,-80.713469
"7276",4-04-20,64,"University Meadows","Ozone","Mecklenburg",35.314158,-80.713469
"7277",4-05-20,35,"University Meadows","Ozone","Mecklenburg",35.314158,-80.713469
"7278",4-06-20,45,"University Meadows","Ozone","Mecklenburg",35.314158,-80.713469
"7279",4-07-20,27,"University Meadows","Ozone","Mecklenburg",35.314158,-80.713469
"7280",4-08-20,33,"University Meadows","Ozone","Mecklenburg",35.314158,-80.713469
"7281",4-09-20,23,"University Meadows","Ozone","Mecklenburg",35.314158,-80.713469
"7282",4-10-20,67,"University Meadows","Ozone","Mecklenburg",35.314158,-80.713469
"7283",4-11-20,47,"University Meadows","Ozone","Mecklenburg",35.314158,-80.713469
"7284",4-12-20,30,"University Meadows","Ozone","Mecklenburg",35.314158,-80.713469
"7285",NA,31,"University Meadows","Ozone","Mecklenburg",35.314158,-80.713469
"7286",NA,35,"University Meadows","Ozone","Mecklenburg",35.314158,-80.713469
"7287",NA,49,"University Meadows","Ozone","Mecklenburg",35.314158,-80.713469
"7288",NA,61,"University Meadows","Ozone","Mecklenburg",35.314158,-80.713469
"7289",NA,61,"University Meadows","Ozone","Mecklenburg",35.314158,-80.713469
"7290",NA,46,"University Meadows","Ozone","Mecklenburg",35.314158,-80.713469
"7291",NA,35,"University Meadows","Ozone","Mecklenburg",35.314158,-80.713469
"7292",NA,30,"University Meadows","Ozone","Mecklenburg",35.314158,-80.713469
"7293",NA,36,"University Meadows","Ozone","Mecklenburg",35.314158,-80.713469
"7294",NA,47,"University Meadows","Ozone","Mecklenburg",35.314158,-80.713469
"7295",NA,49,"University Meadows","Ozone","Mecklenburg",35.314158,-80.713469
"7296",NA,58,"University Meadows","Ozone","Mecklenburg",35.314158,-80.713469
"7297",NA,44,"University Meadows","Ozone","Mecklenburg",35.314158,-80.713469
"7298",NA,44,"University Meadows","Ozone","Mecklenburg",35.314158,-80.713469
"7299",NA,61,"University Meadows","Ozone","Mecklenburg",35.314158,-80.713469
"7300",NA,50,"University Meadows","Ozone","Mecklenburg",35.314158,-80.713469
"7301",NA,35,"University Meadows","Ozone","Mecklenburg",35.314158,-80.713469
"7302",NA,64,"University Meadows","Ozone","Mecklenburg",35.314158,-80.713469
"7303",5-01-20,35,"University Meadows","Ozone","Mecklenburg",35.314158,-80.713469
"7304",5-02-20,45,"University Meadows","Ozone","Mecklenburg",35.314158,-80.713469
"7305",5-03-20,31,"University Meadows","Ozone","Mecklenburg",35.314158,-80.713469
"7306",5-04-20,37,"University Meadows","Ozone","Mecklenburg",35.314158,-80.713469
"7307",5-05-20,29,"University Meadows","Ozone","Mecklenburg",35.314158,-80.713469
"7308",5-06-20,45,"University Meadows","Ozone","Mecklenburg",35.314158,-80.713469
"7309",5-07-20,43,"University Meadows","Ozone","Mecklenburg",35.314158,-80.713469
"7310",5-08-20,43,"University Meadows","Ozone","Mecklenburg",35.314158,-80.713469
"7311",5-09-20,38,"University Meadows","Ozone","Mecklenburg",35.314158,-80.713469
"7312",5-10-20,28,"University Meadows","Ozone","Mecklenburg",35.314158,-80.713469
"7313",5-11-20,34,"University Meadows","Ozone","Mecklenburg",35.314158,-80.713469
"7314",5-12-20,34,"University Meadows","Ozone","Mecklenburg",35.314158,-80.713469
"7315",NA,39,"University Meadows","Ozone","Mecklenburg",35.314158,-80.713469
"7316",NA,43,"University Meadows","Ozone","Mecklenburg",35.314158,-80.713469
"7317",NA,48,"University Meadows","Ozone","Mecklenburg",35.314158,-80.713469
"7318",NA,77,"University Meadows","Ozone","Mecklenburg",35.314158,-80.713469
"7319",NA,80,"University Meadows","Ozone","Mecklenburg",35.314158,-80.713469
"7320",NA,67,"University Meadows","Ozone","Mecklenburg",35.314158,-80.713469
"7321",NA,47,"University Meadows","Ozone","Mecklenburg",35.314158,-80.713469
"7322",NA,46,"University Meadows","Ozone","Mecklenburg",35.314158,-80.713469
"7323",NA,64,"University Meadows","Ozone","Mecklenburg",35.314158,-80.713469
"7324",NA,41,"University Meadows","Ozone","Mecklenburg",35.314158,-80.713469
"7325",NA,39,"University Meadows","Ozone","Mecklenburg",35.314158,-80.713469
"7326",NA,46,"University Meadows","Ozone","Mecklenburg",35.314158,-80.713469
"7327",NA,54,"University Meadows","Ozone","Mecklenburg",35.314158,-80.713469
"7328",NA,43,"University Meadows","Ozone","Mecklenburg",35.314158,-80.713469
"7329",NA,44,"University Meadows","Ozone","Mecklenburg",35.314158,-80.713469
"7330",NA,67,"University Meadows","Ozone","Mecklenburg",35.314158,-80.713469
"7331",NA,50,"University Meadows","Ozone","Mecklenburg",35.314158,-80.713469
"7332",NA,51,"University Meadows","Ozone","Mecklenburg",35.314158,-80.713469
"7333",NA,61,"University Meadows","Ozone","Mecklenburg",35.314158,-80.713469
"7334",6-01-20,64,"University Meadows","Ozone","Mecklenburg",35.314158,-80.713469
"7335",6-02-20,80,"University Meadows","Ozone","Mecklenburg",35.314158,-80.713469
"7336",6-03-20,58,"University Meadows","Ozone","Mecklenburg",35.314158,-80.713469
"7337",6-04-20,58,"University Meadows","Ozone","Mecklenburg",35.314158,-80.713469
"7338",6-05-20,44,"University Meadows","Ozone","Mecklenburg",35.314158,-80.713469
"7339",6-06-20,43,"University Meadows","Ozone","Mecklenburg",35.314158,-80.713469
"7340",6-07-20,19,"University Meadows","Ozone","Mecklenburg",35.314158,-80.713469
"7341",6-08-20,43,"University Meadows","Ozone","Mecklenburg",35.314158,-80.713469
"7342",6-09-20,23,"University Meadows","Ozone","Mecklenburg",35.314158,-80.713469
"7343",6-10-20,38,"University Meadows","Ozone","Mecklenburg",35.314158,-80.713469
"7344",6-11-20,46,"University Meadows","Ozone","Mecklenburg",35.314158,-80.713469
"7345",6-12-20,36,"University Meadows","Ozone","Mecklenburg",35.314158,-80.713469
"7346",NA,44,"University Meadows","Ozone","Mecklenburg",35.314158,-80.713469
"7347",NA,67,"University Meadows","Ozone","Mecklenburg",35.314158,-80.713469
"7348",NA,54,"University Meadows","Ozone","Mecklenburg",35.314158,-80.713469
"7349",NA,43,"University Meadows","Ozone","Mecklenburg",35.314158,-80.713469
"7350",NA,43,"University Meadows","Ozone","Mecklenburg",35.314158,-80.713469
"7351",NA,31,"University Meadows","Ozone","Mecklenburg",35.314158,-80.713469
"7352",NA,31,"University Meadows","Ozone","Mecklenburg",35.314158,-80.713469
"7353",NA,45,"University Meadows","Ozone","Mecklenburg",35.314158,-80.713469
"7354",NA,46,"University Meadows","Ozone","Mecklenburg",35.314158,-80.713469
"7355",NA,50,"University Meadows","Ozone","Mecklenburg",35.314158,-80.713469
"7356",NA,43,"University Meadows","Ozone","Mecklenburg",35.314158,-80.713469
"7357",NA,33,"University Meadows","Ozone","Mecklenburg",35.314158,-80.713469
"7358",NA,46,"University Meadows","Ozone","Mecklenburg",35.314158,-80.713469
"7359",NA,51,"University Meadows","Ozone","Mecklenburg",35.314158,-80.713469
"7360",NA,61,"University Meadows","Ozone","Mecklenburg",35.314158,-80.713469
"7361",NA,97,"University Meadows","Ozone","Mecklenburg",35.314158,-80.713469
"7362",NA,108,"University Meadows","Ozone","Mecklenburg",35.314158,-80.713469
"7363",NA,48,"University Meadows","Ozone","Mecklenburg",35.314158,-80.713469
"7364",7-01-20,74,"University Meadows","Ozone","Mecklenburg",35.314158,-80.713469
"7365",7-02-20,101,"University Meadows","Ozone","Mecklenburg",35.314158,-80.713469
"7366",7-03-20,101,"University Meadows","Ozone","Mecklenburg",35.314158,-80.713469
"7367",7-04-20,54,"University Meadows","Ozone","Mecklenburg",35.314158,-80.713469
"7368",7-05-20,46,"University Meadows","Ozone","Mecklenburg",35.314158,-80.713469
"7369",7-06-20,39,"University Meadows","Ozone","Mecklenburg",35.314158,-80.713469
"7370",7-07-20,45,"University Meadows","Ozone","Mecklenburg",35.314158,-80.713469
"7371",7-08-20,47,"University Meadows","Ozone","Mecklenburg",35.314158,-80.713469
"7372",7-09-20,29,"University Meadows","Ozone","Mecklenburg",35.314158,-80.713469
"7373",7-10-20,35,"University Meadows","Ozone","Mecklenburg",35.314158,-80.713469
"7374",7-11-20,40,"University Meadows","Ozone","Mecklenburg",35.314158,-80.713469
"7375",7-12-20,44,"University Meadows","Ozone","Mecklenburg",35.314158,-80.713469
"7376",NA,47,"University Meadows","Ozone","Mecklenburg",35.314158,-80.713469
"7377",NA,44,"University Meadows","Ozone","Mecklenburg",35.314158,-80.713469
"7378",NA,67,"University Meadows","Ozone","Mecklenburg",35.314158,-80.713469
"7379",NA,67,"University Meadows","Ozone","Mecklenburg",35.314158,-80.713469
"7380",NA,34,"University Meadows","Ozone","Mecklenburg",35.314158,-80.713469
"7381",NA,40,"University Meadows","Ozone","Mecklenburg",35.314158,-80.713469
"7382",NA,90,"University Meadows","Ozone","Mecklenburg",35.314158,-80.713469
"7383",NA,42,"University Meadows","Ozone","Mecklenburg",35.314158,-80.713469
"7384",NA,36,"University Meadows","Ozone","Mecklenburg",35.314158,-80.713469
"7385",NA,35,"University Meadows","Ozone","Mecklenburg",35.314158,-80.713469
"7386",NA,29,"University Meadows","Ozone","Mecklenburg",35.314158,-80.713469
"7387",NA,42,"University Meadows","Ozone","Mecklenburg",35.314158,-80.713469
"7388",NA,48,"University Meadows","Ozone","Mecklenburg",35.314158,-80.713469
"7389",NA,47,"University Meadows","Ozone","Mecklenburg",35.314158,-80.713469
"7390",NA,61,"University Meadows","Ozone","Mecklenburg",35.314158,-80.713469
"7391",NA,77,"University Meadows","Ozone","Mecklenburg",35.314158,-80.713469
"7392",NA,87,"University Meadows","Ozone","Mecklenburg",35.314158,-80.713469
"7393",NA,77,"University Meadows","Ozone","Mecklenburg",35.314158,-80.713469
"7394",NA,46,"University Meadows","Ozone","Mecklenburg",35.314158,-80.713469
"7395",8-01-20,77,"University Meadows","Ozone","Mecklenburg",35.314158,-80.713469
"7396",8-02-20,43,"University Meadows","Ozone","Mecklenburg",35.314158,-80.713469
"7397",8-03-20,46,"University Meadows","Ozone","Mecklenburg",35.314158,-80.713469
"7398",8-04-20,42,"University Meadows","Ozone","Mecklenburg",35.314158,-80.713469
"7399",8-05-20,54,"University Meadows","Ozone","Mecklenburg",35.314158,-80.713469
"7400",8-06-20,90,"University Meadows","Ozone","Mecklenburg",35.314158,-80.713469
"7401",8-07-20,61,"University Meadows","Ozone","Mecklenburg",35.314158,-80.713469
"7402",8-08-20,48,"University Meadows","Ozone","Mecklenburg",35.314158,-80.713469
"7403",8-09-20,90,"University Meadows","Ozone","Mecklenburg",35.314158,-80.713469
"7404",8-10-20,47,"University Meadows","Ozone","Mecklenburg",35.314158,-80.713469
"7405",8-11-20,42,"University Meadows","Ozone","Mecklenburg",35.314158,-80.713469
"7406",8-12-20,44,"University Meadows","Ozone","Mecklenburg",35.314158,-80.713469
"7407",NA,46,"University Meadows","Ozone","Mecklenburg",35.314158,-80.713469
"7408",NA,71,"University Meadows","Ozone","Mecklenburg",35.314158,-80.713469
"7409",NA,100,"University Meadows","Ozone","Mecklenburg",35.314158,-80.713469
"7410",NA,77,"University Meadows","Ozone","Mecklenburg",35.314158,-80.713469
"7411",NA,41,"University Meadows","Ozone","Mecklenburg",35.314158,-80.713469
"7412",NA,64,"University Meadows","Ozone","Mecklenburg",35.314158,-80.713469
"7413",NA,48,"University Meadows","Ozone","Mecklenburg",35.314158,-80.713469
"7414",NA,31,"University Meadows","Ozone","Mecklenburg",35.314158,-80.713469
"7415",NA,45,"University Meadows","Ozone","Mecklenburg",35.314158,-80.713469
"7416",NA,44,"University Meadows","Ozone","Mecklenburg",35.314158,-80.713469
"7417",NA,25,"University Meadows","Ozone","Mecklenburg",35.314158,-80.713469
"7418",NA,30,"University Meadows","Ozone","Mecklenburg",35.314158,-80.713469
"7419",NA,26,"University Meadows","Ozone","Mecklenburg",35.314158,-80.713469
"7420",NA,28,"University Meadows","Ozone","Mecklenburg",35.314158,-80.713469
"7421",NA,42,"University Meadows","Ozone","Mecklenburg",35.314158,-80.713469
"7422",NA,49,"University Meadows","Ozone","Mecklenburg",35.314158,-80.713469
"7423",NA,90,"University Meadows","Ozone","Mecklenburg",35.314158,-80.713469
"7424",NA,49,"University Meadows","Ozone","Mecklenburg",35.314158,-80.713469
"7425",9-01-20,37,"University Meadows","Ozone","Mecklenburg",35.314158,-80.713469
"7426",9-02-20,36,"University Meadows","Ozone","Mecklenburg",35.314158,-80.713469
"7427",9-03-20,46,"University Meadows","Ozone","Mecklenburg",35.314158,-80.713469
"7428",9-04-20,36,"University Meadows","Ozone","Mecklenburg",35.314158,-80.713469
"7429",9-05-20,29,"University Meadows","Ozone","Mecklenburg",35.314158,-80.713469
"7430",9-06-20,54,"University Meadows","Ozone","Mecklenburg",35.314158,-80.713469
"7431",9-07-20,93,"University Meadows","Ozone","Mecklenburg",35.314158,-80.713469
"7432",9-08-20,67,"University Meadows","Ozone","Mecklenburg",35.314158,-80.713469
"7433",9-09-20,108,"University Meadows","Ozone","Mecklenburg",35.314158,-80.713469
"7434",9-10-20,47,"University Meadows","Ozone","Mecklenburg",35.314158,-80.713469
"7435",9-11-20,136,"University Meadows","Ozone","Mecklenburg",35.314158,-80.713469
"7436",9-12-20,74,"University Meadows","Ozone","Mecklenburg",35.314158,-80.713469
"7437",NA,42,"University Meadows","Ozone","Mecklenburg",35.314158,-80.713469
"7438",NA,34,"University Meadows","Ozone","Mecklenburg",35.314158,-80.713469
"7439",NA,45,"University Meadows","Ozone","Mecklenburg",35.314158,-80.713469
"7440",NA,51,"University Meadows","Ozone","Mecklenburg",35.314158,-80.713469
"7441",NA,93,"University Meadows","Ozone","Mecklenburg",35.314158,-80.713469
"7442",NA,41,"University Meadows","Ozone","Mecklenburg",35.314158,-80.713469
"7443",NA,43,"University Meadows","Ozone","Mecklenburg",35.314158,-80.713469
"7444",NA,47,"University Meadows","Ozone","Mecklenburg",35.314158,-80.713469
"7445",NA,61,"University Meadows","Ozone","Mecklenburg",35.314158,-80.713469
"7446",NA,48,"University Meadows","Ozone","Mecklenburg",35.314158,-80.713469
"7447",NA,97,"University Meadows","Ozone","Mecklenburg",35.314158,-80.713469
"7448",NA,51,"University Meadows","Ozone","Mecklenburg",35.314158,-80.713469
"7449",NA,105,"University Meadows","Ozone","Mecklenburg",35.314158,-80.713469
"7450",NA,90,"University Meadows","Ozone","Mecklenburg",35.314158,-80.713469
"7451",NA,48,"University Meadows","Ozone","Mecklenburg",35.314158,-80.713469
"7452",NA,45,"University Meadows","Ozone","Mecklenburg",35.314158,-80.713469
"7453",NA,50,"University Meadows","Ozone","Mecklenburg",35.314158,-80.713469
"7454",NA,40,"University Meadows","Ozone","Mecklenburg",35.314158,-80.713469
"7455",10-01-20,90,"University Meadows","Ozone","Mecklenburg",35.314158,-80.713469
"7456",10-02-20,77,"University Meadows","Ozone","Mecklenburg",35.314158,-80.713469
"7457",10-03-20,93,"University Meadows","Ozone","Mecklenburg",35.314158,-80.713469
"7458",10-04-20,61,"University Meadows","Ozone","Mecklenburg",35.314158,-80.713469
"7459",10-05-20,27,"University Meadows","Ozone","Mecklenburg",35.314158,-80.713469
"7460",10-06-20,34,"University Meadows","Ozone","Mecklenburg",35.314158,-80.713469
"7461",10-07-20,33,"University Meadows","Ozone","Mecklenburg",35.314158,-80.713469
"7462",10-08-20,27,"University Meadows","Ozone","Mecklenburg",35.314158,-80.713469
"7463",10-09-20,40,"University Meadows","Ozone","Mecklenburg",35.314158,-80.713469
"7464",10-10-20,41,"University Meadows","Ozone","Mecklenburg",35.314158,-80.713469
"7465",10-11-20,47,"University Meadows","Ozone","Mecklenburg",35.314158,-80.713469
"7466",10-12-20,46,"University Meadows","Ozone","Mecklenburg",35.314158,-80.713469
"7467",NA,20,"University Meadows","Ozone","Mecklenburg",35.314158,-80.713469
"7468",NA,44,"University Meadows","Ozone","Mecklenburg",35.314158,-80.713469
"7469",NA,45,"University Meadows","Ozone","Mecklenburg",35.314158,-80.713469
"7470",NA,31,"University Meadows","Ozone","Mecklenburg",35.314158,-80.713469
"7471",NA,33,"University Meadows","Ozone","Mecklenburg",35.314158,-80.713469
"7472",NA,37,"University Meadows","Ozone","Mecklenburg",35.314158,-80.713469
"7473",NA,27,"University Meadows","Ozone","Mecklenburg",35.314158,-80.713469
"7474",NA,32,"University Meadows","Ozone","Mecklenburg",35.314158,-80.713469
"7475",NA,30,"University Meadows","Ozone","Mecklenburg",35.314158,-80.713469
"7476",NA,28,"University Meadows","Ozone","Mecklenburg",35.314158,-80.713469
"7477",NA,36,"University Meadows","Ozone","Mecklenburg",35.314158,-80.713469
"7478",NA,39,"University Meadows","Ozone","Mecklenburg",35.314158,-80.713469
"7479",NA,31,"University Meadows","Ozone","Mecklenburg",35.314158,-80.713469
"7480",NA,34,"University Meadows","Ozone","Mecklenburg",35.314158,-80.713469
"7481",NA,32,"University Meadows","Ozone","Mecklenburg",35.314158,-80.713469
"7482",NA,33,"University Meadows","Ozone","Mecklenburg",35.314158,-80.713469
"7483",NA,26,"University Meadows","Ozone","Mecklenburg",35.314158,-80.713469
"7484",NA,19,"University Meadows","Ozone","Mecklenburg",35.314158,-80.713469
"7485",NA,19,"University Meadows","Ozone","Mecklenburg",35.314158,-80.713469
"7486",11-01-20,27,"University Meadows","Ozone","Mecklenburg",35.314158,-80.713469
"7487",11-02-20,33,"University Meadows","Ozone","Mecklenburg",35.314158,-80.713469
"7488",11-03-20,33,"University Meadows","Ozone","Mecklenburg",35.314158,-80.713469
"7489",11-04-20,31,"University Meadows","Ozone","Mecklenburg",35.314158,-80.713469
"7490",11-05-20,22,"University Meadows","Ozone","Mecklenburg",35.314158,-80.713469
"7491",11-06-20,36,"University Meadows","Ozone","Mecklenburg",35.314158,-80.713469
"7492",1-01-20,24,"Candor","Ozone","Montgomery",35.2632,-79.8365
"7493",1-02-20,19,"Candor","Ozone","Montgomery",35.2632,-79.8365
"7494",1-03-20,17,"Candor","Ozone","Montgomery",35.2632,-79.8365
"7495",1-04-20,23,"Candor","Ozone","Montgomery",35.2632,-79.8365
"7496",1-05-20,32,"Candor","Ozone","Montgomery",35.2632,-79.8365
"7497",1-06-20,34,"Candor","Ozone","Montgomery",35.2632,-79.8365
"7498",1-07-20,29,"Candor","Ozone","Montgomery",35.2632,-79.8365
"7499",1-08-20,34,"Candor","Ozone","Montgomery",35.2632,-79.8365
"7500",1-09-20,35,"Candor","Ozone","Montgomery",35.2632,-79.8365
"7501",1-10-20,27,"Candor","Ozone","Montgomery",35.2632,-79.8365
"7502",1-11-20,30,"Candor","Ozone","Montgomery",35.2632,-79.8365
"7503",1-12-20,29,"Candor","Ozone","Montgomery",35.2632,-79.8365
"7504",NA,26,"Candor","Ozone","Montgomery",35.2632,-79.8365
"7505",NA,28,"Candor","Ozone","Montgomery",35.2632,-79.8365
"7506",NA,23,"Candor","Ozone","Montgomery",35.2632,-79.8365
"7507",NA,30,"Candor","Ozone","Montgomery",35.2632,-79.8365
"7508",NA,26,"Candor","Ozone","Montgomery",35.2632,-79.8365
"7509",NA,21,"Candor","Ozone","Montgomery",35.2632,-79.8365
"7510",NA,36,"Candor","Ozone","Montgomery",35.2632,-79.8365
"7511",NA,35,"Candor","Ozone","Montgomery",35.2632,-79.8365
"7512",NA,36,"Candor","Ozone","Montgomery",35.2632,-79.8365
"7513",NA,33,"Candor","Ozone","Montgomery",35.2632,-79.8365
"7514",NA,32,"Candor","Ozone","Montgomery",35.2632,-79.8365
"7515",NA,31,"Candor","Ozone","Montgomery",35.2632,-79.8365
"7516",NA,35,"Candor","Ozone","Montgomery",35.2632,-79.8365
"7517",NA,38,"Candor","Ozone","Montgomery",35.2632,-79.8365
"7518",NA,34,"Candor","Ozone","Montgomery",35.2632,-79.8365
"7519",NA,38,"Candor","Ozone","Montgomery",35.2632,-79.8365
"7520",NA,34,"Candor","Ozone","Montgomery",35.2632,-79.8365
"7521",NA,35,"Candor","Ozone","Montgomery",35.2632,-79.8365
"7522",NA,37,"Candor","Ozone","Montgomery",35.2632,-79.8365
"7523",2-01-20,39,"Candor","Ozone","Montgomery",35.2632,-79.8365
"7524",2-02-20,43,"Candor","Ozone","Montgomery",35.2632,-79.8365
"7525",2-03-20,37,"Candor","Ozone","Montgomery",35.2632,-79.8365
"7526",2-04-20,46,"Candor","Ozone","Montgomery",35.2632,-79.8365
"7527",2-05-20,38,"Candor","Ozone","Montgomery",35.2632,-79.8365
"7528",2-06-20,31,"Candor","Ozone","Montgomery",35.2632,-79.8365
"7529",2-07-20,31,"Candor","Ozone","Montgomery",35.2632,-79.8365
"7530",2-08-20,40,"Candor","Ozone","Montgomery",35.2632,-79.8365
"7531",2-09-20,37,"Candor","Ozone","Montgomery",35.2632,-79.8365
"7532",2-10-20,34,"Candor","Ozone","Montgomery",35.2632,-79.8365
"7533",2-11-20,19,"Candor","Ozone","Montgomery",35.2632,-79.8365
"7534",2-12-20,14,"Candor","Ozone","Montgomery",35.2632,-79.8365
"7535",NA,40,"Candor","Ozone","Montgomery",35.2632,-79.8365
"7536",NA,39,"Candor","Ozone","Montgomery",35.2632,-79.8365
"7537",NA,39,"Candor","Ozone","Montgomery",35.2632,-79.8365
"7538",NA,32,"Candor","Ozone","Montgomery",35.2632,-79.8365
"7539",NA,25,"Candor","Ozone","Montgomery",35.2632,-79.8365
"7540",NA,35,"Candor","Ozone","Montgomery",35.2632,-79.8365
"7541",NA,29,"Candor","Ozone","Montgomery",35.2632,-79.8365
"7542",NA,31,"Candor","Ozone","Montgomery",35.2632,-79.8365
"7543",NA,22,"Candor","Ozone","Montgomery",35.2632,-79.8365
"7544",NA,32,"Candor","Ozone","Montgomery",35.2632,-79.8365
"7545",NA,31,"Candor","Ozone","Montgomery",35.2632,-79.8365
"7546",NA,41,"Candor","Ozone","Montgomery",35.2632,-79.8365
"7547",NA,42,"Candor","Ozone","Montgomery",35.2632,-79.8365
"7548",NA,44,"Candor","Ozone","Montgomery",35.2632,-79.8365
"7549",NA,31,"Candor","Ozone","Montgomery",35.2632,-79.8365
"7550",NA,40,"Candor","Ozone","Montgomery",35.2632,-79.8365
"7551",3-01-20,23,"Candor","Ozone","Montgomery",35.2632,-79.8365
"7552",3-02-20,25,"Candor","Ozone","Montgomery",35.2632,-79.8365
"7553",3-03-20,19,"Candor","Ozone","Montgomery",35.2632,-79.8365
"7554",3-05-20,37,"Candor","Ozone","Montgomery",35.2632,-79.8365
"7555",3-06-20,42,"Candor","Ozone","Montgomery",35.2632,-79.8365
"7556",3-07-20,44,"Candor","Ozone","Montgomery",35.2632,-79.8365
"7557",3-08-20,36,"Candor","Ozone","Montgomery",35.2632,-79.8365
"7558",3-09-20,30,"Candor","Ozone","Montgomery",35.2632,-79.8365
"7559",3-10-20,23,"Candor","Ozone","Montgomery",35.2632,-79.8365
"7560",3-11-20,43,"Candor","Ozone","Montgomery",35.2632,-79.8365
"7561",3-12-20,47,"Candor","Ozone","Montgomery",35.2632,-79.8365
"7562",NA,48,"Candor","Ozone","Montgomery",35.2632,-79.8365
"7563",NA,48,"Candor","Ozone","Montgomery",35.2632,-79.8365
"7564",NA,33,"Candor","Ozone","Montgomery",35.2632,-79.8365
"7565",NA,42,"Candor","Ozone","Montgomery",35.2632,-79.8365
"7566",NA,44,"Candor","Ozone","Montgomery",35.2632,-79.8365
"7567",NA,47,"Candor","Ozone","Montgomery",35.2632,-79.8365
"7568",NA,45,"Candor","Ozone","Montgomery",35.2632,-79.8365
"7569",NA,44,"Candor","Ozone","Montgomery",35.2632,-79.8365
"7570",NA,50,"Candor","Ozone","Montgomery",35.2632,-79.8365
"7571",NA,47,"Candor","Ozone","Montgomery",35.2632,-79.8365
"7572",NA,49,"Candor","Ozone","Montgomery",35.2632,-79.8365
"7573",NA,61,"Candor","Ozone","Montgomery",35.2632,-79.8365
"7574",NA,45,"Candor","Ozone","Montgomery",35.2632,-79.8365
"7575",NA,42,"Candor","Ozone","Montgomery",35.2632,-79.8365
"7576",NA,48,"Candor","Ozone","Montgomery",35.2632,-79.8365
"7577",NA,47,"Candor","Ozone","Montgomery",35.2632,-79.8365
"7578",NA,51,"Candor","Ozone","Montgomery",35.2632,-79.8365
"7579",NA,49,"Candor","Ozone","Montgomery",35.2632,-79.8365
"7580",NA,41,"Candor","Ozone","Montgomery",35.2632,-79.8365
"7581",4-01-20,44,"Candor","Ozone","Montgomery",35.2632,-79.8365
"7582",4-02-20,38,"Candor","Ozone","Montgomery",35.2632,-79.8365
"7583",4-03-20,54,"Candor","Ozone","Montgomery",35.2632,-79.8365
"7584",4-04-20,67,"Candor","Ozone","Montgomery",35.2632,-79.8365
"7585",4-05-20,42,"Candor","Ozone","Montgomery",35.2632,-79.8365
"7586",4-06-20,37,"Candor","Ozone","Montgomery",35.2632,-79.8365
"7587",4-07-20,31,"Candor","Ozone","Montgomery",35.2632,-79.8365
"7588",4-08-20,31,"Candor","Ozone","Montgomery",35.2632,-79.8365
"7589",4-09-20,23,"Candor","Ozone","Montgomery",35.2632,-79.8365
"7590",4-10-20,51,"Candor","Ozone","Montgomery",35.2632,-79.8365
"7591",4-11-20,51,"Candor","Ozone","Montgomery",35.2632,-79.8365
"7592",4-12-20,32,"Candor","Ozone","Montgomery",35.2632,-79.8365
"7593",NA,26,"Candor","Ozone","Montgomery",35.2632,-79.8365
"7594",NA,28,"Candor","Ozone","Montgomery",35.2632,-79.8365
"7595",NA,48,"Candor","Ozone","Montgomery",35.2632,-79.8365
"7596",NA,46,"Candor","Ozone","Montgomery",35.2632,-79.8365
"7597",NA,48,"Candor","Ozone","Montgomery",35.2632,-79.8365
"7598",NA,44,"Candor","Ozone","Montgomery",35.2632,-79.8365
"7599",NA,33,"Candor","Ozone","Montgomery",35.2632,-79.8365
"7600",NA,31,"Candor","Ozone","Montgomery",35.2632,-79.8365
"7601",NA,31,"Candor","Ozone","Montgomery",35.2632,-79.8365
"7602",NA,40,"Candor","Ozone","Montgomery",35.2632,-79.8365
"7603",NA,44,"Candor","Ozone","Montgomery",35.2632,-79.8365
"7604",NA,49,"Candor","Ozone","Montgomery",35.2632,-79.8365
"7605",NA,40,"Candor","Ozone","Montgomery",35.2632,-79.8365
"7606",NA,44,"Candor","Ozone","Montgomery",35.2632,-79.8365
"7607",NA,54,"Candor","Ozone","Montgomery",35.2632,-79.8365
"7608",NA,46,"Candor","Ozone","Montgomery",35.2632,-79.8365
"7609",NA,41,"Candor","Ozone","Montgomery",35.2632,-79.8365
"7610",NA,41,"Candor","Ozone","Montgomery",35.2632,-79.8365
"7611",5-01-20,30,"Candor","Ozone","Montgomery",35.2632,-79.8365
"7612",5-02-20,36,"Candor","Ozone","Montgomery",35.2632,-79.8365
"7613",5-03-20,20,"Candor","Ozone","Montgomery",35.2632,-79.8365
"7614",5-04-20,31,"Candor","Ozone","Montgomery",35.2632,-79.8365
"7615",5-05-20,26,"Candor","Ozone","Montgomery",35.2632,-79.8365
"7616",5-06-20,31,"Candor","Ozone","Montgomery",35.2632,-79.8365
"7617",5-07-20,41,"Candor","Ozone","Montgomery",35.2632,-79.8365
"7618",5-08-20,41,"Candor","Ozone","Montgomery",35.2632,-79.8365
"7619",5-09-20,37,"Candor","Ozone","Montgomery",35.2632,-79.8365
"7620",5-10-20,28,"Candor","Ozone","Montgomery",35.2632,-79.8365
"7621",5-11-20,30,"Candor","Ozone","Montgomery",35.2632,-79.8365
"7622",5-12-20,25,"Candor","Ozone","Montgomery",35.2632,-79.8365
"7623",NA,39,"Candor","Ozone","Montgomery",35.2632,-79.8365
"7624",NA,42,"Candor","Ozone","Montgomery",35.2632,-79.8365
"7625",NA,41,"Candor","Ozone","Montgomery",35.2632,-79.8365
"7626",NA,50,"Candor","Ozone","Montgomery",35.2632,-79.8365
"7627",NA,54,"Candor","Ozone","Montgomery",35.2632,-79.8365
"7628",NA,45,"Candor","Ozone","Montgomery",35.2632,-79.8365
"7629",NA,44,"Candor","Ozone","Montgomery",35.2632,-79.8365
"7630",NA,42,"Candor","Ozone","Montgomery",35.2632,-79.8365
"7631",NA,44,"Candor","Ozone","Montgomery",35.2632,-79.8365
"7632",NA,46,"Candor","Ozone","Montgomery",35.2632,-79.8365
"7633",NA,35,"Candor","Ozone","Montgomery",35.2632,-79.8365
"7634",NA,44,"Candor","Ozone","Montgomery",35.2632,-79.8365
"7635",NA,44,"Candor","Ozone","Montgomery",35.2632,-79.8365
"7636",NA,44,"Candor","Ozone","Montgomery",35.2632,-79.8365
"7637",NA,44,"Candor","Ozone","Montgomery",35.2632,-79.8365
"7638",NA,47,"Candor","Ozone","Montgomery",35.2632,-79.8365
"7639",NA,51,"Candor","Ozone","Montgomery",35.2632,-79.8365
"7640",NA,45,"Candor","Ozone","Montgomery",35.2632,-79.8365
"7641",NA,54,"Candor","Ozone","Montgomery",35.2632,-79.8365
"7642",6-01-20,49,"Candor","Ozone","Montgomery",35.2632,-79.8365
"7643",6-02-20,61,"Candor","Ozone","Montgomery",35.2632,-79.8365
"7644",6-03-20,61,"Candor","Ozone","Montgomery",35.2632,-79.8365
"7645",6-04-20,49,"Candor","Ozone","Montgomery",35.2632,-79.8365
"7646",6-05-20,43,"Candor","Ozone","Montgomery",35.2632,-79.8365
"7647",6-06-20,41,"Candor","Ozone","Montgomery",35.2632,-79.8365
"7648",6-07-20,19,"Candor","Ozone","Montgomery",35.2632,-79.8365
"7649",6-08-20,38,"Candor","Ozone","Montgomery",35.2632,-79.8365
"7650",6-09-20,22,"Candor","Ozone","Montgomery",35.2632,-79.8365
"7651",6-10-20,29,"Candor","Ozone","Montgomery",35.2632,-79.8365
"7652",6-11-20,37,"Candor","Ozone","Montgomery",35.2632,-79.8365
"7653",6-12-20,34,"Candor","Ozone","Montgomery",35.2632,-79.8365
"7654",NA,34,"Candor","Ozone","Montgomery",35.2632,-79.8365
"7655",NA,44,"Candor","Ozone","Montgomery",35.2632,-79.8365
"7656",NA,48,"Candor","Ozone","Montgomery",35.2632,-79.8365
"7657",NA,41,"Candor","Ozone","Montgomery",35.2632,-79.8365
"7658",NA,23,"Candor","Ozone","Montgomery",35.2632,-79.8365
"7659",NA,26,"Candor","Ozone","Montgomery",35.2632,-79.8365
"7660",NA,44,"Candor","Ozone","Montgomery",35.2632,-79.8365
"7661",NA,46,"Candor","Ozone","Montgomery",35.2632,-79.8365
"7662",NA,43,"Candor","Ozone","Montgomery",35.2632,-79.8365
"7663",NA,36,"Candor","Ozone","Montgomery",35.2632,-79.8365
"7664",NA,31,"Candor","Ozone","Montgomery",35.2632,-79.8365
"7665",NA,44,"Candor","Ozone","Montgomery",35.2632,-79.8365
"7666",NA,50,"Candor","Ozone","Montgomery",35.2632,-79.8365
"7667",NA,61,"Candor","Ozone","Montgomery",35.2632,-79.8365
"7668",NA,50,"Candor","Ozone","Montgomery",35.2632,-79.8365
"7669",NA,71,"Candor","Ozone","Montgomery",35.2632,-79.8365
"7670",NA,51,"Candor","Ozone","Montgomery",35.2632,-79.8365
"7671",7-01-20,54,"Candor","Ozone","Montgomery",35.2632,-79.8365
"7672",7-02-20,54,"Candor","Ozone","Montgomery",35.2632,-79.8365
"7673",7-03-20,51,"Candor","Ozone","Montgomery",35.2632,-79.8365
"7674",7-04-20,40,"Candor","Ozone","Montgomery",35.2632,-79.8365
"7675",7-05-20,36,"Candor","Ozone","Montgomery",35.2632,-79.8365
"7676",7-06-20,28,"Candor","Ozone","Montgomery",35.2632,-79.8365
"7677",7-07-20,28,"Candor","Ozone","Montgomery",35.2632,-79.8365
"7678",7-08-20,34,"Candor","Ozone","Montgomery",35.2632,-79.8365
"7679",7-09-20,29,"Candor","Ozone","Montgomery",35.2632,-79.8365
"7680",7-11-20,32,"Candor","Ozone","Montgomery",35.2632,-79.8365
"7681",7-12-20,31,"Candor","Ozone","Montgomery",35.2632,-79.8365
"7682",NA,35,"Candor","Ozone","Montgomery",35.2632,-79.8365
"7683",NA,44,"Candor","Ozone","Montgomery",35.2632,-79.8365
"7684",NA,47,"Candor","Ozone","Montgomery",35.2632,-79.8365
"7685",NA,47,"Candor","Ozone","Montgomery",35.2632,-79.8365
"7686",NA,32,"Candor","Ozone","Montgomery",35.2632,-79.8365
"7687",NA,40,"Candor","Ozone","Montgomery",35.2632,-79.8365
"7688",NA,38,"Candor","Ozone","Montgomery",35.2632,-79.8365
"7689",NA,43,"Candor","Ozone","Montgomery",35.2632,-79.8365
"7690",NA,35,"Candor","Ozone","Montgomery",35.2632,-79.8365
"7691",NA,35,"Candor","Ozone","Montgomery",35.2632,-79.8365
"7692",NA,26,"Candor","Ozone","Montgomery",35.2632,-79.8365
"7693",NA,39,"Candor","Ozone","Montgomery",35.2632,-79.8365
"7694",NA,42,"Candor","Ozone","Montgomery",35.2632,-79.8365
"7695",NA,46,"Candor","Ozone","Montgomery",35.2632,-79.8365
"7696",NA,46,"Candor","Ozone","Montgomery",35.2632,-79.8365
"7697",NA,47,"Candor","Ozone","Montgomery",35.2632,-79.8365
"7698",NA,47,"Candor","Ozone","Montgomery",35.2632,-79.8365
"7699",NA,51,"Candor","Ozone","Montgomery",35.2632,-79.8365
"7700",NA,32,"Candor","Ozone","Montgomery",35.2632,-79.8365
"7701",8-01-20,43,"Candor","Ozone","Montgomery",35.2632,-79.8365
"7702",8-02-20,44,"Candor","Ozone","Montgomery",35.2632,-79.8365
"7703",8-03-20,39,"Candor","Ozone","Montgomery",35.2632,-79.8365
"7704",8-04-20,31,"Candor","Ozone","Montgomery",35.2632,-79.8365
"7705",8-05-20,31,"Candor","Ozone","Montgomery",35.2632,-79.8365
"7706",8-06-20,45,"Candor","Ozone","Montgomery",35.2632,-79.8365
"7707",8-11-20,41,"Candor","Ozone","Montgomery",35.2632,-79.8365
"7708",8-12-20,40,"Candor","Ozone","Montgomery",35.2632,-79.8365
"7709",NA,41,"Candor","Ozone","Montgomery",35.2632,-79.8365
"7710",NA,35,"Candor","Ozone","Montgomery",35.2632,-79.8365
"7711",NA,39,"Candor","Ozone","Montgomery",35.2632,-79.8365
"7712",NA,37,"Candor","Ozone","Montgomery",35.2632,-79.8365
"7713",NA,35,"Candor","Ozone","Montgomery",35.2632,-79.8365
"7714",NA,35,"Candor","Ozone","Montgomery",35.2632,-79.8365
"7715",NA,30,"Candor","Ozone","Montgomery",35.2632,-79.8365
"7716",NA,25,"Candor","Ozone","Montgomery",35.2632,-79.8365
"7717",NA,34,"Candor","Ozone","Montgomery",35.2632,-79.8365
"7718",NA,34,"Candor","Ozone","Montgomery",35.2632,-79.8365
"7719",NA,33,"Candor","Ozone","Montgomery",35.2632,-79.8365
"7720",NA,21,"Candor","Ozone","Montgomery",35.2632,-79.8365
"7721",NA,28,"Candor","Ozone","Montgomery",35.2632,-79.8365
"7722",NA,29,"Candor","Ozone","Montgomery",35.2632,-79.8365
"7723",NA,24,"Candor","Ozone","Montgomery",35.2632,-79.8365
"7724",NA,32,"Candor","Ozone","Montgomery",35.2632,-79.8365
"7725",NA,45,"Candor","Ozone","Montgomery",35.2632,-79.8365
"7726",NA,47,"Candor","Ozone","Montgomery",35.2632,-79.8365
"7727",NA,45,"Candor","Ozone","Montgomery",35.2632,-79.8365
"7728",9-01-20,34,"Candor","Ozone","Montgomery",35.2632,-79.8365
"7729",9-02-20,27,"Candor","Ozone","Montgomery",35.2632,-79.8365
"7730",9-03-20,35,"Candor","Ozone","Montgomery",35.2632,-79.8365
"7731",9-04-20,23,"Candor","Ozone","Montgomery",35.2632,-79.8365
"7732",9-05-20,29,"Candor","Ozone","Montgomery",35.2632,-79.8365
"7733",9-06-20,44,"Candor","Ozone","Montgomery",35.2632,-79.8365
"7734",9-07-20,44,"Candor","Ozone","Montgomery",35.2632,-79.8365
"7735",9-08-20,42,"Candor","Ozone","Montgomery",35.2632,-79.8365
"7736",9-09-20,43,"Candor","Ozone","Montgomery",35.2632,-79.8365
"7737",9-10-20,44,"Candor","Ozone","Montgomery",35.2632,-79.8365
"7738",9-11-20,44,"Candor","Ozone","Montgomery",35.2632,-79.8365
"7739",9-12-20,50,"Candor","Ozone","Montgomery",35.2632,-79.8365
"7740",NA,41,"Candor","Ozone","Montgomery",35.2632,-79.8365
"7741",NA,33,"Candor","Ozone","Montgomery",35.2632,-79.8365
"7742",NA,36,"Candor","Ozone","Montgomery",35.2632,-79.8365
"7743",NA,44,"Candor","Ozone","Montgomery",35.2632,-79.8365
"7744",NA,48,"Candor","Ozone","Montgomery",35.2632,-79.8365
"7745",NA,45,"Candor","Ozone","Montgomery",35.2632,-79.8365
"7746",NA,42,"Candor","Ozone","Montgomery",35.2632,-79.8365
"7747",NA,43,"Candor","Ozone","Montgomery",35.2632,-79.8365
"7748",NA,43,"Candor","Ozone","Montgomery",35.2632,-79.8365
"7749",NA,41,"Candor","Ozone","Montgomery",35.2632,-79.8365
"7750",NA,46,"Candor","Ozone","Montgomery",35.2632,-79.8365
"7751",NA,48,"Candor","Ozone","Montgomery",35.2632,-79.8365
"7752",NA,51,"Candor","Ozone","Montgomery",35.2632,-79.8365
"7753",NA,50,"Candor","Ozone","Montgomery",35.2632,-79.8365
"7754",NA,44,"Candor","Ozone","Montgomery",35.2632,-79.8365
"7755",NA,37,"Candor","Ozone","Montgomery",35.2632,-79.8365
"7756",NA,46,"Candor","Ozone","Montgomery",35.2632,-79.8365
"7757",NA,32,"Candor","Ozone","Montgomery",35.2632,-79.8365
"7758",10-01-20,38,"Candor","Ozone","Montgomery",35.2632,-79.8365
"7759",10-02-20,51,"Candor","Ozone","Montgomery",35.2632,-79.8365
"7760",10-03-20,47,"Candor","Ozone","Montgomery",35.2632,-79.8365
"7761",10-04-20,58,"Candor","Ozone","Montgomery",35.2632,-79.8365
"7762",10-05-20,30,"Candor","Ozone","Montgomery",35.2632,-79.8365
"7763",10-06-20,35,"Candor","Ozone","Montgomery",35.2632,-79.8365
"7764",10-07-20,32,"Candor","Ozone","Montgomery",35.2632,-79.8365
"7765",10-08-20,31,"Candor","Ozone","Montgomery",35.2632,-79.8365
"7766",10-09-20,37,"Candor","Ozone","Montgomery",35.2632,-79.8365
"7767",10-10-20,40,"Candor","Ozone","Montgomery",35.2632,-79.8365
"7768",10-11-20,43,"Candor","Ozone","Montgomery",35.2632,-79.8365
"7769",10-12-20,44,"Candor","Ozone","Montgomery",35.2632,-79.8365
"7770",NA,29,"Candor","Ozone","Montgomery",35.2632,-79.8365
"7771",NA,38,"Candor","Ozone","Montgomery",35.2632,-79.8365
"7772",NA,45,"Candor","Ozone","Montgomery",35.2632,-79.8365
"7773",NA,28,"Candor","Ozone","Montgomery",35.2632,-79.8365
"7774",NA,33,"Candor","Ozone","Montgomery",35.2632,-79.8365
"7775",NA,35,"Candor","Ozone","Montgomery",35.2632,-79.8365
"7776",NA,35,"Candor","Ozone","Montgomery",35.2632,-79.8365
"7777",NA,29,"Candor","Ozone","Montgomery",35.2632,-79.8365
"7778",NA,31,"Candor","Ozone","Montgomery",35.2632,-79.8365
"7779",NA,26,"Candor","Ozone","Montgomery",35.2632,-79.8365
"7780",NA,36,"Candor","Ozone","Montgomery",35.2632,-79.8365
"7781",NA,38,"Candor","Ozone","Montgomery",35.2632,-79.8365
"7782",NA,35,"Candor","Ozone","Montgomery",35.2632,-79.8365
"7783",NA,36,"Candor","Ozone","Montgomery",35.2632,-79.8365
"7784",NA,29,"Candor","Ozone","Montgomery",35.2632,-79.8365
"7785",NA,34,"Candor","Ozone","Montgomery",35.2632,-79.8365
"7786",NA,20,"Candor","Ozone","Montgomery",35.2632,-79.8365
"7787",NA,21,"Candor","Ozone","Montgomery",35.2632,-79.8365
"7788",NA,23,"Candor","Ozone","Montgomery",35.2632,-79.8365
"7789",11-01-20,28,"Candor","Ozone","Montgomery",35.2632,-79.8365
"7790",11-02-20,31,"Candor","Ozone","Montgomery",35.2632,-79.8365
"7791",11-03-20,32,"Candor","Ozone","Montgomery",35.2632,-79.8365
"7792",11-04-20,32,"Candor","Ozone","Montgomery",35.2632,-79.8365
"7793",11-05-20,35,"Candor","Ozone","Montgomery",35.2632,-79.8365
"7794",11-06-20,39,"Candor","Ozone","Montgomery",35.2632,-79.8365
"7795",11-07-20,34,"Candor","Ozone","Montgomery",35.2632,-79.8365
"7796",11-08-20,33,"Candor","Ozone","Montgomery",35.2632,-79.8365
"7797",11-09-20,33,"Candor","Ozone","Montgomery",35.2632,-79.8365
"7798",11-10-20,33,"Candor","Ozone","Montgomery",35.2632,-79.8365
"7799",11-11-20,37,"Candor","Ozone","Montgomery",35.2632,-79.8365
"7800",11-12-20,29,"Candor","Ozone","Montgomery",35.2632,-79.8365
"7801",NA,31,"Candor","Ozone","Montgomery",35.2632,-79.8365
"7802",NA,28,"Candor","Ozone","Montgomery",35.2632,-79.8365
"7803",NA,28,"Candor","Ozone","Montgomery",35.2632,-79.8365
"7804",NA,31,"Candor","Ozone","Montgomery",35.2632,-79.8365
"7805",NA,31,"Candor","Ozone","Montgomery",35.2632,-79.8365
"7806",NA,22,"Candor","Ozone","Montgomery",35.2632,-79.8365
"7807",NA,19,"Candor","Ozone","Montgomery",35.2632,-79.8365
"7808",NA,32,"Candor","Ozone","Montgomery",35.2632,-79.8365
"7809",NA,29,"Candor","Ozone","Montgomery",35.2632,-79.8365
"7810",NA,33,"Candor","Ozone","Montgomery",35.2632,-79.8365
"7811",NA,22,"Candor","Ozone","Montgomery",35.2632,-79.8365
"7812",NA,35,"Candor","Ozone","Montgomery",35.2632,-79.8365
"7813",NA,31,"Candor","Ozone","Montgomery",35.2632,-79.8365
"7814",NA,31,"Candor","Ozone","Montgomery",35.2632,-79.8365
"7815",NA,23,"Candor","Ozone","Montgomery",35.2632,-79.8365
"7816",NA,32,"Candor","Ozone","Montgomery",35.2632,-79.8365
"7817",NA,29,"Candor","Ozone","Montgomery",35.2632,-79.8365
"7818",NA,22,"Candor","Ozone","Montgomery",35.2632,-79.8365
"7819",12-01-20,30,"Candor","Ozone","Montgomery",35.2632,-79.8365
"7820",12-02-20,19,"Candor","Ozone","Montgomery",35.2632,-79.8365
"7821",12-03-20,23,"Candor","Ozone","Montgomery",35.2632,-79.8365
"7822",12-04-20,33,"Candor","Ozone","Montgomery",35.2632,-79.8365
"7823",12-05-20,34,"Candor","Ozone","Montgomery",35.2632,-79.8365
"7824",12-06-20,26,"Candor","Ozone","Montgomery",35.2632,-79.8365
"7825",12-07-20,28,"Candor","Ozone","Montgomery",35.2632,-79.8365
"7826",12-08-20,30,"Candor","Ozone","Montgomery",35.2632,-79.8365
"7827",12-09-20,19,"Candor","Ozone","Montgomery",35.2632,-79.8365
"7828",12-10-20,31,"Candor","Ozone","Montgomery",35.2632,-79.8365
"7829",12-11-20,33,"Candor","Ozone","Montgomery",35.2632,-79.8365
"7830",12-12-20,30,"Candor","Ozone","Montgomery",35.2632,-79.8365
"7831",NA,23,"Candor","Ozone","Montgomery",35.2632,-79.8365
"7832",NA,22,"Candor","Ozone","Montgomery",35.2632,-79.8365
"7833",NA,30,"Candor","Ozone","Montgomery",35.2632,-79.8365
"7834",NA,34,"Candor","Ozone","Montgomery",35.2632,-79.8365
"7835",NA,26,"Candor","Ozone","Montgomery",35.2632,-79.8365
"7836",NA,35,"Candor","Ozone","Montgomery",35.2632,-79.8365
"7837",NA,33,"Candor","Ozone","Montgomery",35.2632,-79.8365
"7838",NA,33,"Candor","Ozone","Montgomery",35.2632,-79.8365
"7839",NA,26,"Candor","Ozone","Montgomery",35.2632,-79.8365
"7840",NA,25,"Candor","Ozone","Montgomery",35.2632,-79.8365
"7841",NA,29,"Candor","Ozone","Montgomery",35.2632,-79.8365
"7842",NA,35,"Candor","Ozone","Montgomery",35.2632,-79.8365
"7843",NA,31,"Candor","Ozone","Montgomery",35.2632,-79.8365
"7844",NA,31,"Candor","Ozone","Montgomery",35.2632,-79.8365
"7845",NA,27,"Candor","Ozone","Montgomery",35.2632,-79.8365
"7846",NA,31,"Candor","Ozone","Montgomery",35.2632,-79.8365
"7847",NA,28,"Candor","Ozone","Montgomery",35.2632,-79.8365
"7848",NA,35,"Candor","Ozone","Montgomery",35.2632,-79.8365
"7849",NA,31,"Candor","Ozone","Montgomery",35.2632,-79.8365
"7850",2-08-20,39,"Castle Hayne","Ozone","New Hanover",34.364167,-77.838611
"7851",2-09-20,36,"Castle Hayne","Ozone","New Hanover",34.364167,-77.838611
"7852",2-10-20,38,"Castle Hayne","Ozone","New Hanover",34.364167,-77.838611
"7853",2-11-20,21,"Castle Hayne","Ozone","New Hanover",34.364167,-77.838611
"7854",2-12-20,31,"Castle Hayne","Ozone","New Hanover",34.364167,-77.838611
"7855",NA,41,"Castle Hayne","Ozone","New Hanover",34.364167,-77.838611
"7856",NA,44,"Castle Hayne","Ozone","New Hanover",34.364167,-77.838611
"7857",NA,47,"Castle Hayne","Ozone","New Hanover",34.364167,-77.838611
"7858",NA,34,"Castle Hayne","Ozone","New Hanover",34.364167,-77.838611
"7859",NA,27,"Castle Hayne","Ozone","New Hanover",34.364167,-77.838611
"7860",NA,30,"Castle Hayne","Ozone","New Hanover",34.364167,-77.838611
"7861",NA,35,"Castle Hayne","Ozone","New Hanover",34.364167,-77.838611
"7862",NA,35,"Castle Hayne","Ozone","New Hanover",34.364167,-77.838611
"7863",NA,22,"Castle Hayne","Ozone","New Hanover",34.364167,-77.838611
"7864",NA,35,"Castle Hayne","Ozone","New Hanover",34.364167,-77.838611
"7865",NA,35,"Castle Hayne","Ozone","New Hanover",34.364167,-77.838611
"7866",NA,41,"Castle Hayne","Ozone","New Hanover",34.364167,-77.838611
"7867",NA,44,"Castle Hayne","Ozone","New Hanover",34.364167,-77.838611
"7868",NA,41,"Castle Hayne","Ozone","New Hanover",34.364167,-77.838611
"7869",NA,39,"Castle Hayne","Ozone","New Hanover",34.364167,-77.838611
"7870",3-01-20,36,"Castle Hayne","Ozone","New Hanover",34.364167,-77.838611
"7871",3-02-20,26,"Castle Hayne","Ozone","New Hanover",34.364167,-77.838611
"7872",3-03-20,35,"Castle Hayne","Ozone","New Hanover",34.364167,-77.838611
"7873",3-04-20,28,"Castle Hayne","Ozone","New Hanover",34.364167,-77.838611
"7874",3-05-20,31,"Castle Hayne","Ozone","New Hanover",34.364167,-77.838611
"7875",3-06-20,40,"Castle Hayne","Ozone","New Hanover",34.364167,-77.838611
"7876",3-07-20,48,"Castle Hayne","Ozone","New Hanover",34.364167,-77.838611
"7877",3-08-20,48,"Castle Hayne","Ozone","New Hanover",34.364167,-77.838611
"7878",3-09-20,44,"Castle Hayne","Ozone","New Hanover",34.364167,-77.838611
"7879",3-10-20,37,"Castle Hayne","Ozone","New Hanover",34.364167,-77.838611
"7880",3-11-20,41,"Castle Hayne","Ozone","New Hanover",34.364167,-77.838611
"7881",3-12-20,47,"Castle Hayne","Ozone","New Hanover",34.364167,-77.838611
"7882",NA,51,"Castle Hayne","Ozone","New Hanover",34.364167,-77.838611
"7883",NA,51,"Castle Hayne","Ozone","New Hanover",34.364167,-77.838611
"7884",NA,43,"Castle Hayne","Ozone","New Hanover",34.364167,-77.838611
"7885",NA,41,"Castle Hayne","Ozone","New Hanover",34.364167,-77.838611
"7886",NA,38,"Castle Hayne","Ozone","New Hanover",34.364167,-77.838611
"7887",NA,48,"Castle Hayne","Ozone","New Hanover",34.364167,-77.838611
"7888",NA,45,"Castle Hayne","Ozone","New Hanover",34.364167,-77.838611
"7889",NA,39,"Castle Hayne","Ozone","New Hanover",34.364167,-77.838611
"7890",NA,46,"Castle Hayne","Ozone","New Hanover",34.364167,-77.838611
"7891",NA,44,"Castle Hayne","Ozone","New Hanover",34.364167,-77.838611
"7892",NA,47,"Castle Hayne","Ozone","New Hanover",34.364167,-77.838611
"7893",NA,61,"Castle Hayne","Ozone","New Hanover",34.364167,-77.838611
"7894",NA,54,"Castle Hayne","Ozone","New Hanover",34.364167,-77.838611
"7895",NA,44,"Castle Hayne","Ozone","New Hanover",34.364167,-77.838611
"7896",NA,45,"Castle Hayne","Ozone","New Hanover",34.364167,-77.838611
"7897",NA,45,"Castle Hayne","Ozone","New Hanover",34.364167,-77.838611
"7898",NA,49,"Castle Hayne","Ozone","New Hanover",34.364167,-77.838611
"7899",NA,49,"Castle Hayne","Ozone","New Hanover",34.364167,-77.838611
"7900",NA,42,"Castle Hayne","Ozone","New Hanover",34.364167,-77.838611
"7901",4-01-20,42,"Castle Hayne","Ozone","New Hanover",34.364167,-77.838611
"7902",4-02-20,35,"Castle Hayne","Ozone","New Hanover",34.364167,-77.838611
"7903",4-03-20,49,"Castle Hayne","Ozone","New Hanover",34.364167,-77.838611
"7904",4-04-20,71,"Castle Hayne","Ozone","New Hanover",34.364167,-77.838611
"7905",4-05-20,46,"Castle Hayne","Ozone","New Hanover",34.364167,-77.838611
"7906",4-06-20,33,"Castle Hayne","Ozone","New Hanover",34.364167,-77.838611
"7907",4-07-20,40,"Castle Hayne","Ozone","New Hanover",34.364167,-77.838611
"7908",4-08-20,31,"Castle Hayne","Ozone","New Hanover",34.364167,-77.838611
"7909",4-09-20,31,"Castle Hayne","Ozone","New Hanover",34.364167,-77.838611
"7910",4-10-20,49,"Castle Hayne","Ozone","New Hanover",34.364167,-77.838611
"7911",4-11-20,49,"Castle Hayne","Ozone","New Hanover",34.364167,-77.838611
"7912",4-12-20,44,"Castle Hayne","Ozone","New Hanover",34.364167,-77.838611
"7913",NA,31,"Castle Hayne","Ozone","New Hanover",34.364167,-77.838611
"7914",NA,29,"Castle Hayne","Ozone","New Hanover",34.364167,-77.838611
"7915",NA,47,"Castle Hayne","Ozone","New Hanover",34.364167,-77.838611
"7916",NA,46,"Castle Hayne","Ozone","New Hanover",34.364167,-77.838611
"7917",NA,61,"Castle Hayne","Ozone","New Hanover",34.364167,-77.838611
"7918",NA,45,"Castle Hayne","Ozone","New Hanover",34.364167,-77.838611
"7919",NA,39,"Castle Hayne","Ozone","New Hanover",34.364167,-77.838611
"7920",NA,41,"Castle Hayne","Ozone","New Hanover",34.364167,-77.838611
"7921",NA,32,"Castle Hayne","Ozone","New Hanover",34.364167,-77.838611
"7922",NA,37,"Castle Hayne","Ozone","New Hanover",34.364167,-77.838611
"7923",NA,51,"Castle Hayne","Ozone","New Hanover",34.364167,-77.838611
"7924",NA,61,"Castle Hayne","Ozone","New Hanover",34.364167,-77.838611
"7925",NA,54,"Castle Hayne","Ozone","New Hanover",34.364167,-77.838611
"7926",NA,46,"Castle Hayne","Ozone","New Hanover",34.364167,-77.838611
"7927",NA,64,"Castle Hayne","Ozone","New Hanover",34.364167,-77.838611
"7928",NA,61,"Castle Hayne","Ozone","New Hanover",34.364167,-77.838611
"7929",NA,43,"Castle Hayne","Ozone","New Hanover",34.364167,-77.838611
"7930",NA,46,"Castle Hayne","Ozone","New Hanover",34.364167,-77.838611
"7931",5-01-20,32,"Castle Hayne","Ozone","New Hanover",34.364167,-77.838611
"7932",5-02-20,41,"Castle Hayne","Ozone","New Hanover",34.364167,-77.838611
"7933",5-03-20,22,"Castle Hayne","Ozone","New Hanover",34.364167,-77.838611
"7934",5-04-20,31,"Castle Hayne","Ozone","New Hanover",34.364167,-77.838611
"7935",5-05-20,31,"Castle Hayne","Ozone","New Hanover",34.364167,-77.838611
"7936",5-06-20,37,"Castle Hayne","Ozone","New Hanover",34.364167,-77.838611
"7937",5-07-20,45,"Castle Hayne","Ozone","New Hanover",34.364167,-77.838611
"7938",5-08-20,44,"Castle Hayne","Ozone","New Hanover",34.364167,-77.838611
"7939",5-09-20,44,"Castle Hayne","Ozone","New Hanover",34.364167,-77.838611
"7940",5-10-20,40,"Castle Hayne","Ozone","New Hanover",34.364167,-77.838611
"7941",5-11-20,35,"Castle Hayne","Ozone","New Hanover",34.364167,-77.838611
"7942",5-12-20,33,"Castle Hayne","Ozone","New Hanover",34.364167,-77.838611
"7943",NA,35,"Castle Hayne","Ozone","New Hanover",34.364167,-77.838611
"7944",NA,41,"Castle Hayne","Ozone","New Hanover",34.364167,-77.838611
"7945",NA,44,"Castle Hayne","Ozone","New Hanover",34.364167,-77.838611
"7946",NA,50,"Castle Hayne","Ozone","New Hanover",34.364167,-77.838611
"7947",NA,54,"Castle Hayne","Ozone","New Hanover",34.364167,-77.838611
"7948",NA,54,"Castle Hayne","Ozone","New Hanover",34.364167,-77.838611
"7949",NA,36,"Castle Hayne","Ozone","New Hanover",34.364167,-77.838611
"7950",NA,36,"Castle Hayne","Ozone","New Hanover",34.364167,-77.838611
"7951",NA,44,"Castle Hayne","Ozone","New Hanover",34.364167,-77.838611
"7952",NA,47,"Castle Hayne","Ozone","New Hanover",34.364167,-77.838611
"7953",NA,45,"Castle Hayne","Ozone","New Hanover",34.364167,-77.838611
"7954",NA,47,"Castle Hayne","Ozone","New Hanover",34.364167,-77.838611
"7955",NA,64,"Castle Hayne","Ozone","New Hanover",34.364167,-77.838611
"7956",NA,44,"Castle Hayne","Ozone","New Hanover",34.364167,-77.838611
"7957",NA,45,"Castle Hayne","Ozone","New Hanover",34.364167,-77.838611
"7958",NA,51,"Castle Hayne","Ozone","New Hanover",34.364167,-77.838611
"7959",NA,64,"Castle Hayne","Ozone","New Hanover",34.364167,-77.838611
"7960",NA,48,"Castle Hayne","Ozone","New Hanover",34.364167,-77.838611
"7961",NA,43,"Castle Hayne","Ozone","New Hanover",34.364167,-77.838611
"7962",6-01-20,49,"Castle Hayne","Ozone","New Hanover",34.364167,-77.838611
"7963",6-02-20,61,"Castle Hayne","Ozone","New Hanover",34.364167,-77.838611
"7964",6-03-20,54,"Castle Hayne","Ozone","New Hanover",34.364167,-77.838611
"7965",6-04-20,50,"Castle Hayne","Ozone","New Hanover",34.364167,-77.838611
"7966",6-05-20,45,"Castle Hayne","Ozone","New Hanover",34.364167,-77.838611
"7967",6-06-20,40,"Castle Hayne","Ozone","New Hanover",34.364167,-77.838611
"7968",6-07-20,35,"Castle Hayne","Ozone","New Hanover",34.364167,-77.838611
"7969",6-08-20,31,"Castle Hayne","Ozone","New Hanover",34.364167,-77.838611
"7970",6-09-20,31,"Castle Hayne","Ozone","New Hanover",34.364167,-77.838611
"7971",6-10-20,33,"Castle Hayne","Ozone","New Hanover",34.364167,-77.838611
"7972",6-11-20,29,"Castle Hayne","Ozone","New Hanover",34.364167,-77.838611
"7973",6-12-20,34,"Castle Hayne","Ozone","New Hanover",34.364167,-77.838611
"7974",NA,40,"Castle Hayne","Ozone","New Hanover",34.364167,-77.838611
"7975",NA,58,"Castle Hayne","Ozone","New Hanover",34.364167,-77.838611
"7976",NA,58,"Castle Hayne","Ozone","New Hanover",34.364167,-77.838611
"7977",NA,37,"Castle Hayne","Ozone","New Hanover",34.364167,-77.838611
"7978",NA,32,"Castle Hayne","Ozone","New Hanover",34.364167,-77.838611
"7979",NA,26,"Castle Hayne","Ozone","New Hanover",34.364167,-77.838611
"7980",NA,29,"Castle Hayne","Ozone","New Hanover",34.364167,-77.838611
"7981",NA,41,"Castle Hayne","Ozone","New Hanover",34.364167,-77.838611
"7982",NA,48,"Castle Hayne","Ozone","New Hanover",34.364167,-77.838611
"7983",NA,50,"Castle Hayne","Ozone","New Hanover",34.364167,-77.838611
"7984",NA,43,"Castle Hayne","Ozone","New Hanover",34.364167,-77.838611
"7985",NA,50,"Castle Hayne","Ozone","New Hanover",34.364167,-77.838611
"7986",NA,48,"Castle Hayne","Ozone","New Hanover",34.364167,-77.838611
"7987",NA,48,"Castle Hayne","Ozone","New Hanover",34.364167,-77.838611
"7988",NA,64,"Castle Hayne","Ozone","New Hanover",34.364167,-77.838611
"7989",NA,80,"Castle Hayne","Ozone","New Hanover",34.364167,-77.838611
"7990",NA,50,"Castle Hayne","Ozone","New Hanover",34.364167,-77.838611
"7991",NA,47,"Castle Hayne","Ozone","New Hanover",34.364167,-77.838611
"7992",7-01-20,54,"Castle Hayne","Ozone","New Hanover",34.364167,-77.838611
"7993",7-02-20,51,"Castle Hayne","Ozone","New Hanover",34.364167,-77.838611
"7994",7-03-20,44,"Castle Hayne","Ozone","New Hanover",34.364167,-77.838611
"7995",7-04-20,47,"Castle Hayne","Ozone","New Hanover",34.364167,-77.838611
"7996",7-05-20,34,"Castle Hayne","Ozone","New Hanover",34.364167,-77.838611
"7997",7-06-20,34,"Castle Hayne","Ozone","New Hanover",34.364167,-77.838611
"7998",7-07-20,37,"Castle Hayne","Ozone","New Hanover",34.364167,-77.838611
"7999",7-08-20,34,"Castle Hayne","Ozone","New Hanover",34.364167,-77.838611
"8000",7-09-20,27,"Castle Hayne","Ozone","New Hanover",34.364167,-77.838611
"8001",7-10-20,39,"Castle Hayne","Ozone","New Hanover",34.364167,-77.838611
"8002",7-11-20,33,"Castle Hayne","Ozone","New Hanover",34.364167,-77.838611
"8003",7-12-20,28,"Castle Hayne","Ozone","New Hanover",34.364167,-77.838611
"8004",NA,29,"Castle Hayne","Ozone","New Hanover",34.364167,-77.838611
"8005",NA,43,"Castle Hayne","Ozone","New Hanover",34.364167,-77.838611
"8006",NA,48,"Castle Hayne","Ozone","New Hanover",34.364167,-77.838611
"8007",NA,45,"Castle Hayne","Ozone","New Hanover",34.364167,-77.838611
"8008",NA,44,"Castle Hayne","Ozone","New Hanover",34.364167,-77.838611
"8009",NA,35,"Castle Hayne","Ozone","New Hanover",34.364167,-77.838611
"8010",NA,40,"Castle Hayne","Ozone","New Hanover",34.364167,-77.838611
"8011",NA,39,"Castle Hayne","Ozone","New Hanover",34.364167,-77.838611
"8012",NA,35,"Castle Hayne","Ozone","New Hanover",34.364167,-77.838611
"8013",NA,36,"Castle Hayne","Ozone","New Hanover",34.364167,-77.838611
"8014",NA,24,"Castle Hayne","Ozone","New Hanover",34.364167,-77.838611
"8015",NA,33,"Castle Hayne","Ozone","New Hanover",34.364167,-77.838611
"8016",NA,38,"Castle Hayne","Ozone","New Hanover",34.364167,-77.838611
"8017",NA,39,"Castle Hayne","Ozone","New Hanover",34.364167,-77.838611
"8018",NA,42,"Castle Hayne","Ozone","New Hanover",34.364167,-77.838611
"8019",NA,41,"Castle Hayne","Ozone","New Hanover",34.364167,-77.838611
"8020",NA,42,"Castle Hayne","Ozone","New Hanover",34.364167,-77.838611
"8021",NA,34,"Castle Hayne","Ozone","New Hanover",34.364167,-77.838611
"8022",NA,23,"Castle Hayne","Ozone","New Hanover",34.364167,-77.838611
"8023",8-01-20,35,"Castle Hayne","Ozone","New Hanover",34.364167,-77.838611
"8024",8-05-20,26,"Castle Hayne","Ozone","New Hanover",34.364167,-77.838611
"8025",8-06-20,44,"Castle Hayne","Ozone","New Hanover",34.364167,-77.838611
"8026",8-07-20,37,"Castle Hayne","Ozone","New Hanover",34.364167,-77.838611
"8027",8-08-20,44,"Castle Hayne","Ozone","New Hanover",34.364167,-77.838611
"8028",8-09-20,50,"Castle Hayne","Ozone","New Hanover",34.364167,-77.838611
"8029",8-10-20,44,"Castle Hayne","Ozone","New Hanover",34.364167,-77.838611
"8030",8-11-20,45,"Castle Hayne","Ozone","New Hanover",34.364167,-77.838611
"8031",8-12-20,39,"Castle Hayne","Ozone","New Hanover",34.364167,-77.838611
"8032",NA,40,"Castle Hayne","Ozone","New Hanover",34.364167,-77.838611
"8033",NA,39,"Castle Hayne","Ozone","New Hanover",34.364167,-77.838611
"8034",NA,33,"Castle Hayne","Ozone","New Hanover",34.364167,-77.838611
"8035",NA,31,"Castle Hayne","Ozone","New Hanover",34.364167,-77.838611
"8036",NA,24,"Castle Hayne","Ozone","New Hanover",34.364167,-77.838611
"8037",NA,27,"Castle Hayne","Ozone","New Hanover",34.364167,-77.838611
"8038",NA,32,"Castle Hayne","Ozone","New Hanover",34.364167,-77.838611
"8039",NA,28,"Castle Hayne","Ozone","New Hanover",34.364167,-77.838611
"8040",NA,30,"Castle Hayne","Ozone","New Hanover",34.364167,-77.838611
"8041",NA,24,"Castle Hayne","Ozone","New Hanover",34.364167,-77.838611
"8042",NA,26,"Castle Hayne","Ozone","New Hanover",34.364167,-77.838611
"8043",NA,26,"Castle Hayne","Ozone","New Hanover",34.364167,-77.838611
"8044",NA,30,"Castle Hayne","Ozone","New Hanover",34.364167,-77.838611
"8045",NA,27,"Castle Hayne","Ozone","New Hanover",34.364167,-77.838611
"8046",NA,30,"Castle Hayne","Ozone","New Hanover",34.364167,-77.838611
"8047",NA,45,"Castle Hayne","Ozone","New Hanover",34.364167,-77.838611
"8048",NA,49,"Castle Hayne","Ozone","New Hanover",34.364167,-77.838611
"8049",NA,47,"Castle Hayne","Ozone","New Hanover",34.364167,-77.838611
"8050",9-01-20,31,"Castle Hayne","Ozone","New Hanover",34.364167,-77.838611
"8051",9-02-20,24,"Castle Hayne","Ozone","New Hanover",34.364167,-77.838611
"8052",9-10-20,33,"Castle Hayne","Ozone","New Hanover",34.364167,-77.838611
"8053",9-11-20,37,"Castle Hayne","Ozone","New Hanover",34.364167,-77.838611
"8054",9-12-20,42,"Castle Hayne","Ozone","New Hanover",34.364167,-77.838611
"8055",NA,34,"Castle Hayne","Ozone","New Hanover",34.364167,-77.838611
"8056",NA,31,"Castle Hayne","Ozone","New Hanover",34.364167,-77.838611
"8057",NA,27,"Castle Hayne","Ozone","New Hanover",34.364167,-77.838611
"8058",NA,29,"Castle Hayne","Ozone","New Hanover",34.364167,-77.838611
"8059",NA,40,"Castle Hayne","Ozone","New Hanover",34.364167,-77.838611
"8060",NA,34,"Castle Hayne","Ozone","New Hanover",34.364167,-77.838611
"8061",NA,35,"Castle Hayne","Ozone","New Hanover",34.364167,-77.838611
"8062",NA,32,"Castle Hayne","Ozone","New Hanover",34.364167,-77.838611
"8063",NA,41,"Castle Hayne","Ozone","New Hanover",34.364167,-77.838611
"8064",NA,40,"Castle Hayne","Ozone","New Hanover",34.364167,-77.838611
"8065",NA,41,"Castle Hayne","Ozone","New Hanover",34.364167,-77.838611
"8066",NA,38,"Castle Hayne","Ozone","New Hanover",34.364167,-77.838611
"8067",NA,44,"Castle Hayne","Ozone","New Hanover",34.364167,-77.838611
"8068",NA,41,"Castle Hayne","Ozone","New Hanover",34.364167,-77.838611
"8069",NA,39,"Castle Hayne","Ozone","New Hanover",34.364167,-77.838611
"8070",NA,39,"Castle Hayne","Ozone","New Hanover",34.364167,-77.838611
"8071",NA,39,"Castle Hayne","Ozone","New Hanover",34.364167,-77.838611
"8072",NA,43,"Castle Hayne","Ozone","New Hanover",34.364167,-77.838611
"8073",10-01-20,34,"Castle Hayne","Ozone","New Hanover",34.364167,-77.838611
"8074",10-02-20,43,"Castle Hayne","Ozone","New Hanover",34.364167,-77.838611
"8075",10-03-20,51,"Castle Hayne","Ozone","New Hanover",34.364167,-77.838611
"8076",10-04-20,48,"Castle Hayne","Ozone","New Hanover",34.364167,-77.838611
"8077",10-05-20,34,"Castle Hayne","Ozone","New Hanover",34.364167,-77.838611
"8078",10-06-20,38,"Castle Hayne","Ozone","New Hanover",34.364167,-77.838611
"8079",10-07-20,33,"Castle Hayne","Ozone","New Hanover",34.364167,-77.838611
"8080",10-08-20,27,"Castle Hayne","Ozone","New Hanover",34.364167,-77.838611
"8081",10-09-20,30,"Castle Hayne","Ozone","New Hanover",34.364167,-77.838611
"8082",10-10-20,25,"Castle Hayne","Ozone","New Hanover",34.364167,-77.838611
"8083",10-11-20,43,"Castle Hayne","Ozone","New Hanover",34.364167,-77.838611
"8084",10-12-20,44,"Castle Hayne","Ozone","New Hanover",34.364167,-77.838611
"8085",NA,42,"Castle Hayne","Ozone","New Hanover",34.364167,-77.838611
"8086",NA,32,"Castle Hayne","Ozone","New Hanover",34.364167,-77.838611
"8087",NA,37,"Castle Hayne","Ozone","New Hanover",34.364167,-77.838611
"8088",NA,30,"Castle Hayne","Ozone","New Hanover",34.364167,-77.838611
"8089",NA,32,"Castle Hayne","Ozone","New Hanover",34.364167,-77.838611
"8090",NA,35,"Castle Hayne","Ozone","New Hanover",34.364167,-77.838611
"8091",NA,38,"Castle Hayne","Ozone","New Hanover",34.364167,-77.838611
"8092",NA,34,"Castle Hayne","Ozone","New Hanover",34.364167,-77.838611
"8093",NA,30,"Castle Hayne","Ozone","New Hanover",34.364167,-77.838611
"8094",NA,29,"Castle Hayne","Ozone","New Hanover",34.364167,-77.838611
"8095",NA,37,"Castle Hayne","Ozone","New Hanover",34.364167,-77.838611
"8096",NA,41,"Castle Hayne","Ozone","New Hanover",34.364167,-77.838611
"8097",NA,42,"Castle Hayne","Ozone","New Hanover",34.364167,-77.838611
"8098",NA,40,"Castle Hayne","Ozone","New Hanover",34.364167,-77.838611
"8099",NA,24,"Castle Hayne","Ozone","New Hanover",34.364167,-77.838611
"8100",NA,34,"Castle Hayne","Ozone","New Hanover",34.364167,-77.838611
"8101",NA,20,"Castle Hayne","Ozone","New Hanover",34.364167,-77.838611
"8102",NA,33,"Castle Hayne","Ozone","New Hanover",34.364167,-77.838611
"8103",NA,32,"Castle Hayne","Ozone","New Hanover",34.364167,-77.838611
"8104",1-01-20,35,"Bushy Fork","Ozone","Person",36.306965,-79.09197
"8105",1-02-20,24,"Bushy Fork","Ozone","Person",36.306965,-79.09197
"8106",1-03-20,16,"Bushy Fork","Ozone","Person",36.306965,-79.09197
"8107",1-04-20,24,"Bushy Fork","Ozone","Person",36.306965,-79.09197
"8108",1-05-20,39,"Bushy Fork","Ozone","Person",36.306965,-79.09197
"8109",1-06-20,31,"Bushy Fork","Ozone","Person",36.306965,-79.09197
"8110",1-07-20,30,"Bushy Fork","Ozone","Person",36.306965,-79.09197
"8111",1-08-20,35,"Bushy Fork","Ozone","Person",36.306965,-79.09197
"8112",1-09-20,35,"Bushy Fork","Ozone","Person",36.306965,-79.09197
"8113",NA,45,"Bushy Fork","Ozone","Person",36.306965,-79.09197
"8114",NA,31,"Bushy Fork","Ozone","Person",36.306965,-79.09197
"8115",NA,41,"Bushy Fork","Ozone","Person",36.306965,-79.09197
"8116",3-01-20,28,"Bushy Fork","Ozone","Person",36.306965,-79.09197
"8117",3-02-20,34,"Bushy Fork","Ozone","Person",36.306965,-79.09197
"8118",3-03-20,31,"Bushy Fork","Ozone","Person",36.306965,-79.09197
"8119",3-04-20,43,"Bushy Fork","Ozone","Person",36.306965,-79.09197
"8120",3-05-20,40,"Bushy Fork","Ozone","Person",36.306965,-79.09197
"8121",3-06-20,43,"Bushy Fork","Ozone","Person",36.306965,-79.09197
"8122",3-07-20,43,"Bushy Fork","Ozone","Person",36.306965,-79.09197
"8123",3-08-20,37,"Bushy Fork","Ozone","Person",36.306965,-79.09197
"8124",3-09-20,28,"Bushy Fork","Ozone","Person",36.306965,-79.09197
"8125",3-10-20,30,"Bushy Fork","Ozone","Person",36.306965,-79.09197
"8126",3-11-20,43,"Bushy Fork","Ozone","Person",36.306965,-79.09197
"8127",3-12-20,47,"Bushy Fork","Ozone","Person",36.306965,-79.09197
"8128",NA,51,"Bushy Fork","Ozone","Person",36.306965,-79.09197
"8129",NA,50,"Bushy Fork","Ozone","Person",36.306965,-79.09197
"8130",NA,39,"Bushy Fork","Ozone","Person",36.306965,-79.09197
"8131",NA,44,"Bushy Fork","Ozone","Person",36.306965,-79.09197
"8132",NA,45,"Bushy Fork","Ozone","Person",36.306965,-79.09197
"8133",NA,47,"Bushy Fork","Ozone","Person",36.306965,-79.09197
"8134",NA,48,"Bushy Fork","Ozone","Person",36.306965,-79.09197
"8135",NA,48,"Bushy Fork","Ozone","Person",36.306965,-79.09197
"8136",NA,49,"Bushy Fork","Ozone","Person",36.306965,-79.09197
"8137",NA,46,"Bushy Fork","Ozone","Person",36.306965,-79.09197
"8138",NA,48,"Bushy Fork","Ozone","Person",36.306965,-79.09197
"8139",NA,71,"Bushy Fork","Ozone","Person",36.306965,-79.09197
"8140",NA,48,"Bushy Fork","Ozone","Person",36.306965,-79.09197
"8141",NA,44,"Bushy Fork","Ozone","Person",36.306965,-79.09197
"8142",NA,49,"Bushy Fork","Ozone","Person",36.306965,-79.09197
"8143",NA,54,"Bushy Fork","Ozone","Person",36.306965,-79.09197
"8144",NA,77,"Bushy Fork","Ozone","Person",36.306965,-79.09197
"8145",NA,64,"Bushy Fork","Ozone","Person",36.306965,-79.09197
"8146",NA,44,"Bushy Fork","Ozone","Person",36.306965,-79.09197
"8147",4-01-20,45,"Bushy Fork","Ozone","Person",36.306965,-79.09197
"8148",4-02-20,37,"Bushy Fork","Ozone","Person",36.306965,-79.09197
"8149",4-03-20,64,"Bushy Fork","Ozone","Person",36.306965,-79.09197
"8150",4-04-20,80,"Bushy Fork","Ozone","Person",36.306965,-79.09197
"8151",4-05-20,43,"Bushy Fork","Ozone","Person",36.306965,-79.09197
"8152",4-06-20,45,"Bushy Fork","Ozone","Person",36.306965,-79.09197
"8153",4-07-20,36,"Bushy Fork","Ozone","Person",36.306965,-79.09197
"8154",4-08-20,38,"Bushy Fork","Ozone","Person",36.306965,-79.09197
"8155",4-09-20,43,"Bushy Fork","Ozone","Person",36.306965,-79.09197
"8156",4-10-20,58,"Bushy Fork","Ozone","Person",36.306965,-79.09197
"8157",4-11-20,71,"Bushy Fork","Ozone","Person",36.306965,-79.09197
"8158",4-12-20,35,"Bushy Fork","Ozone","Person",36.306965,-79.09197
"8159",NA,32,"Bushy Fork","Ozone","Person",36.306965,-79.09197
"8160",NA,34,"Bushy Fork","Ozone","Person",36.306965,-79.09197
"8161",NA,48,"Bushy Fork","Ozone","Person",36.306965,-79.09197
"8162",NA,50,"Bushy Fork","Ozone","Person",36.306965,-79.09197
"8163",NA,77,"Bushy Fork","Ozone","Person",36.306965,-79.09197
"8164",NA,49,"Bushy Fork","Ozone","Person",36.306965,-79.09197
"8165",NA,38,"Bushy Fork","Ozone","Person",36.306965,-79.09197
"8166",NA,36,"Bushy Fork","Ozone","Person",36.306965,-79.09197
"8167",NA,31,"Bushy Fork","Ozone","Person",36.306965,-79.09197
"8168",NA,41,"Bushy Fork","Ozone","Person",36.306965,-79.09197
"8169",NA,49,"Bushy Fork","Ozone","Person",36.306965,-79.09197
"8170",NA,58,"Bushy Fork","Ozone","Person",36.306965,-79.09197
"8171",NA,46,"Bushy Fork","Ozone","Person",36.306965,-79.09197
"8172",NA,45,"Bushy Fork","Ozone","Person",36.306965,-79.09197
"8173",NA,51,"Bushy Fork","Ozone","Person",36.306965,-79.09197
"8174",NA,51,"Bushy Fork","Ozone","Person",36.306965,-79.09197
"8175",NA,35,"Bushy Fork","Ozone","Person",36.306965,-79.09197
"8176",NA,51,"Bushy Fork","Ozone","Person",36.306965,-79.09197
"8177",5-01-20,39,"Bushy Fork","Ozone","Person",36.306965,-79.09197
"8178",5-02-20,40,"Bushy Fork","Ozone","Person",36.306965,-79.09197
"8179",5-03-20,33,"Bushy Fork","Ozone","Person",36.306965,-79.09197
"8180",5-04-20,41,"Bushy Fork","Ozone","Person",36.306965,-79.09197
"8181",5-05-20,28,"Bushy Fork","Ozone","Person",36.306965,-79.09197
"8182",5-06-20,39,"Bushy Fork","Ozone","Person",36.306965,-79.09197
"8183",5-07-20,45,"Bushy Fork","Ozone","Person",36.306965,-79.09197
"8184",5-08-20,38,"Bushy Fork","Ozone","Person",36.306965,-79.09197
"8185",5-09-20,44,"Bushy Fork","Ozone","Person",36.306965,-79.09197
"8186",5-10-20,38,"Bushy Fork","Ozone","Person",36.306965,-79.09197
"8187",5-11-20,30,"Bushy Fork","Ozone","Person",36.306965,-79.09197
"8188",5-12-20,31,"Bushy Fork","Ozone","Person",36.306965,-79.09197
"8189",NA,32,"Bushy Fork","Ozone","Person",36.306965,-79.09197
"8190",NA,43,"Bushy Fork","Ozone","Person",36.306965,-79.09197
"8191",NA,47,"Bushy Fork","Ozone","Person",36.306965,-79.09197
"8192",NA,51,"Bushy Fork","Ozone","Person",36.306965,-79.09197
"8193",NA,64,"Bushy Fork","Ozone","Person",36.306965,-79.09197
"8194",NA,61,"Bushy Fork","Ozone","Person",36.306965,-79.09197
"8195",NA,47,"Bushy Fork","Ozone","Person",36.306965,-79.09197
"8196",NA,46,"Bushy Fork","Ozone","Person",36.306965,-79.09197
"8197",NA,47,"Bushy Fork","Ozone","Person",36.306965,-79.09197
"8198",NA,49,"Bushy Fork","Ozone","Person",36.306965,-79.09197
"8199",NA,44,"Bushy Fork","Ozone","Person",36.306965,-79.09197
"8200",NA,41,"Bushy Fork","Ozone","Person",36.306965,-79.09197
"8201",NA,58,"Bushy Fork","Ozone","Person",36.306965,-79.09197
"8202",NA,46,"Bushy Fork","Ozone","Person",36.306965,-79.09197
"8203",NA,44,"Bushy Fork","Ozone","Person",36.306965,-79.09197
"8204",NA,77,"Bushy Fork","Ozone","Person",36.306965,-79.09197
"8205",NA,44,"Bushy Fork","Ozone","Person",36.306965,-79.09197
"8206",NA,71,"Bushy Fork","Ozone","Person",36.306965,-79.09197
"8207",NA,41,"Bushy Fork","Ozone","Person",36.306965,-79.09197
"8208",6-01-20,51,"Bushy Fork","Ozone","Person",36.306965,-79.09197
"8209",6-02-20,67,"Bushy Fork","Ozone","Person",36.306965,-79.09197
"8210",6-03-20,48,"Bushy Fork","Ozone","Person",36.306965,-79.09197
"8211",6-04-20,58,"Bushy Fork","Ozone","Person",36.306965,-79.09197
"8212",6-05-20,44,"Bushy Fork","Ozone","Person",36.306965,-79.09197
"8213",6-06-20,48,"Bushy Fork","Ozone","Person",36.306965,-79.09197
"8214",6-07-20,29,"Bushy Fork","Ozone","Person",36.306965,-79.09197
"8215",6-08-20,32,"Bushy Fork","Ozone","Person",36.306965,-79.09197
"8216",6-09-20,24,"Bushy Fork","Ozone","Person",36.306965,-79.09197
"8217",6-10-20,33,"Bushy Fork","Ozone","Person",36.306965,-79.09197
"8218",6-11-20,41,"Bushy Fork","Ozone","Person",36.306965,-79.09197
"8219",6-12-20,39,"Bushy Fork","Ozone","Person",36.306965,-79.09197
"8220",NA,44,"Bushy Fork","Ozone","Person",36.306965,-79.09197
"8221",NA,40,"Bushy Fork","Ozone","Person",36.306965,-79.09197
"8222",NA,49,"Bushy Fork","Ozone","Person",36.306965,-79.09197
"8223",NA,45,"Bushy Fork","Ozone","Person",36.306965,-79.09197
"8224",NA,39,"Bushy Fork","Ozone","Person",36.306965,-79.09197
"8225",NA,32,"Bushy Fork","Ozone","Person",36.306965,-79.09197
"8226",NA,31,"Bushy Fork","Ozone","Person",36.306965,-79.09197
"8227",NA,45,"Bushy Fork","Ozone","Person",36.306965,-79.09197
"8228",NA,39,"Bushy Fork","Ozone","Person",36.306965,-79.09197
"8229",NA,36,"Bushy Fork","Ozone","Person",36.306965,-79.09197
"8230",NA,36,"Bushy Fork","Ozone","Person",36.306965,-79.09197
"8231",NA,40,"Bushy Fork","Ozone","Person",36.306965,-79.09197
"8232",NA,54,"Bushy Fork","Ozone","Person",36.306965,-79.09197
"8233",NA,51,"Bushy Fork","Ozone","Person",36.306965,-79.09197
"8234",NA,74,"Bushy Fork","Ozone","Person",36.306965,-79.09197
"8235",NA,77,"Bushy Fork","Ozone","Person",36.306965,-79.09197
"8236",NA,44,"Bushy Fork","Ozone","Person",36.306965,-79.09197
"8237",7-01-20,45,"Bushy Fork","Ozone","Person",36.306965,-79.09197
"8238",7-02-20,46,"Bushy Fork","Ozone","Person",36.306965,-79.09197
"8239",7-03-20,50,"Bushy Fork","Ozone","Person",36.306965,-79.09197
"8240",7-04-20,43,"Bushy Fork","Ozone","Person",36.306965,-79.09197
"8241",7-05-20,43,"Bushy Fork","Ozone","Person",36.306965,-79.09197
"8242",7-06-20,41,"Bushy Fork","Ozone","Person",36.306965,-79.09197
"8243",7-07-20,34,"Bushy Fork","Ozone","Person",36.306965,-79.09197
"8244",7-08-20,39,"Bushy Fork","Ozone","Person",36.306965,-79.09197
"8245",7-09-20,34,"Bushy Fork","Ozone","Person",36.306965,-79.09197
"8246",7-10-20,48,"Bushy Fork","Ozone","Person",36.306965,-79.09197
"8247",7-11-20,39,"Bushy Fork","Ozone","Person",36.306965,-79.09197
"8248",7-12-20,48,"Bushy Fork","Ozone","Person",36.306965,-79.09197
"8249",NA,50,"Bushy Fork","Ozone","Person",36.306965,-79.09197
"8250",NA,50,"Bushy Fork","Ozone","Person",36.306965,-79.09197
"8251",NA,47,"Bushy Fork","Ozone","Person",36.306965,-79.09197
"8252",NA,54,"Bushy Fork","Ozone","Person",36.306965,-79.09197
"8253",NA,43,"Bushy Fork","Ozone","Person",36.306965,-79.09197
"8254",NA,40,"Bushy Fork","Ozone","Person",36.306965,-79.09197
"8255",NA,42,"Bushy Fork","Ozone","Person",36.306965,-79.09197
"8256",NA,38,"Bushy Fork","Ozone","Person",36.306965,-79.09197
"8257",NA,43,"Bushy Fork","Ozone","Person",36.306965,-79.09197
"8258",NA,44,"Bushy Fork","Ozone","Person",36.306965,-79.09197
"8259",NA,29,"Bushy Fork","Ozone","Person",36.306965,-79.09197
"8260",NA,36,"Bushy Fork","Ozone","Person",36.306965,-79.09197
"8261",NA,48,"Bushy Fork","Ozone","Person",36.306965,-79.09197
"8262",NA,51,"Bushy Fork","Ozone","Person",36.306965,-79.09197
"8263",NA,64,"Bushy Fork","Ozone","Person",36.306965,-79.09197
"8264",NA,51,"Bushy Fork","Ozone","Person",36.306965,-79.09197
"8265",NA,61,"Bushy Fork","Ozone","Person",36.306965,-79.09197
"8266",NA,67,"Bushy Fork","Ozone","Person",36.306965,-79.09197
"8267",NA,48,"Bushy Fork","Ozone","Person",36.306965,-79.09197
"8268",8-01-20,48,"Bushy Fork","Ozone","Person",36.306965,-79.09197
"8269",8-02-20,46,"Bushy Fork","Ozone","Person",36.306965,-79.09197
"8270",8-03-20,39,"Bushy Fork","Ozone","Person",36.306965,-79.09197
"8271",8-04-20,42,"Bushy Fork","Ozone","Person",36.306965,-79.09197
"8272",8-05-20,39,"Bushy Fork","Ozone","Person",36.306965,-79.09197
"8273",8-06-20,46,"Bushy Fork","Ozone","Person",36.306965,-79.09197
"8274",8-07-20,45,"Bushy Fork","Ozone","Person",36.306965,-79.09197
"8275",8-08-20,48,"Bushy Fork","Ozone","Person",36.306965,-79.09197
"8276",8-09-20,45,"Bushy Fork","Ozone","Person",36.306965,-79.09197
"8277",8-10-20,43,"Bushy Fork","Ozone","Person",36.306965,-79.09197
"8278",8-11-20,43,"Bushy Fork","Ozone","Person",36.306965,-79.09197
"8279",8-12-20,44,"Bushy Fork","Ozone","Person",36.306965,-79.09197
"8280",NA,44,"Bushy Fork","Ozone","Person",36.306965,-79.09197
"8281",NA,40,"Bushy Fork","Ozone","Person",36.306965,-79.09197
"8282",NA,44,"Bushy Fork","Ozone","Person",36.306965,-79.09197
"8283",NA,47,"Bushy Fork","Ozone","Person",36.306965,-79.09197
"8284",NA,41,"Bushy Fork","Ozone","Person",36.306965,-79.09197
"8285",NA,39,"Bushy Fork","Ozone","Person",36.306965,-79.09197
"8286",NA,43,"Bushy Fork","Ozone","Person",36.306965,-79.09197
"8287",NA,40,"Bushy Fork","Ozone","Person",36.306965,-79.09197
"8288",NA,45,"Bushy Fork","Ozone","Person",36.306965,-79.09197
"8289",NA,44,"Bushy Fork","Ozone","Person",36.306965,-79.09197
"8290",NA,43,"Bushy Fork","Ozone","Person",36.306965,-79.09197
"8291",NA,29,"Bushy Fork","Ozone","Person",36.306965,-79.09197
"8292",NA,34,"Bushy Fork","Ozone","Person",36.306965,-79.09197
"8293",NA,25,"Bushy Fork","Ozone","Person",36.306965,-79.09197
"8294",NA,26,"Bushy Fork","Ozone","Person",36.306965,-79.09197
"8295",NA,35,"Bushy Fork","Ozone","Person",36.306965,-79.09197
"8296",NA,44,"Bushy Fork","Ozone","Person",36.306965,-79.09197
"8297",NA,42,"Bushy Fork","Ozone","Person",36.306965,-79.09197
"8298",NA,54,"Bushy Fork","Ozone","Person",36.306965,-79.09197
"8299",9-01-20,41,"Bushy Fork","Ozone","Person",36.306965,-79.09197
"8300",9-02-20,33,"Bushy Fork","Ozone","Person",36.306965,-79.09197
"8301",9-03-20,48,"Bushy Fork","Ozone","Person",36.306965,-79.09197
"8302",9-04-20,39,"Bushy Fork","Ozone","Person",36.306965,-79.09197
"8303",9-05-20,30,"Bushy Fork","Ozone","Person",36.306965,-79.09197
"8304",9-06-20,46,"Bushy Fork","Ozone","Person",36.306965,-79.09197
"8305",9-07-20,48,"Bushy Fork","Ozone","Person",36.306965,-79.09197
"8306",9-08-20,44,"Bushy Fork","Ozone","Person",36.306965,-79.09197
"8307",9-09-20,43,"Bushy Fork","Ozone","Person",36.306965,-79.09197
"8308",9-10-20,44,"Bushy Fork","Ozone","Person",36.306965,-79.09197
"8309",9-11-20,51,"Bushy Fork","Ozone","Person",36.306965,-79.09197
"8310",9-12-20,64,"Bushy Fork","Ozone","Person",36.306965,-79.09197
"8311",NA,41,"Bushy Fork","Ozone","Person",36.306965,-79.09197
"8312",NA,37,"Bushy Fork","Ozone","Person",36.306965,-79.09197
"8313",NA,45,"Bushy Fork","Ozone","Person",36.306965,-79.09197
"8314",NA,47,"Bushy Fork","Ozone","Person",36.306965,-79.09197
"8315",NA,43,"Bushy Fork","Ozone","Person",36.306965,-79.09197
"8316",NA,45,"Bushy Fork","Ozone","Person",36.306965,-79.09197
"8317",NA,39,"Bushy Fork","Ozone","Person",36.306965,-79.09197
"8318",NA,44,"Bushy Fork","Ozone","Person",36.306965,-79.09197
"8319",NA,67,"Bushy Fork","Ozone","Person",36.306965,-79.09197
"8320",NA,61,"Bushy Fork","Ozone","Person",36.306965,-79.09197
"8321",NA,67,"Bushy Fork","Ozone","Person",36.306965,-79.09197
"8322",NA,45,"Bushy Fork","Ozone","Person",36.306965,-79.09197
"8323",NA,51,"Bushy Fork","Ozone","Person",36.306965,-79.09197
"8324",NA,74,"Bushy Fork","Ozone","Person",36.306965,-79.09197
"8325",NA,54,"Bushy Fork","Ozone","Person",36.306965,-79.09197
"8326",NA,47,"Bushy Fork","Ozone","Person",36.306965,-79.09197
"8327",NA,51,"Bushy Fork","Ozone","Person",36.306965,-79.09197
"8328",NA,45,"Bushy Fork","Ozone","Person",36.306965,-79.09197
"8329",10-01-20,47,"Bushy Fork","Ozone","Person",36.306965,-79.09197
"8330",10-02-20,49,"Bushy Fork","Ozone","Person",36.306965,-79.09197
"8331",10-03-20,54,"Bushy Fork","Ozone","Person",36.306965,-79.09197
"8332",10-04-20,51,"Bushy Fork","Ozone","Person",36.306965,-79.09197
"8333",10-05-20,29,"Bushy Fork","Ozone","Person",36.306965,-79.09197
"8334",10-06-20,34,"Bushy Fork","Ozone","Person",36.306965,-79.09197
"8335",10-07-20,38,"Bushy Fork","Ozone","Person",36.306965,-79.09197
"8336",10-08-20,32,"Bushy Fork","Ozone","Person",36.306965,-79.09197
"8337",10-09-20,37,"Bushy Fork","Ozone","Person",36.306965,-79.09197
"8338",10-10-20,38,"Bushy Fork","Ozone","Person",36.306965,-79.09197
"8339",10-11-20,44,"Bushy Fork","Ozone","Person",36.306965,-79.09197
"8340",10-12-20,50,"Bushy Fork","Ozone","Person",36.306965,-79.09197
"8341",NA,21,"Bushy Fork","Ozone","Person",36.306965,-79.09197
"8342",NA,41,"Bushy Fork","Ozone","Person",36.306965,-79.09197
"8343",NA,46,"Bushy Fork","Ozone","Person",36.306965,-79.09197
"8344",NA,36,"Bushy Fork","Ozone","Person",36.306965,-79.09197
"8345",NA,35,"Bushy Fork","Ozone","Person",36.306965,-79.09197
"8346",NA,38,"Bushy Fork","Ozone","Person",36.306965,-79.09197
"8347",NA,39,"Bushy Fork","Ozone","Person",36.306965,-79.09197
"8348",NA,31,"Bushy Fork","Ozone","Person",36.306965,-79.09197
"8349",NA,33,"Bushy Fork","Ozone","Person",36.306965,-79.09197
"8350",NA,23,"Bushy Fork","Ozone","Person",36.306965,-79.09197
"8351",NA,36,"Bushy Fork","Ozone","Person",36.306965,-79.09197
"8352",NA,39,"Bushy Fork","Ozone","Person",36.306965,-79.09197
"8353",NA,31,"Bushy Fork","Ozone","Person",36.306965,-79.09197
"8354",NA,41,"Bushy Fork","Ozone","Person",36.306965,-79.09197
"8355",NA,31,"Bushy Fork","Ozone","Person",36.306965,-79.09197
"8356",NA,38,"Bushy Fork","Ozone","Person",36.306965,-79.09197
"8357",NA,23,"Bushy Fork","Ozone","Person",36.306965,-79.09197
"8358",NA,25,"Bushy Fork","Ozone","Person",36.306965,-79.09197
"8359",NA,25,"Bushy Fork","Ozone","Person",36.306965,-79.09197
"8360",NA,29,"Pitt Agri. Center","Ozone","Pitt",35.6412760008938,-77.360126
"8361",NA,38,"Pitt Agri. Center","Ozone","Pitt",35.6412760008938,-77.360126
"8362",3-01-20,28,"Pitt Agri. Center","Ozone","Pitt",35.6412760008938,-77.360126
"8363",3-02-20,29,"Pitt Agri. Center","Ozone","Pitt",35.6412760008938,-77.360126
"8364",3-03-20,30,"Pitt Agri. Center","Ozone","Pitt",35.6412760008938,-77.360126
"8365",3-04-20,34,"Pitt Agri. Center","Ozone","Pitt",35.6412760008938,-77.360126
"8366",3-05-20,33,"Pitt Agri. Center","Ozone","Pitt",35.6412760008938,-77.360126
"8367",3-06-20,40,"Pitt Agri. Center","Ozone","Pitt",35.6412760008938,-77.360126
"8368",3-07-20,44,"Pitt Agri. Center","Ozone","Pitt",35.6412760008938,-77.360126
"8369",3-08-20,38,"Pitt Agri. Center","Ozone","Pitt",35.6412760008938,-77.360126
"8370",3-09-20,41,"Pitt Agri. Center","Ozone","Pitt",35.6412760008938,-77.360126
"8371",3-10-20,32,"Pitt Agri. Center","Ozone","Pitt",35.6412760008938,-77.360126
"8372",3-11-20,41,"Pitt Agri. Center","Ozone","Pitt",35.6412760008938,-77.360126
"8373",3-12-20,44,"Pitt Agri. Center","Ozone","Pitt",35.6412760008938,-77.360126
"8374",NA,50,"Pitt Agri. Center","Ozone","Pitt",35.6412760008938,-77.360126
"8375",NA,50,"Pitt Agri. Center","Ozone","Pitt",35.6412760008938,-77.360126
"8376",NA,42,"Pitt Agri. Center","Ozone","Pitt",35.6412760008938,-77.360126
"8377",NA,42,"Pitt Agri. Center","Ozone","Pitt",35.6412760008938,-77.360126
"8378",NA,44,"Pitt Agri. Center","Ozone","Pitt",35.6412760008938,-77.360126
"8379",NA,47,"Pitt Agri. Center","Ozone","Pitt",35.6412760008938,-77.360126
"8380",NA,46,"Pitt Agri. Center","Ozone","Pitt",35.6412760008938,-77.360126
"8381",NA,38,"Pitt Agri. Center","Ozone","Pitt",35.6412760008938,-77.360126
"8382",NA,44,"Pitt Agri. Center","Ozone","Pitt",35.6412760008938,-77.360126
"8383",NA,45,"Pitt Agri. Center","Ozone","Pitt",35.6412760008938,-77.360126
"8384",NA,46,"Pitt Agri. Center","Ozone","Pitt",35.6412760008938,-77.360126
"8385",NA,54,"Pitt Agri. Center","Ozone","Pitt",35.6412760008938,-77.360126
"8386",NA,49,"Pitt Agri. Center","Ozone","Pitt",35.6412760008938,-77.360126
"8387",NA,44,"Pitt Agri. Center","Ozone","Pitt",35.6412760008938,-77.360126
"8388",NA,46,"Pitt Agri. Center","Ozone","Pitt",35.6412760008938,-77.360126
"8389",NA,50,"Pitt Agri. Center","Ozone","Pitt",35.6412760008938,-77.360126
"8390",NA,40,"Pitt Agri. Center","Ozone","Pitt",35.6412760008938,-77.360126
"8391",4-01-20,44,"Pitt Agri. Center","Ozone","Pitt",35.6412760008938,-77.360126
"8392",4-02-20,34,"Pitt Agri. Center","Ozone","Pitt",35.6412760008938,-77.360126
"8393",4-03-20,51,"Pitt Agri. Center","Ozone","Pitt",35.6412760008938,-77.360126
"8394",4-04-20,67,"Pitt Agri. Center","Ozone","Pitt",35.6412760008938,-77.360126
"8395",4-05-20,45,"Pitt Agri. Center","Ozone","Pitt",35.6412760008938,-77.360126
"8396",4-06-20,34,"Pitt Agri. Center","Ozone","Pitt",35.6412760008938,-77.360126
"8397",4-07-20,41,"Pitt Agri. Center","Ozone","Pitt",35.6412760008938,-77.360126
"8398",4-08-20,36,"Pitt Agri. Center","Ozone","Pitt",35.6412760008938,-77.360126
"8399",4-09-20,31,"Pitt Agri. Center","Ozone","Pitt",35.6412760008938,-77.360126
"8400",4-10-20,50,"Pitt Agri. Center","Ozone","Pitt",35.6412760008938,-77.360126
"8401",4-11-20,51,"Pitt Agri. Center","Ozone","Pitt",35.6412760008938,-77.360126
"8402",4-12-20,45,"Pitt Agri. Center","Ozone","Pitt",35.6412760008938,-77.360126
"8403",NA,30,"Pitt Agri. Center","Ozone","Pitt",35.6412760008938,-77.360126
"8404",NA,31,"Pitt Agri. Center","Ozone","Pitt",35.6412760008938,-77.360126
"8405",NA,47,"Pitt Agri. Center","Ozone","Pitt",35.6412760008938,-77.360126
"8406",NA,50,"Pitt Agri. Center","Ozone","Pitt",35.6412760008938,-77.360126
"8407",NA,71,"Pitt Agri. Center","Ozone","Pitt",35.6412760008938,-77.360126
"8408",NA,48,"Pitt Agri. Center","Ozone","Pitt",35.6412760008938,-77.360126
"8409",NA,37,"Pitt Agri. Center","Ozone","Pitt",35.6412760008938,-77.360126
"8410",NA,42,"Pitt Agri. Center","Ozone","Pitt",35.6412760008938,-77.360126
"8411",NA,33,"Pitt Agri. Center","Ozone","Pitt",35.6412760008938,-77.360126
"8412",NA,40,"Pitt Agri. Center","Ozone","Pitt",35.6412760008938,-77.360126
"8413",NA,51,"Pitt Agri. Center","Ozone","Pitt",35.6412760008938,-77.360126
"8414",NA,61,"Pitt Agri. Center","Ozone","Pitt",35.6412760008938,-77.360126
"8415",NA,67,"Pitt Agri. Center","Ozone","Pitt",35.6412760008938,-77.360126
"8416",NA,43,"Pitt Agri. Center","Ozone","Pitt",35.6412760008938,-77.360126
"8417",NA,54,"Pitt Agri. Center","Ozone","Pitt",35.6412760008938,-77.360126
"8418",NA,51,"Pitt Agri. Center","Ozone","Pitt",35.6412760008938,-77.360126
"8419",NA,36,"Pitt Agri. Center","Ozone","Pitt",35.6412760008938,-77.360126
"8420",NA,51,"Pitt Agri. Center","Ozone","Pitt",35.6412760008938,-77.360126
"8421",5-01-20,44,"Pitt Agri. Center","Ozone","Pitt",35.6412760008938,-77.360126
"8422",5-02-20,44,"Pitt Agri. Center","Ozone","Pitt",35.6412760008938,-77.360126
"8423",5-03-20,26,"Pitt Agri. Center","Ozone","Pitt",35.6412760008938,-77.360126
"8424",5-04-20,38,"Pitt Agri. Center","Ozone","Pitt",35.6412760008938,-77.360126
"8425",5-05-20,35,"Pitt Agri. Center","Ozone","Pitt",35.6412760008938,-77.360126
"8426",5-06-20,41,"Pitt Agri. Center","Ozone","Pitt",35.6412760008938,-77.360126
"8427",5-07-20,46,"Pitt Agri. Center","Ozone","Pitt",35.6412760008938,-77.360126
"8428",5-08-20,49,"Pitt Agri. Center","Ozone","Pitt",35.6412760008938,-77.360126
"8429",5-09-20,45,"Pitt Agri. Center","Ozone","Pitt",35.6412760008938,-77.360126
"8430",5-10-20,44,"Pitt Agri. Center","Ozone","Pitt",35.6412760008938,-77.360126
"8431",5-11-20,38,"Pitt Agri. Center","Ozone","Pitt",35.6412760008938,-77.360126
"8432",5-12-20,33,"Pitt Agri. Center","Ozone","Pitt",35.6412760008938,-77.360126
"8433",NA,31,"Pitt Agri. Center","Ozone","Pitt",35.6412760008938,-77.360126
"8434",NA,39,"Pitt Agri. Center","Ozone","Pitt",35.6412760008938,-77.360126
"8435",NA,44,"Pitt Agri. Center","Ozone","Pitt",35.6412760008938,-77.360126
"8436",NA,71,"Pitt Agri. Center","Ozone","Pitt",35.6412760008938,-77.360126
"8437",NA,64,"Pitt Agri. Center","Ozone","Pitt",35.6412760008938,-77.360126
"8438",NA,67,"Pitt Agri. Center","Ozone","Pitt",35.6412760008938,-77.360126
"8439",NA,54,"Pitt Agri. Center","Ozone","Pitt",35.6412760008938,-77.360126
"8440",NA,44,"Pitt Agri. Center","Ozone","Pitt",35.6412760008938,-77.360126
"8441",NA,50,"Pitt Agri. Center","Ozone","Pitt",35.6412760008938,-77.360126
"8442",NA,47,"Pitt Agri. Center","Ozone","Pitt",35.6412760008938,-77.360126
"8443",NA,46,"Pitt Agri. Center","Ozone","Pitt",35.6412760008938,-77.360126
"8444",NA,50,"Pitt Agri. Center","Ozone","Pitt",35.6412760008938,-77.360126
"8445",NA,58,"Pitt Agri. Center","Ozone","Pitt",35.6412760008938,-77.360126
"8446",NA,47,"Pitt Agri. Center","Ozone","Pitt",35.6412760008938,-77.360126
"8447",NA,44,"Pitt Agri. Center","Ozone","Pitt",35.6412760008938,-77.360126
"8448",NA,61,"Pitt Agri. Center","Ozone","Pitt",35.6412760008938,-77.360126
"8449",NA,50,"Pitt Agri. Center","Ozone","Pitt",35.6412760008938,-77.360126
"8450",NA,77,"Pitt Agri. Center","Ozone","Pitt",35.6412760008938,-77.360126
"8451",NA,54,"Pitt Agri. Center","Ozone","Pitt",35.6412760008938,-77.360126
"8452",6-01-20,45,"Pitt Agri. Center","Ozone","Pitt",35.6412760008938,-77.360126
"8453",6-02-20,87,"Pitt Agri. Center","Ozone","Pitt",35.6412760008938,-77.360126
"8454",6-03-20,50,"Pitt Agri. Center","Ozone","Pitt",35.6412760008938,-77.360126
"8455",6-04-20,61,"Pitt Agri. Center","Ozone","Pitt",35.6412760008938,-77.360126
"8456",6-05-20,45,"Pitt Agri. Center","Ozone","Pitt",35.6412760008938,-77.360126
"8457",6-06-20,54,"Pitt Agri. Center","Ozone","Pitt",35.6412760008938,-77.360126
"8458",6-07-20,39,"Pitt Agri. Center","Ozone","Pitt",35.6412760008938,-77.360126
"8459",6-08-20,32,"Pitt Agri. Center","Ozone","Pitt",35.6412760008938,-77.360126
"8460",6-09-20,27,"Pitt Agri. Center","Ozone","Pitt",35.6412760008938,-77.360126
"8461",6-10-20,28,"Pitt Agri. Center","Ozone","Pitt",35.6412760008938,-77.360126
"8462",6-11-20,43,"Pitt Agri. Center","Ozone","Pitt",35.6412760008938,-77.360126
"8463",6-12-20,38,"Pitt Agri. Center","Ozone","Pitt",35.6412760008938,-77.360126
"8464",NA,38,"Pitt Agri. Center","Ozone","Pitt",35.6412760008938,-77.360126
"8465",NA,43,"Pitt Agri. Center","Ozone","Pitt",35.6412760008938,-77.360126
"8466",NA,49,"Pitt Agri. Center","Ozone","Pitt",35.6412760008938,-77.360126
"8467",NA,46,"Pitt Agri. Center","Ozone","Pitt",35.6412760008938,-77.360126
"8468",NA,40,"Pitt Agri. Center","Ozone","Pitt",35.6412760008938,-77.360126
"8469",NA,26,"Pitt Agri. Center","Ozone","Pitt",35.6412760008938,-77.360126
"8470",NA,36,"Pitt Agri. Center","Ozone","Pitt",35.6412760008938,-77.360126
"8471",NA,46,"Pitt Agri. Center","Ozone","Pitt",35.6412760008938,-77.360126
"8472",NA,46,"Pitt Agri. Center","Ozone","Pitt",35.6412760008938,-77.360126
"8473",NA,41,"Pitt Agri. Center","Ozone","Pitt",35.6412760008938,-77.360126
"8474",NA,41,"Pitt Agri. Center","Ozone","Pitt",35.6412760008938,-77.360126
"8475",NA,48,"Pitt Agri. Center","Ozone","Pitt",35.6412760008938,-77.360126
"8476",NA,45,"Pitt Agri. Center","Ozone","Pitt",35.6412760008938,-77.360126
"8477",NA,51,"Pitt Agri. Center","Ozone","Pitt",35.6412760008938,-77.360126
"8478",NA,64,"Pitt Agri. Center","Ozone","Pitt",35.6412760008938,-77.360126
"8479",NA,77,"Pitt Agri. Center","Ozone","Pitt",35.6412760008938,-77.360126
"8480",NA,71,"Pitt Agri. Center","Ozone","Pitt",35.6412760008938,-77.360126
"8481",NA,51,"Pitt Agri. Center","Ozone","Pitt",35.6412760008938,-77.360126
"8482",7-01-20,47,"Pitt Agri. Center","Ozone","Pitt",35.6412760008938,-77.360126
"8483",7-02-20,67,"Pitt Agri. Center","Ozone","Pitt",35.6412760008938,-77.360126
"8484",7-03-20,54,"Pitt Agri. Center","Ozone","Pitt",35.6412760008938,-77.360126
"8485",7-04-20,45,"Pitt Agri. Center","Ozone","Pitt",35.6412760008938,-77.360126
"8486",7-05-20,42,"Pitt Agri. Center","Ozone","Pitt",35.6412760008938,-77.360126
"8487",7-06-20,47,"Pitt Agri. Center","Ozone","Pitt",35.6412760008938,-77.360126
"8488",7-07-20,40,"Pitt Agri. Center","Ozone","Pitt",35.6412760008938,-77.360126
"8489",7-08-20,35,"Pitt Agri. Center","Ozone","Pitt",35.6412760008938,-77.360126
"8490",7-09-20,34,"Pitt Agri. Center","Ozone","Pitt",35.6412760008938,-77.360126
"8491",7-10-20,44,"Pitt Agri. Center","Ozone","Pitt",35.6412760008938,-77.360126
"8492",7-11-20,38,"Pitt Agri. Center","Ozone","Pitt",35.6412760008938,-77.360126
"8493",7-12-20,36,"Pitt Agri. Center","Ozone","Pitt",35.6412760008938,-77.360126
"8494",NA,41,"Pitt Agri. Center","Ozone","Pitt",35.6412760008938,-77.360126
"8495",NA,46,"Pitt Agri. Center","Ozone","Pitt",35.6412760008938,-77.360126
"8496",NA,47,"Pitt Agri. Center","Ozone","Pitt",35.6412760008938,-77.360126
"8497",NA,48,"Pitt Agri. Center","Ozone","Pitt",35.6412760008938,-77.360126
"8498",NA,46,"Pitt Agri. Center","Ozone","Pitt",35.6412760008938,-77.360126
"8499",NA,40,"Pitt Agri. Center","Ozone","Pitt",35.6412760008938,-77.360126
"8500",NA,44,"Pitt Agri. Center","Ozone","Pitt",35.6412760008938,-77.360126
"8501",NA,48,"Pitt Agri. Center","Ozone","Pitt",35.6412760008938,-77.360126
"8502",NA,41,"Pitt Agri. Center","Ozone","Pitt",35.6412760008938,-77.360126
"8503",NA,38,"Pitt Agri. Center","Ozone","Pitt",35.6412760008938,-77.360126
"8504",NA,29,"Pitt Agri. Center","Ozone","Pitt",35.6412760008938,-77.360126
"8505",NA,35,"Pitt Agri. Center","Ozone","Pitt",35.6412760008938,-77.360126
"8506",NA,44,"Pitt Agri. Center","Ozone","Pitt",35.6412760008938,-77.360126
"8507",NA,44,"Pitt Agri. Center","Ozone","Pitt",35.6412760008938,-77.360126
"8508",NA,41,"Pitt Agri. Center","Ozone","Pitt",35.6412760008938,-77.360126
"8509",NA,49,"Pitt Agri. Center","Ozone","Pitt",35.6412760008938,-77.360126
"8510",NA,49,"Pitt Agri. Center","Ozone","Pitt",35.6412760008938,-77.360126
"8511",NA,50,"Pitt Agri. Center","Ozone","Pitt",35.6412760008938,-77.360126
"8512",NA,42,"Pitt Agri. Center","Ozone","Pitt",35.6412760008938,-77.360126
"8513",8-01-20,43,"Pitt Agri. Center","Ozone","Pitt",35.6412760008938,-77.360126
"8514",8-02-20,33,"Pitt Agri. Center","Ozone","Pitt",35.6412760008938,-77.360126
"8515",8-03-20,30,"Pitt Agri. Center","Ozone","Pitt",35.6412760008938,-77.360126
"8516",8-04-20,40,"Pitt Agri. Center","Ozone","Pitt",35.6412760008938,-77.360126
"8517",8-05-20,29,"Pitt Agri. Center","Ozone","Pitt",35.6412760008938,-77.360126
"8518",8-06-20,39,"Pitt Agri. Center","Ozone","Pitt",35.6412760008938,-77.360126
"8519",8-07-20,38,"Pitt Agri. Center","Ozone","Pitt",35.6412760008938,-77.360126
"8520",8-08-20,48,"Pitt Agri. Center","Ozone","Pitt",35.6412760008938,-77.360126
"8521",8-09-20,71,"Pitt Agri. Center","Ozone","Pitt",35.6412760008938,-77.360126
"8522",8-10-20,44,"Pitt Agri. Center","Ozone","Pitt",35.6412760008938,-77.360126
"8523",8-11-20,46,"Pitt Agri. Center","Ozone","Pitt",35.6412760008938,-77.360126
"8524",8-12-20,45,"Pitt Agri. Center","Ozone","Pitt",35.6412760008938,-77.360126
"8525",NA,43,"Pitt Agri. Center","Ozone","Pitt",35.6412760008938,-77.360126
"8526",NA,44,"Pitt Agri. Center","Ozone","Pitt",35.6412760008938,-77.360126
"8527",NA,41,"Pitt Agri. Center","Ozone","Pitt",35.6412760008938,-77.360126
"8528",NA,25,"Pitt Agri. Center","Ozone","Pitt",35.6412760008938,-77.360126
"8529",NA,31,"Pitt Agri. Center","Ozone","Pitt",35.6412760008938,-77.360126
"8530",NA,25,"Pitt Agri. Center","Ozone","Pitt",35.6412760008938,-77.360126
"8531",NA,39,"Pitt Agri. Center","Ozone","Pitt",35.6412760008938,-77.360126
"8532",NA,34,"Pitt Agri. Center","Ozone","Pitt",35.6412760008938,-77.360126
"8533",NA,31,"Pitt Agri. Center","Ozone","Pitt",35.6412760008938,-77.360126
"8534",NA,44,"Pitt Agri. Center","Ozone","Pitt",35.6412760008938,-77.360126
"8535",NA,30,"Pitt Agri. Center","Ozone","Pitt",35.6412760008938,-77.360126
"8536",NA,23,"Pitt Agri. Center","Ozone","Pitt",35.6412760008938,-77.360126
"8537",NA,30,"Pitt Agri. Center","Ozone","Pitt",35.6412760008938,-77.360126
"8538",NA,26,"Pitt Agri. Center","Ozone","Pitt",35.6412760008938,-77.360126
"8539",NA,27,"Pitt Agri. Center","Ozone","Pitt",35.6412760008938,-77.360126
"8540",NA,30,"Pitt Agri. Center","Ozone","Pitt",35.6412760008938,-77.360126
"8541",NA,44,"Pitt Agri. Center","Ozone","Pitt",35.6412760008938,-77.360126
"8542",NA,54,"Pitt Agri. Center","Ozone","Pitt",35.6412760008938,-77.360126
"8543",NA,46,"Pitt Agri. Center","Ozone","Pitt",35.6412760008938,-77.360126
"8544",9-01-20,38,"Pitt Agri. Center","Ozone","Pitt",35.6412760008938,-77.360126
"8545",9-02-20,29,"Pitt Agri. Center","Ozone","Pitt",35.6412760008938,-77.360126
"8546",9-03-20,27,"Pitt Agri. Center","Ozone","Pitt",35.6412760008938,-77.360126
"8547",9-10-20,27,"Pitt Agri. Center","Ozone","Pitt",35.6412760008938,-77.360126
"8548",9-11-20,45,"Pitt Agri. Center","Ozone","Pitt",35.6412760008938,-77.360126
"8549",9-12-20,46,"Pitt Agri. Center","Ozone","Pitt",35.6412760008938,-77.360126
"8550",NA,35,"Pitt Agri. Center","Ozone","Pitt",35.6412760008938,-77.360126
"8551",NA,31,"Pitt Agri. Center","Ozone","Pitt",35.6412760008938,-77.360126
"8552",NA,28,"Pitt Agri. Center","Ozone","Pitt",35.6412760008938,-77.360126
"8553",NA,34,"Pitt Agri. Center","Ozone","Pitt",35.6412760008938,-77.360126
"8554",NA,39,"Pitt Agri. Center","Ozone","Pitt",35.6412760008938,-77.360126
"8555",NA,32,"Pitt Agri. Center","Ozone","Pitt",35.6412760008938,-77.360126
"8556",NA,34,"Pitt Agri. Center","Ozone","Pitt",35.6412760008938,-77.360126
"8557",NA,36,"Pitt Agri. Center","Ozone","Pitt",35.6412760008938,-77.360126
"8558",NA,41,"Pitt Agri. Center","Ozone","Pitt",35.6412760008938,-77.360126
"8559",NA,41,"Pitt Agri. Center","Ozone","Pitt",35.6412760008938,-77.360126
"8560",NA,44,"Pitt Agri. Center","Ozone","Pitt",35.6412760008938,-77.360126
"8561",NA,41,"Pitt Agri. Center","Ozone","Pitt",35.6412760008938,-77.360126
"8562",NA,45,"Pitt Agri. Center","Ozone","Pitt",35.6412760008938,-77.360126
"8563",NA,45,"Pitt Agri. Center","Ozone","Pitt",35.6412760008938,-77.360126
"8564",NA,37,"Pitt Agri. Center","Ozone","Pitt",35.6412760008938,-77.360126
"8565",NA,43,"Pitt Agri. Center","Ozone","Pitt",35.6412760008938,-77.360126
"8566",NA,45,"Pitt Agri. Center","Ozone","Pitt",35.6412760008938,-77.360126
"8567",NA,40,"Pitt Agri. Center","Ozone","Pitt",35.6412760008938,-77.360126
"8568",10-01-20,35,"Pitt Agri. Center","Ozone","Pitt",35.6412760008938,-77.360126
"8569",10-02-20,51,"Pitt Agri. Center","Ozone","Pitt",35.6412760008938,-77.360126
"8570",10-03-20,49,"Pitt Agri. Center","Ozone","Pitt",35.6412760008938,-77.360126
"8571",10-04-20,39,"Pitt Agri. Center","Ozone","Pitt",35.6412760008938,-77.360126
"8572",10-05-20,31,"Pitt Agri. Center","Ozone","Pitt",35.6412760008938,-77.360126
"8573",10-06-20,37,"Pitt Agri. Center","Ozone","Pitt",35.6412760008938,-77.360126
"8574",10-07-20,33,"Pitt Agri. Center","Ozone","Pitt",35.6412760008938,-77.360126
"8575",10-08-20,24,"Pitt Agri. Center","Ozone","Pitt",35.6412760008938,-77.360126
"8576",10-10-20,29,"Pitt Agri. Center","Ozone","Pitt",35.6412760008938,-77.360126
"8577",10-11-20,42,"Pitt Agri. Center","Ozone","Pitt",35.6412760008938,-77.360126
"8578",10-12-20,49,"Pitt Agri. Center","Ozone","Pitt",35.6412760008938,-77.360126
"8579",NA,40,"Pitt Agri. Center","Ozone","Pitt",35.6412760008938,-77.360126
"8580",NA,37,"Pitt Agri. Center","Ozone","Pitt",35.6412760008938,-77.360126
"8581",NA,41,"Pitt Agri. Center","Ozone","Pitt",35.6412760008938,-77.360126
"8582",NA,28,"Pitt Agri. Center","Ozone","Pitt",35.6412760008938,-77.360126
"8583",NA,34,"Pitt Agri. Center","Ozone","Pitt",35.6412760008938,-77.360126
"8584",NA,36,"Pitt Agri. Center","Ozone","Pitt",35.6412760008938,-77.360126
"8585",NA,37,"Pitt Agri. Center","Ozone","Pitt",35.6412760008938,-77.360126
"8586",NA,31,"Pitt Agri. Center","Ozone","Pitt",35.6412760008938,-77.360126
"8587",NA,27,"Pitt Agri. Center","Ozone","Pitt",35.6412760008938,-77.360126
"8588",NA,24,"Pitt Agri. Center","Ozone","Pitt",35.6412760008938,-77.360126
"8589",NA,35,"Pitt Agri. Center","Ozone","Pitt",35.6412760008938,-77.360126
"8590",NA,37,"Pitt Agri. Center","Ozone","Pitt",35.6412760008938,-77.360126
"8591",NA,39,"Pitt Agri. Center","Ozone","Pitt",35.6412760008938,-77.360126
"8592",NA,36,"Pitt Agri. Center","Ozone","Pitt",35.6412760008938,-77.360126
"8593",NA,20,"Pitt Agri. Center","Ozone","Pitt",35.6412760008938,-77.360126
"8594",NA,35,"Pitt Agri. Center","Ozone","Pitt",35.6412760008938,-77.360126
"8595",NA,25,"Pitt Agri. Center","Ozone","Pitt",35.6412760008938,-77.360126
"8596",NA,27,"Pitt Agri. Center","Ozone","Pitt",35.6412760008938,-77.360126
"8597",NA,29,"Pitt Agri. Center","Ozone","Pitt",35.6412760008938,-77.360126
"8598",1-01-20,32,"Bethany sch.","Ozone","Rockingham",36.308889,-79.859167
"8599",1-02-20,20,"Bethany sch.","Ozone","Rockingham",36.308889,-79.859167
"8600",1-03-20,19,"Bethany sch.","Ozone","Rockingham",36.308889,-79.859167
"8601",1-04-20,14,"Bethany sch.","Ozone","Rockingham",36.308889,-79.859167
"8602",1-05-20,37,"Bethany sch.","Ozone","Rockingham",36.308889,-79.859167
"8603",1-06-20,32,"Bethany sch.","Ozone","Rockingham",36.308889,-79.859167
"8604",1-07-20,30,"Bethany sch.","Ozone","Rockingham",36.308889,-79.859167
"8605",2-07-20,31,"Bethany sch.","Ozone","Rockingham",36.308889,-79.859167
"8606",2-08-20,41,"Bethany sch.","Ozone","Rockingham",36.308889,-79.859167
"8607",2-09-20,39,"Bethany sch.","Ozone","Rockingham",36.308889,-79.859167
"8608",2-10-20,31,"Bethany sch.","Ozone","Rockingham",36.308889,-79.859167
"8609",2-11-20,25,"Bethany sch.","Ozone","Rockingham",36.308889,-79.859167
"8610",2-12-20,22,"Bethany sch.","Ozone","Rockingham",36.308889,-79.859167
"8611",NA,43,"Bethany sch.","Ozone","Rockingham",36.308889,-79.859167
"8612",NA,42,"Bethany sch.","Ozone","Rockingham",36.308889,-79.859167
"8613",NA,41,"Bethany sch.","Ozone","Rockingham",36.308889,-79.859167
"8614",NA,37,"Bethany sch.","Ozone","Rockingham",36.308889,-79.859167
"8615",NA,29,"Bethany sch.","Ozone","Rockingham",36.308889,-79.859167
"8616",NA,33,"Bethany sch.","Ozone","Rockingham",36.308889,-79.859167
"8617",NA,30,"Bethany sch.","Ozone","Rockingham",36.308889,-79.859167
"8618",NA,35,"Bethany sch.","Ozone","Rockingham",36.308889,-79.859167
"8619",NA,29,"Bethany sch.","Ozone","Rockingham",36.308889,-79.859167
"8620",NA,34,"Bethany sch.","Ozone","Rockingham",36.308889,-79.859167
"8621",NA,34,"Bethany sch.","Ozone","Rockingham",36.308889,-79.859167
"8622",NA,44,"Bethany sch.","Ozone","Rockingham",36.308889,-79.859167
"8623",NA,44,"Bethany sch.","Ozone","Rockingham",36.308889,-79.859167
"8624",NA,43,"Bethany sch.","Ozone","Rockingham",36.308889,-79.859167
"8625",NA,31,"Bethany sch.","Ozone","Rockingham",36.308889,-79.859167
"8626",NA,43,"Bethany sch.","Ozone","Rockingham",36.308889,-79.859167
"8627",3-01-20,27,"Bethany sch.","Ozone","Rockingham",36.308889,-79.859167
"8628",3-02-20,37,"Bethany sch.","Ozone","Rockingham",36.308889,-79.859167
"8629",3-03-20,27,"Bethany sch.","Ozone","Rockingham",36.308889,-79.859167
"8630",3-04-20,41,"Bethany sch.","Ozone","Rockingham",36.308889,-79.859167
"8631",3-05-20,42,"Bethany sch.","Ozone","Rockingham",36.308889,-79.859167
"8632",3-06-20,43,"Bethany sch.","Ozone","Rockingham",36.308889,-79.859167
"8633",3-07-20,41,"Bethany sch.","Ozone","Rockingham",36.308889,-79.859167
"8634",3-08-20,31,"Bethany sch.","Ozone","Rockingham",36.308889,-79.859167
"8635",3-09-20,24,"Bethany sch.","Ozone","Rockingham",36.308889,-79.859167
"8636",3-10-20,31,"Bethany sch.","Ozone","Rockingham",36.308889,-79.859167
"8637",3-11-20,41,"Bethany sch.","Ozone","Rockingham",36.308889,-79.859167
"8638",3-12-20,47,"Bethany sch.","Ozone","Rockingham",36.308889,-79.859167
"8639",NA,51,"Bethany sch.","Ozone","Rockingham",36.308889,-79.859167
"8640",NA,49,"Bethany sch.","Ozone","Rockingham",36.308889,-79.859167
"8641",NA,39,"Bethany sch.","Ozone","Rockingham",36.308889,-79.859167
"8642",NA,44,"Bethany sch.","Ozone","Rockingham",36.308889,-79.859167
"8643",NA,45,"Bethany sch.","Ozone","Rockingham",36.308889,-79.859167
"8644",NA,46,"Bethany sch.","Ozone","Rockingham",36.308889,-79.859167
"8645",NA,47,"Bethany sch.","Ozone","Rockingham",36.308889,-79.859167
"8646",NA,51,"Bethany sch.","Ozone","Rockingham",36.308889,-79.859167
"8647",NA,49,"Bethany sch.","Ozone","Rockingham",36.308889,-79.859167
"8648",NA,46,"Bethany sch.","Ozone","Rockingham",36.308889,-79.859167
"8649",NA,48,"Bethany sch.","Ozone","Rockingham",36.308889,-79.859167
"8650",NA,80,"Bethany sch.","Ozone","Rockingham",36.308889,-79.859167
"8651",NA,45,"Bethany sch.","Ozone","Rockingham",36.308889,-79.859167
"8652",NA,44,"Bethany sch.","Ozone","Rockingham",36.308889,-79.859167
"8653",NA,48,"Bethany sch.","Ozone","Rockingham",36.308889,-79.859167
"8654",NA,64,"Bethany sch.","Ozone","Rockingham",36.308889,-79.859167
"8655",NA,84,"Bethany sch.","Ozone","Rockingham",36.308889,-79.859167
"8656",NA,61,"Bethany sch.","Ozone","Rockingham",36.308889,-79.859167
"8657",NA,44,"Bethany sch.","Ozone","Rockingham",36.308889,-79.859167
"8658",4-01-20,45,"Bethany sch.","Ozone","Rockingham",36.308889,-79.859167
"8659",4-02-20,44,"Bethany sch.","Ozone","Rockingham",36.308889,-79.859167
"8660",4-03-20,58,"Bethany sch.","Ozone","Rockingham",36.308889,-79.859167
"8661",4-04-20,77,"Bethany sch.","Ozone","Rockingham",36.308889,-79.859167
"8662",4-05-20,42,"Bethany sch.","Ozone","Rockingham",36.308889,-79.859167
"8663",4-06-20,44,"Bethany sch.","Ozone","Rockingham",36.308889,-79.859167
"8664",4-07-20,38,"Bethany sch.","Ozone","Rockingham",36.308889,-79.859167
"8665",4-08-20,34,"Bethany sch.","Ozone","Rockingham",36.308889,-79.859167
"8666",4-09-20,42,"Bethany sch.","Ozone","Rockingham",36.308889,-79.859167
"8667",4-10-20,61,"Bethany sch.","Ozone","Rockingham",36.308889,-79.859167
"8668",4-11-20,54,"Bethany sch.","Ozone","Rockingham",36.308889,-79.859167
"8669",4-12-20,29,"Bethany sch.","Ozone","Rockingham",36.308889,-79.859167
"8670",NA,35,"Bethany sch.","Ozone","Rockingham",36.308889,-79.859167
"8671",NA,36,"Bethany sch.","Ozone","Rockingham",36.308889,-79.859167
"8672",NA,47,"Bethany sch.","Ozone","Rockingham",36.308889,-79.859167
"8673",NA,64,"Bethany sch.","Ozone","Rockingham",36.308889,-79.859167
"8674",NA,74,"Bethany sch.","Ozone","Rockingham",36.308889,-79.859167
"8675",NA,50,"Bethany sch.","Ozone","Rockingham",36.308889,-79.859167
"8676",NA,36,"Bethany sch.","Ozone","Rockingham",36.308889,-79.859167
"8677",NA,34,"Bethany sch.","Ozone","Rockingham",36.308889,-79.859167
"8678",NA,31,"Bethany sch.","Ozone","Rockingham",36.308889,-79.859167
"8679",NA,42,"Bethany sch.","Ozone","Rockingham",36.308889,-79.859167
"8680",NA,54,"Bethany sch.","Ozone","Rockingham",36.308889,-79.859167
"8681",NA,51,"Bethany sch.","Ozone","Rockingham",36.308889,-79.859167
"8682",NA,44,"Bethany sch.","Ozone","Rockingham",36.308889,-79.859167
"8683",NA,46,"Bethany sch.","Ozone","Rockingham",36.308889,-79.859167
"8684",NA,51,"Bethany sch.","Ozone","Rockingham",36.308889,-79.859167
"8685",NA,51,"Bethany sch.","Ozone","Rockingham",36.308889,-79.859167
"8686",NA,35,"Bethany sch.","Ozone","Rockingham",36.308889,-79.859167
"8687",NA,71,"Bethany sch.","Ozone","Rockingham",36.308889,-79.859167
"8688",5-01-20,44,"Bethany sch.","Ozone","Rockingham",36.308889,-79.859167
"8689",5-02-20,44,"Bethany sch.","Ozone","Rockingham",36.308889,-79.859167
"8690",5-03-20,37,"Bethany sch.","Ozone","Rockingham",36.308889,-79.859167
"8691",5-04-20,43,"Bethany sch.","Ozone","Rockingham",36.308889,-79.859167
"8692",5-05-20,33,"Bethany sch.","Ozone","Rockingham",36.308889,-79.859167
"8693",5-06-20,41,"Bethany sch.","Ozone","Rockingham",36.308889,-79.859167
"8694",5-07-20,44,"Bethany sch.","Ozone","Rockingham",36.308889,-79.859167
"8695",5-08-20,46,"Bethany sch.","Ozone","Rockingham",36.308889,-79.859167
"8696",5-09-20,44,"Bethany sch.","Ozone","Rockingham",36.308889,-79.859167
"8697",5-10-20,38,"Bethany sch.","Ozone","Rockingham",36.308889,-79.859167
"8698",5-11-20,27,"Bethany sch.","Ozone","Rockingham",36.308889,-79.859167
"8699",5-12-20,31,"Bethany sch.","Ozone","Rockingham",36.308889,-79.859167
"8700",NA,38,"Bethany sch.","Ozone","Rockingham",36.308889,-79.859167
"8701",NA,44,"Bethany sch.","Ozone","Rockingham",36.308889,-79.859167
"8702",NA,48,"Bethany sch.","Ozone","Rockingham",36.308889,-79.859167
"8703",NA,49,"Bethany sch.","Ozone","Rockingham",36.308889,-79.859167
"8704",NA,47,"Bethany sch.","Ozone","Rockingham",36.308889,-79.859167
"8705",NA,61,"Bethany sch.","Ozone","Rockingham",36.308889,-79.859167
"8706",NA,49,"Bethany sch.","Ozone","Rockingham",36.308889,-79.859167
"8707",NA,48,"Bethany sch.","Ozone","Rockingham",36.308889,-79.859167
"8708",NA,47,"Bethany sch.","Ozone","Rockingham",36.308889,-79.859167
"8709",NA,45,"Bethany sch.","Ozone","Rockingham",36.308889,-79.859167
"8710",NA,43,"Bethany sch.","Ozone","Rockingham",36.308889,-79.859167
"8711",NA,38,"Bethany sch.","Ozone","Rockingham",36.308889,-79.859167
"8712",NA,49,"Bethany sch.","Ozone","Rockingham",36.308889,-79.859167
"8713",NA,42,"Bethany sch.","Ozone","Rockingham",36.308889,-79.859167
"8714",NA,40,"Bethany sch.","Ozone","Rockingham",36.308889,-79.859167
"8715",NA,46,"Bethany sch.","Ozone","Rockingham",36.308889,-79.859167
"8716",NA,37,"Bethany sch.","Ozone","Rockingham",36.308889,-79.859167
"8717",NA,61,"Bethany sch.","Ozone","Rockingham",36.308889,-79.859167
"8718",NA,39,"Bethany sch.","Ozone","Rockingham",36.308889,-79.859167
"8719",6-01-20,49,"Bethany sch.","Ozone","Rockingham",36.308889,-79.859167
"8720",6-02-20,58,"Bethany sch.","Ozone","Rockingham",36.308889,-79.859167
"8721",6-03-20,47,"Bethany sch.","Ozone","Rockingham",36.308889,-79.859167
"8722",6-04-20,74,"Bethany sch.","Ozone","Rockingham",36.308889,-79.859167
"8723",6-05-20,45,"Bethany sch.","Ozone","Rockingham",36.308889,-79.859167
"8724",6-06-20,46,"Bethany sch.","Ozone","Rockingham",36.308889,-79.859167
"8725",6-07-20,28,"Bethany sch.","Ozone","Rockingham",36.308889,-79.859167
"8726",6-08-20,35,"Bethany sch.","Ozone","Rockingham",36.308889,-79.859167
"8727",6-09-20,24,"Bethany sch.","Ozone","Rockingham",36.308889,-79.859167
"8728",6-10-20,35,"Bethany sch.","Ozone","Rockingham",36.308889,-79.859167
"8729",6-11-20,41,"Bethany sch.","Ozone","Rockingham",36.308889,-79.859167
"8730",6-12-20,38,"Bethany sch.","Ozone","Rockingham",36.308889,-79.859167
"8731",NA,44,"Bethany sch.","Ozone","Rockingham",36.308889,-79.859167
"8732",NA,38,"Bethany sch.","Ozone","Rockingham",36.308889,-79.859167
"8733",NA,67,"Bethany sch.","Ozone","Rockingham",36.308889,-79.859167
"8734",NA,45,"Bethany sch.","Ozone","Rockingham",36.308889,-79.859167
"8735",NA,44,"Bethany sch.","Ozone","Rockingham",36.308889,-79.859167
"8736",NA,34,"Bethany sch.","Ozone","Rockingham",36.308889,-79.859167
"8737",NA,34,"Bethany sch.","Ozone","Rockingham",36.308889,-79.859167
"8738",NA,46,"Bethany sch.","Ozone","Rockingham",36.308889,-79.859167
"8739",NA,44,"Bethany sch.","Ozone","Rockingham",36.308889,-79.859167
"8740",NA,43,"Bethany sch.","Ozone","Rockingham",36.308889,-79.859167
"8741",NA,37,"Bethany sch.","Ozone","Rockingham",36.308889,-79.859167
"8742",NA,40,"Bethany sch.","Ozone","Rockingham",36.308889,-79.859167
"8743",NA,38,"Bethany sch.","Ozone","Rockingham",36.308889,-79.859167
"8744",NA,47,"Bethany sch.","Ozone","Rockingham",36.308889,-79.859167
"8745",NA,49,"Bethany sch.","Ozone","Rockingham",36.308889,-79.859167
"8746",NA,64,"Bethany sch.","Ozone","Rockingham",36.308889,-79.859167
"8747",NA,54,"Bethany sch.","Ozone","Rockingham",36.308889,-79.859167
"8748",NA,43,"Bethany sch.","Ozone","Rockingham",36.308889,-79.859167
"8749",7-01-20,43,"Bethany sch.","Ozone","Rockingham",36.308889,-79.859167
"8750",7-02-20,49,"Bethany sch.","Ozone","Rockingham",36.308889,-79.859167
"8751",7-03-20,47,"Bethany sch.","Ozone","Rockingham",36.308889,-79.859167
"8752",7-04-20,37,"Bethany sch.","Ozone","Rockingham",36.308889,-79.859167
"8753",7-05-20,45,"Bethany sch.","Ozone","Rockingham",36.308889,-79.859167
"8754",7-06-20,36,"Bethany sch.","Ozone","Rockingham",36.308889,-79.859167
"8755",7-07-20,34,"Bethany sch.","Ozone","Rockingham",36.308889,-79.859167
"8756",7-08-20,35,"Bethany sch.","Ozone","Rockingham",36.308889,-79.859167
"8757",7-09-20,37,"Bethany sch.","Ozone","Rockingham",36.308889,-79.859167
"8758",7-10-20,40,"Bethany sch.","Ozone","Rockingham",36.308889,-79.859167
"8759",7-11-20,39,"Bethany sch.","Ozone","Rockingham",36.308889,-79.859167
"8760",7-12-20,43,"Bethany sch.","Ozone","Rockingham",36.308889,-79.859167
"8761",NA,41,"Bethany sch.","Ozone","Rockingham",36.308889,-79.859167
"8762",NA,46,"Bethany sch.","Ozone","Rockingham",36.308889,-79.859167
"8763",NA,50,"Bethany sch.","Ozone","Rockingham",36.308889,-79.859167
"8764",NA,50,"Bethany sch.","Ozone","Rockingham",36.308889,-79.859167
"8765",NA,44,"Bethany sch.","Ozone","Rockingham",36.308889,-79.859167
"8766",NA,33,"Bethany sch.","Ozone","Rockingham",36.308889,-79.859167
"8767",NA,39,"Bethany sch.","Ozone","Rockingham",36.308889,-79.859167
"8768",NA,36,"Bethany sch.","Ozone","Rockingham",36.308889,-79.859167
"8769",NA,44,"Bethany sch.","Ozone","Rockingham",36.308889,-79.859167
"8770",NA,42,"Bethany sch.","Ozone","Rockingham",36.308889,-79.859167
"8771",NA,30,"Bethany sch.","Ozone","Rockingham",36.308889,-79.859167
"8772",NA,43,"Bethany sch.","Ozone","Rockingham",36.308889,-79.859167
"8773",NA,44,"Bethany sch.","Ozone","Rockingham",36.308889,-79.859167
"8774",NA,48,"Bethany sch.","Ozone","Rockingham",36.308889,-79.859167
"8775",NA,58,"Bethany sch.","Ozone","Rockingham",36.308889,-79.859167
"8776",NA,64,"Bethany sch.","Ozone","Rockingham",36.308889,-79.859167
"8777",NA,67,"Bethany sch.","Ozone","Rockingham",36.308889,-79.859167
"8778",NA,61,"Bethany sch.","Ozone","Rockingham",36.308889,-79.859167
"8779",NA,50,"Bethany sch.","Ozone","Rockingham",36.308889,-79.859167
"8780",8-01-20,51,"Bethany sch.","Ozone","Rockingham",36.308889,-79.859167
"8781",8-02-20,44,"Bethany sch.","Ozone","Rockingham",36.308889,-79.859167
"8782",8-03-20,39,"Bethany sch.","Ozone","Rockingham",36.308889,-79.859167
"8783",8-04-20,42,"Bethany sch.","Ozone","Rockingham",36.308889,-79.859167
"8784",8-05-20,40,"Bethany sch.","Ozone","Rockingham",36.308889,-79.859167
"8785",8-06-20,54,"Bethany sch.","Ozone","Rockingham",36.308889,-79.859167
"8786",8-07-20,44,"Bethany sch.","Ozone","Rockingham",36.308889,-79.859167
"8787",8-08-20,45,"Bethany sch.","Ozone","Rockingham",36.308889,-79.859167
"8788",8-09-20,43,"Bethany sch.","Ozone","Rockingham",36.308889,-79.859167
"8789",8-10-20,43,"Bethany sch.","Ozone","Rockingham",36.308889,-79.859167
"8790",8-11-20,45,"Bethany sch.","Ozone","Rockingham",36.308889,-79.859167
"8791",8-12-20,45,"Bethany sch.","Ozone","Rockingham",36.308889,-79.859167
"8792",NA,44,"Bethany sch.","Ozone","Rockingham",36.308889,-79.859167
"8793",NA,42,"Bethany sch.","Ozone","Rockingham",36.308889,-79.859167
"8794",NA,67,"Bethany sch.","Ozone","Rockingham",36.308889,-79.859167
"8795",NA,45,"Bethany sch.","Ozone","Rockingham",36.308889,-79.859167
"8796",NA,42,"Bethany sch.","Ozone","Rockingham",36.308889,-79.859167
"8797",NA,50,"Bethany sch.","Ozone","Rockingham",36.308889,-79.859167
"8798",NA,48,"Bethany sch.","Ozone","Rockingham",36.308889,-79.859167
"8799",NA,44,"Bethany sch.","Ozone","Rockingham",36.308889,-79.859167
"8800",NA,43,"Bethany sch.","Ozone","Rockingham",36.308889,-79.859167
"8801",NA,43,"Bethany sch.","Ozone","Rockingham",36.308889,-79.859167
"8802",NA,38,"Bethany sch.","Ozone","Rockingham",36.308889,-79.859167
"8803",NA,23,"Bethany sch.","Ozone","Rockingham",36.308889,-79.859167
"8804",NA,33,"Bethany sch.","Ozone","Rockingham",36.308889,-79.859167
"8805",NA,26,"Bethany sch.","Ozone","Rockingham",36.308889,-79.859167
"8806",NA,27,"Bethany sch.","Ozone","Rockingham",36.308889,-79.859167
"8807",NA,31,"Bethany sch.","Ozone","Rockingham",36.308889,-79.859167
"8808",NA,43,"Bethany sch.","Ozone","Rockingham",36.308889,-79.859167
"8809",NA,45,"Bethany sch.","Ozone","Rockingham",36.308889,-79.859167
"8810",NA,54,"Bethany sch.","Ozone","Rockingham",36.308889,-79.859167
"8811",9-01-20,37,"Bethany sch.","Ozone","Rockingham",36.308889,-79.859167
"8812",9-02-20,40,"Bethany sch.","Ozone","Rockingham",36.308889,-79.859167
"8813",9-03-20,43,"Bethany sch.","Ozone","Rockingham",36.308889,-79.859167
"8814",9-04-20,50,"Bethany sch.","Ozone","Rockingham",36.308889,-79.859167
"8815",9-05-20,39,"Bethany sch.","Ozone","Rockingham",36.308889,-79.859167
"8816",9-06-20,44,"Bethany sch.","Ozone","Rockingham",36.308889,-79.859167
"8817",9-07-20,44,"Bethany sch.","Ozone","Rockingham",36.308889,-79.859167
"8818",9-08-20,47,"Bethany sch.","Ozone","Rockingham",36.308889,-79.859167
"8819",9-09-20,45,"Bethany sch.","Ozone","Rockingham",36.308889,-79.859167
"8820",9-10-20,42,"Bethany sch.","Ozone","Rockingham",36.308889,-79.859167
"8821",9-11-20,71,"Bethany sch.","Ozone","Rockingham",36.308889,-79.859167
"8822",9-12-20,48,"Bethany sch.","Ozone","Rockingham",36.308889,-79.859167
"8823",NA,41,"Bethany sch.","Ozone","Rockingham",36.308889,-79.859167
"8824",NA,31,"Bethany sch.","Ozone","Rockingham",36.308889,-79.859167
"8825",NA,40,"Bethany sch.","Ozone","Rockingham",36.308889,-79.859167
"8826",NA,44,"Bethany sch.","Ozone","Rockingham",36.308889,-79.859167
"8827",NA,49,"Bethany sch.","Ozone","Rockingham",36.308889,-79.859167
"8828",NA,42,"Bethany sch.","Ozone","Rockingham",36.308889,-79.859167
"8829",NA,41,"Bethany sch.","Ozone","Rockingham",36.308889,-79.859167
"8830",NA,47,"Bethany sch.","Ozone","Rockingham",36.308889,-79.859167
"8831",NA,64,"Bethany sch.","Ozone","Rockingham",36.308889,-79.859167
"8832",NA,58,"Bethany sch.","Ozone","Rockingham",36.308889,-79.859167
"8833",NA,47,"Bethany sch.","Ozone","Rockingham",36.308889,-79.859167
"8834",NA,42,"Bethany sch.","Ozone","Rockingham",36.308889,-79.859167
"8835",NA,54,"Bethany sch.","Ozone","Rockingham",36.308889,-79.859167
"8836",NA,48,"Bethany sch.","Ozone","Rockingham",36.308889,-79.859167
"8837",NA,50,"Bethany sch.","Ozone","Rockingham",36.308889,-79.859167
"8838",NA,46,"Bethany sch.","Ozone","Rockingham",36.308889,-79.859167
"8839",NA,44,"Bethany sch.","Ozone","Rockingham",36.308889,-79.859167
"8840",NA,38,"Bethany sch.","Ozone","Rockingham",36.308889,-79.859167
"8841",10-01-20,64,"Bethany sch.","Ozone","Rockingham",36.308889,-79.859167
"8842",10-02-20,46,"Bethany sch.","Ozone","Rockingham",36.308889,-79.859167
"8843",10-03-20,50,"Bethany sch.","Ozone","Rockingham",36.308889,-79.859167
"8844",10-04-20,58,"Bethany sch.","Ozone","Rockingham",36.308889,-79.859167
"8845",10-05-20,31,"Bethany sch.","Ozone","Rockingham",36.308889,-79.859167
"8846",10-06-20,31,"Bethany sch.","Ozone","Rockingham",36.308889,-79.859167
"8847",10-07-20,39,"Bethany sch.","Ozone","Rockingham",36.308889,-79.859167
"8848",10-08-20,33,"Bethany sch.","Ozone","Rockingham",36.308889,-79.859167
"8849",10-09-20,40,"Bethany sch.","Ozone","Rockingham",36.308889,-79.859167
"8850",10-10-20,39,"Bethany sch.","Ozone","Rockingham",36.308889,-79.859167
"8851",10-11-20,42,"Bethany sch.","Ozone","Rockingham",36.308889,-79.859167
"8852",10-12-20,44,"Bethany sch.","Ozone","Rockingham",36.308889,-79.859167
"8853",NA,22,"Bethany sch.","Ozone","Rockingham",36.308889,-79.859167
"8854",NA,39,"Bethany sch.","Ozone","Rockingham",36.308889,-79.859167
"8855",NA,46,"Bethany sch.","Ozone","Rockingham",36.308889,-79.859167
"8856",NA,35,"Bethany sch.","Ozone","Rockingham",36.308889,-79.859167
"8857",NA,34,"Bethany sch.","Ozone","Rockingham",36.308889,-79.859167
"8858",NA,35,"Bethany sch.","Ozone","Rockingham",36.308889,-79.859167
"8859",NA,37,"Bethany sch.","Ozone","Rockingham",36.308889,-79.859167
"8860",NA,33,"Bethany sch.","Ozone","Rockingham",36.308889,-79.859167
"8861",NA,27,"Bethany sch.","Ozone","Rockingham",36.308889,-79.859167
"8862",NA,26,"Bethany sch.","Ozone","Rockingham",36.308889,-79.859167
"8863",NA,35,"Bethany sch.","Ozone","Rockingham",36.308889,-79.859167
"8864",NA,41,"Bethany sch.","Ozone","Rockingham",36.308889,-79.859167
"8865",NA,32,"Bethany sch.","Ozone","Rockingham",36.308889,-79.859167
"8866",NA,39,"Bethany sch.","Ozone","Rockingham",36.308889,-79.859167
"8867",NA,35,"Bethany sch.","Ozone","Rockingham",36.308889,-79.859167
"8868",NA,40,"Bethany sch.","Ozone","Rockingham",36.308889,-79.859167
"8869",NA,24,"Bethany sch.","Ozone","Rockingham",36.308889,-79.859167
"8870",NA,23,"Bethany sch.","Ozone","Rockingham",36.308889,-79.859167
"8871",NA,24,"Bethany sch.","Ozone","Rockingham",36.308889,-79.859167
"8872",1-01-20,25,"Rockwell","Ozone","Rowan",35.551868,-80.395039
"8873",1-02-20,19,"Rockwell","Ozone","Rowan",35.551868,-80.395039
"8874",1-03-20,16,"Rockwell","Ozone","Rowan",35.551868,-80.395039
"8875",1-04-20,25,"Rockwell","Ozone","Rowan",35.551868,-80.395039
"8876",1-05-20,36,"Rockwell","Ozone","Rowan",35.551868,-80.395039
"8877",1-06-20,35,"Rockwell","Ozone","Rowan",35.551868,-80.395039
"8878",1-07-20,30,"Rockwell","Ozone","Rowan",35.551868,-80.395039
"8879",1-08-20,34,"Rockwell","Ozone","Rowan",35.551868,-80.395039
"8880",1-09-20,36,"Rockwell","Ozone","Rowan",35.551868,-80.395039
"8881",1-10-20,28,"Rockwell","Ozone","Rowan",35.551868,-80.395039
"8882",1-11-20,28,"Rockwell","Ozone","Rowan",35.551868,-80.395039
"8883",1-12-20,31,"Rockwell","Ozone","Rowan",35.551868,-80.395039
"8884",NA,27,"Rockwell","Ozone","Rowan",35.551868,-80.395039
"8885",NA,29,"Rockwell","Ozone","Rowan",35.551868,-80.395039
"8886",NA,25,"Rockwell","Ozone","Rowan",35.551868,-80.395039
"8887",NA,31,"Rockwell","Ozone","Rowan",35.551868,-80.395039
"8888",NA,25,"Rockwell","Ozone","Rowan",35.551868,-80.395039
"8889",NA,17,"Rockwell","Ozone","Rowan",35.551868,-80.395039
"8890",NA,37,"Rockwell","Ozone","Rowan",35.551868,-80.395039
"8891",NA,36,"Rockwell","Ozone","Rowan",35.551868,-80.395039
"8892",NA,36,"Rockwell","Ozone","Rowan",35.551868,-80.395039
"8893",NA,34,"Rockwell","Ozone","Rowan",35.551868,-80.395039
"8894",NA,32,"Rockwell","Ozone","Rowan",35.551868,-80.395039
"8895",NA,31,"Rockwell","Ozone","Rowan",35.551868,-80.395039
"8896",NA,35,"Rockwell","Ozone","Rowan",35.551868,-80.395039
"8897",NA,38,"Rockwell","Ozone","Rowan",35.551868,-80.395039
"8898",NA,36,"Rockwell","Ozone","Rowan",35.551868,-80.395039
"8899",NA,39,"Rockwell","Ozone","Rowan",35.551868,-80.395039
"8900",NA,33,"Rockwell","Ozone","Rowan",35.551868,-80.395039
"8901",NA,37,"Rockwell","Ozone","Rowan",35.551868,-80.395039
"8902",NA,36,"Rockwell","Ozone","Rowan",35.551868,-80.395039
"8903",2-01-20,39,"Rockwell","Ozone","Rowan",35.551868,-80.395039
"8904",2-02-20,44,"Rockwell","Ozone","Rowan",35.551868,-80.395039
"8905",2-03-20,41,"Rockwell","Ozone","Rowan",35.551868,-80.395039
"8906",2-04-20,46,"Rockwell","Ozone","Rowan",35.551868,-80.395039
"8907",2-05-20,37,"Rockwell","Ozone","Rowan",35.551868,-80.395039
"8908",2-06-20,26,"Rockwell","Ozone","Rowan",35.551868,-80.395039
"8909",2-07-20,33,"Rockwell","Ozone","Rowan",35.551868,-80.395039
"8910",2-08-20,41,"Rockwell","Ozone","Rowan",35.551868,-80.395039
"8911",2-09-20,38,"Rockwell","Ozone","Rowan",35.551868,-80.395039
"8912",2-10-20,32,"Rockwell","Ozone","Rowan",35.551868,-80.395039
"8913",2-11-20,19,"Rockwell","Ozone","Rowan",35.551868,-80.395039
"8914",2-12-20,17,"Rockwell","Ozone","Rowan",35.551868,-80.395039
"8915",NA,42,"Rockwell","Ozone","Rowan",35.551868,-80.395039
"8916",NA,41,"Rockwell","Ozone","Rowan",35.551868,-80.395039
"8917",NA,39,"Rockwell","Ozone","Rowan",35.551868,-80.395039
"8918",NA,36,"Rockwell","Ozone","Rowan",35.551868,-80.395039
"8919",NA,29,"Rockwell","Ozone","Rowan",35.551868,-80.395039
"8920",NA,36,"Rockwell","Ozone","Rowan",35.551868,-80.395039
"8921",NA,27,"Rockwell","Ozone","Rowan",35.551868,-80.395039
"8922",NA,33,"Rockwell","Ozone","Rowan",35.551868,-80.395039
"8923",NA,24,"Rockwell","Ozone","Rowan",35.551868,-80.395039
"8924",NA,32,"Rockwell","Ozone","Rowan",35.551868,-80.395039
"8925",NA,32,"Rockwell","Ozone","Rowan",35.551868,-80.395039
"8926",NA,43,"Rockwell","Ozone","Rowan",35.551868,-80.395039
"8927",NA,43,"Rockwell","Ozone","Rowan",35.551868,-80.395039
"8928",NA,45,"Rockwell","Ozone","Rowan",35.551868,-80.395039
"8929",NA,23,"Rockwell","Ozone","Rowan",35.551868,-80.395039
"8930",NA,34,"Rockwell","Ozone","Rowan",35.551868,-80.395039
"8931",3-01-20,24,"Rockwell","Ozone","Rowan",35.551868,-80.395039
"8932",3-02-20,29,"Rockwell","Ozone","Rowan",35.551868,-80.395039
"8933",3-03-20,22,"Rockwell","Ozone","Rowan",35.551868,-80.395039
"8934",3-04-20,41,"Rockwell","Ozone","Rowan",35.551868,-80.395039
"8935",3-05-20,41,"Rockwell","Ozone","Rowan",35.551868,-80.395039
"8936",3-06-20,43,"Rockwell","Ozone","Rowan",35.551868,-80.395039
"8937",3-07-20,44,"Rockwell","Ozone","Rowan",35.551868,-80.395039
"8938",3-08-20,34,"Rockwell","Ozone","Rowan",35.551868,-80.395039
"8939",3-09-20,20,"Rockwell","Ozone","Rowan",35.551868,-80.395039
"8940",3-10-20,26,"Rockwell","Ozone","Rowan",35.551868,-80.395039
"8941",3-11-20,40,"Rockwell","Ozone","Rowan",35.551868,-80.395039
"8942",3-12-20,48,"Rockwell","Ozone","Rowan",35.551868,-80.395039
"8943",NA,49,"Rockwell","Ozone","Rowan",35.551868,-80.395039
"8944",NA,48,"Rockwell","Ozone","Rowan",35.551868,-80.395039
"8945",NA,36,"Rockwell","Ozone","Rowan",35.551868,-80.395039
"8946",NA,44,"Rockwell","Ozone","Rowan",35.551868,-80.395039
"8947",NA,46,"Rockwell","Ozone","Rowan",35.551868,-80.395039
"8948",NA,46,"Rockwell","Ozone","Rowan",35.551868,-80.395039
"8949",NA,50,"Rockwell","Ozone","Rowan",35.551868,-80.395039
"8950",NA,50,"Rockwell","Ozone","Rowan",35.551868,-80.395039
"8951",NA,54,"Rockwell","Ozone","Rowan",35.551868,-80.395039
"8952",NA,47,"Rockwell","Ozone","Rowan",35.551868,-80.395039
"8953",NA,50,"Rockwell","Ozone","Rowan",35.551868,-80.395039
"8954",NA,67,"Rockwell","Ozone","Rowan",35.551868,-80.395039
"8955",NA,48,"Rockwell","Ozone","Rowan",35.551868,-80.395039
"8956",NA,45,"Rockwell","Ozone","Rowan",35.551868,-80.395039
"8957",NA,48,"Rockwell","Ozone","Rowan",35.551868,-80.395039
"8958",NA,54,"Rockwell","Ozone","Rowan",35.551868,-80.395039
"8959",NA,77,"Rockwell","Ozone","Rowan",35.551868,-80.395039
"8960",NA,61,"Rockwell","Ozone","Rowan",35.551868,-80.395039
"8961",NA,44,"Rockwell","Ozone","Rowan",35.551868,-80.395039
"8962",4-01-20,47,"Rockwell","Ozone","Rowan",35.551868,-80.395039
"8963",4-02-20,41,"Rockwell","Ozone","Rowan",35.551868,-80.395039
"8964",4-03-20,67,"Rockwell","Ozone","Rowan",35.551868,-80.395039
"8965",4-04-20,67,"Rockwell","Ozone","Rowan",35.551868,-80.395039
"8966",4-05-20,39,"Rockwell","Ozone","Rowan",35.551868,-80.395039
"8967",4-06-20,44,"Rockwell","Ozone","Rowan",35.551868,-80.395039
"8968",4-07-20,28,"Rockwell","Ozone","Rowan",35.551868,-80.395039
"8969",4-08-20,34,"Rockwell","Ozone","Rowan",35.551868,-80.395039
"8970",4-09-20,30,"Rockwell","Ozone","Rowan",35.551868,-80.395039
"8971",4-10-20,71,"Rockwell","Ozone","Rowan",35.551868,-80.395039
"8972",4-11-20,51,"Rockwell","Ozone","Rowan",35.551868,-80.395039
"8973",4-12-20,31,"Rockwell","Ozone","Rowan",35.551868,-80.395039
"8974",NA,31,"Rockwell","Ozone","Rowan",35.551868,-80.395039
"8975",NA,37,"Rockwell","Ozone","Rowan",35.551868,-80.395039
"8976",NA,49,"Rockwell","Ozone","Rowan",35.551868,-80.395039
"8977",NA,61,"Rockwell","Ozone","Rowan",35.551868,-80.395039
"8978",NA,67,"Rockwell","Ozone","Rowan",35.551868,-80.395039
"8979",NA,47,"Rockwell","Ozone","Rowan",35.551868,-80.395039
"8980",NA,35,"Rockwell","Ozone","Rowan",35.551868,-80.395039
"8981",NA,31,"Rockwell","Ozone","Rowan",35.551868,-80.395039
"8982",NA,34,"Rockwell","Ozone","Rowan",35.551868,-80.395039
"8983",NA,47,"Rockwell","Ozone","Rowan",35.551868,-80.395039
"8984",NA,58,"Rockwell","Ozone","Rowan",35.551868,-80.395039
"8985",NA,80,"Rockwell","Ozone","Rowan",35.551868,-80.395039
"8986",NA,44,"Rockwell","Ozone","Rowan",35.551868,-80.395039
"8987",NA,46,"Rockwell","Ozone","Rowan",35.551868,-80.395039
"8988",NA,64,"Rockwell","Ozone","Rowan",35.551868,-80.395039
"8989",NA,54,"Rockwell","Ozone","Rowan",35.551868,-80.395039
"8990",NA,35,"Rockwell","Ozone","Rowan",35.551868,-80.395039
"8991",NA,74,"Rockwell","Ozone","Rowan",35.551868,-80.395039
"8992",5-01-20,36,"Rockwell","Ozone","Rowan",35.551868,-80.395039
"8993",5-02-20,44,"Rockwell","Ozone","Rowan",35.551868,-80.395039
"8994",5-03-20,31,"Rockwell","Ozone","Rowan",35.551868,-80.395039
"8995",5-04-20,40,"Rockwell","Ozone","Rowan",35.551868,-80.395039
"8996",5-05-20,30,"Rockwell","Ozone","Rowan",35.551868,-80.395039
"8997",5-06-20,44,"Rockwell","Ozone","Rowan",35.551868,-80.395039
"8998",5-07-20,44,"Rockwell","Ozone","Rowan",35.551868,-80.395039
"8999",5-08-20,43,"Rockwell","Ozone","Rowan",35.551868,-80.395039
"9000",5-09-20,39,"Rockwell","Ozone","Rowan",35.551868,-80.395039
"9001",5-10-20,31,"Rockwell","Ozone","Rowan",35.551868,-80.395039
"9002",5-11-20,32,"Rockwell","Ozone","Rowan",35.551868,-80.395039
"9003",5-12-20,32,"Rockwell","Ozone","Rowan",35.551868,-80.395039
"9004",NA,41,"Rockwell","Ozone","Rowan",35.551868,-80.395039
"9005",NA,43,"Rockwell","Ozone","Rowan",35.551868,-80.395039
"9006",NA,49,"Rockwell","Ozone","Rowan",35.551868,-80.395039
"9007",NA,80,"Rockwell","Ozone","Rowan",35.551868,-80.395039
"9008",NA,77,"Rockwell","Ozone","Rowan",35.551868,-80.395039
"9009",NA,58,"Rockwell","Ozone","Rowan",35.551868,-80.395039
"9010",NA,48,"Rockwell","Ozone","Rowan",35.551868,-80.395039
"9011",NA,46,"Rockwell","Ozone","Rowan",35.551868,-80.395039
"9012",NA,54,"Rockwell","Ozone","Rowan",35.551868,-80.395039
"9013",NA,43,"Rockwell","Ozone","Rowan",35.551868,-80.395039
"9014",NA,44,"Rockwell","Ozone","Rowan",35.551868,-80.395039
"9015",NA,44,"Rockwell","Ozone","Rowan",35.551868,-80.395039
"9016",NA,49,"Rockwell","Ozone","Rowan",35.551868,-80.395039
"9017",NA,47,"Rockwell","Ozone","Rowan",35.551868,-80.395039
"9018",NA,44,"Rockwell","Ozone","Rowan",35.551868,-80.395039
"9019",NA,64,"Rockwell","Ozone","Rowan",35.551868,-80.395039
"9020",NA,46,"Rockwell","Ozone","Rowan",35.551868,-80.395039
"9021",NA,67,"Rockwell","Ozone","Rowan",35.551868,-80.395039
"9022",NA,49,"Rockwell","Ozone","Rowan",35.551868,-80.395039
"9023",6-01-20,61,"Rockwell","Ozone","Rowan",35.551868,-80.395039
"9024",6-02-20,87,"Rockwell","Ozone","Rowan",35.551868,-80.395039
"9025",6-03-20,54,"Rockwell","Ozone","Rowan",35.551868,-80.395039
"9026",6-04-20,51,"Rockwell","Ozone","Rowan",35.551868,-80.395039
"9027",6-05-20,44,"Rockwell","Ozone","Rowan",35.551868,-80.395039
"9028",6-06-20,48,"Rockwell","Ozone","Rowan",35.551868,-80.395039
"9029",6-07-20,20,"Rockwell","Ozone","Rowan",35.551868,-80.395039
"9030",6-08-20,38,"Rockwell","Ozone","Rowan",35.551868,-80.395039
"9031",6-09-20,22,"Rockwell","Ozone","Rowan",35.551868,-80.395039
"9032",6-10-20,38,"Rockwell","Ozone","Rowan",35.551868,-80.395039
"9033",6-11-20,46,"Rockwell","Ozone","Rowan",35.551868,-80.395039
"9034",6-12-20,38,"Rockwell","Ozone","Rowan",35.551868,-80.395039
"9035",NA,47,"Rockwell","Ozone","Rowan",35.551868,-80.395039
"9036",NA,46,"Rockwell","Ozone","Rowan",35.551868,-80.395039
"9037",NA,64,"Rockwell","Ozone","Rowan",35.551868,-80.395039
"9038",NA,45,"Rockwell","Ozone","Rowan",35.551868,-80.395039
"9039",NA,48,"Rockwell","Ozone","Rowan",35.551868,-80.395039
"9040",NA,32,"Rockwell","Ozone","Rowan",35.551868,-80.395039
"9041",NA,33,"Rockwell","Ozone","Rowan",35.551868,-80.395039
"9042",NA,44,"Rockwell","Ozone","Rowan",35.551868,-80.395039
"9043",NA,45,"Rockwell","Ozone","Rowan",35.551868,-80.395039
"9044",NA,44,"Rockwell","Ozone","Rowan",35.551868,-80.395039
"9045",NA,36,"Rockwell","Ozone","Rowan",35.551868,-80.395039
"9046",NA,39,"Rockwell","Ozone","Rowan",35.551868,-80.395039
"9047",NA,45,"Rockwell","Ozone","Rowan",35.551868,-80.395039
"9048",NA,71,"Rockwell","Ozone","Rowan",35.551868,-80.395039
"9049",NA,67,"Rockwell","Ozone","Rowan",35.551868,-80.395039
"9050",NA,84,"Rockwell","Ozone","Rowan",35.551868,-80.395039
"9051",NA,74,"Rockwell","Ozone","Rowan",35.551868,-80.395039
"9052",NA,48,"Rockwell","Ozone","Rowan",35.551868,-80.395039
"9053",7-01-20,49,"Rockwell","Ozone","Rowan",35.551868,-80.395039
"9054",7-02-20,74,"Rockwell","Ozone","Rowan",35.551868,-80.395039
"9055",7-03-20,58,"Rockwell","Ozone","Rowan",35.551868,-80.395039
"9056",7-04-20,46,"Rockwell","Ozone","Rowan",35.551868,-80.395039
"9057",7-05-20,38,"Rockwell","Ozone","Rowan",35.551868,-80.395039
"9058",7-06-20,41,"Rockwell","Ozone","Rowan",35.551868,-80.395039
"9059",7-07-20,40,"Rockwell","Ozone","Rowan",35.551868,-80.395039
"9060",7-08-20,40,"Rockwell","Ozone","Rowan",35.551868,-80.395039
"9061",7-09-20,31,"Rockwell","Ozone","Rowan",35.551868,-80.395039
"9062",7-10-20,34,"Rockwell","Ozone","Rowan",35.551868,-80.395039
"9063",7-11-20,42,"Rockwell","Ozone","Rowan",35.551868,-80.395039
"9064",7-12-20,44,"Rockwell","Ozone","Rowan",35.551868,-80.395039
"9065",NA,46,"Rockwell","Ozone","Rowan",35.551868,-80.395039
"9066",NA,44,"Rockwell","Ozone","Rowan",35.551868,-80.395039
"9067",NA,61,"Rockwell","Ozone","Rowan",35.551868,-80.395039
"9068",NA,51,"Rockwell","Ozone","Rowan",35.551868,-80.395039
"9069",NA,44,"Rockwell","Ozone","Rowan",35.551868,-80.395039
"9070",NA,40,"Rockwell","Ozone","Rowan",35.551868,-80.395039
"9071",NA,48,"Rockwell","Ozone","Rowan",35.551868,-80.395039
"9072",NA,46,"Rockwell","Ozone","Rowan",35.551868,-80.395039
"9073",NA,42,"Rockwell","Ozone","Rowan",35.551868,-80.395039
"9074",NA,41,"Rockwell","Ozone","Rowan",35.551868,-80.395039
"9075",NA,29,"Rockwell","Ozone","Rowan",35.551868,-80.395039
"9076",NA,47,"Rockwell","Ozone","Rowan",35.551868,-80.395039
"9077",NA,48,"Rockwell","Ozone","Rowan",35.551868,-80.395039
"9078",NA,49,"Rockwell","Ozone","Rowan",35.551868,-80.395039
"9079",NA,67,"Rockwell","Ozone","Rowan",35.551868,-80.395039
"9080",NA,61,"Rockwell","Ozone","Rowan",35.551868,-80.395039
"9081",NA,84,"Rockwell","Ozone","Rowan",35.551868,-80.395039
"9082",NA,84,"Rockwell","Ozone","Rowan",35.551868,-80.395039
"9083",NA,51,"Rockwell","Ozone","Rowan",35.551868,-80.395039
"9084",8-01-20,48,"Rockwell","Ozone","Rowan",35.551868,-80.395039
"9085",8-02-20,42,"Rockwell","Ozone","Rowan",35.551868,-80.395039
"9086",8-03-20,45,"Rockwell","Ozone","Rowan",35.551868,-80.395039
"9087",8-04-20,44,"Rockwell","Ozone","Rowan",35.551868,-80.395039
"9088",8-05-20,44,"Rockwell","Ozone","Rowan",35.551868,-80.395039
"9089",8-06-20,87,"Rockwell","Ozone","Rowan",35.551868,-80.395039
"9090",8-07-20,51,"Rockwell","Ozone","Rowan",35.551868,-80.395039
"9091",8-08-20,50,"Rockwell","Ozone","Rowan",35.551868,-80.395039
"9092",8-09-20,90,"Rockwell","Ozone","Rowan",35.551868,-80.395039
"9093",8-10-20,45,"Rockwell","Ozone","Rowan",35.551868,-80.395039
"9094",8-11-20,44,"Rockwell","Ozone","Rowan",35.551868,-80.395039
"9095",8-12-20,45,"Rockwell","Ozone","Rowan",35.551868,-80.395039
"9096",NA,47,"Rockwell","Ozone","Rowan",35.551868,-80.395039
"9097",NA,48,"Rockwell","Ozone","Rowan",35.551868,-80.395039
"9098",NA,49,"Rockwell","Ozone","Rowan",35.551868,-80.395039
"9099",NA,51,"Rockwell","Ozone","Rowan",35.551868,-80.395039
"9100",NA,42,"Rockwell","Ozone","Rowan",35.551868,-80.395039
"9101",NA,47,"Rockwell","Ozone","Rowan",35.551868,-80.395039
"9102",NA,50,"Rockwell","Ozone","Rowan",35.551868,-80.395039
"9103",NA,32,"Rockwell","Ozone","Rowan",35.551868,-80.395039
"9104",NA,50,"Rockwell","Ozone","Rowan",35.551868,-80.395039
"9105",NA,50,"Rockwell","Ozone","Rowan",35.551868,-80.395039
"9106",NA,44,"Rockwell","Ozone","Rowan",35.551868,-80.395039
"9107",NA,29,"Rockwell","Ozone","Rowan",35.551868,-80.395039
"9108",NA,31,"Rockwell","Ozone","Rowan",35.551868,-80.395039
"9109",NA,30,"Rockwell","Ozone","Rowan",35.551868,-80.395039
"9110",NA,25,"Rockwell","Ozone","Rowan",35.551868,-80.395039
"9111",NA,38,"Rockwell","Ozone","Rowan",35.551868,-80.395039
"9112",NA,54,"Rockwell","Ozone","Rowan",35.551868,-80.395039
"9113",NA,74,"Rockwell","Ozone","Rowan",35.551868,-80.395039
"9114",NA,50,"Rockwell","Ozone","Rowan",35.551868,-80.395039
"9115",9-01-20,38,"Rockwell","Ozone","Rowan",35.551868,-80.395039
"9116",9-02-20,37,"Rockwell","Ozone","Rowan",35.551868,-80.395039
"9117",9-03-20,49,"Rockwell","Ozone","Rowan",35.551868,-80.395039
"9118",9-04-20,34,"Rockwell","Ozone","Rowan",35.551868,-80.395039
"9119",9-05-20,31,"Rockwell","Ozone","Rowan",35.551868,-80.395039
"9120",9-06-20,47,"Rockwell","Ozone","Rowan",35.551868,-80.395039
"9121",9-07-20,51,"Rockwell","Ozone","Rowan",35.551868,-80.395039
"9122",9-08-20,51,"Rockwell","Ozone","Rowan",35.551868,-80.395039
"9123",9-09-20,74,"Rockwell","Ozone","Rowan",35.551868,-80.395039
"9124",9-10-20,44,"Rockwell","Ozone","Rowan",35.551868,-80.395039
"9125",9-11-20,87,"Rockwell","Ozone","Rowan",35.551868,-80.395039
"9126",9-12-20,74,"Rockwell","Ozone","Rowan",35.551868,-80.395039
"9127",NA,46,"Rockwell","Ozone","Rowan",35.551868,-80.395039
"9128",NA,34,"Rockwell","Ozone","Rowan",35.551868,-80.395039
"9129",NA,43,"Rockwell","Ozone","Rowan",35.551868,-80.395039
"9130",NA,61,"Rockwell","Ozone","Rowan",35.551868,-80.395039
"9131",NA,100,"Rockwell","Ozone","Rowan",35.551868,-80.395039
"9132",NA,44,"Rockwell","Ozone","Rowan",35.551868,-80.395039
"9133",NA,44,"Rockwell","Ozone","Rowan",35.551868,-80.395039
"9134",NA,47,"Rockwell","Ozone","Rowan",35.551868,-80.395039
"9135",NA,71,"Rockwell","Ozone","Rowan",35.551868,-80.395039
"9136",NA,50,"Rockwell","Ozone","Rowan",35.551868,-80.395039
"9137",NA,67,"Rockwell","Ozone","Rowan",35.551868,-80.395039
"9138",NA,47,"Rockwell","Ozone","Rowan",35.551868,-80.395039
"9139",NA,87,"Rockwell","Ozone","Rowan",35.551868,-80.395039
"9140",NA,87,"Rockwell","Ozone","Rowan",35.551868,-80.395039
"9141",NA,50,"Rockwell","Ozone","Rowan",35.551868,-80.395039
"9142",NA,50,"Rockwell","Ozone","Rowan",35.551868,-80.395039
"9143",NA,49,"Rockwell","Ozone","Rowan",35.551868,-80.395039
"9144",NA,33,"Rockwell","Ozone","Rowan",35.551868,-80.395039
"9145",10-01-20,49,"Rockwell","Ozone","Rowan",35.551868,-80.395039
"9146",10-02-20,51,"Rockwell","Ozone","Rowan",35.551868,-80.395039
"9147",10-03-20,71,"Rockwell","Ozone","Rowan",35.551868,-80.395039
"9148",10-04-20,54,"Rockwell","Ozone","Rowan",35.551868,-80.395039
"9149",10-05-20,30,"Rockwell","Ozone","Rowan",35.551868,-80.395039
"9150",10-06-20,32,"Rockwell","Ozone","Rowan",35.551868,-80.395039
"9151",10-07-20,36,"Rockwell","Ozone","Rowan",35.551868,-80.395039
"9152",10-08-20,31,"Rockwell","Ozone","Rowan",35.551868,-80.395039
"9153",10-09-20,44,"Rockwell","Ozone","Rowan",35.551868,-80.395039
"9154",10-10-20,44,"Rockwell","Ozone","Rowan",35.551868,-80.395039
"9155",10-11-20,48,"Rockwell","Ozone","Rowan",35.551868,-80.395039
"9156",10-12-20,50,"Rockwell","Ozone","Rowan",35.551868,-80.395039
"9157",NA,21,"Rockwell","Ozone","Rowan",35.551868,-80.395039
"9158",NA,45,"Rockwell","Ozone","Rowan",35.551868,-80.395039
"9159",NA,46,"Rockwell","Ozone","Rowan",35.551868,-80.395039
"9160",NA,36,"Rockwell","Ozone","Rowan",35.551868,-80.395039
"9161",NA,35,"Rockwell","Ozone","Rowan",35.551868,-80.395039
"9162",NA,38,"Rockwell","Ozone","Rowan",35.551868,-80.395039
"9163",NA,34,"Rockwell","Ozone","Rowan",35.551868,-80.395039
"9164",NA,32,"Rockwell","Ozone","Rowan",35.551868,-80.395039
"9165",NA,30,"Rockwell","Ozone","Rowan",35.551868,-80.395039
"9166",NA,31,"Rockwell","Ozone","Rowan",35.551868,-80.395039
"9167",NA,37,"Rockwell","Ozone","Rowan",35.551868,-80.395039
"9168",NA,42,"Rockwell","Ozone","Rowan",35.551868,-80.395039
"9169",NA,36,"Rockwell","Ozone","Rowan",35.551868,-80.395039
"9170",NA,38,"Rockwell","Ozone","Rowan",35.551868,-80.395039
"9171",NA,36,"Rockwell","Ozone","Rowan",35.551868,-80.395039
"9172",NA,37,"Rockwell","Ozone","Rowan",35.551868,-80.395039
"9173",NA,23,"Rockwell","Ozone","Rowan",35.551868,-80.395039
"9174",NA,23,"Rockwell","Ozone","Rowan",35.551868,-80.395039
"9175",NA,23,"Rockwell","Ozone","Rowan",35.551868,-80.395039
"9176",11-01-20,30,"Rockwell","Ozone","Rowan",35.551868,-80.395039
"9177",11-02-20,34,"Rockwell","Ozone","Rowan",35.551868,-80.395039
"9178",11-03-20,33,"Rockwell","Ozone","Rowan",35.551868,-80.395039
"9179",11-04-20,35,"Rockwell","Ozone","Rowan",35.551868,-80.395039
"9180",11-05-20,31,"Rockwell","Ozone","Rowan",35.551868,-80.395039
"9181",11-06-20,38,"Rockwell","Ozone","Rowan",35.551868,-80.395039
"9182",11-07-20,38,"Rockwell","Ozone","Rowan",35.551868,-80.395039
"9183",11-08-20,33,"Rockwell","Ozone","Rowan",35.551868,-80.395039
"9184",11-09-20,34,"Rockwell","Ozone","Rowan",35.551868,-80.395039
"9185",11-10-20,39,"Rockwell","Ozone","Rowan",35.551868,-80.395039
"9186",11-11-20,40,"Rockwell","Ozone","Rowan",35.551868,-80.395039
"9187",11-12-20,31,"Rockwell","Ozone","Rowan",35.551868,-80.395039
"9188",NA,33,"Rockwell","Ozone","Rowan",35.551868,-80.395039
"9189",NA,22,"Rockwell","Ozone","Rowan",35.551868,-80.395039
"9190",NA,35,"Rockwell","Ozone","Rowan",35.551868,-80.395039
"9191",NA,34,"Rockwell","Ozone","Rowan",35.551868,-80.395039
"9192",NA,35,"Rockwell","Ozone","Rowan",35.551868,-80.395039
"9193",NA,24,"Rockwell","Ozone","Rowan",35.551868,-80.395039
"9194",NA,20,"Rockwell","Ozone","Rowan",35.551868,-80.395039
"9195",NA,37,"Rockwell","Ozone","Rowan",35.551868,-80.395039
"9196",NA,33,"Rockwell","Ozone","Rowan",35.551868,-80.395039
"9197",NA,33,"Rockwell","Ozone","Rowan",35.551868,-80.395039
"9198",NA,31,"Rockwell","Ozone","Rowan",35.551868,-80.395039
"9199",NA,33,"Rockwell","Ozone","Rowan",35.551868,-80.395039
"9200",NA,29,"Rockwell","Ozone","Rowan",35.551868,-80.395039
"9201",NA,21,"Rockwell","Ozone","Rowan",35.551868,-80.395039
"9202",12-01-20,26,"Rockwell","Ozone","Rowan",35.551868,-80.395039
"9203",12-02-20,21,"Rockwell","Ozone","Rowan",35.551868,-80.395039
"9204",12-03-20,25,"Rockwell","Ozone","Rowan",35.551868,-80.395039
"9205",12-04-20,36,"Rockwell","Ozone","Rowan",35.551868,-80.395039
"9206",12-05-20,35,"Rockwell","Ozone","Rowan",35.551868,-80.395039
"9207",12-06-20,21,"Rockwell","Ozone","Rowan",35.551868,-80.395039
"9208",12-07-20,31,"Rockwell","Ozone","Rowan",35.551868,-80.395039
"9209",12-08-20,32,"Rockwell","Ozone","Rowan",35.551868,-80.395039
"9210",12-09-20,18,"Rockwell","Ozone","Rowan",35.551868,-80.395039
"9211",12-10-20,29,"Rockwell","Ozone","Rowan",35.551868,-80.395039
"9212",12-11-20,35,"Rockwell","Ozone","Rowan",35.551868,-80.395039
"9213",12-12-20,31,"Rockwell","Ozone","Rowan",35.551868,-80.395039
"9214",NA,21,"Rockwell","Ozone","Rowan",35.551868,-80.395039
"9215",NA,30,"Rockwell","Ozone","Rowan",35.551868,-80.395039
"9216",NA,33,"Rockwell","Ozone","Rowan",35.551868,-80.395039
"9217",NA,37,"Rockwell","Ozone","Rowan",35.551868,-80.395039
"9218",NA,31,"Rockwell","Ozone","Rowan",35.551868,-80.395039
"9219",NA,37,"Rockwell","Ozone","Rowan",35.551868,-80.395039
"9220",NA,30,"Rockwell","Ozone","Rowan",35.551868,-80.395039
"9221",NA,28,"Rockwell","Ozone","Rowan",35.551868,-80.395039
"9222",NA,27,"Rockwell","Ozone","Rowan",35.551868,-80.395039
"9223",NA,21,"Rockwell","Ozone","Rowan",35.551868,-80.395039
"9224",NA,30,"Rockwell","Ozone","Rowan",35.551868,-80.395039
"9225",NA,37,"Rockwell","Ozone","Rowan",35.551868,-80.395039
"9226",NA,33,"Rockwell","Ozone","Rowan",35.551868,-80.395039
"9227",NA,31,"Rockwell","Ozone","Rowan",35.551868,-80.395039
"9228",NA,31,"Rockwell","Ozone","Rowan",35.551868,-80.395039
"9229",NA,36,"Rockwell","Ozone","Rowan",35.551868,-80.395039
"9230",NA,27,"Rockwell","Ozone","Rowan",35.551868,-80.395039
"9231",NA,39,"Rockwell","Ozone","Rowan",35.551868,-80.395039
"9232",NA,35,"Rockwell","Ozone","Rowan",35.551868,-80.395039
"9233",NA,40,"Bryson City","Ozone","Swain",35.434767,-83.442133
"9234",NA,35,"Bryson City","Ozone","Swain",35.434767,-83.442133
"9235",NA,23,"Bryson City","Ozone","Swain",35.434767,-83.442133
"9236",NA,34,"Bryson City","Ozone","Swain",35.434767,-83.442133
"9237",NA,23,"Bryson City","Ozone","Swain",35.434767,-83.442133
"9238",NA,34,"Bryson City","Ozone","Swain",35.434767,-83.442133
"9239",NA,38,"Bryson City","Ozone","Swain",35.434767,-83.442133
"9240",NA,37,"Bryson City","Ozone","Swain",35.434767,-83.442133
"9241",NA,15,"Bryson City","Ozone","Swain",35.434767,-83.442133
"9242",NA,31,"Bryson City","Ozone","Swain",35.434767,-83.442133
"9243",NA,28,"Bryson City","Ozone","Swain",35.434767,-83.442133
"9244",NA,43,"Bryson City","Ozone","Swain",35.434767,-83.442133
"9245",NA,42,"Bryson City","Ozone","Swain",35.434767,-83.442133
"9246",NA,42,"Bryson City","Ozone","Swain",35.434767,-83.442133
"9247",NA,21,"Bryson City","Ozone","Swain",35.434767,-83.442133
"9248",3-01-20,19,"Bryson City","Ozone","Swain",35.434767,-83.442133
"9249",3-02-20,31,"Bryson City","Ozone","Swain",35.434767,-83.442133
"9250",3-03-20,21,"Bryson City","Ozone","Swain",35.434767,-83.442133
"9251",3-04-20,37,"Bryson City","Ozone","Swain",35.434767,-83.442133
"9252",3-05-20,42,"Bryson City","Ozone","Swain",35.434767,-83.442133
"9253",3-06-20,43,"Bryson City","Ozone","Swain",35.434767,-83.442133
"9254",3-07-20,44,"Bryson City","Ozone","Swain",35.434767,-83.442133
"9255",3-08-20,31,"Bryson City","Ozone","Swain",35.434767,-83.442133
"9256",3-09-20,33,"Bryson City","Ozone","Swain",35.434767,-83.442133
"9257",3-10-20,44,"Bryson City","Ozone","Swain",35.434767,-83.442133
"9258",3-11-20,27,"Bryson City","Ozone","Swain",35.434767,-83.442133
"9259",3-12-20,42,"Bryson City","Ozone","Swain",35.434767,-83.442133
"9260",NA,47,"Bryson City","Ozone","Swain",35.434767,-83.442133
"9261",NA,40,"Bryson City","Ozone","Swain",35.434767,-83.442133
"9262",NA,44,"Bryson City","Ozone","Swain",35.434767,-83.442133
"9263",NA,44,"Bryson City","Ozone","Swain",35.434767,-83.442133
"9264",NA,46,"Bryson City","Ozone","Swain",35.434767,-83.442133
"9265",NA,47,"Bryson City","Ozone","Swain",35.434767,-83.442133
"9266",NA,48,"Bryson City","Ozone","Swain",35.434767,-83.442133
"9267",NA,51,"Bryson City","Ozone","Swain",35.434767,-83.442133
"9268",NA,47,"Bryson City","Ozone","Swain",35.434767,-83.442133
"9269",NA,48,"Bryson City","Ozone","Swain",35.434767,-83.442133
"9270",NA,51,"Bryson City","Ozone","Swain",35.434767,-83.442133
"9271",NA,80,"Bryson City","Ozone","Swain",35.434767,-83.442133
"9272",NA,31,"Bryson City","Ozone","Swain",35.434767,-83.442133
"9273",NA,41,"Bryson City","Ozone","Swain",35.434767,-83.442133
"9274",NA,43,"Bryson City","Ozone","Swain",35.434767,-83.442133
"9275",NA,48,"Bryson City","Ozone","Swain",35.434767,-83.442133
"9276",NA,51,"Bryson City","Ozone","Swain",35.434767,-83.442133
"9277",NA,54,"Bryson City","Ozone","Swain",35.434767,-83.442133
"9278",NA,43,"Bryson City","Ozone","Swain",35.434767,-83.442133
"9279",4-01-20,47,"Bryson City","Ozone","Swain",35.434767,-83.442133
"9280",4-02-20,45,"Bryson City","Ozone","Swain",35.434767,-83.442133
"9281",4-03-20,49,"Bryson City","Ozone","Swain",35.434767,-83.442133
"9282",4-04-20,58,"Bryson City","Ozone","Swain",35.434767,-83.442133
"9283",4-05-20,42,"Bryson City","Ozone","Swain",35.434767,-83.442133
"9284",4-06-20,42,"Bryson City","Ozone","Swain",35.434767,-83.442133
"9285",4-07-20,40,"Bryson City","Ozone","Swain",35.434767,-83.442133
"9286",4-08-20,22,"Bryson City","Ozone","Swain",35.434767,-83.442133
"9287",4-09-20,40,"Bryson City","Ozone","Swain",35.434767,-83.442133
"9288",4-10-20,45,"Bryson City","Ozone","Swain",35.434767,-83.442133
"9289",4-11-20,49,"Bryson City","Ozone","Swain",35.434767,-83.442133
"9290",4-12-20,44,"Bryson City","Ozone","Swain",35.434767,-83.442133
"9291",NA,37,"Bryson City","Ozone","Swain",35.434767,-83.442133
"9292",NA,42,"Bryson City","Ozone","Swain",35.434767,-83.442133
"9293",NA,46,"Bryson City","Ozone","Swain",35.434767,-83.442133
"9294",NA,47,"Bryson City","Ozone","Swain",35.434767,-83.442133
"9295",NA,54,"Bryson City","Ozone","Swain",35.434767,-83.442133
"9296",NA,51,"Bryson City","Ozone","Swain",35.434767,-83.442133
"9297",NA,38,"Bryson City","Ozone","Swain",35.434767,-83.442133
"9298",NA,31,"Bryson City","Ozone","Swain",35.434767,-83.442133
"9299",NA,49,"Bryson City","Ozone","Swain",35.434767,-83.442133
"9300",NA,40,"Bryson City","Ozone","Swain",35.434767,-83.442133
"9301",NA,45,"Bryson City","Ozone","Swain",35.434767,-83.442133
"9302",NA,45,"Bryson City","Ozone","Swain",35.434767,-83.442133
"9303",NA,42,"Bryson City","Ozone","Swain",35.434767,-83.442133
"9304",NA,54,"Bryson City","Ozone","Swain",35.434767,-83.442133
"9305",NA,61,"Bryson City","Ozone","Swain",35.434767,-83.442133
"9306",NA,58,"Bryson City","Ozone","Swain",35.434767,-83.442133
"9307",NA,49,"Bryson City","Ozone","Swain",35.434767,-83.442133
"9308",NA,50,"Bryson City","Ozone","Swain",35.434767,-83.442133
"9309",5-01-20,38,"Bryson City","Ozone","Swain",35.434767,-83.442133
"9310",5-02-20,38,"Bryson City","Ozone","Swain",35.434767,-83.442133
"9311",5-03-20,26,"Bryson City","Ozone","Swain",35.434767,-83.442133
"9312",5-04-20,25,"Bryson City","Ozone","Swain",35.434767,-83.442133
"9313",5-05-20,37,"Bryson City","Ozone","Swain",35.434767,-83.442133
"9314",5-06-20,41,"Bryson City","Ozone","Swain",35.434767,-83.442133
"9315",5-07-20,42,"Bryson City","Ozone","Swain",35.434767,-83.442133
"9316",5-09-20,37,"Bryson City","Ozone","Swain",35.434767,-83.442133
"9317",5-10-20,35,"Bryson City","Ozone","Swain",35.434767,-83.442133
"9318",5-11-20,20,"Bryson City","Ozone","Swain",35.434767,-83.442133
"9319",5-12-20,32,"Bryson City","Ozone","Swain",35.434767,-83.442133
"9320",NA,38,"Bryson City","Ozone","Swain",35.434767,-83.442133
"9321",NA,46,"Bryson City","Ozone","Swain",35.434767,-83.442133
"9322",NA,39,"Bryson City","Ozone","Swain",35.434767,-83.442133
"9323",NA,49,"Bryson City","Ozone","Swain",35.434767,-83.442133
"9324",NA,44,"Bryson City","Ozone","Swain",35.434767,-83.442133
"9325",NA,44,"Bryson City","Ozone","Swain",35.434767,-83.442133
"9326",NA,49,"Bryson City","Ozone","Swain",35.434767,-83.442133
"9327",NA,45,"Bryson City","Ozone","Swain",35.434767,-83.442133
"9328",NA,44,"Bryson City","Ozone","Swain",35.434767,-83.442133
"9329",NA,45,"Bryson City","Ozone","Swain",35.434767,-83.442133
"9330",NA,38,"Bryson City","Ozone","Swain",35.434767,-83.442133
"9331",NA,41,"Bryson City","Ozone","Swain",35.434767,-83.442133
"9332",NA,40,"Bryson City","Ozone","Swain",35.434767,-83.442133
"9333",NA,43,"Bryson City","Ozone","Swain",35.434767,-83.442133
"9334",NA,42,"Bryson City","Ozone","Swain",35.434767,-83.442133
"9335",NA,36,"Bryson City","Ozone","Swain",35.434767,-83.442133
"9336",NA,42,"Bryson City","Ozone","Swain",35.434767,-83.442133
"9337",NA,45,"Bryson City","Ozone","Swain",35.434767,-83.442133
"9338",NA,47,"Bryson City","Ozone","Swain",35.434767,-83.442133
"9339",6-01-20,50,"Bryson City","Ozone","Swain",35.434767,-83.442133
"9340",6-02-20,51,"Bryson City","Ozone","Swain",35.434767,-83.442133
"9341",6-03-20,7,"Bryson City","Ozone","Swain",35.434767,-83.442133
"9342",6-04-20,50,"Bryson City","Ozone","Swain",35.434767,-83.442133
"9343",6-05-20,31,"Bryson City","Ozone","Swain",35.434767,-83.442133
"9344",6-06-20,24,"Bryson City","Ozone","Swain",35.434767,-83.442133
"9345",6-07-20,24,"Bryson City","Ozone","Swain",35.434767,-83.442133
"9346",6-08-20,29,"Bryson City","Ozone","Swain",35.434767,-83.442133
"9347",6-09-20,28,"Bryson City","Ozone","Swain",35.434767,-83.442133
"9348",6-10-20,26,"Bryson City","Ozone","Swain",35.434767,-83.442133
"9349",6-11-20,41,"Bryson City","Ozone","Swain",35.434767,-83.442133
"9350",6-12-20,32,"Bryson City","Ozone","Swain",35.434767,-83.442133
"9351",NA,44,"Bryson City","Ozone","Swain",35.434767,-83.442133
"9352",NA,38,"Bryson City","Ozone","Swain",35.434767,-83.442133
"9353",NA,45,"Bryson City","Ozone","Swain",35.434767,-83.442133
"9354",NA,36,"Bryson City","Ozone","Swain",35.434767,-83.442133
"9355",NA,33,"Bryson City","Ozone","Swain",35.434767,-83.442133
"9356",NA,23,"Bryson City","Ozone","Swain",35.434767,-83.442133
"9357",NA,24,"Bryson City","Ozone","Swain",35.434767,-83.442133
"9358",NA,42,"Bryson City","Ozone","Swain",35.434767,-83.442133
"9359",NA,39,"Bryson City","Ozone","Swain",35.434767,-83.442133
"9360",NA,24,"Bryson City","Ozone","Swain",35.434767,-83.442133
"9361",NA,26,"Bryson City","Ozone","Swain",35.434767,-83.442133
"9362",NA,23,"Bryson City","Ozone","Swain",35.434767,-83.442133
"9363",NA,40,"Bryson City","Ozone","Swain",35.434767,-83.442133
"9364",NA,33,"Bryson City","Ozone","Swain",35.434767,-83.442133
"9365",NA,37,"Bryson City","Ozone","Swain",35.434767,-83.442133
"9366",NA,38,"Bryson City","Ozone","Swain",35.434767,-83.442133
"9367",NA,42,"Bryson City","Ozone","Swain",35.434767,-83.442133
"9368",NA,39,"Bryson City","Ozone","Swain",35.434767,-83.442133
"9369",7-01-20,42,"Bryson City","Ozone","Swain",35.434767,-83.442133
"9370",7-02-20,39,"Bryson City","Ozone","Swain",35.434767,-83.442133
"9371",7-03-20,34,"Bryson City","Ozone","Swain",35.434767,-83.442133
"9372",7-04-20,33,"Bryson City","Ozone","Swain",35.434767,-83.442133
"9373",7-05-20,27,"Bryson City","Ozone","Swain",35.434767,-83.442133
"9374",7-06-20,28,"Bryson City","Ozone","Swain",35.434767,-83.442133
"9375",7-07-20,26,"Bryson City","Ozone","Swain",35.434767,-83.442133
"9376",7-08-20,30,"Bryson City","Ozone","Swain",35.434767,-83.442133
"9377",7-09-20,35,"Bryson City","Ozone","Swain",35.434767,-83.442133
"9378",7-10-20,34,"Bryson City","Ozone","Swain",35.434767,-83.442133
"9379",7-11-20,30,"Bryson City","Ozone","Swain",35.434767,-83.442133
"9380",7-12-20,24,"Bryson City","Ozone","Swain",35.434767,-83.442133
"9381",NA,19,"Bryson City","Ozone","Swain",35.434767,-83.442133
"9382",NA,22,"Bryson City","Ozone","Swain",35.434767,-83.442133
"9383",NA,22,"Bryson City","Ozone","Swain",35.434767,-83.442133
"9384",NA,21,"Bryson City","Ozone","Swain",35.434767,-83.442133
"9385",NA,18,"Bryson City","Ozone","Swain",35.434767,-83.442133
"9386",NA,27,"Bryson City","Ozone","Swain",35.434767,-83.442133
"9387",NA,28,"Bryson City","Ozone","Swain",35.434767,-83.442133
"9388",NA,26,"Bryson City","Ozone","Swain",35.434767,-83.442133
"9389",NA,24,"Bryson City","Ozone","Swain",35.434767,-83.442133
"9390",NA,23,"Bryson City","Ozone","Swain",35.434767,-83.442133
"9391",NA,32,"Bryson City","Ozone","Swain",35.434767,-83.442133
"9392",NA,38,"Bryson City","Ozone","Swain",35.434767,-83.442133
"9393",NA,38,"Bryson City","Ozone","Swain",35.434767,-83.442133
"9394",NA,42,"Bryson City","Ozone","Swain",35.434767,-83.442133
"9395",NA,40,"Bryson City","Ozone","Swain",35.434767,-83.442133
"9396",NA,36,"Bryson City","Ozone","Swain",35.434767,-83.442133
"9397",NA,36,"Bryson City","Ozone","Swain",35.434767,-83.442133
"9398",NA,34,"Bryson City","Ozone","Swain",35.434767,-83.442133
"9399",NA,35,"Bryson City","Ozone","Swain",35.434767,-83.442133
"9400",8-01-20,34,"Bryson City","Ozone","Swain",35.434767,-83.442133
"9401",8-02-20,31,"Bryson City","Ozone","Swain",35.434767,-83.442133
"9402",8-03-20,31,"Bryson City","Ozone","Swain",35.434767,-83.442133
"9403",8-04-20,28,"Bryson City","Ozone","Swain",35.434767,-83.442133
"9404",8-05-20,31,"Bryson City","Ozone","Swain",35.434767,-83.442133
"9405",8-06-20,35,"Bryson City","Ozone","Swain",35.434767,-83.442133
"9406",8-07-20,42,"Bryson City","Ozone","Swain",35.434767,-83.442133
"9407",8-08-20,36,"Bryson City","Ozone","Swain",35.434767,-83.442133
"9408",8-09-20,39,"Bryson City","Ozone","Swain",35.434767,-83.442133
"9409",8-10-20,32,"Bryson City","Ozone","Swain",35.434767,-83.442133
"9410",8-11-20,33,"Bryson City","Ozone","Swain",35.434767,-83.442133
"9411",8-12-20,36,"Bryson City","Ozone","Swain",35.434767,-83.442133
"9412",NA,36,"Bryson City","Ozone","Swain",35.434767,-83.442133
"9413",NA,32,"Bryson City","Ozone","Swain",35.434767,-83.442133
"9414",NA,42,"Bryson City","Ozone","Swain",35.434767,-83.442133
"9415",NA,39,"Bryson City","Ozone","Swain",35.434767,-83.442133
"9416",NA,35,"Bryson City","Ozone","Swain",35.434767,-83.442133
"9417",NA,36,"Bryson City","Ozone","Swain",35.434767,-83.442133
"9418",NA,33,"Bryson City","Ozone","Swain",35.434767,-83.442133
"9419",NA,31,"Bryson City","Ozone","Swain",35.434767,-83.442133
"9420",NA,36,"Bryson City","Ozone","Swain",35.434767,-83.442133
"9421",NA,28,"Bryson City","Ozone","Swain",35.434767,-83.442133
"9422",NA,25,"Bryson City","Ozone","Swain",35.434767,-83.442133
"9423",NA,26,"Bryson City","Ozone","Swain",35.434767,-83.442133
"9424",NA,23,"Bryson City","Ozone","Swain",35.434767,-83.442133
"9425",NA,22,"Bryson City","Ozone","Swain",35.434767,-83.442133
"9426",NA,19,"Bryson City","Ozone","Swain",35.434767,-83.442133
"9427",NA,39,"Bryson City","Ozone","Swain",35.434767,-83.442133
"9428",NA,32,"Bryson City","Ozone","Swain",35.434767,-83.442133
"9429",NA,30,"Bryson City","Ozone","Swain",35.434767,-83.442133
"9430",NA,38,"Bryson City","Ozone","Swain",35.434767,-83.442133
"9431",9-01-20,38,"Bryson City","Ozone","Swain",35.434767,-83.442133
"9432",9-02-20,34,"Bryson City","Ozone","Swain",35.434767,-83.442133
"9433",9-03-20,33,"Bryson City","Ozone","Swain",35.434767,-83.442133
"9434",9-04-20,31,"Bryson City","Ozone","Swain",35.434767,-83.442133
"9435",9-05-20,41,"Bryson City","Ozone","Swain",35.434767,-83.442133
"9436",9-06-20,37,"Bryson City","Ozone","Swain",35.434767,-83.442133
"9437",9-07-20,43,"Bryson City","Ozone","Swain",35.434767,-83.442133
"9438",9-08-20,36,"Bryson City","Ozone","Swain",35.434767,-83.442133
"9439",9-09-20,31,"Bryson City","Ozone","Swain",35.434767,-83.442133
"9440",9-10-20,46,"Bryson City","Ozone","Swain",35.434767,-83.442133
"9441",9-11-20,38,"Bryson City","Ozone","Swain",35.434767,-83.442133
"9442",9-12-20,32,"Bryson City","Ozone","Swain",35.434767,-83.442133
"9443",NA,34,"Bryson City","Ozone","Swain",35.434767,-83.442133
"9444",NA,34,"Bryson City","Ozone","Swain",35.434767,-83.442133
"9445",NA,32,"Bryson City","Ozone","Swain",35.434767,-83.442133
"9446",NA,39,"Bryson City","Ozone","Swain",35.434767,-83.442133
"9447",NA,43,"Bryson City","Ozone","Swain",35.434767,-83.442133
"9448",NA,35,"Bryson City","Ozone","Swain",35.434767,-83.442133
"9449",NA,31,"Bryson City","Ozone","Swain",35.434767,-83.442133
"9450",NA,37,"Bryson City","Ozone","Swain",35.434767,-83.442133
"9451",NA,32,"Bryson City","Ozone","Swain",35.434767,-83.442133
"9452",NA,36,"Bryson City","Ozone","Swain",35.434767,-83.442133
"9453",NA,32,"Bryson City","Ozone","Swain",35.434767,-83.442133
"9454",NA,41,"Bryson City","Ozone","Swain",35.434767,-83.442133
"9455",NA,38,"Bryson City","Ozone","Swain",35.434767,-83.442133
"9456",NA,36,"Bryson City","Ozone","Swain",35.434767,-83.442133
"9457",NA,32,"Bryson City","Ozone","Swain",35.434767,-83.442133
"9458",NA,32,"Bryson City","Ozone","Swain",35.434767,-83.442133
"9459",NA,34,"Bryson City","Ozone","Swain",35.434767,-83.442133
"9460",NA,25,"Bryson City","Ozone","Swain",35.434767,-83.442133
"9461",10-01-20,30,"Bryson City","Ozone","Swain",35.434767,-83.442133
"9462",10-02-20,41,"Bryson City","Ozone","Swain",35.434767,-83.442133
"9463",10-03-20,39,"Bryson City","Ozone","Swain",35.434767,-83.442133
"9464",10-04-20,41,"Bryson City","Ozone","Swain",35.434767,-83.442133
"9465",10-05-20,30,"Bryson City","Ozone","Swain",35.434767,-83.442133
"9466",10-06-20,23,"Bryson City","Ozone","Swain",35.434767,-83.442133
"9467",10-07-20,30,"Bryson City","Ozone","Swain",35.434767,-83.442133
"9468",10-08-20,22,"Bryson City","Ozone","Swain",35.434767,-83.442133
"9469",10-09-20,31,"Bryson City","Ozone","Swain",35.434767,-83.442133
"9470",10-10-20,34,"Bryson City","Ozone","Swain",35.434767,-83.442133
"9471",10-11-20,37,"Bryson City","Ozone","Swain",35.434767,-83.442133
"9472",10-12-20,30,"Bryson City","Ozone","Swain",35.434767,-83.442133
"9473",NA,29,"Bryson City","Ozone","Swain",35.434767,-83.442133
"9474",NA,34,"Bryson City","Ozone","Swain",35.434767,-83.442133
"9475",NA,27,"Bryson City","Ozone","Swain",35.434767,-83.442133
"9476",NA,34,"Bryson City","Ozone","Swain",35.434767,-83.442133
"9477",NA,31,"Bryson City","Ozone","Swain",35.434767,-83.442133
"9478",NA,25,"Bryson City","Ozone","Swain",35.434767,-83.442133
"9479",NA,26,"Bryson City","Ozone","Swain",35.434767,-83.442133
"9480",NA,25,"Bryson City","Ozone","Swain",35.434767,-83.442133
"9481",NA,35,"Bryson City","Ozone","Swain",35.434767,-83.442133
"9482",NA,31,"Bryson City","Ozone","Swain",35.434767,-83.442133
"9483",NA,35,"Bryson City","Ozone","Swain",35.434767,-83.442133
"9484",NA,17,"Bryson City","Ozone","Swain",35.434767,-83.442133
"9485",NA,24,"Bryson City","Ozone","Swain",35.434767,-83.442133
"9486",NA,29,"Bryson City","Ozone","Swain",35.434767,-83.442133
"9487",NA,32,"Bryson City","Ozone","Swain",35.434767,-83.442133
"9488",NA,28,"Bryson City","Ozone","Swain",35.434767,-83.442133
"9489",NA,17,"Bryson City","Ozone","Swain",35.434767,-83.442133
"9490",NA,19,"Bryson City","Ozone","Swain",35.434767,-83.442133
"9491",3-01-20,19,"","Ozone","Swain",35.498711,-83.310242
"9492",3-02-20,35,"","Ozone","Swain",35.498711,-83.310242
"9493",3-03-20,24,"","Ozone","Swain",35.498711,-83.310242
"9494",3-04-20,39,"","Ozone","Swain",35.498711,-83.310242
"9495",3-05-20,43,"","Ozone","Swain",35.498711,-83.310242
"9496",3-06-20,44,"","Ozone","Swain",35.498711,-83.310242
"9497",3-07-20,45,"","Ozone","Swain",35.498711,-83.310242
"9498",3-08-20,36,"","Ozone","Swain",35.498711,-83.310242
"9499",3-09-20,31,"","Ozone","Swain",35.498711,-83.310242
"9500",3-10-20,46,"","Ozone","Swain",35.498711,-83.310242
"9501",3-11-20,33,"","Ozone","Swain",35.498711,-83.310242
"9502",3-12-20,42,"","Ozone","Swain",35.498711,-83.310242
"9503",NA,51,"","Ozone","Swain",35.498711,-83.310242
"9504",NA,42,"","Ozone","Swain",35.498711,-83.310242
"9505",NA,44,"","Ozone","Swain",35.498711,-83.310242
"9506",NA,48,"","Ozone","Swain",35.498711,-83.310242
"9507",NA,47,"","Ozone","Swain",35.498711,-83.310242
"9508",NA,48,"","Ozone","Swain",35.498711,-83.310242
"9509",NA,49,"","Ozone","Swain",35.498711,-83.310242
"9510",NA,54,"","Ozone","Swain",35.498711,-83.310242
"9511",NA,58,"","Ozone","Swain",35.498711,-83.310242
"9512",NA,90,"","Ozone","Swain",35.498711,-83.310242
"9513",NA,37,"","Ozone","Swain",35.498711,-83.310242
"9514",NA,45,"","Ozone","Swain",35.498711,-83.310242
"9515",NA,44,"","Ozone","Swain",35.498711,-83.310242
"9516",NA,50,"","Ozone","Swain",35.498711,-83.310242
"9517",NA,61,"","Ozone","Swain",35.498711,-83.310242
"9518",NA,67,"","Ozone","Swain",35.498711,-83.310242
"9519",NA,45,"","Ozone","Swain",35.498711,-83.310242
"9520",4-02-20,46,"","Ozone","Swain",35.498711,-83.310242
"9521",4-03-20,51,"","Ozone","Swain",35.498711,-83.310242
"9522",4-05-20,44,"","Ozone","Swain",35.498711,-83.310242
"9523",4-06-20,44,"","Ozone","Swain",35.498711,-83.310242
"9524",4-07-20,45,"","Ozone","Swain",35.498711,-83.310242
"9525",4-08-20,27,"","Ozone","Swain",35.498711,-83.310242
"9526",4-10-20,47,"","Ozone","Swain",35.498711,-83.310242
"9527",NA,47,"","Ozone","Swain",35.498711,-83.310242
"9528",NA,49,"","Ozone","Swain",35.498711,-83.310242
"9529",NA,64,"","Ozone","Swain",35.498711,-83.310242
"9530",NA,58,"","Ozone","Swain",35.498711,-83.310242
"9531",NA,39,"","Ozone","Swain",35.498711,-83.310242
"9532",NA,31,"","Ozone","Swain",35.498711,-83.310242
"9533",NA,49,"","Ozone","Swain",35.498711,-83.310242
"9534",NA,40,"","Ozone","Swain",35.498711,-83.310242
"9535",NA,45,"","Ozone","Swain",35.498711,-83.310242
"9536",NA,45,"","Ozone","Swain",35.498711,-83.310242
"9537",NA,43,"","Ozone","Swain",35.498711,-83.310242
"9538",NA,50,"","Ozone","Swain",35.498711,-83.310242
"9539",NA,64,"","Ozone","Swain",35.498711,-83.310242
"9540",NA,58,"","Ozone","Swain",35.498711,-83.310242
"9541",NA,51,"","Ozone","Swain",35.498711,-83.310242
"9542",NA,54,"","Ozone","Swain",35.498711,-83.310242
"9543",5-01-20,40,"","Ozone","Swain",35.498711,-83.310242
"9544",5-02-20,40,"","Ozone","Swain",35.498711,-83.310242
"9545",5-03-20,28,"","Ozone","Swain",35.498711,-83.310242
"9546",5-04-20,26,"","Ozone","Swain",35.498711,-83.310242
"9547",5-05-20,35,"","Ozone","Swain",35.498711,-83.310242
"9548",5-06-20,41,"","Ozone","Swain",35.498711,-83.310242
"9549",5-07-20,44,"","Ozone","Swain",35.498711,-83.310242
"9550",5-08-20,43,"","Ozone","Swain",35.498711,-83.310242
"9551",5-10-20,36,"","Ozone","Swain",35.498711,-83.310242
"9552",5-11-20,19,"","Ozone","Swain",35.498711,-83.310242
"9553",5-12-20,36,"","Ozone","Swain",35.498711,-83.310242
"9554",NA,38,"","Ozone","Swain",35.498711,-83.310242
"9555",NA,47,"","Ozone","Swain",35.498711,-83.310242
"9556",NA,42,"","Ozone","Swain",35.498711,-83.310242
"9557",NA,47,"","Ozone","Swain",35.498711,-83.310242
"9558",NA,38,"","Ozone","Swain",35.498711,-83.310242
"9559",NA,47,"","Ozone","Swain",35.498711,-83.310242
"9560",NA,49,"","Ozone","Swain",35.498711,-83.310242
"9561",NA,45,"","Ozone","Swain",35.498711,-83.310242
"9562",NA,44,"","Ozone","Swain",35.498711,-83.310242
"9563",NA,44,"","Ozone","Swain",35.498711,-83.310242
"9564",NA,42,"","Ozone","Swain",35.498711,-83.310242
"9565",NA,43,"","Ozone","Swain",35.498711,-83.310242
"9566",NA,47,"","Ozone","Swain",35.498711,-83.310242
"9567",NA,47,"","Ozone","Swain",35.498711,-83.310242
"9568",6-01-20,45,"","Ozone","Swain",35.498711,-83.310242
"9569",6-02-20,49,"","Ozone","Swain",35.498711,-83.310242
"9570",6-03-20,58,"","Ozone","Swain",35.498711,-83.310242
"9571",6-04-20,54,"","Ozone","Swain",35.498711,-83.310242
"9572",6-05-20,31,"","Ozone","Swain",35.498711,-83.310242
"9573",6-06-20,29,"","Ozone","Swain",35.498711,-83.310242
"9574",6-07-20,26,"","Ozone","Swain",35.498711,-83.310242
"9575",6-08-20,24,"","Ozone","Swain",35.498711,-83.310242
"9576",6-09-20,31,"","Ozone","Swain",35.498711,-83.310242
"9577",6-10-20,28,"","Ozone","Swain",35.498711,-83.310242
"9578",6-11-20,40,"","Ozone","Swain",35.498711,-83.310242
"9579",NA,43,"","Ozone","Swain",35.498711,-83.310242
"9580",NA,39,"","Ozone","Swain",35.498711,-83.310242
"9581",NA,44,"","Ozone","Swain",35.498711,-83.310242
"9582",NA,39,"","Ozone","Swain",35.498711,-83.310242
"9583",NA,31,"","Ozone","Swain",35.498711,-83.310242
"9584",NA,20,"","Ozone","Swain",35.498711,-83.310242
"9585",NA,23,"","Ozone","Swain",35.498711,-83.310242
"9586",NA,44,"","Ozone","Swain",35.498711,-83.310242
"9587",NA,40,"","Ozone","Swain",35.498711,-83.310242
"9588",NA,24,"","Ozone","Swain",35.498711,-83.310242
"9589",NA,28,"","Ozone","Swain",35.498711,-83.310242
"9590",NA,22,"","Ozone","Swain",35.498711,-83.310242
"9591",NA,36,"","Ozone","Swain",35.498711,-83.310242
"9592",NA,33,"","Ozone","Swain",35.498711,-83.310242
"9593",NA,39,"","Ozone","Swain",35.498711,-83.310242
"9594",NA,39,"","Ozone","Swain",35.498711,-83.310242
"9595",NA,46,"","Ozone","Swain",35.498711,-83.310242
"9596",NA,41,"","Ozone","Swain",35.498711,-83.310242
"9597",7-02-20,36,"","Ozone","Swain",35.498711,-83.310242
"9598",7-03-20,35,"","Ozone","Swain",35.498711,-83.310242
"9599",7-04-20,31,"","Ozone","Swain",35.498711,-83.310242
"9600",7-05-20,23,"","Ozone","Swain",35.498711,-83.310242
"9601",7-06-20,19,"","Ozone","Swain",35.498711,-83.310242
"9602",7-07-20,29,"","Ozone","Swain",35.498711,-83.310242
"9603",7-08-20,28,"","Ozone","Swain",35.498711,-83.310242
"9604",7-09-20,36,"","Ozone","Swain",35.498711,-83.310242
"9605",7-10-20,33,"","Ozone","Swain",35.498711,-83.310242
"9606",7-11-20,28,"","Ozone","Swain",35.498711,-83.310242
"9607",7-12-20,24,"","Ozone","Swain",35.498711,-83.310242
"9608",NA,18,"","Ozone","Swain",35.498711,-83.310242
"9609",NA,25,"","Ozone","Swain",35.498711,-83.310242
"9610",NA,26,"","Ozone","Swain",35.498711,-83.310242
"9611",NA,21,"","Ozone","Swain",35.498711,-83.310242
"9612",NA,19,"","Ozone","Swain",35.498711,-83.310242
"9613",NA,27,"","Ozone","Swain",35.498711,-83.310242
"9614",NA,29,"","Ozone","Swain",35.498711,-83.310242
"9615",NA,26,"","Ozone","Swain",35.498711,-83.310242
"9616",NA,28,"","Ozone","Swain",35.498711,-83.310242
"9617",NA,26,"","Ozone","Swain",35.498711,-83.310242
"9618",NA,30,"","Ozone","Swain",35.498711,-83.310242
"9619",NA,38,"","Ozone","Swain",35.498711,-83.310242
"9620",NA,38,"","Ozone","Swain",35.498711,-83.310242
"9621",NA,39,"","Ozone","Swain",35.498711,-83.310242
"9622",NA,35,"","Ozone","Swain",35.498711,-83.310242
"9623",8-01-20,36,"","Ozone","Swain",35.498711,-83.310242
"9624",8-02-20,31,"","Ozone","Swain",35.498711,-83.310242
"9625",8-03-20,32,"","Ozone","Swain",35.498711,-83.310242
"9626",8-04-20,30,"","Ozone","Swain",35.498711,-83.310242
"9627",8-05-20,29,"","Ozone","Swain",35.498711,-83.310242
"9628",8-06-20,30,"","Ozone","Swain",35.498711,-83.310242
"9629",8-07-20,39,"","Ozone","Swain",35.498711,-83.310242
"9630",8-08-20,36,"","Ozone","Swain",35.498711,-83.310242
"9631",8-09-20,38,"","Ozone","Swain",35.498711,-83.310242
"9632",8-10-20,28,"","Ozone","Swain",35.498711,-83.310242
"9633",8-11-20,32,"","Ozone","Swain",35.498711,-83.310242
"9634",8-12-20,36,"","Ozone","Swain",35.498711,-83.310242
"9635",NA,32,"","Ozone","Swain",35.498711,-83.310242
"9636",NA,28,"","Ozone","Swain",35.498711,-83.310242
"9637",NA,35,"","Ozone","Swain",35.498711,-83.310242
"9638",NA,38,"","Ozone","Swain",35.498711,-83.310242
"9639",NA,35,"","Ozone","Swain",35.498711,-83.310242
"9640",NA,33,"","Ozone","Swain",35.498711,-83.310242
"9641",NA,35,"","Ozone","Swain",35.498711,-83.310242
"9642",NA,29,"","Ozone","Swain",35.498711,-83.310242
"9643",NA,31,"","Ozone","Swain",35.498711,-83.310242
"9644",NA,26,"","Ozone","Swain",35.498711,-83.310242
"9645",NA,23,"","Ozone","Swain",35.498711,-83.310242
"9646",NA,24,"","Ozone","Swain",35.498711,-83.310242
"9647",NA,24,"","Ozone","Swain",35.498711,-83.310242
"9648",NA,25,"","Ozone","Swain",35.498711,-83.310242
"9649",NA,32,"","Ozone","Swain",35.498711,-83.310242
"9650",NA,33,"","Ozone","Swain",35.498711,-83.310242
"9651",NA,41,"","Ozone","Swain",35.498711,-83.310242
"9652",9-01-20,35,"","Ozone","Swain",35.498711,-83.310242
"9653",9-02-20,31,"","Ozone","Swain",35.498711,-83.310242
"9654",9-03-20,33,"","Ozone","Swain",35.498711,-83.310242
"9655",9-04-20,31,"","Ozone","Swain",35.498711,-83.310242
"9656",9-05-20,44,"","Ozone","Swain",35.498711,-83.310242
"9657",9-06-20,37,"","Ozone","Swain",35.498711,-83.310242
"9658",9-07-20,42,"","Ozone","Swain",35.498711,-83.310242
"9659",9-08-20,38,"","Ozone","Swain",35.498711,-83.310242
"9660",9-09-20,36,"","Ozone","Swain",35.498711,-83.310242
"9661",9-10-20,44,"","Ozone","Swain",35.498711,-83.310242
"9662",9-11-20,32,"","Ozone","Swain",35.498711,-83.310242
"9663",9-12-20,36,"","Ozone","Swain",35.498711,-83.310242
"9664",NA,39,"","Ozone","Swain",35.498711,-83.310242
"9665",NA,37,"","Ozone","Swain",35.498711,-83.310242
"9666",NA,36,"","Ozone","Swain",35.498711,-83.310242
"9667",NA,41,"","Ozone","Swain",35.498711,-83.310242
"9668",NA,35,"","Ozone","Swain",35.498711,-83.310242
"9669",NA,38,"","Ozone","Swain",35.498711,-83.310242
"9670",NA,35,"","Ozone","Swain",35.498711,-83.310242
"9671",NA,41,"","Ozone","Swain",35.498711,-83.310242
"9672",NA,37,"","Ozone","Swain",35.498711,-83.310242
"9673",NA,37,"","Ozone","Swain",35.498711,-83.310242
"9674",NA,34,"","Ozone","Swain",35.498711,-83.310242
"9675",NA,39,"","Ozone","Swain",35.498711,-83.310242
"9676",NA,40,"","Ozone","Swain",35.498711,-83.310242
"9677",NA,32,"","Ozone","Swain",35.498711,-83.310242
"9678",NA,34,"","Ozone","Swain",35.498711,-83.310242
"9679",NA,33,"","Ozone","Swain",35.498711,-83.310242
"9680",NA,32,"","Ozone","Swain",35.498711,-83.310242
"9681",NA,23,"","Ozone","Swain",35.498711,-83.310242
"9682",10-01-20,29,"","Ozone","Swain",35.498711,-83.310242
"9683",10-02-20,35,"","Ozone","Swain",35.498711,-83.310242
"9684",10-03-20,38,"","Ozone","Swain",35.498711,-83.310242
"9685",10-04-20,38,"","Ozone","Swain",35.498711,-83.310242
"9686",10-05-20,32,"","Ozone","Swain",35.498711,-83.310242
"9687",10-06-20,18,"","Ozone","Swain",35.498711,-83.310242
"9688",10-07-20,34,"","Ozone","Swain",35.498711,-83.310242
"9689",10-08-20,27,"","Ozone","Swain",35.498711,-83.310242
"9690",10-09-20,35,"","Ozone","Swain",35.498711,-83.310242
"9691",10-10-20,37,"","Ozone","Swain",35.498711,-83.310242
"9692",10-11-20,39,"","Ozone","Swain",35.498711,-83.310242
"9693",10-12-20,36,"","Ozone","Swain",35.498711,-83.310242
"9694",NA,30,"","Ozone","Swain",35.498711,-83.310242
"9695",NA,37,"","Ozone","Swain",35.498711,-83.310242
"9696",NA,31,"","Ozone","Swain",35.498711,-83.310242
"9697",NA,34,"","Ozone","Swain",35.498711,-83.310242
"9698",NA,31,"","Ozone","Swain",35.498711,-83.310242
"9699",NA,33,"","Ozone","Swain",35.498711,-83.310242
"9700",NA,25,"","Ozone","Swain",35.498711,-83.310242
"9701",NA,27,"","Ozone","Swain",35.498711,-83.310242
"9702",NA,31,"","Ozone","Swain",35.498711,-83.310242
"9703",NA,36,"","Ozone","Swain",35.498711,-83.310242
"9704",NA,31,"","Ozone","Swain",35.498711,-83.310242
"9705",NA,36,"","Ozone","Swain",35.498711,-83.310242
"9706",NA,13,"","Ozone","Swain",35.498711,-83.310242
"9707",NA,34,"","Ozone","Swain",35.498711,-83.310242
"9708",NA,29,"","Ozone","Swain",35.498711,-83.310242
"9709",1-01-20,27,"Monroe School","Ozone","Union",34.974038917,-80.54062183
"9710",1-02-20,20,"Monroe School","Ozone","Union",34.974038917,-80.54062183
"9711",1-03-20,19,"Monroe School","Ozone","Union",34.974038917,-80.54062183
"9712",1-04-20,26,"Monroe School","Ozone","Union",34.974038917,-80.54062183
"9713",1-05-20,32,"Monroe School","Ozone","Union",34.974038917,-80.54062183
"9714",1-06-20,32,"Monroe School","Ozone","Union",34.974038917,-80.54062183
"9715",1-07-20,29,"Monroe School","Ozone","Union",34.974038917,-80.54062183
"9716",1-08-20,35,"Monroe School","Ozone","Union",34.974038917,-80.54062183
"9717",1-09-20,36,"Monroe School","Ozone","Union",34.974038917,-80.54062183
"9718",1-10-20,27,"Monroe School","Ozone","Union",34.974038917,-80.54062183
"9719",1-11-20,28,"Monroe School","Ozone","Union",34.974038917,-80.54062183
"9720",1-12-20,28,"Monroe School","Ozone","Union",34.974038917,-80.54062183
"9721",NA,25,"Monroe School","Ozone","Union",34.974038917,-80.54062183
"9722",NA,25,"Monroe School","Ozone","Union",34.974038917,-80.54062183
"9723",2-08-20,38,"Monroe School","Ozone","Union",34.974038917,-80.54062183
"9724",2-09-20,38,"Monroe School","Ozone","Union",34.974038917,-80.54062183
"9725",2-10-20,34,"Monroe School","Ozone","Union",34.974038917,-80.54062183
"9726",2-11-20,18,"Monroe School","Ozone","Union",34.974038917,-80.54062183
"9727",2-12-20,26,"Monroe School","Ozone","Union",34.974038917,-80.54062183
"9728",NA,40,"Monroe School","Ozone","Union",34.974038917,-80.54062183
"9729",NA,40,"Monroe School","Ozone","Union",34.974038917,-80.54062183
"9730",NA,35,"Monroe School","Ozone","Union",34.974038917,-80.54062183
"9731",NA,30,"Monroe School","Ozone","Union",34.974038917,-80.54062183
"9732",NA,34,"Monroe School","Ozone","Union",34.974038917,-80.54062183
"9733",NA,26,"Monroe School","Ozone","Union",34.974038917,-80.54062183
"9734",NA,31,"Monroe School","Ozone","Union",34.974038917,-80.54062183
"9735",NA,20,"Monroe School","Ozone","Union",34.974038917,-80.54062183
"9736",NA,35,"Monroe School","Ozone","Union",34.974038917,-80.54062183
"9737",NA,32,"Monroe School","Ozone","Union",34.974038917,-80.54062183
"9738",NA,45,"Monroe School","Ozone","Union",34.974038917,-80.54062183
"9739",NA,34,"Monroe School","Ozone","Union",34.974038917,-80.54062183
"9740",3-01-20,24,"Monroe School","Ozone","Union",34.974038917,-80.54062183
"9741",3-02-20,23,"Monroe School","Ozone","Union",34.974038917,-80.54062183
"9742",3-03-20,14,"Monroe School","Ozone","Union",34.974038917,-80.54062183
"9743",3-04-20,35,"Monroe School","Ozone","Union",34.974038917,-80.54062183
"9744",3-05-20,36,"Monroe School","Ozone","Union",34.974038917,-80.54062183
"9745",3-06-20,43,"Monroe School","Ozone","Union",34.974038917,-80.54062183
"9746",3-07-20,46,"Monroe School","Ozone","Union",34.974038917,-80.54062183
"9747",3-08-20,30,"Monroe School","Ozone","Union",34.974038917,-80.54062183
"9748",3-09-20,30,"Monroe School","Ozone","Union",34.974038917,-80.54062183
"9749",3-10-20,29,"Monroe School","Ozone","Union",34.974038917,-80.54062183
"9750",3-11-20,41,"Monroe School","Ozone","Union",34.974038917,-80.54062183
"9751",3-12-20,47,"Monroe School","Ozone","Union",34.974038917,-80.54062183
"9752",NA,61,"Monroe School","Ozone","Union",34.974038917,-80.54062183
"9753",NA,49,"Monroe School","Ozone","Union",34.974038917,-80.54062183
"9754",NA,33,"Monroe School","Ozone","Union",34.974038917,-80.54062183
"9755",NA,46,"Monroe School","Ozone","Union",34.974038917,-80.54062183
"9756",NA,47,"Monroe School","Ozone","Union",34.974038917,-80.54062183
"9757",NA,49,"Monroe School","Ozone","Union",34.974038917,-80.54062183
"9758",NA,48,"Monroe School","Ozone","Union",34.974038917,-80.54062183
"9759",NA,49,"Monroe School","Ozone","Union",34.974038917,-80.54062183
"9760",NA,54,"Monroe School","Ozone","Union",34.974038917,-80.54062183
"9761",NA,46,"Monroe School","Ozone","Union",34.974038917,-80.54062183
"9762",NA,58,"Monroe School","Ozone","Union",34.974038917,-80.54062183
"9763",NA,67,"Monroe School","Ozone","Union",34.974038917,-80.54062183
"9764",NA,50,"Monroe School","Ozone","Union",34.974038917,-80.54062183
"9765",NA,44,"Monroe School","Ozone","Union",34.974038917,-80.54062183
"9766",NA,49,"Monroe School","Ozone","Union",34.974038917,-80.54062183
"9767",NA,50,"Monroe School","Ozone","Union",34.974038917,-80.54062183
"9768",NA,61,"Monroe School","Ozone","Union",34.974038917,-80.54062183
"9769",NA,54,"Monroe School","Ozone","Union",34.974038917,-80.54062183
"9770",NA,43,"Monroe School","Ozone","Union",34.974038917,-80.54062183
"9771",4-01-20,46,"Monroe School","Ozone","Union",34.974038917,-80.54062183
"9772",4-02-20,40,"Monroe School","Ozone","Union",34.974038917,-80.54062183
"9773",4-03-20,64,"Monroe School","Ozone","Union",34.974038917,-80.54062183
"9774",4-04-20,71,"Monroe School","Ozone","Union",34.974038917,-80.54062183
"9775",4-05-20,41,"Monroe School","Ozone","Union",34.974038917,-80.54062183
"9776",4-06-20,46,"Monroe School","Ozone","Union",34.974038917,-80.54062183
"9777",4-07-20,32,"Monroe School","Ozone","Union",34.974038917,-80.54062183
"9778",4-08-20,32,"Monroe School","Ozone","Union",34.974038917,-80.54062183
"9779",4-09-20,29,"Monroe School","Ozone","Union",34.974038917,-80.54062183
"9780",4-10-20,61,"Monroe School","Ozone","Union",34.974038917,-80.54062183
"9781",4-11-20,49,"Monroe School","Ozone","Union",34.974038917,-80.54062183
"9782",4-12-20,35,"Monroe School","Ozone","Union",34.974038917,-80.54062183
"9783",NA,31,"Monroe School","Ozone","Union",34.974038917,-80.54062183
"9784",NA,31,"Monroe School","Ozone","Union",34.974038917,-80.54062183
"9785",NA,50,"Monroe School","Ozone","Union",34.974038917,-80.54062183
"9786",NA,49,"Monroe School","Ozone","Union",34.974038917,-80.54062183
"9787",NA,51,"Monroe School","Ozone","Union",34.974038917,-80.54062183
"9788",NA,37,"Monroe School","Ozone","Union",34.974038917,-80.54062183
"9789",NA,32,"Monroe School","Ozone","Union",34.974038917,-80.54062183
"9790",NA,38,"Monroe School","Ozone","Union",34.974038917,-80.54062183
"9791",NA,58,"Monroe School","Ozone","Union",34.974038917,-80.54062183
"9792",NA,49,"Monroe School","Ozone","Union",34.974038917,-80.54062183
"9793",NA,51,"Monroe School","Ozone","Union",34.974038917,-80.54062183
"9794",NA,43,"Monroe School","Ozone","Union",34.974038917,-80.54062183
"9795",NA,46,"Monroe School","Ozone","Union",34.974038917,-80.54062183
"9796",NA,64,"Monroe School","Ozone","Union",34.974038917,-80.54062183
"9797",NA,50,"Monroe School","Ozone","Union",34.974038917,-80.54062183
"9798",NA,44,"Monroe School","Ozone","Union",34.974038917,-80.54062183
"9799",NA,47,"Monroe School","Ozone","Union",34.974038917,-80.54062183
"9800",5-01-20,32,"Monroe School","Ozone","Union",34.974038917,-80.54062183
"9801",5-02-20,41,"Monroe School","Ozone","Union",34.974038917,-80.54062183
"9802",5-03-20,25,"Monroe School","Ozone","Union",34.974038917,-80.54062183
"9803",5-04-20,31,"Monroe School","Ozone","Union",34.974038917,-80.54062183
"9804",5-05-20,29,"Monroe School","Ozone","Union",34.974038917,-80.54062183
"9805",5-06-20,42,"Monroe School","Ozone","Union",34.974038917,-80.54062183
"9806",5-07-20,44,"Monroe School","Ozone","Union",34.974038917,-80.54062183
"9807",5-08-20,43,"Monroe School","Ozone","Union",34.974038917,-80.54062183
"9808",5-09-20,40,"Monroe School","Ozone","Union",34.974038917,-80.54062183
"9809",5-10-20,31,"Monroe School","Ozone","Union",34.974038917,-80.54062183
"9810",5-11-20,37,"Monroe School","Ozone","Union",34.974038917,-80.54062183
"9811",5-12-20,32,"Monroe School","Ozone","Union",34.974038917,-80.54062183
"9812",NA,42,"Monroe School","Ozone","Union",34.974038917,-80.54062183
"9813",NA,47,"Monroe School","Ozone","Union",34.974038917,-80.54062183
"9814",NA,46,"Monroe School","Ozone","Union",34.974038917,-80.54062183
"9815",NA,64,"Monroe School","Ozone","Union",34.974038917,-80.54062183
"9816",NA,67,"Monroe School","Ozone","Union",34.974038917,-80.54062183
"9817",NA,61,"Monroe School","Ozone","Union",34.974038917,-80.54062183
"9818",NA,46,"Monroe School","Ozone","Union",34.974038917,-80.54062183
"9819",NA,44,"Monroe School","Ozone","Union",34.974038917,-80.54062183
"9820",NA,54,"Monroe School","Ozone","Union",34.974038917,-80.54062183
"9821",NA,47,"Monroe School","Ozone","Union",34.974038917,-80.54062183
"9822",NA,37,"Monroe School","Ozone","Union",34.974038917,-80.54062183
"9823",NA,74,"Monroe School","Ozone","Union",34.974038917,-80.54062183
"9824",NA,49,"Monroe School","Ozone","Union",34.974038917,-80.54062183
"9825",NA,48,"Monroe School","Ozone","Union",34.974038917,-80.54062183
"9826",NA,51,"Monroe School","Ozone","Union",34.974038917,-80.54062183
"9827",NA,45,"Monroe School","Ozone","Union",34.974038917,-80.54062183
"9828",NA,49,"Monroe School","Ozone","Union",34.974038917,-80.54062183
"9829",NA,46,"Monroe School","Ozone","Union",34.974038917,-80.54062183
"9830",NA,64,"Monroe School","Ozone","Union",34.974038917,-80.54062183
"9831",6-01-20,71,"Monroe School","Ozone","Union",34.974038917,-80.54062183
"9832",6-02-20,90,"Monroe School","Ozone","Union",34.974038917,-80.54062183
"9833",6-03-20,84,"Monroe School","Ozone","Union",34.974038917,-80.54062183
"9834",6-04-20,61,"Monroe School","Ozone","Union",34.974038917,-80.54062183
"9835",6-05-20,44,"Monroe School","Ozone","Union",34.974038917,-80.54062183
"9836",6-06-20,39,"Monroe School","Ozone","Union",34.974038917,-80.54062183
"9837",6-07-20,25,"Monroe School","Ozone","Union",34.974038917,-80.54062183
"9838",6-08-20,45,"Monroe School","Ozone","Union",34.974038917,-80.54062183
"9839",6-09-20,31,"Monroe School","Ozone","Union",34.974038917,-80.54062183
"9840",6-10-20,31,"Monroe School","Ozone","Union",34.974038917,-80.54062183
"9841",6-11-20,45,"Monroe School","Ozone","Union",34.974038917,-80.54062183
"9842",6-12-20,37,"Monroe School","Ozone","Union",34.974038917,-80.54062183
"9843",NA,44,"Monroe School","Ozone","Union",34.974038917,-80.54062183
"9844",NA,64,"Monroe School","Ozone","Union",34.974038917,-80.54062183
"9845",NA,51,"Monroe School","Ozone","Union",34.974038917,-80.54062183
"9846",NA,41,"Monroe School","Ozone","Union",34.974038917,-80.54062183
"9847",NA,38,"Monroe School","Ozone","Union",34.974038917,-80.54062183
"9848",NA,29,"Monroe School","Ozone","Union",34.974038917,-80.54062183
"9849",NA,31,"Monroe School","Ozone","Union",34.974038917,-80.54062183
"9850",NA,46,"Monroe School","Ozone","Union",34.974038917,-80.54062183
"9851",NA,61,"Monroe School","Ozone","Union",34.974038917,-80.54062183
"9852",NA,47,"Monroe School","Ozone","Union",34.974038917,-80.54062183
"9853",NA,42,"Monroe School","Ozone","Union",34.974038917,-80.54062183
"9854",NA,30,"Monroe School","Ozone","Union",34.974038917,-80.54062183
"9855",NA,67,"Monroe School","Ozone","Union",34.974038917,-80.54062183
"9856",NA,54,"Monroe School","Ozone","Union",34.974038917,-80.54062183
"9857",NA,71,"Monroe School","Ozone","Union",34.974038917,-80.54062183
"9858",NA,58,"Monroe School","Ozone","Union",34.974038917,-80.54062183
"9859",NA,61,"Monroe School","Ozone","Union",34.974038917,-80.54062183
"9860",NA,71,"Monroe School","Ozone","Union",34.974038917,-80.54062183
"9861",7-01-20,80,"Monroe School","Ozone","Union",34.974038917,-80.54062183
"9862",7-02-20,105,"Monroe School","Ozone","Union",34.974038917,-80.54062183
"9863",7-03-20,100,"Monroe School","Ozone","Union",34.974038917,-80.54062183
"9864",7-04-20,46,"Monroe School","Ozone","Union",34.974038917,-80.54062183
"9865",7-05-20,44,"Monroe School","Ozone","Union",34.974038917,-80.54062183
"9866",7-06-20,35,"Monroe School","Ozone","Union",34.974038917,-80.54062183
"9867",7-07-20,36,"Monroe School","Ozone","Union",34.974038917,-80.54062183
"9868",7-08-20,43,"Monroe School","Ozone","Union",34.974038917,-80.54062183
"9869",7-09-20,32,"Monroe School","Ozone","Union",34.974038917,-80.54062183
"9870",7-10-20,34,"Monroe School","Ozone","Union",34.974038917,-80.54062183
"9871",7-11-20,38,"Monroe School","Ozone","Union",34.974038917,-80.54062183
"9872",NA,43,"Monroe School","Ozone","Union",34.974038917,-80.54062183
"9873",NA,46,"Monroe School","Ozone","Union",34.974038917,-80.54062183
"9874",NA,58,"Monroe School","Ozone","Union",34.974038917,-80.54062183
"9875",NA,44,"Monroe School","Ozone","Union",34.974038917,-80.54062183
"9876",NA,35,"Monroe School","Ozone","Union",34.974038917,-80.54062183
"9877",NA,41,"Monroe School","Ozone","Union",34.974038917,-80.54062183
"9878",NA,45,"Monroe School","Ozone","Union",34.974038917,-80.54062183
"9879",NA,38,"Monroe School","Ozone","Union",34.974038917,-80.54062183
"9880",NA,36,"Monroe School","Ozone","Union",34.974038917,-80.54062183
"9881",NA,37,"Monroe School","Ozone","Union",34.974038917,-80.54062183
"9882",NA,29,"Monroe School","Ozone","Union",34.974038917,-80.54062183
"9883",NA,48,"Monroe School","Ozone","Union",34.974038917,-80.54062183
"9884",NA,45,"Monroe School","Ozone","Union",34.974038917,-80.54062183
"9885",NA,50,"Monroe School","Ozone","Union",34.974038917,-80.54062183
"9886",NA,54,"Monroe School","Ozone","Union",34.974038917,-80.54062183
"9887",NA,80,"Monroe School","Ozone","Union",34.974038917,-80.54062183
"9888",NA,64,"Monroe School","Ozone","Union",34.974038917,-80.54062183
"9889",NA,58,"Monroe School","Ozone","Union",34.974038917,-80.54062183
"9890",NA,44,"Monroe School","Ozone","Union",34.974038917,-80.54062183
"9891",8-01-20,50,"Monroe School","Ozone","Union",34.974038917,-80.54062183
"9892",8-02-20,48,"Monroe School","Ozone","Union",34.974038917,-80.54062183
"9893",8-03-20,45,"Monroe School","Ozone","Union",34.974038917,-80.54062183
"9894",8-04-20,44,"Monroe School","Ozone","Union",34.974038917,-80.54062183
"9895",8-05-20,50,"Monroe School","Ozone","Union",34.974038917,-80.54062183
"9896",8-06-20,47,"Monroe School","Ozone","Union",34.974038917,-80.54062183
"9897",8-07-20,54,"Monroe School","Ozone","Union",34.974038917,-80.54062183
"9898",8-08-20,74,"Monroe School","Ozone","Union",34.974038917,-80.54062183
"9899",8-09-20,71,"Monroe School","Ozone","Union",34.974038917,-80.54062183
"9900",8-10-20,45,"Monroe School","Ozone","Union",34.974038917,-80.54062183
"9901",8-11-20,44,"Monroe School","Ozone","Union",34.974038917,-80.54062183
"9902",8-12-20,41,"Monroe School","Ozone","Union",34.974038917,-80.54062183
"9903",NA,40,"Monroe School","Ozone","Union",34.974038917,-80.54062183
"9904",NA,49,"Monroe School","Ozone","Union",34.974038917,-80.54062183
"9905",NA,44,"Monroe School","Ozone","Union",34.974038917,-80.54062183
"9906",NA,61,"Monroe School","Ozone","Union",34.974038917,-80.54062183
"9907",NA,39,"Monroe School","Ozone","Union",34.974038917,-80.54062183
"9908",NA,43,"Monroe School","Ozone","Union",34.974038917,-80.54062183
"9909",NA,36,"Monroe School","Ozone","Union",34.974038917,-80.54062183
"9910",NA,27,"Monroe School","Ozone","Union",34.974038917,-80.54062183
"9911",NA,44,"Monroe School","Ozone","Union",34.974038917,-80.54062183
"9912",NA,35,"Monroe School","Ozone","Union",34.974038917,-80.54062183
"9913",NA,31,"Monroe School","Ozone","Union",34.974038917,-80.54062183
"9914",NA,24,"Monroe School","Ozone","Union",34.974038917,-80.54062183
"9915",NA,30,"Monroe School","Ozone","Union",34.974038917,-80.54062183
"9916",NA,29,"Monroe School","Ozone","Union",34.974038917,-80.54062183
"9917",NA,28,"Monroe School","Ozone","Union",34.974038917,-80.54062183
"9918",NA,49,"Monroe School","Ozone","Union",34.974038917,-80.54062183
"9919",NA,48,"Monroe School","Ozone","Union",34.974038917,-80.54062183
"9920",NA,61,"Monroe School","Ozone","Union",34.974038917,-80.54062183
"9921",NA,49,"Monroe School","Ozone","Union",34.974038917,-80.54062183
"9922",9-01-20,37,"Monroe School","Ozone","Union",34.974038917,-80.54062183
"9923",9-02-20,28,"Monroe School","Ozone","Union",34.974038917,-80.54062183
"9924",9-03-20,42,"Monroe School","Ozone","Union",34.974038917,-80.54062183
"9925",9-04-20,28,"Monroe School","Ozone","Union",34.974038917,-80.54062183
"9926",9-05-20,30,"Monroe School","Ozone","Union",34.974038917,-80.54062183
"9927",9-06-20,67,"Monroe School","Ozone","Union",34.974038917,-80.54062183
"9928",9-07-20,71,"Monroe School","Ozone","Union",34.974038917,-80.54062183
"9929",9-08-20,58,"Monroe School","Ozone","Union",34.974038917,-80.54062183
"9930",9-09-20,87,"Monroe School","Ozone","Union",34.974038917,-80.54062183
"9931",9-10-20,48,"Monroe School","Ozone","Union",34.974038917,-80.54062183
"9932",9-11-20,54,"Monroe School","Ozone","Union",34.974038917,-80.54062183
"9933",9-12-20,87,"Monroe School","Ozone","Union",34.974038917,-80.54062183
"9934",NA,48,"Monroe School","Ozone","Union",34.974038917,-80.54062183
"9935",NA,33,"Monroe School","Ozone","Union",34.974038917,-80.54062183
"9936",NA,42,"Monroe School","Ozone","Union",34.974038917,-80.54062183
"9937",NA,48,"Monroe School","Ozone","Union",34.974038917,-80.54062183
"9938",NA,64,"Monroe School","Ozone","Union",34.974038917,-80.54062183
"9939",NA,46,"Monroe School","Ozone","Union",34.974038917,-80.54062183
"9940",NA,43,"Monroe School","Ozone","Union",34.974038917,-80.54062183
"9941",NA,46,"Monroe School","Ozone","Union",34.974038917,-80.54062183
"9942",NA,45,"Monroe School","Ozone","Union",34.974038917,-80.54062183
"9943",NA,44,"Monroe School","Ozone","Union",34.974038917,-80.54062183
"9944",NA,49,"Monroe School","Ozone","Union",34.974038917,-80.54062183
"9945",NA,74,"Monroe School","Ozone","Union",34.974038917,-80.54062183
"9946",NA,58,"Monroe School","Ozone","Union",34.974038917,-80.54062183
"9947",NA,54,"Monroe School","Ozone","Union",34.974038917,-80.54062183
"9948",NA,48,"Monroe School","Ozone","Union",34.974038917,-80.54062183
"9949",NA,41,"Monroe School","Ozone","Union",34.974038917,-80.54062183
"9950",NA,50,"Monroe School","Ozone","Union",34.974038917,-80.54062183
"9951",NA,39,"Monroe School","Ozone","Union",34.974038917,-80.54062183
"9952",10-01-20,48,"Monroe School","Ozone","Union",34.974038917,-80.54062183
"9953",10-02-20,105,"Monroe School","Ozone","Union",34.974038917,-80.54062183
"9954",10-03-20,105,"Monroe School","Ozone","Union",34.974038917,-80.54062183
"9955",10-04-20,64,"Monroe School","Ozone","Union",34.974038917,-80.54062183
"9956",10-05-20,31,"Monroe School","Ozone","Union",34.974038917,-80.54062183
"9957",10-06-20,38,"Monroe School","Ozone","Union",34.974038917,-80.54062183
"9958",10-07-20,36,"Monroe School","Ozone","Union",34.974038917,-80.54062183
"9959",10-08-20,32,"Monroe School","Ozone","Union",34.974038917,-80.54062183
"9960",10-09-20,41,"Monroe School","Ozone","Union",34.974038917,-80.54062183
"9961",10-10-20,44,"Monroe School","Ozone","Union",34.974038917,-80.54062183
"9962",10-11-20,54,"Monroe School","Ozone","Union",34.974038917,-80.54062183
"9963",10-12-20,48,"Monroe School","Ozone","Union",34.974038917,-80.54062183
"9964",NA,31,"Monroe School","Ozone","Union",34.974038917,-80.54062183
"9965",NA,47,"Monroe School","Ozone","Union",34.974038917,-80.54062183
"9966",NA,54,"Monroe School","Ozone","Union",34.974038917,-80.54062183
"9967",NA,32,"Monroe School","Ozone","Union",34.974038917,-80.54062183
"9968",NA,37,"Monroe School","Ozone","Union",34.974038917,-80.54062183
"9969",NA,40,"Monroe School","Ozone","Union",34.974038917,-80.54062183
"9970",NA,34,"Monroe School","Ozone","Union",34.974038917,-80.54062183
"9971",NA,33,"Monroe School","Ozone","Union",34.974038917,-80.54062183
"9972",NA,35,"Monroe School","Ozone","Union",34.974038917,-80.54062183
"9973",NA,33,"Monroe School","Ozone","Union",34.974038917,-80.54062183
"9974",NA,39,"Monroe School","Ozone","Union",34.974038917,-80.54062183
"9975",NA,40,"Monroe School","Ozone","Union",34.974038917,-80.54062183
"9976",NA,38,"Monroe School","Ozone","Union",34.974038917,-80.54062183
"9977",NA,36,"Monroe School","Ozone","Union",34.974038917,-80.54062183
"9978",NA,32,"Monroe School","Ozone","Union",34.974038917,-80.54062183
"9979",NA,37,"Monroe School","Ozone","Union",34.974038917,-80.54062183
"9980",NA,28,"Monroe School","Ozone","Union",34.974038917,-80.54062183
"9981",NA,24,"Monroe School","Ozone","Union",34.974038917,-80.54062183
"9982",NA,24,"Monroe School","Ozone","Union",34.974038917,-80.54062183
"9983",1-01-20,31,"Millbrook School","Ozone","Wake",35.856111,-78.574167
"9984",1-02-20,25,"Millbrook School","Ozone","Wake",35.856111,-78.574167
"9985",1-03-20,14,"Millbrook School","Ozone","Wake",35.856111,-78.574167
"9986",1-04-20,24,"Millbrook School","Ozone","Wake",35.856111,-78.574167
"9987",1-05-20,36,"Millbrook School","Ozone","Wake",35.856111,-78.574167
"9988",1-06-20,31,"Millbrook School","Ozone","Wake",35.856111,-78.574167
"9989",1-07-20,29,"Millbrook School","Ozone","Wake",35.856111,-78.574167
"9990",1-08-20,33,"Millbrook School","Ozone","Wake",35.856111,-78.574167
"9991",1-09-20,34,"Millbrook School","Ozone","Wake",35.856111,-78.574167
"9992",1-10-20,27,"Millbrook School","Ozone","Wake",35.856111,-78.574167
"9993",1-11-20,28,"Millbrook School","Ozone","Wake",35.856111,-78.574167
"9994",1-12-20,29,"Millbrook School","Ozone","Wake",35.856111,-78.574167
"9995",NA,29,"Millbrook School","Ozone","Wake",35.856111,-78.574167
"9996",NA,29,"Millbrook School","Ozone","Wake",35.856111,-78.574167
"9997",NA,22,"Millbrook School","Ozone","Wake",35.856111,-78.574167
"9998",NA,27,"Millbrook School","Ozone","Wake",35.856111,-78.574167
"9999",NA,25,"Millbrook School","Ozone","Wake",35.856111,-78.574167
"10000",NA,27,"Millbrook School","Ozone","Wake",35.856111,-78.574167
"10001",NA,33,"Millbrook School","Ozone","Wake",35.856111,-78.574167
"10002",NA,35,"Millbrook School","Ozone","Wake",35.856111,-78.574167
"10003",NA,37,"Millbrook School","Ozone","Wake",35.856111,-78.574167
"10004",NA,32,"Millbrook School","Ozone","Wake",35.856111,-78.574167
"10005",NA,35,"Millbrook School","Ozone","Wake",35.856111,-78.574167
"10006",NA,31,"Millbrook School","Ozone","Wake",35.856111,-78.574167
"10007",NA,33,"Millbrook School","Ozone","Wake",35.856111,-78.574167
"10008",NA,36,"Millbrook School","Ozone","Wake",35.856111,-78.574167
"10009",NA,33,"Millbrook School","Ozone","Wake",35.856111,-78.574167
"10010",NA,33,"Millbrook School","Ozone","Wake",35.856111,-78.574167
"10011",NA,35,"Millbrook School","Ozone","Wake",35.856111,-78.574167
"10012",NA,34,"Millbrook School","Ozone","Wake",35.856111,-78.574167
"10013",NA,35,"Millbrook School","Ozone","Wake",35.856111,-78.574167
"10014",2-01-20,37,"Millbrook School","Ozone","Wake",35.856111,-78.574167
"10015",2-02-20,29,"Millbrook School","Ozone","Wake",35.856111,-78.574167
"10016",2-03-20,32,"Millbrook School","Ozone","Wake",35.856111,-78.574167
"10017",2-04-20,43,"Millbrook School","Ozone","Wake",35.856111,-78.574167
"10018",2-05-20,34,"Millbrook School","Ozone","Wake",35.856111,-78.574167
"10019",2-06-20,35,"Millbrook School","Ozone","Wake",35.856111,-78.574167
"10020",2-07-20,31,"Millbrook School","Ozone","Wake",35.856111,-78.574167
"10021",2-08-20,40,"Millbrook School","Ozone","Wake",35.856111,-78.574167
"10022",2-09-20,36,"Millbrook School","Ozone","Wake",35.856111,-78.574167
"10023",2-10-20,34,"Millbrook School","Ozone","Wake",35.856111,-78.574167
"10024",2-11-20,21,"Millbrook School","Ozone","Wake",35.856111,-78.574167
"10025",2-12-20,21,"Millbrook School","Ozone","Wake",35.856111,-78.574167
"10026",NA,42,"Millbrook School","Ozone","Wake",35.856111,-78.574167
"10027",NA,37,"Millbrook School","Ozone","Wake",35.856111,-78.574167
"10028",NA,41,"Millbrook School","Ozone","Wake",35.856111,-78.574167
"10029",NA,35,"Millbrook School","Ozone","Wake",35.856111,-78.574167
"10030",NA,29,"Millbrook School","Ozone","Wake",35.856111,-78.574167
"10031",NA,35,"Millbrook School","Ozone","Wake",35.856111,-78.574167
"10032",NA,33,"Millbrook School","Ozone","Wake",35.856111,-78.574167
"10033",NA,31,"Millbrook School","Ozone","Wake",35.856111,-78.574167
"10034",NA,15,"Millbrook School","Ozone","Wake",35.856111,-78.574167
"10035",NA,35,"Millbrook School","Ozone","Wake",35.856111,-78.574167
"10036",NA,31,"Millbrook School","Ozone","Wake",35.856111,-78.574167
"10037",NA,42,"Millbrook School","Ozone","Wake",35.856111,-78.574167
"10038",NA,44,"Millbrook School","Ozone","Wake",35.856111,-78.574167
"10039",NA,41,"Millbrook School","Ozone","Wake",35.856111,-78.574167
"10040",NA,21,"Millbrook School","Ozone","Wake",35.856111,-78.574167
"10041",NA,34,"Millbrook School","Ozone","Wake",35.856111,-78.574167
"10042",3-01-20,25,"Millbrook School","Ozone","Wake",35.856111,-78.574167
"10043",3-02-20,33,"Millbrook School","Ozone","Wake",35.856111,-78.574167
"10044",3-03-20,29,"Millbrook School","Ozone","Wake",35.856111,-78.574167
"10045",3-04-20,40,"Millbrook School","Ozone","Wake",35.856111,-78.574167
"10046",3-05-20,36,"Millbrook School","Ozone","Wake",35.856111,-78.574167
"10047",3-06-20,40,"Millbrook School","Ozone","Wake",35.856111,-78.574167
"10048",3-07-20,40,"Millbrook School","Ozone","Wake",35.856111,-78.574167
"10049",3-08-20,35,"Millbrook School","Ozone","Wake",35.856111,-78.574167
"10050",3-09-20,36,"Millbrook School","Ozone","Wake",35.856111,-78.574167
"10051",3-10-20,30,"Millbrook School","Ozone","Wake",35.856111,-78.574167
"10052",3-11-20,43,"Millbrook School","Ozone","Wake",35.856111,-78.574167
"10053",3-12-20,45,"Millbrook School","Ozone","Wake",35.856111,-78.574167
"10054",NA,47,"Millbrook School","Ozone","Wake",35.856111,-78.574167
"10055",NA,50,"Millbrook School","Ozone","Wake",35.856111,-78.574167
"10056",NA,37,"Millbrook School","Ozone","Wake",35.856111,-78.574167
"10057",NA,44,"Millbrook School","Ozone","Wake",35.856111,-78.574167
"10058",NA,46,"Millbrook School","Ozone","Wake",35.856111,-78.574167
"10059",NA,46,"Millbrook School","Ozone","Wake",35.856111,-78.574167
"10060",NA,46,"Millbrook School","Ozone","Wake",35.856111,-78.574167
"10061",NA,42,"Millbrook School","Ozone","Wake",35.856111,-78.574167
"10062",NA,45,"Millbrook School","Ozone","Wake",35.856111,-78.574167
"10063",NA,44,"Millbrook School","Ozone","Wake",35.856111,-78.574167
"10064",NA,48,"Millbrook School","Ozone","Wake",35.856111,-78.574167
"10065",NA,64,"Millbrook School","Ozone","Wake",35.856111,-78.574167
"10066",NA,48,"Millbrook School","Ozone","Wake",35.856111,-78.574167
"10067",NA,44,"Millbrook School","Ozone","Wake",35.856111,-78.574167
"10068",NA,47,"Millbrook School","Ozone","Wake",35.856111,-78.574167
"10069",NA,49,"Millbrook School","Ozone","Wake",35.856111,-78.574167
"10070",NA,64,"Millbrook School","Ozone","Wake",35.856111,-78.574167
"10071",NA,50,"Millbrook School","Ozone","Wake",35.856111,-78.574167
"10072",NA,43,"Millbrook School","Ozone","Wake",35.856111,-78.574167
"10073",4-01-20,44,"Millbrook School","Ozone","Wake",35.856111,-78.574167
"10074",4-02-20,34,"Millbrook School","Ozone","Wake",35.856111,-78.574167
"10075",4-03-20,54,"Millbrook School","Ozone","Wake",35.856111,-78.574167
"10076",4-04-20,71,"Millbrook School","Ozone","Wake",35.856111,-78.574167
"10077",4-05-20,39,"Millbrook School","Ozone","Wake",35.856111,-78.574167
"10078",4-06-20,38,"Millbrook School","Ozone","Wake",35.856111,-78.574167
"10079",4-07-20,35,"Millbrook School","Ozone","Wake",35.856111,-78.574167
"10080",4-08-20,34,"Millbrook School","Ozone","Wake",35.856111,-78.574167
"10081",4-09-20,37,"Millbrook School","Ozone","Wake",35.856111,-78.574167
"10082",4-10-20,58,"Millbrook School","Ozone","Wake",35.856111,-78.574167
"10083",4-11-20,58,"Millbrook School","Ozone","Wake",35.856111,-78.574167
"10084",4-12-20,34,"Millbrook School","Ozone","Wake",35.856111,-78.574167
"10085",NA,28,"Millbrook School","Ozone","Wake",35.856111,-78.574167
"10086",NA,31,"Millbrook School","Ozone","Wake",35.856111,-78.574167
"10087",NA,47,"Millbrook School","Ozone","Wake",35.856111,-78.574167
"10088",NA,51,"Millbrook School","Ozone","Wake",35.856111,-78.574167
"10089",NA,64,"Millbrook School","Ozone","Wake",35.856111,-78.574167
"10090",NA,48,"Millbrook School","Ozone","Wake",35.856111,-78.574167
"10091",NA,36,"Millbrook School","Ozone","Wake",35.856111,-78.574167
"10092",NA,36,"Millbrook School","Ozone","Wake",35.856111,-78.574167
"10093",NA,31,"Millbrook School","Ozone","Wake",35.856111,-78.574167
"10094",NA,40,"Millbrook School","Ozone","Wake",35.856111,-78.574167
"10095",NA,49,"Millbrook School","Ozone","Wake",35.856111,-78.574167
"10096",NA,58,"Millbrook School","Ozone","Wake",35.856111,-78.574167
"10097",NA,61,"Millbrook School","Ozone","Wake",35.856111,-78.574167
"10098",NA,44,"Millbrook School","Ozone","Wake",35.856111,-78.574167
"10099",NA,51,"Millbrook School","Ozone","Wake",35.856111,-78.574167
"10100",NA,49,"Millbrook School","Ozone","Wake",35.856111,-78.574167
"10101",NA,37,"Millbrook School","Ozone","Wake",35.856111,-78.574167
"10102",NA,51,"Millbrook School","Ozone","Wake",35.856111,-78.574167
"10103",5-01-20,41,"Millbrook School","Ozone","Wake",35.856111,-78.574167
"10104",5-02-20,45,"Millbrook School","Ozone","Wake",35.856111,-78.574167
"10105",5-03-20,31,"Millbrook School","Ozone","Wake",35.856111,-78.574167
"10106",5-04-20,41,"Millbrook School","Ozone","Wake",35.856111,-78.574167
"10107",5-05-20,30,"Millbrook School","Ozone","Wake",35.856111,-78.574167
"10108",5-06-20,41,"Millbrook School","Ozone","Wake",35.856111,-78.574167
"10109",5-07-20,48,"Millbrook School","Ozone","Wake",35.856111,-78.574167
"10110",5-08-20,46,"Millbrook School","Ozone","Wake",35.856111,-78.574167
"10111",5-09-20,46,"Millbrook School","Ozone","Wake",35.856111,-78.574167
"10112",5-10-20,39,"Millbrook School","Ozone","Wake",35.856111,-78.574167
"10113",5-11-20,41,"Millbrook School","Ozone","Wake",35.856111,-78.574167
"10114",5-12-20,34,"Millbrook School","Ozone","Wake",35.856111,-78.574167
"10115",NA,31,"Millbrook School","Ozone","Wake",35.856111,-78.574167
"10116",NA,41,"Millbrook School","Ozone","Wake",35.856111,-78.574167
"10117",NA,47,"Millbrook School","Ozone","Wake",35.856111,-78.574167
"10118",NA,61,"Millbrook School","Ozone","Wake",35.856111,-78.574167
"10119",NA,64,"Millbrook School","Ozone","Wake",35.856111,-78.574167
"10120",NA,80,"Millbrook School","Ozone","Wake",35.856111,-78.574167
"10121",NA,54,"Millbrook School","Ozone","Wake",35.856111,-78.574167
"10122",NA,46,"Millbrook School","Ozone","Wake",35.856111,-78.574167
"10123",NA,48,"Millbrook School","Ozone","Wake",35.856111,-78.574167
"10124",NA,50,"Millbrook School","Ozone","Wake",35.856111,-78.574167
"10125",NA,41,"Millbrook School","Ozone","Wake",35.856111,-78.574167
"10126",NA,47,"Millbrook School","Ozone","Wake",35.856111,-78.574167
"10127",NA,74,"Millbrook School","Ozone","Wake",35.856111,-78.574167
"10128",NA,48,"Millbrook School","Ozone","Wake",35.856111,-78.574167
"10129",NA,49,"Millbrook School","Ozone","Wake",35.856111,-78.574167
"10130",NA,64,"Millbrook School","Ozone","Wake",35.856111,-78.574167
"10131",NA,46,"Millbrook School","Ozone","Wake",35.856111,-78.574167
"10132",NA,61,"Millbrook School","Ozone","Wake",35.856111,-78.574167
"10133",NA,54,"Millbrook School","Ozone","Wake",35.856111,-78.574167
"10134",6-01-20,49,"Millbrook School","Ozone","Wake",35.856111,-78.574167
"10135",6-02-20,67,"Millbrook School","Ozone","Wake",35.856111,-78.574167
"10136",6-03-20,50,"Millbrook School","Ozone","Wake",35.856111,-78.574167
"10137",6-04-20,67,"Millbrook School","Ozone","Wake",35.856111,-78.574167
"10138",6-05-20,47,"Millbrook School","Ozone","Wake",35.856111,-78.574167
"10139",6-06-20,50,"Millbrook School","Ozone","Wake",35.856111,-78.574167
"10140",6-07-20,31,"Millbrook School","Ozone","Wake",35.856111,-78.574167
"10141",6-08-20,32,"Millbrook School","Ozone","Wake",35.856111,-78.574167
"10142",6-09-20,25,"Millbrook School","Ozone","Wake",35.856111,-78.574167
"10143",6-10-20,29,"Millbrook School","Ozone","Wake",35.856111,-78.574167
"10144",6-11-20,37,"Millbrook School","Ozone","Wake",35.856111,-78.574167
"10145",6-12-20,37,"Millbrook School","Ozone","Wake",35.856111,-78.574167
"10146",NA,39,"Millbrook School","Ozone","Wake",35.856111,-78.574167
"10147",NA,44,"Millbrook School","Ozone","Wake",35.856111,-78.574167
"10148",NA,54,"Millbrook School","Ozone","Wake",35.856111,-78.574167
"10149",NA,44,"Millbrook School","Ozone","Wake",35.856111,-78.574167
"10150",NA,39,"Millbrook School","Ozone","Wake",35.856111,-78.574167
"10151",NA,31,"Millbrook School","Ozone","Wake",35.856111,-78.574167
"10152",NA,32,"Millbrook School","Ozone","Wake",35.856111,-78.574167
"10153",NA,44,"Millbrook School","Ozone","Wake",35.856111,-78.574167
"10154",NA,46,"Millbrook School","Ozone","Wake",35.856111,-78.574167
"10155",NA,39,"Millbrook School","Ozone","Wake",35.856111,-78.574167
"10156",NA,39,"Millbrook School","Ozone","Wake",35.856111,-78.574167
"10157",NA,44,"Millbrook School","Ozone","Wake",35.856111,-78.574167
"10158",NA,44,"Millbrook School","Ozone","Wake",35.856111,-78.574167
"10159",NA,49,"Millbrook School","Ozone","Wake",35.856111,-78.574167
"10160",NA,77,"Millbrook School","Ozone","Wake",35.856111,-78.574167
"10161",NA,93,"Millbrook School","Ozone","Wake",35.856111,-78.574167
"10162",NA,77,"Millbrook School","Ozone","Wake",35.856111,-78.574167
"10163",NA,58,"Millbrook School","Ozone","Wake",35.856111,-78.574167
"10164",7-01-20,45,"Millbrook School","Ozone","Wake",35.856111,-78.574167
"10165",7-02-20,80,"Millbrook School","Ozone","Wake",35.856111,-78.574167
"10166",7-03-20,67,"Millbrook School","Ozone","Wake",35.856111,-78.574167
"10167",7-04-20,51,"Millbrook School","Ozone","Wake",35.856111,-78.574167
"10168",7-05-20,50,"Millbrook School","Ozone","Wake",35.856111,-78.574167
"10169",7-06-20,40,"Millbrook School","Ozone","Wake",35.856111,-78.574167
"10170",7-07-20,36,"Millbrook School","Ozone","Wake",35.856111,-78.574167
"10171",7-08-20,43,"Millbrook School","Ozone","Wake",35.856111,-78.574167
"10172",7-09-20,38,"Millbrook School","Ozone","Wake",35.856111,-78.574167
"10173",7-10-20,47,"Millbrook School","Ozone","Wake",35.856111,-78.574167
"10174",7-11-20,38,"Millbrook School","Ozone","Wake",35.856111,-78.574167
"10175",7-12-20,43,"Millbrook School","Ozone","Wake",35.856111,-78.574167
"10176",NA,47,"Millbrook School","Ozone","Wake",35.856111,-78.574167
"10177",NA,50,"Millbrook School","Ozone","Wake",35.856111,-78.574167
"10178",NA,50,"Millbrook School","Ozone","Wake",35.856111,-78.574167
"10179",NA,58,"Millbrook School","Ozone","Wake",35.856111,-78.574167
"10180",NA,41,"Millbrook School","Ozone","Wake",35.856111,-78.574167
"10181",NA,42,"Millbrook School","Ozone","Wake",35.856111,-78.574167
"10182",NA,44,"Millbrook School","Ozone","Wake",35.856111,-78.574167
"10183",NA,44,"Millbrook School","Ozone","Wake",35.856111,-78.574167
"10184",NA,38,"Millbrook School","Ozone","Wake",35.856111,-78.574167
"10185",NA,38,"Millbrook School","Ozone","Wake",35.856111,-78.574167
"10186",NA,28,"Millbrook School","Ozone","Wake",35.856111,-78.574167
"10187",NA,36,"Millbrook School","Ozone","Wake",35.856111,-78.574167
"10188",NA,45,"Millbrook School","Ozone","Wake",35.856111,-78.574167
"10189",NA,47,"Millbrook School","Ozone","Wake",35.856111,-78.574167
"10190",NA,47,"Millbrook School","Ozone","Wake",35.856111,-78.574167
"10191",NA,58,"Millbrook School","Ozone","Wake",35.856111,-78.574167
"10192",NA,71,"Millbrook School","Ozone","Wake",35.856111,-78.574167
"10193",NA,71,"Millbrook School","Ozone","Wake",35.856111,-78.574167
"10194",NA,58,"Millbrook School","Ozone","Wake",35.856111,-78.574167
"10195",8-01-20,64,"Millbrook School","Ozone","Wake",35.856111,-78.574167
"10196",8-02-20,46,"Millbrook School","Ozone","Wake",35.856111,-78.574167
"10197",8-03-20,31,"Millbrook School","Ozone","Wake",35.856111,-78.574167
"10198",8-04-20,42,"Millbrook School","Ozone","Wake",35.856111,-78.574167
"10199",8-05-20,35,"Millbrook School","Ozone","Wake",35.856111,-78.574167
"10200",8-06-20,47,"Millbrook School","Ozone","Wake",35.856111,-78.574167
"10201",8-07-20,44,"Millbrook School","Ozone","Wake",35.856111,-78.574167
"10202",8-08-20,50,"Millbrook School","Ozone","Wake",35.856111,-78.574167
"10203",8-09-20,71,"Millbrook School","Ozone","Wake",35.856111,-78.574167
"10204",8-10-20,51,"Millbrook School","Ozone","Wake",35.856111,-78.574167
"10205",8-11-20,45,"Millbrook School","Ozone","Wake",35.856111,-78.574167
"10206",8-12-20,48,"Millbrook School","Ozone","Wake",35.856111,-78.574167
"10207",NA,40,"Millbrook School","Ozone","Wake",35.856111,-78.574167
"10208",NA,50,"Millbrook School","Ozone","Wake",35.856111,-78.574167
"10209",NA,51,"Millbrook School","Ozone","Wake",35.856111,-78.574167
"10210",NA,40,"Millbrook School","Ozone","Wake",35.856111,-78.574167
"10211",NA,40,"Millbrook School","Ozone","Wake",35.856111,-78.574167
"10212",NA,44,"Millbrook School","Ozone","Wake",35.856111,-78.574167
"10213",NA,46,"Millbrook School","Ozone","Wake",35.856111,-78.574167
"10214",NA,37,"Millbrook School","Ozone","Wake",35.856111,-78.574167
"10215",NA,42,"Millbrook School","Ozone","Wake",35.856111,-78.574167
"10216",NA,43,"Millbrook School","Ozone","Wake",35.856111,-78.574167
"10217",NA,38,"Millbrook School","Ozone","Wake",35.856111,-78.574167
"10218",NA,23,"Millbrook School","Ozone","Wake",35.856111,-78.574167
"10219",NA,33,"Millbrook School","Ozone","Wake",35.856111,-78.574167
"10220",NA,25,"Millbrook School","Ozone","Wake",35.856111,-78.574167
"10221",NA,30,"Millbrook School","Ozone","Wake",35.856111,-78.574167
"10222",NA,37,"Millbrook School","Ozone","Wake",35.856111,-78.574167
"10223",NA,49,"Millbrook School","Ozone","Wake",35.856111,-78.574167
"10224",NA,80,"Millbrook School","Ozone","Wake",35.856111,-78.574167
"10225",NA,54,"Millbrook School","Ozone","Wake",35.856111,-78.574167
"10226",9-01-20,40,"Millbrook School","Ozone","Wake",35.856111,-78.574167
"10227",9-02-20,31,"Millbrook School","Ozone","Wake",35.856111,-78.574167
"10228",9-03-20,39,"Millbrook School","Ozone","Wake",35.856111,-78.574167
"10229",9-04-20,26,"Millbrook School","Ozone","Wake",35.856111,-78.574167
"10230",9-06-20,44,"Millbrook School","Ozone","Wake",35.856111,-78.574167
"10231",9-07-20,54,"Millbrook School","Ozone","Wake",35.856111,-78.574167
"10232",9-08-20,42,"Millbrook School","Ozone","Wake",35.856111,-78.574167
"10233",9-09-20,32,"Millbrook School","Ozone","Wake",35.856111,-78.574167
"10234",9-10-20,38,"Millbrook School","Ozone","Wake",35.856111,-78.574167
"10235",9-11-20,54,"Millbrook School","Ozone","Wake",35.856111,-78.574167
"10236",9-12-20,74,"Millbrook School","Ozone","Wake",35.856111,-78.574167
"10237",NA,40,"Millbrook School","Ozone","Wake",35.856111,-78.574167
"10238",NA,32,"Millbrook School","Ozone","Wake",35.856111,-78.574167
"10239",NA,31,"Millbrook School","Ozone","Wake",35.856111,-78.574167
"10240",NA,41,"Millbrook School","Ozone","Wake",35.856111,-78.574167
"10241",NA,41,"Millbrook School","Ozone","Wake",35.856111,-78.574167
"10242",NA,42,"Millbrook School","Ozone","Wake",35.856111,-78.574167
"10243",NA,36,"Millbrook School","Ozone","Wake",35.856111,-78.574167
"10244",NA,44,"Millbrook School","Ozone","Wake",35.856111,-78.574167
"10245",NA,48,"Millbrook School","Ozone","Wake",35.856111,-78.574167
"10246",NA,45,"Millbrook School","Ozone","Wake",35.856111,-78.574167
"10247",NA,49,"Millbrook School","Ozone","Wake",35.856111,-78.574167
"10248",NA,48,"Millbrook School","Ozone","Wake",35.856111,-78.574167
"10249",NA,48,"Millbrook School","Ozone","Wake",35.856111,-78.574167
"10250",NA,61,"Millbrook School","Ozone","Wake",35.856111,-78.574167
"10251",NA,46,"Millbrook School","Ozone","Wake",35.856111,-78.574167
"10252",NA,41,"Millbrook School","Ozone","Wake",35.856111,-78.574167
"10253",NA,47,"Millbrook School","Ozone","Wake",35.856111,-78.574167
"10254",NA,44,"Millbrook School","Ozone","Wake",35.856111,-78.574167
"10255",10-01-20,47,"Millbrook School","Ozone","Wake",35.856111,-78.574167
"10256",10-02-20,84,"Millbrook School","Ozone","Wake",35.856111,-78.574167
"10257",10-03-20,90,"Millbrook School","Ozone","Wake",35.856111,-78.574167
"10258",10-04-20,47,"Millbrook School","Ozone","Wake",35.856111,-78.574167
"10259",10-05-20,30,"Millbrook School","Ozone","Wake",35.856111,-78.574167
"10260",10-06-20,34,"Millbrook School","Ozone","Wake",35.856111,-78.574167
"10261",10-07-20,36,"Millbrook School","Ozone","Wake",35.856111,-78.574167
"10262",10-08-20,29,"Millbrook School","Ozone","Wake",35.856111,-78.574167
"10263",10-09-20,29,"Millbrook School","Ozone","Wake",35.856111,-78.574167
"10264",10-10-20,36,"Millbrook School","Ozone","Wake",35.856111,-78.574167
"10265",10-11-20,42,"Millbrook School","Ozone","Wake",35.856111,-78.574167
"10266",10-12-20,45,"Millbrook School","Ozone","Wake",35.856111,-78.574167
"10267",NA,27,"Millbrook School","Ozone","Wake",35.856111,-78.574167
"10268",NA,41,"Millbrook School","Ozone","Wake",35.856111,-78.574167
"10269",NA,44,"Millbrook School","Ozone","Wake",35.856111,-78.574167
"10270",NA,31,"Millbrook School","Ozone","Wake",35.856111,-78.574167
"10271",NA,34,"Millbrook School","Ozone","Wake",35.856111,-78.574167
"10272",NA,36,"Millbrook School","Ozone","Wake",35.856111,-78.574167
"10273",NA,35,"Millbrook School","Ozone","Wake",35.856111,-78.574167
"10274",NA,31,"Millbrook School","Ozone","Wake",35.856111,-78.574167
"10275",NA,31,"Millbrook School","Ozone","Wake",35.856111,-78.574167
"10276",NA,21,"Millbrook School","Ozone","Wake",35.856111,-78.574167
"10277",NA,36,"Millbrook School","Ozone","Wake",35.856111,-78.574167
"10278",NA,39,"Millbrook School","Ozone","Wake",35.856111,-78.574167
"10279",NA,37,"Millbrook School","Ozone","Wake",35.856111,-78.574167
"10280",NA,38,"Millbrook School","Ozone","Wake",35.856111,-78.574167
"10281",NA,22,"Millbrook School","Ozone","Wake",35.856111,-78.574167
"10282",NA,37,"Millbrook School","Ozone","Wake",35.856111,-78.574167
"10283",NA,27,"Millbrook School","Ozone","Wake",35.856111,-78.574167
"10284",NA,19,"Millbrook School","Ozone","Wake",35.856111,-78.574167
"10285",NA,24,"Millbrook School","Ozone","Wake",35.856111,-78.574167
"10286",11-01-20,28,"Millbrook School","Ozone","Wake",35.856111,-78.574167
"10287",11-02-20,33,"Millbrook School","Ozone","Wake",35.856111,-78.574167
"10288",11-03-20,33,"Millbrook School","Ozone","Wake",35.856111,-78.574167
"10289",11-04-20,31,"Millbrook School","Ozone","Wake",35.856111,-78.574167
"10290",11-05-20,33,"Millbrook School","Ozone","Wake",35.856111,-78.574167
"10291",11-06-20,34,"Millbrook School","Ozone","Wake",35.856111,-78.574167
"10292",11-07-20,35,"Millbrook School","Ozone","Wake",35.856111,-78.574167
"10293",11-08-20,31,"Millbrook School","Ozone","Wake",35.856111,-78.574167
"10294",11-09-20,31,"Millbrook School","Ozone","Wake",35.856111,-78.574167
"10295",11-10-20,35,"Millbrook School","Ozone","Wake",35.856111,-78.574167
"10296",11-11-20,35,"Millbrook School","Ozone","Wake",35.856111,-78.574167
"10297",11-12-20,29,"Millbrook School","Ozone","Wake",35.856111,-78.574167
"10298",NA,32,"Millbrook School","Ozone","Wake",35.856111,-78.574167
"10299",NA,28,"Millbrook School","Ozone","Wake",35.856111,-78.574167
"10300",NA,25,"Millbrook School","Ozone","Wake",35.856111,-78.574167
"10301",NA,34,"Millbrook School","Ozone","Wake",35.856111,-78.574167
"10302",NA,31,"Millbrook School","Ozone","Wake",35.856111,-78.574167
"10303",NA,23,"Millbrook School","Ozone","Wake",35.856111,-78.574167
"10304",NA,23,"Millbrook School","Ozone","Wake",35.856111,-78.574167
"10305",NA,32,"Millbrook School","Ozone","Wake",35.856111,-78.574167
"10306",NA,24,"Millbrook School","Ozone","Wake",35.856111,-78.574167
"10307",NA,31,"Millbrook School","Ozone","Wake",35.856111,-78.574167
"10308",NA,24,"Millbrook School","Ozone","Wake",35.856111,-78.574167
"10309",NA,36,"Millbrook School","Ozone","Wake",35.856111,-78.574167
"10310",NA,29,"Millbrook School","Ozone","Wake",35.856111,-78.574167
"10311",NA,31,"Millbrook School","Ozone","Wake",35.856111,-78.574167
"10312",NA,31,"Millbrook School","Ozone","Wake",35.856111,-78.574167
"10313",NA,31,"Millbrook School","Ozone","Wake",35.856111,-78.574167
"10314",NA,27,"Millbrook School","Ozone","Wake",35.856111,-78.574167
"10315",NA,20,"Millbrook School","Ozone","Wake",35.856111,-78.574167
"10316",12-01-20,22,"Millbrook School","Ozone","Wake",35.856111,-78.574167
"10317",12-02-20,18,"Millbrook School","Ozone","Wake",35.856111,-78.574167
"10318",12-03-20,24,"Millbrook School","Ozone","Wake",35.856111,-78.574167
"10319",12-04-20,32,"Millbrook School","Ozone","Wake",35.856111,-78.574167
"10320",12-07-20,28,"Millbrook School","Ozone","Wake",35.856111,-78.574167
"10321",12-08-20,29,"Millbrook School","Ozone","Wake",35.856111,-78.574167
"10322",12-09-20,19,"Millbrook School","Ozone","Wake",35.856111,-78.574167
"10323",12-10-20,31,"Millbrook School","Ozone","Wake",35.856111,-78.574167
"10324",12-11-20,31,"Millbrook School","Ozone","Wake",35.856111,-78.574167
"10325",12-12-20,30,"Millbrook School","Ozone","Wake",35.856111,-78.574167
"10326",NA,23,"Millbrook School","Ozone","Wake",35.856111,-78.574167
"10327",NA,23,"Millbrook School","Ozone","Wake",35.856111,-78.574167
"10328",NA,31,"Millbrook School","Ozone","Wake",35.856111,-78.574167
"10329",NA,31,"Millbrook School","Ozone","Wake",35.856111,-78.574167
"10330",NA,24,"Millbrook School","Ozone","Wake",35.856111,-78.574167
"10331",NA,34,"Millbrook School","Ozone","Wake",35.856111,-78.574167
"10332",NA,31,"Millbrook School","Ozone","Wake",35.856111,-78.574167
"10333",NA,30,"Millbrook School","Ozone","Wake",35.856111,-78.574167
"10334",NA,26,"Millbrook School","Ozone","Wake",35.856111,-78.574167
"10335",NA,19,"Millbrook School","Ozone","Wake",35.856111,-78.574167
"10336",NA,22,"Millbrook School","Ozone","Wake",35.856111,-78.574167
"10337",NA,34,"Millbrook School","Ozone","Wake",35.856111,-78.574167
"10338",NA,30,"Millbrook School","Ozone","Wake",35.856111,-78.574167
"10339",NA,26,"Millbrook School","Ozone","Wake",35.856111,-78.574167
"10340",NA,19,"Millbrook School","Ozone","Wake",35.856111,-78.574167
"10341",NA,30,"Millbrook School","Ozone","Wake",35.856111,-78.574167
"10342",NA,28,"Millbrook School","Ozone","Wake",35.856111,-78.574167
"10343",NA,33,"Millbrook School","Ozone","Wake",35.856111,-78.574167
"10344",NA,34,"Millbrook School","Ozone","Wake",35.856111,-78.574167
"10345",NA,12,"Mt. Mitchell","Ozone","Yancey",35.765413,-82.264944
"10346",NA,9,"Mt. Mitchell","Ozone","Yancey",35.765413,-82.264944
"10347",NA,12,"Mt. Mitchell","Ozone","Yancey",35.765413,-82.264944
"10348",NA,44,"Mt. Mitchell","Ozone","Yancey",35.765413,-82.264944
"10349",3-01-20,40,"Mt. Mitchell","Ozone","Yancey",35.765413,-82.264944
"10350",3-02-20,44,"Mt. Mitchell","Ozone","Yancey",35.765413,-82.264944
"10351",3-03-20,43,"Mt. Mitchell","Ozone","Yancey",35.765413,-82.264944
"10352",3-04-20,48,"Mt. Mitchell","Ozone","Yancey",35.765413,-82.264944
"10353",3-05-20,45,"Mt. Mitchell","Ozone","Yancey",35.765413,-82.264944
"10354",3-06-20,49,"Mt. Mitchell","Ozone","Yancey",35.765413,-82.264944
"10355",3-07-20,48,"Mt. Mitchell","Ozone","Yancey",35.765413,-82.264944
"10356",3-08-20,45,"Mt. Mitchell","Ozone","Yancey",35.765413,-82.264944
"10357",3-09-20,39,"Mt. Mitchell","Ozone","Yancey",35.765413,-82.264944
"10358",3-10-20,50,"Mt. Mitchell","Ozone","Yancey",35.765413,-82.264944
"10359",3-11-20,46,"Mt. Mitchell","Ozone","Yancey",35.765413,-82.264944
"10360",3-12-20,64,"Mt. Mitchell","Ozone","Yancey",35.765413,-82.264944
"10361",NA,58,"Mt. Mitchell","Ozone","Yancey",35.765413,-82.264944
"10362",NA,39,"Mt. Mitchell","Ozone","Yancey",35.765413,-82.264944
"10363",NA,45,"Mt. Mitchell","Ozone","Yancey",35.765413,-82.264944
"10364",NA,47,"Mt. Mitchell","Ozone","Yancey",35.765413,-82.264944
"10365",NA,50,"Mt. Mitchell","Ozone","Yancey",35.765413,-82.264944
"10366",NA,54,"Mt. Mitchell","Ozone","Yancey",35.765413,-82.264944
"10367",NA,58,"Mt. Mitchell","Ozone","Yancey",35.765413,-82.264944
"10368",NA,74,"Mt. Mitchell","Ozone","Yancey",35.765413,-82.264944
"10369",NA,67,"Mt. Mitchell","Ozone","Yancey",35.765413,-82.264944
"10370",NA,51,"Mt. Mitchell","Ozone","Yancey",35.765413,-82.264944
"10371",NA,64,"Mt. Mitchell","Ozone","Yancey",35.765413,-82.264944
"10372",NA,74,"Mt. Mitchell","Ozone","Yancey",35.765413,-82.264944
"10373",NA,51,"Mt. Mitchell","Ozone","Yancey",35.765413,-82.264944
"10374",NA,47,"Mt. Mitchell","Ozone","Yancey",35.765413,-82.264944
"10375",NA,47,"Mt. Mitchell","Ozone","Yancey",35.765413,-82.264944
"10376",NA,54,"Mt. Mitchell","Ozone","Yancey",35.765413,-82.264944
"10377",NA,61,"Mt. Mitchell","Ozone","Yancey",35.765413,-82.264944
"10378",NA,48,"Mt. Mitchell","Ozone","Yancey",35.765413,-82.264944
"10379",NA,50,"Mt. Mitchell","Ozone","Yancey",35.765413,-82.264944
"10380",4-01-20,49,"Mt. Mitchell","Ozone","Yancey",35.765413,-82.264944
"10381",4-02-20,54,"Mt. Mitchell","Ozone","Yancey",35.765413,-82.264944
"10382",4-03-20,58,"Mt. Mitchell","Ozone","Yancey",35.765413,-82.264944
"10383",4-04-20,67,"Mt. Mitchell","Ozone","Yancey",35.765413,-82.264944
"10384",4-05-20,44,"Mt. Mitchell","Ozone","Yancey",35.765413,-82.264944
"10385",4-06-20,43,"Mt. Mitchell","Ozone","Yancey",35.765413,-82.264944
"10386",4-07-20,45,"Mt. Mitchell","Ozone","Yancey",35.765413,-82.264944
"10387",4-08-20,38,"Mt. Mitchell","Ozone","Yancey",35.765413,-82.264944
"10388",4-09-20,50,"Mt. Mitchell","Ozone","Yancey",35.765413,-82.264944
"10389",4-10-20,58,"Mt. Mitchell","Ozone","Yancey",35.765413,-82.264944
"10390",4-11-20,44,"Mt. Mitchell","Ozone","Yancey",35.765413,-82.264944
"10391",4-12-20,40,"Mt. Mitchell","Ozone","Yancey",35.765413,-82.264944
"10392",NA,35,"Mt. Mitchell","Ozone","Yancey",35.765413,-82.264944
"10393",NA,44,"Mt. Mitchell","Ozone","Yancey",35.765413,-82.264944
"10394",NA,71,"Mt. Mitchell","Ozone","Yancey",35.765413,-82.264944
"10395",NA,61,"Mt. Mitchell","Ozone","Yancey",35.765413,-82.264944
"10396",NA,71,"Mt. Mitchell","Ozone","Yancey",35.765413,-82.264944
"10397",NA,49,"Mt. Mitchell","Ozone","Yancey",35.765413,-82.264944
"10398",NA,44,"Mt. Mitchell","Ozone","Yancey",35.765413,-82.264944
"10399",NA,36,"Mt. Mitchell","Ozone","Yancey",35.765413,-82.264944
"10400",NA,50,"Mt. Mitchell","Ozone","Yancey",35.765413,-82.264944
"10401",NA,48,"Mt. Mitchell","Ozone","Yancey",35.765413,-82.264944
"10402",NA,46,"Mt. Mitchell","Ozone","Yancey",35.765413,-82.264944
"10403",NA,49,"Mt. Mitchell","Ozone","Yancey",35.765413,-82.264944
"10404",NA,47,"Mt. Mitchell","Ozone","Yancey",35.765413,-82.264944
"10405",NA,58,"Mt. Mitchell","Ozone","Yancey",35.765413,-82.264944
"10406",NA,64,"Mt. Mitchell","Ozone","Yancey",35.765413,-82.264944
"10407",NA,61,"Mt. Mitchell","Ozone","Yancey",35.765413,-82.264944
"10408",NA,46,"Mt. Mitchell","Ozone","Yancey",35.765413,-82.264944
"10409",NA,46,"Mt. Mitchell","Ozone","Yancey",35.765413,-82.264944
"10410",5-01-20,36,"Mt. Mitchell","Ozone","Yancey",35.765413,-82.264944
"10411",5-02-20,43,"Mt. Mitchell","Ozone","Yancey",35.765413,-82.264944
"10412",5-03-20,40,"Mt. Mitchell","Ozone","Yancey",35.765413,-82.264944
"10413",5-04-20,43,"Mt. Mitchell","Ozone","Yancey",35.765413,-82.264944
"10414",5-05-20,37,"Mt. Mitchell","Ozone","Yancey",35.765413,-82.264944
"10415",5-06-20,40,"Mt. Mitchell","Ozone","Yancey",35.765413,-82.264944
"10416",5-08-20,37,"Mt. Mitchell","Ozone","Yancey",35.765413,-82.264944
"10417",5-09-20,41,"Mt. Mitchell","Ozone","Yancey",35.765413,-82.264944
"10418",5-10-20,37,"Mt. Mitchell","Ozone","Yancey",35.765413,-82.264944
"10419",5-11-20,37,"Mt. Mitchell","Ozone","Yancey",35.765413,-82.264944
"10420",5-12-20,39,"Mt. Mitchell","Ozone","Yancey",35.765413,-82.264944
"10421",NA,38,"Mt. Mitchell","Ozone","Yancey",35.765413,-82.264944
"10422",NA,45,"Mt. Mitchell","Ozone","Yancey",35.765413,-82.264944
"10423",NA,44,"Mt. Mitchell","Ozone","Yancey",35.765413,-82.264944
"10424",NA,50,"Mt. Mitchell","Ozone","Yancey",35.765413,-82.264944
"10425",NA,45,"Mt. Mitchell","Ozone","Yancey",35.765413,-82.264944
"10426",NA,44,"Mt. Mitchell","Ozone","Yancey",35.765413,-82.264944
"10427",NA,44,"Mt. Mitchell","Ozone","Yancey",35.765413,-82.264944
"10428",NA,47,"Mt. Mitchell","Ozone","Yancey",35.765413,-82.264944
"10429",NA,46,"Mt. Mitchell","Ozone","Yancey",35.765413,-82.264944
"10430",NA,41,"Mt. Mitchell","Ozone","Yancey",35.765413,-82.264944
"10431",NA,44,"Mt. Mitchell","Ozone","Yancey",35.765413,-82.264944
"10432",NA,46,"Mt. Mitchell","Ozone","Yancey",35.765413,-82.264944
"10433",NA,41,"Mt. Mitchell","Ozone","Yancey",35.765413,-82.264944
"10434",NA,44,"Mt. Mitchell","Ozone","Yancey",35.765413,-82.264944
"10435",NA,44,"Mt. Mitchell","Ozone","Yancey",35.765413,-82.264944
"10436",NA,39,"Mt. Mitchell","Ozone","Yancey",35.765413,-82.264944
"10437",NA,46,"Mt. Mitchell","Ozone","Yancey",35.765413,-82.264944
"10438",NA,45,"Mt. Mitchell","Ozone","Yancey",35.765413,-82.264944
"10439",NA,46,"Mt. Mitchell","Ozone","Yancey",35.765413,-82.264944
"10440",6-01-20,61,"Mt. Mitchell","Ozone","Yancey",35.765413,-82.264944
"10441",6-02-20,51,"Mt. Mitchell","Ozone","Yancey",35.765413,-82.264944
"10442",6-03-20,87,"Mt. Mitchell","Ozone","Yancey",35.765413,-82.264944
"10443",6-04-20,50,"Mt. Mitchell","Ozone","Yancey",35.765413,-82.264944
"10444",6-05-20,48,"Mt. Mitchell","Ozone","Yancey",35.765413,-82.264944
"10445",6-06-20,37,"Mt. Mitchell","Ozone","Yancey",35.765413,-82.264944
"10446",6-07-20,40,"Mt. Mitchell","Ozone","Yancey",35.765413,-82.264944
"10447",6-08-20,44,"Mt. Mitchell","Ozone","Yancey",35.765413,-82.264944
"10448",6-09-20,41,"Mt. Mitchell","Ozone","Yancey",35.765413,-82.264944
"10449",6-10-20,48,"Mt. Mitchell","Ozone","Yancey",35.765413,-82.264944
"10450",6-11-20,51,"Mt. Mitchell","Ozone","Yancey",35.765413,-82.264944
"10451",6-12-20,47,"Mt. Mitchell","Ozone","Yancey",35.765413,-82.264944
"10452",NA,44,"Mt. Mitchell","Ozone","Yancey",35.765413,-82.264944
"10453",NA,46,"Mt. Mitchell","Ozone","Yancey",35.765413,-82.264944
"10454",NA,49,"Mt. Mitchell","Ozone","Yancey",35.765413,-82.264944
"10455",NA,38,"Mt. Mitchell","Ozone","Yancey",35.765413,-82.264944
"10456",NA,34,"Mt. Mitchell","Ozone","Yancey",35.765413,-82.264944
"10457",NA,30,"Mt. Mitchell","Ozone","Yancey",35.765413,-82.264944
"10458",NA,43,"Mt. Mitchell","Ozone","Yancey",35.765413,-82.264944
"10459",NA,45,"Mt. Mitchell","Ozone","Yancey",35.765413,-82.264944
"10460",NA,45,"Mt. Mitchell","Ozone","Yancey",35.765413,-82.264944
"10461",NA,43,"Mt. Mitchell","Ozone","Yancey",35.765413,-82.264944
"10462",NA,33,"Mt. Mitchell","Ozone","Yancey",35.765413,-82.264944
"10463",NA,44,"Mt. Mitchell","Ozone","Yancey",35.765413,-82.264944
"10464",NA,41,"Mt. Mitchell","Ozone","Yancey",35.765413,-82.264944
"10465",NA,61,"Mt. Mitchell","Ozone","Yancey",35.765413,-82.264944
"10466",NA,71,"Mt. Mitchell","Ozone","Yancey",35.765413,-82.264944
"10467",NA,58,"Mt. Mitchell","Ozone","Yancey",35.765413,-82.264944
"10468",NA,48,"Mt. Mitchell","Ozone","Yancey",35.765413,-82.264944
"10469",NA,45,"Mt. Mitchell","Ozone","Yancey",35.765413,-82.264944
"10470",7-01-20,45,"Mt. Mitchell","Ozone","Yancey",35.765413,-82.264944
"10471",7-02-20,47,"Mt. Mitchell","Ozone","Yancey",35.765413,-82.264944
"10472",7-03-20,43,"Mt. Mitchell","Ozone","Yancey",35.765413,-82.264944
"10473",7-04-20,38,"Mt. Mitchell","Ozone","Yancey",35.765413,-82.264944
"10474",7-05-20,36,"Mt. Mitchell","Ozone","Yancey",35.765413,-82.264944
"10475",7-06-20,31,"Mt. Mitchell","Ozone","Yancey",35.765413,-82.264944
"10476",7-07-20,35,"Mt. Mitchell","Ozone","Yancey",35.765413,-82.264944
"10477",7-08-20,39,"Mt. Mitchell","Ozone","Yancey",35.765413,-82.264944
"10478",7-09-20,37,"Mt. Mitchell","Ozone","Yancey",35.765413,-82.264944
"10479",7-10-20,40,"Mt. Mitchell","Ozone","Yancey",35.765413,-82.264944
"10480",7-11-20,36,"Mt. Mitchell","Ozone","Yancey",35.765413,-82.264944
"10481",7-12-20,40,"Mt. Mitchell","Ozone","Yancey",35.765413,-82.264944
"10482",NA,31,"Mt. Mitchell","Ozone","Yancey",35.765413,-82.264944
"10483",NA,34,"Mt. Mitchell","Ozone","Yancey",35.765413,-82.264944
"10484",NA,34,"Mt. Mitchell","Ozone","Yancey",35.765413,-82.264944
"10485",NA,29,"Mt. Mitchell","Ozone","Yancey",35.765413,-82.264944
"10486",NA,31,"Mt. Mitchell","Ozone","Yancey",35.765413,-82.264944
"10487",NA,37,"Mt. Mitchell","Ozone","Yancey",35.765413,-82.264944
"10488",NA,36,"Mt. Mitchell","Ozone","Yancey",35.765413,-82.264944
"10489",NA,45,"Mt. Mitchell","Ozone","Yancey",35.765413,-82.264944
"10490",NA,32,"Mt. Mitchell","Ozone","Yancey",35.765413,-82.264944
"10491",NA,33,"Mt. Mitchell","Ozone","Yancey",35.765413,-82.264944
"10492",NA,38,"Mt. Mitchell","Ozone","Yancey",35.765413,-82.264944
"10493",NA,44,"Mt. Mitchell","Ozone","Yancey",35.765413,-82.264944
"10494",NA,42,"Mt. Mitchell","Ozone","Yancey",35.765413,-82.264944
"10495",NA,51,"Mt. Mitchell","Ozone","Yancey",35.765413,-82.264944
"10496",NA,48,"Mt. Mitchell","Ozone","Yancey",35.765413,-82.264944
"10497",NA,50,"Mt. Mitchell","Ozone","Yancey",35.765413,-82.264944
"10498",NA,43,"Mt. Mitchell","Ozone","Yancey",35.765413,-82.264944
"10499",NA,45,"Mt. Mitchell","Ozone","Yancey",35.765413,-82.264944
"10500",NA,39,"Mt. Mitchell","Ozone","Yancey",35.765413,-82.264944
"10501",8-01-20,43,"Mt. Mitchell","Ozone","Yancey",35.765413,-82.264944
"10502",8-02-20,43,"Mt. Mitchell","Ozone","Yancey",35.765413,-82.264944
"10503",8-03-20,44,"Mt. Mitchell","Ozone","Yancey",35.765413,-82.264944
"10504",8-04-20,48,"Mt. Mitchell","Ozone","Yancey",35.765413,-82.264944
"10505",8-05-20,44,"Mt. Mitchell","Ozone","Yancey",35.765413,-82.264944
"10506",8-06-20,41,"Mt. Mitchell","Ozone","Yancey",35.765413,-82.264944
"10507",8-07-20,42,"Mt. Mitchell","Ozone","Yancey",35.765413,-82.264944
"10508",8-08-20,64,"Mt. Mitchell","Ozone","Yancey",35.765413,-82.264944
"10509",8-09-20,47,"Mt. Mitchell","Ozone","Yancey",35.765413,-82.264944
"10510",8-10-20,38,"Mt. Mitchell","Ozone","Yancey",35.765413,-82.264944
"10511",8-11-20,33,"Mt. Mitchell","Ozone","Yancey",35.765413,-82.264944
"10512",8-12-20,37,"Mt. Mitchell","Ozone","Yancey",35.765413,-82.264944
"10513",NA,41,"Mt. Mitchell","Ozone","Yancey",35.765413,-82.264944
"10514",NA,41,"Mt. Mitchell","Ozone","Yancey",35.765413,-82.264944
"10515",NA,45,"Mt. Mitchell","Ozone","Yancey",35.765413,-82.264944
"10516",NA,39,"Mt. Mitchell","Ozone","Yancey",35.765413,-82.264944
"10517",NA,42,"Mt. Mitchell","Ozone","Yancey",35.765413,-82.264944
"10518",NA,42,"Mt. Mitchell","Ozone","Yancey",35.765413,-82.264944
"10519",NA,48,"Mt. Mitchell","Ozone","Yancey",35.765413,-82.264944
"10520",NA,39,"Mt. Mitchell","Ozone","Yancey",35.765413,-82.264944
"10521",NA,38,"Mt. Mitchell","Ozone","Yancey",35.765413,-82.264944
"10522",NA,35,"Mt. Mitchell","Ozone","Yancey",35.765413,-82.264944
"10523",NA,31,"Mt. Mitchell","Ozone","Yancey",35.765413,-82.264944
"10524",NA,31,"Mt. Mitchell","Ozone","Yancey",35.765413,-82.264944
"10525",NA,31,"Mt. Mitchell","Ozone","Yancey",35.765413,-82.264944
"10526",NA,28,"Mt. Mitchell","Ozone","Yancey",35.765413,-82.264944
"10527",NA,31,"Mt. Mitchell","Ozone","Yancey",35.765413,-82.264944
"10528",NA,39,"Mt. Mitchell","Ozone","Yancey",35.765413,-82.264944
"10529",NA,71,"Mt. Mitchell","Ozone","Yancey",35.765413,-82.264944
"10530",NA,39,"Mt. Mitchell","Ozone","Yancey",35.765413,-82.264944
"10531",NA,49,"Mt. Mitchell","Ozone","Yancey",35.765413,-82.264944
"10532",9-01-20,38,"Mt. Mitchell","Ozone","Yancey",35.765413,-82.264944
"10533",9-02-20,38,"Mt. Mitchell","Ozone","Yancey",35.765413,-82.264944
"10534",9-03-20,40,"Mt. Mitchell","Ozone","Yancey",35.765413,-82.264944
"10535",9-04-20,43,"Mt. Mitchell","Ozone","Yancey",35.765413,-82.264944
"10536",9-05-20,42,"Mt. Mitchell","Ozone","Yancey",35.765413,-82.264944
"10537",9-06-20,46,"Mt. Mitchell","Ozone","Yancey",35.765413,-82.264944
"10538",9-07-20,44,"Mt. Mitchell","Ozone","Yancey",35.765413,-82.264944
"10539",9-08-20,49,"Mt. Mitchell","Ozone","Yancey",35.765413,-82.264944
"10540",9-09-20,54,"Mt. Mitchell","Ozone","Yancey",35.765413,-82.264944
"10541",9-10-20,58,"Mt. Mitchell","Ozone","Yancey",35.765413,-82.264944
"10542",9-11-20,51,"Mt. Mitchell","Ozone","Yancey",35.765413,-82.264944
"10543",9-12-20,50,"Mt. Mitchell","Ozone","Yancey",35.765413,-82.264944
"10544",NA,45,"Mt. Mitchell","Ozone","Yancey",35.765413,-82.264944
"10545",NA,46,"Mt. Mitchell","Ozone","Yancey",35.765413,-82.264944
"10546",NA,49,"Mt. Mitchell","Ozone","Yancey",35.765413,-82.264944
"10547",NA,49,"Mt. Mitchell","Ozone","Yancey",35.765413,-82.264944
"10548",NA,44,"Mt. Mitchell","Ozone","Yancey",35.765413,-82.264944
"10549",NA,37,"Mt. Mitchell","Ozone","Yancey",35.765413,-82.264944
"10550",NA,44,"Mt. Mitchell","Ozone","Yancey",35.765413,-82.264944
"10551",NA,42,"Mt. Mitchell","Ozone","Yancey",35.765413,-82.264944
"10552",NA,50,"Mt. Mitchell","Ozone","Yancey",35.765413,-82.264944
"10553",NA,46,"Mt. Mitchell","Ozone","Yancey",35.765413,-82.264944
"10554",NA,38,"Mt. Mitchell","Ozone","Yancey",35.765413,-82.264944
"10555",NA,42,"Mt. Mitchell","Ozone","Yancey",35.765413,-82.264944
"10556",NA,46,"Mt. Mitchell","Ozone","Yancey",35.765413,-82.264944
"10557",NA,36,"Mt. Mitchell","Ozone","Yancey",35.765413,-82.264944
"10558",NA,36,"Mt. Mitchell","Ozone","Yancey",35.765413,-82.264944
"10559",NA,46,"Mt. Mitchell","Ozone","Yancey",35.765413,-82.264944
"10560",NA,42,"Mt. Mitchell","Ozone","Yancey",35.765413,-82.264944
"10561",NA,43,"Mt. Mitchell","Ozone","Yancey",35.765413,-82.264944
"10562",10-01-20,48,"Mt. Mitchell","Ozone","Yancey",35.765413,-82.264944
"10563",10-02-20,50,"Mt. Mitchell","Ozone","Yancey",35.765413,-82.264944
"10564",10-03-20,48,"Mt. Mitchell","Ozone","Yancey",35.765413,-82.264944
"10565",10-04-20,51,"Mt. Mitchell","Ozone","Yancey",35.765413,-82.264944
"10566",10-05-20,36,"Mt. Mitchell","Ozone","Yancey",35.765413,-82.264944
"10567",10-06-20,36,"Mt. Mitchell","Ozone","Yancey",35.765413,-82.264944
"10568",10-07-20,34,"Mt. Mitchell","Ozone","Yancey",35.765413,-82.264944
"10569",10-08-20,33,"Mt. Mitchell","Ozone","Yancey",35.765413,-82.264944
"10570",10-09-20,36,"Mt. Mitchell","Ozone","Yancey",35.765413,-82.264944
"10571",10-10-20,37,"Mt. Mitchell","Ozone","Yancey",35.765413,-82.264944
"10572",10-11-20,43,"Mt. Mitchell","Ozone","Yancey",35.765413,-82.264944
"10573",10-12-20,39,"Mt. Mitchell","Ozone","Yancey",35.765413,-82.264944
"10574",NA,50,"Mt. Mitchell","Ozone","Yancey",35.765413,-82.264944
"10575",NA,61,"Mt. Mitchell","Ozone","Yancey",35.765413,-82.264944
"10576",NA,48,"Mt. Mitchell","Ozone","Yancey",35.765413,-82.264944
"10577",NA,36,"Mt. Mitchell","Ozone","Yancey",35.765413,-82.264944
"10578",NA,40,"Mt. Mitchell","Ozone","Yancey",35.765413,-82.264944
"10579",NA,44,"Mt. Mitchell","Ozone","Yancey",35.765413,-82.264944
"10580",NA,44,"Mt. Mitchell","Ozone","Yancey",35.765413,-82.264944
"10581",NA,48,"Mt. Mitchell","Ozone","Yancey",35.765413,-82.264944
"10582",NA,39,"Mt. Mitchell","Ozone","Yancey",35.765413,-82.264944
"10583",NA,39,"Mt. Mitchell","Ozone","Yancey",35.765413,-82.264944
"10584",NA,67,"Mt. Mitchell","Ozone","Yancey",35.765413,-82.264944
"10585",NA,71,"Mt. Mitchell","Ozone","Yancey",35.765413,-82.264944
"10586",NA,42,"Mt. Mitchell","Ozone","Yancey",35.765413,-82.264944
"10587",NA,39,"Mt. Mitchell","Ozone","Yancey",35.765413,-82.264944
"10588",NA,64,"Mt. Mitchell","Ozone","Yancey",35.765413,-82.264944
"10589",NA,67,"Mt. Mitchell","Ozone","Yancey",35.765413,-82.264944
"10590",NA,84,"Mt. Mitchell","Ozone","Yancey",35.765413,-82.264944
"10591",NA,31,"Mt. Mitchell","Ozone","Yancey",35.765413,-82.264944
"10592",NA,30,"Mt. Mitchell","Ozone","Yancey",35.765413,-82.264944
