"","Date","DAILY_AQI_VALUE","Site.Name","AQS_PARAMETER_DESC","COUNTY","SITE_LATITUDE","SITE_LONGITUDE"
"1",3-01-20,40,"Taylorsville Liledoun","Ozone","Alexander",35.9138000008966,-81.191
"2",3-02-20,43,"Taylorsville Liledoun","Ozone","Alexander",35.9138000008966,-81.191
"3",3-03-20,44,"Taylorsville Liledoun","Ozone","Alexander",35.9138000008966,-81.191
"4",3-04-20,45,"Taylorsville Liledoun","Ozone","Alexander",35.9138000008966,-81.191
"5",3-05-20,44,"Taylorsville Liledoun","Ozone","Alexander",35.9138000008966,-81.191
"6",3-06-20,28,"Taylorsville Liledoun","Ozone","Alexander",35.9138000008966,-81.191
"7",3-07-20,33,"Taylorsville Liledoun","Ozone","Alexander",35.9138000008966,-81.191
"8",3-08-20,41,"Taylorsville Liledoun","Ozone","Alexander",35.9138000008966,-81.191
"9",3-09-20,45,"Taylorsville Liledoun","Ozone","Alexander",35.9138000008966,-81.191
"10",3-10-20,40,"Taylorsville Liledoun","Ozone","Alexander",35.9138000008966,-81.191
"11",3-11-20,31,"Taylorsville Liledoun","Ozone","Alexander",35.9138000008966,-81.191
"12",NA,43,"Taylorsville Liledoun","Ozone","Alexander",35.9138000008966,-81.191
"13",NA,42,"Taylorsville Liledoun","Ozone","Alexander",35.9138000008966,-81.191
"14",NA,64,"Taylorsville Liledoun","Ozone","Alexander",35.9138000008966,-81.191
"15",NA,54,"Taylorsville Liledoun","Ozone","Alexander",35.9138000008966,-81.191
"16",NA,50,"Taylorsville Liledoun","Ozone","Alexander",35.9138000008966,-81.191
"17",NA,40,"Taylorsville Liledoun","Ozone","Alexander",35.9138000008966,-81.191
"18",NA,38,"Taylorsville Liledoun","Ozone","Alexander",35.9138000008966,-81.191
"19",NA,31,"Taylorsville Liledoun","Ozone","Alexander",35.9138000008966,-81.191
"20",NA,35,"Taylorsville Liledoun","Ozone","Alexander",35.9138000008966,-81.191
"21",NA,44,"Taylorsville Liledoun","Ozone","Alexander",35.9138000008966,-81.191
"22",NA,49,"Taylorsville Liledoun","Ozone","Alexander",35.9138000008966,-81.191
"23",NA,41,"Taylorsville Liledoun","Ozone","Alexander",35.9138000008966,-81.191
"24",NA,45,"Taylorsville Liledoun","Ozone","Alexander",35.9138000008966,-81.191
"25",NA,44,"Taylorsville Liledoun","Ozone","Alexander",35.9138000008966,-81.191
"26",NA,35,"Taylorsville Liledoun","Ozone","Alexander",35.9138000008966,-81.191
"27",NA,43,"Taylorsville Liledoun","Ozone","Alexander",35.9138000008966,-81.191
"28",NA,48,"Taylorsville Liledoun","Ozone","Alexander",35.9138000008966,-81.191
"29",NA,42,"Taylorsville Liledoun","Ozone","Alexander",35.9138000008966,-81.191
"30",NA,48,"Taylorsville Liledoun","Ozone","Alexander",35.9138000008966,-81.191
"31",4-01-20,47,"Taylorsville Liledoun","Ozone","Alexander",35.9138000008966,-81.191
"32",4-02-20,51,"Taylorsville Liledoun","Ozone","Alexander",35.9138000008966,-81.191
"33",4-03-20,44,"Taylorsville Liledoun","Ozone","Alexander",35.9138000008966,-81.191
"34",4-04-20,44,"Taylorsville Liledoun","Ozone","Alexander",35.9138000008966,-81.191
"35",4-05-20,48,"Taylorsville Liledoun","Ozone","Alexander",35.9138000008966,-81.191
"36",4-06-20,54,"Taylorsville Liledoun","Ozone","Alexander",35.9138000008966,-81.191
"37",4-07-20,40,"Taylorsville Liledoun","Ozone","Alexander",35.9138000008966,-81.191
"38",4-08-20,44,"Taylorsville Liledoun","Ozone","Alexander",35.9138000008966,-81.191
"39",4-09-20,33,"Taylorsville Liledoun","Ozone","Alexander",35.9138000008966,-81.191
"40",4-10-20,43,"Taylorsville Liledoun","Ozone","Alexander",35.9138000008966,-81.191
"41",4-11-20,44,"Taylorsville Liledoun","Ozone","Alexander",35.9138000008966,-81.191
"42",4-12-20,58,"Taylorsville Liledoun","Ozone","Alexander",35.9138000008966,-81.191
"43",NA,77,"Taylorsville Liledoun","Ozone","Alexander",35.9138000008966,-81.191
"44",NA,44,"Taylorsville Liledoun","Ozone","Alexander",35.9138000008966,-81.191
"45",NA,33,"Taylorsville Liledoun","Ozone","Alexander",35.9138000008966,-81.191
"46",NA,33,"Taylorsville Liledoun","Ozone","Alexander",35.9138000008966,-81.191
"47",NA,61,"Taylorsville Liledoun","Ozone","Alexander",35.9138000008966,-81.191
"48",NA,84,"Taylorsville Liledoun","Ozone","Alexander",35.9138000008966,-81.191
"49",NA,44,"Taylorsville Liledoun","Ozone","Alexander",35.9138000008966,-81.191
"50",NA,54,"Taylorsville Liledoun","Ozone","Alexander",35.9138000008966,-81.191
"51",NA,80,"Taylorsville Liledoun","Ozone","Alexander",35.9138000008966,-81.191
"52",NA,50,"Taylorsville Liledoun","Ozone","Alexander",35.9138000008966,-81.191
"53",NA,43,"Taylorsville Liledoun","Ozone","Alexander",35.9138000008966,-81.191
"54",NA,35,"Taylorsville Liledoun","Ozone","Alexander",35.9138000008966,-81.191
"55",NA,39,"Taylorsville Liledoun","Ozone","Alexander",35.9138000008966,-81.191
"56",NA,43,"Taylorsville Liledoun","Ozone","Alexander",35.9138000008966,-81.191
"57",NA,46,"Taylorsville Liledoun","Ozone","Alexander",35.9138000008966,-81.191
"58",NA,61,"Taylorsville Liledoun","Ozone","Alexander",35.9138000008966,-81.191
"59",NA,44,"Taylorsville Liledoun","Ozone","Alexander",35.9138000008966,-81.191
"60",NA,51,"Taylorsville Liledoun","Ozone","Alexander",35.9138000008966,-81.191
"61",5-01-20,74,"Taylorsville Liledoun","Ozone","Alexander",35.9138000008966,-81.191
"62",5-02-20,87,"Taylorsville Liledoun","Ozone","Alexander",35.9138000008966,-81.191
"63",5-03-20,74,"Taylorsville Liledoun","Ozone","Alexander",35.9138000008966,-81.191
"64",5-04-20,74,"Taylorsville Liledoun","Ozone","Alexander",35.9138000008966,-81.191
"65",5-05-20,43,"Taylorsville Liledoun","Ozone","Alexander",35.9138000008966,-81.191
"66",5-06-20,46,"Taylorsville Liledoun","Ozone","Alexander",35.9138000008966,-81.191
"67",5-07-20,54,"Taylorsville Liledoun","Ozone","Alexander",35.9138000008966,-81.191
"68",5-08-20,61,"Taylorsville Liledoun","Ozone","Alexander",35.9138000008966,-81.191
"69",5-09-20,67,"Taylorsville Liledoun","Ozone","Alexander",35.9138000008966,-81.191
"70",5-10-20,50,"Taylorsville Liledoun","Ozone","Alexander",35.9138000008966,-81.191
"71",5-11-20,54,"Taylorsville Liledoun","Ozone","Alexander",35.9138000008966,-81.191
"72",5-12-20,61,"Taylorsville Liledoun","Ozone","Alexander",35.9138000008966,-81.191
"73",NA,51,"Taylorsville Liledoun","Ozone","Alexander",35.9138000008966,-81.191
"74",NA,64,"Taylorsville Liledoun","Ozone","Alexander",35.9138000008966,-81.191
"75",NA,31,"Taylorsville Liledoun","Ozone","Alexander",35.9138000008966,-81.191
"76",NA,25,"Taylorsville Liledoun","Ozone","Alexander",35.9138000008966,-81.191
"77",NA,36,"Taylorsville Liledoun","Ozone","Alexander",35.9138000008966,-81.191
"78",NA,28,"Taylorsville Liledoun","Ozone","Alexander",35.9138000008966,-81.191
"79",NA,34,"Taylorsville Liledoun","Ozone","Alexander",35.9138000008966,-81.191
"80",NA,36,"Taylorsville Liledoun","Ozone","Alexander",35.9138000008966,-81.191
"81",NA,37,"Taylorsville Liledoun","Ozone","Alexander",35.9138000008966,-81.191
"82",NA,33,"Taylorsville Liledoun","Ozone","Alexander",35.9138000008966,-81.191
"83",NA,37,"Taylorsville Liledoun","Ozone","Alexander",35.9138000008966,-81.191
"84",NA,48,"Taylorsville Liledoun","Ozone","Alexander",35.9138000008966,-81.191
"85",NA,31,"Taylorsville Liledoun","Ozone","Alexander",35.9138000008966,-81.191
"86",NA,24,"Taylorsville Liledoun","Ozone","Alexander",35.9138000008966,-81.191
"87",NA,25,"Taylorsville Liledoun","Ozone","Alexander",35.9138000008966,-81.191
"88",NA,19,"Taylorsville Liledoun","Ozone","Alexander",35.9138000008966,-81.191
"89",NA,24,"Taylorsville Liledoun","Ozone","Alexander",35.9138000008966,-81.191
"90",NA,24,"Taylorsville Liledoun","Ozone","Alexander",35.9138000008966,-81.191
"91",NA,33,"Taylorsville Liledoun","Ozone","Alexander",35.9138000008966,-81.191
"92",6-01-20,38,"Taylorsville Liledoun","Ozone","Alexander",35.9138000008966,-81.191
"93",6-02-20,37,"Taylorsville Liledoun","Ozone","Alexander",35.9138000008966,-81.191
"94",6-03-20,44,"Taylorsville Liledoun","Ozone","Alexander",35.9138000008966,-81.191
"95",6-04-20,54,"Taylorsville Liledoun","Ozone","Alexander",35.9138000008966,-81.191
"96",6-05-20,61,"Taylorsville Liledoun","Ozone","Alexander",35.9138000008966,-81.191
"97",6-06-20,61,"Taylorsville Liledoun","Ozone","Alexander",35.9138000008966,-81.191
"98",6-07-20,51,"Taylorsville Liledoun","Ozone","Alexander",35.9138000008966,-81.191
"99",6-08-20,77,"Taylorsville Liledoun","Ozone","Alexander",35.9138000008966,-81.191
"100",6-09-20,80,"Taylorsville Liledoun","Ozone","Alexander",35.9138000008966,-81.191
"101",6-10-20,47,"Taylorsville Liledoun","Ozone","Alexander",35.9138000008966,-81.191
"102",6-11-20,40,"Taylorsville Liledoun","Ozone","Alexander",35.9138000008966,-81.191
"103",6-12-20,28,"Taylorsville Liledoun","Ozone","Alexander",35.9138000008966,-81.191
"104",NA,36,"Taylorsville Liledoun","Ozone","Alexander",35.9138000008966,-81.191
"105",NA,43,"Taylorsville Liledoun","Ozone","Alexander",35.9138000008966,-81.191
"106",NA,49,"Taylorsville Liledoun","Ozone","Alexander",35.9138000008966,-81.191
"107",NA,100,"Taylorsville Liledoun","Ozone","Alexander",35.9138000008966,-81.191
"108",NA,44,"Taylorsville Liledoun","Ozone","Alexander",35.9138000008966,-81.191
"109",NA,44,"Taylorsville Liledoun","Ozone","Alexander",35.9138000008966,-81.191
"110",NA,38,"Taylorsville Liledoun","Ozone","Alexander",35.9138000008966,-81.191
"111",NA,29,"Taylorsville Liledoun","Ozone","Alexander",35.9138000008966,-81.191
"112",NA,22,"Taylorsville Liledoun","Ozone","Alexander",35.9138000008966,-81.191
"113",NA,41,"Taylorsville Liledoun","Ozone","Alexander",35.9138000008966,-81.191
"114",NA,37,"Taylorsville Liledoun","Ozone","Alexander",35.9138000008966,-81.191
"115",NA,34,"Taylorsville Liledoun","Ozone","Alexander",35.9138000008966,-81.191
"116",NA,35,"Taylorsville Liledoun","Ozone","Alexander",35.9138000008966,-81.191
"117",NA,25,"Taylorsville Liledoun","Ozone","Alexander",35.9138000008966,-81.191
"118",NA,29,"Taylorsville Liledoun","Ozone","Alexander",35.9138000008966,-81.191
"119",NA,33,"Taylorsville Liledoun","Ozone","Alexander",35.9138000008966,-81.191
"120",NA,45,"Taylorsville Liledoun","Ozone","Alexander",35.9138000008966,-81.191
"121",NA,50,"Taylorsville Liledoun","Ozone","Alexander",35.9138000008966,-81.191
"122",7-01-20,42,"Taylorsville Liledoun","Ozone","Alexander",35.9138000008966,-81.191
"123",7-02-20,30,"Taylorsville Liledoun","Ozone","Alexander",35.9138000008966,-81.191
"124",7-03-20,71,"Taylorsville Liledoun","Ozone","Alexander",35.9138000008966,-81.191
"125",7-04-20,40,"Taylorsville Liledoun","Ozone","Alexander",35.9138000008966,-81.191
"126",7-05-20,30,"Taylorsville Liledoun","Ozone","Alexander",35.9138000008966,-81.191
"127",7-06-20,31,"Taylorsville Liledoun","Ozone","Alexander",35.9138000008966,-81.191
"128",7-07-20,31,"Taylorsville Liledoun","Ozone","Alexander",35.9138000008966,-81.191
"129",7-08-20,44,"Taylorsville Liledoun","Ozone","Alexander",35.9138000008966,-81.191
"130",7-09-20,42,"Taylorsville Liledoun","Ozone","Alexander",35.9138000008966,-81.191
"131",7-10-20,44,"Taylorsville Liledoun","Ozone","Alexander",35.9138000008966,-81.191
"132",7-11-20,46,"Taylorsville Liledoun","Ozone","Alexander",35.9138000008966,-81.191
"133",7-12-20,51,"Taylorsville Liledoun","Ozone","Alexander",35.9138000008966,-81.191
"134",NA,74,"Taylorsville Liledoun","Ozone","Alexander",35.9138000008966,-81.191
"135",NA,48,"Taylorsville Liledoun","Ozone","Alexander",35.9138000008966,-81.191
"136",NA,46,"Taylorsville Liledoun","Ozone","Alexander",35.9138000008966,-81.191
"137",NA,35,"Taylorsville Liledoun","Ozone","Alexander",35.9138000008966,-81.191
"138",NA,36,"Taylorsville Liledoun","Ozone","Alexander",35.9138000008966,-81.191
"139",NA,48,"Taylorsville Liledoun","Ozone","Alexander",35.9138000008966,-81.191
"140",NA,40,"Taylorsville Liledoun","Ozone","Alexander",35.9138000008966,-81.191
"141",NA,61,"Taylorsville Liledoun","Ozone","Alexander",35.9138000008966,-81.191
"142",NA,47,"Taylorsville Liledoun","Ozone","Alexander",35.9138000008966,-81.191
"143",NA,36,"Taylorsville Liledoun","Ozone","Alexander",35.9138000008966,-81.191
"144",NA,39,"Taylorsville Liledoun","Ozone","Alexander",35.9138000008966,-81.191
"145",NA,46,"Taylorsville Liledoun","Ozone","Alexander",35.9138000008966,-81.191
"146",NA,37,"Taylorsville Liledoun","Ozone","Alexander",35.9138000008966,-81.191
"147",NA,44,"Taylorsville Liledoun","Ozone","Alexander",35.9138000008966,-81.191
"148",NA,48,"Taylorsville Liledoun","Ozone","Alexander",35.9138000008966,-81.191
"149",NA,38,"Taylorsville Liledoun","Ozone","Alexander",35.9138000008966,-81.191
"150",NA,41,"Taylorsville Liledoun","Ozone","Alexander",35.9138000008966,-81.191
"151",NA,44,"Taylorsville Liledoun","Ozone","Alexander",35.9138000008966,-81.191
"152",NA,32,"Taylorsville Liledoun","Ozone","Alexander",35.9138000008966,-81.191
"153",8-01-20,28,"Taylorsville Liledoun","Ozone","Alexander",35.9138000008966,-81.191
"154",8-02-20,25,"Taylorsville Liledoun","Ozone","Alexander",35.9138000008966,-81.191
"155",8-03-20,27,"Taylorsville Liledoun","Ozone","Alexander",35.9138000008966,-81.191
"156",8-04-20,35,"Taylorsville Liledoun","Ozone","Alexander",35.9138000008966,-81.191
"157",8-05-20,31,"Taylorsville Liledoun","Ozone","Alexander",35.9138000008966,-81.191
"158",8-06-20,33,"Taylorsville Liledoun","Ozone","Alexander",35.9138000008966,-81.191
"159",8-07-20,33,"Taylorsville Liledoun","Ozone","Alexander",35.9138000008966,-81.191
"160",8-08-20,30,"Taylorsville Liledoun","Ozone","Alexander",35.9138000008966,-81.191
"161",8-09-20,41,"Taylorsville Liledoun","Ozone","Alexander",35.9138000008966,-81.191
"162",8-10-20,36,"Taylorsville Liledoun","Ozone","Alexander",35.9138000008966,-81.191
"163",8-11-20,36,"Taylorsville Liledoun","Ozone","Alexander",35.9138000008966,-81.191
"164",8-12-20,30,"Taylorsville Liledoun","Ozone","Alexander",35.9138000008966,-81.191
"165",NA,36,"Taylorsville Liledoun","Ozone","Alexander",35.9138000008966,-81.191
"166",NA,33,"Taylorsville Liledoun","Ozone","Alexander",35.9138000008966,-81.191
"167",NA,42,"Taylorsville Liledoun","Ozone","Alexander",35.9138000008966,-81.191
"168",NA,37,"Taylorsville Liledoun","Ozone","Alexander",35.9138000008966,-81.191
"169",NA,36,"Taylorsville Liledoun","Ozone","Alexander",35.9138000008966,-81.191
"170",NA,27,"Taylorsville Liledoun","Ozone","Alexander",35.9138000008966,-81.191
"171",NA,30,"Taylorsville Liledoun","Ozone","Alexander",35.9138000008966,-81.191
"172",NA,35,"Taylorsville Liledoun","Ozone","Alexander",35.9138000008966,-81.191
"173",NA,26,"Taylorsville Liledoun","Ozone","Alexander",35.9138000008966,-81.191
"174",NA,30,"Taylorsville Liledoun","Ozone","Alexander",35.9138000008966,-81.191
"175",NA,38,"Taylorsville Liledoun","Ozone","Alexander",35.9138000008966,-81.191
"176",NA,43,"Taylorsville Liledoun","Ozone","Alexander",35.9138000008966,-81.191
"177",NA,42,"Taylorsville Liledoun","Ozone","Alexander",35.9138000008966,-81.191
"178",NA,40,"Taylorsville Liledoun","Ozone","Alexander",35.9138000008966,-81.191
"179",NA,45,"Taylorsville Liledoun","Ozone","Alexander",35.9138000008966,-81.191
"180",NA,43,"Taylorsville Liledoun","Ozone","Alexander",35.9138000008966,-81.191
"181",NA,45,"Taylorsville Liledoun","Ozone","Alexander",35.9138000008966,-81.191
"182",NA,40,"Taylorsville Liledoun","Ozone","Alexander",35.9138000008966,-81.191
"183",NA,40,"Taylorsville Liledoun","Ozone","Alexander",35.9138000008966,-81.191
"184",9-01-20,42,"Taylorsville Liledoun","Ozone","Alexander",35.9138000008966,-81.191
"185",9-02-20,30,"Taylorsville Liledoun","Ozone","Alexander",35.9138000008966,-81.191
"186",9-03-20,31,"Taylorsville Liledoun","Ozone","Alexander",35.9138000008966,-81.191
"187",9-04-20,32,"Taylorsville Liledoun","Ozone","Alexander",35.9138000008966,-81.191
"188",9-05-20,39,"Taylorsville Liledoun","Ozone","Alexander",35.9138000008966,-81.191
"189",9-06-20,42,"Taylorsville Liledoun","Ozone","Alexander",35.9138000008966,-81.191
"190",9-07-20,44,"Taylorsville Liledoun","Ozone","Alexander",35.9138000008966,-81.191
"191",9-08-20,44,"Taylorsville Liledoun","Ozone","Alexander",35.9138000008966,-81.191
"192",9-09-20,16,"Taylorsville Liledoun","Ozone","Alexander",35.9138000008966,-81.191
"193",NA,58,"Taylorsville Liledoun","Ozone","Alexander",35.9138000008966,-81.191
"194",NA,44,"Taylorsville Liledoun","Ozone","Alexander",35.9138000008966,-81.191
"195",NA,44,"Taylorsville Liledoun","Ozone","Alexander",35.9138000008966,-81.191
"196",NA,30,"Taylorsville Liledoun","Ozone","Alexander",35.9138000008966,-81.191
"197",NA,18,"Taylorsville Liledoun","Ozone","Alexander",35.9138000008966,-81.191
"198",NA,25,"Taylorsville Liledoun","Ozone","Alexander",35.9138000008966,-81.191
"199",NA,24,"Taylorsville Liledoun","Ozone","Alexander",35.9138000008966,-81.191
"200",NA,26,"Taylorsville Liledoun","Ozone","Alexander",35.9138000008966,-81.191
"201",NA,27,"Taylorsville Liledoun","Ozone","Alexander",35.9138000008966,-81.191
"202",NA,36,"Taylorsville Liledoun","Ozone","Alexander",35.9138000008966,-81.191
"203",NA,29,"Taylorsville Liledoun","Ozone","Alexander",35.9138000008966,-81.191
"204",10-01-20,40,"Taylorsville Liledoun","Ozone","Alexander",35.9138000008966,-81.191
"205",10-02-20,40,"Taylorsville Liledoun","Ozone","Alexander",35.9138000008966,-81.191
"206",10-03-20,34,"Taylorsville Liledoun","Ozone","Alexander",35.9138000008966,-81.191
"207",10-04-20,35,"Taylorsville Liledoun","Ozone","Alexander",35.9138000008966,-81.191
"208",10-05-20,36,"Taylorsville Liledoun","Ozone","Alexander",35.9138000008966,-81.191
"209",10-06-20,40,"Taylorsville Liledoun","Ozone","Alexander",35.9138000008966,-81.191
"210",10-07-20,40,"Taylorsville Liledoun","Ozone","Alexander",35.9138000008966,-81.191
"211",10-08-20,31,"Taylorsville Liledoun","Ozone","Alexander",35.9138000008966,-81.191
"212",10-09-20,25,"Taylorsville Liledoun","Ozone","Alexander",35.9138000008966,-81.191
"213",10-10-20,16,"Taylorsville Liledoun","Ozone","Alexander",35.9138000008966,-81.191
"214",10-11-20,24,"Taylorsville Liledoun","Ozone","Alexander",35.9138000008966,-81.191
"215",10-12-20,33,"Taylorsville Liledoun","Ozone","Alexander",35.9138000008966,-81.191
"216",NA,31,"Taylorsville Liledoun","Ozone","Alexander",35.9138000008966,-81.191
"217",NA,38,"Taylorsville Liledoun","Ozone","Alexander",35.9138000008966,-81.191
"218",NA,20,"Taylorsville Liledoun","Ozone","Alexander",35.9138000008966,-81.191
"219",NA,34,"Taylorsville Liledoun","Ozone","Alexander",35.9138000008966,-81.191
"220",NA,33,"Taylorsville Liledoun","Ozone","Alexander",35.9138000008966,-81.191
"221",NA,42,"Taylorsville Liledoun","Ozone","Alexander",35.9138000008966,-81.191
"222",NA,33,"Taylorsville Liledoun","Ozone","Alexander",35.9138000008966,-81.191
"223",NA,29,"Taylorsville Liledoun","Ozone","Alexander",35.9138000008966,-81.191
"224",NA,31,"Taylorsville Liledoun","Ozone","Alexander",35.9138000008966,-81.191
"225",NA,37,"Taylorsville Liledoun","Ozone","Alexander",35.9138000008966,-81.191
"226",NA,34,"Taylorsville Liledoun","Ozone","Alexander",35.9138000008966,-81.191
"227",NA,25,"Taylorsville Liledoun","Ozone","Alexander",35.9138000008966,-81.191
"228",NA,21,"Taylorsville Liledoun","Ozone","Alexander",35.9138000008966,-81.191
"229",NA,26,"Taylorsville Liledoun","Ozone","Alexander",35.9138000008966,-81.191
"230",NA,36,"Taylorsville Liledoun","Ozone","Alexander",35.9138000008966,-81.191
"231",NA,35,"Taylorsville Liledoun","Ozone","Alexander",35.9138000008966,-81.191
"232",NA,35,"Taylorsville Liledoun","Ozone","Alexander",35.9138000008966,-81.191
"233",NA,44,"Taylorsville Liledoun","Ozone","Alexander",35.9138000008966,-81.191
"234",3-01-20,42,"Linville Falls","Ozone","Avery",35.972347,-81.933072
"235",3-05-20,44,"Linville Falls","Ozone","Avery",35.972347,-81.933072
"236",3-06-20,38,"Linville Falls","Ozone","Avery",35.972347,-81.933072
"237",3-07-20,38,"Linville Falls","Ozone","Avery",35.972347,-81.933072
"238",3-08-20,41,"Linville Falls","Ozone","Avery",35.972347,-81.933072
"239",3-09-20,45,"Linville Falls","Ozone","Avery",35.972347,-81.933072
"240",3-10-20,47,"Linville Falls","Ozone","Avery",35.972347,-81.933072
"241",3-11-20,41,"Linville Falls","Ozone","Avery",35.972347,-81.933072
"242",3-12-20,43,"Linville Falls","Ozone","Avery",35.972347,-81.933072
"243",NA,43,"Linville Falls","Ozone","Avery",35.972347,-81.933072
"244",NA,43,"Linville Falls","Ozone","Avery",35.972347,-81.933072
"245",NA,61,"Linville Falls","Ozone","Avery",35.972347,-81.933072
"246",NA,50,"Linville Falls","Ozone","Avery",35.972347,-81.933072
"247",NA,44,"Linville Falls","Ozone","Avery",35.972347,-81.933072
"248",NA,43,"Linville Falls","Ozone","Avery",35.972347,-81.933072
"249",NA,38,"Linville Falls","Ozone","Avery",35.972347,-81.933072
"250",NA,36,"Linville Falls","Ozone","Avery",35.972347,-81.933072
"251",NA,49,"Linville Falls","Ozone","Avery",35.972347,-81.933072
"252",NA,43,"Linville Falls","Ozone","Avery",35.972347,-81.933072
"253",NA,45,"Linville Falls","Ozone","Avery",35.972347,-81.933072
"254",NA,46,"Linville Falls","Ozone","Avery",35.972347,-81.933072
"255",NA,43,"Linville Falls","Ozone","Avery",35.972347,-81.933072
"256",NA,42,"Linville Falls","Ozone","Avery",35.972347,-81.933072
"257",NA,49,"Linville Falls","Ozone","Avery",35.972347,-81.933072
"258",NA,41,"Linville Falls","Ozone","Avery",35.972347,-81.933072
"259",4-01-20,46,"Linville Falls","Ozone","Avery",35.972347,-81.933072
"260",4-03-20,47,"Linville Falls","Ozone","Avery",35.972347,-81.933072
"261",4-04-20,44,"Linville Falls","Ozone","Avery",35.972347,-81.933072
"262",4-05-20,48,"Linville Falls","Ozone","Avery",35.972347,-81.933072
"263",4-06-20,54,"Linville Falls","Ozone","Avery",35.972347,-81.933072
"264",4-07-20,42,"Linville Falls","Ozone","Avery",35.972347,-81.933072
"265",4-08-20,45,"Linville Falls","Ozone","Avery",35.972347,-81.933072
"266",4-09-20,34,"Linville Falls","Ozone","Avery",35.972347,-81.933072
"267",4-10-20,44,"Linville Falls","Ozone","Avery",35.972347,-81.933072
"268",4-11-20,44,"Linville Falls","Ozone","Avery",35.972347,-81.933072
"269",4-12-20,64,"Linville Falls","Ozone","Avery",35.972347,-81.933072
"270",NA,84,"Linville Falls","Ozone","Avery",35.972347,-81.933072
"271",NA,45,"Linville Falls","Ozone","Avery",35.972347,-81.933072
"272",NA,41,"Linville Falls","Ozone","Avery",35.972347,-81.933072
"273",NA,64,"Linville Falls","Ozone","Avery",35.972347,-81.933072
"274",NA,77,"Linville Falls","Ozone","Avery",35.972347,-81.933072
"275",NA,42,"Linville Falls","Ozone","Avery",35.972347,-81.933072
"276",NA,61,"Linville Falls","Ozone","Avery",35.972347,-81.933072
"277",NA,74,"Linville Falls","Ozone","Avery",35.972347,-81.933072
"278",NA,49,"Linville Falls","Ozone","Avery",35.972347,-81.933072
"279",NA,48,"Linville Falls","Ozone","Avery",35.972347,-81.933072
"280",NA,40,"Linville Falls","Ozone","Avery",35.972347,-81.933072
"281",NA,40,"Linville Falls","Ozone","Avery",35.972347,-81.933072
"282",NA,39,"Linville Falls","Ozone","Avery",35.972347,-81.933072
"283",NA,48,"Linville Falls","Ozone","Avery",35.972347,-81.933072
"284",NA,67,"Linville Falls","Ozone","Avery",35.972347,-81.933072
"285",NA,45,"Linville Falls","Ozone","Avery",35.972347,-81.933072
"286",NA,54,"Linville Falls","Ozone","Avery",35.972347,-81.933072
"287",5-01-20,80,"Linville Falls","Ozone","Avery",35.972347,-81.933072
"288",5-02-20,87,"Linville Falls","Ozone","Avery",35.972347,-81.933072
"289",5-03-20,84,"Linville Falls","Ozone","Avery",35.972347,-81.933072
"290",5-04-20,49,"Linville Falls","Ozone","Avery",35.972347,-81.933072
"291",5-05-20,45,"Linville Falls","Ozone","Avery",35.972347,-81.933072
"292",5-06-20,47,"Linville Falls","Ozone","Avery",35.972347,-81.933072
"293",5-07-20,54,"Linville Falls","Ozone","Avery",35.972347,-81.933072
"294",5-08-20,51,"Linville Falls","Ozone","Avery",35.972347,-81.933072
"295",5-09-20,67,"Linville Falls","Ozone","Avery",35.972347,-81.933072
"296",5-10-20,61,"Linville Falls","Ozone","Avery",35.972347,-81.933072
"297",5-11-20,80,"Linville Falls","Ozone","Avery",35.972347,-81.933072
"298",5-12-20,64,"Linville Falls","Ozone","Avery",35.972347,-81.933072
"299",NA,58,"Linville Falls","Ozone","Avery",35.972347,-81.933072
"300",NA,50,"Linville Falls","Ozone","Avery",35.972347,-81.933072
"301",NA,36,"Linville Falls","Ozone","Avery",35.972347,-81.933072
"302",NA,26,"Linville Falls","Ozone","Avery",35.972347,-81.933072
"303",NA,27,"Linville Falls","Ozone","Avery",35.972347,-81.933072
"304",NA,38,"Linville Falls","Ozone","Avery",35.972347,-81.933072
"305",NA,37,"Linville Falls","Ozone","Avery",35.972347,-81.933072
"306",NA,36,"Linville Falls","Ozone","Avery",35.972347,-81.933072
"307",NA,41,"Linville Falls","Ozone","Avery",35.972347,-81.933072
"308",NA,30,"Linville Falls","Ozone","Avery",35.972347,-81.933072
"309",NA,37,"Linville Falls","Ozone","Avery",35.972347,-81.933072
"310",NA,41,"Linville Falls","Ozone","Avery",35.972347,-81.933072
"311",NA,35,"Linville Falls","Ozone","Avery",35.972347,-81.933072
"312",NA,23,"Linville Falls","Ozone","Avery",35.972347,-81.933072
"313",NA,31,"Linville Falls","Ozone","Avery",35.972347,-81.933072
"314",NA,22,"Linville Falls","Ozone","Avery",35.972347,-81.933072
"315",NA,28,"Linville Falls","Ozone","Avery",35.972347,-81.933072
"316",NA,30,"Linville Falls","Ozone","Avery",35.972347,-81.933072
"317",NA,38,"Linville Falls","Ozone","Avery",35.972347,-81.933072
"318",6-01-20,44,"Linville Falls","Ozone","Avery",35.972347,-81.933072
"319",6-02-20,35,"Linville Falls","Ozone","Avery",35.972347,-81.933072
"320",6-03-20,45,"Linville Falls","Ozone","Avery",35.972347,-81.933072
"321",6-04-20,54,"Linville Falls","Ozone","Avery",35.972347,-81.933072
"322",6-05-20,51,"Linville Falls","Ozone","Avery",35.972347,-81.933072
"323",6-06-20,71,"Linville Falls","Ozone","Avery",35.972347,-81.933072
"324",6-07-20,44,"Linville Falls","Ozone","Avery",35.972347,-81.933072
"325",6-08-20,47,"Linville Falls","Ozone","Avery",35.972347,-81.933072
"326",6-09-20,42,"Linville Falls","Ozone","Avery",35.972347,-81.933072
"327",6-10-20,48,"Linville Falls","Ozone","Avery",35.972347,-81.933072
"328",6-11-20,40,"Linville Falls","Ozone","Avery",35.972347,-81.933072
"329",6-12-20,30,"Linville Falls","Ozone","Avery",35.972347,-81.933072
"330",NA,31,"Linville Falls","Ozone","Avery",35.972347,-81.933072
"331",NA,41,"Linville Falls","Ozone","Avery",35.972347,-81.933072
"332",NA,44,"Linville Falls","Ozone","Avery",35.972347,-81.933072
"333",NA,54,"Linville Falls","Ozone","Avery",35.972347,-81.933072
"334",NA,34,"Linville Falls","Ozone","Avery",35.972347,-81.933072
"335",NA,33,"Linville Falls","Ozone","Avery",35.972347,-81.933072
"336",NA,32,"Linville Falls","Ozone","Avery",35.972347,-81.933072
"337",NA,27,"Linville Falls","Ozone","Avery",35.972347,-81.933072
"338",NA,20,"Linville Falls","Ozone","Avery",35.972347,-81.933072
"339",NA,32,"Linville Falls","Ozone","Avery",35.972347,-81.933072
"340",NA,38,"Linville Falls","Ozone","Avery",35.972347,-81.933072
"341",NA,37,"Linville Falls","Ozone","Avery",35.972347,-81.933072
"342",NA,22,"Linville Falls","Ozone","Avery",35.972347,-81.933072
"343",NA,25,"Linville Falls","Ozone","Avery",35.972347,-81.933072
"344",NA,27,"Linville Falls","Ozone","Avery",35.972347,-81.933072
"345",NA,32,"Linville Falls","Ozone","Avery",35.972347,-81.933072
"346",NA,40,"Linville Falls","Ozone","Avery",35.972347,-81.933072
"347",NA,46,"Linville Falls","Ozone","Avery",35.972347,-81.933072
"348",7-01-20,35,"Linville Falls","Ozone","Avery",35.972347,-81.933072
"349",7-02-20,23,"Linville Falls","Ozone","Avery",35.972347,-81.933072
"350",7-03-20,35,"Linville Falls","Ozone","Avery",35.972347,-81.933072
"351",7-04-20,43,"Linville Falls","Ozone","Avery",35.972347,-81.933072
"352",7-05-20,26,"Linville Falls","Ozone","Avery",35.972347,-81.933072
"353",7-06-20,28,"Linville Falls","Ozone","Avery",35.972347,-81.933072
"354",7-07-20,31,"Linville Falls","Ozone","Avery",35.972347,-81.933072
"355",7-08-20,33,"Linville Falls","Ozone","Avery",35.972347,-81.933072
"356",7-09-20,43,"Linville Falls","Ozone","Avery",35.972347,-81.933072
"357",7-10-20,45,"Linville Falls","Ozone","Avery",35.972347,-81.933072
"358",7-11-20,42,"Linville Falls","Ozone","Avery",35.972347,-81.933072
"359",7-12-20,38,"Linville Falls","Ozone","Avery",35.972347,-81.933072
"360",NA,46,"Linville Falls","Ozone","Avery",35.972347,-81.933072
"361",NA,44,"Linville Falls","Ozone","Avery",35.972347,-81.933072
"362",NA,29,"Linville Falls","Ozone","Avery",35.972347,-81.933072
"363",NA,31,"Linville Falls","Ozone","Avery",35.972347,-81.933072
"364",NA,37,"Linville Falls","Ozone","Avery",35.972347,-81.933072
"365",NA,39,"Linville Falls","Ozone","Avery",35.972347,-81.933072
"366",NA,39,"Linville Falls","Ozone","Avery",35.972347,-81.933072
"367",NA,45,"Linville Falls","Ozone","Avery",35.972347,-81.933072
"368",NA,41,"Linville Falls","Ozone","Avery",35.972347,-81.933072
"369",NA,31,"Linville Falls","Ozone","Avery",35.972347,-81.933072
"370",NA,37,"Linville Falls","Ozone","Avery",35.972347,-81.933072
"371",NA,37,"Linville Falls","Ozone","Avery",35.972347,-81.933072
"372",NA,24,"Linville Falls","Ozone","Avery",35.972347,-81.933072
"373",NA,29,"Linville Falls","Ozone","Avery",35.972347,-81.933072
"374",NA,40,"Linville Falls","Ozone","Avery",35.972347,-81.933072
"375",NA,39,"Linville Falls","Ozone","Avery",35.972347,-81.933072
"376",NA,39,"Linville Falls","Ozone","Avery",35.972347,-81.933072
"377",NA,37,"Linville Falls","Ozone","Avery",35.972347,-81.933072
"378",NA,32,"Linville Falls","Ozone","Avery",35.972347,-81.933072
"379",8-01-20,31,"Linville Falls","Ozone","Avery",35.972347,-81.933072
"380",8-02-20,27,"Linville Falls","Ozone","Avery",35.972347,-81.933072
"381",8-03-20,20,"Linville Falls","Ozone","Avery",35.972347,-81.933072
"382",8-04-20,23,"Linville Falls","Ozone","Avery",35.972347,-81.933072
"383",8-05-20,22,"Linville Falls","Ozone","Avery",35.972347,-81.933072
"384",8-06-20,25,"Linville Falls","Ozone","Avery",35.972347,-81.933072
"385",8-07-20,28,"Linville Falls","Ozone","Avery",35.972347,-81.933072
"386",8-08-20,25,"Linville Falls","Ozone","Avery",35.972347,-81.933072
"387",8-09-20,37,"Linville Falls","Ozone","Avery",35.972347,-81.933072
"388",8-10-20,35,"Linville Falls","Ozone","Avery",35.972347,-81.933072
"389",8-11-20,27,"Linville Falls","Ozone","Avery",35.972347,-81.933072
"390",8-12-20,32,"Linville Falls","Ozone","Avery",35.972347,-81.933072
"391",NA,33,"Linville Falls","Ozone","Avery",35.972347,-81.933072
"392",NA,31,"Linville Falls","Ozone","Avery",35.972347,-81.933072
"393",NA,39,"Linville Falls","Ozone","Avery",35.972347,-81.933072
"394",NA,31,"Linville Falls","Ozone","Avery",35.972347,-81.933072
"395",NA,38,"Linville Falls","Ozone","Avery",35.972347,-81.933072
"396",NA,26,"Linville Falls","Ozone","Avery",35.972347,-81.933072
"397",NA,32,"Linville Falls","Ozone","Avery",35.972347,-81.933072
"398",NA,30,"Linville Falls","Ozone","Avery",35.972347,-81.933072
"399",NA,28,"Linville Falls","Ozone","Avery",35.972347,-81.933072
"400",NA,29,"Linville Falls","Ozone","Avery",35.972347,-81.933072
"401",NA,34,"Linville Falls","Ozone","Avery",35.972347,-81.933072
"402",NA,33,"Linville Falls","Ozone","Avery",35.972347,-81.933072
"403",NA,38,"Linville Falls","Ozone","Avery",35.972347,-81.933072
"404",NA,36,"Linville Falls","Ozone","Avery",35.972347,-81.933072
"405",NA,38,"Linville Falls","Ozone","Avery",35.972347,-81.933072
"406",NA,27,"Linville Falls","Ozone","Avery",35.972347,-81.933072
"407",NA,31,"Linville Falls","Ozone","Avery",35.972347,-81.933072
"408",NA,25,"Linville Falls","Ozone","Avery",35.972347,-81.933072
"409",NA,32,"Linville Falls","Ozone","Avery",35.972347,-81.933072
"410",9-01-20,36,"Linville Falls","Ozone","Avery",35.972347,-81.933072
"411",9-02-20,24,"Linville Falls","Ozone","Avery",35.972347,-81.933072
"412",9-03-20,28,"Linville Falls","Ozone","Avery",35.972347,-81.933072
"413",9-04-20,32,"Linville Falls","Ozone","Avery",35.972347,-81.933072
"414",9-05-20,36,"Linville Falls","Ozone","Avery",35.972347,-81.933072
"415",9-06-20,31,"Linville Falls","Ozone","Avery",35.972347,-81.933072
"416",9-07-20,28,"Linville Falls","Ozone","Avery",35.972347,-81.933072
"417",9-08-20,38,"Linville Falls","Ozone","Avery",35.972347,-81.933072
"418",9-09-20,27,"Linville Falls","Ozone","Avery",35.972347,-81.933072
"419",9-10-20,26,"Linville Falls","Ozone","Avery",35.972347,-81.933072
"420",9-11-20,28,"Linville Falls","Ozone","Avery",35.972347,-81.933072
"421",9-12-20,28,"Linville Falls","Ozone","Avery",35.972347,-81.933072
"422",NA,20,"Linville Falls","Ozone","Avery",35.972347,-81.933072
"423",NA,19,"Linville Falls","Ozone","Avery",35.972347,-81.933072
"424",NA,19,"Linville Falls","Ozone","Avery",35.972347,-81.933072
"425",NA,20,"Linville Falls","Ozone","Avery",35.972347,-81.933072
"426",NA,19,"Linville Falls","Ozone","Avery",35.972347,-81.933072
"427",NA,34,"Linville Falls","Ozone","Avery",35.972347,-81.933072
"428",NA,37,"Linville Falls","Ozone","Avery",35.972347,-81.933072
"429",NA,34,"Linville Falls","Ozone","Avery",35.972347,-81.933072
"430",NA,42,"Linville Falls","Ozone","Avery",35.972347,-81.933072
"431",NA,31,"Linville Falls","Ozone","Avery",35.972347,-81.933072
"432",NA,33,"Linville Falls","Ozone","Avery",35.972347,-81.933072
"433",NA,20,"Linville Falls","Ozone","Avery",35.972347,-81.933072
"434",NA,25,"Linville Falls","Ozone","Avery",35.972347,-81.933072
"435",NA,20,"Linville Falls","Ozone","Avery",35.972347,-81.933072
"436",NA,25,"Linville Falls","Ozone","Avery",35.972347,-81.933072
"437",NA,29,"Linville Falls","Ozone","Avery",35.972347,-81.933072
"438",NA,32,"Linville Falls","Ozone","Avery",35.972347,-81.933072
"439",NA,31,"Linville Falls","Ozone","Avery",35.972347,-81.933072
"440",10-01-20,30,"Linville Falls","Ozone","Avery",35.972347,-81.933072
"441",10-02-20,31,"Linville Falls","Ozone","Avery",35.972347,-81.933072
"442",10-03-20,24,"Linville Falls","Ozone","Avery",35.972347,-81.933072
"443",10-04-20,35,"Linville Falls","Ozone","Avery",35.972347,-81.933072
"444",10-05-20,28,"Linville Falls","Ozone","Avery",35.972347,-81.933072
"445",10-06-20,37,"Linville Falls","Ozone","Avery",35.972347,-81.933072
"446",10-07-20,32,"Linville Falls","Ozone","Avery",35.972347,-81.933072
"447",10-08-20,36,"Linville Falls","Ozone","Avery",35.972347,-81.933072
"448",10-09-20,33,"Linville Falls","Ozone","Avery",35.972347,-81.933072
"449",10-10-20,20,"Linville Falls","Ozone","Avery",35.972347,-81.933072
"450",10-11-20,28,"Linville Falls","Ozone","Avery",35.972347,-81.933072
"451",10-12-20,40,"Linville Falls","Ozone","Avery",35.972347,-81.933072
"452",NA,33,"Linville Falls","Ozone","Avery",35.972347,-81.933072
"453",NA,31,"Linville Falls","Ozone","Avery",35.972347,-81.933072
"454",NA,35,"Linville Falls","Ozone","Avery",35.972347,-81.933072
"455",NA,23,"Linville Falls","Ozone","Avery",35.972347,-81.933072
"456",NA,36,"Linville Falls","Ozone","Avery",35.972347,-81.933072
"457",NA,35,"Linville Falls","Ozone","Avery",35.972347,-81.933072
"458",NA,41,"Linville Falls","Ozone","Avery",35.972347,-81.933072
"459",NA,36,"Linville Falls","Ozone","Avery",35.972347,-81.933072
"460",NA,35,"Linville Falls","Ozone","Avery",35.972347,-81.933072
"461",NA,41,"Linville Falls","Ozone","Avery",35.972347,-81.933072
"462",NA,31,"Linville Falls","Ozone","Avery",35.972347,-81.933072
"463",NA,36,"Linville Falls","Ozone","Avery",35.972347,-81.933072
"464",NA,33,"Linville Falls","Ozone","Avery",35.972347,-81.933072
"465",NA,39,"Linville Falls","Ozone","Avery",35.972347,-81.933072
"466",NA,37,"Linville Falls","Ozone","Avery",35.972347,-81.933072
"467",NA,36,"Linville Falls","Ozone","Avery",35.972347,-81.933072
"468",NA,45,"Linville Falls","Ozone","Avery",35.972347,-81.933072
"469",1-01-20,33,"Cranberry","Ozone","Avery",36.1058,-82.0454
"470",1-02-20,36,"Cranberry","Ozone","Avery",36.1058,-82.0454
"471",1-03-20,35,"Cranberry","Ozone","Avery",36.1058,-82.0454
"472",1-04-20,31,"Cranberry","Ozone","Avery",36.1058,-82.0454
"473",1-05-20,31,"Cranberry","Ozone","Avery",36.1058,-82.0454
"474",1-06-20,34,"Cranberry","Ozone","Avery",36.1058,-82.0454
"475",1-07-20,32,"Cranberry","Ozone","Avery",36.1058,-82.0454
"476",1-08-20,39,"Cranberry","Ozone","Avery",36.1058,-82.0454
"477",1-09-20,38,"Cranberry","Ozone","Avery",36.1058,-82.0454
"478",NA,35,"Cranberry","Ozone","Avery",36.1058,-82.0454
"479",NA,35,"Cranberry","Ozone","Avery",36.1058,-82.0454
"480",NA,31,"Cranberry","Ozone","Avery",36.1058,-82.0454
"481",NA,40,"Cranberry","Ozone","Avery",36.1058,-82.0454
"482",NA,36,"Cranberry","Ozone","Avery",36.1058,-82.0454
"483",NA,39,"Cranberry","Ozone","Avery",36.1058,-82.0454
"484",NA,31,"Cranberry","Ozone","Avery",36.1058,-82.0454
"485",NA,38,"Cranberry","Ozone","Avery",36.1058,-82.0454
"486",NA,39,"Cranberry","Ozone","Avery",36.1058,-82.0454
"487",NA,36,"Cranberry","Ozone","Avery",36.1058,-82.0454
"488",NA,39,"Cranberry","Ozone","Avery",36.1058,-82.0454
"489",NA,37,"Cranberry","Ozone","Avery",36.1058,-82.0454
"490",NA,36,"Cranberry","Ozone","Avery",36.1058,-82.0454
"491",NA,39,"Cranberry","Ozone","Avery",36.1058,-82.0454
"492",2-01-20,41,"Cranberry","Ozone","Avery",36.1058,-82.0454
"493",2-02-20,37,"Cranberry","Ozone","Avery",36.1058,-82.0454
"494",2-03-20,36,"Cranberry","Ozone","Avery",36.1058,-82.0454
"495",2-04-20,36,"Cranberry","Ozone","Avery",36.1058,-82.0454
"496",2-05-20,35,"Cranberry","Ozone","Avery",36.1058,-82.0454
"497",2-06-20,32,"Cranberry","Ozone","Avery",36.1058,-82.0454
"498",2-07-20,31,"Cranberry","Ozone","Avery",36.1058,-82.0454
"499",2-08-20,38,"Cranberry","Ozone","Avery",36.1058,-82.0454
"500",2-09-20,40,"Cranberry","Ozone","Avery",36.1058,-82.0454
"501",2-10-20,31,"Cranberry","Ozone","Avery",36.1058,-82.0454
"502",2-11-20,28,"Cranberry","Ozone","Avery",36.1058,-82.0454
"503",2-12-20,27,"Cranberry","Ozone","Avery",36.1058,-82.0454
"504",NA,38,"Cranberry","Ozone","Avery",36.1058,-82.0454
"505",NA,30,"Cranberry","Ozone","Avery",36.1058,-82.0454
"506",NA,29,"Cranberry","Ozone","Avery",36.1058,-82.0454
"507",NA,36,"Cranberry","Ozone","Avery",36.1058,-82.0454
"508",NA,31,"Cranberry","Ozone","Avery",36.1058,-82.0454
"509",NA,40,"Cranberry","Ozone","Avery",36.1058,-82.0454
"510",NA,29,"Cranberry","Ozone","Avery",36.1058,-82.0454
"511",NA,32,"Cranberry","Ozone","Avery",36.1058,-82.0454
"512",NA,37,"Cranberry","Ozone","Avery",36.1058,-82.0454
"513",3-01-20,42,"Cranberry","Ozone","Avery",36.1058,-82.0454
"514",3-04-20,44,"Cranberry","Ozone","Avery",36.1058,-82.0454
"515",3-05-20,46,"Cranberry","Ozone","Avery",36.1058,-82.0454
"516",3-06-20,44,"Cranberry","Ozone","Avery",36.1058,-82.0454
"517",3-07-20,37,"Cranberry","Ozone","Avery",36.1058,-82.0454
"518",3-08-20,40,"Cranberry","Ozone","Avery",36.1058,-82.0454
"519",3-09-20,48,"Cranberry","Ozone","Avery",36.1058,-82.0454
"520",3-10-20,49,"Cranberry","Ozone","Avery",36.1058,-82.0454
"521",3-11-20,39,"Cranberry","Ozone","Avery",36.1058,-82.0454
"522",3-12-20,42,"Cranberry","Ozone","Avery",36.1058,-82.0454
"523",NA,42,"Cranberry","Ozone","Avery",36.1058,-82.0454
"524",NA,44,"Cranberry","Ozone","Avery",36.1058,-82.0454
"525",NA,67,"Cranberry","Ozone","Avery",36.1058,-82.0454
"526",NA,54,"Cranberry","Ozone","Avery",36.1058,-82.0454
"527",NA,50,"Cranberry","Ozone","Avery",36.1058,-82.0454
"528",NA,43,"Cranberry","Ozone","Avery",36.1058,-82.0454
"529",NA,43,"Cranberry","Ozone","Avery",36.1058,-82.0454
"530",NA,43,"Cranberry","Ozone","Avery",36.1058,-82.0454
"531",NA,34,"Cranberry","Ozone","Avery",36.1058,-82.0454
"532",NA,44,"Cranberry","Ozone","Avery",36.1058,-82.0454
"533",NA,48,"Cranberry","Ozone","Avery",36.1058,-82.0454
"534",NA,45,"Cranberry","Ozone","Avery",36.1058,-82.0454
"535",NA,41,"Cranberry","Ozone","Avery",36.1058,-82.0454
"536",NA,41,"Cranberry","Ozone","Avery",36.1058,-82.0454
"537",NA,41,"Cranberry","Ozone","Avery",36.1058,-82.0454
"538",NA,46,"Cranberry","Ozone","Avery",36.1058,-82.0454
"539",4-01-20,48,"Cranberry","Ozone","Avery",36.1058,-82.0454
"540",4-02-20,46,"Cranberry","Ozone","Avery",36.1058,-82.0454
"541",4-03-20,46,"Cranberry","Ozone","Avery",36.1058,-82.0454
"542",4-05-20,48,"Cranberry","Ozone","Avery",36.1058,-82.0454
"543",4-06-20,64,"Cranberry","Ozone","Avery",36.1058,-82.0454
"544",4-07-20,43,"Cranberry","Ozone","Avery",36.1058,-82.0454
"545",4-08-20,44,"Cranberry","Ozone","Avery",36.1058,-82.0454
"546",4-09-20,41,"Cranberry","Ozone","Avery",36.1058,-82.0454
"547",4-10-20,45,"Cranberry","Ozone","Avery",36.1058,-82.0454
"548",4-11-20,45,"Cranberry","Ozone","Avery",36.1058,-82.0454
"549",4-12-20,64,"Cranberry","Ozone","Avery",36.1058,-82.0454
"550",NA,84,"Cranberry","Ozone","Avery",36.1058,-82.0454
"551",NA,45,"Cranberry","Ozone","Avery",36.1058,-82.0454
"552",NA,41,"Cranberry","Ozone","Avery",36.1058,-82.0454
"553",NA,39,"Cranberry","Ozone","Avery",36.1058,-82.0454
"554",NA,71,"Cranberry","Ozone","Avery",36.1058,-82.0454
"555",NA,74,"Cranberry","Ozone","Avery",36.1058,-82.0454
"556",NA,58,"Cranberry","Ozone","Avery",36.1058,-82.0454
"557",NA,74,"Cranberry","Ozone","Avery",36.1058,-82.0454
"558",NA,50,"Cranberry","Ozone","Avery",36.1058,-82.0454
"559",NA,48,"Cranberry","Ozone","Avery",36.1058,-82.0454
"560",NA,44,"Cranberry","Ozone","Avery",36.1058,-82.0454
"561",NA,43,"Cranberry","Ozone","Avery",36.1058,-82.0454
"562",NA,41,"Cranberry","Ozone","Avery",36.1058,-82.0454
"563",NA,50,"Cranberry","Ozone","Avery",36.1058,-82.0454
"564",NA,71,"Cranberry","Ozone","Avery",36.1058,-82.0454
"565",NA,46,"Cranberry","Ozone","Avery",36.1058,-82.0454
"566",NA,61,"Cranberry","Ozone","Avery",36.1058,-82.0454
"567",5-01-20,80,"Cranberry","Ozone","Avery",36.1058,-82.0454
"568",5-02-20,67,"Cranberry","Ozone","Avery",36.1058,-82.0454
"569",5-03-20,77,"Cranberry","Ozone","Avery",36.1058,-82.0454
"570",5-04-20,50,"Cranberry","Ozone","Avery",36.1058,-82.0454
"571",5-05-20,45,"Cranberry","Ozone","Avery",36.1058,-82.0454
"572",5-06-20,50,"Cranberry","Ozone","Avery",36.1058,-82.0454
"573",5-07-20,64,"Cranberry","Ozone","Avery",36.1058,-82.0454
"574",5-08-20,50,"Cranberry","Ozone","Avery",36.1058,-82.0454
"575",5-09-20,64,"Cranberry","Ozone","Avery",36.1058,-82.0454
"576",5-10-20,67,"Cranberry","Ozone","Avery",36.1058,-82.0454
"577",5-11-20,87,"Cranberry","Ozone","Avery",36.1058,-82.0454
"578",5-12-20,74,"Cranberry","Ozone","Avery",36.1058,-82.0454
"579",NA,61,"Cranberry","Ozone","Avery",36.1058,-82.0454
"580",NA,50,"Cranberry","Ozone","Avery",36.1058,-82.0454
"581",NA,36,"Cranberry","Ozone","Avery",36.1058,-82.0454
"582",NA,27,"Cranberry","Ozone","Avery",36.1058,-82.0454
"583",NA,28,"Cranberry","Ozone","Avery",36.1058,-82.0454
"584",NA,43,"Cranberry","Ozone","Avery",36.1058,-82.0454
"585",NA,37,"Cranberry","Ozone","Avery",36.1058,-82.0454
"586",NA,46,"Cranberry","Ozone","Avery",36.1058,-82.0454
"587",NA,36,"Cranberry","Ozone","Avery",36.1058,-82.0454
"588",NA,29,"Cranberry","Ozone","Avery",36.1058,-82.0454
"589",NA,45,"Cranberry","Ozone","Avery",36.1058,-82.0454
"590",NA,45,"Cranberry","Ozone","Avery",36.1058,-82.0454
"591",NA,38,"Cranberry","Ozone","Avery",36.1058,-82.0454
"592",NA,28,"Cranberry","Ozone","Avery",36.1058,-82.0454
"593",NA,31,"Cranberry","Ozone","Avery",36.1058,-82.0454
"594",NA,22,"Cranberry","Ozone","Avery",36.1058,-82.0454
"595",NA,29,"Cranberry","Ozone","Avery",36.1058,-82.0454
"596",NA,31,"Cranberry","Ozone","Avery",36.1058,-82.0454
"597",NA,46,"Cranberry","Ozone","Avery",36.1058,-82.0454
"598",6-01-20,46,"Cranberry","Ozone","Avery",36.1058,-82.0454
"599",6-02-20,47,"Cranberry","Ozone","Avery",36.1058,-82.0454
"600",6-03-20,49,"Cranberry","Ozone","Avery",36.1058,-82.0454
"601",6-04-20,54,"Cranberry","Ozone","Avery",36.1058,-82.0454
"602",6-05-20,51,"Cranberry","Ozone","Avery",36.1058,-82.0454
"603",6-06-20,80,"Cranberry","Ozone","Avery",36.1058,-82.0454
"604",6-07-20,48,"Cranberry","Ozone","Avery",36.1058,-82.0454
"605",6-08-20,48,"Cranberry","Ozone","Avery",36.1058,-82.0454
"606",6-09-20,38,"Cranberry","Ozone","Avery",36.1058,-82.0454
"607",6-10-20,48,"Cranberry","Ozone","Avery",36.1058,-82.0454
"608",6-11-20,45,"Cranberry","Ozone","Avery",36.1058,-82.0454
"609",6-12-20,31,"Cranberry","Ozone","Avery",36.1058,-82.0454
"610",NA,37,"Cranberry","Ozone","Avery",36.1058,-82.0454
"611",NA,47,"Cranberry","Ozone","Avery",36.1058,-82.0454
"612",NA,50,"Cranberry","Ozone","Avery",36.1058,-82.0454
"613",NA,48,"Cranberry","Ozone","Avery",36.1058,-82.0454
"614",NA,41,"Cranberry","Ozone","Avery",36.1058,-82.0454
"615",NA,40,"Cranberry","Ozone","Avery",36.1058,-82.0454
"616",NA,39,"Cranberry","Ozone","Avery",36.1058,-82.0454
"617",NA,33,"Cranberry","Ozone","Avery",36.1058,-82.0454
"618",NA,21,"Cranberry","Ozone","Avery",36.1058,-82.0454
"619",NA,39,"Cranberry","Ozone","Avery",36.1058,-82.0454
"620",NA,42,"Cranberry","Ozone","Avery",36.1058,-82.0454
"621",NA,39,"Cranberry","Ozone","Avery",36.1058,-82.0454
"622",NA,27,"Cranberry","Ozone","Avery",36.1058,-82.0454
"623",NA,25,"Cranberry","Ozone","Avery",36.1058,-82.0454
"624",NA,34,"Cranberry","Ozone","Avery",36.1058,-82.0454
"625",NA,38,"Cranberry","Ozone","Avery",36.1058,-82.0454
"626",NA,39,"Cranberry","Ozone","Avery",36.1058,-82.0454
"627",NA,47,"Cranberry","Ozone","Avery",36.1058,-82.0454
"628",7-01-20,35,"Cranberry","Ozone","Avery",36.1058,-82.0454
"629",7-02-20,26,"Cranberry","Ozone","Avery",36.1058,-82.0454
"630",7-03-20,37,"Cranberry","Ozone","Avery",36.1058,-82.0454
"631",7-04-20,41,"Cranberry","Ozone","Avery",36.1058,-82.0454
"632",7-05-20,24,"Cranberry","Ozone","Avery",36.1058,-82.0454
"633",7-06-20,35,"Cranberry","Ozone","Avery",36.1058,-82.0454
"634",7-07-20,34,"Cranberry","Ozone","Avery",36.1058,-82.0454
"635",7-08-20,38,"Cranberry","Ozone","Avery",36.1058,-82.0454
"636",7-09-20,46,"Cranberry","Ozone","Avery",36.1058,-82.0454
"637",7-10-20,49,"Cranberry","Ozone","Avery",36.1058,-82.0454
"638",7-11-20,46,"Cranberry","Ozone","Avery",36.1058,-82.0454
"639",7-12-20,43,"Cranberry","Ozone","Avery",36.1058,-82.0454
"640",NA,41,"Cranberry","Ozone","Avery",36.1058,-82.0454
"641",NA,42,"Cranberry","Ozone","Avery",36.1058,-82.0454
"642",NA,34,"Cranberry","Ozone","Avery",36.1058,-82.0454
"643",NA,33,"Cranberry","Ozone","Avery",36.1058,-82.0454
"644",NA,42,"Cranberry","Ozone","Avery",36.1058,-82.0454
"645",NA,50,"Cranberry","Ozone","Avery",36.1058,-82.0454
"646",NA,44,"Cranberry","Ozone","Avery",36.1058,-82.0454
"647",NA,37,"Cranberry","Ozone","Avery",36.1058,-82.0454
"648",NA,43,"Cranberry","Ozone","Avery",36.1058,-82.0454
"649",NA,39,"Cranberry","Ozone","Avery",36.1058,-82.0454
"650",NA,36,"Cranberry","Ozone","Avery",36.1058,-82.0454
"651",NA,41,"Cranberry","Ozone","Avery",36.1058,-82.0454
"652",NA,45,"Cranberry","Ozone","Avery",36.1058,-82.0454
"653",NA,44,"Cranberry","Ozone","Avery",36.1058,-82.0454
"654",NA,37,"Cranberry","Ozone","Avery",36.1058,-82.0454
"655",NA,37,"Cranberry","Ozone","Avery",36.1058,-82.0454
"656",NA,35,"Cranberry","Ozone","Avery",36.1058,-82.0454
"657",8-01-20,33,"Cranberry","Ozone","Avery",36.1058,-82.0454
"658",8-02-20,27,"Cranberry","Ozone","Avery",36.1058,-82.0454
"659",8-03-20,24,"Cranberry","Ozone","Avery",36.1058,-82.0454
"660",8-04-20,24,"Cranberry","Ozone","Avery",36.1058,-82.0454
"661",8-05-20,31,"Cranberry","Ozone","Avery",36.1058,-82.0454
"662",8-06-20,35,"Cranberry","Ozone","Avery",36.1058,-82.0454
"663",8-07-20,32,"Cranberry","Ozone","Avery",36.1058,-82.0454
"664",8-08-20,35,"Cranberry","Ozone","Avery",36.1058,-82.0454
"665",8-09-20,39,"Cranberry","Ozone","Avery",36.1058,-82.0454
"666",NA,33,"Cranberry","Ozone","Avery",36.1058,-82.0454
"667",NA,34,"Cranberry","Ozone","Avery",36.1058,-82.0454
"668",NA,39,"Cranberry","Ozone","Avery",36.1058,-82.0454
"669",NA,36,"Cranberry","Ozone","Avery",36.1058,-82.0454
"670",NA,39,"Cranberry","Ozone","Avery",36.1058,-82.0454
"671",NA,33,"Cranberry","Ozone","Avery",36.1058,-82.0454
"672",NA,30,"Cranberry","Ozone","Avery",36.1058,-82.0454
"673",9-01-20,33,"Cranberry","Ozone","Avery",36.1058,-82.0454
"674",9-02-20,21,"Cranberry","Ozone","Avery",36.1058,-82.0454
"675",9-03-20,29,"Cranberry","Ozone","Avery",36.1058,-82.0454
"676",9-04-20,32,"Cranberry","Ozone","Avery",36.1058,-82.0454
"677",9-05-20,33,"Cranberry","Ozone","Avery",36.1058,-82.0454
"678",9-06-20,32,"Cranberry","Ozone","Avery",36.1058,-82.0454
"679",9-07-20,27,"Cranberry","Ozone","Avery",36.1058,-82.0454
"680",9-08-20,37,"Cranberry","Ozone","Avery",36.1058,-82.0454
"681",9-09-20,29,"Cranberry","Ozone","Avery",36.1058,-82.0454
"682",9-10-20,25,"Cranberry","Ozone","Avery",36.1058,-82.0454
"683",9-11-20,26,"Cranberry","Ozone","Avery",36.1058,-82.0454
"684",9-12-20,27,"Cranberry","Ozone","Avery",36.1058,-82.0454
"685",NA,24,"Cranberry","Ozone","Avery",36.1058,-82.0454
"686",NA,18,"Cranberry","Ozone","Avery",36.1058,-82.0454
"687",NA,21,"Cranberry","Ozone","Avery",36.1058,-82.0454
"688",NA,21,"Cranberry","Ozone","Avery",36.1058,-82.0454
"689",NA,26,"Cranberry","Ozone","Avery",36.1058,-82.0454
"690",NA,38,"Cranberry","Ozone","Avery",36.1058,-82.0454
"691",NA,44,"Cranberry","Ozone","Avery",36.1058,-82.0454
"692",NA,41,"Cranberry","Ozone","Avery",36.1058,-82.0454
"693",NA,40,"Cranberry","Ozone","Avery",36.1058,-82.0454
"694",NA,40,"Cranberry","Ozone","Avery",36.1058,-82.0454
"695",NA,34,"Cranberry","Ozone","Avery",36.1058,-82.0454
"696",NA,26,"Cranberry","Ozone","Avery",36.1058,-82.0454
"697",NA,24,"Cranberry","Ozone","Avery",36.1058,-82.0454
"698",NA,24,"Cranberry","Ozone","Avery",36.1058,-82.0454
"699",NA,23,"Cranberry","Ozone","Avery",36.1058,-82.0454
"700",NA,26,"Cranberry","Ozone","Avery",36.1058,-82.0454
"701",NA,30,"Cranberry","Ozone","Avery",36.1058,-82.0454
"702",NA,31,"Cranberry","Ozone","Avery",36.1058,-82.0454
"703",10-01-20,27,"Cranberry","Ozone","Avery",36.1058,-82.0454
"704",10-02-20,31,"Cranberry","Ozone","Avery",36.1058,-82.0454
"705",10-03-20,31,"Cranberry","Ozone","Avery",36.1058,-82.0454
"706",10-04-20,39,"Cranberry","Ozone","Avery",36.1058,-82.0454
"707",10-05-20,36,"Cranberry","Ozone","Avery",36.1058,-82.0454
"708",10-06-20,37,"Cranberry","Ozone","Avery",36.1058,-82.0454
"709",10-07-20,35,"Cranberry","Ozone","Avery",36.1058,-82.0454
"710",10-08-20,34,"Cranberry","Ozone","Avery",36.1058,-82.0454
"711",10-09-20,31,"Cranberry","Ozone","Avery",36.1058,-82.0454
"712",10-10-20,19,"Cranberry","Ozone","Avery",36.1058,-82.0454
"713",10-12-20,39,"Cranberry","Ozone","Avery",36.1058,-82.0454
"714",NA,31,"Cranberry","Ozone","Avery",36.1058,-82.0454
"715",NA,29,"Cranberry","Ozone","Avery",36.1058,-82.0454
"716",NA,33,"Cranberry","Ozone","Avery",36.1058,-82.0454
"717",NA,36,"Cranberry","Ozone","Avery",36.1058,-82.0454
"718",NA,42,"Cranberry","Ozone","Avery",36.1058,-82.0454
"719",NA,40,"Cranberry","Ozone","Avery",36.1058,-82.0454
"720",NA,34,"Cranberry","Ozone","Avery",36.1058,-82.0454
"721",NA,31,"Cranberry","Ozone","Avery",36.1058,-82.0454
"722",NA,35,"Cranberry","Ozone","Avery",36.1058,-82.0454
"723",NA,43,"Cranberry","Ozone","Avery",36.1058,-82.0454
"724",NA,40,"Cranberry","Ozone","Avery",36.1058,-82.0454
"725",NA,31,"Cranberry","Ozone","Avery",36.1058,-82.0454
"726",NA,36,"Cranberry","Ozone","Avery",36.1058,-82.0454
"727",NA,33,"Cranberry","Ozone","Avery",36.1058,-82.0454
"728",NA,38,"Cranberry","Ozone","Avery",36.1058,-82.0454
"729",NA,35,"Cranberry","Ozone","Avery",36.1058,-82.0454
"730",NA,38,"Cranberry","Ozone","Avery",36.1058,-82.0454
"731",NA,45,"Cranberry","Ozone","Avery",36.1058,-82.0454
"732",11-01-20,38,"Cranberry","Ozone","Avery",36.1058,-82.0454
"733",11-02-20,29,"Cranberry","Ozone","Avery",36.1058,-82.0454
"734",11-03-20,31,"Cranberry","Ozone","Avery",36.1058,-82.0454
"735",11-04-20,36,"Cranberry","Ozone","Avery",36.1058,-82.0454
"736",11-05-20,27,"Cranberry","Ozone","Avery",36.1058,-82.0454
"737",11-06-20,41,"Cranberry","Ozone","Avery",36.1058,-82.0454
"738",11-07-20,41,"Cranberry","Ozone","Avery",36.1058,-82.0454
"739",11-08-20,36,"Cranberry","Ozone","Avery",36.1058,-82.0454
"740",11-09-20,27,"Cranberry","Ozone","Avery",36.1058,-82.0454
"741",11-10-20,31,"Cranberry","Ozone","Avery",36.1058,-82.0454
"742",11-11-20,32,"Cranberry","Ozone","Avery",36.1058,-82.0454
"743",11-12-20,34,"Cranberry","Ozone","Avery",36.1058,-82.0454
"744",NA,35,"Cranberry","Ozone","Avery",36.1058,-82.0454
"745",NA,33,"Cranberry","Ozone","Avery",36.1058,-82.0454
"746",NA,31,"Cranberry","Ozone","Avery",36.1058,-82.0454
"747",NA,39,"Cranberry","Ozone","Avery",36.1058,-82.0454
"748",NA,36,"Cranberry","Ozone","Avery",36.1058,-82.0454
"749",NA,37,"Cranberry","Ozone","Avery",36.1058,-82.0454
"750",NA,41,"Cranberry","Ozone","Avery",36.1058,-82.0454
"751",NA,32,"Cranberry","Ozone","Avery",36.1058,-82.0454
"752",NA,38,"Cranberry","Ozone","Avery",36.1058,-82.0454
"753",NA,36,"Cranberry","Ozone","Avery",36.1058,-82.0454
"754",NA,31,"Cranberry","Ozone","Avery",36.1058,-82.0454
"755",NA,34,"Cranberry","Ozone","Avery",36.1058,-82.0454
"756",NA,35,"Cranberry","Ozone","Avery",36.1058,-82.0454
"757",NA,19,"Cranberry","Ozone","Avery",36.1058,-82.0454
"758",NA,27,"Cranberry","Ozone","Avery",36.1058,-82.0454
"759",NA,36,"Cranberry","Ozone","Avery",36.1058,-82.0454
"760",NA,42,"Cranberry","Ozone","Avery",36.1058,-82.0454
"761",NA,34,"Cranberry","Ozone","Avery",36.1058,-82.0454
"762",12-01-20,40,"Cranberry","Ozone","Avery",36.1058,-82.0454
"763",12-02-20,41,"Cranberry","Ozone","Avery",36.1058,-82.0454
"764",12-03-20,38,"Cranberry","Ozone","Avery",36.1058,-82.0454
"765",12-04-20,21,"Cranberry","Ozone","Avery",36.1058,-82.0454
"766",12-05-20,29,"Cranberry","Ozone","Avery",36.1058,-82.0454
"767",12-06-20,36,"Cranberry","Ozone","Avery",36.1058,-82.0454
"768",12-07-20,31,"Cranberry","Ozone","Avery",36.1058,-82.0454
"769",12-08-20,34,"Cranberry","Ozone","Avery",36.1058,-82.0454
"770",12-09-20,40,"Cranberry","Ozone","Avery",36.1058,-82.0454
"771",12-10-20,39,"Cranberry","Ozone","Avery",36.1058,-82.0454
"772",12-11-20,44,"Cranberry","Ozone","Avery",36.1058,-82.0454
"773",12-12-20,43,"Cranberry","Ozone","Avery",36.1058,-82.0454
"774",NA,41,"Cranberry","Ozone","Avery",36.1058,-82.0454
"775",NA,38,"Cranberry","Ozone","Avery",36.1058,-82.0454
"776",NA,31,"Cranberry","Ozone","Avery",36.1058,-82.0454
"777",NA,29,"Cranberry","Ozone","Avery",36.1058,-82.0454
"778",NA,36,"Cranberry","Ozone","Avery",36.1058,-82.0454
"779",NA,42,"Cranberry","Ozone","Avery",36.1058,-82.0454
"780",NA,38,"Cranberry","Ozone","Avery",36.1058,-82.0454
"781",NA,35,"Cranberry","Ozone","Avery",36.1058,-82.0454
"782",NA,28,"Cranberry","Ozone","Avery",36.1058,-82.0454
"783",NA,37,"Cranberry","Ozone","Avery",36.1058,-82.0454
"784",NA,35,"Cranberry","Ozone","Avery",36.1058,-82.0454
"785",NA,39,"Cranberry","Ozone","Avery",36.1058,-82.0454
"786",NA,34,"Cranberry","Ozone","Avery",36.1058,-82.0454
"787",NA,34,"Cranberry","Ozone","Avery",36.1058,-82.0454
"788",NA,35,"Cranberry","Ozone","Avery",36.1058,-82.0454
"789",NA,33,"Cranberry","Ozone","Avery",36.1058,-82.0454
"790",NA,37,"Cranberry","Ozone","Avery",36.1058,-82.0454
"791",NA,36,"Cranberry","Ozone","Avery",36.1058,-82.0454
"792",3-01-20,42,"Bent Creek","Ozone","Buncombe",35.500102002749,-82.5998603096712
"793",3-02-20,44,"Bent Creek","Ozone","Buncombe",35.500102002749,-82.5998603096712
"794",3-03-20,43,"Bent Creek","Ozone","Buncombe",35.500102002749,-82.5998603096712
"795",3-04-20,44,"Bent Creek","Ozone","Buncombe",35.500102002749,-82.5998603096712
"796",3-05-20,41,"Bent Creek","Ozone","Buncombe",35.500102002749,-82.5998603096712
"797",3-06-20,31,"Bent Creek","Ozone","Buncombe",35.500102002749,-82.5998603096712
"798",3-07-20,36,"Bent Creek","Ozone","Buncombe",35.500102002749,-82.5998603096712
"799",3-08-20,41,"Bent Creek","Ozone","Buncombe",35.500102002749,-82.5998603096712
"800",3-09-20,43,"Bent Creek","Ozone","Buncombe",35.500102002749,-82.5998603096712
"801",3-10-20,37,"Bent Creek","Ozone","Buncombe",35.500102002749,-82.5998603096712
"802",3-11-20,33,"Bent Creek","Ozone","Buncombe",35.500102002749,-82.5998603096712
"803",3-12-20,44,"Bent Creek","Ozone","Buncombe",35.500102002749,-82.5998603096712
"804",NA,43,"Bent Creek","Ozone","Buncombe",35.500102002749,-82.5998603096712
"805",NA,44,"Bent Creek","Ozone","Buncombe",35.500102002749,-82.5998603096712
"806",NA,61,"Bent Creek","Ozone","Buncombe",35.500102002749,-82.5998603096712
"807",NA,71,"Bent Creek","Ozone","Buncombe",35.500102002749,-82.5998603096712
"808",NA,49,"Bent Creek","Ozone","Buncombe",35.500102002749,-82.5998603096712
"809",NA,45,"Bent Creek","Ozone","Buncombe",35.500102002749,-82.5998603096712
"810",NA,39,"Bent Creek","Ozone","Buncombe",35.500102002749,-82.5998603096712
"811",NA,41,"Bent Creek","Ozone","Buncombe",35.500102002749,-82.5998603096712
"812",NA,37,"Bent Creek","Ozone","Buncombe",35.500102002749,-82.5998603096712
"813",NA,45,"Bent Creek","Ozone","Buncombe",35.500102002749,-82.5998603096712
"814",NA,48,"Bent Creek","Ozone","Buncombe",35.500102002749,-82.5998603096712
"815",NA,44,"Bent Creek","Ozone","Buncombe",35.500102002749,-82.5998603096712
"816",NA,44,"Bent Creek","Ozone","Buncombe",35.500102002749,-82.5998603096712
"817",NA,45,"Bent Creek","Ozone","Buncombe",35.500102002749,-82.5998603096712
"818",NA,42,"Bent Creek","Ozone","Buncombe",35.500102002749,-82.5998603096712
"819",NA,43,"Bent Creek","Ozone","Buncombe",35.500102002749,-82.5998603096712
"820",NA,48,"Bent Creek","Ozone","Buncombe",35.500102002749,-82.5998603096712
"821",NA,37,"Bent Creek","Ozone","Buncombe",35.500102002749,-82.5998603096712
"822",NA,48,"Bent Creek","Ozone","Buncombe",35.500102002749,-82.5998603096712
"823",4-01-20,47,"Bent Creek","Ozone","Buncombe",35.500102002749,-82.5998603096712
"824",4-02-20,48,"Bent Creek","Ozone","Buncombe",35.500102002749,-82.5998603096712
"825",4-03-20,47,"Bent Creek","Ozone","Buncombe",35.500102002749,-82.5998603096712
"826",4-04-20,44,"Bent Creek","Ozone","Buncombe",35.500102002749,-82.5998603096712
"827",4-05-20,46,"Bent Creek","Ozone","Buncombe",35.500102002749,-82.5998603096712
"828",4-06-20,44,"Bent Creek","Ozone","Buncombe",35.500102002749,-82.5998603096712
"829",4-07-20,42,"Bent Creek","Ozone","Buncombe",35.500102002749,-82.5998603096712
"830",4-08-20,44,"Bent Creek","Ozone","Buncombe",35.500102002749,-82.5998603096712
"831",4-09-20,32,"Bent Creek","Ozone","Buncombe",35.500102002749,-82.5998603096712
"832",4-10-20,44,"Bent Creek","Ozone","Buncombe",35.500102002749,-82.5998603096712
"833",4-11-20,43,"Bent Creek","Ozone","Buncombe",35.500102002749,-82.5998603096712
"834",4-12-20,74,"Bent Creek","Ozone","Buncombe",35.500102002749,-82.5998603096712
"835",NA,74,"Bent Creek","Ozone","Buncombe",35.500102002749,-82.5998603096712
"836",NA,44,"Bent Creek","Ozone","Buncombe",35.500102002749,-82.5998603096712
"837",NA,37,"Bent Creek","Ozone","Buncombe",35.500102002749,-82.5998603096712
"838",NA,37,"Bent Creek","Ozone","Buncombe",35.500102002749,-82.5998603096712
"839",NA,61,"Bent Creek","Ozone","Buncombe",35.500102002749,-82.5998603096712
"840",NA,71,"Bent Creek","Ozone","Buncombe",35.500102002749,-82.5998603096712
"841",NA,42,"Bent Creek","Ozone","Buncombe",35.500102002749,-82.5998603096712
"842",NA,61,"Bent Creek","Ozone","Buncombe",35.500102002749,-82.5998603096712
"843",NA,77,"Bent Creek","Ozone","Buncombe",35.500102002749,-82.5998603096712
"844",NA,46,"Bent Creek","Ozone","Buncombe",35.500102002749,-82.5998603096712
"845",NA,44,"Bent Creek","Ozone","Buncombe",35.500102002749,-82.5998603096712
"846",NA,36,"Bent Creek","Ozone","Buncombe",35.500102002749,-82.5998603096712
"847",NA,38,"Bent Creek","Ozone","Buncombe",35.500102002749,-82.5998603096712
"848",NA,33,"Bent Creek","Ozone","Buncombe",35.500102002749,-82.5998603096712
"849",NA,51,"Bent Creek","Ozone","Buncombe",35.500102002749,-82.5998603096712
"850",NA,67,"Bent Creek","Ozone","Buncombe",35.500102002749,-82.5998603096712
"851",NA,46,"Bent Creek","Ozone","Buncombe",35.500102002749,-82.5998603096712
"852",NA,48,"Bent Creek","Ozone","Buncombe",35.500102002749,-82.5998603096712
"853",5-01-20,74,"Bent Creek","Ozone","Buncombe",35.500102002749,-82.5998603096712
"854",5-02-20,84,"Bent Creek","Ozone","Buncombe",35.500102002749,-82.5998603096712
"855",5-03-20,80,"Bent Creek","Ozone","Buncombe",35.500102002749,-82.5998603096712
"856",5-04-20,54,"Bent Creek","Ozone","Buncombe",35.500102002749,-82.5998603096712
"857",5-05-20,46,"Bent Creek","Ozone","Buncombe",35.500102002749,-82.5998603096712
"858",5-06-20,49,"Bent Creek","Ozone","Buncombe",35.500102002749,-82.5998603096712
"859",5-07-20,50,"Bent Creek","Ozone","Buncombe",35.500102002749,-82.5998603096712
"860",5-08-20,50,"Bent Creek","Ozone","Buncombe",35.500102002749,-82.5998603096712
"861",5-09-20,51,"Bent Creek","Ozone","Buncombe",35.500102002749,-82.5998603096712
"862",5-10-20,50,"Bent Creek","Ozone","Buncombe",35.500102002749,-82.5998603096712
"863",5-11-20,49,"Bent Creek","Ozone","Buncombe",35.500102002749,-82.5998603096712
"864",5-12-20,50,"Bent Creek","Ozone","Buncombe",35.500102002749,-82.5998603096712
"865",NA,54,"Bent Creek","Ozone","Buncombe",35.500102002749,-82.5998603096712
"866",NA,49,"Bent Creek","Ozone","Buncombe",35.500102002749,-82.5998603096712
"867",NA,36,"Bent Creek","Ozone","Buncombe",35.500102002749,-82.5998603096712
"868",NA,19,"Bent Creek","Ozone","Buncombe",35.500102002749,-82.5998603096712
"869",NA,31,"Bent Creek","Ozone","Buncombe",35.500102002749,-82.5998603096712
"870",NA,35,"Bent Creek","Ozone","Buncombe",35.500102002749,-82.5998603096712
"871",NA,35,"Bent Creek","Ozone","Buncombe",35.500102002749,-82.5998603096712
"872",NA,36,"Bent Creek","Ozone","Buncombe",35.500102002749,-82.5998603096712
"873",NA,37,"Bent Creek","Ozone","Buncombe",35.500102002749,-82.5998603096712
"874",NA,25,"Bent Creek","Ozone","Buncombe",35.500102002749,-82.5998603096712
"875",NA,43,"Bent Creek","Ozone","Buncombe",35.500102002749,-82.5998603096712
"876",NA,41,"Bent Creek","Ozone","Buncombe",35.500102002749,-82.5998603096712
"877",NA,33,"Bent Creek","Ozone","Buncombe",35.500102002749,-82.5998603096712
"878",NA,23,"Bent Creek","Ozone","Buncombe",35.500102002749,-82.5998603096712
"879",NA,26,"Bent Creek","Ozone","Buncombe",35.500102002749,-82.5998603096712
"880",NA,17,"Bent Creek","Ozone","Buncombe",35.500102002749,-82.5998603096712
"881",NA,22,"Bent Creek","Ozone","Buncombe",35.500102002749,-82.5998603096712
"882",NA,28,"Bent Creek","Ozone","Buncombe",35.500102002749,-82.5998603096712
"883",NA,37,"Bent Creek","Ozone","Buncombe",35.500102002749,-82.5998603096712
"884",6-01-20,41,"Bent Creek","Ozone","Buncombe",35.500102002749,-82.5998603096712
"885",6-02-20,44,"Bent Creek","Ozone","Buncombe",35.500102002749,-82.5998603096712
"886",6-03-20,48,"Bent Creek","Ozone","Buncombe",35.500102002749,-82.5998603096712
"887",6-04-20,54,"Bent Creek","Ozone","Buncombe",35.500102002749,-82.5998603096712
"888",6-05-20,61,"Bent Creek","Ozone","Buncombe",35.500102002749,-82.5998603096712
"889",6-06-20,71,"Bent Creek","Ozone","Buncombe",35.500102002749,-82.5998603096712
"890",6-07-20,93,"Bent Creek","Ozone","Buncombe",35.500102002749,-82.5998603096712
"891",6-08-20,61,"Bent Creek","Ozone","Buncombe",35.500102002749,-82.5998603096712
"892",6-09-20,61,"Bent Creek","Ozone","Buncombe",35.500102002749,-82.5998603096712
"893",6-10-20,45,"Bent Creek","Ozone","Buncombe",35.500102002749,-82.5998603096712
"894",6-11-20,35,"Bent Creek","Ozone","Buncombe",35.500102002749,-82.5998603096712
"895",6-12-20,32,"Bent Creek","Ozone","Buncombe",35.500102002749,-82.5998603096712
"896",NA,32,"Bent Creek","Ozone","Buncombe",35.500102002749,-82.5998603096712
"897",NA,44,"Bent Creek","Ozone","Buncombe",35.500102002749,-82.5998603096712
"898",NA,51,"Bent Creek","Ozone","Buncombe",35.500102002749,-82.5998603096712
"899",NA,43,"Bent Creek","Ozone","Buncombe",35.500102002749,-82.5998603096712
"900",NA,41,"Bent Creek","Ozone","Buncombe",35.500102002749,-82.5998603096712
"901",NA,44,"Bent Creek","Ozone","Buncombe",35.500102002749,-82.5998603096712
"902",NA,35,"Bent Creek","Ozone","Buncombe",35.500102002749,-82.5998603096712
"903",NA,27,"Bent Creek","Ozone","Buncombe",35.500102002749,-82.5998603096712
"904",NA,23,"Bent Creek","Ozone","Buncombe",35.500102002749,-82.5998603096712
"905",NA,38,"Bent Creek","Ozone","Buncombe",35.500102002749,-82.5998603096712
"906",NA,40,"Bent Creek","Ozone","Buncombe",35.500102002749,-82.5998603096712
"907",NA,31,"Bent Creek","Ozone","Buncombe",35.500102002749,-82.5998603096712
"908",NA,26,"Bent Creek","Ozone","Buncombe",35.500102002749,-82.5998603096712
"909",NA,21,"Bent Creek","Ozone","Buncombe",35.500102002749,-82.5998603096712
"910",NA,26,"Bent Creek","Ozone","Buncombe",35.500102002749,-82.5998603096712
"911",NA,30,"Bent Creek","Ozone","Buncombe",35.500102002749,-82.5998603096712
"912",NA,43,"Bent Creek","Ozone","Buncombe",35.500102002749,-82.5998603096712
"913",NA,46,"Bent Creek","Ozone","Buncombe",35.500102002749,-82.5998603096712
"914",7-01-20,32,"Bent Creek","Ozone","Buncombe",35.500102002749,-82.5998603096712
"915",7-02-20,33,"Bent Creek","Ozone","Buncombe",35.500102002749,-82.5998603096712
"916",7-03-20,37,"Bent Creek","Ozone","Buncombe",35.500102002749,-82.5998603096712
"917",7-04-20,37,"Bent Creek","Ozone","Buncombe",35.500102002749,-82.5998603096712
"918",7-05-20,28,"Bent Creek","Ozone","Buncombe",35.500102002749,-82.5998603096712
"919",7-06-20,30,"Bent Creek","Ozone","Buncombe",35.500102002749,-82.5998603096712
"920",7-07-20,28,"Bent Creek","Ozone","Buncombe",35.500102002749,-82.5998603096712
"921",7-08-20,41,"Bent Creek","Ozone","Buncombe",35.500102002749,-82.5998603096712
"922",7-09-20,42,"Bent Creek","Ozone","Buncombe",35.500102002749,-82.5998603096712
"923",7-10-20,41,"Bent Creek","Ozone","Buncombe",35.500102002749,-82.5998603096712
"924",7-11-20,45,"Bent Creek","Ozone","Buncombe",35.500102002749,-82.5998603096712
"925",7-12-20,41,"Bent Creek","Ozone","Buncombe",35.500102002749,-82.5998603096712
"926",NA,44,"Bent Creek","Ozone","Buncombe",35.500102002749,-82.5998603096712
"927",NA,43,"Bent Creek","Ozone","Buncombe",35.500102002749,-82.5998603096712
"928",NA,38,"Bent Creek","Ozone","Buncombe",35.500102002749,-82.5998603096712
"929",NA,30,"Bent Creek","Ozone","Buncombe",35.500102002749,-82.5998603096712
"930",NA,37,"Bent Creek","Ozone","Buncombe",35.500102002749,-82.5998603096712
"931",NA,44,"Bent Creek","Ozone","Buncombe",35.500102002749,-82.5998603096712
"932",NA,37,"Bent Creek","Ozone","Buncombe",35.500102002749,-82.5998603096712
"933",NA,45,"Bent Creek","Ozone","Buncombe",35.500102002749,-82.5998603096712
"934",NA,42,"Bent Creek","Ozone","Buncombe",35.500102002749,-82.5998603096712
"935",NA,34,"Bent Creek","Ozone","Buncombe",35.500102002749,-82.5998603096712
"936",NA,35,"Bent Creek","Ozone","Buncombe",35.500102002749,-82.5998603096712
"937",NA,41,"Bent Creek","Ozone","Buncombe",35.500102002749,-82.5998603096712
"938",NA,26,"Bent Creek","Ozone","Buncombe",35.500102002749,-82.5998603096712
"939",NA,43,"Bent Creek","Ozone","Buncombe",35.500102002749,-82.5998603096712
"940",NA,44,"Bent Creek","Ozone","Buncombe",35.500102002749,-82.5998603096712
"941",NA,41,"Bent Creek","Ozone","Buncombe",35.500102002749,-82.5998603096712
"942",NA,41,"Bent Creek","Ozone","Buncombe",35.500102002749,-82.5998603096712
"943",NA,36,"Bent Creek","Ozone","Buncombe",35.500102002749,-82.5998603096712
"944",NA,31,"Bent Creek","Ozone","Buncombe",35.500102002749,-82.5998603096712
"945",8-01-20,24,"Bent Creek","Ozone","Buncombe",35.500102002749,-82.5998603096712
"946",8-02-20,24,"Bent Creek","Ozone","Buncombe",35.500102002749,-82.5998603096712
"947",8-03-20,20,"Bent Creek","Ozone","Buncombe",35.500102002749,-82.5998603096712
"948",8-04-20,32,"Bent Creek","Ozone","Buncombe",35.500102002749,-82.5998603096712
"949",8-05-20,30,"Bent Creek","Ozone","Buncombe",35.500102002749,-82.5998603096712
"950",8-06-20,26,"Bent Creek","Ozone","Buncombe",35.500102002749,-82.5998603096712
"951",8-07-20,27,"Bent Creek","Ozone","Buncombe",35.500102002749,-82.5998603096712
"952",8-08-20,32,"Bent Creek","Ozone","Buncombe",35.500102002749,-82.5998603096712
"953",8-09-20,31,"Bent Creek","Ozone","Buncombe",35.500102002749,-82.5998603096712
"954",8-10-20,34,"Bent Creek","Ozone","Buncombe",35.500102002749,-82.5998603096712
"955",8-11-20,32,"Bent Creek","Ozone","Buncombe",35.500102002749,-82.5998603096712
"956",8-12-20,35,"Bent Creek","Ozone","Buncombe",35.500102002749,-82.5998603096712
"957",NA,32,"Bent Creek","Ozone","Buncombe",35.500102002749,-82.5998603096712
"958",NA,34,"Bent Creek","Ozone","Buncombe",35.500102002749,-82.5998603096712
"959",NA,37,"Bent Creek","Ozone","Buncombe",35.500102002749,-82.5998603096712
"960",NA,31,"Bent Creek","Ozone","Buncombe",35.500102002749,-82.5998603096712
"961",NA,31,"Bent Creek","Ozone","Buncombe",35.500102002749,-82.5998603096712
"962",NA,24,"Bent Creek","Ozone","Buncombe",35.500102002749,-82.5998603096712
"963",NA,33,"Bent Creek","Ozone","Buncombe",35.500102002749,-82.5998603096712
"964",NA,30,"Bent Creek","Ozone","Buncombe",35.500102002749,-82.5998603096712
"965",NA,22,"Bent Creek","Ozone","Buncombe",35.500102002749,-82.5998603096712
"966",NA,34,"Bent Creek","Ozone","Buncombe",35.500102002749,-82.5998603096712
"967",NA,44,"Bent Creek","Ozone","Buncombe",35.500102002749,-82.5998603096712
"968",NA,37,"Bent Creek","Ozone","Buncombe",35.500102002749,-82.5998603096712
"969",NA,44,"Bent Creek","Ozone","Buncombe",35.500102002749,-82.5998603096712
"970",NA,38,"Bent Creek","Ozone","Buncombe",35.500102002749,-82.5998603096712
"971",NA,38,"Bent Creek","Ozone","Buncombe",35.500102002749,-82.5998603096712
"972",NA,43,"Bent Creek","Ozone","Buncombe",35.500102002749,-82.5998603096712
"973",NA,33,"Bent Creek","Ozone","Buncombe",35.500102002749,-82.5998603096712
"974",NA,36,"Bent Creek","Ozone","Buncombe",35.500102002749,-82.5998603096712
"975",NA,33,"Bent Creek","Ozone","Buncombe",35.500102002749,-82.5998603096712
"976",9-01-20,34,"Bent Creek","Ozone","Buncombe",35.500102002749,-82.5998603096712
"977",9-02-20,31,"Bent Creek","Ozone","Buncombe",35.500102002749,-82.5998603096712
"978",9-03-20,30,"Bent Creek","Ozone","Buncombe",35.500102002749,-82.5998603096712
"979",9-04-20,31,"Bent Creek","Ozone","Buncombe",35.500102002749,-82.5998603096712
"980",9-05-20,35,"Bent Creek","Ozone","Buncombe",35.500102002749,-82.5998603096712
"981",9-06-20,39,"Bent Creek","Ozone","Buncombe",35.500102002749,-82.5998603096712
"982",9-07-20,41,"Bent Creek","Ozone","Buncombe",35.500102002749,-82.5998603096712
"983",9-08-20,33,"Bent Creek","Ozone","Buncombe",35.500102002749,-82.5998603096712
"984",9-09-20,30,"Bent Creek","Ozone","Buncombe",35.500102002749,-82.5998603096712
"985",9-11-20,24,"Bent Creek","Ozone","Buncombe",35.500102002749,-82.5998603096712
"986",9-12-20,33,"Bent Creek","Ozone","Buncombe",35.500102002749,-82.5998603096712
"987",NA,24,"Bent Creek","Ozone","Buncombe",35.500102002749,-82.5998603096712
"988",NA,19,"Bent Creek","Ozone","Buncombe",35.500102002749,-82.5998603096712
"989",NA,12,"Bent Creek","Ozone","Buncombe",35.500102002749,-82.5998603096712
"990",NA,16,"Bent Creek","Ozone","Buncombe",35.500102002749,-82.5998603096712
"991",NA,14,"Bent Creek","Ozone","Buncombe",35.500102002749,-82.5998603096712
"992",NA,29,"Bent Creek","Ozone","Buncombe",35.500102002749,-82.5998603096712
"993",NA,40,"Bent Creek","Ozone","Buncombe",35.500102002749,-82.5998603096712
"994",NA,37,"Bent Creek","Ozone","Buncombe",35.500102002749,-82.5998603096712
"995",NA,37,"Bent Creek","Ozone","Buncombe",35.500102002749,-82.5998603096712
"996",NA,42,"Bent Creek","Ozone","Buncombe",35.500102002749,-82.5998603096712
"997",NA,34,"Bent Creek","Ozone","Buncombe",35.500102002749,-82.5998603096712
"998",NA,24,"Bent Creek","Ozone","Buncombe",35.500102002749,-82.5998603096712
"999",NA,19,"Bent Creek","Ozone","Buncombe",35.500102002749,-82.5998603096712
"1000",NA,19,"Bent Creek","Ozone","Buncombe",35.500102002749,-82.5998603096712
"1001",NA,20,"Bent Creek","Ozone","Buncombe",35.500102002749,-82.5998603096712
"1002",NA,25,"Bent Creek","Ozone","Buncombe",35.500102002749,-82.5998603096712
"1003",NA,30,"Bent Creek","Ozone","Buncombe",35.500102002749,-82.5998603096712
"1004",NA,24,"Bent Creek","Ozone","Buncombe",35.500102002749,-82.5998603096712
"1005",10-01-20,32,"Bent Creek","Ozone","Buncombe",35.500102002749,-82.5998603096712
"1006",10-02-20,32,"Bent Creek","Ozone","Buncombe",35.500102002749,-82.5998603096712
"1007",10-03-20,28,"Bent Creek","Ozone","Buncombe",35.500102002749,-82.5998603096712
"1008",10-04-20,33,"Bent Creek","Ozone","Buncombe",35.500102002749,-82.5998603096712
"1009",10-05-20,31,"Bent Creek","Ozone","Buncombe",35.500102002749,-82.5998603096712
"1010",10-06-20,37,"Bent Creek","Ozone","Buncombe",35.500102002749,-82.5998603096712
"1011",10-07-20,37,"Bent Creek","Ozone","Buncombe",35.500102002749,-82.5998603096712
"1012",10-08-20,33,"Bent Creek","Ozone","Buncombe",35.500102002749,-82.5998603096712
"1013",10-09-20,31,"Bent Creek","Ozone","Buncombe",35.500102002749,-82.5998603096712
"1014",10-10-20,15,"Bent Creek","Ozone","Buncombe",35.500102002749,-82.5998603096712
"1015",10-11-20,31,"Bent Creek","Ozone","Buncombe",35.500102002749,-82.5998603096712
"1016",10-12-20,35,"Bent Creek","Ozone","Buncombe",35.500102002749,-82.5998603096712
"1017",NA,31,"Bent Creek","Ozone","Buncombe",35.500102002749,-82.5998603096712
"1018",NA,28,"Bent Creek","Ozone","Buncombe",35.500102002749,-82.5998603096712
"1019",NA,33,"Bent Creek","Ozone","Buncombe",35.500102002749,-82.5998603096712
"1020",NA,16,"Bent Creek","Ozone","Buncombe",35.500102002749,-82.5998603096712
"1021",NA,31,"Bent Creek","Ozone","Buncombe",35.500102002749,-82.5998603096712
"1022",NA,35,"Bent Creek","Ozone","Buncombe",35.500102002749,-82.5998603096712
"1023",NA,33,"Bent Creek","Ozone","Buncombe",35.500102002749,-82.5998603096712
"1024",NA,34,"Bent Creek","Ozone","Buncombe",35.500102002749,-82.5998603096712
"1025",NA,30,"Bent Creek","Ozone","Buncombe",35.500102002749,-82.5998603096712
"1026",NA,29,"Bent Creek","Ozone","Buncombe",35.500102002749,-82.5998603096712
"1027",NA,33,"Bent Creek","Ozone","Buncombe",35.500102002749,-82.5998603096712
"1028",NA,39,"Bent Creek","Ozone","Buncombe",35.500102002749,-82.5998603096712
"1029",NA,28,"Bent Creek","Ozone","Buncombe",35.500102002749,-82.5998603096712
"1030",NA,26,"Bent Creek","Ozone","Buncombe",35.500102002749,-82.5998603096712
"1031",NA,34,"Bent Creek","Ozone","Buncombe",35.500102002749,-82.5998603096712
"1032",NA,36,"Bent Creek","Ozone","Buncombe",35.500102002749,-82.5998603096712
"1033",NA,34,"Bent Creek","Ozone","Buncombe",35.500102002749,-82.5998603096712
"1034",NA,33,"Bent Creek","Ozone","Buncombe",35.500102002749,-82.5998603096712
"1035",NA,36,"Bent Creek","Ozone","Buncombe",35.500102002749,-82.5998603096712
"1036",3-01-20,43,"Lenoir (city)","Ozone","Caldwell",35.9359000008969,-81.5306
"1037",3-02-20,44,"Lenoir (city)","Ozone","Caldwell",35.9359000008969,-81.5306
"1038",3-03-20,44,"Lenoir (city)","Ozone","Caldwell",35.9359000008969,-81.5306
"1039",3-04-20,45,"Lenoir (city)","Ozone","Caldwell",35.9359000008969,-81.5306
"1040",3-05-20,44,"Lenoir (city)","Ozone","Caldwell",35.9359000008969,-81.5306
"1041",3-06-20,29,"Lenoir (city)","Ozone","Caldwell",35.9359000008969,-81.5306
"1042",3-07-20,35,"Lenoir (city)","Ozone","Caldwell",35.9359000008969,-81.5306
"1043",3-08-20,42,"Lenoir (city)","Ozone","Caldwell",35.9359000008969,-81.5306
"1044",3-09-20,46,"Lenoir (city)","Ozone","Caldwell",35.9359000008969,-81.5306
"1045",3-10-20,44,"Lenoir (city)","Ozone","Caldwell",35.9359000008969,-81.5306
"1046",3-11-20,34,"Lenoir (city)","Ozone","Caldwell",35.9359000008969,-81.5306
"1047",3-12-20,44,"Lenoir (city)","Ozone","Caldwell",35.9359000008969,-81.5306
"1048",NA,44,"Lenoir (city)","Ozone","Caldwell",35.9359000008969,-81.5306
"1049",NA,44,"Lenoir (city)","Ozone","Caldwell",35.9359000008969,-81.5306
"1050",NA,67,"Lenoir (city)","Ozone","Caldwell",35.9359000008969,-81.5306
"1051",NA,64,"Lenoir (city)","Ozone","Caldwell",35.9359000008969,-81.5306
"1052",NA,54,"Lenoir (city)","Ozone","Caldwell",35.9359000008969,-81.5306
"1053",NA,44,"Lenoir (city)","Ozone","Caldwell",35.9359000008969,-81.5306
"1054",NA,39,"Lenoir (city)","Ozone","Caldwell",35.9359000008969,-81.5306
"1055",NA,33,"Lenoir (city)","Ozone","Caldwell",35.9359000008969,-81.5306
"1056",NA,37,"Lenoir (city)","Ozone","Caldwell",35.9359000008969,-81.5306
"1057",NA,46,"Lenoir (city)","Ozone","Caldwell",35.9359000008969,-81.5306
"1058",NA,51,"Lenoir (city)","Ozone","Caldwell",35.9359000008969,-81.5306
"1059",NA,41,"Lenoir (city)","Ozone","Caldwell",35.9359000008969,-81.5306
"1060",NA,47,"Lenoir (city)","Ozone","Caldwell",35.9359000008969,-81.5306
"1061",NA,46,"Lenoir (city)","Ozone","Caldwell",35.9359000008969,-81.5306
"1062",NA,38,"Lenoir (city)","Ozone","Caldwell",35.9359000008969,-81.5306
"1063",NA,41,"Lenoir (city)","Ozone","Caldwell",35.9359000008969,-81.5306
"1064",NA,50,"Lenoir (city)","Ozone","Caldwell",35.9359000008969,-81.5306
"1065",NA,44,"Lenoir (city)","Ozone","Caldwell",35.9359000008969,-81.5306
"1066",NA,48,"Lenoir (city)","Ozone","Caldwell",35.9359000008969,-81.5306
"1067",4-01-20,47,"Lenoir (city)","Ozone","Caldwell",35.9359000008969,-81.5306
"1068",4-02-20,51,"Lenoir (city)","Ozone","Caldwell",35.9359000008969,-81.5306
"1069",4-03-20,47,"Lenoir (city)","Ozone","Caldwell",35.9359000008969,-81.5306
"1070",4-04-20,45,"Lenoir (city)","Ozone","Caldwell",35.9359000008969,-81.5306
"1071",4-05-20,49,"Lenoir (city)","Ozone","Caldwell",35.9359000008969,-81.5306
"1072",4-06-20,54,"Lenoir (city)","Ozone","Caldwell",35.9359000008969,-81.5306
"1073",4-07-20,40,"Lenoir (city)","Ozone","Caldwell",35.9359000008969,-81.5306
"1074",4-08-20,44,"Lenoir (city)","Ozone","Caldwell",35.9359000008969,-81.5306
"1075",4-09-20,35,"Lenoir (city)","Ozone","Caldwell",35.9359000008969,-81.5306
"1076",4-10-20,44,"Lenoir (city)","Ozone","Caldwell",35.9359000008969,-81.5306
"1077",4-11-20,46,"Lenoir (city)","Ozone","Caldwell",35.9359000008969,-81.5306
"1078",4-12-20,64,"Lenoir (city)","Ozone","Caldwell",35.9359000008969,-81.5306
"1079",NA,87,"Lenoir (city)","Ozone","Caldwell",35.9359000008969,-81.5306
"1080",NA,46,"Lenoir (city)","Ozone","Caldwell",35.9359000008969,-81.5306
"1081",NA,39,"Lenoir (city)","Ozone","Caldwell",35.9359000008969,-81.5306
"1082",NA,37,"Lenoir (city)","Ozone","Caldwell",35.9359000008969,-81.5306
"1083",NA,67,"Lenoir (city)","Ozone","Caldwell",35.9359000008969,-81.5306
"1084",NA,80,"Lenoir (city)","Ozone","Caldwell",35.9359000008969,-81.5306
"1085",NA,44,"Lenoir (city)","Ozone","Caldwell",35.9359000008969,-81.5306
"1086",NA,61,"Lenoir (city)","Ozone","Caldwell",35.9359000008969,-81.5306
"1087",NA,80,"Lenoir (city)","Ozone","Caldwell",35.9359000008969,-81.5306
"1088",NA,46,"Lenoir (city)","Ozone","Caldwell",35.9359000008969,-81.5306
"1089",NA,44,"Lenoir (city)","Ozone","Caldwell",35.9359000008969,-81.5306
"1090",NA,34,"Lenoir (city)","Ozone","Caldwell",35.9359000008969,-81.5306
"1091",NA,43,"Lenoir (city)","Ozone","Caldwell",35.9359000008969,-81.5306
"1092",NA,42,"Lenoir (city)","Ozone","Caldwell",35.9359000008969,-81.5306
"1093",NA,49,"Lenoir (city)","Ozone","Caldwell",35.9359000008969,-81.5306
"1094",NA,71,"Lenoir (city)","Ozone","Caldwell",35.9359000008969,-81.5306
"1095",NA,46,"Lenoir (city)","Ozone","Caldwell",35.9359000008969,-81.5306
"1096",NA,51,"Lenoir (city)","Ozone","Caldwell",35.9359000008969,-81.5306
"1097",5-01-20,71,"Lenoir (city)","Ozone","Caldwell",35.9359000008969,-81.5306
"1098",5-02-20,90,"Lenoir (city)","Ozone","Caldwell",35.9359000008969,-81.5306
"1099",5-03-20,74,"Lenoir (city)","Ozone","Caldwell",35.9359000008969,-81.5306
"1100",5-04-20,77,"Lenoir (city)","Ozone","Caldwell",35.9359000008969,-81.5306
"1101",5-05-20,44,"Lenoir (city)","Ozone","Caldwell",35.9359000008969,-81.5306
"1102",5-06-20,48,"Lenoir (city)","Ozone","Caldwell",35.9359000008969,-81.5306
"1103",5-07-20,51,"Lenoir (city)","Ozone","Caldwell",35.9359000008969,-81.5306
"1104",5-08-20,58,"Lenoir (city)","Ozone","Caldwell",35.9359000008969,-81.5306
"1105",5-09-20,64,"Lenoir (city)","Ozone","Caldwell",35.9359000008969,-81.5306
"1106",5-10-20,61,"Lenoir (city)","Ozone","Caldwell",35.9359000008969,-81.5306
"1107",5-11-20,71,"Lenoir (city)","Ozone","Caldwell",35.9359000008969,-81.5306
"1108",5-12-20,71,"Lenoir (city)","Ozone","Caldwell",35.9359000008969,-81.5306
"1109",NA,58,"Lenoir (city)","Ozone","Caldwell",35.9359000008969,-81.5306
"1110",NA,61,"Lenoir (city)","Ozone","Caldwell",35.9359000008969,-81.5306
"1111",NA,34,"Lenoir (city)","Ozone","Caldwell",35.9359000008969,-81.5306
"1112",NA,28,"Lenoir (city)","Ozone","Caldwell",35.9359000008969,-81.5306
"1113",NA,32,"Lenoir (city)","Ozone","Caldwell",35.9359000008969,-81.5306
"1114",NA,31,"Lenoir (city)","Ozone","Caldwell",35.9359000008969,-81.5306
"1115",NA,35,"Lenoir (city)","Ozone","Caldwell",35.9359000008969,-81.5306
"1116",NA,40,"Lenoir (city)","Ozone","Caldwell",35.9359000008969,-81.5306
"1117",NA,38,"Lenoir (city)","Ozone","Caldwell",35.9359000008969,-81.5306
"1118",NA,33,"Lenoir (city)","Ozone","Caldwell",35.9359000008969,-81.5306
"1119",NA,44,"Lenoir (city)","Ozone","Caldwell",35.9359000008969,-81.5306
"1120",NA,43,"Lenoir (city)","Ozone","Caldwell",35.9359000008969,-81.5306
"1121",NA,33,"Lenoir (city)","Ozone","Caldwell",35.9359000008969,-81.5306
"1122",NA,24,"Lenoir (city)","Ozone","Caldwell",35.9359000008969,-81.5306
"1123",NA,27,"Lenoir (city)","Ozone","Caldwell",35.9359000008969,-81.5306
"1124",NA,18,"Lenoir (city)","Ozone","Caldwell",35.9359000008969,-81.5306
"1125",NA,22,"Lenoir (city)","Ozone","Caldwell",35.9359000008969,-81.5306
"1126",NA,27,"Lenoir (city)","Ozone","Caldwell",35.9359000008969,-81.5306
"1127",NA,36,"Lenoir (city)","Ozone","Caldwell",35.9359000008969,-81.5306
"1128",6-01-20,36,"Lenoir (city)","Ozone","Caldwell",35.9359000008969,-81.5306
"1129",6-02-20,44,"Lenoir (city)","Ozone","Caldwell",35.9359000008969,-81.5306
"1130",6-03-20,50,"Lenoir (city)","Ozone","Caldwell",35.9359000008969,-81.5306
"1131",6-04-20,67,"Lenoir (city)","Ozone","Caldwell",35.9359000008969,-81.5306
"1132",6-05-20,58,"Lenoir (city)","Ozone","Caldwell",35.9359000008969,-81.5306
"1133",6-06-20,77,"Lenoir (city)","Ozone","Caldwell",35.9359000008969,-81.5306
"1134",6-07-20,58,"Lenoir (city)","Ozone","Caldwell",35.9359000008969,-81.5306
"1135",6-08-20,84,"Lenoir (city)","Ozone","Caldwell",35.9359000008969,-81.5306
"1136",6-09-20,93,"Lenoir (city)","Ozone","Caldwell",35.9359000008969,-81.5306
"1137",6-10-20,49,"Lenoir (city)","Ozone","Caldwell",35.9359000008969,-81.5306
"1138",6-11-20,42,"Lenoir (city)","Ozone","Caldwell",35.9359000008969,-81.5306
"1139",6-12-20,28,"Lenoir (city)","Ozone","Caldwell",35.9359000008969,-81.5306
"1140",NA,34,"Lenoir (city)","Ozone","Caldwell",35.9359000008969,-81.5306
"1141",NA,46,"Lenoir (city)","Ozone","Caldwell",35.9359000008969,-81.5306
"1142",NA,48,"Lenoir (city)","Ozone","Caldwell",35.9359000008969,-81.5306
"1143",NA,80,"Lenoir (city)","Ozone","Caldwell",35.9359000008969,-81.5306
"1144",NA,44,"Lenoir (city)","Ozone","Caldwell",35.9359000008969,-81.5306
"1145",NA,43,"Lenoir (city)","Ozone","Caldwell",35.9359000008969,-81.5306
"1146",NA,40,"Lenoir (city)","Ozone","Caldwell",35.9359000008969,-81.5306
"1147",NA,31,"Lenoir (city)","Ozone","Caldwell",35.9359000008969,-81.5306
"1148",NA,24,"Lenoir (city)","Ozone","Caldwell",35.9359000008969,-81.5306
"1149",NA,36,"Lenoir (city)","Ozone","Caldwell",35.9359000008969,-81.5306
"1150",NA,40,"Lenoir (city)","Ozone","Caldwell",35.9359000008969,-81.5306
"1151",NA,39,"Lenoir (city)","Ozone","Caldwell",35.9359000008969,-81.5306
"1152",NA,37,"Lenoir (city)","Ozone","Caldwell",35.9359000008969,-81.5306
"1153",NA,25,"Lenoir (city)","Ozone","Caldwell",35.9359000008969,-81.5306
"1154",NA,30,"Lenoir (city)","Ozone","Caldwell",35.9359000008969,-81.5306
"1155",NA,35,"Lenoir (city)","Ozone","Caldwell",35.9359000008969,-81.5306
"1156",NA,44,"Lenoir (city)","Ozone","Caldwell",35.9359000008969,-81.5306
"1157",NA,48,"Lenoir (city)","Ozone","Caldwell",35.9359000008969,-81.5306
"1158",7-01-20,39,"Lenoir (city)","Ozone","Caldwell",35.9359000008969,-81.5306
"1159",7-02-20,32,"Lenoir (city)","Ozone","Caldwell",35.9359000008969,-81.5306
"1160",7-03-20,40,"Lenoir (city)","Ozone","Caldwell",35.9359000008969,-81.5306
"1161",7-04-20,39,"Lenoir (city)","Ozone","Caldwell",35.9359000008969,-81.5306
"1162",7-05-20,29,"Lenoir (city)","Ozone","Caldwell",35.9359000008969,-81.5306
"1163",7-06-20,33,"Lenoir (city)","Ozone","Caldwell",35.9359000008969,-81.5306
"1164",7-07-20,32,"Lenoir (city)","Ozone","Caldwell",35.9359000008969,-81.5306
"1165",7-08-20,44,"Lenoir (city)","Ozone","Caldwell",35.9359000008969,-81.5306
"1166",7-09-20,42,"Lenoir (city)","Ozone","Caldwell",35.9359000008969,-81.5306
"1167",7-10-20,46,"Lenoir (city)","Ozone","Caldwell",35.9359000008969,-81.5306
"1168",7-11-20,46,"Lenoir (city)","Ozone","Caldwell",35.9359000008969,-81.5306
"1169",7-12-20,45,"Lenoir (city)","Ozone","Caldwell",35.9359000008969,-81.5306
"1170",NA,50,"Lenoir (city)","Ozone","Caldwell",35.9359000008969,-81.5306
"1171",NA,51,"Lenoir (city)","Ozone","Caldwell",35.9359000008969,-81.5306
"1172",NA,44,"Lenoir (city)","Ozone","Caldwell",35.9359000008969,-81.5306
"1173",NA,33,"Lenoir (city)","Ozone","Caldwell",35.9359000008969,-81.5306
"1174",NA,38,"Lenoir (city)","Ozone","Caldwell",35.9359000008969,-81.5306
"1175",NA,44,"Lenoir (city)","Ozone","Caldwell",35.9359000008969,-81.5306
"1176",NA,32,"Lenoir (city)","Ozone","Caldwell",35.9359000008969,-81.5306
"1177",NA,45,"Lenoir (city)","Ozone","Caldwell",35.9359000008969,-81.5306
"1178",NA,48,"Lenoir (city)","Ozone","Caldwell",35.9359000008969,-81.5306
"1179",NA,35,"Lenoir (city)","Ozone","Caldwell",35.9359000008969,-81.5306
"1180",NA,36,"Lenoir (city)","Ozone","Caldwell",35.9359000008969,-81.5306
"1181",NA,45,"Lenoir (city)","Ozone","Caldwell",35.9359000008969,-81.5306
"1182",NA,36,"Lenoir (city)","Ozone","Caldwell",35.9359000008969,-81.5306
"1183",NA,42,"Lenoir (city)","Ozone","Caldwell",35.9359000008969,-81.5306
"1184",NA,47,"Lenoir (city)","Ozone","Caldwell",35.9359000008969,-81.5306
"1185",NA,39,"Lenoir (city)","Ozone","Caldwell",35.9359000008969,-81.5306
"1186",NA,39,"Lenoir (city)","Ozone","Caldwell",35.9359000008969,-81.5306
"1187",NA,42,"Lenoir (city)","Ozone","Caldwell",35.9359000008969,-81.5306
"1188",NA,32,"Lenoir (city)","Ozone","Caldwell",35.9359000008969,-81.5306
"1189",8-01-20,31,"Lenoir (city)","Ozone","Caldwell",35.9359000008969,-81.5306
"1190",8-02-20,25,"Lenoir (city)","Ozone","Caldwell",35.9359000008969,-81.5306
"1191",8-03-20,34,"Lenoir (city)","Ozone","Caldwell",35.9359000008969,-81.5306
"1192",8-04-20,34,"Lenoir (city)","Ozone","Caldwell",35.9359000008969,-81.5306
"1193",8-05-20,34,"Lenoir (city)","Ozone","Caldwell",35.9359000008969,-81.5306
"1194",8-06-20,37,"Lenoir (city)","Ozone","Caldwell",35.9359000008969,-81.5306
"1195",8-07-20,32,"Lenoir (city)","Ozone","Caldwell",35.9359000008969,-81.5306
"1196",8-08-20,30,"Lenoir (city)","Ozone","Caldwell",35.9359000008969,-81.5306
"1197",8-09-20,41,"Lenoir (city)","Ozone","Caldwell",35.9359000008969,-81.5306
"1198",8-10-20,37,"Lenoir (city)","Ozone","Caldwell",35.9359000008969,-81.5306
"1199",8-11-20,31,"Lenoir (city)","Ozone","Caldwell",35.9359000008969,-81.5306
"1200",8-12-20,35,"Lenoir (city)","Ozone","Caldwell",35.9359000008969,-81.5306
"1201",NA,34,"Lenoir (city)","Ozone","Caldwell",35.9359000008969,-81.5306
"1202",NA,37,"Lenoir (city)","Ozone","Caldwell",35.9359000008969,-81.5306
"1203",NA,43,"Lenoir (city)","Ozone","Caldwell",35.9359000008969,-81.5306
"1204",NA,37,"Lenoir (city)","Ozone","Caldwell",35.9359000008969,-81.5306
"1205",NA,36,"Lenoir (city)","Ozone","Caldwell",35.9359000008969,-81.5306
"1206",NA,27,"Lenoir (city)","Ozone","Caldwell",35.9359000008969,-81.5306
"1207",NA,31,"Lenoir (city)","Ozone","Caldwell",35.9359000008969,-81.5306
"1208",NA,31,"Lenoir (city)","Ozone","Caldwell",35.9359000008969,-81.5306
"1209",NA,31,"Lenoir (city)","Ozone","Caldwell",35.9359000008969,-81.5306
"1210",NA,37,"Lenoir (city)","Ozone","Caldwell",35.9359000008969,-81.5306
"1211",NA,37,"Lenoir (city)","Ozone","Caldwell",35.9359000008969,-81.5306
"1212",NA,39,"Lenoir (city)","Ozone","Caldwell",35.9359000008969,-81.5306
"1213",NA,45,"Lenoir (city)","Ozone","Caldwell",35.9359000008969,-81.5306
"1214",NA,38,"Lenoir (city)","Ozone","Caldwell",35.9359000008969,-81.5306
"1215",NA,44,"Lenoir (city)","Ozone","Caldwell",35.9359000008969,-81.5306
"1216",NA,43,"Lenoir (city)","Ozone","Caldwell",35.9359000008969,-81.5306
"1217",NA,43,"Lenoir (city)","Ozone","Caldwell",35.9359000008969,-81.5306
"1218",NA,40,"Lenoir (city)","Ozone","Caldwell",35.9359000008969,-81.5306
"1219",NA,37,"Lenoir (city)","Ozone","Caldwell",35.9359000008969,-81.5306
"1220",9-01-20,42,"Lenoir (city)","Ozone","Caldwell",35.9359000008969,-81.5306
"1221",9-02-20,31,"Lenoir (city)","Ozone","Caldwell",35.9359000008969,-81.5306
"1222",9-03-20,32,"Lenoir (city)","Ozone","Caldwell",35.9359000008969,-81.5306
"1223",9-04-20,35,"Lenoir (city)","Ozone","Caldwell",35.9359000008969,-81.5306
"1224",9-05-20,34,"Lenoir (city)","Ozone","Caldwell",35.9359000008969,-81.5306
"1225",9-06-20,39,"Lenoir (city)","Ozone","Caldwell",35.9359000008969,-81.5306
"1226",9-07-20,46,"Lenoir (city)","Ozone","Caldwell",35.9359000008969,-81.5306
"1227",9-08-20,41,"Lenoir (city)","Ozone","Caldwell",35.9359000008969,-81.5306
"1228",9-09-20,12,"Lenoir (city)","Ozone","Caldwell",35.9359000008969,-81.5306
"1229",9-10-20,12,"Lenoir (city)","Ozone","Caldwell",35.9359000008969,-81.5306
"1230",9-11-20,31,"Lenoir (city)","Ozone","Caldwell",35.9359000008969,-81.5306
"1231",9-12-20,22,"Lenoir (city)","Ozone","Caldwell",35.9359000008969,-81.5306
"1232",NA,25,"Lenoir (city)","Ozone","Caldwell",35.9359000008969,-81.5306
"1233",NA,19,"Lenoir (city)","Ozone","Caldwell",35.9359000008969,-81.5306
"1234",NA,16,"Lenoir (city)","Ozone","Caldwell",35.9359000008969,-81.5306
"1235",NA,18,"Lenoir (city)","Ozone","Caldwell",35.9359000008969,-81.5306
"1236",NA,21,"Lenoir (city)","Ozone","Caldwell",35.9359000008969,-81.5306
"1237",NA,35,"Lenoir (city)","Ozone","Caldwell",35.9359000008969,-81.5306
"1238",NA,42,"Lenoir (city)","Ozone","Caldwell",35.9359000008969,-81.5306
"1239",NA,45,"Lenoir (city)","Ozone","Caldwell",35.9359000008969,-81.5306
"1240",NA,45,"Lenoir (city)","Ozone","Caldwell",35.9359000008969,-81.5306
"1241",NA,44,"Lenoir (city)","Ozone","Caldwell",35.9359000008969,-81.5306
"1242",NA,28,"Lenoir (city)","Ozone","Caldwell",35.9359000008969,-81.5306
"1243",NA,14,"Lenoir (city)","Ozone","Caldwell",35.9359000008969,-81.5306
"1244",NA,23,"Lenoir (city)","Ozone","Caldwell",35.9359000008969,-81.5306
"1245",NA,21,"Lenoir (city)","Ozone","Caldwell",35.9359000008969,-81.5306
"1246",NA,24,"Lenoir (city)","Ozone","Caldwell",35.9359000008969,-81.5306
"1247",NA,29,"Lenoir (city)","Ozone","Caldwell",35.9359000008969,-81.5306
"1248",NA,31,"Lenoir (city)","Ozone","Caldwell",35.9359000008969,-81.5306
"1249",NA,22,"Lenoir (city)","Ozone","Caldwell",35.9359000008969,-81.5306
"1250",10-01-20,37,"Lenoir (city)","Ozone","Caldwell",35.9359000008969,-81.5306
"1251",10-02-20,37,"Lenoir (city)","Ozone","Caldwell",35.9359000008969,-81.5306
"1252",10-03-20,34,"Lenoir (city)","Ozone","Caldwell",35.9359000008969,-81.5306
"1253",10-04-20,36,"Lenoir (city)","Ozone","Caldwell",35.9359000008969,-81.5306
"1254",10-05-20,36,"Lenoir (city)","Ozone","Caldwell",35.9359000008969,-81.5306
"1255",10-06-20,41,"Lenoir (city)","Ozone","Caldwell",35.9359000008969,-81.5306
"1256",10-07-20,43,"Lenoir (city)","Ozone","Caldwell",35.9359000008969,-81.5306
"1257",10-08-20,31,"Lenoir (city)","Ozone","Caldwell",35.9359000008969,-81.5306
"1258",10-09-20,29,"Lenoir (city)","Ozone","Caldwell",35.9359000008969,-81.5306
"1259",10-10-20,18,"Lenoir (city)","Ozone","Caldwell",35.9359000008969,-81.5306
"1260",10-11-20,32,"Lenoir (city)","Ozone","Caldwell",35.9359000008969,-81.5306
"1261",10-12-20,39,"Lenoir (city)","Ozone","Caldwell",35.9359000008969,-81.5306
"1262",NA,33,"Lenoir (city)","Ozone","Caldwell",35.9359000008969,-81.5306
"1263",NA,34,"Lenoir (city)","Ozone","Caldwell",35.9359000008969,-81.5306
"1264",NA,23,"Lenoir (city)","Ozone","Caldwell",35.9359000008969,-81.5306
"1265",NA,35,"Lenoir (city)","Ozone","Caldwell",35.9359000008969,-81.5306
"1266",NA,35,"Lenoir (city)","Ozone","Caldwell",35.9359000008969,-81.5306
"1267",NA,41,"Lenoir (city)","Ozone","Caldwell",35.9359000008969,-81.5306
"1268",NA,36,"Lenoir (city)","Ozone","Caldwell",35.9359000008969,-81.5306
"1269",NA,30,"Lenoir (city)","Ozone","Caldwell",35.9359000008969,-81.5306
"1270",NA,31,"Lenoir (city)","Ozone","Caldwell",35.9359000008969,-81.5306
"1271",NA,33,"Lenoir (city)","Ozone","Caldwell",35.9359000008969,-81.5306
"1272",NA,37,"Lenoir (city)","Ozone","Caldwell",35.9359000008969,-81.5306
"1273",NA,26,"Lenoir (city)","Ozone","Caldwell",35.9359000008969,-81.5306
"1274",NA,26,"Lenoir (city)","Ozone","Caldwell",35.9359000008969,-81.5306
"1275",NA,34,"Lenoir (city)","Ozone","Caldwell",35.9359000008969,-81.5306
"1276",NA,38,"Lenoir (city)","Ozone","Caldwell",35.9359000008969,-81.5306
"1277",NA,36,"Lenoir (city)","Ozone","Caldwell",35.9359000008969,-81.5306
"1278",NA,34,"Lenoir (city)","Ozone","Caldwell",35.9359000008969,-81.5306
"1279",NA,40,"Lenoir (city)","Ozone","Caldwell",35.9359000008969,-81.5306
"1280",1-01-20,33,"Beaufort","Ozone","Carteret",34.8848,-76.6203
"1281",1-02-20,33,"Beaufort","Ozone","Carteret",34.8848,-76.6203
"1282",1-03-20,32,"Beaufort","Ozone","Carteret",34.8848,-76.6203
"1283",1-04-20,31,"Beaufort","Ozone","Carteret",34.8848,-76.6203
"1284",1-05-20,34,"Beaufort","Ozone","Carteret",34.8848,-76.6203
"1285",1-06-20,33,"Beaufort","Ozone","Carteret",34.8848,-76.6203
"1286",1-07-20,33,"Beaufort","Ozone","Carteret",34.8848,-76.6203
"1287",1-08-20,31,"Beaufort","Ozone","Carteret",34.8848,-76.6203
"1288",1-09-20,38,"Beaufort","Ozone","Carteret",34.8848,-76.6203
"1289",1-10-20,34,"Beaufort","Ozone","Carteret",34.8848,-76.6203
"1290",1-11-20,32,"Beaufort","Ozone","Carteret",34.8848,-76.6203
"1291",1-12-20,31,"Beaufort","Ozone","Carteret",34.8848,-76.6203
"1292",NA,29,"Beaufort","Ozone","Carteret",34.8848,-76.6203
"1293",NA,33,"Beaufort","Ozone","Carteret",34.8848,-76.6203
"1294",NA,28,"Beaufort","Ozone","Carteret",34.8848,-76.6203
"1295",NA,30,"Beaufort","Ozone","Carteret",34.8848,-76.6203
"1296",NA,26,"Beaufort","Ozone","Carteret",34.8848,-76.6203
"1297",NA,34,"Beaufort","Ozone","Carteret",34.8848,-76.6203
"1298",NA,34,"Beaufort","Ozone","Carteret",34.8848,-76.6203
"1299",NA,39,"Beaufort","Ozone","Carteret",34.8848,-76.6203
"1300",NA,35,"Beaufort","Ozone","Carteret",34.8848,-76.6203
"1301",NA,37,"Beaufort","Ozone","Carteret",34.8848,-76.6203
"1302",NA,32,"Beaufort","Ozone","Carteret",34.8848,-76.6203
"1303",NA,30,"Beaufort","Ozone","Carteret",34.8848,-76.6203
"1304",NA,29,"Beaufort","Ozone","Carteret",34.8848,-76.6203
"1305",NA,33,"Beaufort","Ozone","Carteret",34.8848,-76.6203
"1306",NA,35,"Beaufort","Ozone","Carteret",34.8848,-76.6203
"1307",NA,34,"Beaufort","Ozone","Carteret",34.8848,-76.6203
"1308",NA,32,"Beaufort","Ozone","Carteret",34.8848,-76.6203
"1309",NA,32,"Beaufort","Ozone","Carteret",34.8848,-76.6203
"1310",NA,33,"Beaufort","Ozone","Carteret",34.8848,-76.6203
"1311",2-01-20,44,"Beaufort","Ozone","Carteret",34.8848,-76.6203
"1312",2-02-20,33,"Beaufort","Ozone","Carteret",34.8848,-76.6203
"1313",2-03-20,35,"Beaufort","Ozone","Carteret",34.8848,-76.6203
"1314",2-04-20,41,"Beaufort","Ozone","Carteret",34.8848,-76.6203
"1315",2-05-20,31,"Beaufort","Ozone","Carteret",34.8848,-76.6203
"1316",2-06-20,38,"Beaufort","Ozone","Carteret",34.8848,-76.6203
"1317",2-07-20,41,"Beaufort","Ozone","Carteret",34.8848,-76.6203
"1318",2-08-20,38,"Beaufort","Ozone","Carteret",34.8848,-76.6203
"1319",2-09-20,40,"Beaufort","Ozone","Carteret",34.8848,-76.6203
"1320",2-10-20,31,"Beaufort","Ozone","Carteret",34.8848,-76.6203
"1321",2-11-20,27,"Beaufort","Ozone","Carteret",34.8848,-76.6203
"1322",2-12-20,31,"Beaufort","Ozone","Carteret",34.8848,-76.6203
"1323",NA,38,"Beaufort","Ozone","Carteret",34.8848,-76.6203
"1324",NA,25,"Beaufort","Ozone","Carteret",34.8848,-76.6203
"1325",NA,32,"Beaufort","Ozone","Carteret",34.8848,-76.6203
"1326",NA,30,"Beaufort","Ozone","Carteret",34.8848,-76.6203
"1327",NA,34,"Beaufort","Ozone","Carteret",34.8848,-76.6203
"1328",NA,37,"Beaufort","Ozone","Carteret",34.8848,-76.6203
"1329",NA,31,"Beaufort","Ozone","Carteret",34.8848,-76.6203
"1330",NA,28,"Beaufort","Ozone","Carteret",34.8848,-76.6203
"1331",NA,24,"Beaufort","Ozone","Carteret",34.8848,-76.6203
"1332",NA,32,"Beaufort","Ozone","Carteret",34.8848,-76.6203
"1333",NA,25,"Beaufort","Ozone","Carteret",34.8848,-76.6203
"1334",NA,29,"Beaufort","Ozone","Carteret",34.8848,-76.6203
"1335",NA,32,"Beaufort","Ozone","Carteret",34.8848,-76.6203
"1336",NA,37,"Beaufort","Ozone","Carteret",34.8848,-76.6203
"1337",NA,42,"Beaufort","Ozone","Carteret",34.8848,-76.6203
"1338",NA,37,"Beaufort","Ozone","Carteret",34.8848,-76.6203
"1339",3-01-20,33,"Beaufort","Ozone","Carteret",34.8848,-76.6203
"1340",3-02-20,43,"Beaufort","Ozone","Carteret",34.8848,-76.6203
"1341",3-03-20,43,"Beaufort","Ozone","Carteret",34.8848,-76.6203
"1342",3-04-20,38,"Beaufort","Ozone","Carteret",34.8848,-76.6203
"1343",3-05-20,41,"Beaufort","Ozone","Carteret",34.8848,-76.6203
"1344",3-06-20,40,"Beaufort","Ozone","Carteret",34.8848,-76.6203
"1345",3-07-20,32,"Beaufort","Ozone","Carteret",34.8848,-76.6203
"1346",3-08-20,39,"Beaufort","Ozone","Carteret",34.8848,-76.6203
"1347",3-09-20,42,"Beaufort","Ozone","Carteret",34.8848,-76.6203
"1348",3-10-20,64,"Beaufort","Ozone","Carteret",34.8848,-76.6203
"1349",3-11-20,42,"Beaufort","Ozone","Carteret",34.8848,-76.6203
"1350",3-12-20,41,"Beaufort","Ozone","Carteret",34.8848,-76.6203
"1351",NA,43,"Beaufort","Ozone","Carteret",34.8848,-76.6203
"1352",NA,43,"Beaufort","Ozone","Carteret",34.8848,-76.6203
"1353",NA,49,"Beaufort","Ozone","Carteret",34.8848,-76.6203
"1354",NA,61,"Beaufort","Ozone","Carteret",34.8848,-76.6203
"1355",NA,61,"Beaufort","Ozone","Carteret",34.8848,-76.6203
"1356",NA,44,"Beaufort","Ozone","Carteret",34.8848,-76.6203
"1357",NA,44,"Beaufort","Ozone","Carteret",34.8848,-76.6203
"1358",NA,37,"Beaufort","Ozone","Carteret",34.8848,-76.6203
"1359",NA,32,"Beaufort","Ozone","Carteret",34.8848,-76.6203
"1360",NA,44,"Beaufort","Ozone","Carteret",34.8848,-76.6203
"1361",NA,47,"Beaufort","Ozone","Carteret",34.8848,-76.6203
"1362",NA,45,"Beaufort","Ozone","Carteret",34.8848,-76.6203
"1363",NA,46,"Beaufort","Ozone","Carteret",34.8848,-76.6203
"1364",NA,41,"Beaufort","Ozone","Carteret",34.8848,-76.6203
"1365",NA,43,"Beaufort","Ozone","Carteret",34.8848,-76.6203
"1366",NA,43,"Beaufort","Ozone","Carteret",34.8848,-76.6203
"1367",NA,44,"Beaufort","Ozone","Carteret",34.8848,-76.6203
"1368",NA,42,"Beaufort","Ozone","Carteret",34.8848,-76.6203
"1369",NA,42,"Beaufort","Ozone","Carteret",34.8848,-76.6203
"1370",4-01-20,45,"Beaufort","Ozone","Carteret",34.8848,-76.6203
"1371",4-02-20,44,"Beaufort","Ozone","Carteret",34.8848,-76.6203
"1372",4-03-20,31,"Beaufort","Ozone","Carteret",34.8848,-76.6203
"1373",4-04-20,41,"Beaufort","Ozone","Carteret",34.8848,-76.6203
"1374",4-05-20,46,"Beaufort","Ozone","Carteret",34.8848,-76.6203
"1375",4-06-20,48,"Beaufort","Ozone","Carteret",34.8848,-76.6203
"1376",4-07-20,42,"Beaufort","Ozone","Carteret",34.8848,-76.6203
"1377",4-08-20,42,"Beaufort","Ozone","Carteret",34.8848,-76.6203
"1378",4-09-20,45,"Beaufort","Ozone","Carteret",34.8848,-76.6203
"1379",4-10-20,44,"Beaufort","Ozone","Carteret",34.8848,-76.6203
"1380",4-11-20,49,"Beaufort","Ozone","Carteret",34.8848,-76.6203
"1381",4-12-20,50,"Beaufort","Ozone","Carteret",34.8848,-76.6203
"1382",NA,47,"Beaufort","Ozone","Carteret",34.8848,-76.6203
"1383",NA,44,"Beaufort","Ozone","Carteret",34.8848,-76.6203
"1384",NA,31,"Beaufort","Ozone","Carteret",34.8848,-76.6203
"1385",NA,34,"Beaufort","Ozone","Carteret",34.8848,-76.6203
"1386",NA,47,"Beaufort","Ozone","Carteret",34.8848,-76.6203
"1387",NA,71,"Beaufort","Ozone","Carteret",34.8848,-76.6203
"1388",NA,48,"Beaufort","Ozone","Carteret",34.8848,-76.6203
"1389",NA,51,"Beaufort","Ozone","Carteret",34.8848,-76.6203
"1390",NA,58,"Beaufort","Ozone","Carteret",34.8848,-76.6203
"1391",NA,61,"Beaufort","Ozone","Carteret",34.8848,-76.6203
"1392",NA,54,"Beaufort","Ozone","Carteret",34.8848,-76.6203
"1393",NA,51,"Beaufort","Ozone","Carteret",34.8848,-76.6203
"1394",NA,44,"Beaufort","Ozone","Carteret",34.8848,-76.6203
"1395",NA,45,"Beaufort","Ozone","Carteret",34.8848,-76.6203
"1396",NA,49,"Beaufort","Ozone","Carteret",34.8848,-76.6203
"1397",NA,54,"Beaufort","Ozone","Carteret",34.8848,-76.6203
"1398",NA,44,"Beaufort","Ozone","Carteret",34.8848,-76.6203
"1399",NA,47,"Beaufort","Ozone","Carteret",34.8848,-76.6203
"1400",5-01-20,67,"Beaufort","Ozone","Carteret",34.8848,-76.6203
"1401",5-02-20,61,"Beaufort","Ozone","Carteret",34.8848,-76.6203
"1402",5-03-20,44,"Beaufort","Ozone","Carteret",34.8848,-76.6203
"1403",5-04-20,45,"Beaufort","Ozone","Carteret",34.8848,-76.6203
"1404",5-06-20,22,"Beaufort","Ozone","Carteret",34.8848,-76.6203
"1405",5-07-20,44,"Beaufort","Ozone","Carteret",34.8848,-76.6203
"1406",5-09-20,31,"Beaufort","Ozone","Carteret",34.8848,-76.6203
"1407",5-10-20,42,"Beaufort","Ozone","Carteret",34.8848,-76.6203
"1408",5-11-20,61,"Beaufort","Ozone","Carteret",34.8848,-76.6203
"1409",5-12-20,61,"Beaufort","Ozone","Carteret",34.8848,-76.6203
"1410",NA,42,"Beaufort","Ozone","Carteret",34.8848,-76.6203
"1411",NA,29,"Beaufort","Ozone","Carteret",34.8848,-76.6203
"1412",NA,21,"Beaufort","Ozone","Carteret",34.8848,-76.6203
"1413",NA,33,"Beaufort","Ozone","Carteret",34.8848,-76.6203
"1414",NA,36,"Beaufort","Ozone","Carteret",34.8848,-76.6203
"1415",NA,21,"Beaufort","Ozone","Carteret",34.8848,-76.6203
"1416",NA,22,"Beaufort","Ozone","Carteret",34.8848,-76.6203
"1417",NA,31,"Beaufort","Ozone","Carteret",34.8848,-76.6203
"1418",NA,30,"Beaufort","Ozone","Carteret",34.8848,-76.6203
"1419",NA,22,"Beaufort","Ozone","Carteret",34.8848,-76.6203
"1420",NA,31,"Beaufort","Ozone","Carteret",34.8848,-76.6203
"1421",NA,51,"Beaufort","Ozone","Carteret",34.8848,-76.6203
"1422",NA,46,"Beaufort","Ozone","Carteret",34.8848,-76.6203
"1423",NA,19,"Beaufort","Ozone","Carteret",34.8848,-76.6203
"1424",NA,24,"Beaufort","Ozone","Carteret",34.8848,-76.6203
"1425",NA,26,"Beaufort","Ozone","Carteret",34.8848,-76.6203
"1426",NA,19,"Beaufort","Ozone","Carteret",34.8848,-76.6203
"1427",NA,26,"Beaufort","Ozone","Carteret",34.8848,-76.6203
"1428",NA,25,"Beaufort","Ozone","Carteret",34.8848,-76.6203
"1429",6-01-20,40,"Beaufort","Ozone","Carteret",34.8848,-76.6203
"1430",6-02-20,46,"Beaufort","Ozone","Carteret",34.8848,-76.6203
"1431",6-03-20,44,"Beaufort","Ozone","Carteret",34.8848,-76.6203
"1432",6-04-20,42,"Beaufort","Ozone","Carteret",34.8848,-76.6203
"1433",6-05-20,43,"Beaufort","Ozone","Carteret",34.8848,-76.6203
"1434",6-06-20,77,"Beaufort","Ozone","Carteret",34.8848,-76.6203
"1435",6-07-20,49,"Beaufort","Ozone","Carteret",34.8848,-76.6203
"1436",NA,49,"Beaufort","Ozone","Carteret",34.8848,-76.6203
"1437",NA,64,"Beaufort","Ozone","Carteret",34.8848,-76.6203
"1438",NA,43,"Beaufort","Ozone","Carteret",34.8848,-76.6203
"1439",NA,37,"Beaufort","Ozone","Carteret",34.8848,-76.6203
"1440",NA,43,"Beaufort","Ozone","Carteret",34.8848,-76.6203
"1441",NA,43,"Beaufort","Ozone","Carteret",34.8848,-76.6203
"1442",NA,39,"Beaufort","Ozone","Carteret",34.8848,-76.6203
"1443",NA,35,"Beaufort","Ozone","Carteret",34.8848,-76.6203
"1444",NA,33,"Beaufort","Ozone","Carteret",34.8848,-76.6203
"1445",NA,40,"Beaufort","Ozone","Carteret",34.8848,-76.6203
"1446",NA,38,"Beaufort","Ozone","Carteret",34.8848,-76.6203
"1447",NA,37,"Beaufort","Ozone","Carteret",34.8848,-76.6203
"1448",NA,32,"Beaufort","Ozone","Carteret",34.8848,-76.6203
"1449",NA,42,"Beaufort","Ozone","Carteret",34.8848,-76.6203
"1450",NA,41,"Beaufort","Ozone","Carteret",34.8848,-76.6203
"1451",NA,36,"Beaufort","Ozone","Carteret",34.8848,-76.6203
"1452",7-01-20,37,"Beaufort","Ozone","Carteret",34.8848,-76.6203
"1453",7-02-20,32,"Beaufort","Ozone","Carteret",34.8848,-76.6203
"1454",7-03-20,42,"Beaufort","Ozone","Carteret",34.8848,-76.6203
"1455",7-04-20,22,"Beaufort","Ozone","Carteret",34.8848,-76.6203
"1456",7-05-20,22,"Beaufort","Ozone","Carteret",34.8848,-76.6203
"1457",7-06-20,19,"Beaufort","Ozone","Carteret",34.8848,-76.6203
"1458",7-07-20,30,"Beaufort","Ozone","Carteret",34.8848,-76.6203
"1459",7-08-20,30,"Beaufort","Ozone","Carteret",34.8848,-76.6203
"1460",7-09-20,35,"Beaufort","Ozone","Carteret",34.8848,-76.6203
"1461",7-10-20,67,"Beaufort","Ozone","Carteret",34.8848,-76.6203
"1462",7-12-20,45,"Beaufort","Ozone","Carteret",34.8848,-76.6203
"1463",NA,48,"Beaufort","Ozone","Carteret",34.8848,-76.6203
"1464",NA,32,"Beaufort","Ozone","Carteret",34.8848,-76.6203
"1465",NA,38,"Beaufort","Ozone","Carteret",34.8848,-76.6203
"1466",NA,27,"Beaufort","Ozone","Carteret",34.8848,-76.6203
"1467",NA,42,"Beaufort","Ozone","Carteret",34.8848,-76.6203
"1468",NA,44,"Beaufort","Ozone","Carteret",34.8848,-76.6203
"1469",NA,45,"Beaufort","Ozone","Carteret",34.8848,-76.6203
"1470",NA,36,"Beaufort","Ozone","Carteret",34.8848,-76.6203
"1471",NA,28,"Beaufort","Ozone","Carteret",34.8848,-76.6203
"1472",NA,44,"Beaufort","Ozone","Carteret",34.8848,-76.6203
"1473",NA,43,"Beaufort","Ozone","Carteret",34.8848,-76.6203
"1474",NA,40,"Beaufort","Ozone","Carteret",34.8848,-76.6203
"1475",NA,42,"Beaufort","Ozone","Carteret",34.8848,-76.6203
"1476",NA,38,"Beaufort","Ozone","Carteret",34.8848,-76.6203
"1477",NA,40,"Beaufort","Ozone","Carteret",34.8848,-76.6203
"1478",NA,37,"Beaufort","Ozone","Carteret",34.8848,-76.6203
"1479",NA,33,"Beaufort","Ozone","Carteret",34.8848,-76.6203
"1480",NA,19,"Beaufort","Ozone","Carteret",34.8848,-76.6203
"1481",NA,31,"Beaufort","Ozone","Carteret",34.8848,-76.6203
"1482",8-01-20,17,"Beaufort","Ozone","Carteret",34.8848,-76.6203
"1483",8-02-20,17,"Beaufort","Ozone","Carteret",34.8848,-76.6203
"1484",8-03-20,22,"Beaufort","Ozone","Carteret",34.8848,-76.6203
"1485",8-04-20,19,"Beaufort","Ozone","Carteret",34.8848,-76.6203
"1486",8-05-20,24,"Beaufort","Ozone","Carteret",34.8848,-76.6203
"1487",8-06-20,30,"Beaufort","Ozone","Carteret",34.8848,-76.6203
"1488",8-07-20,31,"Beaufort","Ozone","Carteret",34.8848,-76.6203
"1489",8-08-20,38,"Beaufort","Ozone","Carteret",34.8848,-76.6203
"1490",8-09-20,34,"Beaufort","Ozone","Carteret",34.8848,-76.6203
"1491",8-10-20,46,"Beaufort","Ozone","Carteret",34.8848,-76.6203
"1492",8-11-20,37,"Beaufort","Ozone","Carteret",34.8848,-76.6203
"1493",8-12-20,35,"Beaufort","Ozone","Carteret",34.8848,-76.6203
"1494",NA,33,"Beaufort","Ozone","Carteret",34.8848,-76.6203
"1495",NA,39,"Beaufort","Ozone","Carteret",34.8848,-76.6203
"1496",NA,35,"Beaufort","Ozone","Carteret",34.8848,-76.6203
"1497",NA,31,"Beaufort","Ozone","Carteret",34.8848,-76.6203
"1498",NA,24,"Beaufort","Ozone","Carteret",34.8848,-76.6203
"1499",NA,30,"Beaufort","Ozone","Carteret",34.8848,-76.6203
"1500",NA,27,"Beaufort","Ozone","Carteret",34.8848,-76.6203
"1501",3-01-20,39,"Cherry Grove","Ozone","Caswell",36.307033,-79.467417
"1502",3-02-20,42,"Cherry Grove","Ozone","Caswell",36.307033,-79.467417
"1503",3-03-20,44,"Cherry Grove","Ozone","Caswell",36.307033,-79.467417
"1504",3-04-20,44,"Cherry Grove","Ozone","Caswell",36.307033,-79.467417
"1505",3-05-20,44,"Cherry Grove","Ozone","Caswell",36.307033,-79.467417
"1506",3-06-20,27,"Cherry Grove","Ozone","Caswell",36.307033,-79.467417
"1507",3-07-20,34,"Cherry Grove","Ozone","Caswell",36.307033,-79.467417
"1508",3-08-20,40,"Cherry Grove","Ozone","Caswell",36.307033,-79.467417
"1509",3-09-20,43,"Cherry Grove","Ozone","Caswell",36.307033,-79.467417
"1510",3-10-20,39,"Cherry Grove","Ozone","Caswell",36.307033,-79.467417
"1511",3-11-20,31,"Cherry Grove","Ozone","Caswell",36.307033,-79.467417
"1512",3-12-20,38,"Cherry Grove","Ozone","Caswell",36.307033,-79.467417
"1513",NA,44,"Cherry Grove","Ozone","Caswell",36.307033,-79.467417
"1514",NA,42,"Cherry Grove","Ozone","Caswell",36.307033,-79.467417
"1515",NA,58,"Cherry Grove","Ozone","Caswell",36.307033,-79.467417
"1516",NA,49,"Cherry Grove","Ozone","Caswell",36.307033,-79.467417
"1517",NA,58,"Cherry Grove","Ozone","Caswell",36.307033,-79.467417
"1518",NA,44,"Cherry Grove","Ozone","Caswell",36.307033,-79.467417
"1519",NA,44,"Cherry Grove","Ozone","Caswell",36.307033,-79.467417
"1520",NA,32,"Cherry Grove","Ozone","Caswell",36.307033,-79.467417
"1521",NA,34,"Cherry Grove","Ozone","Caswell",36.307033,-79.467417
"1522",NA,43,"Cherry Grove","Ozone","Caswell",36.307033,-79.467417
"1523",NA,48,"Cherry Grove","Ozone","Caswell",36.307033,-79.467417
"1524",NA,41,"Cherry Grove","Ozone","Caswell",36.307033,-79.467417
"1525",NA,44,"Cherry Grove","Ozone","Caswell",36.307033,-79.467417
"1526",NA,43,"Cherry Grove","Ozone","Caswell",36.307033,-79.467417
"1527",NA,37,"Cherry Grove","Ozone","Caswell",36.307033,-79.467417
"1528",NA,44,"Cherry Grove","Ozone","Caswell",36.307033,-79.467417
"1529",NA,49,"Cherry Grove","Ozone","Caswell",36.307033,-79.467417
"1530",NA,41,"Cherry Grove","Ozone","Caswell",36.307033,-79.467417
"1531",NA,45,"Cherry Grove","Ozone","Caswell",36.307033,-79.467417
"1532",4-01-20,48,"Cherry Grove","Ozone","Caswell",36.307033,-79.467417
"1533",4-02-20,45,"Cherry Grove","Ozone","Caswell",36.307033,-79.467417
"1534",4-03-20,39,"Cherry Grove","Ozone","Caswell",36.307033,-79.467417
"1535",4-04-20,44,"Cherry Grove","Ozone","Caswell",36.307033,-79.467417
"1536",4-05-20,45,"Cherry Grove","Ozone","Caswell",36.307033,-79.467417
"1537",4-06-20,61,"Cherry Grove","Ozone","Caswell",36.307033,-79.467417
"1538",4-07-20,42,"Cherry Grove","Ozone","Caswell",36.307033,-79.467417
"1539",4-08-20,44,"Cherry Grove","Ozone","Caswell",36.307033,-79.467417
"1540",4-09-20,44,"Cherry Grove","Ozone","Caswell",36.307033,-79.467417
"1541",4-10-20,44,"Cherry Grove","Ozone","Caswell",36.307033,-79.467417
"1542",4-11-20,49,"Cherry Grove","Ozone","Caswell",36.307033,-79.467417
"1543",4-12-20,54,"Cherry Grove","Ozone","Caswell",36.307033,-79.467417
"1544",NA,67,"Cherry Grove","Ozone","Caswell",36.307033,-79.467417
"1545",NA,47,"Cherry Grove","Ozone","Caswell",36.307033,-79.467417
"1546",NA,35,"Cherry Grove","Ozone","Caswell",36.307033,-79.467417
"1547",NA,32,"Cherry Grove","Ozone","Caswell",36.307033,-79.467417
"1548",NA,51,"Cherry Grove","Ozone","Caswell",36.307033,-79.467417
"1549",NA,74,"Cherry Grove","Ozone","Caswell",36.307033,-79.467417
"1550",NA,44,"Cherry Grove","Ozone","Caswell",36.307033,-79.467417
"1551",NA,61,"Cherry Grove","Ozone","Caswell",36.307033,-79.467417
"1552",NA,67,"Cherry Grove","Ozone","Caswell",36.307033,-79.467417
"1553",NA,54,"Cherry Grove","Ozone","Caswell",36.307033,-79.467417
"1554",NA,41,"Cherry Grove","Ozone","Caswell",36.307033,-79.467417
"1555",NA,39,"Cherry Grove","Ozone","Caswell",36.307033,-79.467417
"1556",NA,34,"Cherry Grove","Ozone","Caswell",36.307033,-79.467417
"1557",NA,44,"Cherry Grove","Ozone","Caswell",36.307033,-79.467417
"1558",NA,41,"Cherry Grove","Ozone","Caswell",36.307033,-79.467417
"1559",NA,67,"Cherry Grove","Ozone","Caswell",36.307033,-79.467417
"1560",NA,44,"Cherry Grove","Ozone","Caswell",36.307033,-79.467417
"1561",NA,54,"Cherry Grove","Ozone","Caswell",36.307033,-79.467417
"1562",5-01-20,84,"Cherry Grove","Ozone","Caswell",36.307033,-79.467417
"1563",5-02-20,97,"Cherry Grove","Ozone","Caswell",36.307033,-79.467417
"1564",5-03-20,71,"Cherry Grove","Ozone","Caswell",36.307033,-79.467417
"1565",5-04-20,77,"Cherry Grove","Ozone","Caswell",36.307033,-79.467417
"1566",5-05-20,38,"Cherry Grove","Ozone","Caswell",36.307033,-79.467417
"1567",5-06-20,36,"Cherry Grove","Ozone","Caswell",36.307033,-79.467417
"1568",5-07-20,44,"Cherry Grove","Ozone","Caswell",36.307033,-79.467417
"1569",5-08-20,50,"Cherry Grove","Ozone","Caswell",36.307033,-79.467417
"1570",5-09-20,51,"Cherry Grove","Ozone","Caswell",36.307033,-79.467417
"1571",5-10-20,64,"Cherry Grove","Ozone","Caswell",36.307033,-79.467417
"1572",5-11-20,77,"Cherry Grove","Ozone","Caswell",36.307033,-79.467417
"1573",5-12-20,84,"Cherry Grove","Ozone","Caswell",36.307033,-79.467417
"1574",NA,54,"Cherry Grove","Ozone","Caswell",36.307033,-79.467417
"1575",NA,67,"Cherry Grove","Ozone","Caswell",36.307033,-79.467417
"1576",NA,26,"Cherry Grove","Ozone","Caswell",36.307033,-79.467417
"1577",NA,28,"Cherry Grove","Ozone","Caswell",36.307033,-79.467417
"1578",NA,22,"Cherry Grove","Ozone","Caswell",36.307033,-79.467417
"1579",NA,21,"Cherry Grove","Ozone","Caswell",36.307033,-79.467417
"1580",NA,43,"Cherry Grove","Ozone","Caswell",36.307033,-79.467417
"1581",NA,37,"Cherry Grove","Ozone","Caswell",36.307033,-79.467417
"1582",NA,37,"Cherry Grove","Ozone","Caswell",36.307033,-79.467417
"1583",NA,36,"Cherry Grove","Ozone","Caswell",36.307033,-79.467417
"1584",NA,42,"Cherry Grove","Ozone","Caswell",36.307033,-79.467417
"1585",NA,34,"Cherry Grove","Ozone","Caswell",36.307033,-79.467417
"1586",NA,20,"Cherry Grove","Ozone","Caswell",36.307033,-79.467417
"1587",NA,22,"Cherry Grove","Ozone","Caswell",36.307033,-79.467417
"1588",NA,18,"Cherry Grove","Ozone","Caswell",36.307033,-79.467417
"1589",NA,16,"Cherry Grove","Ozone","Caswell",36.307033,-79.467417
"1590",NA,22,"Cherry Grove","Ozone","Caswell",36.307033,-79.467417
"1591",NA,38,"Cherry Grove","Ozone","Caswell",36.307033,-79.467417
"1592",6-01-20,45,"Cherry Grove","Ozone","Caswell",36.307033,-79.467417
"1593",6-02-20,33,"Cherry Grove","Ozone","Caswell",36.307033,-79.467417
"1594",6-03-20,38,"Cherry Grove","Ozone","Caswell",36.307033,-79.467417
"1595",6-04-20,50,"Cherry Grove","Ozone","Caswell",36.307033,-79.467417
"1596",6-05-20,54,"Cherry Grove","Ozone","Caswell",36.307033,-79.467417
"1597",6-06-20,58,"Cherry Grove","Ozone","Caswell",36.307033,-79.467417
"1598",6-07-20,47,"Cherry Grove","Ozone","Caswell",36.307033,-79.467417
"1599",6-08-20,50,"Cherry Grove","Ozone","Caswell",36.307033,-79.467417
"1600",6-09-20,47,"Cherry Grove","Ozone","Caswell",36.307033,-79.467417
"1601",6-10-20,48,"Cherry Grove","Ozone","Caswell",36.307033,-79.467417
"1602",6-11-20,31,"Cherry Grove","Ozone","Caswell",36.307033,-79.467417
"1603",6-12-20,29,"Cherry Grove","Ozone","Caswell",36.307033,-79.467417
"1604",NA,48,"Cherry Grove","Ozone","Caswell",36.307033,-79.467417
"1605",NA,40,"Cherry Grove","Ozone","Caswell",36.307033,-79.467417
"1606",NA,49,"Cherry Grove","Ozone","Caswell",36.307033,-79.467417
"1607",NA,51,"Cherry Grove","Ozone","Caswell",36.307033,-79.467417
"1608",NA,46,"Cherry Grove","Ozone","Caswell",36.307033,-79.467417
"1609",NA,43,"Cherry Grove","Ozone","Caswell",36.307033,-79.467417
"1610",NA,45,"Cherry Grove","Ozone","Caswell",36.307033,-79.467417
"1611",NA,38,"Cherry Grove","Ozone","Caswell",36.307033,-79.467417
"1612",NA,36,"Cherry Grove","Ozone","Caswell",36.307033,-79.467417
"1613",NA,40,"Cherry Grove","Ozone","Caswell",36.307033,-79.467417
"1614",NA,42,"Cherry Grove","Ozone","Caswell",36.307033,-79.467417
"1615",NA,43,"Cherry Grove","Ozone","Caswell",36.307033,-79.467417
"1616",NA,33,"Cherry Grove","Ozone","Caswell",36.307033,-79.467417
"1617",NA,30,"Cherry Grove","Ozone","Caswell",36.307033,-79.467417
"1618",NA,41,"Cherry Grove","Ozone","Caswell",36.307033,-79.467417
"1619",NA,37,"Cherry Grove","Ozone","Caswell",36.307033,-79.467417
"1620",NA,45,"Cherry Grove","Ozone","Caswell",36.307033,-79.467417
"1621",NA,80,"Cherry Grove","Ozone","Caswell",36.307033,-79.467417
"1622",7-01-20,38,"Cherry Grove","Ozone","Caswell",36.307033,-79.467417
"1623",7-02-20,35,"Cherry Grove","Ozone","Caswell",36.307033,-79.467417
"1624",7-03-20,44,"Cherry Grove","Ozone","Caswell",36.307033,-79.467417
"1625",7-04-20,37,"Cherry Grove","Ozone","Caswell",36.307033,-79.467417
"1626",7-05-20,26,"Cherry Grove","Ozone","Caswell",36.307033,-79.467417
"1627",7-06-20,37,"Cherry Grove","Ozone","Caswell",36.307033,-79.467417
"1628",7-07-20,30,"Cherry Grove","Ozone","Caswell",36.307033,-79.467417
"1629",7-08-20,38,"Cherry Grove","Ozone","Caswell",36.307033,-79.467417
"1630",7-09-20,46,"Cherry Grove","Ozone","Caswell",36.307033,-79.467417
"1631",7-10-20,61,"Cherry Grove","Ozone","Caswell",36.307033,-79.467417
"1632",7-11-20,50,"Cherry Grove","Ozone","Caswell",36.307033,-79.467417
"1633",7-12-20,74,"Cherry Grove","Ozone","Caswell",36.307033,-79.467417
"1634",NA,74,"Cherry Grove","Ozone","Caswell",36.307033,-79.467417
"1635",NA,40,"Cherry Grove","Ozone","Caswell",36.307033,-79.467417
"1636",NA,64,"Cherry Grove","Ozone","Caswell",36.307033,-79.467417
"1637",NA,43,"Cherry Grove","Ozone","Caswell",36.307033,-79.467417
"1638",NA,45,"Cherry Grove","Ozone","Caswell",36.307033,-79.467417
"1639",NA,41,"Cherry Grove","Ozone","Caswell",36.307033,-79.467417
"1640",NA,51,"Cherry Grove","Ozone","Caswell",36.307033,-79.467417
"1641",NA,46,"Cherry Grove","Ozone","Caswell",36.307033,-79.467417
"1642",NA,38,"Cherry Grove","Ozone","Caswell",36.307033,-79.467417
"1643",NA,36,"Cherry Grove","Ozone","Caswell",36.307033,-79.467417
"1644",NA,37,"Cherry Grove","Ozone","Caswell",36.307033,-79.467417
"1645",NA,37,"Cherry Grove","Ozone","Caswell",36.307033,-79.467417
"1646",NA,36,"Cherry Grove","Ozone","Caswell",36.307033,-79.467417
"1647",NA,47,"Cherry Grove","Ozone","Caswell",36.307033,-79.467417
"1648",NA,71,"Cherry Grove","Ozone","Caswell",36.307033,-79.467417
"1649",NA,40,"Cherry Grove","Ozone","Caswell",36.307033,-79.467417
"1650",NA,37,"Cherry Grove","Ozone","Caswell",36.307033,-79.467417
"1651",NA,27,"Cherry Grove","Ozone","Caswell",36.307033,-79.467417
"1652",NA,21,"Cherry Grove","Ozone","Caswell",36.307033,-79.467417
"1653",8-01-20,29,"Cherry Grove","Ozone","Caswell",36.307033,-79.467417
"1654",8-02-20,19,"Cherry Grove","Ozone","Caswell",36.307033,-79.467417
"1655",8-03-20,18,"Cherry Grove","Ozone","Caswell",36.307033,-79.467417
"1656",8-04-20,29,"Cherry Grove","Ozone","Caswell",36.307033,-79.467417
"1657",8-05-20,39,"Cherry Grove","Ozone","Caswell",36.307033,-79.467417
"1658",8-06-20,33,"Cherry Grove","Ozone","Caswell",36.307033,-79.467417
"1659",8-07-20,37,"Cherry Grove","Ozone","Caswell",36.307033,-79.467417
"1660",8-08-20,38,"Cherry Grove","Ozone","Caswell",36.307033,-79.467417
"1661",8-09-20,38,"Cherry Grove","Ozone","Caswell",36.307033,-79.467417
"1662",8-10-20,43,"Cherry Grove","Ozone","Caswell",36.307033,-79.467417
"1663",8-11-20,34,"Cherry Grove","Ozone","Caswell",36.307033,-79.467417
"1664",8-12-20,34,"Cherry Grove","Ozone","Caswell",36.307033,-79.467417
"1665",NA,42,"Cherry Grove","Ozone","Caswell",36.307033,-79.467417
"1666",NA,40,"Cherry Grove","Ozone","Caswell",36.307033,-79.467417
"1667",NA,37,"Cherry Grove","Ozone","Caswell",36.307033,-79.467417
"1668",NA,61,"Cherry Grove","Ozone","Caswell",36.307033,-79.467417
"1669",NA,44,"Cherry Grove","Ozone","Caswell",36.307033,-79.467417
"1670",NA,29,"Cherry Grove","Ozone","Caswell",36.307033,-79.467417
"1671",NA,32,"Cherry Grove","Ozone","Caswell",36.307033,-79.467417
"1672",NA,27,"Cherry Grove","Ozone","Caswell",36.307033,-79.467417
"1673",NA,28,"Cherry Grove","Ozone","Caswell",36.307033,-79.467417
"1674",NA,32,"Cherry Grove","Ozone","Caswell",36.307033,-79.467417
"1675",NA,34,"Cherry Grove","Ozone","Caswell",36.307033,-79.467417
"1676",NA,39,"Cherry Grove","Ozone","Caswell",36.307033,-79.467417
"1677",NA,38,"Cherry Grove","Ozone","Caswell",36.307033,-79.467417
"1678",NA,45,"Cherry Grove","Ozone","Caswell",36.307033,-79.467417
"1679",NA,41,"Cherry Grove","Ozone","Caswell",36.307033,-79.467417
"1680",NA,84,"Cherry Grove","Ozone","Caswell",36.307033,-79.467417
"1681",NA,47,"Cherry Grove","Ozone","Caswell",36.307033,-79.467417
"1682",NA,45,"Cherry Grove","Ozone","Caswell",36.307033,-79.467417
"1683",NA,43,"Cherry Grove","Ozone","Caswell",36.307033,-79.467417
"1684",9-01-20,41,"Cherry Grove","Ozone","Caswell",36.307033,-79.467417
"1685",9-02-20,25,"Cherry Grove","Ozone","Caswell",36.307033,-79.467417
"1686",9-03-20,30,"Cherry Grove","Ozone","Caswell",36.307033,-79.467417
"1687",9-04-20,36,"Cherry Grove","Ozone","Caswell",36.307033,-79.467417
"1688",9-05-20,35,"Cherry Grove","Ozone","Caswell",36.307033,-79.467417
"1689",9-06-20,42,"Cherry Grove","Ozone","Caswell",36.307033,-79.467417
"1690",9-07-20,35,"Cherry Grove","Ozone","Caswell",36.307033,-79.467417
"1691",9-08-20,31,"Cherry Grove","Ozone","Caswell",36.307033,-79.467417
"1692",9-09-20,11,"Cherry Grove","Ozone","Caswell",36.307033,-79.467417
"1693",9-10-20,10,"Cherry Grove","Ozone","Caswell",36.307033,-79.467417
"1694",9-11-20,29,"Cherry Grove","Ozone","Caswell",36.307033,-79.467417
"1695",9-12-20,17,"Cherry Grove","Ozone","Caswell",36.307033,-79.467417
"1696",NA,47,"Cherry Grove","Ozone","Caswell",36.307033,-79.467417
"1697",NA,40,"Cherry Grove","Ozone","Caswell",36.307033,-79.467417
"1698",NA,41,"Cherry Grove","Ozone","Caswell",36.307033,-79.467417
"1699",NA,13,"Cherry Grove","Ozone","Caswell",36.307033,-79.467417
"1700",NA,14,"Cherry Grove","Ozone","Caswell",36.307033,-79.467417
"1701",NA,24,"Cherry Grove","Ozone","Caswell",36.307033,-79.467417
"1702",NA,40,"Cherry Grove","Ozone","Caswell",36.307033,-79.467417
"1703",NA,16,"Cherry Grove","Ozone","Caswell",36.307033,-79.467417
"1704",NA,25,"Cherry Grove","Ozone","Caswell",36.307033,-79.467417
"1705",NA,31,"Cherry Grove","Ozone","Caswell",36.307033,-79.467417
"1706",NA,31,"Cherry Grove","Ozone","Caswell",36.307033,-79.467417
"1707",10-01-20,40,"Cherry Grove","Ozone","Caswell",36.307033,-79.467417
"1708",10-02-20,47,"Cherry Grove","Ozone","Caswell",36.307033,-79.467417
"1709",10-03-20,32,"Cherry Grove","Ozone","Caswell",36.307033,-79.467417
"1710",10-04-20,34,"Cherry Grove","Ozone","Caswell",36.307033,-79.467417
"1711",10-05-20,30,"Cherry Grove","Ozone","Caswell",36.307033,-79.467417
"1712",10-06-20,21,"Cherry Grove","Ozone","Caswell",36.307033,-79.467417
"1713",10-07-20,32,"Cherry Grove","Ozone","Caswell",36.307033,-79.467417
"1714",10-08-20,22,"Cherry Grove","Ozone","Caswell",36.307033,-79.467417
"1715",10-09-20,25,"Cherry Grove","Ozone","Caswell",36.307033,-79.467417
"1716",10-10-20,15,"Cherry Grove","Ozone","Caswell",36.307033,-79.467417
"1717",NA,20,"Cherry Grove","Ozone","Caswell",36.307033,-79.467417
"1718",NA,31,"Cherry Grove","Ozone","Caswell",36.307033,-79.467417
"1719",NA,33,"Cherry Grove","Ozone","Caswell",36.307033,-79.467417
"1720",NA,38,"Cherry Grove","Ozone","Caswell",36.307033,-79.467417
"1721",NA,29,"Cherry Grove","Ozone","Caswell",36.307033,-79.467417
"1722",NA,28,"Cherry Grove","Ozone","Caswell",36.307033,-79.467417
"1723",NA,30,"Cherry Grove","Ozone","Caswell",36.307033,-79.467417
"1724",NA,35,"Cherry Grove","Ozone","Caswell",36.307033,-79.467417
"1725",NA,32,"Cherry Grove","Ozone","Caswell",36.307033,-79.467417
"1726",NA,24,"Cherry Grove","Ozone","Caswell",36.307033,-79.467417
"1727",NA,24,"Cherry Grove","Ozone","Caswell",36.307033,-79.467417
"1728",NA,21,"Cherry Grove","Ozone","Caswell",36.307033,-79.467417
"1729",NA,34,"Cherry Grove","Ozone","Caswell",36.307033,-79.467417
"1730",NA,31,"Cherry Grove","Ozone","Caswell",36.307033,-79.467417
"1731",NA,37,"Cherry Grove","Ozone","Caswell",36.307033,-79.467417
"1732",NA,43,"Cherry Grove","Ozone","Caswell",36.307033,-79.467417
"1733",3-01-20,35,"Wade","Ozone","Cumberland",35.158686,-78.728035
"1734",3-02-20,44,"Wade","Ozone","Cumberland",35.158686,-78.728035
"1735",3-03-20,44,"Wade","Ozone","Cumberland",35.158686,-78.728035
"1736",3-04-20,44,"Wade","Ozone","Cumberland",35.158686,-78.728035
"1737",3-05-20,44,"Wade","Ozone","Cumberland",35.158686,-78.728035
"1738",3-06-20,31,"Wade","Ozone","Cumberland",35.158686,-78.728035
"1739",3-07-20,35,"Wade","Ozone","Cumberland",35.158686,-78.728035
"1740",3-08-20,40,"Wade","Ozone","Cumberland",35.158686,-78.728035
"1741",3-09-20,44,"Wade","Ozone","Cumberland",35.158686,-78.728035
"1742",3-10-20,49,"Wade","Ozone","Cumberland",35.158686,-78.728035
"1743",3-11-20,33,"Wade","Ozone","Cumberland",35.158686,-78.728035
"1744",3-12-20,36,"Wade","Ozone","Cumberland",35.158686,-78.728035
"1745",NA,45,"Wade","Ozone","Cumberland",35.158686,-78.728035
"1746",NA,44,"Wade","Ozone","Cumberland",35.158686,-78.728035
"1747",NA,51,"Wade","Ozone","Cumberland",35.158686,-78.728035
"1748",NA,77,"Wade","Ozone","Cumberland",35.158686,-78.728035
"1749",NA,47,"Wade","Ozone","Cumberland",35.158686,-78.728035
"1750",NA,45,"Wade","Ozone","Cumberland",35.158686,-78.728035
"1751",NA,44,"Wade","Ozone","Cumberland",35.158686,-78.728035
"1752",NA,32,"Wade","Ozone","Cumberland",35.158686,-78.728035
"1753",NA,31,"Wade","Ozone","Cumberland",35.158686,-78.728035
"1754",NA,44,"Wade","Ozone","Cumberland",35.158686,-78.728035
"1755",NA,50,"Wade","Ozone","Cumberland",35.158686,-78.728035
"1756",NA,42,"Wade","Ozone","Cumberland",35.158686,-78.728035
"1757",NA,47,"Wade","Ozone","Cumberland",35.158686,-78.728035
"1758",NA,44,"Wade","Ozone","Cumberland",35.158686,-78.728035
"1759",NA,31,"Wade","Ozone","Cumberland",35.158686,-78.728035
"1760",NA,44,"Wade","Ozone","Cumberland",35.158686,-78.728035
"1761",NA,48,"Wade","Ozone","Cumberland",35.158686,-78.728035
"1762",NA,39,"Wade","Ozone","Cumberland",35.158686,-78.728035
"1763",NA,46,"Wade","Ozone","Cumberland",35.158686,-78.728035
"1764",4-01-20,51,"Wade","Ozone","Cumberland",35.158686,-78.728035
"1765",4-02-20,48,"Wade","Ozone","Cumberland",35.158686,-78.728035
"1766",4-03-20,43,"Wade","Ozone","Cumberland",35.158686,-78.728035
"1767",4-04-20,44,"Wade","Ozone","Cumberland",35.158686,-78.728035
"1768",4-05-20,49,"Wade","Ozone","Cumberland",35.158686,-78.728035
"1769",4-06-20,67,"Wade","Ozone","Cumberland",35.158686,-78.728035
"1770",4-07-20,42,"Wade","Ozone","Cumberland",35.158686,-78.728035
"1771",4-08-20,45,"Wade","Ozone","Cumberland",35.158686,-78.728035
"1772",4-09-20,38,"Wade","Ozone","Cumberland",35.158686,-78.728035
"1773",4-10-20,44,"Wade","Ozone","Cumberland",35.158686,-78.728035
"1774",4-11-20,48,"Wade","Ozone","Cumberland",35.158686,-78.728035
"1775",4-12-20,58,"Wade","Ozone","Cumberland",35.158686,-78.728035
"1776",NA,51,"Wade","Ozone","Cumberland",35.158686,-78.728035
"1777",NA,47,"Wade","Ozone","Cumberland",35.158686,-78.728035
"1778",NA,35,"Wade","Ozone","Cumberland",35.158686,-78.728035
"1779",NA,34,"Wade","Ozone","Cumberland",35.158686,-78.728035
"1780",NA,50,"Wade","Ozone","Cumberland",35.158686,-78.728035
"1781",NA,74,"Wade","Ozone","Cumberland",35.158686,-78.728035
"1782",NA,51,"Wade","Ozone","Cumberland",35.158686,-78.728035
"1783",NA,71,"Wade","Ozone","Cumberland",35.158686,-78.728035
"1784",NA,64,"Wade","Ozone","Cumberland",35.158686,-78.728035
"1785",NA,54,"Wade","Ozone","Cumberland",35.158686,-78.728035
"1786",NA,42,"Wade","Ozone","Cumberland",35.158686,-78.728035
"1787",NA,37,"Wade","Ozone","Cumberland",35.158686,-78.728035
"1788",NA,37,"Wade","Ozone","Cumberland",35.158686,-78.728035
"1789",NA,38,"Wade","Ozone","Cumberland",35.158686,-78.728035
"1790",NA,44,"Wade","Ozone","Cumberland",35.158686,-78.728035
"1791",NA,54,"Wade","Ozone","Cumberland",35.158686,-78.728035
"1792",NA,45,"Wade","Ozone","Cumberland",35.158686,-78.728035
"1793",NA,61,"Wade","Ozone","Cumberland",35.158686,-78.728035
"1794",5-01-20,77,"Wade","Ozone","Cumberland",35.158686,-78.728035
"1795",5-02-20,74,"Wade","Ozone","Cumberland",35.158686,-78.728035
"1796",5-03-20,58,"Wade","Ozone","Cumberland",35.158686,-78.728035
"1797",5-04-20,50,"Wade","Ozone","Cumberland",35.158686,-78.728035
"1798",5-05-20,42,"Wade","Ozone","Cumberland",35.158686,-78.728035
"1799",5-06-20,35,"Wade","Ozone","Cumberland",35.158686,-78.728035
"1800",5-07-20,45,"Wade","Ozone","Cumberland",35.158686,-78.728035
"1801",5-08-20,46,"Wade","Ozone","Cumberland",35.158686,-78.728035
"1802",5-09-20,64,"Wade","Ozone","Cumberland",35.158686,-78.728035
"1803",5-10-20,80,"Wade","Ozone","Cumberland",35.158686,-78.728035
"1804",5-11-20,64,"Wade","Ozone","Cumberland",35.158686,-78.728035
"1805",5-12-20,100,"Wade","Ozone","Cumberland",35.158686,-78.728035
"1806",NA,77,"Wade","Ozone","Cumberland",35.158686,-78.728035
"1807",NA,67,"Wade","Ozone","Cumberland",35.158686,-78.728035
"1808",NA,23,"Wade","Ozone","Cumberland",35.158686,-78.728035
"1809",NA,21,"Wade","Ozone","Cumberland",35.158686,-78.728035
"1810",NA,28,"Wade","Ozone","Cumberland",35.158686,-78.728035
"1811",NA,19,"Wade","Ozone","Cumberland",35.158686,-78.728035
"1812",NA,31,"Wade","Ozone","Cumberland",35.158686,-78.728035
"1813",NA,45,"Wade","Ozone","Cumberland",35.158686,-78.728035
"1814",NA,33,"Wade","Ozone","Cumberland",35.158686,-78.728035
"1815",NA,36,"Wade","Ozone","Cumberland",35.158686,-78.728035
"1816",NA,44,"Wade","Ozone","Cumberland",35.158686,-78.728035
"1817",NA,42,"Wade","Ozone","Cumberland",35.158686,-78.728035
"1818",NA,25,"Wade","Ozone","Cumberland",35.158686,-78.728035
"1819",NA,23,"Wade","Ozone","Cumberland",35.158686,-78.728035
"1820",NA,17,"Wade","Ozone","Cumberland",35.158686,-78.728035
"1821",NA,24,"Wade","Ozone","Cumberland",35.158686,-78.728035
"1822",NA,25,"Wade","Ozone","Cumberland",35.158686,-78.728035
"1823",NA,23,"Wade","Ozone","Cumberland",35.158686,-78.728035
"1824",6-01-20,51,"Wade","Ozone","Cumberland",35.158686,-78.728035
"1825",6-02-20,47,"Wade","Ozone","Cumberland",35.158686,-78.728035
"1826",6-03-20,45,"Wade","Ozone","Cumberland",35.158686,-78.728035
"1827",6-04-20,74,"Wade","Ozone","Cumberland",35.158686,-78.728035
"1828",6-05-20,50,"Wade","Ozone","Cumberland",35.158686,-78.728035
"1829",6-06-20,80,"Wade","Ozone","Cumberland",35.158686,-78.728035
"1830",6-07-20,67,"Wade","Ozone","Cumberland",35.158686,-78.728035
"1831",6-08-20,58,"Wade","Ozone","Cumberland",35.158686,-78.728035
"1832",6-09-20,39,"Wade","Ozone","Cumberland",35.158686,-78.728035
"1833",6-10-20,46,"Wade","Ozone","Cumberland",35.158686,-78.728035
"1834",6-11-20,43,"Wade","Ozone","Cumberland",35.158686,-78.728035
"1835",6-12-20,31,"Wade","Ozone","Cumberland",35.158686,-78.728035
"1836",NA,44,"Wade","Ozone","Cumberland",35.158686,-78.728035
"1837",NA,45,"Wade","Ozone","Cumberland",35.158686,-78.728035
"1838",NA,49,"Wade","Ozone","Cumberland",35.158686,-78.728035
"1839",NA,49,"Wade","Ozone","Cumberland",35.158686,-78.728035
"1840",NA,47,"Wade","Ozone","Cumberland",35.158686,-78.728035
"1841",NA,50,"Wade","Ozone","Cumberland",35.158686,-78.728035
"1842",NA,61,"Wade","Ozone","Cumberland",35.158686,-78.728035
"1843",NA,50,"Wade","Ozone","Cumberland",35.158686,-78.728035
"1844",NA,44,"Wade","Ozone","Cumberland",35.158686,-78.728035
"1845",NA,47,"Wade","Ozone","Cumberland",35.158686,-78.728035
"1846",NA,44,"Wade","Ozone","Cumberland",35.158686,-78.728035
"1847",NA,35,"Wade","Ozone","Cumberland",35.158686,-78.728035
"1848",NA,54,"Wade","Ozone","Cumberland",35.158686,-78.728035
"1849",NA,32,"Wade","Ozone","Cumberland",35.158686,-78.728035
"1850",NA,41,"Wade","Ozone","Cumberland",35.158686,-78.728035
"1851",NA,44,"Wade","Ozone","Cumberland",35.158686,-78.728035
"1852",NA,54,"Wade","Ozone","Cumberland",35.158686,-78.728035
"1853",NA,43,"Wade","Ozone","Cumberland",35.158686,-78.728035
"1854",7-01-20,33,"Wade","Ozone","Cumberland",35.158686,-78.728035
"1855",7-02-20,40,"Wade","Ozone","Cumberland",35.158686,-78.728035
"1856",7-03-20,46,"Wade","Ozone","Cumberland",35.158686,-78.728035
"1857",7-04-20,28,"Wade","Ozone","Cumberland",35.158686,-78.728035
"1858",7-05-20,28,"Wade","Ozone","Cumberland",35.158686,-78.728035
"1859",7-06-20,34,"Wade","Ozone","Cumberland",35.158686,-78.728035
"1860",7-07-20,27,"Wade","Ozone","Cumberland",35.158686,-78.728035
"1861",7-08-20,36,"Wade","Ozone","Cumberland",35.158686,-78.728035
"1862",7-09-20,64,"Wade","Ozone","Cumberland",35.158686,-78.728035
"1863",7-10-20,77,"Wade","Ozone","Cumberland",35.158686,-78.728035
"1864",7-11-20,61,"Wade","Ozone","Cumberland",35.158686,-78.728035
"1865",7-12-20,67,"Wade","Ozone","Cumberland",35.158686,-78.728035
"1866",NA,74,"Wade","Ozone","Cumberland",35.158686,-78.728035
"1867",NA,58,"Wade","Ozone","Cumberland",35.158686,-78.728035
"1868",NA,51,"Wade","Ozone","Cumberland",35.158686,-78.728035
"1869",NA,43,"Wade","Ozone","Cumberland",35.158686,-78.728035
"1870",NA,44,"Wade","Ozone","Cumberland",35.158686,-78.728035
"1871",NA,47,"Wade","Ozone","Cumberland",35.158686,-78.728035
"1872",NA,80,"Wade","Ozone","Cumberland",35.158686,-78.728035
"1873",NA,36,"Wade","Ozone","Cumberland",35.158686,-78.728035
"1874",NA,44,"Wade","Ozone","Cumberland",35.158686,-78.728035
"1875",NA,41,"Wade","Ozone","Cumberland",35.158686,-78.728035
"1876",NA,41,"Wade","Ozone","Cumberland",35.158686,-78.728035
"1877",NA,39,"Wade","Ozone","Cumberland",35.158686,-78.728035
"1878",NA,47,"Wade","Ozone","Cumberland",35.158686,-78.728035
"1879",NA,40,"Wade","Ozone","Cumberland",35.158686,-78.728035
"1880",NA,45,"Wade","Ozone","Cumberland",35.158686,-78.728035
"1881",NA,36,"Wade","Ozone","Cumberland",35.158686,-78.728035
"1882",NA,21,"Wade","Ozone","Cumberland",35.158686,-78.728035
"1883",NA,25,"Wade","Ozone","Cumberland",35.158686,-78.728035
"1884",8-01-20,22,"Wade","Ozone","Cumberland",35.158686,-78.728035
"1885",8-02-20,18,"Wade","Ozone","Cumberland",35.158686,-78.728035
"1886",8-03-20,17,"Wade","Ozone","Cumberland",35.158686,-78.728035
"1887",8-04-20,24,"Wade","Ozone","Cumberland",35.158686,-78.728035
"1888",8-05-20,30,"Wade","Ozone","Cumberland",35.158686,-78.728035
"1889",8-06-20,39,"Wade","Ozone","Cumberland",35.158686,-78.728035
"1890",8-07-20,41,"Wade","Ozone","Cumberland",35.158686,-78.728035
"1891",8-08-20,36,"Wade","Ozone","Cumberland",35.158686,-78.728035
"1892",8-09-20,44,"Wade","Ozone","Cumberland",35.158686,-78.728035
"1893",8-10-20,49,"Wade","Ozone","Cumberland",35.158686,-78.728035
"1894",8-11-20,41,"Wade","Ozone","Cumberland",35.158686,-78.728035
"1895",8-12-20,34,"Wade","Ozone","Cumberland",35.158686,-78.728035
"1896",NA,42,"Wade","Ozone","Cumberland",35.158686,-78.728035
"1897",NA,35,"Wade","Ozone","Cumberland",35.158686,-78.728035
"1898",NA,45,"Wade","Ozone","Cumberland",35.158686,-78.728035
"1899",NA,43,"Wade","Ozone","Cumberland",35.158686,-78.728035
"1900",NA,30,"Wade","Ozone","Cumberland",35.158686,-78.728035
"1901",NA,30,"Wade","Ozone","Cumberland",35.158686,-78.728035
"1902",NA,30,"Wade","Ozone","Cumberland",35.158686,-78.728035
"1903",NA,35,"Wade","Ozone","Cumberland",35.158686,-78.728035
"1904",NA,30,"Wade","Ozone","Cumberland",35.158686,-78.728035
"1905",NA,35,"Wade","Ozone","Cumberland",35.158686,-78.728035
"1906",NA,46,"Wade","Ozone","Cumberland",35.158686,-78.728035
"1907",NA,44,"Wade","Ozone","Cumberland",35.158686,-78.728035
"1908",NA,43,"Wade","Ozone","Cumberland",35.158686,-78.728035
"1909",NA,44,"Wade","Ozone","Cumberland",35.158686,-78.728035
"1910",NA,45,"Wade","Ozone","Cumberland",35.158686,-78.728035
"1911",NA,42,"Wade","Ozone","Cumberland",35.158686,-78.728035
"1912",NA,33,"Wade","Ozone","Cumberland",35.158686,-78.728035
"1913",NA,44,"Wade","Ozone","Cumberland",35.158686,-78.728035
"1914",9-01-20,24,"Wade","Ozone","Cumberland",35.158686,-78.728035
"1915",9-02-20,27,"Wade","Ozone","Cumberland",35.158686,-78.728035
"1916",9-03-20,29,"Wade","Ozone","Cumberland",35.158686,-78.728035
"1917",9-04-20,34,"Wade","Ozone","Cumberland",35.158686,-78.728035
"1918",9-05-20,31,"Wade","Ozone","Cumberland",35.158686,-78.728035
"1919",9-06-20,34,"Wade","Ozone","Cumberland",35.158686,-78.728035
"1920",9-07-20,40,"Wade","Ozone","Cumberland",35.158686,-78.728035
"1921",9-08-20,32,"Wade","Ozone","Cumberland",35.158686,-78.728035
"1922",9-09-20,25,"Wade","Ozone","Cumberland",35.158686,-78.728035
"1923",9-10-20,26,"Wade","Ozone","Cumberland",35.158686,-78.728035
"1924",NA,34,"Wade","Ozone","Cumberland",35.158686,-78.728035
"1925",NA,31,"Wade","Ozone","Cumberland",35.158686,-78.728035
"1926",NA,27,"Wade","Ozone","Cumberland",35.158686,-78.728035
"1927",NA,35,"Wade","Ozone","Cumberland",35.158686,-78.728035
"1928",NA,40,"Wade","Ozone","Cumberland",35.158686,-78.728035
"1929",10-01-20,47,"Wade","Ozone","Cumberland",35.158686,-78.728035
"1930",10-02-20,44,"Wade","Ozone","Cumberland",35.158686,-78.728035
"1931",10-03-20,44,"Wade","Ozone","Cumberland",35.158686,-78.728035
"1932",10-04-20,40,"Wade","Ozone","Cumberland",35.158686,-78.728035
"1933",10-05-20,43,"Wade","Ozone","Cumberland",35.158686,-78.728035
"1934",10-06-20,30,"Wade","Ozone","Cumberland",35.158686,-78.728035
"1935",10-07-20,36,"Wade","Ozone","Cumberland",35.158686,-78.728035
"1936",10-08-20,29,"Wade","Ozone","Cumberland",35.158686,-78.728035
"1937",10-12-20,35,"Wade","Ozone","Cumberland",35.158686,-78.728035
"1938",NA,35,"Wade","Ozone","Cumberland",35.158686,-78.728035
"1939",NA,33,"Wade","Ozone","Cumberland",35.158686,-78.728035
"1940",NA,30,"Wade","Ozone","Cumberland",35.158686,-78.728035
"1941",NA,23,"Wade","Ozone","Cumberland",35.158686,-78.728035
"1942",NA,36,"Wade","Ozone","Cumberland",35.158686,-78.728035
"1943",NA,40,"Wade","Ozone","Cumberland",35.158686,-78.728035
"1944",NA,29,"Wade","Ozone","Cumberland",35.158686,-78.728035
"1945",NA,34,"Wade","Ozone","Cumberland",35.158686,-78.728035
"1946",NA,38,"Wade","Ozone","Cumberland",35.158686,-78.728035
"1947",NA,29,"Wade","Ozone","Cumberland",35.158686,-78.728035
"1948",NA,25,"Wade","Ozone","Cumberland",35.158686,-78.728035
"1949",NA,19,"Wade","Ozone","Cumberland",35.158686,-78.728035
"1950",NA,35,"Wade","Ozone","Cumberland",35.158686,-78.728035
"1951",NA,37,"Wade","Ozone","Cumberland",35.158686,-78.728035
"1952",NA,36,"Wade","Ozone","Cumberland",35.158686,-78.728035
"1953",NA,44,"Wade","Ozone","Cumberland",35.158686,-78.728035
"1954",3-03-20,44,"Honeycutt School","Ozone","Cumberland",35.0023035275774,-78.9916923423935
"1955",3-04-20,44,"Honeycutt School","Ozone","Cumberland",35.0023035275774,-78.9916923423935
"1956",3-05-20,44,"Honeycutt School","Ozone","Cumberland",35.0023035275774,-78.9916923423935
"1957",3-06-20,31,"Honeycutt School","Ozone","Cumberland",35.0023035275774,-78.9916923423935
"1958",3-07-20,34,"Honeycutt School","Ozone","Cumberland",35.0023035275774,-78.9916923423935
"1959",3-08-20,38,"Honeycutt School","Ozone","Cumberland",35.0023035275774,-78.9916923423935
"1960",3-09-20,44,"Honeycutt School","Ozone","Cumberland",35.0023035275774,-78.9916923423935
"1961",3-10-20,50,"Honeycutt School","Ozone","Cumberland",35.0023035275774,-78.9916923423935
"1962",3-11-20,32,"Honeycutt School","Ozone","Cumberland",35.0023035275774,-78.9916923423935
"1963",3-12-20,36,"Honeycutt School","Ozone","Cumberland",35.0023035275774,-78.9916923423935
"1964",NA,44,"Honeycutt School","Ozone","Cumberland",35.0023035275774,-78.9916923423935
"1965",NA,43,"Honeycutt School","Ozone","Cumberland",35.0023035275774,-78.9916923423935
"1966",NA,50,"Honeycutt School","Ozone","Cumberland",35.0023035275774,-78.9916923423935
"1967",NA,67,"Honeycutt School","Ozone","Cumberland",35.0023035275774,-78.9916923423935
"1968",NA,46,"Honeycutt School","Ozone","Cumberland",35.0023035275774,-78.9916923423935
"1969",NA,45,"Honeycutt School","Ozone","Cumberland",35.0023035275774,-78.9916923423935
"1970",NA,45,"Honeycutt School","Ozone","Cumberland",35.0023035275774,-78.9916923423935
"1971",NA,31,"Honeycutt School","Ozone","Cumberland",35.0023035275774,-78.9916923423935
"1972",NA,31,"Honeycutt School","Ozone","Cumberland",35.0023035275774,-78.9916923423935
"1973",NA,42,"Honeycutt School","Ozone","Cumberland",35.0023035275774,-78.9916923423935
"1974",NA,47,"Honeycutt School","Ozone","Cumberland",35.0023035275774,-78.9916923423935
"1975",NA,42,"Honeycutt School","Ozone","Cumberland",35.0023035275774,-78.9916923423935
"1976",NA,46,"Honeycutt School","Ozone","Cumberland",35.0023035275774,-78.9916923423935
"1977",NA,43,"Honeycutt School","Ozone","Cumberland",35.0023035275774,-78.9916923423935
"1978",NA,31,"Honeycutt School","Ozone","Cumberland",35.0023035275774,-78.9916923423935
"1979",NA,43,"Honeycutt School","Ozone","Cumberland",35.0023035275774,-78.9916923423935
"1980",NA,50,"Honeycutt School","Ozone","Cumberland",35.0023035275774,-78.9916923423935
"1981",NA,38,"Honeycutt School","Ozone","Cumberland",35.0023035275774,-78.9916923423935
"1982",NA,46,"Honeycutt School","Ozone","Cumberland",35.0023035275774,-78.9916923423935
"1983",4-01-20,50,"Honeycutt School","Ozone","Cumberland",35.0023035275774,-78.9916923423935
"1984",4-02-20,50,"Honeycutt School","Ozone","Cumberland",35.0023035275774,-78.9916923423935
"1985",4-03-20,43,"Honeycutt School","Ozone","Cumberland",35.0023035275774,-78.9916923423935
"1986",4-04-20,44,"Honeycutt School","Ozone","Cumberland",35.0023035275774,-78.9916923423935
"1987",4-05-20,47,"Honeycutt School","Ozone","Cumberland",35.0023035275774,-78.9916923423935
"1988",4-06-20,67,"Honeycutt School","Ozone","Cumberland",35.0023035275774,-78.9916923423935
"1989",4-07-20,42,"Honeycutt School","Ozone","Cumberland",35.0023035275774,-78.9916923423935
"1990",4-08-20,44,"Honeycutt School","Ozone","Cumberland",35.0023035275774,-78.9916923423935
"1991",4-09-20,38,"Honeycutt School","Ozone","Cumberland",35.0023035275774,-78.9916923423935
"1992",4-10-20,46,"Honeycutt School","Ozone","Cumberland",35.0023035275774,-78.9916923423935
"1993",4-11-20,47,"Honeycutt School","Ozone","Cumberland",35.0023035275774,-78.9916923423935
"1994",4-12-20,58,"Honeycutt School","Ozone","Cumberland",35.0023035275774,-78.9916923423935
"1995",NA,51,"Honeycutt School","Ozone","Cumberland",35.0023035275774,-78.9916923423935
"1996",NA,46,"Honeycutt School","Ozone","Cumberland",35.0023035275774,-78.9916923423935
"1997",NA,35,"Honeycutt School","Ozone","Cumberland",35.0023035275774,-78.9916923423935
"1998",NA,34,"Honeycutt School","Ozone","Cumberland",35.0023035275774,-78.9916923423935
"1999",NA,49,"Honeycutt School","Ozone","Cumberland",35.0023035275774,-78.9916923423935
"2000",NA,71,"Honeycutt School","Ozone","Cumberland",35.0023035275774,-78.9916923423935
"2001",NA,51,"Honeycutt School","Ozone","Cumberland",35.0023035275774,-78.9916923423935
"2002",NA,67,"Honeycutt School","Ozone","Cumberland",35.0023035275774,-78.9916923423935
"2003",NA,64,"Honeycutt School","Ozone","Cumberland",35.0023035275774,-78.9916923423935
"2004",NA,54,"Honeycutt School","Ozone","Cumberland",35.0023035275774,-78.9916923423935
"2005",NA,43,"Honeycutt School","Ozone","Cumberland",35.0023035275774,-78.9916923423935
"2006",NA,40,"Honeycutt School","Ozone","Cumberland",35.0023035275774,-78.9916923423935
"2007",NA,37,"Honeycutt School","Ozone","Cumberland",35.0023035275774,-78.9916923423935
"2008",NA,43,"Honeycutt School","Ozone","Cumberland",35.0023035275774,-78.9916923423935
"2009",NA,44,"Honeycutt School","Ozone","Cumberland",35.0023035275774,-78.9916923423935
"2010",NA,58,"Honeycutt School","Ozone","Cumberland",35.0023035275774,-78.9916923423935
"2011",NA,45,"Honeycutt School","Ozone","Cumberland",35.0023035275774,-78.9916923423935
"2012",NA,54,"Honeycutt School","Ozone","Cumberland",35.0023035275774,-78.9916923423935
"2013",5-01-20,71,"Honeycutt School","Ozone","Cumberland",35.0023035275774,-78.9916923423935
"2014",5-02-20,71,"Honeycutt School","Ozone","Cumberland",35.0023035275774,-78.9916923423935
"2015",5-03-20,54,"Honeycutt School","Ozone","Cumberland",35.0023035275774,-78.9916923423935
"2016",5-04-20,49,"Honeycutt School","Ozone","Cumberland",35.0023035275774,-78.9916923423935
"2017",5-05-20,45,"Honeycutt School","Ozone","Cumberland",35.0023035275774,-78.9916923423935
"2018",5-06-20,41,"Honeycutt School","Ozone","Cumberland",35.0023035275774,-78.9916923423935
"2019",5-07-20,46,"Honeycutt School","Ozone","Cumberland",35.0023035275774,-78.9916923423935
"2020",5-08-20,47,"Honeycutt School","Ozone","Cumberland",35.0023035275774,-78.9916923423935
"2021",5-09-20,71,"Honeycutt School","Ozone","Cumberland",35.0023035275774,-78.9916923423935
"2022",5-10-20,84,"Honeycutt School","Ozone","Cumberland",35.0023035275774,-78.9916923423935
"2023",5-11-20,74,"Honeycutt School","Ozone","Cumberland",35.0023035275774,-78.9916923423935
"2024",5-12-20,100,"Honeycutt School","Ozone","Cumberland",35.0023035275774,-78.9916923423935
"2025",NA,84,"Honeycutt School","Ozone","Cumberland",35.0023035275774,-78.9916923423935
"2026",NA,64,"Honeycutt School","Ozone","Cumberland",35.0023035275774,-78.9916923423935
"2027",NA,24,"Honeycutt School","Ozone","Cumberland",35.0023035275774,-78.9916923423935
"2028",NA,34,"Honeycutt School","Ozone","Cumberland",35.0023035275774,-78.9916923423935
"2029",NA,26,"Honeycutt School","Ozone","Cumberland",35.0023035275774,-78.9916923423935
"2030",NA,30,"Honeycutt School","Ozone","Cumberland",35.0023035275774,-78.9916923423935
"2031",NA,23,"Honeycutt School","Ozone","Cumberland",35.0023035275774,-78.9916923423935
"2032",NA,33,"Honeycutt School","Ozone","Cumberland",35.0023035275774,-78.9916923423935
"2033",NA,46,"Honeycutt School","Ozone","Cumberland",35.0023035275774,-78.9916923423935
"2034",NA,32,"Honeycutt School","Ozone","Cumberland",35.0023035275774,-78.9916923423935
"2035",NA,35,"Honeycutt School","Ozone","Cumberland",35.0023035275774,-78.9916923423935
"2036",NA,39,"Honeycutt School","Ozone","Cumberland",35.0023035275774,-78.9916923423935
"2037",NA,40,"Honeycutt School","Ozone","Cumberland",35.0023035275774,-78.9916923423935
"2038",NA,25,"Honeycutt School","Ozone","Cumberland",35.0023035275774,-78.9916923423935
"2039",NA,26,"Honeycutt School","Ozone","Cumberland",35.0023035275774,-78.9916923423935
"2040",NA,17,"Honeycutt School","Ozone","Cumberland",35.0023035275774,-78.9916923423935
"2041",NA,26,"Honeycutt School","Ozone","Cumberland",35.0023035275774,-78.9916923423935
"2042",NA,27,"Honeycutt School","Ozone","Cumberland",35.0023035275774,-78.9916923423935
"2043",NA,27,"Honeycutt School","Ozone","Cumberland",35.0023035275774,-78.9916923423935
"2044",6-01-20,49,"Honeycutt School","Ozone","Cumberland",35.0023035275774,-78.9916923423935
"2045",6-02-20,48,"Honeycutt School","Ozone","Cumberland",35.0023035275774,-78.9916923423935
"2046",6-03-20,45,"Honeycutt School","Ozone","Cumberland",35.0023035275774,-78.9916923423935
"2047",6-04-20,74,"Honeycutt School","Ozone","Cumberland",35.0023035275774,-78.9916923423935
"2048",6-05-20,51,"Honeycutt School","Ozone","Cumberland",35.0023035275774,-78.9916923423935
"2049",6-06-20,74,"Honeycutt School","Ozone","Cumberland",35.0023035275774,-78.9916923423935
"2050",6-07-20,67,"Honeycutt School","Ozone","Cumberland",35.0023035275774,-78.9916923423935
"2051",6-08-20,58,"Honeycutt School","Ozone","Cumberland",35.0023035275774,-78.9916923423935
"2052",6-09-20,39,"Honeycutt School","Ozone","Cumberland",35.0023035275774,-78.9916923423935
"2053",6-10-20,46,"Honeycutt School","Ozone","Cumberland",35.0023035275774,-78.9916923423935
"2054",6-11-20,47,"Honeycutt School","Ozone","Cumberland",35.0023035275774,-78.9916923423935
"2055",6-12-20,28,"Honeycutt School","Ozone","Cumberland",35.0023035275774,-78.9916923423935
"2056",NA,44,"Honeycutt School","Ozone","Cumberland",35.0023035275774,-78.9916923423935
"2057",NA,46,"Honeycutt School","Ozone","Cumberland",35.0023035275774,-78.9916923423935
"2058",NA,51,"Honeycutt School","Ozone","Cumberland",35.0023035275774,-78.9916923423935
"2059",NA,49,"Honeycutt School","Ozone","Cumberland",35.0023035275774,-78.9916923423935
"2060",NA,47,"Honeycutt School","Ozone","Cumberland",35.0023035275774,-78.9916923423935
"2061",NA,46,"Honeycutt School","Ozone","Cumberland",35.0023035275774,-78.9916923423935
"2062",NA,54,"Honeycutt School","Ozone","Cumberland",35.0023035275774,-78.9916923423935
"2063",NA,54,"Honeycutt School","Ozone","Cumberland",35.0023035275774,-78.9916923423935
"2064",NA,43,"Honeycutt School","Ozone","Cumberland",35.0023035275774,-78.9916923423935
"2065",NA,46,"Honeycutt School","Ozone","Cumberland",35.0023035275774,-78.9916923423935
"2066",NA,44,"Honeycutt School","Ozone","Cumberland",35.0023035275774,-78.9916923423935
"2067",NA,38,"Honeycutt School","Ozone","Cumberland",35.0023035275774,-78.9916923423935
"2068",NA,47,"Honeycutt School","Ozone","Cumberland",35.0023035275774,-78.9916923423935
"2069",NA,36,"Honeycutt School","Ozone","Cumberland",35.0023035275774,-78.9916923423935
"2070",NA,40,"Honeycutt School","Ozone","Cumberland",35.0023035275774,-78.9916923423935
"2071",NA,44,"Honeycutt School","Ozone","Cumberland",35.0023035275774,-78.9916923423935
"2072",NA,54,"Honeycutt School","Ozone","Cumberland",35.0023035275774,-78.9916923423935
"2073",NA,39,"Honeycutt School","Ozone","Cumberland",35.0023035275774,-78.9916923423935
"2074",7-01-20,35,"Honeycutt School","Ozone","Cumberland",35.0023035275774,-78.9916923423935
"2075",7-02-20,39,"Honeycutt School","Ozone","Cumberland",35.0023035275774,-78.9916923423935
"2076",7-03-20,45,"Honeycutt School","Ozone","Cumberland",35.0023035275774,-78.9916923423935
"2077",7-04-20,28,"Honeycutt School","Ozone","Cumberland",35.0023035275774,-78.9916923423935
"2078",7-05-20,29,"Honeycutt School","Ozone","Cumberland",35.0023035275774,-78.9916923423935
"2079",7-06-20,33,"Honeycutt School","Ozone","Cumberland",35.0023035275774,-78.9916923423935
"2080",7-07-20,27,"Honeycutt School","Ozone","Cumberland",35.0023035275774,-78.9916923423935
"2081",7-08-20,35,"Honeycutt School","Ozone","Cumberland",35.0023035275774,-78.9916923423935
"2082",7-09-20,58,"Honeycutt School","Ozone","Cumberland",35.0023035275774,-78.9916923423935
"2083",7-10-20,54,"Honeycutt School","Ozone","Cumberland",35.0023035275774,-78.9916923423935
"2084",7-11-20,61,"Honeycutt School","Ozone","Cumberland",35.0023035275774,-78.9916923423935
"2085",7-12-20,58,"Honeycutt School","Ozone","Cumberland",35.0023035275774,-78.9916923423935
"2086",NA,67,"Honeycutt School","Ozone","Cumberland",35.0023035275774,-78.9916923423935
"2087",NA,64,"Honeycutt School","Ozone","Cumberland",35.0023035275774,-78.9916923423935
"2088",NA,51,"Honeycutt School","Ozone","Cumberland",35.0023035275774,-78.9916923423935
"2089",NA,41,"Honeycutt School","Ozone","Cumberland",35.0023035275774,-78.9916923423935
"2090",NA,47,"Honeycutt School","Ozone","Cumberland",35.0023035275774,-78.9916923423935
"2091",NA,44,"Honeycutt School","Ozone","Cumberland",35.0023035275774,-78.9916923423935
"2092",NA,71,"Honeycutt School","Ozone","Cumberland",35.0023035275774,-78.9916923423935
"2093",NA,37,"Honeycutt School","Ozone","Cumberland",35.0023035275774,-78.9916923423935
"2094",NA,44,"Honeycutt School","Ozone","Cumberland",35.0023035275774,-78.9916923423935
"2095",NA,44,"Honeycutt School","Ozone","Cumberland",35.0023035275774,-78.9916923423935
"2096",NA,44,"Honeycutt School","Ozone","Cumberland",35.0023035275774,-78.9916923423935
"2097",NA,44,"Honeycutt School","Ozone","Cumberland",35.0023035275774,-78.9916923423935
"2098",NA,42,"Honeycutt School","Ozone","Cumberland",35.0023035275774,-78.9916923423935
"2099",NA,44,"Honeycutt School","Ozone","Cumberland",35.0023035275774,-78.9916923423935
"2100",NA,40,"Honeycutt School","Ozone","Cumberland",35.0023035275774,-78.9916923423935
"2101",NA,48,"Honeycutt School","Ozone","Cumberland",35.0023035275774,-78.9916923423935
"2102",NA,40,"Honeycutt School","Ozone","Cumberland",35.0023035275774,-78.9916923423935
"2103",NA,27,"Honeycutt School","Ozone","Cumberland",35.0023035275774,-78.9916923423935
"2104",NA,28,"Honeycutt School","Ozone","Cumberland",35.0023035275774,-78.9916923423935
"2105",8-01-20,25,"Honeycutt School","Ozone","Cumberland",35.0023035275774,-78.9916923423935
"2106",8-02-20,22,"Honeycutt School","Ozone","Cumberland",35.0023035275774,-78.9916923423935
"2107",8-03-20,19,"Honeycutt School","Ozone","Cumberland",35.0023035275774,-78.9916923423935
"2108",8-04-20,28,"Honeycutt School","Ozone","Cumberland",35.0023035275774,-78.9916923423935
"2109",8-05-20,28,"Honeycutt School","Ozone","Cumberland",35.0023035275774,-78.9916923423935
"2110",8-06-20,44,"Honeycutt School","Ozone","Cumberland",35.0023035275774,-78.9916923423935
"2111",8-07-20,38,"Honeycutt School","Ozone","Cumberland",35.0023035275774,-78.9916923423935
"2112",8-08-20,38,"Honeycutt School","Ozone","Cumberland",35.0023035275774,-78.9916923423935
"2113",8-09-20,43,"Honeycutt School","Ozone","Cumberland",35.0023035275774,-78.9916923423935
"2114",8-10-20,49,"Honeycutt School","Ozone","Cumberland",35.0023035275774,-78.9916923423935
"2115",8-11-20,42,"Honeycutt School","Ozone","Cumberland",35.0023035275774,-78.9916923423935
"2116",8-12-20,34,"Honeycutt School","Ozone","Cumberland",35.0023035275774,-78.9916923423935
"2117",NA,34,"Honeycutt School","Ozone","Cumberland",35.0023035275774,-78.9916923423935
"2118",NA,35,"Honeycutt School","Ozone","Cumberland",35.0023035275774,-78.9916923423935
"2119",NA,47,"Honeycutt School","Ozone","Cumberland",35.0023035275774,-78.9916923423935
"2120",NA,44,"Honeycutt School","Ozone","Cumberland",35.0023035275774,-78.9916923423935
"2121",NA,30,"Honeycutt School","Ozone","Cumberland",35.0023035275774,-78.9916923423935
"2122",NA,31,"Honeycutt School","Ozone","Cumberland",35.0023035275774,-78.9916923423935
"2123",NA,31,"Honeycutt School","Ozone","Cumberland",35.0023035275774,-78.9916923423935
"2124",NA,31,"Honeycutt School","Ozone","Cumberland",35.0023035275774,-78.9916923423935
"2125",NA,30,"Honeycutt School","Ozone","Cumberland",35.0023035275774,-78.9916923423935
"2126",NA,37,"Honeycutt School","Ozone","Cumberland",35.0023035275774,-78.9916923423935
"2127",NA,48,"Honeycutt School","Ozone","Cumberland",35.0023035275774,-78.9916923423935
"2128",NA,44,"Honeycutt School","Ozone","Cumberland",35.0023035275774,-78.9916923423935
"2129",NA,43,"Honeycutt School","Ozone","Cumberland",35.0023035275774,-78.9916923423935
"2130",NA,45,"Honeycutt School","Ozone","Cumberland",35.0023035275774,-78.9916923423935
"2131",NA,46,"Honeycutt School","Ozone","Cumberland",35.0023035275774,-78.9916923423935
"2132",NA,41,"Honeycutt School","Ozone","Cumberland",35.0023035275774,-78.9916923423935
"2133",NA,32,"Honeycutt School","Ozone","Cumberland",35.0023035275774,-78.9916923423935
"2134",NA,38,"Honeycutt School","Ozone","Cumberland",35.0023035275774,-78.9916923423935
"2135",NA,41,"Honeycutt School","Ozone","Cumberland",35.0023035275774,-78.9916923423935
"2136",9-01-20,27,"Honeycutt School","Ozone","Cumberland",35.0023035275774,-78.9916923423935
"2137",9-02-20,25,"Honeycutt School","Ozone","Cumberland",35.0023035275774,-78.9916923423935
"2138",9-03-20,33,"Honeycutt School","Ozone","Cumberland",35.0023035275774,-78.9916923423935
"2139",9-04-20,36,"Honeycutt School","Ozone","Cumberland",35.0023035275774,-78.9916923423935
"2140",9-05-20,33,"Honeycutt School","Ozone","Cumberland",35.0023035275774,-78.9916923423935
"2141",9-06-20,36,"Honeycutt School","Ozone","Cumberland",35.0023035275774,-78.9916923423935
"2142",9-07-20,44,"Honeycutt School","Ozone","Cumberland",35.0023035275774,-78.9916923423935
"2143",9-08-20,35,"Honeycutt School","Ozone","Cumberland",35.0023035275774,-78.9916923423935
"2144",9-09-20,26,"Honeycutt School","Ozone","Cumberland",35.0023035275774,-78.9916923423935
"2145",9-10-20,26,"Honeycutt School","Ozone","Cumberland",35.0023035275774,-78.9916923423935
"2146",NA,28,"Honeycutt School","Ozone","Cumberland",35.0023035275774,-78.9916923423935
"2147",NA,24,"Honeycutt School","Ozone","Cumberland",35.0023035275774,-78.9916923423935
"2148",NA,35,"Honeycutt School","Ozone","Cumberland",35.0023035275774,-78.9916923423935
"2149",NA,38,"Honeycutt School","Ozone","Cumberland",35.0023035275774,-78.9916923423935
"2150",10-01-20,47,"Honeycutt School","Ozone","Cumberland",35.0023035275774,-78.9916923423935
"2151",10-02-20,39,"Honeycutt School","Ozone","Cumberland",35.0023035275774,-78.9916923423935
"2152",10-03-20,40,"Honeycutt School","Ozone","Cumberland",35.0023035275774,-78.9916923423935
"2153",10-04-20,36,"Honeycutt School","Ozone","Cumberland",35.0023035275774,-78.9916923423935
"2154",10-05-20,35,"Honeycutt School","Ozone","Cumberland",35.0023035275774,-78.9916923423935
"2155",10-06-20,28,"Honeycutt School","Ozone","Cumberland",35.0023035275774,-78.9916923423935
"2156",10-07-20,35,"Honeycutt School","Ozone","Cumberland",35.0023035275774,-78.9916923423935
"2157",10-08-20,31,"Honeycutt School","Ozone","Cumberland",35.0023035275774,-78.9916923423935
"2158",10-09-20,30,"Honeycutt School","Ozone","Cumberland",35.0023035275774,-78.9916923423935
"2159",NA,34,"Honeycutt School","Ozone","Cumberland",35.0023035275774,-78.9916923423935
"2160",NA,31,"Honeycutt School","Ozone","Cumberland",35.0023035275774,-78.9916923423935
"2161",NA,30,"Honeycutt School","Ozone","Cumberland",35.0023035275774,-78.9916923423935
"2162",NA,23,"Honeycutt School","Ozone","Cumberland",35.0023035275774,-78.9916923423935
"2163",NA,33,"Honeycutt School","Ozone","Cumberland",35.0023035275774,-78.9916923423935
"2164",NA,39,"Honeycutt School","Ozone","Cumberland",35.0023035275774,-78.9916923423935
"2165",NA,29,"Honeycutt School","Ozone","Cumberland",35.0023035275774,-78.9916923423935
"2166",NA,28,"Honeycutt School","Ozone","Cumberland",35.0023035275774,-78.9916923423935
"2167",NA,30,"Honeycutt School","Ozone","Cumberland",35.0023035275774,-78.9916923423935
"2168",NA,33,"Honeycutt School","Ozone","Cumberland",35.0023035275774,-78.9916923423935
"2169",NA,35,"Honeycutt School","Ozone","Cumberland",35.0023035275774,-78.9916923423935
"2170",NA,25,"Honeycutt School","Ozone","Cumberland",35.0023035275774,-78.9916923423935
"2171",NA,22,"Honeycutt School","Ozone","Cumberland",35.0023035275774,-78.9916923423935
"2172",NA,19,"Honeycutt School","Ozone","Cumberland",35.0023035275774,-78.9916923423935
"2173",NA,33,"Honeycutt School","Ozone","Cumberland",35.0023035275774,-78.9916923423935
"2174",NA,32,"Honeycutt School","Ozone","Cumberland",35.0023035275774,-78.9916923423935
"2175",NA,34,"Honeycutt School","Ozone","Cumberland",35.0023035275774,-78.9916923423935
"2176",NA,44,"Honeycutt School","Ozone","Cumberland",35.0023035275774,-78.9916923423935
"2177",3-01-20,37,"Durham Armory","Ozone","Durham",36.0329550008979,-78.904037
"2178",3-02-20,42,"Durham Armory","Ozone","Durham",36.0329550008979,-78.904037
"2179",3-03-20,43,"Durham Armory","Ozone","Durham",36.0329550008979,-78.904037
"2180",3-04-20,44,"Durham Armory","Ozone","Durham",36.0329550008979,-78.904037
"2181",3-05-20,42,"Durham Armory","Ozone","Durham",36.0329550008979,-78.904037
"2182",3-06-20,24,"Durham Armory","Ozone","Durham",36.0329550008979,-78.904037
"2183",3-07-20,33,"Durham Armory","Ozone","Durham",36.0329550008979,-78.904037
"2184",3-08-20,38,"Durham Armory","Ozone","Durham",36.0329550008979,-78.904037
"2185",3-09-20,41,"Durham Armory","Ozone","Durham",36.0329550008979,-78.904037
"2186",3-10-20,18,"Durham Armory","Ozone","Durham",36.0329550008979,-78.904037
"2187",3-11-20,30,"Durham Armory","Ozone","Durham",36.0329550008979,-78.904037
"2188",3-12-20,36,"Durham Armory","Ozone","Durham",36.0329550008979,-78.904037
"2189",NA,43,"Durham Armory","Ozone","Durham",36.0329550008979,-78.904037
"2190",NA,42,"Durham Armory","Ozone","Durham",36.0329550008979,-78.904037
"2191",NA,51,"Durham Armory","Ozone","Durham",36.0329550008979,-78.904037
"2192",NA,49,"Durham Armory","Ozone","Durham",36.0329550008979,-78.904037
"2193",NA,45,"Durham Armory","Ozone","Durham",36.0329550008979,-78.904037
"2194",NA,44,"Durham Armory","Ozone","Durham",36.0329550008979,-78.904037
"2195",NA,43,"Durham Armory","Ozone","Durham",36.0329550008979,-78.904037
"2196",NA,32,"Durham Armory","Ozone","Durham",36.0329550008979,-78.904037
"2197",NA,31,"Durham Armory","Ozone","Durham",36.0329550008979,-78.904037
"2198",NA,42,"Durham Armory","Ozone","Durham",36.0329550008979,-78.904037
"2199",NA,47,"Durham Armory","Ozone","Durham",36.0329550008979,-78.904037
"2200",NA,41,"Durham Armory","Ozone","Durham",36.0329550008979,-78.904037
"2201",NA,44,"Durham Armory","Ozone","Durham",36.0329550008979,-78.904037
"2202",NA,43,"Durham Armory","Ozone","Durham",36.0329550008979,-78.904037
"2203",NA,34,"Durham Armory","Ozone","Durham",36.0329550008979,-78.904037
"2204",NA,43,"Durham Armory","Ozone","Durham",36.0329550008979,-78.904037
"2205",NA,49,"Durham Armory","Ozone","Durham",36.0329550008979,-78.904037
"2206",NA,40,"Durham Armory","Ozone","Durham",36.0329550008979,-78.904037
"2207",NA,46,"Durham Armory","Ozone","Durham",36.0329550008979,-78.904037
"2208",4-01-20,47,"Durham Armory","Ozone","Durham",36.0329550008979,-78.904037
"2209",4-02-20,48,"Durham Armory","Ozone","Durham",36.0329550008979,-78.904037
"2210",4-03-20,38,"Durham Armory","Ozone","Durham",36.0329550008979,-78.904037
"2211",4-04-20,42,"Durham Armory","Ozone","Durham",36.0329550008979,-78.904037
"2212",4-05-20,45,"Durham Armory","Ozone","Durham",36.0329550008979,-78.904037
"2213",4-06-20,51,"Durham Armory","Ozone","Durham",36.0329550008979,-78.904037
"2214",4-07-20,44,"Durham Armory","Ozone","Durham",36.0329550008979,-78.904037
"2215",4-08-20,42,"Durham Armory","Ozone","Durham",36.0329550008979,-78.904037
"2216",4-09-20,45,"Durham Armory","Ozone","Durham",36.0329550008979,-78.904037
"2217",4-10-20,44,"Durham Armory","Ozone","Durham",36.0329550008979,-78.904037
"2218",4-11-20,48,"Durham Armory","Ozone","Durham",36.0329550008979,-78.904037
"2219",4-12-20,54,"Durham Armory","Ozone","Durham",36.0329550008979,-78.904037
"2220",NA,51,"Durham Armory","Ozone","Durham",36.0329550008979,-78.904037
"2221",NA,48,"Durham Armory","Ozone","Durham",36.0329550008979,-78.904037
"2222",NA,36,"Durham Armory","Ozone","Durham",36.0329550008979,-78.904037
"2223",NA,32,"Durham Armory","Ozone","Durham",36.0329550008979,-78.904037
"2224",NA,48,"Durham Armory","Ozone","Durham",36.0329550008979,-78.904037
"2225",NA,58,"Durham Armory","Ozone","Durham",36.0329550008979,-78.904037
"2226",NA,46,"Durham Armory","Ozone","Durham",36.0329550008979,-78.904037
"2227",NA,54,"Durham Armory","Ozone","Durham",36.0329550008979,-78.904037
"2228",NA,77,"Durham Armory","Ozone","Durham",36.0329550008979,-78.904037
"2229",NA,64,"Durham Armory","Ozone","Durham",36.0329550008979,-78.904037
"2230",NA,47,"Durham Armory","Ozone","Durham",36.0329550008979,-78.904037
"2231",NA,39,"Durham Armory","Ozone","Durham",36.0329550008979,-78.904037
"2232",NA,29,"Durham Armory","Ozone","Durham",36.0329550008979,-78.904037
"2233",NA,44,"Durham Armory","Ozone","Durham",36.0329550008979,-78.904037
"2234",NA,45,"Durham Armory","Ozone","Durham",36.0329550008979,-78.904037
"2235",NA,71,"Durham Armory","Ozone","Durham",36.0329550008979,-78.904037
"2236",NA,44,"Durham Armory","Ozone","Durham",36.0329550008979,-78.904037
"2237",NA,51,"Durham Armory","Ozone","Durham",36.0329550008979,-78.904037
"2238",5-01-20,64,"Durham Armory","Ozone","Durham",36.0329550008979,-78.904037
"2239",5-02-20,71,"Durham Armory","Ozone","Durham",36.0329550008979,-78.904037
"2240",5-03-20,51,"Durham Armory","Ozone","Durham",36.0329550008979,-78.904037
"2241",5-04-20,47,"Durham Armory","Ozone","Durham",36.0329550008979,-78.904037
"2242",5-05-20,45,"Durham Armory","Ozone","Durham",36.0329550008979,-78.904037
"2243",5-06-20,36,"Durham Armory","Ozone","Durham",36.0329550008979,-78.904037
"2244",5-07-20,43,"Durham Armory","Ozone","Durham",36.0329550008979,-78.904037
"2245",5-08-20,47,"Durham Armory","Ozone","Durham",36.0329550008979,-78.904037
"2246",5-09-20,58,"Durham Armory","Ozone","Durham",36.0329550008979,-78.904037
"2247",5-10-20,51,"Durham Armory","Ozone","Durham",36.0329550008979,-78.904037
"2248",5-11-20,71,"Durham Armory","Ozone","Durham",36.0329550008979,-78.904037
"2249",5-12-20,80,"Durham Armory","Ozone","Durham",36.0329550008979,-78.904037
"2250",NA,54,"Durham Armory","Ozone","Durham",36.0329550008979,-78.904037
"2251",NA,25,"Durham Armory","Ozone","Durham",36.0329550008979,-78.904037
"2252",NA,33,"Durham Armory","Ozone","Durham",36.0329550008979,-78.904037
"2253",NA,30,"Durham Armory","Ozone","Durham",36.0329550008979,-78.904037
"2254",NA,31,"Durham Armory","Ozone","Durham",36.0329550008979,-78.904037
"2255",NA,21,"Durham Armory","Ozone","Durham",36.0329550008979,-78.904037
"2256",NA,31,"Durham Armory","Ozone","Durham",36.0329550008979,-78.904037
"2257",NA,38,"Durham Armory","Ozone","Durham",36.0329550008979,-78.904037
"2258",NA,29,"Durham Armory","Ozone","Durham",36.0329550008979,-78.904037
"2259",NA,42,"Durham Armory","Ozone","Durham",36.0329550008979,-78.904037
"2260",NA,45,"Durham Armory","Ozone","Durham",36.0329550008979,-78.904037
"2261",NA,47,"Durham Armory","Ozone","Durham",36.0329550008979,-78.904037
"2262",NA,23,"Durham Armory","Ozone","Durham",36.0329550008979,-78.904037
"2263",NA,24,"Durham Armory","Ozone","Durham",36.0329550008979,-78.904037
"2264",NA,18,"Durham Armory","Ozone","Durham",36.0329550008979,-78.904037
"2265",NA,23,"Durham Armory","Ozone","Durham",36.0329550008979,-78.904037
"2266",NA,28,"Durham Armory","Ozone","Durham",36.0329550008979,-78.904037
"2267",NA,28,"Durham Armory","Ozone","Durham",36.0329550008979,-78.904037
"2268",6-01-20,47,"Durham Armory","Ozone","Durham",36.0329550008979,-78.904037
"2269",6-02-20,37,"Durham Armory","Ozone","Durham",36.0329550008979,-78.904037
"2270",6-03-20,38,"Durham Armory","Ozone","Durham",36.0329550008979,-78.904037
"2271",6-04-20,71,"Durham Armory","Ozone","Durham",36.0329550008979,-78.904037
"2272",6-05-20,54,"Durham Armory","Ozone","Durham",36.0329550008979,-78.904037
"2273",6-06-20,61,"Durham Armory","Ozone","Durham",36.0329550008979,-78.904037
"2274",6-07-20,49,"Durham Armory","Ozone","Durham",36.0329550008979,-78.904037
"2275",6-08-20,100,"Durham Armory","Ozone","Durham",36.0329550008979,-78.904037
"2276",6-09-20,74,"Durham Armory","Ozone","Durham",36.0329550008979,-78.904037
"2277",6-10-20,45,"Durham Armory","Ozone","Durham",36.0329550008979,-78.904037
"2278",6-11-20,34,"Durham Armory","Ozone","Durham",36.0329550008979,-78.904037
"2279",6-12-20,29,"Durham Armory","Ozone","Durham",36.0329550008979,-78.904037
"2280",NA,37,"Durham Armory","Ozone","Durham",36.0329550008979,-78.904037
"2281",NA,44,"Durham Armory","Ozone","Durham",36.0329550008979,-78.904037
"2282",NA,54,"Durham Armory","Ozone","Durham",36.0329550008979,-78.904037
"2283",NA,61,"Durham Armory","Ozone","Durham",36.0329550008979,-78.904037
"2284",NA,54,"Durham Armory","Ozone","Durham",36.0329550008979,-78.904037
"2285",NA,38,"Durham Armory","Ozone","Durham",36.0329550008979,-78.904037
"2286",NA,38,"Durham Armory","Ozone","Durham",36.0329550008979,-78.904037
"2287",NA,40,"Durham Armory","Ozone","Durham",36.0329550008979,-78.904037
"2288",NA,44,"Durham Armory","Ozone","Durham",36.0329550008979,-78.904037
"2289",NA,43,"Durham Armory","Ozone","Durham",36.0329550008979,-78.904037
"2290",NA,43,"Durham Armory","Ozone","Durham",36.0329550008979,-78.904037
"2291",NA,29,"Durham Armory","Ozone","Durham",36.0329550008979,-78.904037
"2292",NA,37,"Durham Armory","Ozone","Durham",36.0329550008979,-78.904037
"2293",NA,42,"Durham Armory","Ozone","Durham",36.0329550008979,-78.904037
"2294",NA,44,"Durham Armory","Ozone","Durham",36.0329550008979,-78.904037
"2295",NA,46,"Durham Armory","Ozone","Durham",36.0329550008979,-78.904037
"2296",7-01-20,44,"Durham Armory","Ozone","Durham",36.0329550008979,-78.904037
"2297",7-02-20,47,"Durham Armory","Ozone","Durham",36.0329550008979,-78.904037
"2298",7-03-20,41,"Durham Armory","Ozone","Durham",36.0329550008979,-78.904037
"2299",7-04-20,23,"Durham Armory","Ozone","Durham",36.0329550008979,-78.904037
"2300",7-05-20,39,"Durham Armory","Ozone","Durham",36.0329550008979,-78.904037
"2301",7-06-20,33,"Durham Armory","Ozone","Durham",36.0329550008979,-78.904037
"2302",7-07-20,31,"Durham Armory","Ozone","Durham",36.0329550008979,-78.904037
"2303",7-08-20,34,"Durham Armory","Ozone","Durham",36.0329550008979,-78.904037
"2304",7-09-20,41,"Durham Armory","Ozone","Durham",36.0329550008979,-78.904037
"2305",7-10-20,74,"Durham Armory","Ozone","Durham",36.0329550008979,-78.904037
"2306",7-11-20,58,"Durham Armory","Ozone","Durham",36.0329550008979,-78.904037
"2307",7-12-20,48,"Durham Armory","Ozone","Durham",36.0329550008979,-78.904037
"2308",NA,48,"Durham Armory","Ozone","Durham",36.0329550008979,-78.904037
"2309",NA,47,"Durham Armory","Ozone","Durham",36.0329550008979,-78.904037
"2310",NA,51,"Durham Armory","Ozone","Durham",36.0329550008979,-78.904037
"2311",NA,42,"Durham Armory","Ozone","Durham",36.0329550008979,-78.904037
"2312",NA,43,"Durham Armory","Ozone","Durham",36.0329550008979,-78.904037
"2313",NA,41,"Durham Armory","Ozone","Durham",36.0329550008979,-78.904037
"2314",NA,64,"Durham Armory","Ozone","Durham",36.0329550008979,-78.904037
"2315",NA,44,"Durham Armory","Ozone","Durham",36.0329550008979,-78.904037
"2316",NA,38,"Durham Armory","Ozone","Durham",36.0329550008979,-78.904037
"2317",NA,42,"Durham Armory","Ozone","Durham",36.0329550008979,-78.904037
"2318",NA,45,"Durham Armory","Ozone","Durham",36.0329550008979,-78.904037
"2319",NA,42,"Durham Armory","Ozone","Durham",36.0329550008979,-78.904037
"2320",NA,39,"Durham Armory","Ozone","Durham",36.0329550008979,-78.904037
"2321",NA,49,"Durham Armory","Ozone","Durham",36.0329550008979,-78.904037
"2322",NA,47,"Durham Armory","Ozone","Durham",36.0329550008979,-78.904037
"2323",NA,42,"Durham Armory","Ozone","Durham",36.0329550008979,-78.904037
"2324",NA,37,"Durham Armory","Ozone","Durham",36.0329550008979,-78.904037
"2325",NA,31,"Durham Armory","Ozone","Durham",36.0329550008979,-78.904037
"2326",NA,30,"Durham Armory","Ozone","Durham",36.0329550008979,-78.904037
"2327",8-01-20,30,"Durham Armory","Ozone","Durham",36.0329550008979,-78.904037
"2328",8-02-20,24,"Durham Armory","Ozone","Durham",36.0329550008979,-78.904037
"2329",8-03-20,19,"Durham Armory","Ozone","Durham",36.0329550008979,-78.904037
"2330",8-04-20,26,"Durham Armory","Ozone","Durham",36.0329550008979,-78.904037
"2331",8-05-20,41,"Durham Armory","Ozone","Durham",36.0329550008979,-78.904037
"2332",8-06-20,44,"Durham Armory","Ozone","Durham",36.0329550008979,-78.904037
"2333",8-07-20,40,"Durham Armory","Ozone","Durham",36.0329550008979,-78.904037
"2334",8-08-20,42,"Durham Armory","Ozone","Durham",36.0329550008979,-78.904037
"2335",8-09-20,39,"Durham Armory","Ozone","Durham",36.0329550008979,-78.904037
"2336",8-10-20,47,"Durham Armory","Ozone","Durham",36.0329550008979,-78.904037
"2337",8-11-20,40,"Durham Armory","Ozone","Durham",36.0329550008979,-78.904037
"2338",8-12-20,42,"Durham Armory","Ozone","Durham",36.0329550008979,-78.904037
"2339",NA,39,"Durham Armory","Ozone","Durham",36.0329550008979,-78.904037
"2340",NA,41,"Durham Armory","Ozone","Durham",36.0329550008979,-78.904037
"2341",NA,42,"Durham Armory","Ozone","Durham",36.0329550008979,-78.904037
"2342",NA,50,"Durham Armory","Ozone","Durham",36.0329550008979,-78.904037
"2343",NA,35,"Durham Armory","Ozone","Durham",36.0329550008979,-78.904037
"2344",NA,26,"Durham Armory","Ozone","Durham",36.0329550008979,-78.904037
"2345",NA,35,"Durham Armory","Ozone","Durham",36.0329550008979,-78.904037
"2346",NA,40,"Durham Armory","Ozone","Durham",36.0329550008979,-78.904037
"2347",NA,27,"Durham Armory","Ozone","Durham",36.0329550008979,-78.904037
"2348",NA,40,"Durham Armory","Ozone","Durham",36.0329550008979,-78.904037
"2349",NA,36,"Durham Armory","Ozone","Durham",36.0329550008979,-78.904037
"2350",NA,43,"Durham Armory","Ozone","Durham",36.0329550008979,-78.904037
"2351",NA,41,"Durham Armory","Ozone","Durham",36.0329550008979,-78.904037
"2352",NA,40,"Durham Armory","Ozone","Durham",36.0329550008979,-78.904037
"2353",NA,43,"Durham Armory","Ozone","Durham",36.0329550008979,-78.904037
"2354",NA,48,"Durham Armory","Ozone","Durham",36.0329550008979,-78.904037
"2355",NA,40,"Durham Armory","Ozone","Durham",36.0329550008979,-78.904037
"2356",NA,45,"Durham Armory","Ozone","Durham",36.0329550008979,-78.904037
"2357",NA,100,"Durham Armory","Ozone","Durham",36.0329550008979,-78.904037
"2358",9-01-20,35,"Durham Armory","Ozone","Durham",36.0329550008979,-78.904037
"2359",9-02-20,25,"Durham Armory","Ozone","Durham",36.0329550008979,-78.904037
"2360",9-03-20,33,"Durham Armory","Ozone","Durham",36.0329550008979,-78.904037
"2361",9-04-20,33,"Durham Armory","Ozone","Durham",36.0329550008979,-78.904037
"2362",9-05-20,37,"Durham Armory","Ozone","Durham",36.0329550008979,-78.904037
"2363",9-06-20,40,"Durham Armory","Ozone","Durham",36.0329550008979,-78.904037
"2364",9-07-20,41,"Durham Armory","Ozone","Durham",36.0329550008979,-78.904037
"2365",9-08-20,39,"Durham Armory","Ozone","Durham",36.0329550008979,-78.904037
"2366",9-09-20,9,"Durham Armory","Ozone","Durham",36.0329550008979,-78.904037
"2367",9-10-20,29,"Durham Armory","Ozone","Durham",36.0329550008979,-78.904037
"2368",NA,25,"Durham Armory","Ozone","Durham",36.0329550008979,-78.904037
"2369",NA,42,"Durham Armory","Ozone","Durham",36.0329550008979,-78.904037
"2370",NA,51,"Durham Armory","Ozone","Durham",36.0329550008979,-78.904037
"2371",NA,39,"Durham Armory","Ozone","Durham",36.0329550008979,-78.904037
"2372",NA,40,"Durham Armory","Ozone","Durham",36.0329550008979,-78.904037
"2373",NA,16,"Durham Armory","Ozone","Durham",36.0329550008979,-78.904037
"2374",NA,20,"Durham Armory","Ozone","Durham",36.0329550008979,-78.904037
"2375",NA,31,"Durham Armory","Ozone","Durham",36.0329550008979,-78.904037
"2376",NA,35,"Durham Armory","Ozone","Durham",36.0329550008979,-78.904037
"2377",NA,20,"Durham Armory","Ozone","Durham",36.0329550008979,-78.904037
"2378",NA,22,"Durham Armory","Ozone","Durham",36.0329550008979,-78.904037
"2379",NA,33,"Durham Armory","Ozone","Durham",36.0329550008979,-78.904037
"2380",NA,37,"Durham Armory","Ozone","Durham",36.0329550008979,-78.904037
"2381",10-01-20,43,"Durham Armory","Ozone","Durham",36.0329550008979,-78.904037
"2382",10-02-20,40,"Durham Armory","Ozone","Durham",36.0329550008979,-78.904037
"2383",10-03-20,32,"Durham Armory","Ozone","Durham",36.0329550008979,-78.904037
"2384",10-04-20,40,"Durham Armory","Ozone","Durham",36.0329550008979,-78.904037
"2385",10-05-20,36,"Durham Armory","Ozone","Durham",36.0329550008979,-78.904037
"2386",10-06-20,26,"Durham Armory","Ozone","Durham",36.0329550008979,-78.904037
"2387",10-07-20,33,"Durham Armory","Ozone","Durham",36.0329550008979,-78.904037
"2388",10-08-20,28,"Durham Armory","Ozone","Durham",36.0329550008979,-78.904037
"2389",10-09-20,25,"Durham Armory","Ozone","Durham",36.0329550008979,-78.904037
"2390",10-10-20,20,"Durham Armory","Ozone","Durham",36.0329550008979,-78.904037
"2391",10-11-20,27,"Durham Armory","Ozone","Durham",36.0329550008979,-78.904037
"2392",10-12-20,32,"Durham Armory","Ozone","Durham",36.0329550008979,-78.904037
"2393",NA,31,"Durham Armory","Ozone","Durham",36.0329550008979,-78.904037
"2394",NA,19,"Durham Armory","Ozone","Durham",36.0329550008979,-78.904037
"2395",NA,31,"Durham Armory","Ozone","Durham",36.0329550008979,-78.904037
"2396",NA,19,"Durham Armory","Ozone","Durham",36.0329550008979,-78.904037
"2397",NA,28,"Durham Armory","Ozone","Durham",36.0329550008979,-78.904037
"2398",NA,31,"Durham Armory","Ozone","Durham",36.0329550008979,-78.904037
"2399",NA,37,"Durham Armory","Ozone","Durham",36.0329550008979,-78.904037
"2400",NA,28,"Durham Armory","Ozone","Durham",36.0329550008979,-78.904037
"2401",NA,30,"Durham Armory","Ozone","Durham",36.0329550008979,-78.904037
"2402",NA,27,"Durham Armory","Ozone","Durham",36.0329550008979,-78.904037
"2403",NA,29,"Durham Armory","Ozone","Durham",36.0329550008979,-78.904037
"2404",NA,32,"Durham Armory","Ozone","Durham",36.0329550008979,-78.904037
"2405",NA,21,"Durham Armory","Ozone","Durham",36.0329550008979,-78.904037
"2406",NA,26,"Durham Armory","Ozone","Durham",36.0329550008979,-78.904037
"2407",NA,19,"Durham Armory","Ozone","Durham",36.0329550008979,-78.904037
"2408",NA,34,"Durham Armory","Ozone","Durham",36.0329550008979,-78.904037
"2409",NA,33,"Durham Armory","Ozone","Durham",36.0329550008979,-78.904037
"2410",NA,36,"Durham Armory","Ozone","Durham",36.0329550008979,-78.904037
"2411",NA,39,"Durham Armory","Ozone","Durham",36.0329550008979,-78.904037
"2412",3-01-20,32,"Leggett","Ozone","Edgecombe",35.988278,-77.5843
"2413",3-02-20,42,"Leggett","Ozone","Edgecombe",35.988278,-77.5843
"2414",3-03-20,44,"Leggett","Ozone","Edgecombe",35.988278,-77.5843
"2415",3-04-20,42,"Leggett","Ozone","Edgecombe",35.988278,-77.5843
"2416",3-05-20,43,"Leggett","Ozone","Edgecombe",35.988278,-77.5843
"2417",3-06-20,35,"Leggett","Ozone","Edgecombe",35.988278,-77.5843
"2418",3-07-20,36,"Leggett","Ozone","Edgecombe",35.988278,-77.5843
"2419",3-08-20,40,"Leggett","Ozone","Edgecombe",35.988278,-77.5843
"2420",3-09-20,41,"Leggett","Ozone","Edgecombe",35.988278,-77.5843
"2421",3-10-20,37,"Leggett","Ozone","Edgecombe",35.988278,-77.5843
"2422",3-11-20,34,"Leggett","Ozone","Edgecombe",35.988278,-77.5843
"2423",3-12-20,33,"Leggett","Ozone","Edgecombe",35.988278,-77.5843
"2424",NA,44,"Leggett","Ozone","Edgecombe",35.988278,-77.5843
"2425",NA,42,"Leggett","Ozone","Edgecombe",35.988278,-77.5843
"2426",NA,50,"Leggett","Ozone","Edgecombe",35.988278,-77.5843
"2427",NA,51,"Leggett","Ozone","Edgecombe",35.988278,-77.5843
"2428",NA,45,"Leggett","Ozone","Edgecombe",35.988278,-77.5843
"2429",NA,43,"Leggett","Ozone","Edgecombe",35.988278,-77.5843
"2430",NA,39,"Leggett","Ozone","Edgecombe",35.988278,-77.5843
"2431",NA,35,"Leggett","Ozone","Edgecombe",35.988278,-77.5843
"2432",NA,31,"Leggett","Ozone","Edgecombe",35.988278,-77.5843
"2433",NA,43,"Leggett","Ozone","Edgecombe",35.988278,-77.5843
"2434",NA,47,"Leggett","Ozone","Edgecombe",35.988278,-77.5843
"2435",NA,44,"Leggett","Ozone","Edgecombe",35.988278,-77.5843
"2436",NA,47,"Leggett","Ozone","Edgecombe",35.988278,-77.5843
"2437",NA,43,"Leggett","Ozone","Edgecombe",35.988278,-77.5843
"2438",NA,35,"Leggett","Ozone","Edgecombe",35.988278,-77.5843
"2439",NA,45,"Leggett","Ozone","Edgecombe",35.988278,-77.5843
"2440",NA,38,"Leggett","Ozone","Edgecombe",35.988278,-77.5843
"2441",NA,44,"Leggett","Ozone","Edgecombe",35.988278,-77.5843
"2442",4-01-20,47,"Leggett","Ozone","Edgecombe",35.988278,-77.5843
"2443",4-02-20,48,"Leggett","Ozone","Edgecombe",35.988278,-77.5843
"2444",4-03-20,37,"Leggett","Ozone","Edgecombe",35.988278,-77.5843
"2445",4-04-20,43,"Leggett","Ozone","Edgecombe",35.988278,-77.5843
"2446",4-06-20,61,"Leggett","Ozone","Edgecombe",35.988278,-77.5843
"2447",4-09-20,39,"Leggett","Ozone","Edgecombe",35.988278,-77.5843
"2448",4-12-20,54,"Leggett","Ozone","Edgecombe",35.988278,-77.5843
"2449",NA,54,"Leggett","Ozone","Edgecombe",35.988278,-77.5843
"2450",NA,45,"Leggett","Ozone","Edgecombe",35.988278,-77.5843
"2451",NA,36,"Leggett","Ozone","Edgecombe",35.988278,-77.5843
"2452",NA,33,"Leggett","Ozone","Edgecombe",35.988278,-77.5843
"2453",NA,45,"Leggett","Ozone","Edgecombe",35.988278,-77.5843
"2454",NA,64,"Leggett","Ozone","Edgecombe",35.988278,-77.5843
"2455",NA,48,"Leggett","Ozone","Edgecombe",35.988278,-77.5843
"2456",NA,64,"Leggett","Ozone","Edgecombe",35.988278,-77.5843
"2457",NA,58,"Leggett","Ozone","Edgecombe",35.988278,-77.5843
"2458",NA,54,"Leggett","Ozone","Edgecombe",35.988278,-77.5843
"2459",NA,44,"Leggett","Ozone","Edgecombe",35.988278,-77.5843
"2460",NA,34,"Leggett","Ozone","Edgecombe",35.988278,-77.5843
"2461",NA,39,"Leggett","Ozone","Edgecombe",35.988278,-77.5843
"2462",NA,48,"Leggett","Ozone","Edgecombe",35.988278,-77.5843
"2463",NA,58,"Leggett","Ozone","Edgecombe",35.988278,-77.5843
"2464",NA,50,"Leggett","Ozone","Edgecombe",35.988278,-77.5843
"2465",5-01-20,77,"Leggett","Ozone","Edgecombe",35.988278,-77.5843
"2466",5-02-20,74,"Leggett","Ozone","Edgecombe",35.988278,-77.5843
"2467",5-03-20,61,"Leggett","Ozone","Edgecombe",35.988278,-77.5843
"2468",5-04-20,51,"Leggett","Ozone","Edgecombe",35.988278,-77.5843
"2469",5-05-20,44,"Leggett","Ozone","Edgecombe",35.988278,-77.5843
"2470",5-06-20,32,"Leggett","Ozone","Edgecombe",35.988278,-77.5843
"2471",5-07-20,33,"Leggett","Ozone","Edgecombe",35.988278,-77.5843
"2472",5-08-20,37,"Leggett","Ozone","Edgecombe",35.988278,-77.5843
"2473",5-09-20,25,"Leggett","Ozone","Edgecombe",35.988278,-77.5843
"2474",5-10-20,67,"Leggett","Ozone","Edgecombe",35.988278,-77.5843
"2475",5-11-20,71,"Leggett","Ozone","Edgecombe",35.988278,-77.5843
"2476",5-12-20,80,"Leggett","Ozone","Edgecombe",35.988278,-77.5843
"2477",NA,27,"Leggett","Ozone","Edgecombe",35.988278,-77.5843
"2478",NA,27,"Leggett","Ozone","Edgecombe",35.988278,-77.5843
"2479",NA,24,"Leggett","Ozone","Edgecombe",35.988278,-77.5843
"2480",NA,20,"Leggett","Ozone","Edgecombe",35.988278,-77.5843
"2481",NA,40,"Leggett","Ozone","Edgecombe",35.988278,-77.5843
"2482",NA,31,"Leggett","Ozone","Edgecombe",35.988278,-77.5843
"2483",NA,35,"Leggett","Ozone","Edgecombe",35.988278,-77.5843
"2484",NA,45,"Leggett","Ozone","Edgecombe",35.988278,-77.5843
"2485",NA,48,"Leggett","Ozone","Edgecombe",35.988278,-77.5843
"2486",NA,24,"Leggett","Ozone","Edgecombe",35.988278,-77.5843
"2487",NA,24,"Leggett","Ozone","Edgecombe",35.988278,-77.5843
"2488",NA,18,"Leggett","Ozone","Edgecombe",35.988278,-77.5843
"2489",NA,23,"Leggett","Ozone","Edgecombe",35.988278,-77.5843
"2490",NA,25,"Leggett","Ozone","Edgecombe",35.988278,-77.5843
"2491",NA,23,"Leggett","Ozone","Edgecombe",35.988278,-77.5843
"2492",6-01-20,61,"Leggett","Ozone","Edgecombe",35.988278,-77.5843
"2493",6-02-20,40,"Leggett","Ozone","Edgecombe",35.988278,-77.5843
"2494",6-03-20,37,"Leggett","Ozone","Edgecombe",35.988278,-77.5843
"2495",6-05-20,48,"Leggett","Ozone","Edgecombe",35.988278,-77.5843
"2496",6-06-20,61,"Leggett","Ozone","Edgecombe",35.988278,-77.5843
"2497",6-07-20,44,"Leggett","Ozone","Edgecombe",35.988278,-77.5843
"2498",6-08-20,58,"Leggett","Ozone","Edgecombe",35.988278,-77.5843
"2499",6-09-20,44,"Leggett","Ozone","Edgecombe",35.988278,-77.5843
"2500",6-10-20,43,"Leggett","Ozone","Edgecombe",35.988278,-77.5843
"2501",6-11-20,37,"Leggett","Ozone","Edgecombe",35.988278,-77.5843
"2502",6-12-20,29,"Leggett","Ozone","Edgecombe",35.988278,-77.5843
"2503",NA,41,"Leggett","Ozone","Edgecombe",35.988278,-77.5843
"2504",NA,41,"Leggett","Ozone","Edgecombe",35.988278,-77.5843
"2505",NA,51,"Leggett","Ozone","Edgecombe",35.988278,-77.5843
"2506",NA,58,"Leggett","Ozone","Edgecombe",35.988278,-77.5843
"2507",NA,50,"Leggett","Ozone","Edgecombe",35.988278,-77.5843
"2508",NA,44,"Leggett","Ozone","Edgecombe",35.988278,-77.5843
"2509",NA,45,"Leggett","Ozone","Edgecombe",35.988278,-77.5843
"2510",NA,40,"Leggett","Ozone","Edgecombe",35.988278,-77.5843
"2511",NA,42,"Leggett","Ozone","Edgecombe",35.988278,-77.5843
"2512",NA,40,"Leggett","Ozone","Edgecombe",35.988278,-77.5843
"2513",NA,43,"Leggett","Ozone","Edgecombe",35.988278,-77.5843
"2514",NA,35,"Leggett","Ozone","Edgecombe",35.988278,-77.5843
"2515",NA,35,"Leggett","Ozone","Edgecombe",35.988278,-77.5843
"2516",NA,36,"Leggett","Ozone","Edgecombe",35.988278,-77.5843
"2517",NA,46,"Leggett","Ozone","Edgecombe",35.988278,-77.5843
"2518",NA,46,"Leggett","Ozone","Edgecombe",35.988278,-77.5843
"2519",NA,45,"Leggett","Ozone","Edgecombe",35.988278,-77.5843
"2520",7-01-20,42,"Leggett","Ozone","Edgecombe",35.988278,-77.5843
"2521",7-02-20,42,"Leggett","Ozone","Edgecombe",35.988278,-77.5843
"2522",7-03-20,44,"Leggett","Ozone","Edgecombe",35.988278,-77.5843
"2523",7-04-20,25,"Leggett","Ozone","Edgecombe",35.988278,-77.5843
"2524",7-05-20,24,"Leggett","Ozone","Edgecombe",35.988278,-77.5843
"2525",7-06-20,34,"Leggett","Ozone","Edgecombe",35.988278,-77.5843
"2526",7-07-20,26,"Leggett","Ozone","Edgecombe",35.988278,-77.5843
"2527",7-08-20,35,"Leggett","Ozone","Edgecombe",35.988278,-77.5843
"2528",7-09-20,43,"Leggett","Ozone","Edgecombe",35.988278,-77.5843
"2529",7-10-20,74,"Leggett","Ozone","Edgecombe",35.988278,-77.5843
"2530",7-11-20,64,"Leggett","Ozone","Edgecombe",35.988278,-77.5843
"2531",7-12-20,48,"Leggett","Ozone","Edgecombe",35.988278,-77.5843
"2532",NA,44,"Leggett","Ozone","Edgecombe",35.988278,-77.5843
"2533",NA,37,"Leggett","Ozone","Edgecombe",35.988278,-77.5843
"2534",NA,47,"Leggett","Ozone","Edgecombe",35.988278,-77.5843
"2535",NA,45,"Leggett","Ozone","Edgecombe",35.988278,-77.5843
"2536",NA,43,"Leggett","Ozone","Edgecombe",35.988278,-77.5843
"2537",NA,46,"Leggett","Ozone","Edgecombe",35.988278,-77.5843
"2538",NA,54,"Leggett","Ozone","Edgecombe",35.988278,-77.5843
"2539",NA,38,"Leggett","Ozone","Edgecombe",35.988278,-77.5843
"2540",NA,26,"Leggett","Ozone","Edgecombe",35.988278,-77.5843
"2541",NA,37,"Leggett","Ozone","Edgecombe",35.988278,-77.5843
"2542",NA,40,"Leggett","Ozone","Edgecombe",35.988278,-77.5843
"2543",NA,34,"Leggett","Ozone","Edgecombe",35.988278,-77.5843
"2544",NA,37,"Leggett","Ozone","Edgecombe",35.988278,-77.5843
"2545",NA,42,"Leggett","Ozone","Edgecombe",35.988278,-77.5843
"2546",NA,34,"Leggett","Ozone","Edgecombe",35.988278,-77.5843
"2547",NA,36,"Leggett","Ozone","Edgecombe",35.988278,-77.5843
"2548",NA,35,"Leggett","Ozone","Edgecombe",35.988278,-77.5843
"2549",NA,22,"Leggett","Ozone","Edgecombe",35.988278,-77.5843
"2550",NA,25,"Leggett","Ozone","Edgecombe",35.988278,-77.5843
"2551",8-01-20,21,"Leggett","Ozone","Edgecombe",35.988278,-77.5843
"2552",8-02-20,15,"Leggett","Ozone","Edgecombe",35.988278,-77.5843
"2553",8-03-20,17,"Leggett","Ozone","Edgecombe",35.988278,-77.5843
"2554",8-04-20,26,"Leggett","Ozone","Edgecombe",35.988278,-77.5843
"2555",8-05-20,28,"Leggett","Ozone","Edgecombe",35.988278,-77.5843
"2556",8-06-20,31,"Leggett","Ozone","Edgecombe",35.988278,-77.5843
"2557",8-07-20,44,"Leggett","Ozone","Edgecombe",35.988278,-77.5843
"2558",8-08-20,41,"Leggett","Ozone","Edgecombe",35.988278,-77.5843
"2559",8-09-20,37,"Leggett","Ozone","Edgecombe",35.988278,-77.5843
"2560",8-10-20,44,"Leggett","Ozone","Edgecombe",35.988278,-77.5843
"2561",8-11-20,39,"Leggett","Ozone","Edgecombe",35.988278,-77.5843
"2562",8-12-20,33,"Leggett","Ozone","Edgecombe",35.988278,-77.5843
"2563",NA,36,"Leggett","Ozone","Edgecombe",35.988278,-77.5843
"2564",NA,33,"Leggett","Ozone","Edgecombe",35.988278,-77.5843
"2565",NA,43,"Leggett","Ozone","Edgecombe",35.988278,-77.5843
"2566",NA,43,"Leggett","Ozone","Edgecombe",35.988278,-77.5843
"2567",NA,33,"Leggett","Ozone","Edgecombe",35.988278,-77.5843
"2568",NA,29,"Leggett","Ozone","Edgecombe",35.988278,-77.5843
"2569",NA,27,"Leggett","Ozone","Edgecombe",35.988278,-77.5843
"2570",NA,38,"Leggett","Ozone","Edgecombe",35.988278,-77.5843
"2571",NA,27,"Leggett","Ozone","Edgecombe",35.988278,-77.5843
"2572",NA,36,"Leggett","Ozone","Edgecombe",35.988278,-77.5843
"2573",NA,36,"Leggett","Ozone","Edgecombe",35.988278,-77.5843
"2574",NA,38,"Leggett","Ozone","Edgecombe",35.988278,-77.5843
"2575",NA,36,"Leggett","Ozone","Edgecombe",35.988278,-77.5843
"2576",NA,43,"Leggett","Ozone","Edgecombe",35.988278,-77.5843
"2577",NA,43,"Leggett","Ozone","Edgecombe",35.988278,-77.5843
"2578",NA,38,"Leggett","Ozone","Edgecombe",35.988278,-77.5843
"2579",NA,32,"Leggett","Ozone","Edgecombe",35.988278,-77.5843
"2580",NA,44,"Leggett","Ozone","Edgecombe",35.988278,-77.5843
"2581",NA,37,"Leggett","Ozone","Edgecombe",35.988278,-77.5843
"2582",9-01-20,30,"Leggett","Ozone","Edgecombe",35.988278,-77.5843
"2583",9-02-20,24,"Leggett","Ozone","Edgecombe",35.988278,-77.5843
"2584",9-03-20,27,"Leggett","Ozone","Edgecombe",35.988278,-77.5843
"2585",9-04-20,31,"Leggett","Ozone","Edgecombe",35.988278,-77.5843
"2586",9-05-20,30,"Leggett","Ozone","Edgecombe",35.988278,-77.5843
"2587",9-06-20,33,"Leggett","Ozone","Edgecombe",35.988278,-77.5843
"2588",9-07-20,35,"Leggett","Ozone","Edgecombe",35.988278,-77.5843
"2589",9-08-20,36,"Leggett","Ozone","Edgecombe",35.988278,-77.5843
"2590",9-09-20,22,"Leggett","Ozone","Edgecombe",35.988278,-77.5843
"2591",9-10-20,20,"Leggett","Ozone","Edgecombe",35.988278,-77.5843
"2592",NA,31,"Leggett","Ozone","Edgecombe",35.988278,-77.5843
"2593",NA,41,"Leggett","Ozone","Edgecombe",35.988278,-77.5843
"2594",NA,28,"Leggett","Ozone","Edgecombe",35.988278,-77.5843
"2595",NA,22,"Leggett","Ozone","Edgecombe",35.988278,-77.5843
"2596",NA,28,"Leggett","Ozone","Edgecombe",35.988278,-77.5843
"2597",NA,36,"Leggett","Ozone","Edgecombe",35.988278,-77.5843
"2598",NA,29,"Leggett","Ozone","Edgecombe",35.988278,-77.5843
"2599",NA,23,"Leggett","Ozone","Edgecombe",35.988278,-77.5843
"2600",NA,37,"Leggett","Ozone","Edgecombe",35.988278,-77.5843
"2601",NA,44,"Leggett","Ozone","Edgecombe",35.988278,-77.5843
"2602",10-01-20,43,"Leggett","Ozone","Edgecombe",35.988278,-77.5843
"2603",10-02-20,41,"Leggett","Ozone","Edgecombe",35.988278,-77.5843
"2604",10-03-20,37,"Leggett","Ozone","Edgecombe",35.988278,-77.5843
"2605",10-04-20,46,"Leggett","Ozone","Edgecombe",35.988278,-77.5843
"2606",10-05-20,37,"Leggett","Ozone","Edgecombe",35.988278,-77.5843
"2607",10-06-20,31,"Leggett","Ozone","Edgecombe",35.988278,-77.5843
"2608",10-07-20,31,"Leggett","Ozone","Edgecombe",35.988278,-77.5843
"2609",10-08-20,31,"Leggett","Ozone","Edgecombe",35.988278,-77.5843
"2610",10-09-20,30,"Leggett","Ozone","Edgecombe",35.988278,-77.5843
"2611",10-10-20,26,"Leggett","Ozone","Edgecombe",35.988278,-77.5843
"2612",10-12-20,31,"Leggett","Ozone","Edgecombe",35.988278,-77.5843
"2613",NA,32,"Leggett","Ozone","Edgecombe",35.988278,-77.5843
"2614",NA,24,"Leggett","Ozone","Edgecombe",35.988278,-77.5843
"2615",NA,35,"Leggett","Ozone","Edgecombe",35.988278,-77.5843
"2616",NA,19,"Leggett","Ozone","Edgecombe",35.988278,-77.5843
"2617",NA,25,"Leggett","Ozone","Edgecombe",35.988278,-77.5843
"2618",NA,33,"Leggett","Ozone","Edgecombe",35.988278,-77.5843
"2619",NA,39,"Leggett","Ozone","Edgecombe",35.988278,-77.5843
"2620",NA,28,"Leggett","Ozone","Edgecombe",35.988278,-77.5843
"2621",NA,29,"Leggett","Ozone","Edgecombe",35.988278,-77.5843
"2622",NA,30,"Leggett","Ozone","Edgecombe",35.988278,-77.5843
"2623",NA,33,"Leggett","Ozone","Edgecombe",35.988278,-77.5843
"2624",NA,31,"Leggett","Ozone","Edgecombe",35.988278,-77.5843
"2625",NA,26,"Leggett","Ozone","Edgecombe",35.988278,-77.5843
"2626",NA,31,"Leggett","Ozone","Edgecombe",35.988278,-77.5843
"2627",NA,21,"Leggett","Ozone","Edgecombe",35.988278,-77.5843
"2628",NA,33,"Leggett","Ozone","Edgecombe",35.988278,-77.5843
"2629",NA,34,"Leggett","Ozone","Edgecombe",35.988278,-77.5843
"2630",NA,34,"Leggett","Ozone","Edgecombe",35.988278,-77.5843
"2631",NA,42,"Leggett","Ozone","Edgecombe",35.988278,-77.5843
"2632",3-01-20,40,"Hattie Avenue","Ozone","Forsyth",36.110693332,-80.2264378
"2633",3-02-20,43,"Hattie Avenue","Ozone","Forsyth",36.110693332,-80.2264378
"2634",3-03-20,46,"Hattie Avenue","Ozone","Forsyth",36.110693332,-80.2264378
"2635",3-04-20,47,"Hattie Avenue","Ozone","Forsyth",36.110693332,-80.2264378
"2636",3-05-20,42,"Hattie Avenue","Ozone","Forsyth",36.110693332,-80.2264378
"2637",3-06-20,30,"Hattie Avenue","Ozone","Forsyth",36.110693332,-80.2264378
"2638",3-07-20,34,"Hattie Avenue","Ozone","Forsyth",36.110693332,-80.2264378
"2639",3-08-20,41,"Hattie Avenue","Ozone","Forsyth",36.110693332,-80.2264378
"2640",3-09-20,44,"Hattie Avenue","Ozone","Forsyth",36.110693332,-80.2264378
"2641",3-10-20,38,"Hattie Avenue","Ozone","Forsyth",36.110693332,-80.2264378
"2642",3-11-20,33,"Hattie Avenue","Ozone","Forsyth",36.110693332,-80.2264378
"2643",3-12-20,40,"Hattie Avenue","Ozone","Forsyth",36.110693332,-80.2264378
"2644",NA,44,"Hattie Avenue","Ozone","Forsyth",36.110693332,-80.2264378
"2645",NA,43,"Hattie Avenue","Ozone","Forsyth",36.110693332,-80.2264378
"2646",NA,61,"Hattie Avenue","Ozone","Forsyth",36.110693332,-80.2264378
"2647",NA,49,"Hattie Avenue","Ozone","Forsyth",36.110693332,-80.2264378
"2648",NA,51,"Hattie Avenue","Ozone","Forsyth",36.110693332,-80.2264378
"2649",NA,45,"Hattie Avenue","Ozone","Forsyth",36.110693332,-80.2264378
"2650",NA,44,"Hattie Avenue","Ozone","Forsyth",36.110693332,-80.2264378
"2651",NA,33,"Hattie Avenue","Ozone","Forsyth",36.110693332,-80.2264378
"2652",NA,33,"Hattie Avenue","Ozone","Forsyth",36.110693332,-80.2264378
"2653",NA,44,"Hattie Avenue","Ozone","Forsyth",36.110693332,-80.2264378
"2654",NA,49,"Hattie Avenue","Ozone","Forsyth",36.110693332,-80.2264378
"2655",NA,41,"Hattie Avenue","Ozone","Forsyth",36.110693332,-80.2264378
"2656",NA,49,"Hattie Avenue","Ozone","Forsyth",36.110693332,-80.2264378
"2657",NA,45,"Hattie Avenue","Ozone","Forsyth",36.110693332,-80.2264378
"2658",NA,37,"Hattie Avenue","Ozone","Forsyth",36.110693332,-80.2264378
"2659",NA,38,"Hattie Avenue","Ozone","Forsyth",36.110693332,-80.2264378
"2660",NA,46,"Hattie Avenue","Ozone","Forsyth",36.110693332,-80.2264378
"2661",NA,43,"Hattie Avenue","Ozone","Forsyth",36.110693332,-80.2264378
"2662",NA,50,"Hattie Avenue","Ozone","Forsyth",36.110693332,-80.2264378
"2663",4-01-20,48,"Hattie Avenue","Ozone","Forsyth",36.110693332,-80.2264378
"2664",4-02-20,51,"Hattie Avenue","Ozone","Forsyth",36.110693332,-80.2264378
"2665",4-03-20,47,"Hattie Avenue","Ozone","Forsyth",36.110693332,-80.2264378
"2666",4-04-20,44,"Hattie Avenue","Ozone","Forsyth",36.110693332,-80.2264378
"2667",4-05-20,47,"Hattie Avenue","Ozone","Forsyth",36.110693332,-80.2264378
"2668",4-06-20,51,"Hattie Avenue","Ozone","Forsyth",36.110693332,-80.2264378
"2669",4-07-20,44,"Hattie Avenue","Ozone","Forsyth",36.110693332,-80.2264378
"2670",4-08-20,46,"Hattie Avenue","Ozone","Forsyth",36.110693332,-80.2264378
"2671",4-09-20,47,"Hattie Avenue","Ozone","Forsyth",36.110693332,-80.2264378
"2672",4-10-20,46,"Hattie Avenue","Ozone","Forsyth",36.110693332,-80.2264378
"2673",4-11-20,46,"Hattie Avenue","Ozone","Forsyth",36.110693332,-80.2264378
"2674",4-12-20,67,"Hattie Avenue","Ozone","Forsyth",36.110693332,-80.2264378
"2675",NA,84,"Hattie Avenue","Ozone","Forsyth",36.110693332,-80.2264378
"2676",NA,47,"Hattie Avenue","Ozone","Forsyth",36.110693332,-80.2264378
"2677",NA,37,"Hattie Avenue","Ozone","Forsyth",36.110693332,-80.2264378
"2678",NA,35,"Hattie Avenue","Ozone","Forsyth",36.110693332,-80.2264378
"2679",NA,49,"Hattie Avenue","Ozone","Forsyth",36.110693332,-80.2264378
"2680",NA,80,"Hattie Avenue","Ozone","Forsyth",36.110693332,-80.2264378
"2681",NA,44,"Hattie Avenue","Ozone","Forsyth",36.110693332,-80.2264378
"2682",NA,67,"Hattie Avenue","Ozone","Forsyth",36.110693332,-80.2264378
"2683",NA,84,"Hattie Avenue","Ozone","Forsyth",36.110693332,-80.2264378
"2684",NA,61,"Hattie Avenue","Ozone","Forsyth",36.110693332,-80.2264378
"2685",NA,45,"Hattie Avenue","Ozone","Forsyth",36.110693332,-80.2264378
"2686",NA,37,"Hattie Avenue","Ozone","Forsyth",36.110693332,-80.2264378
"2687",NA,37,"Hattie Avenue","Ozone","Forsyth",36.110693332,-80.2264378
"2688",NA,46,"Hattie Avenue","Ozone","Forsyth",36.110693332,-80.2264378
"2689",NA,44,"Hattie Avenue","Ozone","Forsyth",36.110693332,-80.2264378
"2690",NA,61,"Hattie Avenue","Ozone","Forsyth",36.110693332,-80.2264378
"2691",NA,46,"Hattie Avenue","Ozone","Forsyth",36.110693332,-80.2264378
"2692",NA,54,"Hattie Avenue","Ozone","Forsyth",36.110693332,-80.2264378
"2693",5-01-20,71,"Hattie Avenue","Ozone","Forsyth",36.110693332,-80.2264378
"2694",5-02-20,90,"Hattie Avenue","Ozone","Forsyth",36.110693332,-80.2264378
"2695",5-03-20,74,"Hattie Avenue","Ozone","Forsyth",36.110693332,-80.2264378
"2696",5-04-20,71,"Hattie Avenue","Ozone","Forsyth",36.110693332,-80.2264378
"2697",5-05-20,44,"Hattie Avenue","Ozone","Forsyth",36.110693332,-80.2264378
"2698",5-06-20,42,"Hattie Avenue","Ozone","Forsyth",36.110693332,-80.2264378
"2699",5-07-20,54,"Hattie Avenue","Ozone","Forsyth",36.110693332,-80.2264378
"2700",5-08-20,71,"Hattie Avenue","Ozone","Forsyth",36.110693332,-80.2264378
"2701",5-09-20,80,"Hattie Avenue","Ozone","Forsyth",36.110693332,-80.2264378
"2702",5-10-20,61,"Hattie Avenue","Ozone","Forsyth",36.110693332,-80.2264378
"2703",5-11-20,58,"Hattie Avenue","Ozone","Forsyth",36.110693332,-80.2264378
"2704",5-12-20,87,"Hattie Avenue","Ozone","Forsyth",36.110693332,-80.2264378
"2705",NA,64,"Hattie Avenue","Ozone","Forsyth",36.110693332,-80.2264378
"2706",NA,77,"Hattie Avenue","Ozone","Forsyth",36.110693332,-80.2264378
"2707",NA,36,"Hattie Avenue","Ozone","Forsyth",36.110693332,-80.2264378
"2708",NA,29,"Hattie Avenue","Ozone","Forsyth",36.110693332,-80.2264378
"2709",NA,25,"Hattie Avenue","Ozone","Forsyth",36.110693332,-80.2264378
"2710",NA,34,"Hattie Avenue","Ozone","Forsyth",36.110693332,-80.2264378
"2711",NA,44,"Hattie Avenue","Ozone","Forsyth",36.110693332,-80.2264378
"2712",NA,41,"Hattie Avenue","Ozone","Forsyth",36.110693332,-80.2264378
"2713",NA,37,"Hattie Avenue","Ozone","Forsyth",36.110693332,-80.2264378
"2714",NA,40,"Hattie Avenue","Ozone","Forsyth",36.110693332,-80.2264378
"2715",NA,48,"Hattie Avenue","Ozone","Forsyth",36.110693332,-80.2264378
"2716",NA,33,"Hattie Avenue","Ozone","Forsyth",36.110693332,-80.2264378
"2717",NA,30,"Hattie Avenue","Ozone","Forsyth",36.110693332,-80.2264378
"2718",NA,26,"Hattie Avenue","Ozone","Forsyth",36.110693332,-80.2264378
"2719",NA,21,"Hattie Avenue","Ozone","Forsyth",36.110693332,-80.2264378
"2720",NA,22,"Hattie Avenue","Ozone","Forsyth",36.110693332,-80.2264378
"2721",NA,28,"Hattie Avenue","Ozone","Forsyth",36.110693332,-80.2264378
"2722",NA,41,"Hattie Avenue","Ozone","Forsyth",36.110693332,-80.2264378
"2723",6-01-20,44,"Hattie Avenue","Ozone","Forsyth",36.110693332,-80.2264378
"2724",6-02-20,44,"Hattie Avenue","Ozone","Forsyth",36.110693332,-80.2264378
"2725",6-03-20,43,"Hattie Avenue","Ozone","Forsyth",36.110693332,-80.2264378
"2726",6-04-20,54,"Hattie Avenue","Ozone","Forsyth",36.110693332,-80.2264378
"2727",6-05-20,61,"Hattie Avenue","Ozone","Forsyth",36.110693332,-80.2264378
"2728",6-06-20,71,"Hattie Avenue","Ozone","Forsyth",36.110693332,-80.2264378
"2729",6-07-20,87,"Hattie Avenue","Ozone","Forsyth",36.110693332,-80.2264378
"2730",6-08-20,101,"Hattie Avenue","Ozone","Forsyth",36.110693332,-80.2264378
"2731",6-09-20,67,"Hattie Avenue","Ozone","Forsyth",36.110693332,-80.2264378
"2732",6-10-20,64,"Hattie Avenue","Ozone","Forsyth",36.110693332,-80.2264378
"2733",6-11-20,45,"Hattie Avenue","Ozone","Forsyth",36.110693332,-80.2264378
"2734",6-12-20,31,"Hattie Avenue","Ozone","Forsyth",36.110693332,-80.2264378
"2735",NA,49,"Hattie Avenue","Ozone","Forsyth",36.110693332,-80.2264378
"2736",NA,49,"Hattie Avenue","Ozone","Forsyth",36.110693332,-80.2264378
"2737",NA,90,"Hattie Avenue","Ozone","Forsyth",36.110693332,-80.2264378
"2738",NA,77,"Hattie Avenue","Ozone","Forsyth",36.110693332,-80.2264378
"2739",NA,71,"Hattie Avenue","Ozone","Forsyth",36.110693332,-80.2264378
"2740",NA,45,"Hattie Avenue","Ozone","Forsyth",36.110693332,-80.2264378
"2741",NA,49,"Hattie Avenue","Ozone","Forsyth",36.110693332,-80.2264378
"2742",NA,36,"Hattie Avenue","Ozone","Forsyth",36.110693332,-80.2264378
"2743",NA,34,"Hattie Avenue","Ozone","Forsyth",36.110693332,-80.2264378
"2744",NA,49,"Hattie Avenue","Ozone","Forsyth",36.110693332,-80.2264378
"2745",NA,44,"Hattie Avenue","Ozone","Forsyth",36.110693332,-80.2264378
"2746",NA,41,"Hattie Avenue","Ozone","Forsyth",36.110693332,-80.2264378
"2747",NA,38,"Hattie Avenue","Ozone","Forsyth",36.110693332,-80.2264378
"2748",NA,31,"Hattie Avenue","Ozone","Forsyth",36.110693332,-80.2264378
"2749",NA,42,"Hattie Avenue","Ozone","Forsyth",36.110693332,-80.2264378
"2750",NA,43,"Hattie Avenue","Ozone","Forsyth",36.110693332,-80.2264378
"2751",NA,71,"Hattie Avenue","Ozone","Forsyth",36.110693332,-80.2264378
"2752",NA,67,"Hattie Avenue","Ozone","Forsyth",36.110693332,-80.2264378
"2753",7-01-20,44,"Hattie Avenue","Ozone","Forsyth",36.110693332,-80.2264378
"2754",7-02-20,46,"Hattie Avenue","Ozone","Forsyth",36.110693332,-80.2264378
"2755",7-03-20,58,"Hattie Avenue","Ozone","Forsyth",36.110693332,-80.2264378
"2756",7-04-20,42,"Hattie Avenue","Ozone","Forsyth",36.110693332,-80.2264378
"2757",7-05-20,35,"Hattie Avenue","Ozone","Forsyth",36.110693332,-80.2264378
"2758",7-06-20,33,"Hattie Avenue","Ozone","Forsyth",36.110693332,-80.2264378
"2759",7-07-20,35,"Hattie Avenue","Ozone","Forsyth",36.110693332,-80.2264378
"2760",7-08-20,50,"Hattie Avenue","Ozone","Forsyth",36.110693332,-80.2264378
"2761",7-09-20,44,"Hattie Avenue","Ozone","Forsyth",36.110693332,-80.2264378
"2762",7-10-20,58,"Hattie Avenue","Ozone","Forsyth",36.110693332,-80.2264378
"2763",7-11-20,61,"Hattie Avenue","Ozone","Forsyth",36.110693332,-80.2264378
"2764",7-12-20,80,"Hattie Avenue","Ozone","Forsyth",36.110693332,-80.2264378
"2765",NA,80,"Hattie Avenue","Ozone","Forsyth",36.110693332,-80.2264378
"2766",NA,74,"Hattie Avenue","Ozone","Forsyth",36.110693332,-80.2264378
"2767",NA,64,"Hattie Avenue","Ozone","Forsyth",36.110693332,-80.2264378
"2768",NA,50,"Hattie Avenue","Ozone","Forsyth",36.110693332,-80.2264378
"2769",NA,43,"Hattie Avenue","Ozone","Forsyth",36.110693332,-80.2264378
"2770",NA,51,"Hattie Avenue","Ozone","Forsyth",36.110693332,-80.2264378
"2771",NA,74,"Hattie Avenue","Ozone","Forsyth",36.110693332,-80.2264378
"2772",NA,80,"Hattie Avenue","Ozone","Forsyth",36.110693332,-80.2264378
"2773",NA,64,"Hattie Avenue","Ozone","Forsyth",36.110693332,-80.2264378
"2774",NA,38,"Hattie Avenue","Ozone","Forsyth",36.110693332,-80.2264378
"2775",NA,40,"Hattie Avenue","Ozone","Forsyth",36.110693332,-80.2264378
"2776",NA,45,"Hattie Avenue","Ozone","Forsyth",36.110693332,-80.2264378
"2777",NA,41,"Hattie Avenue","Ozone","Forsyth",36.110693332,-80.2264378
"2778",NA,45,"Hattie Avenue","Ozone","Forsyth",36.110693332,-80.2264378
"2779",NA,71,"Hattie Avenue","Ozone","Forsyth",36.110693332,-80.2264378
"2780",NA,44,"Hattie Avenue","Ozone","Forsyth",36.110693332,-80.2264378
"2781",NA,44,"Hattie Avenue","Ozone","Forsyth",36.110693332,-80.2264378
"2782",NA,43,"Hattie Avenue","Ozone","Forsyth",36.110693332,-80.2264378
"2783",NA,29,"Hattie Avenue","Ozone","Forsyth",36.110693332,-80.2264378
"2784",8-01-20,34,"Hattie Avenue","Ozone","Forsyth",36.110693332,-80.2264378
"2785",8-02-20,30,"Hattie Avenue","Ozone","Forsyth",36.110693332,-80.2264378
"2786",8-03-20,24,"Hattie Avenue","Ozone","Forsyth",36.110693332,-80.2264378
"2787",8-04-20,34,"Hattie Avenue","Ozone","Forsyth",36.110693332,-80.2264378
"2788",8-05-20,42,"Hattie Avenue","Ozone","Forsyth",36.110693332,-80.2264378
"2789",8-06-20,43,"Hattie Avenue","Ozone","Forsyth",36.110693332,-80.2264378
"2790",8-07-20,37,"Hattie Avenue","Ozone","Forsyth",36.110693332,-80.2264378
"2791",8-08-20,32,"Hattie Avenue","Ozone","Forsyth",36.110693332,-80.2264378
"2792",8-09-20,42,"Hattie Avenue","Ozone","Forsyth",36.110693332,-80.2264378
"2793",8-10-20,58,"Hattie Avenue","Ozone","Forsyth",36.110693332,-80.2264378
"2794",8-11-20,39,"Hattie Avenue","Ozone","Forsyth",36.110693332,-80.2264378
"2795",8-12-20,39,"Hattie Avenue","Ozone","Forsyth",36.110693332,-80.2264378
"2796",NA,43,"Hattie Avenue","Ozone","Forsyth",36.110693332,-80.2264378
"2797",NA,40,"Hattie Avenue","Ozone","Forsyth",36.110693332,-80.2264378
"2798",NA,49,"Hattie Avenue","Ozone","Forsyth",36.110693332,-80.2264378
"2799",NA,58,"Hattie Avenue","Ozone","Forsyth",36.110693332,-80.2264378
"2800",NA,40,"Hattie Avenue","Ozone","Forsyth",36.110693332,-80.2264378
"2801",NA,29,"Hattie Avenue","Ozone","Forsyth",36.110693332,-80.2264378
"2802",NA,34,"Hattie Avenue","Ozone","Forsyth",36.110693332,-80.2264378
"2803",NA,39,"Hattie Avenue","Ozone","Forsyth",36.110693332,-80.2264378
"2804",NA,25,"Hattie Avenue","Ozone","Forsyth",36.110693332,-80.2264378
"2805",NA,33,"Hattie Avenue","Ozone","Forsyth",36.110693332,-80.2264378
"2806",NA,42,"Hattie Avenue","Ozone","Forsyth",36.110693332,-80.2264378
"2807",NA,49,"Hattie Avenue","Ozone","Forsyth",36.110693332,-80.2264378
"2808",NA,51,"Hattie Avenue","Ozone","Forsyth",36.110693332,-80.2264378
"2809",NA,47,"Hattie Avenue","Ozone","Forsyth",36.110693332,-80.2264378
"2810",NA,44,"Hattie Avenue","Ozone","Forsyth",36.110693332,-80.2264378
"2811",NA,51,"Hattie Avenue","Ozone","Forsyth",36.110693332,-80.2264378
"2812",NA,50,"Hattie Avenue","Ozone","Forsyth",36.110693332,-80.2264378
"2813",NA,64,"Hattie Avenue","Ozone","Forsyth",36.110693332,-80.2264378
"2814",NA,58,"Hattie Avenue","Ozone","Forsyth",36.110693332,-80.2264378
"2815",9-01-20,44,"Hattie Avenue","Ozone","Forsyth",36.110693332,-80.2264378
"2816",9-02-20,33,"Hattie Avenue","Ozone","Forsyth",36.110693332,-80.2264378
"2817",9-03-20,45,"Hattie Avenue","Ozone","Forsyth",36.110693332,-80.2264378
"2818",9-04-20,43,"Hattie Avenue","Ozone","Forsyth",36.110693332,-80.2264378
"2819",9-05-20,44,"Hattie Avenue","Ozone","Forsyth",36.110693332,-80.2264378
"2820",9-06-20,43,"Hattie Avenue","Ozone","Forsyth",36.110693332,-80.2264378
"2821",9-07-20,54,"Hattie Avenue","Ozone","Forsyth",36.110693332,-80.2264378
"2822",9-08-20,40,"Hattie Avenue","Ozone","Forsyth",36.110693332,-80.2264378
"2823",9-09-20,16,"Hattie Avenue","Ozone","Forsyth",36.110693332,-80.2264378
"2824",9-10-20,14,"Hattie Avenue","Ozone","Forsyth",36.110693332,-80.2264378
"2825",9-11-20,38,"Hattie Avenue","Ozone","Forsyth",36.110693332,-80.2264378
"2826",9-12-20,26,"Hattie Avenue","Ozone","Forsyth",36.110693332,-80.2264378
"2827",NA,18,"Hattie Avenue","Ozone","Forsyth",36.110693332,-80.2264378
"2828",NA,17,"Hattie Avenue","Ozone","Forsyth",36.110693332,-80.2264378
"2829",NA,16,"Hattie Avenue","Ozone","Forsyth",36.110693332,-80.2264378
"2830",NA,19,"Hattie Avenue","Ozone","Forsyth",36.110693332,-80.2264378
"2831",NA,29,"Hattie Avenue","Ozone","Forsyth",36.110693332,-80.2264378
"2832",NA,27,"Hattie Avenue","Ozone","Forsyth",36.110693332,-80.2264378
"2833",NA,45,"Hattie Avenue","Ozone","Forsyth",36.110693332,-80.2264378
"2834",NA,58,"Hattie Avenue","Ozone","Forsyth",36.110693332,-80.2264378
"2835",NA,51,"Hattie Avenue","Ozone","Forsyth",36.110693332,-80.2264378
"2836",NA,48,"Hattie Avenue","Ozone","Forsyth",36.110693332,-80.2264378
"2837",NA,19,"Hattie Avenue","Ozone","Forsyth",36.110693332,-80.2264378
"2838",NA,18,"Hattie Avenue","Ozone","Forsyth",36.110693332,-80.2264378
"2839",NA,34,"Hattie Avenue","Ozone","Forsyth",36.110693332,-80.2264378
"2840",NA,33,"Hattie Avenue","Ozone","Forsyth",36.110693332,-80.2264378
"2841",NA,25,"Hattie Avenue","Ozone","Forsyth",36.110693332,-80.2264378
"2842",NA,27,"Hattie Avenue","Ozone","Forsyth",36.110693332,-80.2264378
"2843",NA,37,"Hattie Avenue","Ozone","Forsyth",36.110693332,-80.2264378
"2844",NA,36,"Hattie Avenue","Ozone","Forsyth",36.110693332,-80.2264378
"2845",10-01-20,47,"Hattie Avenue","Ozone","Forsyth",36.110693332,-80.2264378
"2846",10-02-20,46,"Hattie Avenue","Ozone","Forsyth",36.110693332,-80.2264378
"2847",10-03-20,38,"Hattie Avenue","Ozone","Forsyth",36.110693332,-80.2264378
"2848",10-04-20,36,"Hattie Avenue","Ozone","Forsyth",36.110693332,-80.2264378
"2849",10-05-20,38,"Hattie Avenue","Ozone","Forsyth",36.110693332,-80.2264378
"2850",10-06-20,36,"Hattie Avenue","Ozone","Forsyth",36.110693332,-80.2264378
"2851",10-07-20,44,"Hattie Avenue","Ozone","Forsyth",36.110693332,-80.2264378
"2852",10-08-20,34,"Hattie Avenue","Ozone","Forsyth",36.110693332,-80.2264378
"2853",10-09-20,34,"Hattie Avenue","Ozone","Forsyth",36.110693332,-80.2264378
"2854",10-10-20,18,"Hattie Avenue","Ozone","Forsyth",36.110693332,-80.2264378
"2855",10-11-20,22,"Hattie Avenue","Ozone","Forsyth",36.110693332,-80.2264378
"2856",10-12-20,35,"Hattie Avenue","Ozone","Forsyth",36.110693332,-80.2264378
"2857",NA,33,"Hattie Avenue","Ozone","Forsyth",36.110693332,-80.2264378
"2858",NA,19,"Hattie Avenue","Ozone","Forsyth",36.110693332,-80.2264378
"2859",NA,36,"Hattie Avenue","Ozone","Forsyth",36.110693332,-80.2264378
"2860",NA,21,"Hattie Avenue","Ozone","Forsyth",36.110693332,-80.2264378
"2861",NA,33,"Hattie Avenue","Ozone","Forsyth",36.110693332,-80.2264378
"2862",NA,39,"Hattie Avenue","Ozone","Forsyth",36.110693332,-80.2264378
"2863",NA,43,"Hattie Avenue","Ozone","Forsyth",36.110693332,-80.2264378
"2864",NA,31,"Hattie Avenue","Ozone","Forsyth",36.110693332,-80.2264378
"2865",NA,30,"Hattie Avenue","Ozone","Forsyth",36.110693332,-80.2264378
"2866",NA,30,"Hattie Avenue","Ozone","Forsyth",36.110693332,-80.2264378
"2867",NA,32,"Hattie Avenue","Ozone","Forsyth",36.110693332,-80.2264378
"2868",NA,35,"Hattie Avenue","Ozone","Forsyth",36.110693332,-80.2264378
"2869",NA,25,"Hattie Avenue","Ozone","Forsyth",36.110693332,-80.2264378
"2870",NA,26,"Hattie Avenue","Ozone","Forsyth",36.110693332,-80.2264378
"2871",NA,22,"Hattie Avenue","Ozone","Forsyth",36.110693332,-80.2264378
"2872",NA,36,"Hattie Avenue","Ozone","Forsyth",36.110693332,-80.2264378
"2873",NA,33,"Hattie Avenue","Ozone","Forsyth",36.110693332,-80.2264378
"2874",NA,34,"Hattie Avenue","Ozone","Forsyth",36.110693332,-80.2264378
"2875",3-01-20,41,"Clemmons Middle","Ozone","Forsyth",36.026,-80.342
"2876",3-02-20,44,"Clemmons Middle","Ozone","Forsyth",36.026,-80.342
"2877",3-03-20,44,"Clemmons Middle","Ozone","Forsyth",36.026,-80.342
"2878",3-04-20,46,"Clemmons Middle","Ozone","Forsyth",36.026,-80.342
"2879",3-05-20,44,"Clemmons Middle","Ozone","Forsyth",36.026,-80.342
"2880",3-06-20,29,"Clemmons Middle","Ozone","Forsyth",36.026,-80.342
"2881",3-07-20,35,"Clemmons Middle","Ozone","Forsyth",36.026,-80.342
"2882",3-08-20,43,"Clemmons Middle","Ozone","Forsyth",36.026,-80.342
"2883",3-09-20,44,"Clemmons Middle","Ozone","Forsyth",36.026,-80.342
"2884",3-10-20,38,"Clemmons Middle","Ozone","Forsyth",36.026,-80.342
"2885",3-11-20,31,"Clemmons Middle","Ozone","Forsyth",36.026,-80.342
"2886",3-12-20,38,"Clemmons Middle","Ozone","Forsyth",36.026,-80.342
"2887",NA,44,"Clemmons Middle","Ozone","Forsyth",36.026,-80.342
"2888",NA,43,"Clemmons Middle","Ozone","Forsyth",36.026,-80.342
"2889",NA,61,"Clemmons Middle","Ozone","Forsyth",36.026,-80.342
"2890",NA,51,"Clemmons Middle","Ozone","Forsyth",36.026,-80.342
"2891",NA,51,"Clemmons Middle","Ozone","Forsyth",36.026,-80.342
"2892",NA,46,"Clemmons Middle","Ozone","Forsyth",36.026,-80.342
"2893",NA,45,"Clemmons Middle","Ozone","Forsyth",36.026,-80.342
"2894",NA,32,"Clemmons Middle","Ozone","Forsyth",36.026,-80.342
"2895",NA,35,"Clemmons Middle","Ozone","Forsyth",36.026,-80.342
"2896",NA,45,"Clemmons Middle","Ozone","Forsyth",36.026,-80.342
"2897",NA,50,"Clemmons Middle","Ozone","Forsyth",36.026,-80.342
"2898",NA,37,"Clemmons Middle","Ozone","Forsyth",36.026,-80.342
"2899",NA,48,"Clemmons Middle","Ozone","Forsyth",36.026,-80.342
"2900",NA,44,"Clemmons Middle","Ozone","Forsyth",36.026,-80.342
"2901",NA,39,"Clemmons Middle","Ozone","Forsyth",36.026,-80.342
"2902",NA,44,"Clemmons Middle","Ozone","Forsyth",36.026,-80.342
"2903",NA,48,"Clemmons Middle","Ozone","Forsyth",36.026,-80.342
"2904",NA,44,"Clemmons Middle","Ozone","Forsyth",36.026,-80.342
"2905",NA,50,"Clemmons Middle","Ozone","Forsyth",36.026,-80.342
"2906",4-01-20,48,"Clemmons Middle","Ozone","Forsyth",36.026,-80.342
"2907",4-02-20,58,"Clemmons Middle","Ozone","Forsyth",36.026,-80.342
"2908",4-03-20,48,"Clemmons Middle","Ozone","Forsyth",36.026,-80.342
"2909",4-04-20,46,"Clemmons Middle","Ozone","Forsyth",36.026,-80.342
"2910",4-05-20,50,"Clemmons Middle","Ozone","Forsyth",36.026,-80.342
"2911",4-06-20,54,"Clemmons Middle","Ozone","Forsyth",36.026,-80.342
"2912",4-07-20,41,"Clemmons Middle","Ozone","Forsyth",36.026,-80.342
"2913",4-08-20,45,"Clemmons Middle","Ozone","Forsyth",36.026,-80.342
"2914",4-09-20,46,"Clemmons Middle","Ozone","Forsyth",36.026,-80.342
"2915",4-10-20,45,"Clemmons Middle","Ozone","Forsyth",36.026,-80.342
"2916",4-11-20,47,"Clemmons Middle","Ozone","Forsyth",36.026,-80.342
"2917",4-12-20,71,"Clemmons Middle","Ozone","Forsyth",36.026,-80.342
"2918",NA,84,"Clemmons Middle","Ozone","Forsyth",36.026,-80.342
"2919",NA,49,"Clemmons Middle","Ozone","Forsyth",36.026,-80.342
"2920",NA,36,"Clemmons Middle","Ozone","Forsyth",36.026,-80.342
"2921",NA,36,"Clemmons Middle","Ozone","Forsyth",36.026,-80.342
"2922",NA,49,"Clemmons Middle","Ozone","Forsyth",36.026,-80.342
"2923",NA,80,"Clemmons Middle","Ozone","Forsyth",36.026,-80.342
"2924",NA,46,"Clemmons Middle","Ozone","Forsyth",36.026,-80.342
"2925",NA,64,"Clemmons Middle","Ozone","Forsyth",36.026,-80.342
"2926",NA,84,"Clemmons Middle","Ozone","Forsyth",36.026,-80.342
"2927",NA,54,"Clemmons Middle","Ozone","Forsyth",36.026,-80.342
"2928",NA,43,"Clemmons Middle","Ozone","Forsyth",36.026,-80.342
"2929",NA,35,"Clemmons Middle","Ozone","Forsyth",36.026,-80.342
"2930",NA,40,"Clemmons Middle","Ozone","Forsyth",36.026,-80.342
"2931",NA,44,"Clemmons Middle","Ozone","Forsyth",36.026,-80.342
"2932",NA,44,"Clemmons Middle","Ozone","Forsyth",36.026,-80.342
"2933",NA,67,"Clemmons Middle","Ozone","Forsyth",36.026,-80.342
"2934",NA,45,"Clemmons Middle","Ozone","Forsyth",36.026,-80.342
"2935",NA,54,"Clemmons Middle","Ozone","Forsyth",36.026,-80.342
"2936",5-01-20,71,"Clemmons Middle","Ozone","Forsyth",36.026,-80.342
"2937",5-02-20,90,"Clemmons Middle","Ozone","Forsyth",36.026,-80.342
"2938",5-03-20,74,"Clemmons Middle","Ozone","Forsyth",36.026,-80.342
"2939",5-04-20,74,"Clemmons Middle","Ozone","Forsyth",36.026,-80.342
"2940",5-05-20,43,"Clemmons Middle","Ozone","Forsyth",36.026,-80.342
"2941",5-06-20,41,"Clemmons Middle","Ozone","Forsyth",36.026,-80.342
"2942",5-07-20,54,"Clemmons Middle","Ozone","Forsyth",36.026,-80.342
"2943",5-08-20,71,"Clemmons Middle","Ozone","Forsyth",36.026,-80.342
"2944",5-09-20,67,"Clemmons Middle","Ozone","Forsyth",36.026,-80.342
"2945",5-10-20,67,"Clemmons Middle","Ozone","Forsyth",36.026,-80.342
"2946",5-11-20,64,"Clemmons Middle","Ozone","Forsyth",36.026,-80.342
"2947",5-12-20,80,"Clemmons Middle","Ozone","Forsyth",36.026,-80.342
"2948",NA,61,"Clemmons Middle","Ozone","Forsyth",36.026,-80.342
"2949",NA,61,"Clemmons Middle","Ozone","Forsyth",36.026,-80.342
"2950",NA,34,"Clemmons Middle","Ozone","Forsyth",36.026,-80.342
"2951",NA,30,"Clemmons Middle","Ozone","Forsyth",36.026,-80.342
"2952",NA,30,"Clemmons Middle","Ozone","Forsyth",36.026,-80.342
"2953",NA,26,"Clemmons Middle","Ozone","Forsyth",36.026,-80.342
"2954",NA,34,"Clemmons Middle","Ozone","Forsyth",36.026,-80.342
"2955",NA,42,"Clemmons Middle","Ozone","Forsyth",36.026,-80.342
"2956",NA,42,"Clemmons Middle","Ozone","Forsyth",36.026,-80.342
"2957",NA,37,"Clemmons Middle","Ozone","Forsyth",36.026,-80.342
"2958",NA,40,"Clemmons Middle","Ozone","Forsyth",36.026,-80.342
"2959",NA,51,"Clemmons Middle","Ozone","Forsyth",36.026,-80.342
"2960",NA,32,"Clemmons Middle","Ozone","Forsyth",36.026,-80.342
"2961",NA,28,"Clemmons Middle","Ozone","Forsyth",36.026,-80.342
"2962",NA,25,"Clemmons Middle","Ozone","Forsyth",36.026,-80.342
"2963",NA,22,"Clemmons Middle","Ozone","Forsyth",36.026,-80.342
"2964",NA,24,"Clemmons Middle","Ozone","Forsyth",36.026,-80.342
"2965",NA,28,"Clemmons Middle","Ozone","Forsyth",36.026,-80.342
"2966",NA,40,"Clemmons Middle","Ozone","Forsyth",36.026,-80.342
"2967",6-01-20,44,"Clemmons Middle","Ozone","Forsyth",36.026,-80.342
"2968",6-02-20,46,"Clemmons Middle","Ozone","Forsyth",36.026,-80.342
"2969",6-03-20,44,"Clemmons Middle","Ozone","Forsyth",36.026,-80.342
"2970",6-04-20,58,"Clemmons Middle","Ozone","Forsyth",36.026,-80.342
"2971",6-05-20,54,"Clemmons Middle","Ozone","Forsyth",36.026,-80.342
"2972",6-06-20,67,"Clemmons Middle","Ozone","Forsyth",36.026,-80.342
"2973",6-07-20,84,"Clemmons Middle","Ozone","Forsyth",36.026,-80.342
"2974",6-08-20,90,"Clemmons Middle","Ozone","Forsyth",36.026,-80.342
"2975",6-09-20,64,"Clemmons Middle","Ozone","Forsyth",36.026,-80.342
"2976",6-10-20,64,"Clemmons Middle","Ozone","Forsyth",36.026,-80.342
"2977",6-11-20,45,"Clemmons Middle","Ozone","Forsyth",36.026,-80.342
"2978",6-12-20,31,"Clemmons Middle","Ozone","Forsyth",36.026,-80.342
"2979",NA,50,"Clemmons Middle","Ozone","Forsyth",36.026,-80.342
"2980",NA,48,"Clemmons Middle","Ozone","Forsyth",36.026,-80.342
"2981",NA,101,"Clemmons Middle","Ozone","Forsyth",36.026,-80.342
"2982",NA,61,"Clemmons Middle","Ozone","Forsyth",36.026,-80.342
"2983",NA,58,"Clemmons Middle","Ozone","Forsyth",36.026,-80.342
"2984",NA,45,"Clemmons Middle","Ozone","Forsyth",36.026,-80.342
"2985",NA,48,"Clemmons Middle","Ozone","Forsyth",36.026,-80.342
"2986",NA,39,"Clemmons Middle","Ozone","Forsyth",36.026,-80.342
"2987",NA,35,"Clemmons Middle","Ozone","Forsyth",36.026,-80.342
"2988",NA,47,"Clemmons Middle","Ozone","Forsyth",36.026,-80.342
"2989",NA,44,"Clemmons Middle","Ozone","Forsyth",36.026,-80.342
"2990",NA,42,"Clemmons Middle","Ozone","Forsyth",36.026,-80.342
"2991",NA,38,"Clemmons Middle","Ozone","Forsyth",36.026,-80.342
"2992",NA,33,"Clemmons Middle","Ozone","Forsyth",36.026,-80.342
"2993",NA,41,"Clemmons Middle","Ozone","Forsyth",36.026,-80.342
"2994",NA,43,"Clemmons Middle","Ozone","Forsyth",36.026,-80.342
"2995",NA,74,"Clemmons Middle","Ozone","Forsyth",36.026,-80.342
"2996",NA,67,"Clemmons Middle","Ozone","Forsyth",36.026,-80.342
"2997",7-01-20,42,"Clemmons Middle","Ozone","Forsyth",36.026,-80.342
"2998",7-02-20,40,"Clemmons Middle","Ozone","Forsyth",36.026,-80.342
"2999",7-03-20,54,"Clemmons Middle","Ozone","Forsyth",36.026,-80.342
"3000",7-04-20,43,"Clemmons Middle","Ozone","Forsyth",36.026,-80.342
"3001",7-05-20,29,"Clemmons Middle","Ozone","Forsyth",36.026,-80.342
"3002",7-06-20,32,"Clemmons Middle","Ozone","Forsyth",36.026,-80.342
"3003",7-07-20,36,"Clemmons Middle","Ozone","Forsyth",36.026,-80.342
"3004",7-08-20,51,"Clemmons Middle","Ozone","Forsyth",36.026,-80.342
"3005",7-09-20,46,"Clemmons Middle","Ozone","Forsyth",36.026,-80.342
"3006",7-10-20,54,"Clemmons Middle","Ozone","Forsyth",36.026,-80.342
"3007",7-11-20,51,"Clemmons Middle","Ozone","Forsyth",36.026,-80.342
"3008",7-12-20,97,"Clemmons Middle","Ozone","Forsyth",36.026,-80.342
"3009",NA,93,"Clemmons Middle","Ozone","Forsyth",36.026,-80.342
"3010",NA,58,"Clemmons Middle","Ozone","Forsyth",36.026,-80.342
"3011",NA,64,"Clemmons Middle","Ozone","Forsyth",36.026,-80.342
"3012",NA,54,"Clemmons Middle","Ozone","Forsyth",36.026,-80.342
"3013",NA,43,"Clemmons Middle","Ozone","Forsyth",36.026,-80.342
"3014",NA,51,"Clemmons Middle","Ozone","Forsyth",36.026,-80.342
"3015",NA,64,"Clemmons Middle","Ozone","Forsyth",36.026,-80.342
"3016",NA,67,"Clemmons Middle","Ozone","Forsyth",36.026,-80.342
"3017",NA,61,"Clemmons Middle","Ozone","Forsyth",36.026,-80.342
"3018",NA,41,"Clemmons Middle","Ozone","Forsyth",36.026,-80.342
"3019",NA,40,"Clemmons Middle","Ozone","Forsyth",36.026,-80.342
"3020",NA,45,"Clemmons Middle","Ozone","Forsyth",36.026,-80.342
"3021",NA,38,"Clemmons Middle","Ozone","Forsyth",36.026,-80.342
"3022",NA,45,"Clemmons Middle","Ozone","Forsyth",36.026,-80.342
"3023",NA,71,"Clemmons Middle","Ozone","Forsyth",36.026,-80.342
"3024",NA,44,"Clemmons Middle","Ozone","Forsyth",36.026,-80.342
"3025",NA,44,"Clemmons Middle","Ozone","Forsyth",36.026,-80.342
"3026",NA,44,"Clemmons Middle","Ozone","Forsyth",36.026,-80.342
"3027",NA,31,"Clemmons Middle","Ozone","Forsyth",36.026,-80.342
"3028",8-01-20,35,"Clemmons Middle","Ozone","Forsyth",36.026,-80.342
"3029",8-02-20,31,"Clemmons Middle","Ozone","Forsyth",36.026,-80.342
"3030",8-03-20,25,"Clemmons Middle","Ozone","Forsyth",36.026,-80.342
"3031",8-04-20,29,"Clemmons Middle","Ozone","Forsyth",36.026,-80.342
"3032",8-05-20,41,"Clemmons Middle","Ozone","Forsyth",36.026,-80.342
"3033",8-06-20,39,"Clemmons Middle","Ozone","Forsyth",36.026,-80.342
"3034",8-07-20,40,"Clemmons Middle","Ozone","Forsyth",36.026,-80.342
"3035",8-08-20,32,"Clemmons Middle","Ozone","Forsyth",36.026,-80.342
"3036",8-09-20,43,"Clemmons Middle","Ozone","Forsyth",36.026,-80.342
"3037",8-10-20,58,"Clemmons Middle","Ozone","Forsyth",36.026,-80.342
"3038",8-11-20,35,"Clemmons Middle","Ozone","Forsyth",36.026,-80.342
"3039",8-12-20,33,"Clemmons Middle","Ozone","Forsyth",36.026,-80.342
"3040",NA,40,"Clemmons Middle","Ozone","Forsyth",36.026,-80.342
"3041",NA,41,"Clemmons Middle","Ozone","Forsyth",36.026,-80.342
"3042",NA,45,"Clemmons Middle","Ozone","Forsyth",36.026,-80.342
"3043",NA,54,"Clemmons Middle","Ozone","Forsyth",36.026,-80.342
"3044",NA,41,"Clemmons Middle","Ozone","Forsyth",36.026,-80.342
"3045",NA,31,"Clemmons Middle","Ozone","Forsyth",36.026,-80.342
"3046",NA,35,"Clemmons Middle","Ozone","Forsyth",36.026,-80.342
"3047",NA,39,"Clemmons Middle","Ozone","Forsyth",36.026,-80.342
"3048",NA,25,"Clemmons Middle","Ozone","Forsyth",36.026,-80.342
"3049",NA,34,"Clemmons Middle","Ozone","Forsyth",36.026,-80.342
"3050",NA,42,"Clemmons Middle","Ozone","Forsyth",36.026,-80.342
"3051",NA,58,"Clemmons Middle","Ozone","Forsyth",36.026,-80.342
"3052",NA,44,"Clemmons Middle","Ozone","Forsyth",36.026,-80.342
"3053",NA,46,"Clemmons Middle","Ozone","Forsyth",36.026,-80.342
"3054",NA,46,"Clemmons Middle","Ozone","Forsyth",36.026,-80.342
"3055",NA,49,"Clemmons Middle","Ozone","Forsyth",36.026,-80.342
"3056",NA,48,"Clemmons Middle","Ozone","Forsyth",36.026,-80.342
"3057",NA,49,"Clemmons Middle","Ozone","Forsyth",36.026,-80.342
"3058",NA,46,"Clemmons Middle","Ozone","Forsyth",36.026,-80.342
"3059",9-01-20,42,"Clemmons Middle","Ozone","Forsyth",36.026,-80.342
"3060",9-02-20,31,"Clemmons Middle","Ozone","Forsyth",36.026,-80.342
"3061",9-03-20,39,"Clemmons Middle","Ozone","Forsyth",36.026,-80.342
"3062",9-04-20,45,"Clemmons Middle","Ozone","Forsyth",36.026,-80.342
"3063",9-05-20,45,"Clemmons Middle","Ozone","Forsyth",36.026,-80.342
"3064",9-06-20,38,"Clemmons Middle","Ozone","Forsyth",36.026,-80.342
"3065",9-07-20,51,"Clemmons Middle","Ozone","Forsyth",36.026,-80.342
"3066",9-08-20,45,"Clemmons Middle","Ozone","Forsyth",36.026,-80.342
"3067",9-09-20,17,"Clemmons Middle","Ozone","Forsyth",36.026,-80.342
"3068",9-10-20,16,"Clemmons Middle","Ozone","Forsyth",36.026,-80.342
"3069",9-11-20,39,"Clemmons Middle","Ozone","Forsyth",36.026,-80.342
"3070",9-12-20,30,"Clemmons Middle","Ozone","Forsyth",36.026,-80.342
"3071",NA,19,"Clemmons Middle","Ozone","Forsyth",36.026,-80.342
"3072",NA,17,"Clemmons Middle","Ozone","Forsyth",36.026,-80.342
"3073",NA,15,"Clemmons Middle","Ozone","Forsyth",36.026,-80.342
"3074",NA,18,"Clemmons Middle","Ozone","Forsyth",36.026,-80.342
"3075",NA,30,"Clemmons Middle","Ozone","Forsyth",36.026,-80.342
"3076",NA,28,"Clemmons Middle","Ozone","Forsyth",36.026,-80.342
"3077",NA,44,"Clemmons Middle","Ozone","Forsyth",36.026,-80.342
"3078",NA,51,"Clemmons Middle","Ozone","Forsyth",36.026,-80.342
"3079",NA,51,"Clemmons Middle","Ozone","Forsyth",36.026,-80.342
"3080",NA,47,"Clemmons Middle","Ozone","Forsyth",36.026,-80.342
"3081",NA,23,"Clemmons Middle","Ozone","Forsyth",36.026,-80.342
"3082",NA,18,"Clemmons Middle","Ozone","Forsyth",36.026,-80.342
"3083",NA,30,"Clemmons Middle","Ozone","Forsyth",36.026,-80.342
"3084",NA,34,"Clemmons Middle","Ozone","Forsyth",36.026,-80.342
"3085",NA,30,"Clemmons Middle","Ozone","Forsyth",36.026,-80.342
"3086",NA,29,"Clemmons Middle","Ozone","Forsyth",36.026,-80.342
"3087",NA,41,"Clemmons Middle","Ozone","Forsyth",36.026,-80.342
"3088",NA,35,"Clemmons Middle","Ozone","Forsyth",36.026,-80.342
"3089",10-01-20,44,"Clemmons Middle","Ozone","Forsyth",36.026,-80.342
"3090",10-02-20,45,"Clemmons Middle","Ozone","Forsyth",36.026,-80.342
"3091",10-03-20,36,"Clemmons Middle","Ozone","Forsyth",36.026,-80.342
"3092",10-04-20,38,"Clemmons Middle","Ozone","Forsyth",36.026,-80.342
"3093",10-05-20,39,"Clemmons Middle","Ozone","Forsyth",36.026,-80.342
"3094",10-06-20,36,"Clemmons Middle","Ozone","Forsyth",36.026,-80.342
"3095",10-07-20,42,"Clemmons Middle","Ozone","Forsyth",36.026,-80.342
"3096",10-08-20,34,"Clemmons Middle","Ozone","Forsyth",36.026,-80.342
"3097",10-09-20,34,"Clemmons Middle","Ozone","Forsyth",36.026,-80.342
"3098",10-10-20,18,"Clemmons Middle","Ozone","Forsyth",36.026,-80.342
"3099",10-11-20,26,"Clemmons Middle","Ozone","Forsyth",36.026,-80.342
"3100",10-12-20,36,"Clemmons Middle","Ozone","Forsyth",36.026,-80.342
"3101",NA,32,"Clemmons Middle","Ozone","Forsyth",36.026,-80.342
"3102",NA,19,"Clemmons Middle","Ozone","Forsyth",36.026,-80.342
"3103",NA,36,"Clemmons Middle","Ozone","Forsyth",36.026,-80.342
"3104",NA,21,"Clemmons Middle","Ozone","Forsyth",36.026,-80.342
"3105",NA,33,"Clemmons Middle","Ozone","Forsyth",36.026,-80.342
"3106",NA,37,"Clemmons Middle","Ozone","Forsyth",36.026,-80.342
"3107",NA,44,"Clemmons Middle","Ozone","Forsyth",36.026,-80.342
"3108",NA,32,"Clemmons Middle","Ozone","Forsyth",36.026,-80.342
"3109",NA,30,"Clemmons Middle","Ozone","Forsyth",36.026,-80.342
"3110",NA,30,"Clemmons Middle","Ozone","Forsyth",36.026,-80.342
"3111",NA,31,"Clemmons Middle","Ozone","Forsyth",36.026,-80.342
"3112",NA,33,"Clemmons Middle","Ozone","Forsyth",36.026,-80.342
"3113",NA,25,"Clemmons Middle","Ozone","Forsyth",36.026,-80.342
"3114",NA,24,"Clemmons Middle","Ozone","Forsyth",36.026,-80.342
"3115",NA,23,"Clemmons Middle","Ozone","Forsyth",36.026,-80.342
"3116",NA,37,"Clemmons Middle","Ozone","Forsyth",36.026,-80.342
"3117",NA,34,"Clemmons Middle","Ozone","Forsyth",36.026,-80.342
"3118",NA,34,"Clemmons Middle","Ozone","Forsyth",36.026,-80.342
"3119",3-01-20,29,"Union Cross","Ozone","Forsyth",36.050970061,-80.143656504
"3120",3-02-20,43,"Union Cross","Ozone","Forsyth",36.050970061,-80.143656504
"3121",3-03-20,45,"Union Cross","Ozone","Forsyth",36.050970061,-80.143656504
"3122",3-04-20,44,"Union Cross","Ozone","Forsyth",36.050970061,-80.143656504
"3123",3-05-20,41,"Union Cross","Ozone","Forsyth",36.050970061,-80.143656504
"3124",3-06-20,27,"Union Cross","Ozone","Forsyth",36.050970061,-80.143656504
"3125",3-07-20,34,"Union Cross","Ozone","Forsyth",36.050970061,-80.143656504
"3126",3-08-20,40,"Union Cross","Ozone","Forsyth",36.050970061,-80.143656504
"3127",3-09-20,44,"Union Cross","Ozone","Forsyth",36.050970061,-80.143656504
"3128",3-10-20,38,"Union Cross","Ozone","Forsyth",36.050970061,-80.143656504
"3129",3-11-20,31,"Union Cross","Ozone","Forsyth",36.050970061,-80.143656504
"3130",3-12-20,37,"Union Cross","Ozone","Forsyth",36.050970061,-80.143656504
"3131",NA,43,"Union Cross","Ozone","Forsyth",36.050970061,-80.143656504
"3132",NA,42,"Union Cross","Ozone","Forsyth",36.050970061,-80.143656504
"3133",NA,58,"Union Cross","Ozone","Forsyth",36.050970061,-80.143656504
"3134",NA,50,"Union Cross","Ozone","Forsyth",36.050970061,-80.143656504
"3135",NA,51,"Union Cross","Ozone","Forsyth",36.050970061,-80.143656504
"3136",NA,44,"Union Cross","Ozone","Forsyth",36.050970061,-80.143656504
"3137",NA,44,"Union Cross","Ozone","Forsyth",36.050970061,-80.143656504
"3138",NA,32,"Union Cross","Ozone","Forsyth",36.050970061,-80.143656504
"3139",NA,33,"Union Cross","Ozone","Forsyth",36.050970061,-80.143656504
"3140",NA,43,"Union Cross","Ozone","Forsyth",36.050970061,-80.143656504
"3141",NA,49,"Union Cross","Ozone","Forsyth",36.050970061,-80.143656504
"3142",NA,42,"Union Cross","Ozone","Forsyth",36.050970061,-80.143656504
"3143",NA,46,"Union Cross","Ozone","Forsyth",36.050970061,-80.143656504
"3144",NA,43,"Union Cross","Ozone","Forsyth",36.050970061,-80.143656504
"3145",NA,38,"Union Cross","Ozone","Forsyth",36.050970061,-80.143656504
"3146",NA,44,"Union Cross","Ozone","Forsyth",36.050970061,-80.143656504
"3147",NA,54,"Union Cross","Ozone","Forsyth",36.050970061,-80.143656504
"3148",NA,43,"Union Cross","Ozone","Forsyth",36.050970061,-80.143656504
"3149",NA,48,"Union Cross","Ozone","Forsyth",36.050970061,-80.143656504
"3150",4-01-20,48,"Union Cross","Ozone","Forsyth",36.050970061,-80.143656504
"3151",4-02-20,51,"Union Cross","Ozone","Forsyth",36.050970061,-80.143656504
"3152",4-03-20,46,"Union Cross","Ozone","Forsyth",36.050970061,-80.143656504
"3153",4-04-20,44,"Union Cross","Ozone","Forsyth",36.050970061,-80.143656504
"3154",4-05-20,47,"Union Cross","Ozone","Forsyth",36.050970061,-80.143656504
"3155",4-06-20,54,"Union Cross","Ozone","Forsyth",36.050970061,-80.143656504
"3156",4-07-20,41,"Union Cross","Ozone","Forsyth",36.050970061,-80.143656504
"3157",4-08-20,45,"Union Cross","Ozone","Forsyth",36.050970061,-80.143656504
"3158",4-09-20,46,"Union Cross","Ozone","Forsyth",36.050970061,-80.143656504
"3159",4-10-20,44,"Union Cross","Ozone","Forsyth",36.050970061,-80.143656504
"3160",4-11-20,47,"Union Cross","Ozone","Forsyth",36.050970061,-80.143656504
"3161",4-12-20,64,"Union Cross","Ozone","Forsyth",36.050970061,-80.143656504
"3162",NA,77,"Union Cross","Ozone","Forsyth",36.050970061,-80.143656504
"3163",NA,49,"Union Cross","Ozone","Forsyth",36.050970061,-80.143656504
"3164",NA,35,"Union Cross","Ozone","Forsyth",36.050970061,-80.143656504
"3165",NA,34,"Union Cross","Ozone","Forsyth",36.050970061,-80.143656504
"3166",NA,51,"Union Cross","Ozone","Forsyth",36.050970061,-80.143656504
"3167",NA,80,"Union Cross","Ozone","Forsyth",36.050970061,-80.143656504
"3168",NA,45,"Union Cross","Ozone","Forsyth",36.050970061,-80.143656504
"3169",NA,64,"Union Cross","Ozone","Forsyth",36.050970061,-80.143656504
"3170",NA,74,"Union Cross","Ozone","Forsyth",36.050970061,-80.143656504
"3171",NA,51,"Union Cross","Ozone","Forsyth",36.050970061,-80.143656504
"3172",NA,42,"Union Cross","Ozone","Forsyth",36.050970061,-80.143656504
"3173",NA,34,"Union Cross","Ozone","Forsyth",36.050970061,-80.143656504
"3174",NA,39,"Union Cross","Ozone","Forsyth",36.050970061,-80.143656504
"3175",NA,44,"Union Cross","Ozone","Forsyth",36.050970061,-80.143656504
"3176",NA,44,"Union Cross","Ozone","Forsyth",36.050970061,-80.143656504
"3177",NA,64,"Union Cross","Ozone","Forsyth",36.050970061,-80.143656504
"3178",NA,46,"Union Cross","Ozone","Forsyth",36.050970061,-80.143656504
"3179",NA,54,"Union Cross","Ozone","Forsyth",36.050970061,-80.143656504
"3180",5-01-20,67,"Union Cross","Ozone","Forsyth",36.050970061,-80.143656504
"3181",5-02-20,87,"Union Cross","Ozone","Forsyth",36.050970061,-80.143656504
"3182",5-03-20,77,"Union Cross","Ozone","Forsyth",36.050970061,-80.143656504
"3183",5-04-20,71,"Union Cross","Ozone","Forsyth",36.050970061,-80.143656504
"3184",5-05-20,40,"Union Cross","Ozone","Forsyth",36.050970061,-80.143656504
"3185",5-06-20,41,"Union Cross","Ozone","Forsyth",36.050970061,-80.143656504
"3186",5-07-20,49,"Union Cross","Ozone","Forsyth",36.050970061,-80.143656504
"3187",5-08-20,61,"Union Cross","Ozone","Forsyth",36.050970061,-80.143656504
"3188",5-09-20,74,"Union Cross","Ozone","Forsyth",36.050970061,-80.143656504
"3189",5-10-20,67,"Union Cross","Ozone","Forsyth",36.050970061,-80.143656504
"3190",5-11-20,61,"Union Cross","Ozone","Forsyth",36.050970061,-80.143656504
"3191",5-12-20,80,"Union Cross","Ozone","Forsyth",36.050970061,-80.143656504
"3192",NA,64,"Union Cross","Ozone","Forsyth",36.050970061,-80.143656504
"3193",NA,71,"Union Cross","Ozone","Forsyth",36.050970061,-80.143656504
"3194",NA,30,"Union Cross","Ozone","Forsyth",36.050970061,-80.143656504
"3195",NA,25,"Union Cross","Ozone","Forsyth",36.050970061,-80.143656504
"3196",NA,28,"Union Cross","Ozone","Forsyth",36.050970061,-80.143656504
"3197",NA,24,"Union Cross","Ozone","Forsyth",36.050970061,-80.143656504
"3198",NA,29,"Union Cross","Ozone","Forsyth",36.050970061,-80.143656504
"3199",NA,43,"Union Cross","Ozone","Forsyth",36.050970061,-80.143656504
"3200",NA,44,"Union Cross","Ozone","Forsyth",36.050970061,-80.143656504
"3201",NA,40,"Union Cross","Ozone","Forsyth",36.050970061,-80.143656504
"3202",NA,40,"Union Cross","Ozone","Forsyth",36.050970061,-80.143656504
"3203",NA,47,"Union Cross","Ozone","Forsyth",36.050970061,-80.143656504
"3204",NA,30,"Union Cross","Ozone","Forsyth",36.050970061,-80.143656504
"3205",NA,29,"Union Cross","Ozone","Forsyth",36.050970061,-80.143656504
"3206",NA,24,"Union Cross","Ozone","Forsyth",36.050970061,-80.143656504
"3207",NA,21,"Union Cross","Ozone","Forsyth",36.050970061,-80.143656504
"3208",NA,23,"Union Cross","Ozone","Forsyth",36.050970061,-80.143656504
"3209",NA,24,"Union Cross","Ozone","Forsyth",36.050970061,-80.143656504
"3210",NA,41,"Union Cross","Ozone","Forsyth",36.050970061,-80.143656504
"3211",6-01-20,47,"Union Cross","Ozone","Forsyth",36.050970061,-80.143656504
"3212",6-02-20,44,"Union Cross","Ozone","Forsyth",36.050970061,-80.143656504
"3213",6-03-20,43,"Union Cross","Ozone","Forsyth",36.050970061,-80.143656504
"3214",6-04-20,61,"Union Cross","Ozone","Forsyth",36.050970061,-80.143656504
"3215",6-05-20,71,"Union Cross","Ozone","Forsyth",36.050970061,-80.143656504
"3216",6-06-20,77,"Union Cross","Ozone","Forsyth",36.050970061,-80.143656504
"3217",6-07-20,77,"Union Cross","Ozone","Forsyth",36.050970061,-80.143656504
"3218",6-08-20,87,"Union Cross","Ozone","Forsyth",36.050970061,-80.143656504
"3219",6-09-20,54,"Union Cross","Ozone","Forsyth",36.050970061,-80.143656504
"3220",6-10-20,58,"Union Cross","Ozone","Forsyth",36.050970061,-80.143656504
"3221",6-11-20,45,"Union Cross","Ozone","Forsyth",36.050970061,-80.143656504
"3222",6-12-20,30,"Union Cross","Ozone","Forsyth",36.050970061,-80.143656504
"3223",NA,46,"Union Cross","Ozone","Forsyth",36.050970061,-80.143656504
"3224",NA,50,"Union Cross","Ozone","Forsyth",36.050970061,-80.143656504
"3225",NA,80,"Union Cross","Ozone","Forsyth",36.050970061,-80.143656504
"3226",NA,61,"Union Cross","Ozone","Forsyth",36.050970061,-80.143656504
"3227",NA,67,"Union Cross","Ozone","Forsyth",36.050970061,-80.143656504
"3228",NA,48,"Union Cross","Ozone","Forsyth",36.050970061,-80.143656504
"3229",NA,51,"Union Cross","Ozone","Forsyth",36.050970061,-80.143656504
"3230",NA,42,"Union Cross","Ozone","Forsyth",36.050970061,-80.143656504
"3231",NA,35,"Union Cross","Ozone","Forsyth",36.050970061,-80.143656504
"3232",NA,48,"Union Cross","Ozone","Forsyth",36.050970061,-80.143656504
"3233",NA,44,"Union Cross","Ozone","Forsyth",36.050970061,-80.143656504
"3234",NA,42,"Union Cross","Ozone","Forsyth",36.050970061,-80.143656504
"3235",NA,40,"Union Cross","Ozone","Forsyth",36.050970061,-80.143656504
"3236",NA,31,"Union Cross","Ozone","Forsyth",36.050970061,-80.143656504
"3237",NA,41,"Union Cross","Ozone","Forsyth",36.050970061,-80.143656504
"3238",NA,45,"Union Cross","Ozone","Forsyth",36.050970061,-80.143656504
"3239",NA,77,"Union Cross","Ozone","Forsyth",36.050970061,-80.143656504
"3240",NA,61,"Union Cross","Ozone","Forsyth",36.050970061,-80.143656504
"3241",7-01-20,38,"Union Cross","Ozone","Forsyth",36.050970061,-80.143656504
"3242",7-02-20,39,"Union Cross","Ozone","Forsyth",36.050970061,-80.143656504
"3243",7-03-20,49,"Union Cross","Ozone","Forsyth",36.050970061,-80.143656504
"3244",7-04-20,41,"Union Cross","Ozone","Forsyth",36.050970061,-80.143656504
"3245",7-05-20,30,"Union Cross","Ozone","Forsyth",36.050970061,-80.143656504
"3246",7-06-20,35,"Union Cross","Ozone","Forsyth",36.050970061,-80.143656504
"3247",7-07-20,34,"Union Cross","Ozone","Forsyth",36.050970061,-80.143656504
"3248",7-08-20,48,"Union Cross","Ozone","Forsyth",36.050970061,-80.143656504
"3249",7-09-20,51,"Union Cross","Ozone","Forsyth",36.050970061,-80.143656504
"3250",7-10-20,64,"Union Cross","Ozone","Forsyth",36.050970061,-80.143656504
"3251",7-11-20,58,"Union Cross","Ozone","Forsyth",36.050970061,-80.143656504
"3252",7-12-20,74,"Union Cross","Ozone","Forsyth",36.050970061,-80.143656504
"3253",NA,77,"Union Cross","Ozone","Forsyth",36.050970061,-80.143656504
"3254",NA,61,"Union Cross","Ozone","Forsyth",36.050970061,-80.143656504
"3255",NA,58,"Union Cross","Ozone","Forsyth",36.050970061,-80.143656504
"3256",NA,49,"Union Cross","Ozone","Forsyth",36.050970061,-80.143656504
"3257",NA,43,"Union Cross","Ozone","Forsyth",36.050970061,-80.143656504
"3258",NA,51,"Union Cross","Ozone","Forsyth",36.050970061,-80.143656504
"3259",NA,61,"Union Cross","Ozone","Forsyth",36.050970061,-80.143656504
"3260",NA,54,"Union Cross","Ozone","Forsyth",36.050970061,-80.143656504
"3261",NA,50,"Union Cross","Ozone","Forsyth",36.050970061,-80.143656504
"3262",NA,38,"Union Cross","Ozone","Forsyth",36.050970061,-80.143656504
"3263",NA,34,"Union Cross","Ozone","Forsyth",36.050970061,-80.143656504
"3264",NA,40,"Union Cross","Ozone","Forsyth",36.050970061,-80.143656504
"3265",NA,39,"Union Cross","Ozone","Forsyth",36.050970061,-80.143656504
"3266",NA,47,"Union Cross","Ozone","Forsyth",36.050970061,-80.143656504
"3267",NA,74,"Union Cross","Ozone","Forsyth",36.050970061,-80.143656504
"3268",NA,44,"Union Cross","Ozone","Forsyth",36.050970061,-80.143656504
"3269",NA,43,"Union Cross","Ozone","Forsyth",36.050970061,-80.143656504
"3270",NA,39,"Union Cross","Ozone","Forsyth",36.050970061,-80.143656504
"3271",NA,27,"Union Cross","Ozone","Forsyth",36.050970061,-80.143656504
"3272",8-01-20,33,"Union Cross","Ozone","Forsyth",36.050970061,-80.143656504
"3273",8-02-20,26,"Union Cross","Ozone","Forsyth",36.050970061,-80.143656504
"3274",8-03-20,24,"Union Cross","Ozone","Forsyth",36.050970061,-80.143656504
"3275",8-04-20,31,"Union Cross","Ozone","Forsyth",36.050970061,-80.143656504
"3276",8-05-20,44,"Union Cross","Ozone","Forsyth",36.050970061,-80.143656504
"3277",8-06-20,36,"Union Cross","Ozone","Forsyth",36.050970061,-80.143656504
"3278",8-07-20,40,"Union Cross","Ozone","Forsyth",36.050970061,-80.143656504
"3279",8-08-20,32,"Union Cross","Ozone","Forsyth",36.050970061,-80.143656504
"3280",8-09-20,44,"Union Cross","Ozone","Forsyth",36.050970061,-80.143656504
"3281",8-10-20,50,"Union Cross","Ozone","Forsyth",36.050970061,-80.143656504
"3282",8-11-20,40,"Union Cross","Ozone","Forsyth",36.050970061,-80.143656504
"3283",8-12-20,42,"Union Cross","Ozone","Forsyth",36.050970061,-80.143656504
"3284",NA,44,"Union Cross","Ozone","Forsyth",36.050970061,-80.143656504
"3285",NA,43,"Union Cross","Ozone","Forsyth",36.050970061,-80.143656504
"3286",NA,54,"Union Cross","Ozone","Forsyth",36.050970061,-80.143656504
"3287",NA,54,"Union Cross","Ozone","Forsyth",36.050970061,-80.143656504
"3288",NA,38,"Union Cross","Ozone","Forsyth",36.050970061,-80.143656504
"3289",NA,31,"Union Cross","Ozone","Forsyth",36.050970061,-80.143656504
"3290",NA,36,"Union Cross","Ozone","Forsyth",36.050970061,-80.143656504
"3291",NA,37,"Union Cross","Ozone","Forsyth",36.050970061,-80.143656504
"3292",NA,29,"Union Cross","Ozone","Forsyth",36.050970061,-80.143656504
"3293",NA,34,"Union Cross","Ozone","Forsyth",36.050970061,-80.143656504
"3294",NA,39,"Union Cross","Ozone","Forsyth",36.050970061,-80.143656504
"3295",NA,48,"Union Cross","Ozone","Forsyth",36.050970061,-80.143656504
"3296",NA,48,"Union Cross","Ozone","Forsyth",36.050970061,-80.143656504
"3297",NA,47,"Union Cross","Ozone","Forsyth",36.050970061,-80.143656504
"3298",NA,48,"Union Cross","Ozone","Forsyth",36.050970061,-80.143656504
"3299",NA,47,"Union Cross","Ozone","Forsyth",36.050970061,-80.143656504
"3300",NA,64,"Union Cross","Ozone","Forsyth",36.050970061,-80.143656504
"3301",NA,61,"Union Cross","Ozone","Forsyth",36.050970061,-80.143656504
"3302",NA,47,"Union Cross","Ozone","Forsyth",36.050970061,-80.143656504
"3303",9-01-20,42,"Union Cross","Ozone","Forsyth",36.050970061,-80.143656504
"3304",9-02-20,31,"Union Cross","Ozone","Forsyth",36.050970061,-80.143656504
"3305",9-03-20,37,"Union Cross","Ozone","Forsyth",36.050970061,-80.143656504
"3306",9-04-20,40,"Union Cross","Ozone","Forsyth",36.050970061,-80.143656504
"3307",9-05-20,43,"Union Cross","Ozone","Forsyth",36.050970061,-80.143656504
"3308",9-06-20,41,"Union Cross","Ozone","Forsyth",36.050970061,-80.143656504
"3309",9-07-20,48,"Union Cross","Ozone","Forsyth",36.050970061,-80.143656504
"3310",9-08-20,44,"Union Cross","Ozone","Forsyth",36.050970061,-80.143656504
"3311",9-09-20,14,"Union Cross","Ozone","Forsyth",36.050970061,-80.143656504
"3312",9-10-20,12,"Union Cross","Ozone","Forsyth",36.050970061,-80.143656504
"3313",9-11-20,33,"Union Cross","Ozone","Forsyth",36.050970061,-80.143656504
"3314",9-12-20,23,"Union Cross","Ozone","Forsyth",36.050970061,-80.143656504
"3315",NA,18,"Union Cross","Ozone","Forsyth",36.050970061,-80.143656504
"3316",NA,15,"Union Cross","Ozone","Forsyth",36.050970061,-80.143656504
"3317",NA,14,"Union Cross","Ozone","Forsyth",36.050970061,-80.143656504
"3318",NA,17,"Union Cross","Ozone","Forsyth",36.050970061,-80.143656504
"3319",NA,31,"Union Cross","Ozone","Forsyth",36.050970061,-80.143656504
"3320",NA,28,"Union Cross","Ozone","Forsyth",36.050970061,-80.143656504
"3321",NA,43,"Union Cross","Ozone","Forsyth",36.050970061,-80.143656504
"3322",NA,58,"Union Cross","Ozone","Forsyth",36.050970061,-80.143656504
"3323",NA,48,"Union Cross","Ozone","Forsyth",36.050970061,-80.143656504
"3324",NA,47,"Union Cross","Ozone","Forsyth",36.050970061,-80.143656504
"3325",NA,22,"Union Cross","Ozone","Forsyth",36.050970061,-80.143656504
"3326",NA,15,"Union Cross","Ozone","Forsyth",36.050970061,-80.143656504
"3327",NA,31,"Union Cross","Ozone","Forsyth",36.050970061,-80.143656504
"3328",NA,35,"Union Cross","Ozone","Forsyth",36.050970061,-80.143656504
"3329",NA,25,"Union Cross","Ozone","Forsyth",36.050970061,-80.143656504
"3330",NA,26,"Union Cross","Ozone","Forsyth",36.050970061,-80.143656504
"3331",NA,39,"Union Cross","Ozone","Forsyth",36.050970061,-80.143656504
"3332",NA,33,"Union Cross","Ozone","Forsyth",36.050970061,-80.143656504
"3333",10-01-20,43,"Union Cross","Ozone","Forsyth",36.050970061,-80.143656504
"3334",10-02-20,45,"Union Cross","Ozone","Forsyth",36.050970061,-80.143656504
"3335",10-03-20,39,"Union Cross","Ozone","Forsyth",36.050970061,-80.143656504
"3336",10-04-20,38,"Union Cross","Ozone","Forsyth",36.050970061,-80.143656504
"3337",10-05-20,39,"Union Cross","Ozone","Forsyth",36.050970061,-80.143656504
"3338",10-06-20,33,"Union Cross","Ozone","Forsyth",36.050970061,-80.143656504
"3339",10-07-20,39,"Union Cross","Ozone","Forsyth",36.050970061,-80.143656504
"3340",10-08-20,31,"Union Cross","Ozone","Forsyth",36.050970061,-80.143656504
"3341",10-09-20,31,"Union Cross","Ozone","Forsyth",36.050970061,-80.143656504
"3342",10-10-20,16,"Union Cross","Ozone","Forsyth",36.050970061,-80.143656504
"3343",10-12-20,34,"Union Cross","Ozone","Forsyth",36.050970061,-80.143656504
"3344",NA,32,"Union Cross","Ozone","Forsyth",36.050970061,-80.143656504
"3345",NA,19,"Union Cross","Ozone","Forsyth",36.050970061,-80.143656504
"3346",NA,32,"Union Cross","Ozone","Forsyth",36.050970061,-80.143656504
"3347",NA,36,"Union Cross","Ozone","Forsyth",36.050970061,-80.143656504
"3348",NA,41,"Union Cross","Ozone","Forsyth",36.050970061,-80.143656504
"3349",NA,31,"Union Cross","Ozone","Forsyth",36.050970061,-80.143656504
"3350",NA,28,"Union Cross","Ozone","Forsyth",36.050970061,-80.143656504
"3351",NA,30,"Union Cross","Ozone","Forsyth",36.050970061,-80.143656504
"3352",NA,33,"Union Cross","Ozone","Forsyth",36.050970061,-80.143656504
"3353",NA,35,"Union Cross","Ozone","Forsyth",36.050970061,-80.143656504
"3354",NA,24,"Union Cross","Ozone","Forsyth",36.050970061,-80.143656504
"3355",NA,24,"Union Cross","Ozone","Forsyth",36.050970061,-80.143656504
"3356",NA,34,"Union Cross","Ozone","Forsyth",36.050970061,-80.143656504
"3357",3-01-20,43,"Joanna Bald","Ozone","Graham",35.2578000008897,-83.7955
"3358",3-02-20,44,"Joanna Bald","Ozone","Graham",35.2578000008897,-83.7955
"3359",3-03-20,44,"Joanna Bald","Ozone","Graham",35.2578000008897,-83.7955
"3360",3-04-20,48,"Joanna Bald","Ozone","Graham",35.2578000008897,-83.7955
"3361",3-05-20,48,"Joanna Bald","Ozone","Graham",35.2578000008897,-83.7955
"3362",3-06-20,44,"Joanna Bald","Ozone","Graham",35.2578000008897,-83.7955
"3363",3-07-20,36,"Joanna Bald","Ozone","Graham",35.2578000008897,-83.7955
"3364",3-08-20,40,"Joanna Bald","Ozone","Graham",35.2578000008897,-83.7955
"3365",3-09-20,49,"Joanna Bald","Ozone","Graham",35.2578000008897,-83.7955
"3366",3-10-20,49,"Joanna Bald","Ozone","Graham",35.2578000008897,-83.7955
"3367",3-11-20,41,"Joanna Bald","Ozone","Graham",35.2578000008897,-83.7955
"3368",3-12-20,43,"Joanna Bald","Ozone","Graham",35.2578000008897,-83.7955
"3369",NA,44,"Joanna Bald","Ozone","Graham",35.2578000008897,-83.7955
"3370",NA,46,"Joanna Bald","Ozone","Graham",35.2578000008897,-83.7955
"3371",NA,67,"Joanna Bald","Ozone","Graham",35.2578000008897,-83.7955
"3372",NA,80,"Joanna Bald","Ozone","Graham",35.2578000008897,-83.7955
"3373",NA,44,"Joanna Bald","Ozone","Graham",35.2578000008897,-83.7955
"3374",NA,44,"Joanna Bald","Ozone","Graham",35.2578000008897,-83.7955
"3375",NA,43,"Joanna Bald","Ozone","Graham",35.2578000008897,-83.7955
"3376",NA,37,"Joanna Bald","Ozone","Graham",35.2578000008897,-83.7955
"3377",NA,40,"Joanna Bald","Ozone","Graham",35.2578000008897,-83.7955
"3378",NA,47,"Joanna Bald","Ozone","Graham",35.2578000008897,-83.7955
"3379",NA,51,"Joanna Bald","Ozone","Graham",35.2578000008897,-83.7955
"3380",NA,44,"Joanna Bald","Ozone","Graham",35.2578000008897,-83.7955
"3381",NA,38,"Joanna Bald","Ozone","Graham",35.2578000008897,-83.7955
"3382",NA,44,"Joanna Bald","Ozone","Graham",35.2578000008897,-83.7955
"3383",NA,40,"Joanna Bald","Ozone","Graham",35.2578000008897,-83.7955
"3384",NA,41,"Joanna Bald","Ozone","Graham",35.2578000008897,-83.7955
"3385",NA,44,"Joanna Bald","Ozone","Graham",35.2578000008897,-83.7955
"3386",NA,42,"Joanna Bald","Ozone","Graham",35.2578000008897,-83.7955
"3387",NA,47,"Joanna Bald","Ozone","Graham",35.2578000008897,-83.7955
"3388",4-01-20,47,"Joanna Bald","Ozone","Graham",35.2578000008897,-83.7955
"3389",4-02-20,54,"Joanna Bald","Ozone","Graham",35.2578000008897,-83.7955
"3390",4-03-20,41,"Joanna Bald","Ozone","Graham",35.2578000008897,-83.7955
"3391",4-04-20,44,"Joanna Bald","Ozone","Graham",35.2578000008897,-83.7955
"3392",4-06-20,67,"Joanna Bald","Ozone","Graham",35.2578000008897,-83.7955
"3393",4-07-20,42,"Joanna Bald","Ozone","Graham",35.2578000008897,-83.7955
"3394",4-08-20,41,"Joanna Bald","Ozone","Graham",35.2578000008897,-83.7955
"3395",4-09-20,42,"Joanna Bald","Ozone","Graham",35.2578000008897,-83.7955
"3396",4-10-20,47,"Joanna Bald","Ozone","Graham",35.2578000008897,-83.7955
"3397",4-11-20,45,"Joanna Bald","Ozone","Graham",35.2578000008897,-83.7955
"3398",4-12-20,80,"Joanna Bald","Ozone","Graham",35.2578000008897,-83.7955
"3399",NA,74,"Joanna Bald","Ozone","Graham",35.2578000008897,-83.7955
"3400",NA,45,"Joanna Bald","Ozone","Graham",35.2578000008897,-83.7955
"3401",NA,39,"Joanna Bald","Ozone","Graham",35.2578000008897,-83.7955
"3402",NA,44,"Joanna Bald","Ozone","Graham",35.2578000008897,-83.7955
"3403",NA,64,"Joanna Bald","Ozone","Graham",35.2578000008897,-83.7955
"3404",NA,64,"Joanna Bald","Ozone","Graham",35.2578000008897,-83.7955
"3405",NA,43,"Joanna Bald","Ozone","Graham",35.2578000008897,-83.7955
"3406",NA,64,"Joanna Bald","Ozone","Graham",35.2578000008897,-83.7955
"3407",NA,80,"Joanna Bald","Ozone","Graham",35.2578000008897,-83.7955
"3408",NA,46,"Joanna Bald","Ozone","Graham",35.2578000008897,-83.7955
"3409",5-01-20,77,"Joanna Bald","Ozone","Graham",35.2578000008897,-83.7955
"3410",5-02-20,84,"Joanna Bald","Ozone","Graham",35.2578000008897,-83.7955
"3411",5-03-20,87,"Joanna Bald","Ozone","Graham",35.2578000008897,-83.7955
"3412",5-04-20,46,"Joanna Bald","Ozone","Graham",35.2578000008897,-83.7955
"3413",5-05-20,45,"Joanna Bald","Ozone","Graham",35.2578000008897,-83.7955
"3414",5-06-20,64,"Joanna Bald","Ozone","Graham",35.2578000008897,-83.7955
"3415",5-07-20,74,"Joanna Bald","Ozone","Graham",35.2578000008897,-83.7955
"3416",5-08-20,54,"Joanna Bald","Ozone","Graham",35.2578000008897,-83.7955
"3417",5-10-20,71,"Joanna Bald","Ozone","Graham",35.2578000008897,-83.7955
"3418",5-11-20,64,"Joanna Bald","Ozone","Graham",35.2578000008897,-83.7955
"3419",5-12-20,80,"Joanna Bald","Ozone","Graham",35.2578000008897,-83.7955
"3420",NA,49,"Joanna Bald","Ozone","Graham",35.2578000008897,-83.7955
"3421",NA,31,"Joanna Bald","Ozone","Graham",35.2578000008897,-83.7955
"3422",NA,24,"Joanna Bald","Ozone","Graham",35.2578000008897,-83.7955
"3423",NA,32,"Joanna Bald","Ozone","Graham",35.2578000008897,-83.7955
"3424",NA,71,"Joanna Bald","Ozone","Graham",35.2578000008897,-83.7955
"3425",6-02-20,47,"Joanna Bald","Ozone","Graham",35.2578000008897,-83.7955
"3426",6-03-20,48,"Joanna Bald","Ozone","Graham",35.2578000008897,-83.7955
"3427",6-12-20,34,"Joanna Bald","Ozone","Graham",35.2578000008897,-83.7955
"3428",NA,31,"Joanna Bald","Ozone","Graham",35.2578000008897,-83.7955
"3429",NA,64,"Joanna Bald","Ozone","Graham",35.2578000008897,-83.7955
"3430",NA,54,"Joanna Bald","Ozone","Graham",35.2578000008897,-83.7955
"3431",NA,43,"Joanna Bald","Ozone","Graham",35.2578000008897,-83.7955
"3432",NA,44,"Joanna Bald","Ozone","Graham",35.2578000008897,-83.7955
"3433",NA,46,"Joanna Bald","Ozone","Graham",35.2578000008897,-83.7955
"3434",NA,39,"Joanna Bald","Ozone","Graham",35.2578000008897,-83.7955
"3435",NA,26,"Joanna Bald","Ozone","Graham",35.2578000008897,-83.7955
"3436",NA,22,"Joanna Bald","Ozone","Graham",35.2578000008897,-83.7955
"3437",NA,40,"Joanna Bald","Ozone","Graham",35.2578000008897,-83.7955
"3438",NA,39,"Joanna Bald","Ozone","Graham",35.2578000008897,-83.7955
"3439",NA,37,"Joanna Bald","Ozone","Graham",35.2578000008897,-83.7955
"3440",NA,29,"Joanna Bald","Ozone","Graham",35.2578000008897,-83.7955
"3441",NA,34,"Joanna Bald","Ozone","Graham",35.2578000008897,-83.7955
"3442",NA,40,"Joanna Bald","Ozone","Graham",35.2578000008897,-83.7955
"3443",NA,45,"Joanna Bald","Ozone","Graham",35.2578000008897,-83.7955
"3444",7-01-20,31,"Joanna Bald","Ozone","Graham",35.2578000008897,-83.7955
"3445",7-02-20,31,"Joanna Bald","Ozone","Graham",35.2578000008897,-83.7955
"3446",7-03-20,35,"Joanna Bald","Ozone","Graham",35.2578000008897,-83.7955
"3447",7-04-20,33,"Joanna Bald","Ozone","Graham",35.2578000008897,-83.7955
"3448",7-05-20,30,"Joanna Bald","Ozone","Graham",35.2578000008897,-83.7955
"3449",7-09-20,44,"Joanna Bald","Ozone","Graham",35.2578000008897,-83.7955
"3450",7-10-20,41,"Joanna Bald","Ozone","Graham",35.2578000008897,-83.7955
"3451",7-11-20,51,"Joanna Bald","Ozone","Graham",35.2578000008897,-83.7955
"3452",7-12-20,49,"Joanna Bald","Ozone","Graham",35.2578000008897,-83.7955
"3453",NA,44,"Joanna Bald","Ozone","Graham",35.2578000008897,-83.7955
"3454",NA,38,"Joanna Bald","Ozone","Graham",35.2578000008897,-83.7955
"3455",NA,37,"Joanna Bald","Ozone","Graham",35.2578000008897,-83.7955
"3456",NA,33,"Joanna Bald","Ozone","Graham",35.2578000008897,-83.7955
"3457",NA,44,"Joanna Bald","Ozone","Graham",35.2578000008897,-83.7955
"3458",NA,51,"Joanna Bald","Ozone","Graham",35.2578000008897,-83.7955
"3459",NA,43,"Joanna Bald","Ozone","Graham",35.2578000008897,-83.7955
"3460",NA,44,"Joanna Bald","Ozone","Graham",35.2578000008897,-83.7955
"3461",NA,44,"Joanna Bald","Ozone","Graham",35.2578000008897,-83.7955
"3462",NA,36,"Joanna Bald","Ozone","Graham",35.2578000008897,-83.7955
"3463",NA,43,"Joanna Bald","Ozone","Graham",35.2578000008897,-83.7955
"3464",NA,36,"Joanna Bald","Ozone","Graham",35.2578000008897,-83.7955
"3465",NA,45,"Joanna Bald","Ozone","Graham",35.2578000008897,-83.7955
"3466",NA,61,"Joanna Bald","Ozone","Graham",35.2578000008897,-83.7955
"3467",NA,43,"Joanna Bald","Ozone","Graham",35.2578000008897,-83.7955
"3468",NA,47,"Joanna Bald","Ozone","Graham",35.2578000008897,-83.7955
"3469",NA,39,"Joanna Bald","Ozone","Graham",35.2578000008897,-83.7955
"3470",NA,37,"Joanna Bald","Ozone","Graham",35.2578000008897,-83.7955
"3471",NA,40,"Joanna Bald","Ozone","Graham",35.2578000008897,-83.7955
"3472",8-01-20,35,"Joanna Bald","Ozone","Graham",35.2578000008897,-83.7955
"3473",8-02-20,30,"Joanna Bald","Ozone","Graham",35.2578000008897,-83.7955
"3474",8-06-20,29,"Joanna Bald","Ozone","Graham",35.2578000008897,-83.7955
"3475",8-07-20,31,"Joanna Bald","Ozone","Graham",35.2578000008897,-83.7955
"3476",8-08-20,35,"Joanna Bald","Ozone","Graham",35.2578000008897,-83.7955
"3477",8-09-20,43,"Joanna Bald","Ozone","Graham",35.2578000008897,-83.7955
"3478",8-10-20,35,"Joanna Bald","Ozone","Graham",35.2578000008897,-83.7955
"3479",8-11-20,42,"Joanna Bald","Ozone","Graham",35.2578000008897,-83.7955
"3480",8-12-20,42,"Joanna Bald","Ozone","Graham",35.2578000008897,-83.7955
"3481",NA,44,"Joanna Bald","Ozone","Graham",35.2578000008897,-83.7955
"3482",NA,45,"Joanna Bald","Ozone","Graham",35.2578000008897,-83.7955
"3483",NA,44,"Joanna Bald","Ozone","Graham",35.2578000008897,-83.7955
"3484",NA,44,"Joanna Bald","Ozone","Graham",35.2578000008897,-83.7955
"3485",NA,29,"Joanna Bald","Ozone","Graham",35.2578000008897,-83.7955
"3486",NA,32,"Joanna Bald","Ozone","Graham",35.2578000008897,-83.7955
"3487",NA,30,"Joanna Bald","Ozone","Graham",35.2578000008897,-83.7955
"3488",NA,25,"Joanna Bald","Ozone","Graham",35.2578000008897,-83.7955
"3489",NA,35,"Joanna Bald","Ozone","Graham",35.2578000008897,-83.7955
"3490",NA,35,"Joanna Bald","Ozone","Graham",35.2578000008897,-83.7955
"3491",NA,41,"Joanna Bald","Ozone","Graham",35.2578000008897,-83.7955
"3492",NA,45,"Joanna Bald","Ozone","Graham",35.2578000008897,-83.7955
"3493",NA,44,"Joanna Bald","Ozone","Graham",35.2578000008897,-83.7955
"3494",NA,40,"Joanna Bald","Ozone","Graham",35.2578000008897,-83.7955
"3495",NA,38,"Joanna Bald","Ozone","Graham",35.2578000008897,-83.7955
"3496",NA,38,"Joanna Bald","Ozone","Graham",35.2578000008897,-83.7955
"3497",NA,35,"Joanna Bald","Ozone","Graham",35.2578000008897,-83.7955
"3498",NA,41,"Joanna Bald","Ozone","Graham",35.2578000008897,-83.7955
"3499",NA,42,"Joanna Bald","Ozone","Graham",35.2578000008897,-83.7955
"3500",9-01-20,32,"Joanna Bald","Ozone","Graham",35.2578000008897,-83.7955
"3501",9-02-20,25,"Joanna Bald","Ozone","Graham",35.2578000008897,-83.7955
"3502",9-03-20,31,"Joanna Bald","Ozone","Graham",35.2578000008897,-83.7955
"3503",9-04-20,36,"Joanna Bald","Ozone","Graham",35.2578000008897,-83.7955
"3504",9-05-20,39,"Joanna Bald","Ozone","Graham",35.2578000008897,-83.7955
"3505",9-06-20,34,"Joanna Bald","Ozone","Graham",35.2578000008897,-83.7955
"3506",9-07-20,44,"Joanna Bald","Ozone","Graham",35.2578000008897,-83.7955
"3507",9-08-20,31,"Joanna Bald","Ozone","Graham",35.2578000008897,-83.7955
"3508",9-09-20,30,"Joanna Bald","Ozone","Graham",35.2578000008897,-83.7955
"3509",9-10-20,29,"Joanna Bald","Ozone","Graham",35.2578000008897,-83.7955
"3510",9-11-20,25,"Joanna Bald","Ozone","Graham",35.2578000008897,-83.7955
"3511",9-12-20,32,"Joanna Bald","Ozone","Graham",35.2578000008897,-83.7955
"3512",NA,31,"Joanna Bald","Ozone","Graham",35.2578000008897,-83.7955
"3513",NA,27,"Joanna Bald","Ozone","Graham",35.2578000008897,-83.7955
"3514",NA,39,"Joanna Bald","Ozone","Graham",35.2578000008897,-83.7955
"3515",NA,46,"Joanna Bald","Ozone","Graham",35.2578000008897,-83.7955
"3516",NA,38,"Joanna Bald","Ozone","Graham",35.2578000008897,-83.7955
"3517",NA,41,"Joanna Bald","Ozone","Graham",35.2578000008897,-83.7955
"3518",NA,36,"Joanna Bald","Ozone","Graham",35.2578000008897,-83.7955
"3519",NA,19,"Joanna Bald","Ozone","Graham",35.2578000008897,-83.7955
"3520",NA,31,"Joanna Bald","Ozone","Graham",35.2578000008897,-83.7955
"3521",NA,27,"Joanna Bald","Ozone","Graham",35.2578000008897,-83.7955
"3522",NA,31,"Joanna Bald","Ozone","Graham",35.2578000008897,-83.7955
"3523",NA,26,"Joanna Bald","Ozone","Graham",35.2578000008897,-83.7955
"3524",NA,32,"Joanna Bald","Ozone","Graham",35.2578000008897,-83.7955
"3525",10-01-20,37,"Joanna Bald","Ozone","Graham",35.2578000008897,-83.7955
"3526",10-02-20,35,"Joanna Bald","Ozone","Graham",35.2578000008897,-83.7955
"3527",10-03-20,39,"Joanna Bald","Ozone","Graham",35.2578000008897,-83.7955
"3528",10-04-20,37,"Joanna Bald","Ozone","Graham",35.2578000008897,-83.7955
"3529",10-05-20,36,"Joanna Bald","Ozone","Graham",35.2578000008897,-83.7955
"3530",10-06-20,41,"Joanna Bald","Ozone","Graham",35.2578000008897,-83.7955
"3531",10-07-20,39,"Joanna Bald","Ozone","Graham",35.2578000008897,-83.7955
"3532",10-08-20,34,"Joanna Bald","Ozone","Graham",35.2578000008897,-83.7955
"3533",10-09-20,35,"Joanna Bald","Ozone","Graham",35.2578000008897,-83.7955
"3534",10-10-20,19,"Joanna Bald","Ozone","Graham",35.2578000008897,-83.7955
"3535",10-11-20,29,"Joanna Bald","Ozone","Graham",35.2578000008897,-83.7955
"3536",10-12-20,43,"Joanna Bald","Ozone","Graham",35.2578000008897,-83.7955
"3537",NA,30,"Joanna Bald","Ozone","Graham",35.2578000008897,-83.7955
"3538",NA,32,"Joanna Bald","Ozone","Graham",35.2578000008897,-83.7955
"3539",NA,32,"Joanna Bald","Ozone","Graham",35.2578000008897,-83.7955
"3540",NA,33,"Joanna Bald","Ozone","Graham",35.2578000008897,-83.7955
"3541",NA,39,"Joanna Bald","Ozone","Graham",35.2578000008897,-83.7955
"3542",NA,40,"Joanna Bald","Ozone","Graham",35.2578000008897,-83.7955
"3543",NA,36,"Joanna Bald","Ozone","Graham",35.2578000008897,-83.7955
"3544",NA,43,"Joanna Bald","Ozone","Graham",35.2578000008897,-83.7955
"3545",NA,38,"Joanna Bald","Ozone","Graham",35.2578000008897,-83.7955
"3546",NA,28,"Joanna Bald","Ozone","Graham",35.2578000008897,-83.7955
"3547",NA,39,"Joanna Bald","Ozone","Graham",35.2578000008897,-83.7955
"3548",NA,46,"Joanna Bald","Ozone","Graham",35.2578000008897,-83.7955
"3549",NA,44,"Joanna Bald","Ozone","Graham",35.2578000008897,-83.7955
"3550",3-01-20,37,"Butner","Ozone","Granville",36.141111,-78.768056
"3551",3-02-20,44,"Butner","Ozone","Granville",36.141111,-78.768056
"3552",3-03-20,44,"Butner","Ozone","Granville",36.141111,-78.768056
"3553",3-04-20,44,"Butner","Ozone","Granville",36.141111,-78.768056
"3554",3-05-20,44,"Butner","Ozone","Granville",36.141111,-78.768056
"3555",3-06-20,28,"Butner","Ozone","Granville",36.141111,-78.768056
"3556",3-07-20,35,"Butner","Ozone","Granville",36.141111,-78.768056
"3557",3-08-20,42,"Butner","Ozone","Granville",36.141111,-78.768056
"3558",3-09-20,44,"Butner","Ozone","Granville",36.141111,-78.768056
"3559",3-10-20,30,"Butner","Ozone","Granville",36.141111,-78.768056
"3560",3-11-20,31,"Butner","Ozone","Granville",36.141111,-78.768056
"3561",3-12-20,37,"Butner","Ozone","Granville",36.141111,-78.768056
"3562",NA,45,"Butner","Ozone","Granville",36.141111,-78.768056
"3563",NA,44,"Butner","Ozone","Granville",36.141111,-78.768056
"3564",NA,61,"Butner","Ozone","Granville",36.141111,-78.768056
"3565",NA,51,"Butner","Ozone","Granville",36.141111,-78.768056
"3566",NA,49,"Butner","Ozone","Granville",36.141111,-78.768056
"3567",NA,44,"Butner","Ozone","Granville",36.141111,-78.768056
"3568",NA,43,"Butner","Ozone","Granville",36.141111,-78.768056
"3569",NA,35,"Butner","Ozone","Granville",36.141111,-78.768056
"3570",NA,32,"Butner","Ozone","Granville",36.141111,-78.768056
"3571",NA,43,"Butner","Ozone","Granville",36.141111,-78.768056
"3572",NA,50,"Butner","Ozone","Granville",36.141111,-78.768056
"3573",NA,45,"Butner","Ozone","Granville",36.141111,-78.768056
"3574",NA,46,"Butner","Ozone","Granville",36.141111,-78.768056
"3575",NA,44,"Butner","Ozone","Granville",36.141111,-78.768056
"3576",NA,33,"Butner","Ozone","Granville",36.141111,-78.768056
"3577",NA,45,"Butner","Ozone","Granville",36.141111,-78.768056
"3578",NA,51,"Butner","Ozone","Granville",36.141111,-78.768056
"3579",NA,43,"Butner","Ozone","Granville",36.141111,-78.768056
"3580",NA,47,"Butner","Ozone","Granville",36.141111,-78.768056
"3581",4-01-20,51,"Butner","Ozone","Granville",36.141111,-78.768056
"3582",4-02-20,48,"Butner","Ozone","Granville",36.141111,-78.768056
"3583",4-03-20,39,"Butner","Ozone","Granville",36.141111,-78.768056
"3584",4-04-20,46,"Butner","Ozone","Granville",36.141111,-78.768056
"3585",4-05-20,47,"Butner","Ozone","Granville",36.141111,-78.768056
"3586",4-06-20,61,"Butner","Ozone","Granville",36.141111,-78.768056
"3587",4-07-20,46,"Butner","Ozone","Granville",36.141111,-78.768056
"3588",4-08-20,46,"Butner","Ozone","Granville",36.141111,-78.768056
"3589",4-09-20,46,"Butner","Ozone","Granville",36.141111,-78.768056
"3590",4-10-20,45,"Butner","Ozone","Granville",36.141111,-78.768056
"3591",4-11-20,51,"Butner","Ozone","Granville",36.141111,-78.768056
"3592",4-12-20,64,"Butner","Ozone","Granville",36.141111,-78.768056
"3593",NA,64,"Butner","Ozone","Granville",36.141111,-78.768056
"3594",NA,50,"Butner","Ozone","Granville",36.141111,-78.768056
"3595",NA,39,"Butner","Ozone","Granville",36.141111,-78.768056
"3596",NA,34,"Butner","Ozone","Granville",36.141111,-78.768056
"3597",NA,51,"Butner","Ozone","Granville",36.141111,-78.768056
"3598",NA,71,"Butner","Ozone","Granville",36.141111,-78.768056
"3599",NA,47,"Butner","Ozone","Granville",36.141111,-78.768056
"3600",NA,61,"Butner","Ozone","Granville",36.141111,-78.768056
"3601",NA,74,"Butner","Ozone","Granville",36.141111,-78.768056
"3602",NA,71,"Butner","Ozone","Granville",36.141111,-78.768056
"3603",NA,49,"Butner","Ozone","Granville",36.141111,-78.768056
"3604",NA,42,"Butner","Ozone","Granville",36.141111,-78.768056
"3605",NA,29,"Butner","Ozone","Granville",36.141111,-78.768056
"3606",NA,44,"Butner","Ozone","Granville",36.141111,-78.768056
"3607",NA,47,"Butner","Ozone","Granville",36.141111,-78.768056
"3608",NA,74,"Butner","Ozone","Granville",36.141111,-78.768056
"3609",NA,45,"Butner","Ozone","Granville",36.141111,-78.768056
"3610",NA,54,"Butner","Ozone","Granville",36.141111,-78.768056
"3611",5-01-20,74,"Butner","Ozone","Granville",36.141111,-78.768056
"3612",5-02-20,84,"Butner","Ozone","Granville",36.141111,-78.768056
"3613",5-07-20,44,"Butner","Ozone","Granville",36.141111,-78.768056
"3614",5-08-20,50,"Butner","Ozone","Granville",36.141111,-78.768056
"3615",5-09-20,67,"Butner","Ozone","Granville",36.141111,-78.768056
"3616",5-10-20,61,"Butner","Ozone","Granville",36.141111,-78.768056
"3617",5-11-20,80,"Butner","Ozone","Granville",36.141111,-78.768056
"3618",5-12-20,87,"Butner","Ozone","Granville",36.141111,-78.768056
"3619",NA,58,"Butner","Ozone","Granville",36.141111,-78.768056
"3620",NA,71,"Butner","Ozone","Granville",36.141111,-78.768056
"3621",NA,28,"Butner","Ozone","Granville",36.141111,-78.768056
"3622",NA,33,"Butner","Ozone","Granville",36.141111,-78.768056
"3623",NA,30,"Butner","Ozone","Granville",36.141111,-78.768056
"3624",NA,31,"Butner","Ozone","Granville",36.141111,-78.768056
"3625",NA,22,"Butner","Ozone","Granville",36.141111,-78.768056
"3626",NA,32,"Butner","Ozone","Granville",36.141111,-78.768056
"3627",NA,38,"Butner","Ozone","Granville",36.141111,-78.768056
"3628",NA,31,"Butner","Ozone","Granville",36.141111,-78.768056
"3629",NA,40,"Butner","Ozone","Granville",36.141111,-78.768056
"3630",NA,47,"Butner","Ozone","Granville",36.141111,-78.768056
"3631",NA,64,"Butner","Ozone","Granville",36.141111,-78.768056
"3632",NA,24,"Butner","Ozone","Granville",36.141111,-78.768056
"3633",NA,24,"Butner","Ozone","Granville",36.141111,-78.768056
"3634",NA,19,"Butner","Ozone","Granville",36.141111,-78.768056
"3635",NA,23,"Butner","Ozone","Granville",36.141111,-78.768056
"3636",NA,30,"Butner","Ozone","Granville",36.141111,-78.768056
"3637",NA,31,"Butner","Ozone","Granville",36.141111,-78.768056
"3638",6-01-20,48,"Butner","Ozone","Granville",36.141111,-78.768056
"3639",6-02-20,36,"Butner","Ozone","Granville",36.141111,-78.768056
"3640",6-03-20,41,"Butner","Ozone","Granville",36.141111,-78.768056
"3641",6-04-20,64,"Butner","Ozone","Granville",36.141111,-78.768056
"3642",6-05-20,54,"Butner","Ozone","Granville",36.141111,-78.768056
"3643",6-06-20,71,"Butner","Ozone","Granville",36.141111,-78.768056
"3644",6-07-20,47,"Butner","Ozone","Granville",36.141111,-78.768056
"3645",6-08-20,93,"Butner","Ozone","Granville",36.141111,-78.768056
"3646",6-09-20,64,"Butner","Ozone","Granville",36.141111,-78.768056
"3647",6-10-20,48,"Butner","Ozone","Granville",36.141111,-78.768056
"3648",6-11-20,35,"Butner","Ozone","Granville",36.141111,-78.768056
"3649",6-12-20,31,"Butner","Ozone","Granville",36.141111,-78.768056
"3650",NA,40,"Butner","Ozone","Granville",36.141111,-78.768056
"3651",NA,47,"Butner","Ozone","Granville",36.141111,-78.768056
"3652",NA,51,"Butner","Ozone","Granville",36.141111,-78.768056
"3653",NA,84,"Butner","Ozone","Granville",36.141111,-78.768056
"3654",NA,64,"Butner","Ozone","Granville",36.141111,-78.768056
"3655",NA,93,"Butner","Ozone","Granville",36.141111,-78.768056
"3656",NA,50,"Butner","Ozone","Granville",36.141111,-78.768056
"3657",NA,51,"Butner","Ozone","Granville",36.141111,-78.768056
"3658",NA,35,"Butner","Ozone","Granville",36.141111,-78.768056
"3659",NA,43,"Butner","Ozone","Granville",36.141111,-78.768056
"3660",NA,45,"Butner","Ozone","Granville",36.141111,-78.768056
"3661",NA,45,"Butner","Ozone","Granville",36.141111,-78.768056
"3662",NA,35,"Butner","Ozone","Granville",36.141111,-78.768056
"3663",NA,30,"Butner","Ozone","Granville",36.141111,-78.768056
"3664",NA,42,"Butner","Ozone","Granville",36.141111,-78.768056
"3665",NA,43,"Butner","Ozone","Granville",36.141111,-78.768056
"3666",NA,46,"Butner","Ozone","Granville",36.141111,-78.768056
"3667",NA,46,"Butner","Ozone","Granville",36.141111,-78.768056
"3668",7-01-20,46,"Butner","Ozone","Granville",36.141111,-78.768056
"3669",7-02-20,43,"Butner","Ozone","Granville",36.141111,-78.768056
"3670",7-03-20,44,"Butner","Ozone","Granville",36.141111,-78.768056
"3671",7-04-20,26,"Butner","Ozone","Granville",36.141111,-78.768056
"3672",7-05-20,31,"Butner","Ozone","Granville",36.141111,-78.768056
"3673",7-06-20,34,"Butner","Ozone","Granville",36.141111,-78.768056
"3674",7-07-20,32,"Butner","Ozone","Granville",36.141111,-78.768056
"3675",7-08-20,36,"Butner","Ozone","Granville",36.141111,-78.768056
"3676",7-09-20,44,"Butner","Ozone","Granville",36.141111,-78.768056
"3677",7-10-20,74,"Butner","Ozone","Granville",36.141111,-78.768056
"3678",7-11-20,58,"Butner","Ozone","Granville",36.141111,-78.768056
"3679",7-12-20,50,"Butner","Ozone","Granville",36.141111,-78.768056
"3680",NA,50,"Butner","Ozone","Granville",36.141111,-78.768056
"3681",NA,48,"Butner","Ozone","Granville",36.141111,-78.768056
"3682",NA,54,"Butner","Ozone","Granville",36.141111,-78.768056
"3683",NA,43,"Butner","Ozone","Granville",36.141111,-78.768056
"3684",NA,42,"Butner","Ozone","Granville",36.141111,-78.768056
"3685",NA,43,"Butner","Ozone","Granville",36.141111,-78.768056
"3686",NA,67,"Butner","Ozone","Granville",36.141111,-78.768056
"3687",NA,47,"Butner","Ozone","Granville",36.141111,-78.768056
"3688",NA,39,"Butner","Ozone","Granville",36.141111,-78.768056
"3689",NA,45,"Butner","Ozone","Granville",36.141111,-78.768056
"3690",NA,44,"Butner","Ozone","Granville",36.141111,-78.768056
"3691",NA,42,"Butner","Ozone","Granville",36.141111,-78.768056
"3692",NA,37,"Butner","Ozone","Granville",36.141111,-78.768056
"3693",NA,47,"Butner","Ozone","Granville",36.141111,-78.768056
"3694",NA,50,"Butner","Ozone","Granville",36.141111,-78.768056
"3695",NA,40,"Butner","Ozone","Granville",36.141111,-78.768056
"3696",NA,37,"Butner","Ozone","Granville",36.141111,-78.768056
"3697",NA,31,"Butner","Ozone","Granville",36.141111,-78.768056
"3698",NA,31,"Butner","Ozone","Granville",36.141111,-78.768056
"3699",8-01-20,31,"Butner","Ozone","Granville",36.141111,-78.768056
"3700",8-02-20,25,"Butner","Ozone","Granville",36.141111,-78.768056
"3701",8-03-20,21,"Butner","Ozone","Granville",36.141111,-78.768056
"3702",8-04-20,29,"Butner","Ozone","Granville",36.141111,-78.768056
"3703",8-05-20,39,"Butner","Ozone","Granville",36.141111,-78.768056
"3704",8-06-20,42,"Butner","Ozone","Granville",36.141111,-78.768056
"3705",8-07-20,46,"Butner","Ozone","Granville",36.141111,-78.768056
"3706",8-08-20,36,"Butner","Ozone","Granville",36.141111,-78.768056
"3707",8-09-20,43,"Butner","Ozone","Granville",36.141111,-78.768056
"3708",8-10-20,45,"Butner","Ozone","Granville",36.141111,-78.768056
"3709",8-11-20,40,"Butner","Ozone","Granville",36.141111,-78.768056
"3710",8-12-20,40,"Butner","Ozone","Granville",36.141111,-78.768056
"3711",NA,42,"Butner","Ozone","Granville",36.141111,-78.768056
"3712",NA,40,"Butner","Ozone","Granville",36.141111,-78.768056
"3713",NA,40,"Butner","Ozone","Granville",36.141111,-78.768056
"3714",NA,58,"Butner","Ozone","Granville",36.141111,-78.768056
"3715",NA,37,"Butner","Ozone","Granville",36.141111,-78.768056
"3716",NA,29,"Butner","Ozone","Granville",36.141111,-78.768056
"3717",NA,33,"Butner","Ozone","Granville",36.141111,-78.768056
"3718",NA,41,"Butner","Ozone","Granville",36.141111,-78.768056
"3719",NA,28,"Butner","Ozone","Granville",36.141111,-78.768056
"3720",NA,37,"Butner","Ozone","Granville",36.141111,-78.768056
"3721",NA,36,"Butner","Ozone","Granville",36.141111,-78.768056
"3722",NA,42,"Butner","Ozone","Granville",36.141111,-78.768056
"3723",NA,42,"Butner","Ozone","Granville",36.141111,-78.768056
"3724",NA,44,"Butner","Ozone","Granville",36.141111,-78.768056
"3725",NA,44,"Butner","Ozone","Granville",36.141111,-78.768056
"3726",NA,49,"Butner","Ozone","Granville",36.141111,-78.768056
"3727",NA,44,"Butner","Ozone","Granville",36.141111,-78.768056
"3728",NA,50,"Butner","Ozone","Granville",36.141111,-78.768056
"3729",NA,61,"Butner","Ozone","Granville",36.141111,-78.768056
"3730",9-01-20,35,"Butner","Ozone","Granville",36.141111,-78.768056
"3731",9-02-20,24,"Butner","Ozone","Granville",36.141111,-78.768056
"3732",9-03-20,33,"Butner","Ozone","Granville",36.141111,-78.768056
"3733",9-04-20,33,"Butner","Ozone","Granville",36.141111,-78.768056
"3734",9-05-20,33,"Butner","Ozone","Granville",36.141111,-78.768056
"3735",9-06-20,39,"Butner","Ozone","Granville",36.141111,-78.768056
"3736",9-07-20,39,"Butner","Ozone","Granville",36.141111,-78.768056
"3737",9-08-20,39,"Butner","Ozone","Granville",36.141111,-78.768056
"3738",9-09-20,10,"Butner","Ozone","Granville",36.141111,-78.768056
"3739",NA,22,"Butner","Ozone","Granville",36.141111,-78.768056
"3740",NA,47,"Butner","Ozone","Granville",36.141111,-78.768056
"3741",NA,45,"Butner","Ozone","Granville",36.141111,-78.768056
"3742",NA,43,"Butner","Ozone","Granville",36.141111,-78.768056
"3743",NA,39,"Butner","Ozone","Granville",36.141111,-78.768056
"3744",NA,14,"Butner","Ozone","Granville",36.141111,-78.768056
"3745",NA,21,"Butner","Ozone","Granville",36.141111,-78.768056
"3746",NA,31,"Butner","Ozone","Granville",36.141111,-78.768056
"3747",NA,37,"Butner","Ozone","Granville",36.141111,-78.768056
"3748",NA,23,"Butner","Ozone","Granville",36.141111,-78.768056
"3749",NA,24,"Butner","Ozone","Granville",36.141111,-78.768056
"3750",NA,33,"Butner","Ozone","Granville",36.141111,-78.768056
"3751",NA,38,"Butner","Ozone","Granville",36.141111,-78.768056
"3752",10-01-20,44,"Butner","Ozone","Granville",36.141111,-78.768056
"3753",10-02-20,42,"Butner","Ozone","Granville",36.141111,-78.768056
"3754",10-03-20,34,"Butner","Ozone","Granville",36.141111,-78.768056
"3755",10-04-20,39,"Butner","Ozone","Granville",36.141111,-78.768056
"3756",10-05-20,41,"Butner","Ozone","Granville",36.141111,-78.768056
"3757",10-06-20,30,"Butner","Ozone","Granville",36.141111,-78.768056
"3758",10-07-20,32,"Butner","Ozone","Granville",36.141111,-78.768056
"3759",10-08-20,29,"Butner","Ozone","Granville",36.141111,-78.768056
"3760",10-09-20,25,"Butner","Ozone","Granville",36.141111,-78.768056
"3761",10-10-20,21,"Butner","Ozone","Granville",36.141111,-78.768056
"3762",10-11-20,27,"Butner","Ozone","Granville",36.141111,-78.768056
"3763",10-12-20,34,"Butner","Ozone","Granville",36.141111,-78.768056
"3764",NA,34,"Butner","Ozone","Granville",36.141111,-78.768056
"3765",NA,19,"Butner","Ozone","Granville",36.141111,-78.768056
"3766",NA,33,"Butner","Ozone","Granville",36.141111,-78.768056
"3767",NA,19,"Butner","Ozone","Granville",36.141111,-78.768056
"3768",NA,32,"Butner","Ozone","Granville",36.141111,-78.768056
"3769",NA,32,"Butner","Ozone","Granville",36.141111,-78.768056
"3770",NA,40,"Butner","Ozone","Granville",36.141111,-78.768056
"3771",NA,30,"Butner","Ozone","Granville",36.141111,-78.768056
"3772",NA,31,"Butner","Ozone","Granville",36.141111,-78.768056
"3773",NA,30,"Butner","Ozone","Granville",36.141111,-78.768056
"3774",NA,31,"Butner","Ozone","Granville",36.141111,-78.768056
"3775",NA,32,"Butner","Ozone","Granville",36.141111,-78.768056
"3776",NA,26,"Butner","Ozone","Granville",36.141111,-78.768056
"3777",NA,29,"Butner","Ozone","Granville",36.141111,-78.768056
"3778",NA,21,"Butner","Ozone","Granville",36.141111,-78.768056
"3779",NA,35,"Butner","Ozone","Granville",36.141111,-78.768056
"3780",NA,36,"Butner","Ozone","Granville",36.141111,-78.768056
"3781",NA,37,"Butner","Ozone","Granville",36.141111,-78.768056
"3782",NA,42,"Butner","Ozone","Granville",36.141111,-78.768056
"3783",3-01-20,41,"Mendenhall School","Ozone","Guilford",36.1090060008986,-79.802314
"3784",3-02-20,44,"Mendenhall School","Ozone","Guilford",36.1090060008986,-79.802314
"3785",3-03-20,46,"Mendenhall School","Ozone","Guilford",36.1090060008986,-79.802314
"3786",3-04-20,45,"Mendenhall School","Ozone","Guilford",36.1090060008986,-79.802314
"3787",3-05-20,44,"Mendenhall School","Ozone","Guilford",36.1090060008986,-79.802314
"3788",3-06-20,27,"Mendenhall School","Ozone","Guilford",36.1090060008986,-79.802314
"3789",3-07-20,35,"Mendenhall School","Ozone","Guilford",36.1090060008986,-79.802314
"3790",3-08-20,42,"Mendenhall School","Ozone","Guilford",36.1090060008986,-79.802314
"3791",3-09-20,44,"Mendenhall School","Ozone","Guilford",36.1090060008986,-79.802314
"3792",3-10-20,40,"Mendenhall School","Ozone","Guilford",36.1090060008986,-79.802314
"3793",3-11-20,33,"Mendenhall School","Ozone","Guilford",36.1090060008986,-79.802314
"3794",3-12-20,40,"Mendenhall School","Ozone","Guilford",36.1090060008986,-79.802314
"3795",NA,44,"Mendenhall School","Ozone","Guilford",36.1090060008986,-79.802314
"3796",NA,44,"Mendenhall School","Ozone","Guilford",36.1090060008986,-79.802314
"3797",NA,58,"Mendenhall School","Ozone","Guilford",36.1090060008986,-79.802314
"3798",NA,54,"Mendenhall School","Ozone","Guilford",36.1090060008986,-79.802314
"3799",NA,61,"Mendenhall School","Ozone","Guilford",36.1090060008986,-79.802314
"3800",NA,45,"Mendenhall School","Ozone","Guilford",36.1090060008986,-79.802314
"3801",NA,45,"Mendenhall School","Ozone","Guilford",36.1090060008986,-79.802314
"3802",NA,34,"Mendenhall School","Ozone","Guilford",36.1090060008986,-79.802314
"3803",NA,32,"Mendenhall School","Ozone","Guilford",36.1090060008986,-79.802314
"3804",NA,44,"Mendenhall School","Ozone","Guilford",36.1090060008986,-79.802314
"3805",NA,51,"Mendenhall School","Ozone","Guilford",36.1090060008986,-79.802314
"3806",NA,41,"Mendenhall School","Ozone","Guilford",36.1090060008986,-79.802314
"3807",NA,47,"Mendenhall School","Ozone","Guilford",36.1090060008986,-79.802314
"3808",NA,44,"Mendenhall School","Ozone","Guilford",36.1090060008986,-79.802314
"3809",NA,39,"Mendenhall School","Ozone","Guilford",36.1090060008986,-79.802314
"3810",NA,45,"Mendenhall School","Ozone","Guilford",36.1090060008986,-79.802314
"3811",NA,51,"Mendenhall School","Ozone","Guilford",36.1090060008986,-79.802314
"3812",NA,44,"Mendenhall School","Ozone","Guilford",36.1090060008986,-79.802314
"3813",NA,49,"Mendenhall School","Ozone","Guilford",36.1090060008986,-79.802314
"3814",4-01-20,51,"Mendenhall School","Ozone","Guilford",36.1090060008986,-79.802314
"3815",4-02-20,54,"Mendenhall School","Ozone","Guilford",36.1090060008986,-79.802314
"3816",4-03-20,44,"Mendenhall School","Ozone","Guilford",36.1090060008986,-79.802314
"3817",4-04-20,46,"Mendenhall School","Ozone","Guilford",36.1090060008986,-79.802314
"3818",4-05-20,48,"Mendenhall School","Ozone","Guilford",36.1090060008986,-79.802314
"3819",4-06-20,67,"Mendenhall School","Ozone","Guilford",36.1090060008986,-79.802314
"3820",4-07-20,43,"Mendenhall School","Ozone","Guilford",36.1090060008986,-79.802314
"3821",4-08-20,46,"Mendenhall School","Ozone","Guilford",36.1090060008986,-79.802314
"3822",4-09-20,48,"Mendenhall School","Ozone","Guilford",36.1090060008986,-79.802314
"3823",4-10-20,45,"Mendenhall School","Ozone","Guilford",36.1090060008986,-79.802314
"3824",4-11-20,51,"Mendenhall School","Ozone","Guilford",36.1090060008986,-79.802314
"3825",4-12-20,64,"Mendenhall School","Ozone","Guilford",36.1090060008986,-79.802314
"3826",NA,74,"Mendenhall School","Ozone","Guilford",36.1090060008986,-79.802314
"3827",NA,50,"Mendenhall School","Ozone","Guilford",36.1090060008986,-79.802314
"3828",NA,36,"Mendenhall School","Ozone","Guilford",36.1090060008986,-79.802314
"3829",NA,35,"Mendenhall School","Ozone","Guilford",36.1090060008986,-79.802314
"3830",NA,54,"Mendenhall School","Ozone","Guilford",36.1090060008986,-79.802314
"3831",NA,84,"Mendenhall School","Ozone","Guilford",36.1090060008986,-79.802314
"3832",NA,48,"Mendenhall School","Ozone","Guilford",36.1090060008986,-79.802314
"3833",NA,43,"Mendenhall School","Ozone","Guilford",36.1090060008986,-79.802314
"3834",NA,38,"Mendenhall School","Ozone","Guilford",36.1090060008986,-79.802314
"3835",NA,38,"Mendenhall School","Ozone","Guilford",36.1090060008986,-79.802314
"3836",NA,46,"Mendenhall School","Ozone","Guilford",36.1090060008986,-79.802314
"3837",NA,45,"Mendenhall School","Ozone","Guilford",36.1090060008986,-79.802314
"3838",NA,74,"Mendenhall School","Ozone","Guilford",36.1090060008986,-79.802314
"3839",NA,45,"Mendenhall School","Ozone","Guilford",36.1090060008986,-79.802314
"3840",NA,61,"Mendenhall School","Ozone","Guilford",36.1090060008986,-79.802314
"3841",5-01-20,80,"Mendenhall School","Ozone","Guilford",36.1090060008986,-79.802314
"3842",5-02-20,105,"Mendenhall School","Ozone","Guilford",36.1090060008986,-79.802314
"3843",5-03-20,90,"Mendenhall School","Ozone","Guilford",36.1090060008986,-79.802314
"3844",5-04-20,93,"Mendenhall School","Ozone","Guilford",36.1090060008986,-79.802314
"3845",5-05-20,43,"Mendenhall School","Ozone","Guilford",36.1090060008986,-79.802314
"3846",5-06-20,38,"Mendenhall School","Ozone","Guilford",36.1090060008986,-79.802314
"3847",5-07-20,47,"Mendenhall School","Ozone","Guilford",36.1090060008986,-79.802314
"3848",5-08-20,54,"Mendenhall School","Ozone","Guilford",36.1090060008986,-79.802314
"3849",5-09-20,87,"Mendenhall School","Ozone","Guilford",36.1090060008986,-79.802314
"3850",5-10-20,77,"Mendenhall School","Ozone","Guilford",36.1090060008986,-79.802314
"3851",5-11-20,77,"Mendenhall School","Ozone","Guilford",36.1090060008986,-79.802314
"3852",5-12-20,100,"Mendenhall School","Ozone","Guilford",36.1090060008986,-79.802314
"3853",NA,80,"Mendenhall School","Ozone","Guilford",36.1090060008986,-79.802314
"3854",NA,87,"Mendenhall School","Ozone","Guilford",36.1090060008986,-79.802314
"3855",NA,28,"Mendenhall School","Ozone","Guilford",36.1090060008986,-79.802314
"3856",NA,30,"Mendenhall School","Ozone","Guilford",36.1090060008986,-79.802314
"3857",NA,31,"Mendenhall School","Ozone","Guilford",36.1090060008986,-79.802314
"3858",NA,27,"Mendenhall School","Ozone","Guilford",36.1090060008986,-79.802314
"3859",NA,26,"Mendenhall School","Ozone","Guilford",36.1090060008986,-79.802314
"3860",NA,45,"Mendenhall School","Ozone","Guilford",36.1090060008986,-79.802314
"3861",NA,40,"Mendenhall School","Ozone","Guilford",36.1090060008986,-79.802314
"3862",NA,40,"Mendenhall School","Ozone","Guilford",36.1090060008986,-79.802314
"3863",NA,43,"Mendenhall School","Ozone","Guilford",36.1090060008986,-79.802314
"3864",NA,42,"Mendenhall School","Ozone","Guilford",36.1090060008986,-79.802314
"3865",NA,33,"Mendenhall School","Ozone","Guilford",36.1090060008986,-79.802314
"3866",NA,28,"Mendenhall School","Ozone","Guilford",36.1090060008986,-79.802314
"3867",NA,26,"Mendenhall School","Ozone","Guilford",36.1090060008986,-79.802314
"3868",NA,19,"Mendenhall School","Ozone","Guilford",36.1090060008986,-79.802314
"3869",NA,18,"Mendenhall School","Ozone","Guilford",36.1090060008986,-79.802314
"3870",NA,28,"Mendenhall School","Ozone","Guilford",36.1090060008986,-79.802314
"3871",NA,42,"Mendenhall School","Ozone","Guilford",36.1090060008986,-79.802314
"3872",6-01-20,50,"Mendenhall School","Ozone","Guilford",36.1090060008986,-79.802314
"3873",6-02-20,42,"Mendenhall School","Ozone","Guilford",36.1090060008986,-79.802314
"3874",6-03-20,45,"Mendenhall School","Ozone","Guilford",36.1090060008986,-79.802314
"3875",6-04-20,67,"Mendenhall School","Ozone","Guilford",36.1090060008986,-79.802314
"3876",6-05-20,87,"Mendenhall School","Ozone","Guilford",36.1090060008986,-79.802314
"3877",6-06-20,80,"Mendenhall School","Ozone","Guilford",36.1090060008986,-79.802314
"3878",6-07-20,74,"Mendenhall School","Ozone","Guilford",36.1090060008986,-79.802314
"3879",6-08-20,71,"Mendenhall School","Ozone","Guilford",36.1090060008986,-79.802314
"3880",6-09-20,58,"Mendenhall School","Ozone","Guilford",36.1090060008986,-79.802314
"3881",6-10-20,71,"Mendenhall School","Ozone","Guilford",36.1090060008986,-79.802314
"3882",6-11-20,40,"Mendenhall School","Ozone","Guilford",36.1090060008986,-79.802314
"3883",6-12-20,30,"Mendenhall School","Ozone","Guilford",36.1090060008986,-79.802314
"3884",NA,58,"Mendenhall School","Ozone","Guilford",36.1090060008986,-79.802314
"3885",NA,58,"Mendenhall School","Ozone","Guilford",36.1090060008986,-79.802314
"3886",NA,64,"Mendenhall School","Ozone","Guilford",36.1090060008986,-79.802314
"3887",NA,67,"Mendenhall School","Ozone","Guilford",36.1090060008986,-79.802314
"3888",NA,67,"Mendenhall School","Ozone","Guilford",36.1090060008986,-79.802314
"3889",NA,47,"Mendenhall School","Ozone","Guilford",36.1090060008986,-79.802314
"3890",NA,61,"Mendenhall School","Ozone","Guilford",36.1090060008986,-79.802314
"3891",NA,44,"Mendenhall School","Ozone","Guilford",36.1090060008986,-79.802314
"3892",NA,39,"Mendenhall School","Ozone","Guilford",36.1090060008986,-79.802314
"3893",NA,48,"Mendenhall School","Ozone","Guilford",36.1090060008986,-79.802314
"3894",NA,46,"Mendenhall School","Ozone","Guilford",36.1090060008986,-79.802314
"3895",NA,44,"Mendenhall School","Ozone","Guilford",36.1090060008986,-79.802314
"3896",NA,40,"Mendenhall School","Ozone","Guilford",36.1090060008986,-79.802314
"3897",NA,28,"Mendenhall School","Ozone","Guilford",36.1090060008986,-79.802314
"3898",NA,47,"Mendenhall School","Ozone","Guilford",36.1090060008986,-79.802314
"3899",NA,45,"Mendenhall School","Ozone","Guilford",36.1090060008986,-79.802314
"3900",NA,50,"Mendenhall School","Ozone","Guilford",36.1090060008986,-79.802314
"3901",NA,64,"Mendenhall School","Ozone","Guilford",36.1090060008986,-79.802314
"3902",7-01-20,40,"Mendenhall School","Ozone","Guilford",36.1090060008986,-79.802314
"3903",7-02-20,43,"Mendenhall School","Ozone","Guilford",36.1090060008986,-79.802314
"3904",7-03-20,44,"Mendenhall School","Ozone","Guilford",36.1090060008986,-79.802314
"3905",7-04-20,33,"Mendenhall School","Ozone","Guilford",36.1090060008986,-79.802314
"3906",7-05-20,30,"Mendenhall School","Ozone","Guilford",36.1090060008986,-79.802314
"3907",7-06-20,39,"Mendenhall School","Ozone","Guilford",36.1090060008986,-79.802314
"3908",7-07-20,32,"Mendenhall School","Ozone","Guilford",36.1090060008986,-79.802314
"3909",7-08-20,44,"Mendenhall School","Ozone","Guilford",36.1090060008986,-79.802314
"3910",7-09-20,46,"Mendenhall School","Ozone","Guilford",36.1090060008986,-79.802314
"3911",7-10-20,58,"Mendenhall School","Ozone","Guilford",36.1090060008986,-79.802314
"3912",7-11-20,67,"Mendenhall School","Ozone","Guilford",36.1090060008986,-79.802314
"3913",7-12-20,67,"Mendenhall School","Ozone","Guilford",36.1090060008986,-79.802314
"3914",NA,54,"Mendenhall School","Ozone","Guilford",36.1090060008986,-79.802314
"3915",NA,50,"Mendenhall School","Ozone","Guilford",36.1090060008986,-79.802314
"3916",NA,71,"Mendenhall School","Ozone","Guilford",36.1090060008986,-79.802314
"3917",NA,50,"Mendenhall School","Ozone","Guilford",36.1090060008986,-79.802314
"3918",NA,46,"Mendenhall School","Ozone","Guilford",36.1090060008986,-79.802314
"3919",NA,44,"Mendenhall School","Ozone","Guilford",36.1090060008986,-79.802314
"3920",NA,48,"Mendenhall School","Ozone","Guilford",36.1090060008986,-79.802314
"3921",NA,54,"Mendenhall School","Ozone","Guilford",36.1090060008986,-79.802314
"3922",NA,46,"Mendenhall School","Ozone","Guilford",36.1090060008986,-79.802314
"3923",NA,38,"Mendenhall School","Ozone","Guilford",36.1090060008986,-79.802314
"3924",NA,37,"Mendenhall School","Ozone","Guilford",36.1090060008986,-79.802314
"3925",NA,43,"Mendenhall School","Ozone","Guilford",36.1090060008986,-79.802314
"3926",NA,41,"Mendenhall School","Ozone","Guilford",36.1090060008986,-79.802314
"3927",NA,50,"Mendenhall School","Ozone","Guilford",36.1090060008986,-79.802314
"3928",NA,84,"Mendenhall School","Ozone","Guilford",36.1090060008986,-79.802314
"3929",NA,45,"Mendenhall School","Ozone","Guilford",36.1090060008986,-79.802314
"3930",NA,38,"Mendenhall School","Ozone","Guilford",36.1090060008986,-79.802314
"3931",NA,36,"Mendenhall School","Ozone","Guilford",36.1090060008986,-79.802314
"3932",NA,29,"Mendenhall School","Ozone","Guilford",36.1090060008986,-79.802314
"3933",8-01-20,34,"Mendenhall School","Ozone","Guilford",36.1090060008986,-79.802314
"3934",8-02-20,26,"Mendenhall School","Ozone","Guilford",36.1090060008986,-79.802314
"3935",8-03-20,25,"Mendenhall School","Ozone","Guilford",36.1090060008986,-79.802314
"3936",8-04-20,39,"Mendenhall School","Ozone","Guilford",36.1090060008986,-79.802314
"3937",8-05-20,42,"Mendenhall School","Ozone","Guilford",36.1090060008986,-79.802314
"3938",8-06-20,44,"Mendenhall School","Ozone","Guilford",36.1090060008986,-79.802314
"3939",8-07-20,44,"Mendenhall School","Ozone","Guilford",36.1090060008986,-79.802314
"3940",8-08-20,39,"Mendenhall School","Ozone","Guilford",36.1090060008986,-79.802314
"3941",8-09-20,45,"Mendenhall School","Ozone","Guilford",36.1090060008986,-79.802314
"3942",8-10-20,50,"Mendenhall School","Ozone","Guilford",36.1090060008986,-79.802314
"3943",8-11-20,45,"Mendenhall School","Ozone","Guilford",36.1090060008986,-79.802314
"3944",8-12-20,43,"Mendenhall School","Ozone","Guilford",36.1090060008986,-79.802314
"3945",NA,48,"Mendenhall School","Ozone","Guilford",36.1090060008986,-79.802314
"3946",NA,44,"Mendenhall School","Ozone","Guilford",36.1090060008986,-79.802314
"3947",NA,58,"Mendenhall School","Ozone","Guilford",36.1090060008986,-79.802314
"3948",NA,61,"Mendenhall School","Ozone","Guilford",36.1090060008986,-79.802314
"3949",NA,47,"Mendenhall School","Ozone","Guilford",36.1090060008986,-79.802314
"3950",NA,30,"Mendenhall School","Ozone","Guilford",36.1090060008986,-79.802314
"3951",NA,33,"Mendenhall School","Ozone","Guilford",36.1090060008986,-79.802314
"3952",NA,33,"Mendenhall School","Ozone","Guilford",36.1090060008986,-79.802314
"3953",NA,32,"Mendenhall School","Ozone","Guilford",36.1090060008986,-79.802314
"3954",NA,35,"Mendenhall School","Ozone","Guilford",36.1090060008986,-79.802314
"3955",NA,39,"Mendenhall School","Ozone","Guilford",36.1090060008986,-79.802314
"3956",NA,44,"Mendenhall School","Ozone","Guilford",36.1090060008986,-79.802314
"3957",NA,48,"Mendenhall School","Ozone","Guilford",36.1090060008986,-79.802314
"3958",NA,49,"Mendenhall School","Ozone","Guilford",36.1090060008986,-79.802314
"3959",NA,54,"Mendenhall School","Ozone","Guilford",36.1090060008986,-79.802314
"3960",NA,64,"Mendenhall School","Ozone","Guilford",36.1090060008986,-79.802314
"3961",NA,58,"Mendenhall School","Ozone","Guilford",36.1090060008986,-79.802314
"3962",NA,67,"Mendenhall School","Ozone","Guilford",36.1090060008986,-79.802314
"3963",9-01-20,42,"Mendenhall School","Ozone","Guilford",36.1090060008986,-79.802314
"3964",9-02-20,32,"Mendenhall School","Ozone","Guilford",36.1090060008986,-79.802314
"3965",9-03-20,37,"Mendenhall School","Ozone","Guilford",36.1090060008986,-79.802314
"3966",9-04-20,37,"Mendenhall School","Ozone","Guilford",36.1090060008986,-79.802314
"3967",9-05-20,40,"Mendenhall School","Ozone","Guilford",36.1090060008986,-79.802314
"3968",9-06-20,47,"Mendenhall School","Ozone","Guilford",36.1090060008986,-79.802314
"3969",9-07-20,41,"Mendenhall School","Ozone","Guilford",36.1090060008986,-79.802314
"3970",9-08-20,36,"Mendenhall School","Ozone","Guilford",36.1090060008986,-79.802314
"3971",9-09-20,13,"Mendenhall School","Ozone","Guilford",36.1090060008986,-79.802314
"3972",9-10-20,16,"Mendenhall School","Ozone","Guilford",36.1090060008986,-79.802314
"3973",9-11-20,33,"Mendenhall School","Ozone","Guilford",36.1090060008986,-79.802314
"3974",9-12-20,19,"Mendenhall School","Ozone","Guilford",36.1090060008986,-79.802314
"3975",NA,71,"Mendenhall School","Ozone","Guilford",36.1090060008986,-79.802314
"3976",NA,48,"Mendenhall School","Ozone","Guilford",36.1090060008986,-79.802314
"3977",NA,48,"Mendenhall School","Ozone","Guilford",36.1090060008986,-79.802314
"3978",NA,20,"Mendenhall School","Ozone","Guilford",36.1090060008986,-79.802314
"3979",NA,17,"Mendenhall School","Ozone","Guilford",36.1090060008986,-79.802314
"3980",NA,36,"Mendenhall School","Ozone","Guilford",36.1090060008986,-79.802314
"3981",NA,41,"Mendenhall School","Ozone","Guilford",36.1090060008986,-79.802314
"3982",NA,25,"Mendenhall School","Ozone","Guilford",36.1090060008986,-79.802314
"3983",NA,26,"Mendenhall School","Ozone","Guilford",36.1090060008986,-79.802314
"3984",NA,35,"Mendenhall School","Ozone","Guilford",36.1090060008986,-79.802314
"3985",NA,34,"Mendenhall School","Ozone","Guilford",36.1090060008986,-79.802314
"3986",10-01-20,49,"Mendenhall School","Ozone","Guilford",36.1090060008986,-79.802314
"3987",10-02-20,49,"Mendenhall School","Ozone","Guilford",36.1090060008986,-79.802314
"3988",10-03-20,39,"Mendenhall School","Ozone","Guilford",36.1090060008986,-79.802314
"3989",10-04-20,39,"Mendenhall School","Ozone","Guilford",36.1090060008986,-79.802314
"3990",10-05-20,38,"Mendenhall School","Ozone","Guilford",36.1090060008986,-79.802314
"3991",10-06-20,30,"Mendenhall School","Ozone","Guilford",36.1090060008986,-79.802314
"3992",10-07-20,38,"Mendenhall School","Ozone","Guilford",36.1090060008986,-79.802314
"3993",10-08-20,31,"Mendenhall School","Ozone","Guilford",36.1090060008986,-79.802314
"3994",10-09-20,29,"Mendenhall School","Ozone","Guilford",36.1090060008986,-79.802314
"3995",10-10-20,16,"Mendenhall School","Ozone","Guilford",36.1090060008986,-79.802314
"3996",NA,19,"Mendenhall School","Ozone","Guilford",36.1090060008986,-79.802314
"3997",NA,34,"Mendenhall School","Ozone","Guilford",36.1090060008986,-79.802314
"3998",NA,36,"Mendenhall School","Ozone","Guilford",36.1090060008986,-79.802314
"3999",NA,42,"Mendenhall School","Ozone","Guilford",36.1090060008986,-79.802314
"4000",NA,28,"Mendenhall School","Ozone","Guilford",36.1090060008986,-79.802314
"4001",NA,35,"Mendenhall School","Ozone","Guilford",36.1090060008986,-79.802314
"4002",NA,25,"Mendenhall School","Ozone","Guilford",36.1090060008986,-79.802314
"4003",NA,25,"Mendenhall School","Ozone","Guilford",36.1090060008986,-79.802314
"4004",NA,21,"Mendenhall School","Ozone","Guilford",36.1090060008986,-79.802314
"4005",NA,38,"Mendenhall School","Ozone","Guilford",36.1090060008986,-79.802314
"4006",NA,35,"Mendenhall School","Ozone","Guilford",36.1090060008986,-79.802314
"4007",NA,38,"Mendenhall School","Ozone","Guilford",36.1090060008986,-79.802314
"4008",NA,44,"Mendenhall School","Ozone","Guilford",36.1090060008986,-79.802314
"4009",3-01-20,42,"Waynesville School","Ozone","Haywood",35.507224,-82.963625
"4010",3-02-20,44,"Waynesville School","Ozone","Haywood",35.507224,-82.963625
"4011",3-03-20,43,"Waynesville School","Ozone","Haywood",35.507224,-82.963625
"4012",3-04-20,44,"Waynesville School","Ozone","Haywood",35.507224,-82.963625
"4013",3-05-20,42,"Waynesville School","Ozone","Haywood",35.507224,-82.963625
"4014",3-06-20,31,"Waynesville School","Ozone","Haywood",35.507224,-82.963625
"4015",3-07-20,37,"Waynesville School","Ozone","Haywood",35.507224,-82.963625
"4016",3-08-20,40,"Waynesville School","Ozone","Haywood",35.507224,-82.963625
"4017",3-09-20,44,"Waynesville School","Ozone","Haywood",35.507224,-82.963625
"4018",3-10-20,48,"Waynesville School","Ozone","Haywood",35.507224,-82.963625
"4019",3-11-20,26,"Waynesville School","Ozone","Haywood",35.507224,-82.963625
"4020",3-12-20,44,"Waynesville School","Ozone","Haywood",35.507224,-82.963625
"4021",NA,43,"Waynesville School","Ozone","Haywood",35.507224,-82.963625
"4022",NA,44,"Waynesville School","Ozone","Haywood",35.507224,-82.963625
"4023",NA,61,"Waynesville School","Ozone","Haywood",35.507224,-82.963625
"4024",NA,74,"Waynesville School","Ozone","Haywood",35.507224,-82.963625
"4025",NA,48,"Waynesville School","Ozone","Haywood",35.507224,-82.963625
"4026",NA,43,"Waynesville School","Ozone","Haywood",35.507224,-82.963625
"4027",NA,38,"Waynesville School","Ozone","Haywood",35.507224,-82.963625
"4028",NA,43,"Waynesville School","Ozone","Haywood",35.507224,-82.963625
"4029",NA,38,"Waynesville School","Ozone","Haywood",35.507224,-82.963625
"4030",NA,44,"Waynesville School","Ozone","Haywood",35.507224,-82.963625
"4031",NA,45,"Waynesville School","Ozone","Haywood",35.507224,-82.963625
"4032",NA,44,"Waynesville School","Ozone","Haywood",35.507224,-82.963625
"4033",NA,44,"Waynesville School","Ozone","Haywood",35.507224,-82.963625
"4034",NA,42,"Waynesville School","Ozone","Haywood",35.507224,-82.963625
"4035",NA,42,"Waynesville School","Ozone","Haywood",35.507224,-82.963625
"4036",NA,46,"Waynesville School","Ozone","Haywood",35.507224,-82.963625
"4037",NA,38,"Waynesville School","Ozone","Haywood",35.507224,-82.963625
"4038",NA,47,"Waynesville School","Ozone","Haywood",35.507224,-82.963625
"4039",4-01-20,46,"Waynesville School","Ozone","Haywood",35.507224,-82.963625
"4040",4-02-20,47,"Waynesville School","Ozone","Haywood",35.507224,-82.963625
"4041",4-03-20,44,"Waynesville School","Ozone","Haywood",35.507224,-82.963625
"4042",4-04-20,42,"Waynesville School","Ozone","Haywood",35.507224,-82.963625
"4043",4-05-20,46,"Waynesville School","Ozone","Haywood",35.507224,-82.963625
"4044",4-06-20,47,"Waynesville School","Ozone","Haywood",35.507224,-82.963625
"4045",4-07-20,42,"Waynesville School","Ozone","Haywood",35.507224,-82.963625
"4046",4-08-20,44,"Waynesville School","Ozone","Haywood",35.507224,-82.963625
"4047",4-09-20,33,"Waynesville School","Ozone","Haywood",35.507224,-82.963625
"4048",4-10-20,45,"Waynesville School","Ozone","Haywood",35.507224,-82.963625
"4049",4-11-20,43,"Waynesville School","Ozone","Haywood",35.507224,-82.963625
"4050",4-12-20,71,"Waynesville School","Ozone","Haywood",35.507224,-82.963625
"4051",NA,74,"Waynesville School","Ozone","Haywood",35.507224,-82.963625
"4052",NA,45,"Waynesville School","Ozone","Haywood",35.507224,-82.963625
"4053",NA,39,"Waynesville School","Ozone","Haywood",35.507224,-82.963625
"4054",NA,38,"Waynesville School","Ozone","Haywood",35.507224,-82.963625
"4055",NA,61,"Waynesville School","Ozone","Haywood",35.507224,-82.963625
"4056",NA,64,"Waynesville School","Ozone","Haywood",35.507224,-82.963625
"4057",NA,41,"Waynesville School","Ozone","Haywood",35.507224,-82.963625
"4058",NA,58,"Waynesville School","Ozone","Haywood",35.507224,-82.963625
"4059",NA,67,"Waynesville School","Ozone","Haywood",35.507224,-82.963625
"4060",NA,46,"Waynesville School","Ozone","Haywood",35.507224,-82.963625
"4061",NA,45,"Waynesville School","Ozone","Haywood",35.507224,-82.963625
"4062",NA,38,"Waynesville School","Ozone","Haywood",35.507224,-82.963625
"4063",NA,32,"Waynesville School","Ozone","Haywood",35.507224,-82.963625
"4064",NA,61,"Waynesville School","Ozone","Haywood",35.507224,-82.963625
"4065",NA,67,"Waynesville School","Ozone","Haywood",35.507224,-82.963625
"4066",NA,47,"Waynesville School","Ozone","Haywood",35.507224,-82.963625
"4067",NA,51,"Waynesville School","Ozone","Haywood",35.507224,-82.963625
"4068",5-01-20,67,"Waynesville School","Ozone","Haywood",35.507224,-82.963625
"4069",5-02-20,67,"Waynesville School","Ozone","Haywood",35.507224,-82.963625
"4070",5-03-20,71,"Waynesville School","Ozone","Haywood",35.507224,-82.963625
"4071",5-04-20,49,"Waynesville School","Ozone","Haywood",35.507224,-82.963625
"4072",5-05-20,41,"Waynesville School","Ozone","Haywood",35.507224,-82.963625
"4073",5-06-20,54,"Waynesville School","Ozone","Haywood",35.507224,-82.963625
"4074",5-07-20,54,"Waynesville School","Ozone","Haywood",35.507224,-82.963625
"4075",5-09-20,58,"Waynesville School","Ozone","Haywood",35.507224,-82.963625
"4076",5-10-20,61,"Waynesville School","Ozone","Haywood",35.507224,-82.963625
"4077",5-11-20,49,"Waynesville School","Ozone","Haywood",35.507224,-82.963625
"4078",5-12-20,51,"Waynesville School","Ozone","Haywood",35.507224,-82.963625
"4079",NA,54,"Waynesville School","Ozone","Haywood",35.507224,-82.963625
"4080",NA,48,"Waynesville School","Ozone","Haywood",35.507224,-82.963625
"4081",NA,38,"Waynesville School","Ozone","Haywood",35.507224,-82.963625
"4082",NA,25,"Waynesville School","Ozone","Haywood",35.507224,-82.963625
"4083",NA,31,"Waynesville School","Ozone","Haywood",35.507224,-82.963625
"4084",NA,41,"Waynesville School","Ozone","Haywood",35.507224,-82.963625
"4085",NA,40,"Waynesville School","Ozone","Haywood",35.507224,-82.963625
"4086",NA,35,"Waynesville School","Ozone","Haywood",35.507224,-82.963625
"4087",NA,35,"Waynesville School","Ozone","Haywood",35.507224,-82.963625
"4088",NA,16,"Waynesville School","Ozone","Haywood",35.507224,-82.963625
"4089",NA,31,"Waynesville School","Ozone","Haywood",35.507224,-82.963625
"4090",NA,38,"Waynesville School","Ozone","Haywood",35.507224,-82.963625
"4091",6-01-20,46,"Waynesville School","Ozone","Haywood",35.507224,-82.963625
"4092",6-02-20,47,"Waynesville School","Ozone","Haywood",35.507224,-82.963625
"4093",6-03-20,48,"Waynesville School","Ozone","Haywood",35.507224,-82.963625
"4094",6-04-20,67,"Waynesville School","Ozone","Haywood",35.507224,-82.963625
"4095",6-05-20,61,"Waynesville School","Ozone","Haywood",35.507224,-82.963625
"4096",6-06-20,80,"Waynesville School","Ozone","Haywood",35.507224,-82.963625
"4097",6-07-20,87,"Waynesville School","Ozone","Haywood",35.507224,-82.963625
"4098",6-08-20,48,"Waynesville School","Ozone","Haywood",35.507224,-82.963625
"4099",6-09-20,50,"Waynesville School","Ozone","Haywood",35.507224,-82.963625
"4100",6-10-20,47,"Waynesville School","Ozone","Haywood",35.507224,-82.963625
"4101",6-11-20,37,"Waynesville School","Ozone","Haywood",35.507224,-82.963625
"4102",6-12-20,26,"Waynesville School","Ozone","Haywood",35.507224,-82.963625
"4103",NA,32,"Waynesville School","Ozone","Haywood",35.507224,-82.963625
"4104",NA,50,"Waynesville School","Ozone","Haywood",35.507224,-82.963625
"4105",NA,61,"Waynesville School","Ozone","Haywood",35.507224,-82.963625
"4106",NA,46,"Waynesville School","Ozone","Haywood",35.507224,-82.963625
"4107",NA,42,"Waynesville School","Ozone","Haywood",35.507224,-82.963625
"4108",NA,44,"Waynesville School","Ozone","Haywood",35.507224,-82.963625
"4109",NA,38,"Waynesville School","Ozone","Haywood",35.507224,-82.963625
"4110",NA,29,"Waynesville School","Ozone","Haywood",35.507224,-82.963625
"4111",NA,21,"Waynesville School","Ozone","Haywood",35.507224,-82.963625
"4112",NA,42,"Waynesville School","Ozone","Haywood",35.507224,-82.963625
"4113",NA,41,"Waynesville School","Ozone","Haywood",35.507224,-82.963625
"4114",NA,34,"Waynesville School","Ozone","Haywood",35.507224,-82.963625
"4115",NA,26,"Waynesville School","Ozone","Haywood",35.507224,-82.963625
"4116",NA,24,"Waynesville School","Ozone","Haywood",35.507224,-82.963625
"4117",NA,25,"Waynesville School","Ozone","Haywood",35.507224,-82.963625
"4118",NA,33,"Waynesville School","Ozone","Haywood",35.507224,-82.963625
"4119",NA,48,"Waynesville School","Ozone","Haywood",35.507224,-82.963625
"4120",NA,47,"Waynesville School","Ozone","Haywood",35.507224,-82.963625
"4121",7-01-20,33,"Waynesville School","Ozone","Haywood",35.507224,-82.963625
"4122",7-02-20,33,"Waynesville School","Ozone","Haywood",35.507224,-82.963625
"4123",7-03-20,40,"Waynesville School","Ozone","Haywood",35.507224,-82.963625
"4124",7-04-20,40,"Waynesville School","Ozone","Haywood",35.507224,-82.963625
"4125",7-05-20,29,"Waynesville School","Ozone","Haywood",35.507224,-82.963625
"4126",7-06-20,33,"Waynesville School","Ozone","Haywood",35.507224,-82.963625
"4127",7-07-20,33,"Waynesville School","Ozone","Haywood",35.507224,-82.963625
"4128",7-08-20,46,"Waynesville School","Ozone","Haywood",35.507224,-82.963625
"4129",7-09-20,48,"Waynesville School","Ozone","Haywood",35.507224,-82.963625
"4130",7-10-20,44,"Waynesville School","Ozone","Haywood",35.507224,-82.963625
"4131",7-11-20,44,"Waynesville School","Ozone","Haywood",35.507224,-82.963625
"4132",7-12-20,42,"Waynesville School","Ozone","Haywood",35.507224,-82.963625
"4133",NA,40,"Waynesville School","Ozone","Haywood",35.507224,-82.963625
"4134",NA,38,"Waynesville School","Ozone","Haywood",35.507224,-82.963625
"4135",NA,38,"Waynesville School","Ozone","Haywood",35.507224,-82.963625
"4136",NA,31,"Waynesville School","Ozone","Haywood",35.507224,-82.963625
"4137",NA,40,"Waynesville School","Ozone","Haywood",35.507224,-82.963625
"4138",NA,48,"Waynesville School","Ozone","Haywood",35.507224,-82.963625
"4139",NA,44,"Waynesville School","Ozone","Haywood",35.507224,-82.963625
"4140",NA,39,"Waynesville School","Ozone","Haywood",35.507224,-82.963625
"4141",NA,44,"Waynesville School","Ozone","Haywood",35.507224,-82.963625
"4142",NA,36,"Waynesville School","Ozone","Haywood",35.507224,-82.963625
"4143",NA,35,"Waynesville School","Ozone","Haywood",35.507224,-82.963625
"4144",NA,41,"Waynesville School","Ozone","Haywood",35.507224,-82.963625
"4145",NA,36,"Waynesville School","Ozone","Haywood",35.507224,-82.963625
"4146",NA,46,"Waynesville School","Ozone","Haywood",35.507224,-82.963625
"4147",NA,45,"Waynesville School","Ozone","Haywood",35.507224,-82.963625
"4148",NA,43,"Waynesville School","Ozone","Haywood",35.507224,-82.963625
"4149",NA,41,"Waynesville School","Ozone","Haywood",35.507224,-82.963625
"4150",NA,42,"Waynesville School","Ozone","Haywood",35.507224,-82.963625
"4151",NA,34,"Waynesville School","Ozone","Haywood",35.507224,-82.963625
"4152",8-01-20,27,"Waynesville School","Ozone","Haywood",35.507224,-82.963625
"4153",8-02-20,25,"Waynesville School","Ozone","Haywood",35.507224,-82.963625
"4154",8-03-20,27,"Waynesville School","Ozone","Haywood",35.507224,-82.963625
"4155",8-04-20,31,"Waynesville School","Ozone","Haywood",35.507224,-82.963625
"4156",8-05-20,35,"Waynesville School","Ozone","Haywood",35.507224,-82.963625
"4157",8-06-20,27,"Waynesville School","Ozone","Haywood",35.507224,-82.963625
"4158",8-07-20,31,"Waynesville School","Ozone","Haywood",35.507224,-82.963625
"4159",8-08-20,28,"Waynesville School","Ozone","Haywood",35.507224,-82.963625
"4160",8-09-20,34,"Waynesville School","Ozone","Haywood",35.507224,-82.963625
"4161",8-10-20,32,"Waynesville School","Ozone","Haywood",35.507224,-82.963625
"4162",8-11-20,37,"Waynesville School","Ozone","Haywood",35.507224,-82.963625
"4163",8-12-20,38,"Waynesville School","Ozone","Haywood",35.507224,-82.963625
"4164",NA,36,"Waynesville School","Ozone","Haywood",35.507224,-82.963625
"4165",NA,37,"Waynesville School","Ozone","Haywood",35.507224,-82.963625
"4166",NA,33,"Waynesville School","Ozone","Haywood",35.507224,-82.963625
"4167",NA,31,"Waynesville School","Ozone","Haywood",35.507224,-82.963625
"4168",NA,32,"Waynesville School","Ozone","Haywood",35.507224,-82.963625
"4169",NA,31,"Waynesville School","Ozone","Haywood",35.507224,-82.963625
"4170",NA,34,"Waynesville School","Ozone","Haywood",35.507224,-82.963625
"4171",NA,35,"Waynesville School","Ozone","Haywood",35.507224,-82.963625
"4172",NA,32,"Waynesville School","Ozone","Haywood",35.507224,-82.963625
"4173",NA,37,"Waynesville School","Ozone","Haywood",35.507224,-82.963625
"4174",NA,43,"Waynesville School","Ozone","Haywood",35.507224,-82.963625
"4175",NA,34,"Waynesville School","Ozone","Haywood",35.507224,-82.963625
"4176",NA,45,"Waynesville School","Ozone","Haywood",35.507224,-82.963625
"4177",NA,41,"Waynesville School","Ozone","Haywood",35.507224,-82.963625
"4178",NA,38,"Waynesville School","Ozone","Haywood",35.507224,-82.963625
"4179",NA,37,"Waynesville School","Ozone","Haywood",35.507224,-82.963625
"4180",NA,30,"Waynesville School","Ozone","Haywood",35.507224,-82.963625
"4181",NA,26,"Waynesville School","Ozone","Haywood",35.507224,-82.963625
"4182",9-01-20,31,"Waynesville School","Ozone","Haywood",35.507224,-82.963625
"4183",9-02-20,29,"Waynesville School","Ozone","Haywood",35.507224,-82.963625
"4184",9-03-20,29,"Waynesville School","Ozone","Haywood",35.507224,-82.963625
"4185",9-04-20,30,"Waynesville School","Ozone","Haywood",35.507224,-82.963625
"4186",9-05-20,32,"Waynesville School","Ozone","Haywood",35.507224,-82.963625
"4187",9-06-20,35,"Waynesville School","Ozone","Haywood",35.507224,-82.963625
"4188",9-07-20,39,"Waynesville School","Ozone","Haywood",35.507224,-82.963625
"4189",9-08-20,27,"Waynesville School","Ozone","Haywood",35.507224,-82.963625
"4190",9-09-20,30,"Waynesville School","Ozone","Haywood",35.507224,-82.963625
"4191",9-10-20,23,"Waynesville School","Ozone","Haywood",35.507224,-82.963625
"4192",9-11-20,24,"Waynesville School","Ozone","Haywood",35.507224,-82.963625
"4193",9-12-20,24,"Waynesville School","Ozone","Haywood",35.507224,-82.963625
"4194",NA,31,"Waynesville School","Ozone","Haywood",35.507224,-82.963625
"4195",NA,22,"Waynesville School","Ozone","Haywood",35.507224,-82.963625
"4196",NA,18,"Waynesville School","Ozone","Haywood",35.507224,-82.963625
"4197",NA,16,"Waynesville School","Ozone","Haywood",35.507224,-82.963625
"4198",NA,19,"Waynesville School","Ozone","Haywood",35.507224,-82.963625
"4199",NA,32,"Waynesville School","Ozone","Haywood",35.507224,-82.963625
"4200",NA,45,"Waynesville School","Ozone","Haywood",35.507224,-82.963625
"4201",NA,37,"Waynesville School","Ozone","Haywood",35.507224,-82.963625
"4202",NA,41,"Waynesville School","Ozone","Haywood",35.507224,-82.963625
"4203",NA,41,"Waynesville School","Ozone","Haywood",35.507224,-82.963625
"4204",NA,34,"Waynesville School","Ozone","Haywood",35.507224,-82.963625
"4205",NA,27,"Waynesville School","Ozone","Haywood",35.507224,-82.963625
"4206",NA,25,"Waynesville School","Ozone","Haywood",35.507224,-82.963625
"4207",NA,22,"Waynesville School","Ozone","Haywood",35.507224,-82.963625
"4208",NA,20,"Waynesville School","Ozone","Haywood",35.507224,-82.963625
"4209",NA,29,"Waynesville School","Ozone","Haywood",35.507224,-82.963625
"4210",NA,30,"Waynesville School","Ozone","Haywood",35.507224,-82.963625
"4211",NA,26,"Waynesville School","Ozone","Haywood",35.507224,-82.963625
"4212",10-01-20,27,"Waynesville School","Ozone","Haywood",35.507224,-82.963625
"4213",10-02-20,33,"Waynesville School","Ozone","Haywood",35.507224,-82.963625
"4214",10-03-20,31,"Waynesville School","Ozone","Haywood",35.507224,-82.963625
"4215",10-04-20,36,"Waynesville School","Ozone","Haywood",35.507224,-82.963625
"4216",10-05-20,31,"Waynesville School","Ozone","Haywood",35.507224,-82.963625
"4217",10-06-20,27,"Waynesville School","Ozone","Haywood",35.507224,-82.963625
"4218",10-07-20,35,"Waynesville School","Ozone","Haywood",35.507224,-82.963625
"4219",10-08-20,33,"Waynesville School","Ozone","Haywood",35.507224,-82.963625
"4220",10-09-20,22,"Waynesville School","Ozone","Haywood",35.507224,-82.963625
"4221",10-10-20,2,"Waynesville School","Ozone","Haywood",35.507224,-82.963625
"4222",10-11-20,6,"Waynesville School","Ozone","Haywood",35.507224,-82.963625
"4223",10-12-20,9,"Waynesville School","Ozone","Haywood",35.507224,-82.963625
"4224",NA,8,"Waynesville School","Ozone","Haywood",35.507224,-82.963625
"4225",NA,8,"Waynesville School","Ozone","Haywood",35.507224,-82.963625
"4226",NA,8,"Waynesville School","Ozone","Haywood",35.507224,-82.963625
"4227",NA,3,"Waynesville School","Ozone","Haywood",35.507224,-82.963625
"4228",NA,7,"Waynesville School","Ozone","Haywood",35.507224,-82.963625
"4229",NA,8,"Waynesville School","Ozone","Haywood",35.507224,-82.963625
"4230",NA,9,"Waynesville School","Ozone","Haywood",35.507224,-82.963625
"4231",NA,10,"Waynesville School","Ozone","Haywood",35.507224,-82.963625
"4232",NA,8,"Waynesville School","Ozone","Haywood",35.507224,-82.963625
"4233",NA,6,"Waynesville School","Ozone","Haywood",35.507224,-82.963625
"4234",NA,31,"Waynesville School","Ozone","Haywood",35.507224,-82.963625
"4235",NA,39,"Waynesville School","Ozone","Haywood",35.507224,-82.963625
"4236",NA,22,"Waynesville School","Ozone","Haywood",35.507224,-82.963625
"4237",NA,23,"Waynesville School","Ozone","Haywood",35.507224,-82.963625
"4238",NA,32,"Waynesville School","Ozone","Haywood",35.507224,-82.963625
"4239",NA,39,"Waynesville School","Ozone","Haywood",35.507224,-82.963625
"4240",NA,37,"Waynesville School","Ozone","Haywood",35.507224,-82.963625
"4241",NA,33,"Waynesville School","Ozone","Haywood",35.507224,-82.963625
"4242",NA,46,"Waynesville School","Ozone","Haywood",35.507224,-82.963625
"4243",3-02-20,46,"Frying Pan Mountain","Ozone","Haywood",35.379167,-82.7925
"4244",3-03-20,44,"Frying Pan Mountain","Ozone","Haywood",35.379167,-82.7925
"4245",3-04-20,47,"Frying Pan Mountain","Ozone","Haywood",35.379167,-82.7925
"4246",3-05-20,46,"Frying Pan Mountain","Ozone","Haywood",35.379167,-82.7925
"4247",3-06-20,44,"Frying Pan Mountain","Ozone","Haywood",35.379167,-82.7925
"4248",NA,61,"Frying Pan Mountain","Ozone","Haywood",35.379167,-82.7925
"4249",NA,49,"Frying Pan Mountain","Ozone","Haywood",35.379167,-82.7925
"4250",NA,44,"Frying Pan Mountain","Ozone","Haywood",35.379167,-82.7925
"4251",NA,40,"Frying Pan Mountain","Ozone","Haywood",35.379167,-82.7925
"4252",NA,44,"Frying Pan Mountain","Ozone","Haywood",35.379167,-82.7925
"4253",NA,40,"Frying Pan Mountain","Ozone","Haywood",35.379167,-82.7925
"4254",NA,47,"Frying Pan Mountain","Ozone","Haywood",35.379167,-82.7925
"4255",NA,48,"Frying Pan Mountain","Ozone","Haywood",35.379167,-82.7925
"4256",NA,47,"Frying Pan Mountain","Ozone","Haywood",35.379167,-82.7925
"4257",NA,45,"Frying Pan Mountain","Ozone","Haywood",35.379167,-82.7925
"4258",NA,44,"Frying Pan Mountain","Ozone","Haywood",35.379167,-82.7925
"4259",NA,45,"Frying Pan Mountain","Ozone","Haywood",35.379167,-82.7925
"4260",NA,45,"Frying Pan Mountain","Ozone","Haywood",35.379167,-82.7925
"4261",NA,43,"Frying Pan Mountain","Ozone","Haywood",35.379167,-82.7925
"4262",NA,51,"Frying Pan Mountain","Ozone","Haywood",35.379167,-82.7925
"4263",4-01-20,50,"Frying Pan Mountain","Ozone","Haywood",35.379167,-82.7925
"4264",4-04-20,44,"Frying Pan Mountain","Ozone","Haywood",35.379167,-82.7925
"4265",4-05-20,51,"Frying Pan Mountain","Ozone","Haywood",35.379167,-82.7925
"4266",4-06-20,61,"Frying Pan Mountain","Ozone","Haywood",35.379167,-82.7925
"4267",4-07-20,43,"Frying Pan Mountain","Ozone","Haywood",35.379167,-82.7925
"4268",4-08-20,45,"Frying Pan Mountain","Ozone","Haywood",35.379167,-82.7925
"4269",4-09-20,39,"Frying Pan Mountain","Ozone","Haywood",35.379167,-82.7925
"4270",4-10-20,45,"Frying Pan Mountain","Ozone","Haywood",35.379167,-82.7925
"4271",4-11-20,46,"Frying Pan Mountain","Ozone","Haywood",35.379167,-82.7925
"4272",4-12-20,77,"Frying Pan Mountain","Ozone","Haywood",35.379167,-82.7925
"4273",NA,71,"Frying Pan Mountain","Ozone","Haywood",35.379167,-82.7925
"4274",NA,44,"Frying Pan Mountain","Ozone","Haywood",35.379167,-82.7925
"4275",NA,42,"Frying Pan Mountain","Ozone","Haywood",35.379167,-82.7925
"4276",NA,43,"Frying Pan Mountain","Ozone","Haywood",35.379167,-82.7925
"4277",NA,67,"Frying Pan Mountain","Ozone","Haywood",35.379167,-82.7925
"4278",NA,67,"Frying Pan Mountain","Ozone","Haywood",35.379167,-82.7925
"4279",NA,45,"Frying Pan Mountain","Ozone","Haywood",35.379167,-82.7925
"4280",NA,71,"Frying Pan Mountain","Ozone","Haywood",35.379167,-82.7925
"4281",NA,84,"Frying Pan Mountain","Ozone","Haywood",35.379167,-82.7925
"4282",NA,46,"Frying Pan Mountain","Ozone","Haywood",35.379167,-82.7925
"4283",NA,47,"Frying Pan Mountain","Ozone","Haywood",35.379167,-82.7925
"4284",NA,45,"Frying Pan Mountain","Ozone","Haywood",35.379167,-82.7925
"4285",NA,42,"Frying Pan Mountain","Ozone","Haywood",35.379167,-82.7925
"4286",NA,64,"Frying Pan Mountain","Ozone","Haywood",35.379167,-82.7925
"4287",NA,67,"Frying Pan Mountain","Ozone","Haywood",35.379167,-82.7925
"4288",NA,67,"Frying Pan Mountain","Ozone","Haywood",35.379167,-82.7925
"4289",NA,51,"Frying Pan Mountain","Ozone","Haywood",35.379167,-82.7925
"4290",NA,58,"Frying Pan Mountain","Ozone","Haywood",35.379167,-82.7925
"4291",5-01-20,105,"Frying Pan Mountain","Ozone","Haywood",35.379167,-82.7925
"4292",5-04-20,54,"Frying Pan Mountain","Ozone","Haywood",35.379167,-82.7925
"4293",5-05-20,45,"Frying Pan Mountain","Ozone","Haywood",35.379167,-82.7925
"4294",5-06-20,58,"Frying Pan Mountain","Ozone","Haywood",35.379167,-82.7925
"4295",5-07-20,61,"Frying Pan Mountain","Ozone","Haywood",35.379167,-82.7925
"4296",5-08-20,54,"Frying Pan Mountain","Ozone","Haywood",35.379167,-82.7925
"4297",5-09-20,80,"Frying Pan Mountain","Ozone","Haywood",35.379167,-82.7925
"4298",5-10-20,64,"Frying Pan Mountain","Ozone","Haywood",35.379167,-82.7925
"4299",5-11-20,74,"Frying Pan Mountain","Ozone","Haywood",35.379167,-82.7925
"4300",5-12-20,61,"Frying Pan Mountain","Ozone","Haywood",35.379167,-82.7925
"4301",NA,61,"Frying Pan Mountain","Ozone","Haywood",35.379167,-82.7925
"4302",NA,51,"Frying Pan Mountain","Ozone","Haywood",35.379167,-82.7925
"4303",NA,37,"Frying Pan Mountain","Ozone","Haywood",35.379167,-82.7925
"4304",NA,44,"Frying Pan Mountain","Ozone","Haywood",35.379167,-82.7925
"4305",NA,47,"Frying Pan Mountain","Ozone","Haywood",35.379167,-82.7925
"4306",NA,51,"Frying Pan Mountain","Ozone","Haywood",35.379167,-82.7925
"4307",NA,36,"Frying Pan Mountain","Ozone","Haywood",35.379167,-82.7925
"4308",NA,48,"Frying Pan Mountain","Ozone","Haywood",35.379167,-82.7925
"4309",NA,40,"Frying Pan Mountain","Ozone","Haywood",35.379167,-82.7925
"4310",NA,30,"Frying Pan Mountain","Ozone","Haywood",35.379167,-82.7925
"4311",NA,34,"Frying Pan Mountain","Ozone","Haywood",35.379167,-82.7925
"4312",NA,28,"Frying Pan Mountain","Ozone","Haywood",35.379167,-82.7925
"4313",NA,24,"Frying Pan Mountain","Ozone","Haywood",35.379167,-82.7925
"4314",NA,27,"Frying Pan Mountain","Ozone","Haywood",35.379167,-82.7925
"4315",NA,38,"Frying Pan Mountain","Ozone","Haywood",35.379167,-82.7925
"4316",NA,51,"Frying Pan Mountain","Ozone","Haywood",35.379167,-82.7925
"4317",6-01-20,47,"Frying Pan Mountain","Ozone","Haywood",35.379167,-82.7925
"4318",6-02-20,49,"Frying Pan Mountain","Ozone","Haywood",35.379167,-82.7925
"4319",6-03-20,49,"Frying Pan Mountain","Ozone","Haywood",35.379167,-82.7925
"4320",6-04-20,67,"Frying Pan Mountain","Ozone","Haywood",35.379167,-82.7925
"4321",6-05-20,77,"Frying Pan Mountain","Ozone","Haywood",35.379167,-82.7925
"4322",6-06-20,80,"Frying Pan Mountain","Ozone","Haywood",35.379167,-82.7925
"4323",6-07-20,49,"Frying Pan Mountain","Ozone","Haywood",35.379167,-82.7925
"4324",6-08-20,61,"Frying Pan Mountain","Ozone","Haywood",35.379167,-82.7925
"4325",6-09-20,58,"Frying Pan Mountain","Ozone","Haywood",35.379167,-82.7925
"4326",6-10-20,50,"Frying Pan Mountain","Ozone","Haywood",35.379167,-82.7925
"4327",6-11-20,44,"Frying Pan Mountain","Ozone","Haywood",35.379167,-82.7925
"4328",6-12-20,45,"Frying Pan Mountain","Ozone","Haywood",35.379167,-82.7925
"4329",NA,36,"Frying Pan Mountain","Ozone","Haywood",35.379167,-82.7925
"4330",NA,67,"Frying Pan Mountain","Ozone","Haywood",35.379167,-82.7925
"4331",NA,61,"Frying Pan Mountain","Ozone","Haywood",35.379167,-82.7925
"4332",NA,54,"Frying Pan Mountain","Ozone","Haywood",35.379167,-82.7925
"4333",NA,49,"Frying Pan Mountain","Ozone","Haywood",35.379167,-82.7925
"4334",NA,43,"Frying Pan Mountain","Ozone","Haywood",35.379167,-82.7925
"4335",NA,29,"Frying Pan Mountain","Ozone","Haywood",35.379167,-82.7925
"4336",NA,40,"Frying Pan Mountain","Ozone","Haywood",35.379167,-82.7925
"4337",NA,46,"Frying Pan Mountain","Ozone","Haywood",35.379167,-82.7925
"4338",NA,45,"Frying Pan Mountain","Ozone","Haywood",35.379167,-82.7925
"4339",NA,41,"Frying Pan Mountain","Ozone","Haywood",35.379167,-82.7925
"4340",NA,36,"Frying Pan Mountain","Ozone","Haywood",35.379167,-82.7925
"4341",NA,34,"Frying Pan Mountain","Ozone","Haywood",35.379167,-82.7925
"4342",NA,44,"Frying Pan Mountain","Ozone","Haywood",35.379167,-82.7925
"4343",NA,44,"Frying Pan Mountain","Ozone","Haywood",35.379167,-82.7925
"4344",NA,45,"Frying Pan Mountain","Ozone","Haywood",35.379167,-82.7925
"4345",7-01-20,30,"Frying Pan Mountain","Ozone","Haywood",35.379167,-82.7925
"4346",7-02-20,31,"Frying Pan Mountain","Ozone","Haywood",35.379167,-82.7925
"4347",7-03-20,45,"Frying Pan Mountain","Ozone","Haywood",35.379167,-82.7925
"4348",7-04-20,39,"Frying Pan Mountain","Ozone","Haywood",35.379167,-82.7925
"4349",7-05-20,30,"Frying Pan Mountain","Ozone","Haywood",35.379167,-82.7925
"4350",7-06-20,41,"Frying Pan Mountain","Ozone","Haywood",35.379167,-82.7925
"4351",7-07-20,35,"Frying Pan Mountain","Ozone","Haywood",35.379167,-82.7925
"4352",7-08-20,58,"Frying Pan Mountain","Ozone","Haywood",35.379167,-82.7925
"4353",7-09-20,46,"Frying Pan Mountain","Ozone","Haywood",35.379167,-82.7925
"4354",7-10-20,45,"Frying Pan Mountain","Ozone","Haywood",35.379167,-82.7925
"4355",7-11-20,50,"Frying Pan Mountain","Ozone","Haywood",35.379167,-82.7925
"4356",7-12-20,43,"Frying Pan Mountain","Ozone","Haywood",35.379167,-82.7925
"4357",NA,49,"Frying Pan Mountain","Ozone","Haywood",35.379167,-82.7925
"4358",NA,45,"Frying Pan Mountain","Ozone","Haywood",35.379167,-82.7925
"4359",NA,41,"Frying Pan Mountain","Ozone","Haywood",35.379167,-82.7925
"4360",NA,40,"Frying Pan Mountain","Ozone","Haywood",35.379167,-82.7925
"4361",NA,41,"Frying Pan Mountain","Ozone","Haywood",35.379167,-82.7925
"4362",NA,50,"Frying Pan Mountain","Ozone","Haywood",35.379167,-82.7925
"4363",NA,48,"Frying Pan Mountain","Ozone","Haywood",35.379167,-82.7925
"4364",NA,48,"Frying Pan Mountain","Ozone","Haywood",35.379167,-82.7925
"4365",NA,50,"Frying Pan Mountain","Ozone","Haywood",35.379167,-82.7925
"4366",NA,35,"Frying Pan Mountain","Ozone","Haywood",35.379167,-82.7925
"4367",NA,40,"Frying Pan Mountain","Ozone","Haywood",35.379167,-82.7925
"4368",NA,54,"Frying Pan Mountain","Ozone","Haywood",35.379167,-82.7925
"4369",NA,43,"Frying Pan Mountain","Ozone","Haywood",35.379167,-82.7925
"4370",NA,77,"Frying Pan Mountain","Ozone","Haywood",35.379167,-82.7925
"4371",NA,44,"Frying Pan Mountain","Ozone","Haywood",35.379167,-82.7925
"4372",NA,44,"Frying Pan Mountain","Ozone","Haywood",35.379167,-82.7925
"4373",NA,38,"Frying Pan Mountain","Ozone","Haywood",35.379167,-82.7925
"4374",NA,34,"Frying Pan Mountain","Ozone","Haywood",35.379167,-82.7925
"4375",NA,46,"Frying Pan Mountain","Ozone","Haywood",35.379167,-82.7925
"4376",8-01-20,32,"Frying Pan Mountain","Ozone","Haywood",35.379167,-82.7925
"4377",8-02-20,29,"Frying Pan Mountain","Ozone","Haywood",35.379167,-82.7925
"4378",8-03-20,38,"Frying Pan Mountain","Ozone","Haywood",35.379167,-82.7925
"4379",8-04-20,36,"Frying Pan Mountain","Ozone","Haywood",35.379167,-82.7925
"4380",8-05-20,41,"Frying Pan Mountain","Ozone","Haywood",35.379167,-82.7925
"4381",8-06-20,31,"Frying Pan Mountain","Ozone","Haywood",35.379167,-82.7925
"4382",8-07-20,32,"Frying Pan Mountain","Ozone","Haywood",35.379167,-82.7925
"4383",8-08-20,40,"Frying Pan Mountain","Ozone","Haywood",35.379167,-82.7925
"4384",8-09-20,43,"Frying Pan Mountain","Ozone","Haywood",35.379167,-82.7925
"4385",8-10-20,37,"Frying Pan Mountain","Ozone","Haywood",35.379167,-82.7925
"4386",8-11-20,40,"Frying Pan Mountain","Ozone","Haywood",35.379167,-82.7925
"4387",8-12-20,41,"Frying Pan Mountain","Ozone","Haywood",35.379167,-82.7925
"4388",NA,41,"Frying Pan Mountain","Ozone","Haywood",35.379167,-82.7925
"4389",NA,45,"Frying Pan Mountain","Ozone","Haywood",35.379167,-82.7925
"4390",NA,37,"Frying Pan Mountain","Ozone","Haywood",35.379167,-82.7925
"4391",NA,44,"Frying Pan Mountain","Ozone","Haywood",35.379167,-82.7925
"4392",NA,34,"Frying Pan Mountain","Ozone","Haywood",35.379167,-82.7925
"4393",NA,39,"Frying Pan Mountain","Ozone","Haywood",35.379167,-82.7925
"4394",NA,36,"Frying Pan Mountain","Ozone","Haywood",35.379167,-82.7925
"4395",NA,34,"Frying Pan Mountain","Ozone","Haywood",35.379167,-82.7925
"4396",NA,40,"Frying Pan Mountain","Ozone","Haywood",35.379167,-82.7925
"4397",NA,40,"Frying Pan Mountain","Ozone","Haywood",35.379167,-82.7925
"4398",NA,43,"Frying Pan Mountain","Ozone","Haywood",35.379167,-82.7925
"4399",NA,42,"Frying Pan Mountain","Ozone","Haywood",35.379167,-82.7925
"4400",NA,44,"Frying Pan Mountain","Ozone","Haywood",35.379167,-82.7925
"4401",NA,43,"Frying Pan Mountain","Ozone","Haywood",35.379167,-82.7925
"4402",NA,43,"Frying Pan Mountain","Ozone","Haywood",35.379167,-82.7925
"4403",NA,43,"Frying Pan Mountain","Ozone","Haywood",35.379167,-82.7925
"4404",NA,38,"Frying Pan Mountain","Ozone","Haywood",35.379167,-82.7925
"4405",NA,38,"Frying Pan Mountain","Ozone","Haywood",35.379167,-82.7925
"4406",NA,44,"Frying Pan Mountain","Ozone","Haywood",35.379167,-82.7925
"4407",9-01-20,36,"Frying Pan Mountain","Ozone","Haywood",35.379167,-82.7925
"4408",9-02-20,31,"Frying Pan Mountain","Ozone","Haywood",35.379167,-82.7925
"4409",9-03-20,32,"Frying Pan Mountain","Ozone","Haywood",35.379167,-82.7925
"4410",9-04-20,32,"Frying Pan Mountain","Ozone","Haywood",35.379167,-82.7925
"4411",9-05-20,41,"Frying Pan Mountain","Ozone","Haywood",35.379167,-82.7925
"4412",9-06-20,40,"Frying Pan Mountain","Ozone","Haywood",35.379167,-82.7925
"4413",9-07-20,43,"Frying Pan Mountain","Ozone","Haywood",35.379167,-82.7925
"4414",9-08-20,32,"Frying Pan Mountain","Ozone","Haywood",35.379167,-82.7925
"4415",9-09-20,29,"Frying Pan Mountain","Ozone","Haywood",35.379167,-82.7925
"4416",9-10-20,27,"Frying Pan Mountain","Ozone","Haywood",35.379167,-82.7925
"4417",9-11-20,28,"Frying Pan Mountain","Ozone","Haywood",35.379167,-82.7925
"4418",9-12-20,30,"Frying Pan Mountain","Ozone","Haywood",35.379167,-82.7925
"4419",NA,48,"Frying Pan Mountain","Ozone","Haywood",35.379167,-82.7925
"4420",NA,44,"Frying Pan Mountain","Ozone","Haywood",35.379167,-82.7925
"4421",NA,43,"Frying Pan Mountain","Ozone","Haywood",35.379167,-82.7925
"4422",NA,44,"Frying Pan Mountain","Ozone","Haywood",35.379167,-82.7925
"4423",NA,37,"Frying Pan Mountain","Ozone","Haywood",35.379167,-82.7925
"4424",NA,27,"Frying Pan Mountain","Ozone","Haywood",35.379167,-82.7925
"4425",NA,28,"Frying Pan Mountain","Ozone","Haywood",35.379167,-82.7925
"4426",NA,31,"Frying Pan Mountain","Ozone","Haywood",35.379167,-82.7925
"4427",NA,25,"Frying Pan Mountain","Ozone","Haywood",35.379167,-82.7925
"4428",NA,32,"Frying Pan Mountain","Ozone","Haywood",35.379167,-82.7925
"4429",NA,31,"Frying Pan Mountain","Ozone","Haywood",35.379167,-82.7925
"4430",NA,32,"Frying Pan Mountain","Ozone","Haywood",35.379167,-82.7925
"4431",10-01-20,41,"Frying Pan Mountain","Ozone","Haywood",35.379167,-82.7925
"4432",10-02-20,35,"Frying Pan Mountain","Ozone","Haywood",35.379167,-82.7925
"4433",10-03-20,32,"Frying Pan Mountain","Ozone","Haywood",35.379167,-82.7925
"4434",10-04-20,39,"Frying Pan Mountain","Ozone","Haywood",35.379167,-82.7925
"4435",10-05-20,40,"Frying Pan Mountain","Ozone","Haywood",35.379167,-82.7925
"4436",10-06-20,43,"Frying Pan Mountain","Ozone","Haywood",35.379167,-82.7925
"4437",10-07-20,42,"Frying Pan Mountain","Ozone","Haywood",35.379167,-82.7925
"4438",10-08-20,32,"Frying Pan Mountain","Ozone","Haywood",35.379167,-82.7925
"4439",10-09-20,32,"Frying Pan Mountain","Ozone","Haywood",35.379167,-82.7925
"4440",10-10-20,20,"Frying Pan Mountain","Ozone","Haywood",35.379167,-82.7925
"4441",10-11-20,35,"Frying Pan Mountain","Ozone","Haywood",35.379167,-82.7925
"4442",10-12-20,44,"Frying Pan Mountain","Ozone","Haywood",35.379167,-82.7925
"4443",NA,33,"Frying Pan Mountain","Ozone","Haywood",35.379167,-82.7925
"4444",NA,37,"Frying Pan Mountain","Ozone","Haywood",35.379167,-82.7925
"4445",NA,39,"Frying Pan Mountain","Ozone","Haywood",35.379167,-82.7925
"4446",NA,32,"Frying Pan Mountain","Ozone","Haywood",35.379167,-82.7925
"4447",NA,41,"Frying Pan Mountain","Ozone","Haywood",35.379167,-82.7925
"4448",NA,41,"Frying Pan Mountain","Ozone","Haywood",35.379167,-82.7925
"4449",NA,38,"Frying Pan Mountain","Ozone","Haywood",35.379167,-82.7925
"4450",NA,42,"Frying Pan Mountain","Ozone","Haywood",35.379167,-82.7925
"4451",NA,44,"Frying Pan Mountain","Ozone","Haywood",35.379167,-82.7925
"4452",NA,45,"Frying Pan Mountain","Ozone","Haywood",35.379167,-82.7925
"4453",NA,46,"Frying Pan Mountain","Ozone","Haywood",35.379167,-82.7925
"4454",NA,40,"Frying Pan Mountain","Ozone","Haywood",35.379167,-82.7925
"4455",NA,38,"Frying Pan Mountain","Ozone","Haywood",35.379167,-82.7925
"4456",NA,37,"Frying Pan Mountain","Ozone","Haywood",35.379167,-82.7925
"4457",NA,42,"Frying Pan Mountain","Ozone","Haywood",35.379167,-82.7925
"4458",NA,45,"Frying Pan Mountain","Ozone","Haywood",35.379167,-82.7925
"4459",NA,47,"Frying Pan Mountain","Ozone","Haywood",35.379167,-82.7925
"4460",NA,45,"Frying Pan Mountain","Ozone","Haywood",35.379167,-82.7925
"4461",3-01-20,43,"Purchase Knob","Ozone","Haywood",35.587144,-83.074156
"4462",3-02-20,45,"Purchase Knob","Ozone","Haywood",35.587144,-83.074156
"4463",3-03-20,48,"Purchase Knob","Ozone","Haywood",35.587144,-83.074156
"4464",3-04-20,47,"Purchase Knob","Ozone","Haywood",35.587144,-83.074156
"4465",3-05-20,45,"Purchase Knob","Ozone","Haywood",35.587144,-83.074156
"4466",3-06-20,44,"Purchase Knob","Ozone","Haywood",35.587144,-83.074156
"4467",3-07-20,39,"Purchase Knob","Ozone","Haywood",35.587144,-83.074156
"4468",3-08-20,41,"Purchase Knob","Ozone","Haywood",35.587144,-83.074156
"4469",3-09-20,49,"Purchase Knob","Ozone","Haywood",35.587144,-83.074156
"4470",3-10-20,49,"Purchase Knob","Ozone","Haywood",35.587144,-83.074156
"4471",3-11-20,41,"Purchase Knob","Ozone","Haywood",35.587144,-83.074156
"4472",3-12-20,46,"Purchase Knob","Ozone","Haywood",35.587144,-83.074156
"4473",NA,45,"Purchase Knob","Ozone","Haywood",35.587144,-83.074156
"4474",NA,46,"Purchase Knob","Ozone","Haywood",35.587144,-83.074156
"4475",NA,67,"Purchase Knob","Ozone","Haywood",35.587144,-83.074156
"4476",NA,84,"Purchase Knob","Ozone","Haywood",35.587144,-83.074156
"4477",NA,47,"Purchase Knob","Ozone","Haywood",35.587144,-83.074156
"4478",NA,45,"Purchase Knob","Ozone","Haywood",35.587144,-83.074156
"4479",NA,42,"Purchase Knob","Ozone","Haywood",35.587144,-83.074156
"4480",NA,44,"Purchase Knob","Ozone","Haywood",35.587144,-83.074156
"4481",NA,42,"Purchase Knob","Ozone","Haywood",35.587144,-83.074156
"4482",NA,49,"Purchase Knob","Ozone","Haywood",35.587144,-83.074156
"4483",NA,49,"Purchase Knob","Ozone","Haywood",35.587144,-83.074156
"4484",NA,46,"Purchase Knob","Ozone","Haywood",35.587144,-83.074156
"4485",NA,44,"Purchase Knob","Ozone","Haywood",35.587144,-83.074156
"4486",NA,43,"Purchase Knob","Ozone","Haywood",35.587144,-83.074156
"4487",NA,40,"Purchase Knob","Ozone","Haywood",35.587144,-83.074156
"4488",NA,44,"Purchase Knob","Ozone","Haywood",35.587144,-83.074156
"4489",NA,47,"Purchase Knob","Ozone","Haywood",35.587144,-83.074156
"4490",NA,43,"Purchase Knob","Ozone","Haywood",35.587144,-83.074156
"4491",NA,48,"Purchase Knob","Ozone","Haywood",35.587144,-83.074156
"4492",4-01-20,49,"Purchase Knob","Ozone","Haywood",35.587144,-83.074156
"4493",4-02-20,49,"Purchase Knob","Ozone","Haywood",35.587144,-83.074156
"4494",4-03-20,45,"Purchase Knob","Ozone","Haywood",35.587144,-83.074156
"4495",4-04-20,46,"Purchase Knob","Ozone","Haywood",35.587144,-83.074156
"4496",4-05-20,47,"Purchase Knob","Ozone","Haywood",35.587144,-83.074156
"4497",4-06-20,61,"Purchase Knob","Ozone","Haywood",35.587144,-83.074156
"4498",4-07-20,43,"Purchase Knob","Ozone","Haywood",35.587144,-83.074156
"4499",4-08-20,43,"Purchase Knob","Ozone","Haywood",35.587144,-83.074156
"4500",4-09-20,39,"Purchase Knob","Ozone","Haywood",35.587144,-83.074156
"4501",4-10-20,47,"Purchase Knob","Ozone","Haywood",35.587144,-83.074156
"4502",4-11-20,45,"Purchase Knob","Ozone","Haywood",35.587144,-83.074156
"4503",4-12-20,90,"Purchase Knob","Ozone","Haywood",35.587144,-83.074156
"4504",NA,80,"Purchase Knob","Ozone","Haywood",35.587144,-83.074156
"4505",NA,45,"Purchase Knob","Ozone","Haywood",35.587144,-83.074156
"4506",NA,43,"Purchase Knob","Ozone","Haywood",35.587144,-83.074156
"4507",NA,45,"Purchase Knob","Ozone","Haywood",35.587144,-83.074156
"4508",NA,74,"Purchase Knob","Ozone","Haywood",35.587144,-83.074156
"4509",NA,67,"Purchase Knob","Ozone","Haywood",35.587144,-83.074156
"4510",NA,45,"Purchase Knob","Ozone","Haywood",35.587144,-83.074156
"4511",NA,84,"Purchase Knob","Ozone","Haywood",35.587144,-83.074156
"4512",NA,50,"Purchase Knob","Ozone","Haywood",35.587144,-83.074156
"4513",NA,47,"Purchase Knob","Ozone","Haywood",35.587144,-83.074156
"4514",NA,45,"Purchase Knob","Ozone","Haywood",35.587144,-83.074156
"4515",NA,41,"Purchase Knob","Ozone","Haywood",35.587144,-83.074156
"4516",NA,44,"Purchase Knob","Ozone","Haywood",35.587144,-83.074156
"4517",NA,67,"Purchase Knob","Ozone","Haywood",35.587144,-83.074156
"4518",NA,71,"Purchase Knob","Ozone","Haywood",35.587144,-83.074156
"4519",NA,51,"Purchase Knob","Ozone","Haywood",35.587144,-83.074156
"4520",NA,58,"Purchase Knob","Ozone","Haywood",35.587144,-83.074156
"4521",5-01-20,87,"Purchase Knob","Ozone","Haywood",35.587144,-83.074156
"4522",5-02-20,90,"Purchase Knob","Ozone","Haywood",35.587144,-83.074156
"4523",5-03-20,84,"Purchase Knob","Ozone","Haywood",35.587144,-83.074156
"4524",5-07-20,64,"Purchase Knob","Ozone","Haywood",35.587144,-83.074156
"4525",5-08-20,50,"Purchase Knob","Ozone","Haywood",35.587144,-83.074156
"4526",5-09-20,74,"Purchase Knob","Ozone","Haywood",35.587144,-83.074156
"4527",5-10-20,61,"Purchase Knob","Ozone","Haywood",35.587144,-83.074156
"4528",5-11-20,71,"Purchase Knob","Ozone","Haywood",35.587144,-83.074156
"4529",5-12-20,67,"Purchase Knob","Ozone","Haywood",35.587144,-83.074156
"4530",NA,58,"Purchase Knob","Ozone","Haywood",35.587144,-83.074156
"4531",NA,49,"Purchase Knob","Ozone","Haywood",35.587144,-83.074156
"4532",NA,45,"Purchase Knob","Ozone","Haywood",35.587144,-83.074156
"4533",NA,31,"Purchase Knob","Ozone","Haywood",35.587144,-83.074156
"4534",NA,36,"Purchase Knob","Ozone","Haywood",35.587144,-83.074156
"4535",NA,44,"Purchase Knob","Ozone","Haywood",35.587144,-83.074156
"4536",NA,43,"Purchase Knob","Ozone","Haywood",35.587144,-83.074156
"4537",NA,49,"Purchase Knob","Ozone","Haywood",35.587144,-83.074156
"4538",NA,41,"Purchase Knob","Ozone","Haywood",35.587144,-83.074156
"4539",NA,32,"Purchase Knob","Ozone","Haywood",35.587144,-83.074156
"4540",NA,50,"Purchase Knob","Ozone","Haywood",35.587144,-83.074156
"4541",NA,44,"Purchase Knob","Ozone","Haywood",35.587144,-83.074156
"4542",NA,33,"Purchase Knob","Ozone","Haywood",35.587144,-83.074156
"4543",NA,27,"Purchase Knob","Ozone","Haywood",35.587144,-83.074156
"4544",NA,26,"Purchase Knob","Ozone","Haywood",35.587144,-83.074156
"4545",NA,24,"Purchase Knob","Ozone","Haywood",35.587144,-83.074156
"4546",NA,25,"Purchase Knob","Ozone","Haywood",35.587144,-83.074156
"4547",NA,34,"Purchase Knob","Ozone","Haywood",35.587144,-83.074156
"4548",NA,49,"Purchase Knob","Ozone","Haywood",35.587144,-83.074156
"4549",6-01-20,47,"Purchase Knob","Ozone","Haywood",35.587144,-83.074156
"4550",6-02-20,49,"Purchase Knob","Ozone","Haywood",35.587144,-83.074156
"4551",6-03-20,49,"Purchase Knob","Ozone","Haywood",35.587144,-83.074156
"4552",6-04-20,67,"Purchase Knob","Ozone","Haywood",35.587144,-83.074156
"4553",6-05-20,71,"Purchase Knob","Ozone","Haywood",35.587144,-83.074156
"4554",6-06-20,80,"Purchase Knob","Ozone","Haywood",35.587144,-83.074156
"4555",6-07-20,64,"Purchase Knob","Ozone","Haywood",35.587144,-83.074156
"4556",6-08-20,71,"Purchase Knob","Ozone","Haywood",35.587144,-83.074156
"4557",6-09-20,50,"Purchase Knob","Ozone","Haywood",35.587144,-83.074156
"4558",6-10-20,46,"Purchase Knob","Ozone","Haywood",35.587144,-83.074156
"4559",6-11-20,41,"Purchase Knob","Ozone","Haywood",35.587144,-83.074156
"4560",6-12-20,34,"Purchase Knob","Ozone","Haywood",35.587144,-83.074156
"4561",NA,40,"Purchase Knob","Ozone","Haywood",35.587144,-83.074156
"4562",NA,67,"Purchase Knob","Ozone","Haywood",35.587144,-83.074156
"4563",NA,61,"Purchase Knob","Ozone","Haywood",35.587144,-83.074156
"4564",NA,49,"Purchase Knob","Ozone","Haywood",35.587144,-83.074156
"4565",NA,45,"Purchase Knob","Ozone","Haywood",35.587144,-83.074156
"4566",NA,45,"Purchase Knob","Ozone","Haywood",35.587144,-83.074156
"4567",NA,43,"Purchase Knob","Ozone","Haywood",35.587144,-83.074156
"4568",NA,26,"Purchase Knob","Ozone","Haywood",35.587144,-83.074156
"4569",NA,28,"Purchase Knob","Ozone","Haywood",35.587144,-83.074156
"4570",NA,39,"Purchase Knob","Ozone","Haywood",35.587144,-83.074156
"4571",NA,40,"Purchase Knob","Ozone","Haywood",35.587144,-83.074156
"4572",NA,39,"Purchase Knob","Ozone","Haywood",35.587144,-83.074156
"4573",NA,35,"Purchase Knob","Ozone","Haywood",35.587144,-83.074156
"4574",NA,35,"Purchase Knob","Ozone","Haywood",35.587144,-83.074156
"4575",NA,38,"Purchase Knob","Ozone","Haywood",35.587144,-83.074156
"4576",NA,42,"Purchase Knob","Ozone","Haywood",35.587144,-83.074156
"4577",NA,51,"Purchase Knob","Ozone","Haywood",35.587144,-83.074156
"4578",7-01-20,38,"Purchase Knob","Ozone","Haywood",35.587144,-83.074156
"4579",7-02-20,32,"Purchase Knob","Ozone","Haywood",35.587144,-83.074156
"4580",7-03-20,46,"Purchase Knob","Ozone","Haywood",35.587144,-83.074156
"4581",7-04-20,44,"Purchase Knob","Ozone","Haywood",35.587144,-83.074156
"4582",7-05-20,31,"Purchase Knob","Ozone","Haywood",35.587144,-83.074156
"4583",7-06-20,41,"Purchase Knob","Ozone","Haywood",35.587144,-83.074156
"4584",7-07-20,40,"Purchase Knob","Ozone","Haywood",35.587144,-83.074156
"4585",7-08-20,41,"Purchase Knob","Ozone","Haywood",35.587144,-83.074156
"4586",7-09-20,46,"Purchase Knob","Ozone","Haywood",35.587144,-83.074156
"4587",7-10-20,44,"Purchase Knob","Ozone","Haywood",35.587144,-83.074156
"4588",7-11-20,47,"Purchase Knob","Ozone","Haywood",35.587144,-83.074156
"4589",7-12-20,45,"Purchase Knob","Ozone","Haywood",35.587144,-83.074156
"4590",NA,42,"Purchase Knob","Ozone","Haywood",35.587144,-83.074156
"4591",NA,38,"Purchase Knob","Ozone","Haywood",35.587144,-83.074156
"4592",NA,35,"Purchase Knob","Ozone","Haywood",35.587144,-83.074156
"4593",NA,35,"Purchase Knob","Ozone","Haywood",35.587144,-83.074156
"4594",NA,43,"Purchase Knob","Ozone","Haywood",35.587144,-83.074156
"4595",NA,61,"Purchase Knob","Ozone","Haywood",35.587144,-83.074156
"4596",NA,41,"Purchase Knob","Ozone","Haywood",35.587144,-83.074156
"4597",NA,42,"Purchase Knob","Ozone","Haywood",35.587144,-83.074156
"4598",NA,45,"Purchase Knob","Ozone","Haywood",35.587144,-83.074156
"4599",NA,33,"Purchase Knob","Ozone","Haywood",35.587144,-83.074156
"4600",NA,37,"Purchase Knob","Ozone","Haywood",35.587144,-83.074156
"4601",NA,42,"Purchase Knob","Ozone","Haywood",35.587144,-83.074156
"4602",NA,41,"Purchase Knob","Ozone","Haywood",35.587144,-83.074156
"4603",NA,80,"Purchase Knob","Ozone","Haywood",35.587144,-83.074156
"4604",NA,43,"Purchase Knob","Ozone","Haywood",35.587144,-83.074156
"4605",NA,42,"Purchase Knob","Ozone","Haywood",35.587144,-83.074156
"4606",NA,42,"Purchase Knob","Ozone","Haywood",35.587144,-83.074156
"4607",NA,40,"Purchase Knob","Ozone","Haywood",35.587144,-83.074156
"4608",8-01-20,31,"Purchase Knob","Ozone","Haywood",35.587144,-83.074156
"4609",8-02-20,34,"Purchase Knob","Ozone","Haywood",35.587144,-83.074156
"4610",8-03-20,30,"Purchase Knob","Ozone","Haywood",35.587144,-83.074156
"4611",8-04-20,35,"Purchase Knob","Ozone","Haywood",35.587144,-83.074156
"4612",8-06-20,29,"Purchase Knob","Ozone","Haywood",35.587144,-83.074156
"4613",8-07-20,30,"Purchase Knob","Ozone","Haywood",35.587144,-83.074156
"4614",8-08-20,39,"Purchase Knob","Ozone","Haywood",35.587144,-83.074156
"4615",8-09-20,45,"Purchase Knob","Ozone","Haywood",35.587144,-83.074156
"4616",8-10-20,32,"Purchase Knob","Ozone","Haywood",35.587144,-83.074156
"4617",8-11-20,44,"Purchase Knob","Ozone","Haywood",35.587144,-83.074156
"4618",8-12-20,40,"Purchase Knob","Ozone","Haywood",35.587144,-83.074156
"4619",NA,41,"Purchase Knob","Ozone","Haywood",35.587144,-83.074156
"4620",NA,43,"Purchase Knob","Ozone","Haywood",35.587144,-83.074156
"4621",NA,35,"Purchase Knob","Ozone","Haywood",35.587144,-83.074156
"4622",NA,46,"Purchase Knob","Ozone","Haywood",35.587144,-83.074156
"4623",NA,32,"Purchase Knob","Ozone","Haywood",35.587144,-83.074156
"4624",NA,33,"Purchase Knob","Ozone","Haywood",35.587144,-83.074156
"4625",NA,34,"Purchase Knob","Ozone","Haywood",35.587144,-83.074156
"4626",NA,35,"Purchase Knob","Ozone","Haywood",35.587144,-83.074156
"4627",NA,37,"Purchase Knob","Ozone","Haywood",35.587144,-83.074156
"4628",NA,37,"Purchase Knob","Ozone","Haywood",35.587144,-83.074156
"4629",NA,39,"Purchase Knob","Ozone","Haywood",35.587144,-83.074156
"4630",NA,41,"Purchase Knob","Ozone","Haywood",35.587144,-83.074156
"4631",NA,43,"Purchase Knob","Ozone","Haywood",35.587144,-83.074156
"4632",NA,39,"Purchase Knob","Ozone","Haywood",35.587144,-83.074156
"4633",NA,37,"Purchase Knob","Ozone","Haywood",35.587144,-83.074156
"4634",NA,43,"Purchase Knob","Ozone","Haywood",35.587144,-83.074156
"4635",NA,36,"Purchase Knob","Ozone","Haywood",35.587144,-83.074156
"4636",NA,36,"Purchase Knob","Ozone","Haywood",35.587144,-83.074156
"4637",NA,33,"Purchase Knob","Ozone","Haywood",35.587144,-83.074156
"4638",9-01-20,32,"Purchase Knob","Ozone","Haywood",35.587144,-83.074156
"4639",9-02-20,32,"Purchase Knob","Ozone","Haywood",35.587144,-83.074156
"4640",9-03-20,33,"Purchase Knob","Ozone","Haywood",35.587144,-83.074156
"4641",9-04-20,34,"Purchase Knob","Ozone","Haywood",35.587144,-83.074156
"4642",9-05-20,39,"Purchase Knob","Ozone","Haywood",35.587144,-83.074156
"4643",9-06-20,38,"Purchase Knob","Ozone","Haywood",35.587144,-83.074156
"4644",9-07-20,43,"Purchase Knob","Ozone","Haywood",35.587144,-83.074156
"4645",9-08-20,32,"Purchase Knob","Ozone","Haywood",35.587144,-83.074156
"4646",9-09-20,26,"Purchase Knob","Ozone","Haywood",35.587144,-83.074156
"4647",9-10-20,23,"Purchase Knob","Ozone","Haywood",35.587144,-83.074156
"4648",9-11-20,24,"Purchase Knob","Ozone","Haywood",35.587144,-83.074156
"4649",9-12-20,32,"Purchase Knob","Ozone","Haywood",35.587144,-83.074156
"4650",NA,50,"Purchase Knob","Ozone","Haywood",35.587144,-83.074156
"4651",NA,42,"Purchase Knob","Ozone","Haywood",35.587144,-83.074156
"4652",NA,40,"Purchase Knob","Ozone","Haywood",35.587144,-83.074156
"4653",NA,43,"Purchase Knob","Ozone","Haywood",35.587144,-83.074156
"4654",NA,35,"Purchase Knob","Ozone","Haywood",35.587144,-83.074156
"4655",NA,30,"Purchase Knob","Ozone","Haywood",35.587144,-83.074156
"4656",NA,22,"Purchase Knob","Ozone","Haywood",35.587144,-83.074156
"4657",NA,25,"Purchase Knob","Ozone","Haywood",35.587144,-83.074156
"4658",NA,23,"Purchase Knob","Ozone","Haywood",35.587144,-83.074156
"4659",NA,25,"Purchase Knob","Ozone","Haywood",35.587144,-83.074156
"4660",NA,28,"Purchase Knob","Ozone","Haywood",35.587144,-83.074156
"4661",NA,28,"Purchase Knob","Ozone","Haywood",35.587144,-83.074156
"4662",10-01-20,36,"Purchase Knob","Ozone","Haywood",35.587144,-83.074156
"4663",10-02-20,31,"Purchase Knob","Ozone","Haywood",35.587144,-83.074156
"4664",10-03-20,31,"Purchase Knob","Ozone","Haywood",35.587144,-83.074156
"4665",10-04-20,36,"Purchase Knob","Ozone","Haywood",35.587144,-83.074156
"4666",10-05-20,36,"Purchase Knob","Ozone","Haywood",35.587144,-83.074156
"4667",10-06-20,37,"Purchase Knob","Ozone","Haywood",35.587144,-83.074156
"4668",10-07-20,40,"Purchase Knob","Ozone","Haywood",35.587144,-83.074156
"4669",10-08-20,33,"Purchase Knob","Ozone","Haywood",35.587144,-83.074156
"4670",10-09-20,33,"Purchase Knob","Ozone","Haywood",35.587144,-83.074156
"4671",10-10-20,18,"Purchase Knob","Ozone","Haywood",35.587144,-83.074156
"4672",10-11-20,36,"Purchase Knob","Ozone","Haywood",35.587144,-83.074156
"4673",10-12-20,40,"Purchase Knob","Ozone","Haywood",35.587144,-83.074156
"4674",NA,35,"Purchase Knob","Ozone","Haywood",35.587144,-83.074156
"4675",NA,37,"Purchase Knob","Ozone","Haywood",35.587144,-83.074156
"4676",NA,35,"Purchase Knob","Ozone","Haywood",35.587144,-83.074156
"4677",NA,28,"Purchase Knob","Ozone","Haywood",35.587144,-83.074156
"4678",NA,35,"Purchase Knob","Ozone","Haywood",35.587144,-83.074156
"4679",NA,43,"Purchase Knob","Ozone","Haywood",35.587144,-83.074156
"4680",NA,37,"Purchase Knob","Ozone","Haywood",35.587144,-83.074156
"4681",NA,41,"Purchase Knob","Ozone","Haywood",35.587144,-83.074156
"4682",NA,41,"Purchase Knob","Ozone","Haywood",35.587144,-83.074156
"4683",NA,44,"Purchase Knob","Ozone","Haywood",35.587144,-83.074156
"4684",NA,42,"Purchase Knob","Ozone","Haywood",35.587144,-83.074156
"4685",NA,36,"Purchase Knob","Ozone","Haywood",35.587144,-83.074156
"4686",NA,34,"Purchase Knob","Ozone","Haywood",35.587144,-83.074156
"4687",NA,38,"Purchase Knob","Ozone","Haywood",35.587144,-83.074156
"4688",NA,40,"Purchase Knob","Ozone","Haywood",35.587144,-83.074156
"4689",NA,46,"Purchase Knob","Ozone","Haywood",35.587144,-83.074156
"4690",NA,44,"Purchase Knob","Ozone","Haywood",35.587144,-83.074156
"4691",NA,44,"Purchase Knob","Ozone","Haywood",35.587144,-83.074156
"4692",4-01-20,49,"OZONE MONITOR ON SW SIDE OF TOWER/MET EQUIPMENT 10FT ABOVE TOWER","Ozone","Jackson",35.524544163,-83.235981333
"4693",4-02-20,51,"OZONE MONITOR ON SW SIDE OF TOWER/MET EQUIPMENT 10FT ABOVE TOWER","Ozone","Jackson",35.524544163,-83.235981333
"4694",4-03-20,44,"OZONE MONITOR ON SW SIDE OF TOWER/MET EQUIPMENT 10FT ABOVE TOWER","Ozone","Jackson",35.524544163,-83.235981333
"4695",4-10-20,46,"OZONE MONITOR ON SW SIDE OF TOWER/MET EQUIPMENT 10FT ABOVE TOWER","Ozone","Jackson",35.524544163,-83.235981333
"4696",4-11-20,44,"OZONE MONITOR ON SW SIDE OF TOWER/MET EQUIPMENT 10FT ABOVE TOWER","Ozone","Jackson",35.524544163,-83.235981333
"4697",4-12-20,100,"OZONE MONITOR ON SW SIDE OF TOWER/MET EQUIPMENT 10FT ABOVE TOWER","Ozone","Jackson",35.524544163,-83.235981333
"4698",NA,80,"OZONE MONITOR ON SW SIDE OF TOWER/MET EQUIPMENT 10FT ABOVE TOWER","Ozone","Jackson",35.524544163,-83.235981333
"4699",NA,45,"OZONE MONITOR ON SW SIDE OF TOWER/MET EQUIPMENT 10FT ABOVE TOWER","Ozone","Jackson",35.524544163,-83.235981333
"4700",NA,44,"OZONE MONITOR ON SW SIDE OF TOWER/MET EQUIPMENT 10FT ABOVE TOWER","Ozone","Jackson",35.524544163,-83.235981333
"4701",NA,45,"OZONE MONITOR ON SW SIDE OF TOWER/MET EQUIPMENT 10FT ABOVE TOWER","Ozone","Jackson",35.524544163,-83.235981333
"4702",NA,67,"OZONE MONITOR ON SW SIDE OF TOWER/MET EQUIPMENT 10FT ABOVE TOWER","Ozone","Jackson",35.524544163,-83.235981333
"4703",NA,64,"OZONE MONITOR ON SW SIDE OF TOWER/MET EQUIPMENT 10FT ABOVE TOWER","Ozone","Jackson",35.524544163,-83.235981333
"4704",NA,47,"OZONE MONITOR ON SW SIDE OF TOWER/MET EQUIPMENT 10FT ABOVE TOWER","Ozone","Jackson",35.524544163,-83.235981333
"4705",NA,67,"OZONE MONITOR ON SW SIDE OF TOWER/MET EQUIPMENT 10FT ABOVE TOWER","Ozone","Jackson",35.524544163,-83.235981333
"4706",NA,84,"OZONE MONITOR ON SW SIDE OF TOWER/MET EQUIPMENT 10FT ABOVE TOWER","Ozone","Jackson",35.524544163,-83.235981333
"4707",NA,50,"OZONE MONITOR ON SW SIDE OF TOWER/MET EQUIPMENT 10FT ABOVE TOWER","Ozone","Jackson",35.524544163,-83.235981333
"4708",NA,44,"OZONE MONITOR ON SW SIDE OF TOWER/MET EQUIPMENT 10FT ABOVE TOWER","Ozone","Jackson",35.524544163,-83.235981333
"4709",NA,44,"OZONE MONITOR ON SW SIDE OF TOWER/MET EQUIPMENT 10FT ABOVE TOWER","Ozone","Jackson",35.524544163,-83.235981333
"4710",NA,40,"OZONE MONITOR ON SW SIDE OF TOWER/MET EQUIPMENT 10FT ABOVE TOWER","Ozone","Jackson",35.524544163,-83.235981333
"4711",NA,47,"OZONE MONITOR ON SW SIDE OF TOWER/MET EQUIPMENT 10FT ABOVE TOWER","Ozone","Jackson",35.524544163,-83.235981333
"4712",NA,71,"OZONE MONITOR ON SW SIDE OF TOWER/MET EQUIPMENT 10FT ABOVE TOWER","Ozone","Jackson",35.524544163,-83.235981333
"4713",NA,71,"OZONE MONITOR ON SW SIDE OF TOWER/MET EQUIPMENT 10FT ABOVE TOWER","Ozone","Jackson",35.524544163,-83.235981333
"4714",NA,50,"OZONE MONITOR ON SW SIDE OF TOWER/MET EQUIPMENT 10FT ABOVE TOWER","Ozone","Jackson",35.524544163,-83.235981333
"4715",NA,71,"OZONE MONITOR ON SW SIDE OF TOWER/MET EQUIPMENT 10FT ABOVE TOWER","Ozone","Jackson",35.524544163,-83.235981333
"4716",5-01-20,108,"OZONE MONITOR ON SW SIDE OF TOWER/MET EQUIPMENT 10FT ABOVE TOWER","Ozone","Jackson",35.524544163,-83.235981333
"4717",5-02-20,84,"OZONE MONITOR ON SW SIDE OF TOWER/MET EQUIPMENT 10FT ABOVE TOWER","Ozone","Jackson",35.524544163,-83.235981333
"4718",5-03-20,77,"OZONE MONITOR ON SW SIDE OF TOWER/MET EQUIPMENT 10FT ABOVE TOWER","Ozone","Jackson",35.524544163,-83.235981333
"4719",5-04-20,46,"OZONE MONITOR ON SW SIDE OF TOWER/MET EQUIPMENT 10FT ABOVE TOWER","Ozone","Jackson",35.524544163,-83.235981333
"4720",5-05-20,48,"OZONE MONITOR ON SW SIDE OF TOWER/MET EQUIPMENT 10FT ABOVE TOWER","Ozone","Jackson",35.524544163,-83.235981333
"4721",5-06-20,61,"OZONE MONITOR ON SW SIDE OF TOWER/MET EQUIPMENT 10FT ABOVE TOWER","Ozone","Jackson",35.524544163,-83.235981333
"4722",5-07-20,61,"OZONE MONITOR ON SW SIDE OF TOWER/MET EQUIPMENT 10FT ABOVE TOWER","Ozone","Jackson",35.524544163,-83.235981333
"4723",5-08-20,58,"OZONE MONITOR ON SW SIDE OF TOWER/MET EQUIPMENT 10FT ABOVE TOWER","Ozone","Jackson",35.524544163,-83.235981333
"4724",5-09-20,74,"OZONE MONITOR ON SW SIDE OF TOWER/MET EQUIPMENT 10FT ABOVE TOWER","Ozone","Jackson",35.524544163,-83.235981333
"4725",5-10-20,64,"OZONE MONITOR ON SW SIDE OF TOWER/MET EQUIPMENT 10FT ABOVE TOWER","Ozone","Jackson",35.524544163,-83.235981333
"4726",5-11-20,67,"OZONE MONITOR ON SW SIDE OF TOWER/MET EQUIPMENT 10FT ABOVE TOWER","Ozone","Jackson",35.524544163,-83.235981333
"4727",5-12-20,67,"OZONE MONITOR ON SW SIDE OF TOWER/MET EQUIPMENT 10FT ABOVE TOWER","Ozone","Jackson",35.524544163,-83.235981333
"4728",NA,51,"OZONE MONITOR ON SW SIDE OF TOWER/MET EQUIPMENT 10FT ABOVE TOWER","Ozone","Jackson",35.524544163,-83.235981333
"4729",NA,50,"OZONE MONITOR ON SW SIDE OF TOWER/MET EQUIPMENT 10FT ABOVE TOWER","Ozone","Jackson",35.524544163,-83.235981333
"4730",NA,42,"OZONE MONITOR ON SW SIDE OF TOWER/MET EQUIPMENT 10FT ABOVE TOWER","Ozone","Jackson",35.524544163,-83.235981333
"4731",NA,31,"OZONE MONITOR ON SW SIDE OF TOWER/MET EQUIPMENT 10FT ABOVE TOWER","Ozone","Jackson",35.524544163,-83.235981333
"4732",NA,33,"OZONE MONITOR ON SW SIDE OF TOWER/MET EQUIPMENT 10FT ABOVE TOWER","Ozone","Jackson",35.524544163,-83.235981333
"4733",NA,50,"OZONE MONITOR ON SW SIDE OF TOWER/MET EQUIPMENT 10FT ABOVE TOWER","Ozone","Jackson",35.524544163,-83.235981333
"4734",NA,41,"OZONE MONITOR ON SW SIDE OF TOWER/MET EQUIPMENT 10FT ABOVE TOWER","Ozone","Jackson",35.524544163,-83.235981333
"4735",NA,44,"OZONE MONITOR ON SW SIDE OF TOWER/MET EQUIPMENT 10FT ABOVE TOWER","Ozone","Jackson",35.524544163,-83.235981333
"4736",NA,37,"OZONE MONITOR ON SW SIDE OF TOWER/MET EQUIPMENT 10FT ABOVE TOWER","Ozone","Jackson",35.524544163,-83.235981333
"4737",NA,36,"OZONE MONITOR ON SW SIDE OF TOWER/MET EQUIPMENT 10FT ABOVE TOWER","Ozone","Jackson",35.524544163,-83.235981333
"4738",NA,49,"OZONE MONITOR ON SW SIDE OF TOWER/MET EQUIPMENT 10FT ABOVE TOWER","Ozone","Jackson",35.524544163,-83.235981333
"4739",NA,43,"OZONE MONITOR ON SW SIDE OF TOWER/MET EQUIPMENT 10FT ABOVE TOWER","Ozone","Jackson",35.524544163,-83.235981333
"4740",NA,32,"OZONE MONITOR ON SW SIDE OF TOWER/MET EQUIPMENT 10FT ABOVE TOWER","Ozone","Jackson",35.524544163,-83.235981333
"4741",NA,35,"OZONE MONITOR ON SW SIDE OF TOWER/MET EQUIPMENT 10FT ABOVE TOWER","Ozone","Jackson",35.524544163,-83.235981333
"4742",NA,28,"OZONE MONITOR ON SW SIDE OF TOWER/MET EQUIPMENT 10FT ABOVE TOWER","Ozone","Jackson",35.524544163,-83.235981333
"4743",NA,28,"OZONE MONITOR ON SW SIDE OF TOWER/MET EQUIPMENT 10FT ABOVE TOWER","Ozone","Jackson",35.524544163,-83.235981333
"4744",NA,28,"OZONE MONITOR ON SW SIDE OF TOWER/MET EQUIPMENT 10FT ABOVE TOWER","Ozone","Jackson",35.524544163,-83.235981333
"4745",NA,36,"OZONE MONITOR ON SW SIDE OF TOWER/MET EQUIPMENT 10FT ABOVE TOWER","Ozone","Jackson",35.524544163,-83.235981333
"4746",NA,48,"OZONE MONITOR ON SW SIDE OF TOWER/MET EQUIPMENT 10FT ABOVE TOWER","Ozone","Jackson",35.524544163,-83.235981333
"4747",6-01-20,45,"OZONE MONITOR ON SW SIDE OF TOWER/MET EQUIPMENT 10FT ABOVE TOWER","Ozone","Jackson",35.524544163,-83.235981333
"4748",6-02-20,50,"OZONE MONITOR ON SW SIDE OF TOWER/MET EQUIPMENT 10FT ABOVE TOWER","Ozone","Jackson",35.524544163,-83.235981333
"4749",6-03-20,50,"OZONE MONITOR ON SW SIDE OF TOWER/MET EQUIPMENT 10FT ABOVE TOWER","Ozone","Jackson",35.524544163,-83.235981333
"4750",6-04-20,74,"OZONE MONITOR ON SW SIDE OF TOWER/MET EQUIPMENT 10FT ABOVE TOWER","Ozone","Jackson",35.524544163,-83.235981333
"4751",6-05-20,64,"OZONE MONITOR ON SW SIDE OF TOWER/MET EQUIPMENT 10FT ABOVE TOWER","Ozone","Jackson",35.524544163,-83.235981333
"4752",6-06-20,84,"OZONE MONITOR ON SW SIDE OF TOWER/MET EQUIPMENT 10FT ABOVE TOWER","Ozone","Jackson",35.524544163,-83.235981333
"4753",6-07-20,74,"OZONE MONITOR ON SW SIDE OF TOWER/MET EQUIPMENT 10FT ABOVE TOWER","Ozone","Jackson",35.524544163,-83.235981333
"4754",6-08-20,64,"OZONE MONITOR ON SW SIDE OF TOWER/MET EQUIPMENT 10FT ABOVE TOWER","Ozone","Jackson",35.524544163,-83.235981333
"4755",6-09-20,48,"OZONE MONITOR ON SW SIDE OF TOWER/MET EQUIPMENT 10FT ABOVE TOWER","Ozone","Jackson",35.524544163,-83.235981333
"4756",6-10-20,46,"OZONE MONITOR ON SW SIDE OF TOWER/MET EQUIPMENT 10FT ABOVE TOWER","Ozone","Jackson",35.524544163,-83.235981333
"4757",6-11-20,42,"OZONE MONITOR ON SW SIDE OF TOWER/MET EQUIPMENT 10FT ABOVE TOWER","Ozone","Jackson",35.524544163,-83.235981333
"4758",6-12-20,38,"OZONE MONITOR ON SW SIDE OF TOWER/MET EQUIPMENT 10FT ABOVE TOWER","Ozone","Jackson",35.524544163,-83.235981333
"4759",NA,36,"OZONE MONITOR ON SW SIDE OF TOWER/MET EQUIPMENT 10FT ABOVE TOWER","Ozone","Jackson",35.524544163,-83.235981333
"4760",NA,71,"OZONE MONITOR ON SW SIDE OF TOWER/MET EQUIPMENT 10FT ABOVE TOWER","Ozone","Jackson",35.524544163,-83.235981333
"4761",NA,49,"OZONE MONITOR ON SW SIDE OF TOWER/MET EQUIPMENT 10FT ABOVE TOWER","Ozone","Jackson",35.524544163,-83.235981333
"4762",NA,45,"OZONE MONITOR ON SW SIDE OF TOWER/MET EQUIPMENT 10FT ABOVE TOWER","Ozone","Jackson",35.524544163,-83.235981333
"4763",NA,47,"OZONE MONITOR ON SW SIDE OF TOWER/MET EQUIPMENT 10FT ABOVE TOWER","Ozone","Jackson",35.524544163,-83.235981333
"4764",NA,42,"OZONE MONITOR ON SW SIDE OF TOWER/MET EQUIPMENT 10FT ABOVE TOWER","Ozone","Jackson",35.524544163,-83.235981333
"4765",NA,44,"OZONE MONITOR ON SW SIDE OF TOWER/MET EQUIPMENT 10FT ABOVE TOWER","Ozone","Jackson",35.524544163,-83.235981333
"4766",NA,25,"OZONE MONITOR ON SW SIDE OF TOWER/MET EQUIPMENT 10FT ABOVE TOWER","Ozone","Jackson",35.524544163,-83.235981333
"4767",NA,28,"OZONE MONITOR ON SW SIDE OF TOWER/MET EQUIPMENT 10FT ABOVE TOWER","Ozone","Jackson",35.524544163,-83.235981333
"4768",NA,44,"OZONE MONITOR ON SW SIDE OF TOWER/MET EQUIPMENT 10FT ABOVE TOWER","Ozone","Jackson",35.524544163,-83.235981333
"4769",NA,41,"OZONE MONITOR ON SW SIDE OF TOWER/MET EQUIPMENT 10FT ABOVE TOWER","Ozone","Jackson",35.524544163,-83.235981333
"4770",NA,35,"OZONE MONITOR ON SW SIDE OF TOWER/MET EQUIPMENT 10FT ABOVE TOWER","Ozone","Jackson",35.524544163,-83.235981333
"4771",NA,36,"OZONE MONITOR ON SW SIDE OF TOWER/MET EQUIPMENT 10FT ABOVE TOWER","Ozone","Jackson",35.524544163,-83.235981333
"4772",NA,37,"OZONE MONITOR ON SW SIDE OF TOWER/MET EQUIPMENT 10FT ABOVE TOWER","Ozone","Jackson",35.524544163,-83.235981333
"4773",NA,40,"OZONE MONITOR ON SW SIDE OF TOWER/MET EQUIPMENT 10FT ABOVE TOWER","Ozone","Jackson",35.524544163,-83.235981333
"4774",NA,41,"OZONE MONITOR ON SW SIDE OF TOWER/MET EQUIPMENT 10FT ABOVE TOWER","Ozone","Jackson",35.524544163,-83.235981333
"4775",NA,51,"OZONE MONITOR ON SW SIDE OF TOWER/MET EQUIPMENT 10FT ABOVE TOWER","Ozone","Jackson",35.524544163,-83.235981333
"4776",NA,46,"OZONE MONITOR ON SW SIDE OF TOWER/MET EQUIPMENT 10FT ABOVE TOWER","Ozone","Jackson",35.524544163,-83.235981333
"4777",7-01-20,32,"OZONE MONITOR ON SW SIDE OF TOWER/MET EQUIPMENT 10FT ABOVE TOWER","Ozone","Jackson",35.524544163,-83.235981333
"4778",7-02-20,37,"OZONE MONITOR ON SW SIDE OF TOWER/MET EQUIPMENT 10FT ABOVE TOWER","Ozone","Jackson",35.524544163,-83.235981333
"4779",7-03-20,46,"OZONE MONITOR ON SW SIDE OF TOWER/MET EQUIPMENT 10FT ABOVE TOWER","Ozone","Jackson",35.524544163,-83.235981333
"4780",7-04-20,44,"OZONE MONITOR ON SW SIDE OF TOWER/MET EQUIPMENT 10FT ABOVE TOWER","Ozone","Jackson",35.524544163,-83.235981333
"4781",7-05-20,30,"OZONE MONITOR ON SW SIDE OF TOWER/MET EQUIPMENT 10FT ABOVE TOWER","Ozone","Jackson",35.524544163,-83.235981333
"4782",7-06-20,40,"OZONE MONITOR ON SW SIDE OF TOWER/MET EQUIPMENT 10FT ABOVE TOWER","Ozone","Jackson",35.524544163,-83.235981333
"4783",7-07-20,42,"OZONE MONITOR ON SW SIDE OF TOWER/MET EQUIPMENT 10FT ABOVE TOWER","Ozone","Jackson",35.524544163,-83.235981333
"4784",7-08-20,39,"OZONE MONITOR ON SW SIDE OF TOWER/MET EQUIPMENT 10FT ABOVE TOWER","Ozone","Jackson",35.524544163,-83.235981333
"4785",7-09-20,44,"OZONE MONITOR ON SW SIDE OF TOWER/MET EQUIPMENT 10FT ABOVE TOWER","Ozone","Jackson",35.524544163,-83.235981333
"4786",7-10-20,45,"OZONE MONITOR ON SW SIDE OF TOWER/MET EQUIPMENT 10FT ABOVE TOWER","Ozone","Jackson",35.524544163,-83.235981333
"4787",7-11-20,47,"OZONE MONITOR ON SW SIDE OF TOWER/MET EQUIPMENT 10FT ABOVE TOWER","Ozone","Jackson",35.524544163,-83.235981333
"4788",7-12-20,44,"OZONE MONITOR ON SW SIDE OF TOWER/MET EQUIPMENT 10FT ABOVE TOWER","Ozone","Jackson",35.524544163,-83.235981333
"4789",NA,47,"OZONE MONITOR ON SW SIDE OF TOWER/MET EQUIPMENT 10FT ABOVE TOWER","Ozone","Jackson",35.524544163,-83.235981333
"4790",NA,44,"OZONE MONITOR ON SW SIDE OF TOWER/MET EQUIPMENT 10FT ABOVE TOWER","Ozone","Jackson",35.524544163,-83.235981333
"4791",NA,35,"OZONE MONITOR ON SW SIDE OF TOWER/MET EQUIPMENT 10FT ABOVE TOWER","Ozone","Jackson",35.524544163,-83.235981333
"4792",NA,38,"OZONE MONITOR ON SW SIDE OF TOWER/MET EQUIPMENT 10FT ABOVE TOWER","Ozone","Jackson",35.524544163,-83.235981333
"4793",NA,45,"OZONE MONITOR ON SW SIDE OF TOWER/MET EQUIPMENT 10FT ABOVE TOWER","Ozone","Jackson",35.524544163,-83.235981333
"4794",NA,51,"OZONE MONITOR ON SW SIDE OF TOWER/MET EQUIPMENT 10FT ABOVE TOWER","Ozone","Jackson",35.524544163,-83.235981333
"4795",NA,47,"OZONE MONITOR ON SW SIDE OF TOWER/MET EQUIPMENT 10FT ABOVE TOWER","Ozone","Jackson",35.524544163,-83.235981333
"4796",NA,45,"OZONE MONITOR ON SW SIDE OF TOWER/MET EQUIPMENT 10FT ABOVE TOWER","Ozone","Jackson",35.524544163,-83.235981333
"4797",NA,45,"OZONE MONITOR ON SW SIDE OF TOWER/MET EQUIPMENT 10FT ABOVE TOWER","Ozone","Jackson",35.524544163,-83.235981333
"4798",NA,39,"OZONE MONITOR ON SW SIDE OF TOWER/MET EQUIPMENT 10FT ABOVE TOWER","Ozone","Jackson",35.524544163,-83.235981333
"4799",NA,38,"OZONE MONITOR ON SW SIDE OF TOWER/MET EQUIPMENT 10FT ABOVE TOWER","Ozone","Jackson",35.524544163,-83.235981333
"4800",NA,43,"OZONE MONITOR ON SW SIDE OF TOWER/MET EQUIPMENT 10FT ABOVE TOWER","Ozone","Jackson",35.524544163,-83.235981333
"4801",NA,44,"OZONE MONITOR ON SW SIDE OF TOWER/MET EQUIPMENT 10FT ABOVE TOWER","Ozone","Jackson",35.524544163,-83.235981333
"4802",NA,67,"OZONE MONITOR ON SW SIDE OF TOWER/MET EQUIPMENT 10FT ABOVE TOWER","Ozone","Jackson",35.524544163,-83.235981333
"4803",NA,46,"OZONE MONITOR ON SW SIDE OF TOWER/MET EQUIPMENT 10FT ABOVE TOWER","Ozone","Jackson",35.524544163,-83.235981333
"4804",NA,44,"OZONE MONITOR ON SW SIDE OF TOWER/MET EQUIPMENT 10FT ABOVE TOWER","Ozone","Jackson",35.524544163,-83.235981333
"4805",NA,44,"OZONE MONITOR ON SW SIDE OF TOWER/MET EQUIPMENT 10FT ABOVE TOWER","Ozone","Jackson",35.524544163,-83.235981333
"4806",NA,43,"OZONE MONITOR ON SW SIDE OF TOWER/MET EQUIPMENT 10FT ABOVE TOWER","Ozone","Jackson",35.524544163,-83.235981333
"4807",NA,44,"OZONE MONITOR ON SW SIDE OF TOWER/MET EQUIPMENT 10FT ABOVE TOWER","Ozone","Jackson",35.524544163,-83.235981333
"4808",8-01-20,35,"OZONE MONITOR ON SW SIDE OF TOWER/MET EQUIPMENT 10FT ABOVE TOWER","Ozone","Jackson",35.524544163,-83.235981333
"4809",8-02-20,31,"OZONE MONITOR ON SW SIDE OF TOWER/MET EQUIPMENT 10FT ABOVE TOWER","Ozone","Jackson",35.524544163,-83.235981333
"4810",8-03-20,31,"OZONE MONITOR ON SW SIDE OF TOWER/MET EQUIPMENT 10FT ABOVE TOWER","Ozone","Jackson",35.524544163,-83.235981333
"4811",8-04-20,28,"OZONE MONITOR ON SW SIDE OF TOWER/MET EQUIPMENT 10FT ABOVE TOWER","Ozone","Jackson",35.524544163,-83.235981333
"4812",8-05-20,35,"OZONE MONITOR ON SW SIDE OF TOWER/MET EQUIPMENT 10FT ABOVE TOWER","Ozone","Jackson",35.524544163,-83.235981333
"4813",8-06-20,28,"OZONE MONITOR ON SW SIDE OF TOWER/MET EQUIPMENT 10FT ABOVE TOWER","Ozone","Jackson",35.524544163,-83.235981333
"4814",8-07-20,31,"OZONE MONITOR ON SW SIDE OF TOWER/MET EQUIPMENT 10FT ABOVE TOWER","Ozone","Jackson",35.524544163,-83.235981333
"4815",8-08-20,38,"OZONE MONITOR ON SW SIDE OF TOWER/MET EQUIPMENT 10FT ABOVE TOWER","Ozone","Jackson",35.524544163,-83.235981333
"4816",8-09-20,41,"OZONE MONITOR ON SW SIDE OF TOWER/MET EQUIPMENT 10FT ABOVE TOWER","Ozone","Jackson",35.524544163,-83.235981333
"4817",8-10-20,33,"OZONE MONITOR ON SW SIDE OF TOWER/MET EQUIPMENT 10FT ABOVE TOWER","Ozone","Jackson",35.524544163,-83.235981333
"4818",8-11-20,43,"OZONE MONITOR ON SW SIDE OF TOWER/MET EQUIPMENT 10FT ABOVE TOWER","Ozone","Jackson",35.524544163,-83.235981333
"4819",8-12-20,44,"OZONE MONITOR ON SW SIDE OF TOWER/MET EQUIPMENT 10FT ABOVE TOWER","Ozone","Jackson",35.524544163,-83.235981333
"4820",NA,40,"OZONE MONITOR ON SW SIDE OF TOWER/MET EQUIPMENT 10FT ABOVE TOWER","Ozone","Jackson",35.524544163,-83.235981333
"4821",NA,44,"OZONE MONITOR ON SW SIDE OF TOWER/MET EQUIPMENT 10FT ABOVE TOWER","Ozone","Jackson",35.524544163,-83.235981333
"4822",NA,37,"OZONE MONITOR ON SW SIDE OF TOWER/MET EQUIPMENT 10FT ABOVE TOWER","Ozone","Jackson",35.524544163,-83.235981333
"4823",NA,48,"OZONE MONITOR ON SW SIDE OF TOWER/MET EQUIPMENT 10FT ABOVE TOWER","Ozone","Jackson",35.524544163,-83.235981333
"4824",NA,31,"OZONE MONITOR ON SW SIDE OF TOWER/MET EQUIPMENT 10FT ABOVE TOWER","Ozone","Jackson",35.524544163,-83.235981333
"4825",NA,34,"OZONE MONITOR ON SW SIDE OF TOWER/MET EQUIPMENT 10FT ABOVE TOWER","Ozone","Jackson",35.524544163,-83.235981333
"4826",NA,33,"OZONE MONITOR ON SW SIDE OF TOWER/MET EQUIPMENT 10FT ABOVE TOWER","Ozone","Jackson",35.524544163,-83.235981333
"4827",NA,33,"OZONE MONITOR ON SW SIDE OF TOWER/MET EQUIPMENT 10FT ABOVE TOWER","Ozone","Jackson",35.524544163,-83.235981333
"4828",NA,36,"OZONE MONITOR ON SW SIDE OF TOWER/MET EQUIPMENT 10FT ABOVE TOWER","Ozone","Jackson",35.524544163,-83.235981333
"4829",NA,42,"OZONE MONITOR ON SW SIDE OF TOWER/MET EQUIPMENT 10FT ABOVE TOWER","Ozone","Jackson",35.524544163,-83.235981333
"4830",NA,40,"OZONE MONITOR ON SW SIDE OF TOWER/MET EQUIPMENT 10FT ABOVE TOWER","Ozone","Jackson",35.524544163,-83.235981333
"4831",NA,44,"OZONE MONITOR ON SW SIDE OF TOWER/MET EQUIPMENT 10FT ABOVE TOWER","Ozone","Jackson",35.524544163,-83.235981333
"4832",NA,41,"OZONE MONITOR ON SW SIDE OF TOWER/MET EQUIPMENT 10FT ABOVE TOWER","Ozone","Jackson",35.524544163,-83.235981333
"4833",NA,36,"OZONE MONITOR ON SW SIDE OF TOWER/MET EQUIPMENT 10FT ABOVE TOWER","Ozone","Jackson",35.524544163,-83.235981333
"4834",NA,40,"OZONE MONITOR ON SW SIDE OF TOWER/MET EQUIPMENT 10FT ABOVE TOWER","Ozone","Jackson",35.524544163,-83.235981333
"4835",NA,41,"OZONE MONITOR ON SW SIDE OF TOWER/MET EQUIPMENT 10FT ABOVE TOWER","Ozone","Jackson",35.524544163,-83.235981333
"4836",NA,38,"OZONE MONITOR ON SW SIDE OF TOWER/MET EQUIPMENT 10FT ABOVE TOWER","Ozone","Jackson",35.524544163,-83.235981333
"4837",NA,39,"OZONE MONITOR ON SW SIDE OF TOWER/MET EQUIPMENT 10FT ABOVE TOWER","Ozone","Jackson",35.524544163,-83.235981333
"4838",NA,34,"OZONE MONITOR ON SW SIDE OF TOWER/MET EQUIPMENT 10FT ABOVE TOWER","Ozone","Jackson",35.524544163,-83.235981333
"4839",9-01-20,35,"OZONE MONITOR ON SW SIDE OF TOWER/MET EQUIPMENT 10FT ABOVE TOWER","Ozone","Jackson",35.524544163,-83.235981333
"4840",9-02-20,30,"OZONE MONITOR ON SW SIDE OF TOWER/MET EQUIPMENT 10FT ABOVE TOWER","Ozone","Jackson",35.524544163,-83.235981333
"4841",9-03-20,33,"OZONE MONITOR ON SW SIDE OF TOWER/MET EQUIPMENT 10FT ABOVE TOWER","Ozone","Jackson",35.524544163,-83.235981333
"4842",9-04-20,35,"OZONE MONITOR ON SW SIDE OF TOWER/MET EQUIPMENT 10FT ABOVE TOWER","Ozone","Jackson",35.524544163,-83.235981333
"4843",9-05-20,39,"OZONE MONITOR ON SW SIDE OF TOWER/MET EQUIPMENT 10FT ABOVE TOWER","Ozone","Jackson",35.524544163,-83.235981333
"4844",9-06-20,35,"OZONE MONITOR ON SW SIDE OF TOWER/MET EQUIPMENT 10FT ABOVE TOWER","Ozone","Jackson",35.524544163,-83.235981333
"4845",9-07-20,42,"OZONE MONITOR ON SW SIDE OF TOWER/MET EQUIPMENT 10FT ABOVE TOWER","Ozone","Jackson",35.524544163,-83.235981333
"4846",9-08-20,34,"OZONE MONITOR ON SW SIDE OF TOWER/MET EQUIPMENT 10FT ABOVE TOWER","Ozone","Jackson",35.524544163,-83.235981333
"4847",9-09-20,32,"OZONE MONITOR ON SW SIDE OF TOWER/MET EQUIPMENT 10FT ABOVE TOWER","Ozone","Jackson",35.524544163,-83.235981333
"4848",9-10-20,29,"OZONE MONITOR ON SW SIDE OF TOWER/MET EQUIPMENT 10FT ABOVE TOWER","Ozone","Jackson",35.524544163,-83.235981333
"4849",9-11-20,33,"OZONE MONITOR ON SW SIDE OF TOWER/MET EQUIPMENT 10FT ABOVE TOWER","Ozone","Jackson",35.524544163,-83.235981333
"4850",9-12-20,32,"OZONE MONITOR ON SW SIDE OF TOWER/MET EQUIPMENT 10FT ABOVE TOWER","Ozone","Jackson",35.524544163,-83.235981333
"4851",NA,33,"OZONE MONITOR ON SW SIDE OF TOWER/MET EQUIPMENT 10FT ABOVE TOWER","Ozone","Jackson",35.524544163,-83.235981333
"4852",NA,23,"OZONE MONITOR ON SW SIDE OF TOWER/MET EQUIPMENT 10FT ABOVE TOWER","Ozone","Jackson",35.524544163,-83.235981333
"4853",NA,20,"OZONE MONITOR ON SW SIDE OF TOWER/MET EQUIPMENT 10FT ABOVE TOWER","Ozone","Jackson",35.524544163,-83.235981333
"4854",NA,18,"OZONE MONITOR ON SW SIDE OF TOWER/MET EQUIPMENT 10FT ABOVE TOWER","Ozone","Jackson",35.524544163,-83.235981333
"4855",NA,28,"OZONE MONITOR ON SW SIDE OF TOWER/MET EQUIPMENT 10FT ABOVE TOWER","Ozone","Jackson",35.524544163,-83.235981333
"4856",NA,43,"OZONE MONITOR ON SW SIDE OF TOWER/MET EQUIPMENT 10FT ABOVE TOWER","Ozone","Jackson",35.524544163,-83.235981333
"4857",NA,48,"OZONE MONITOR ON SW SIDE OF TOWER/MET EQUIPMENT 10FT ABOVE TOWER","Ozone","Jackson",35.524544163,-83.235981333
"4858",NA,47,"OZONE MONITOR ON SW SIDE OF TOWER/MET EQUIPMENT 10FT ABOVE TOWER","Ozone","Jackson",35.524544163,-83.235981333
"4859",NA,43,"OZONE MONITOR ON SW SIDE OF TOWER/MET EQUIPMENT 10FT ABOVE TOWER","Ozone","Jackson",35.524544163,-83.235981333
"4860",NA,41,"OZONE MONITOR ON SW SIDE OF TOWER/MET EQUIPMENT 10FT ABOVE TOWER","Ozone","Jackson",35.524544163,-83.235981333
"4861",NA,38,"OZONE MONITOR ON SW SIDE OF TOWER/MET EQUIPMENT 10FT ABOVE TOWER","Ozone","Jackson",35.524544163,-83.235981333
"4862",3-01-20,34,"West Johnston Co.","Ozone","Johnston",35.59095,-78.4622
"4863",3-02-20,43,"West Johnston Co.","Ozone","Johnston",35.59095,-78.4622
"4864",3-03-20,44,"West Johnston Co.","Ozone","Johnston",35.59095,-78.4622
"4865",3-04-20,42,"West Johnston Co.","Ozone","Johnston",35.59095,-78.4622
"4866",3-05-20,43,"West Johnston Co.","Ozone","Johnston",35.59095,-78.4622
"4867",3-06-20,31,"West Johnston Co.","Ozone","Johnston",35.59095,-78.4622
"4868",3-07-20,33,"West Johnston Co.","Ozone","Johnston",35.59095,-78.4622
"4869",3-08-20,39,"West Johnston Co.","Ozone","Johnston",35.59095,-78.4622
"4870",3-09-20,43,"West Johnston Co.","Ozone","Johnston",35.59095,-78.4622
"4871",3-10-20,44,"West Johnston Co.","Ozone","Johnston",35.59095,-78.4622
"4872",3-11-20,31,"West Johnston Co.","Ozone","Johnston",35.59095,-78.4622
"4873",3-12-20,33,"West Johnston Co.","Ozone","Johnston",35.59095,-78.4622
"4874",NA,44,"West Johnston Co.","Ozone","Johnston",35.59095,-78.4622
"4875",NA,43,"West Johnston Co.","Ozone","Johnston",35.59095,-78.4622
"4876",NA,51,"West Johnston Co.","Ozone","Johnston",35.59095,-78.4622
"4877",NA,54,"West Johnston Co.","Ozone","Johnston",35.59095,-78.4622
"4878",NA,44,"West Johnston Co.","Ozone","Johnston",35.59095,-78.4622
"4879",NA,44,"West Johnston Co.","Ozone","Johnston",35.59095,-78.4622
"4880",NA,44,"West Johnston Co.","Ozone","Johnston",35.59095,-78.4622
"4881",NA,32,"West Johnston Co.","Ozone","Johnston",35.59095,-78.4622
"4882",NA,29,"West Johnston Co.","Ozone","Johnston",35.59095,-78.4622
"4883",NA,42,"West Johnston Co.","Ozone","Johnston",35.59095,-78.4622
"4884",NA,48,"West Johnston Co.","Ozone","Johnston",35.59095,-78.4622
"4885",NA,44,"West Johnston Co.","Ozone","Johnston",35.59095,-78.4622
"4886",NA,47,"West Johnston Co.","Ozone","Johnston",35.59095,-78.4622
"4887",NA,44,"West Johnston Co.","Ozone","Johnston",35.59095,-78.4622
"4888",NA,32,"West Johnston Co.","Ozone","Johnston",35.59095,-78.4622
"4889",NA,41,"West Johnston Co.","Ozone","Johnston",35.59095,-78.4622
"4890",NA,47,"West Johnston Co.","Ozone","Johnston",35.59095,-78.4622
"4891",NA,39,"West Johnston Co.","Ozone","Johnston",35.59095,-78.4622
"4892",NA,45,"West Johnston Co.","Ozone","Johnston",35.59095,-78.4622
"4893",4-01-20,47,"West Johnston Co.","Ozone","Johnston",35.59095,-78.4622
"4894",4-02-20,50,"West Johnston Co.","Ozone","Johnston",35.59095,-78.4622
"4895",4-03-20,41,"West Johnston Co.","Ozone","Johnston",35.59095,-78.4622
"4896",4-04-20,44,"West Johnston Co.","Ozone","Johnston",35.59095,-78.4622
"4897",4-05-20,45,"West Johnston Co.","Ozone","Johnston",35.59095,-78.4622
"4898",4-06-20,64,"West Johnston Co.","Ozone","Johnston",35.59095,-78.4622
"4899",4-07-20,41,"West Johnston Co.","Ozone","Johnston",35.59095,-78.4622
"4900",4-08-20,45,"West Johnston Co.","Ozone","Johnston",35.59095,-78.4622
"4901",4-09-20,39,"West Johnston Co.","Ozone","Johnston",35.59095,-78.4622
"4902",4-10-20,43,"West Johnston Co.","Ozone","Johnston",35.59095,-78.4622
"4903",4-11-20,50,"West Johnston Co.","Ozone","Johnston",35.59095,-78.4622
"4904",4-12-20,58,"West Johnston Co.","Ozone","Johnston",35.59095,-78.4622
"4905",NA,51,"West Johnston Co.","Ozone","Johnston",35.59095,-78.4622
"4906",NA,46,"West Johnston Co.","Ozone","Johnston",35.59095,-78.4622
"4907",NA,33,"West Johnston Co.","Ozone","Johnston",35.59095,-78.4622
"4908",NA,32,"West Johnston Co.","Ozone","Johnston",35.59095,-78.4622
"4909",NA,47,"West Johnston Co.","Ozone","Johnston",35.59095,-78.4622
"4910",NA,71,"West Johnston Co.","Ozone","Johnston",35.59095,-78.4622
"4911",NA,51,"West Johnston Co.","Ozone","Johnston",35.59095,-78.4622
"4912",NA,61,"West Johnston Co.","Ozone","Johnston",35.59095,-78.4622
"4913",NA,64,"West Johnston Co.","Ozone","Johnston",35.59095,-78.4622
"4914",NA,61,"West Johnston Co.","Ozone","Johnston",35.59095,-78.4622
"4915",NA,48,"West Johnston Co.","Ozone","Johnston",35.59095,-78.4622
"4916",NA,40,"West Johnston Co.","Ozone","Johnston",35.59095,-78.4622
"4917",NA,31,"West Johnston Co.","Ozone","Johnston",35.59095,-78.4622
"4918",NA,41,"West Johnston Co.","Ozone","Johnston",35.59095,-78.4622
"4919",NA,44,"West Johnston Co.","Ozone","Johnston",35.59095,-78.4622
"4920",NA,58,"West Johnston Co.","Ozone","Johnston",35.59095,-78.4622
"4921",NA,44,"West Johnston Co.","Ozone","Johnston",35.59095,-78.4622
"4922",NA,51,"West Johnston Co.","Ozone","Johnston",35.59095,-78.4622
"4923",5-01-20,67,"West Johnston Co.","Ozone","Johnston",35.59095,-78.4622
"4924",5-02-20,67,"West Johnston Co.","Ozone","Johnston",35.59095,-78.4622
"4925",5-03-20,51,"West Johnston Co.","Ozone","Johnston",35.59095,-78.4622
"4926",5-04-20,49,"West Johnston Co.","Ozone","Johnston",35.59095,-78.4622
"4927",5-05-20,42,"West Johnston Co.","Ozone","Johnston",35.59095,-78.4622
"4928",5-06-20,32,"West Johnston Co.","Ozone","Johnston",35.59095,-78.4622
"4929",5-07-20,40,"West Johnston Co.","Ozone","Johnston",35.59095,-78.4622
"4930",5-08-20,41,"West Johnston Co.","Ozone","Johnston",35.59095,-78.4622
"4931",5-09-20,48,"West Johnston Co.","Ozone","Johnston",35.59095,-78.4622
"4932",5-10-20,61,"West Johnston Co.","Ozone","Johnston",35.59095,-78.4622
"4933",5-11-20,64,"West Johnston Co.","Ozone","Johnston",35.59095,-78.4622
"4934",5-12-20,51,"West Johnston Co.","Ozone","Johnston",35.59095,-78.4622
"4935",NA,58,"West Johnston Co.","Ozone","Johnston",35.59095,-78.4622
"4936",NA,58,"West Johnston Co.","Ozone","Johnston",35.59095,-78.4622
"4937",NA,24,"West Johnston Co.","Ozone","Johnston",35.59095,-78.4622
"4938",NA,30,"West Johnston Co.","Ozone","Johnston",35.59095,-78.4622
"4939",NA,25,"West Johnston Co.","Ozone","Johnston",35.59095,-78.4622
"4940",NA,26,"West Johnston Co.","Ozone","Johnston",35.59095,-78.4622
"4941",NA,19,"West Johnston Co.","Ozone","Johnston",35.59095,-78.4622
"4942",NA,25,"West Johnston Co.","Ozone","Johnston",35.59095,-78.4622
"4943",NA,41,"West Johnston Co.","Ozone","Johnston",35.59095,-78.4622
"4944",NA,28,"West Johnston Co.","Ozone","Johnston",35.59095,-78.4622
"4945",NA,31,"West Johnston Co.","Ozone","Johnston",35.59095,-78.4622
"4946",NA,46,"West Johnston Co.","Ozone","Johnston",35.59095,-78.4622
"4947",NA,45,"West Johnston Co.","Ozone","Johnston",35.59095,-78.4622
"4948",NA,24,"West Johnston Co.","Ozone","Johnston",35.59095,-78.4622
"4949",NA,22,"West Johnston Co.","Ozone","Johnston",35.59095,-78.4622
"4950",NA,17,"West Johnston Co.","Ozone","Johnston",35.59095,-78.4622
"4951",NA,24,"West Johnston Co.","Ozone","Johnston",35.59095,-78.4622
"4952",NA,24,"West Johnston Co.","Ozone","Johnston",35.59095,-78.4622
"4953",NA,24,"West Johnston Co.","Ozone","Johnston",35.59095,-78.4622
"4954",6-01-20,47,"West Johnston Co.","Ozone","Johnston",35.59095,-78.4622
"4955",6-02-20,43,"West Johnston Co.","Ozone","Johnston",35.59095,-78.4622
"4956",6-03-20,41,"West Johnston Co.","Ozone","Johnston",35.59095,-78.4622
"4957",6-04-20,74,"West Johnston Co.","Ozone","Johnston",35.59095,-78.4622
"4958",6-05-20,54,"West Johnston Co.","Ozone","Johnston",35.59095,-78.4622
"4959",6-06-20,90,"West Johnston Co.","Ozone","Johnston",35.59095,-78.4622
"4960",6-07-20,54,"West Johnston Co.","Ozone","Johnston",35.59095,-78.4622
"4961",6-08-20,58,"West Johnston Co.","Ozone","Johnston",35.59095,-78.4622
"4962",6-09-20,44,"West Johnston Co.","Ozone","Johnston",35.59095,-78.4622
"4963",6-10-20,41,"West Johnston Co.","Ozone","Johnston",35.59095,-78.4622
"4964",6-11-20,41,"West Johnston Co.","Ozone","Johnston",35.59095,-78.4622
"4965",6-12-20,29,"West Johnston Co.","Ozone","Johnston",35.59095,-78.4622
"4966",NA,37,"West Johnston Co.","Ozone","Johnston",35.59095,-78.4622
"4967",NA,48,"West Johnston Co.","Ozone","Johnston",35.59095,-78.4622
"4968",NA,67,"West Johnston Co.","Ozone","Johnston",35.59095,-78.4622
"4969",NA,54,"West Johnston Co.","Ozone","Johnston",35.59095,-78.4622
"4970",NA,42,"West Johnston Co.","Ozone","Johnston",35.59095,-78.4622
"4971",NA,80,"West Johnston Co.","Ozone","Johnston",35.59095,-78.4622
"4972",NA,77,"West Johnston Co.","Ozone","Johnston",35.59095,-78.4622
"4973",NA,71,"West Johnston Co.","Ozone","Johnston",35.59095,-78.4622
"4974",NA,36,"West Johnston Co.","Ozone","Johnston",35.59095,-78.4622
"4975",NA,38,"West Johnston Co.","Ozone","Johnston",35.59095,-78.4622
"4976",NA,37,"West Johnston Co.","Ozone","Johnston",35.59095,-78.4622
"4977",NA,34,"West Johnston Co.","Ozone","Johnston",35.59095,-78.4622
"4978",NA,40,"West Johnston Co.","Ozone","Johnston",35.59095,-78.4622
"4979",NA,29,"West Johnston Co.","Ozone","Johnston",35.59095,-78.4622
"4980",NA,35,"West Johnston Co.","Ozone","Johnston",35.59095,-78.4622
"4981",NA,49,"West Johnston Co.","Ozone","Johnston",35.59095,-78.4622
"4982",NA,50,"West Johnston Co.","Ozone","Johnston",35.59095,-78.4622
"4983",NA,50,"West Johnston Co.","Ozone","Johnston",35.59095,-78.4622
"4984",7-01-20,41,"West Johnston Co.","Ozone","Johnston",35.59095,-78.4622
"4985",7-02-20,43,"West Johnston Co.","Ozone","Johnston",35.59095,-78.4622
"4986",7-03-20,44,"West Johnston Co.","Ozone","Johnston",35.59095,-78.4622
"4987",7-04-20,27,"West Johnston Co.","Ozone","Johnston",35.59095,-78.4622
"4988",7-05-20,31,"West Johnston Co.","Ozone","Johnston",35.59095,-78.4622
"4989",7-06-20,32,"West Johnston Co.","Ozone","Johnston",35.59095,-78.4622
"4990",7-07-20,27,"West Johnston Co.","Ozone","Johnston",35.59095,-78.4622
"4991",7-08-20,33,"West Johnston Co.","Ozone","Johnston",35.59095,-78.4622
"4992",7-09-20,44,"West Johnston Co.","Ozone","Johnston",35.59095,-78.4622
"4993",7-10-20,74,"West Johnston Co.","Ozone","Johnston",35.59095,-78.4622
"4994",7-11-20,84,"West Johnston Co.","Ozone","Johnston",35.59095,-78.4622
"4995",7-12-20,48,"West Johnston Co.","Ozone","Johnston",35.59095,-78.4622
"4996",NA,67,"West Johnston Co.","Ozone","Johnston",35.59095,-78.4622
"4997",NA,46,"West Johnston Co.","Ozone","Johnston",35.59095,-78.4622
"4998",NA,45,"West Johnston Co.","Ozone","Johnston",35.59095,-78.4622
"4999",NA,44,"West Johnston Co.","Ozone","Johnston",35.59095,-78.4622
"5000",NA,40,"West Johnston Co.","Ozone","Johnston",35.59095,-78.4622
"5001",NA,38,"West Johnston Co.","Ozone","Johnston",35.59095,-78.4622
"5002",NA,64,"West Johnston Co.","Ozone","Johnston",35.59095,-78.4622
"5003",NA,39,"West Johnston Co.","Ozone","Johnston",35.59095,-78.4622
"5004",NA,38,"West Johnston Co.","Ozone","Johnston",35.59095,-78.4622
"5005",NA,42,"West Johnston Co.","Ozone","Johnston",35.59095,-78.4622
"5006",NA,43,"West Johnston Co.","Ozone","Johnston",35.59095,-78.4622
"5007",NA,37,"West Johnston Co.","Ozone","Johnston",35.59095,-78.4622
"5008",NA,36,"West Johnston Co.","Ozone","Johnston",35.59095,-78.4622
"5009",NA,41,"West Johnston Co.","Ozone","Johnston",35.59095,-78.4622
"5010",NA,38,"West Johnston Co.","Ozone","Johnston",35.59095,-78.4622
"5011",NA,41,"West Johnston Co.","Ozone","Johnston",35.59095,-78.4622
"5012",NA,37,"West Johnston Co.","Ozone","Johnston",35.59095,-78.4622
"5013",NA,21,"West Johnston Co.","Ozone","Johnston",35.59095,-78.4622
"5014",NA,26,"West Johnston Co.","Ozone","Johnston",35.59095,-78.4622
"5015",8-01-20,22,"West Johnston Co.","Ozone","Johnston",35.59095,-78.4622
"5016",8-02-20,17,"West Johnston Co.","Ozone","Johnston",35.59095,-78.4622
"5017",8-03-20,17,"West Johnston Co.","Ozone","Johnston",35.59095,-78.4622
"5018",8-04-20,24,"West Johnston Co.","Ozone","Johnston",35.59095,-78.4622
"5019",8-05-20,33,"West Johnston Co.","Ozone","Johnston",35.59095,-78.4622
"5020",8-06-20,40,"West Johnston Co.","Ozone","Johnston",35.59095,-78.4622
"5021",8-07-20,37,"West Johnston Co.","Ozone","Johnston",35.59095,-78.4622
"5022",8-08-20,38,"West Johnston Co.","Ozone","Johnston",35.59095,-78.4622
"5023",8-09-20,45,"West Johnston Co.","Ozone","Johnston",35.59095,-78.4622
"5024",8-10-20,48,"West Johnston Co.","Ozone","Johnston",35.59095,-78.4622
"5025",8-11-20,37,"West Johnston Co.","Ozone","Johnston",35.59095,-78.4622
"5026",8-12-20,31,"West Johnston Co.","Ozone","Johnston",35.59095,-78.4622
"5027",NA,33,"West Johnston Co.","Ozone","Johnston",35.59095,-78.4622
"5028",NA,32,"West Johnston Co.","Ozone","Johnston",35.59095,-78.4622
"5029",NA,44,"West Johnston Co.","Ozone","Johnston",35.59095,-78.4622
"5030",NA,44,"West Johnston Co.","Ozone","Johnston",35.59095,-78.4622
"5031",NA,27,"West Johnston Co.","Ozone","Johnston",35.59095,-78.4622
"5032",NA,27,"West Johnston Co.","Ozone","Johnston",35.59095,-78.4622
"5033",NA,26,"West Johnston Co.","Ozone","Johnston",35.59095,-78.4622
"5034",NA,32,"West Johnston Co.","Ozone","Johnston",35.59095,-78.4622
"5035",NA,27,"West Johnston Co.","Ozone","Johnston",35.59095,-78.4622
"5036",NA,34,"West Johnston Co.","Ozone","Johnston",35.59095,-78.4622
"5037",NA,39,"West Johnston Co.","Ozone","Johnston",35.59095,-78.4622
"5038",NA,42,"West Johnston Co.","Ozone","Johnston",35.59095,-78.4622
"5039",NA,40,"West Johnston Co.","Ozone","Johnston",35.59095,-78.4622
"5040",NA,40,"West Johnston Co.","Ozone","Johnston",35.59095,-78.4622
"5041",NA,41,"West Johnston Co.","Ozone","Johnston",35.59095,-78.4622
"5042",NA,40,"West Johnston Co.","Ozone","Johnston",35.59095,-78.4622
"5043",NA,36,"West Johnston Co.","Ozone","Johnston",35.59095,-78.4622
"5044",NA,39,"West Johnston Co.","Ozone","Johnston",35.59095,-78.4622
"5045",NA,41,"West Johnston Co.","Ozone","Johnston",35.59095,-78.4622
"5046",9-01-20,30,"West Johnston Co.","Ozone","Johnston",35.59095,-78.4622
"5047",9-02-20,22,"West Johnston Co.","Ozone","Johnston",35.59095,-78.4622
"5048",9-03-20,26,"West Johnston Co.","Ozone","Johnston",35.59095,-78.4622
"5049",9-04-20,31,"West Johnston Co.","Ozone","Johnston",35.59095,-78.4622
"5050",9-05-20,33,"West Johnston Co.","Ozone","Johnston",35.59095,-78.4622
"5051",9-06-20,36,"West Johnston Co.","Ozone","Johnston",35.59095,-78.4622
"5052",9-07-20,37,"West Johnston Co.","Ozone","Johnston",35.59095,-78.4622
"5053",9-08-20,32,"West Johnston Co.","Ozone","Johnston",35.59095,-78.4622
"5054",9-09-20,22,"West Johnston Co.","Ozone","Johnston",35.59095,-78.4622
"5055",NA,39,"West Johnston Co.","Ozone","Johnston",35.59095,-78.4622
"5056",NA,45,"West Johnston Co.","Ozone","Johnston",35.59095,-78.4622
"5057",NA,39,"West Johnston Co.","Ozone","Johnston",35.59095,-78.4622
"5058",NA,31,"West Johnston Co.","Ozone","Johnston",35.59095,-78.4622
"5059",NA,23,"West Johnston Co.","Ozone","Johnston",35.59095,-78.4622
"5060",NA,30,"West Johnston Co.","Ozone","Johnston",35.59095,-78.4622
"5061",NA,31,"West Johnston Co.","Ozone","Johnston",35.59095,-78.4622
"5062",NA,30,"West Johnston Co.","Ozone","Johnston",35.59095,-78.4622
"5063",NA,25,"West Johnston Co.","Ozone","Johnston",35.59095,-78.4622
"5064",NA,38,"West Johnston Co.","Ozone","Johnston",35.59095,-78.4622
"5065",NA,42,"West Johnston Co.","Ozone","Johnston",35.59095,-78.4622
"5066",10-01-20,47,"West Johnston Co.","Ozone","Johnston",35.59095,-78.4622
"5067",10-02-20,40,"West Johnston Co.","Ozone","Johnston",35.59095,-78.4622
"5068",10-03-20,39,"West Johnston Co.","Ozone","Johnston",35.59095,-78.4622
"5069",10-04-20,42,"West Johnston Co.","Ozone","Johnston",35.59095,-78.4622
"5070",10-05-20,43,"West Johnston Co.","Ozone","Johnston",35.59095,-78.4622
"5071",10-06-20,30,"West Johnston Co.","Ozone","Johnston",35.59095,-78.4622
"5072",10-07-20,33,"West Johnston Co.","Ozone","Johnston",35.59095,-78.4622
"5073",10-08-20,30,"West Johnston Co.","Ozone","Johnston",35.59095,-78.4622
"5074",10-09-20,29,"West Johnston Co.","Ozone","Johnston",35.59095,-78.4622
"5075",10-12-20,38,"West Johnston Co.","Ozone","Johnston",35.59095,-78.4622
"5076",NA,34,"West Johnston Co.","Ozone","Johnston",35.59095,-78.4622
"5077",NA,24,"West Johnston Co.","Ozone","Johnston",35.59095,-78.4622
"5078",NA,34,"West Johnston Co.","Ozone","Johnston",35.59095,-78.4622
"5079",NA,31,"West Johnston Co.","Ozone","Johnston",35.59095,-78.4622
"5080",NA,25,"West Johnston Co.","Ozone","Johnston",35.59095,-78.4622
"5081",NA,33,"West Johnston Co.","Ozone","Johnston",35.59095,-78.4622
"5082",NA,40,"West Johnston Co.","Ozone","Johnston",35.59095,-78.4622
"5083",NA,31,"West Johnston Co.","Ozone","Johnston",35.59095,-78.4622
"5084",NA,30,"West Johnston Co.","Ozone","Johnston",35.59095,-78.4622
"5085",NA,30,"West Johnston Co.","Ozone","Johnston",35.59095,-78.4622
"5086",NA,31,"West Johnston Co.","Ozone","Johnston",35.59095,-78.4622
"5087",NA,33,"West Johnston Co.","Ozone","Johnston",35.59095,-78.4622
"5088",NA,26,"West Johnston Co.","Ozone","Johnston",35.59095,-78.4622
"5089",NA,26,"West Johnston Co.","Ozone","Johnston",35.59095,-78.4622
"5090",NA,19,"West Johnston Co.","Ozone","Johnston",35.59095,-78.4622
"5091",NA,33,"West Johnston Co.","Ozone","Johnston",35.59095,-78.4622
"5092",NA,34,"West Johnston Co.","Ozone","Johnston",35.59095,-78.4622
"5093",NA,36,"West Johnston Co.","Ozone","Johnston",35.59095,-78.4622
"5094",NA,41,"West Johnston Co.","Ozone","Johnston",35.59095,-78.4622
"5095",1-04-20,33,"Blackstone","Ozone","Lee",35.4325,-79.2887
"5096",1-05-20,34,"Blackstone","Ozone","Lee",35.4325,-79.2887
"5097",1-06-20,33,"Blackstone","Ozone","Lee",35.4325,-79.2887
"5098",1-07-20,35,"Blackstone","Ozone","Lee",35.4325,-79.2887
"5099",1-08-20,34,"Blackstone","Ozone","Lee",35.4325,-79.2887
"5100",1-09-20,37,"Blackstone","Ozone","Lee",35.4325,-79.2887
"5101",1-10-20,35,"Blackstone","Ozone","Lee",35.4325,-79.2887
"5102",1-11-20,27,"Blackstone","Ozone","Lee",35.4325,-79.2887
"5103",1-12-20,36,"Blackstone","Ozone","Lee",35.4325,-79.2887
"5104",NA,32,"Blackstone","Ozone","Lee",35.4325,-79.2887
"5105",NA,33,"Blackstone","Ozone","Lee",35.4325,-79.2887
"5106",NA,32,"Blackstone","Ozone","Lee",35.4325,-79.2887
"5107",NA,31,"Blackstone","Ozone","Lee",35.4325,-79.2887
"5108",NA,28,"Blackstone","Ozone","Lee",35.4325,-79.2887
"5109",NA,36,"Blackstone","Ozone","Lee",35.4325,-79.2887
"5110",NA,37,"Blackstone","Ozone","Lee",35.4325,-79.2887
"5111",NA,40,"Blackstone","Ozone","Lee",35.4325,-79.2887
"5112",NA,38,"Blackstone","Ozone","Lee",35.4325,-79.2887
"5113",NA,39,"Blackstone","Ozone","Lee",35.4325,-79.2887
"5114",NA,38,"Blackstone","Ozone","Lee",35.4325,-79.2887
"5115",NA,33,"Blackstone","Ozone","Lee",35.4325,-79.2887
"5116",NA,34,"Blackstone","Ozone","Lee",35.4325,-79.2887
"5117",NA,38,"Blackstone","Ozone","Lee",35.4325,-79.2887
"5118",NA,38,"Blackstone","Ozone","Lee",35.4325,-79.2887
"5119",NA,31,"Blackstone","Ozone","Lee",35.4325,-79.2887
"5120",NA,25,"Blackstone","Ozone","Lee",35.4325,-79.2887
"5121",NA,33,"Blackstone","Ozone","Lee",35.4325,-79.2887
"5122",NA,34,"Blackstone","Ozone","Lee",35.4325,-79.2887
"5123",2-01-20,41,"Blackstone","Ozone","Lee",35.4325,-79.2887
"5124",2-02-20,35,"Blackstone","Ozone","Lee",35.4325,-79.2887
"5125",2-03-20,33,"Blackstone","Ozone","Lee",35.4325,-79.2887
"5126",2-04-20,31,"Blackstone","Ozone","Lee",35.4325,-79.2887
"5127",2-05-20,33,"Blackstone","Ozone","Lee",35.4325,-79.2887
"5128",2-06-20,33,"Blackstone","Ozone","Lee",35.4325,-79.2887
"5129",2-07-20,32,"Blackstone","Ozone","Lee",35.4325,-79.2887
"5130",2-08-20,35,"Blackstone","Ozone","Lee",35.4325,-79.2887
"5131",2-09-20,38,"Blackstone","Ozone","Lee",35.4325,-79.2887
"5132",2-10-20,20,"Blackstone","Ozone","Lee",35.4325,-79.2887
"5133",2-11-20,24,"Blackstone","Ozone","Lee",35.4325,-79.2887
"5134",2-12-20,31,"Blackstone","Ozone","Lee",35.4325,-79.2887
"5135",NA,31,"Blackstone","Ozone","Lee",35.4325,-79.2887
"5136",NA,26,"Blackstone","Ozone","Lee",35.4325,-79.2887
"5137",NA,26,"Blackstone","Ozone","Lee",35.4325,-79.2887
"5138",NA,34,"Blackstone","Ozone","Lee",35.4325,-79.2887
"5139",NA,28,"Blackstone","Ozone","Lee",35.4325,-79.2887
"5140",NA,36,"Blackstone","Ozone","Lee",35.4325,-79.2887
"5141",NA,26,"Blackstone","Ozone","Lee",35.4325,-79.2887
"5142",NA,23,"Blackstone","Ozone","Lee",35.4325,-79.2887
"5143",NA,22,"Blackstone","Ozone","Lee",35.4325,-79.2887
"5144",NA,24,"Blackstone","Ozone","Lee",35.4325,-79.2887
"5145",NA,27,"Blackstone","Ozone","Lee",35.4325,-79.2887
"5146",NA,31,"Blackstone","Ozone","Lee",35.4325,-79.2887
"5147",NA,27,"Blackstone","Ozone","Lee",35.4325,-79.2887
"5148",NA,33,"Blackstone","Ozone","Lee",35.4325,-79.2887
"5149",NA,44,"Blackstone","Ozone","Lee",35.4325,-79.2887
"5150",NA,34,"Blackstone","Ozone","Lee",35.4325,-79.2887
"5151",3-01-20,36,"Blackstone","Ozone","Lee",35.4325,-79.2887
"5152",3-02-20,44,"Blackstone","Ozone","Lee",35.4325,-79.2887
"5153",3-03-20,45,"Blackstone","Ozone","Lee",35.4325,-79.2887
"5154",3-04-20,45,"Blackstone","Ozone","Lee",35.4325,-79.2887
"5155",3-05-20,44,"Blackstone","Ozone","Lee",35.4325,-79.2887
"5156",3-06-20,31,"Blackstone","Ozone","Lee",35.4325,-79.2887
"5157",3-07-20,34,"Blackstone","Ozone","Lee",35.4325,-79.2887
"5158",3-08-20,40,"Blackstone","Ozone","Lee",35.4325,-79.2887
"5159",3-09-20,44,"Blackstone","Ozone","Lee",35.4325,-79.2887
"5160",3-10-20,44,"Blackstone","Ozone","Lee",35.4325,-79.2887
"5161",3-11-20,31,"Blackstone","Ozone","Lee",35.4325,-79.2887
"5162",3-12-20,37,"Blackstone","Ozone","Lee",35.4325,-79.2887
"5163",NA,44,"Blackstone","Ozone","Lee",35.4325,-79.2887
"5164",NA,44,"Blackstone","Ozone","Lee",35.4325,-79.2887
"5165",NA,54,"Blackstone","Ozone","Lee",35.4325,-79.2887
"5166",NA,67,"Blackstone","Ozone","Lee",35.4325,-79.2887
"5167",NA,44,"Blackstone","Ozone","Lee",35.4325,-79.2887
"5168",NA,44,"Blackstone","Ozone","Lee",35.4325,-79.2887
"5169",NA,44,"Blackstone","Ozone","Lee",35.4325,-79.2887
"5170",NA,31,"Blackstone","Ozone","Lee",35.4325,-79.2887
"5171",NA,32,"Blackstone","Ozone","Lee",35.4325,-79.2887
"5172",NA,44,"Blackstone","Ozone","Lee",35.4325,-79.2887
"5173",NA,49,"Blackstone","Ozone","Lee",35.4325,-79.2887
"5174",NA,41,"Blackstone","Ozone","Lee",35.4325,-79.2887
"5175",NA,44,"Blackstone","Ozone","Lee",35.4325,-79.2887
"5176",NA,44,"Blackstone","Ozone","Lee",35.4325,-79.2887
"5177",NA,36,"Blackstone","Ozone","Lee",35.4325,-79.2887
"5178",NA,43,"Blackstone","Ozone","Lee",35.4325,-79.2887
"5179",NA,50,"Blackstone","Ozone","Lee",35.4325,-79.2887
"5180",NA,41,"Blackstone","Ozone","Lee",35.4325,-79.2887
"5181",NA,46,"Blackstone","Ozone","Lee",35.4325,-79.2887
"5182",4-01-20,49,"Blackstone","Ozone","Lee",35.4325,-79.2887
"5183",4-02-20,49,"Blackstone","Ozone","Lee",35.4325,-79.2887
"5184",4-03-20,41,"Blackstone","Ozone","Lee",35.4325,-79.2887
"5185",4-04-20,45,"Blackstone","Ozone","Lee",35.4325,-79.2887
"5186",4-05-20,47,"Blackstone","Ozone","Lee",35.4325,-79.2887
"5187",4-06-20,61,"Blackstone","Ozone","Lee",35.4325,-79.2887
"5188",4-07-20,44,"Blackstone","Ozone","Lee",35.4325,-79.2887
"5189",4-08-20,44,"Blackstone","Ozone","Lee",35.4325,-79.2887
"5190",4-09-20,43,"Blackstone","Ozone","Lee",35.4325,-79.2887
"5191",4-10-20,44,"Blackstone","Ozone","Lee",35.4325,-79.2887
"5192",4-11-20,46,"Blackstone","Ozone","Lee",35.4325,-79.2887
"5193",4-12-20,61,"Blackstone","Ozone","Lee",35.4325,-79.2887
"5194",NA,51,"Blackstone","Ozone","Lee",35.4325,-79.2887
"5195",NA,48,"Blackstone","Ozone","Lee",35.4325,-79.2887
"5196",NA,35,"Blackstone","Ozone","Lee",35.4325,-79.2887
"5197",NA,33,"Blackstone","Ozone","Lee",35.4325,-79.2887
"5198",NA,48,"Blackstone","Ozone","Lee",35.4325,-79.2887
"5199",NA,71,"Blackstone","Ozone","Lee",35.4325,-79.2887
"5200",NA,49,"Blackstone","Ozone","Lee",35.4325,-79.2887
"5201",NA,61,"Blackstone","Ozone","Lee",35.4325,-79.2887
"5202",NA,58,"Blackstone","Ozone","Lee",35.4325,-79.2887
"5203",NA,51,"Blackstone","Ozone","Lee",35.4325,-79.2887
"5204",NA,44,"Blackstone","Ozone","Lee",35.4325,-79.2887
"5205",NA,37,"Blackstone","Ozone","Lee",35.4325,-79.2887
"5206",NA,32,"Blackstone","Ozone","Lee",35.4325,-79.2887
"5207",NA,38,"Blackstone","Ozone","Lee",35.4325,-79.2887
"5208",NA,44,"Blackstone","Ozone","Lee",35.4325,-79.2887
"5209",NA,64,"Blackstone","Ozone","Lee",35.4325,-79.2887
"5210",NA,44,"Blackstone","Ozone","Lee",35.4325,-79.2887
"5211",NA,54,"Blackstone","Ozone","Lee",35.4325,-79.2887
"5212",5-01-20,67,"Blackstone","Ozone","Lee",35.4325,-79.2887
"5213",5-02-20,64,"Blackstone","Ozone","Lee",35.4325,-79.2887
"5214",5-03-20,47,"Blackstone","Ozone","Lee",35.4325,-79.2887
"5215",5-04-20,44,"Blackstone","Ozone","Lee",35.4325,-79.2887
"5216",5-05-20,41,"Blackstone","Ozone","Lee",35.4325,-79.2887
"5217",5-06-20,40,"Blackstone","Ozone","Lee",35.4325,-79.2887
"5218",5-07-20,45,"Blackstone","Ozone","Lee",35.4325,-79.2887
"5219",5-08-20,51,"Blackstone","Ozone","Lee",35.4325,-79.2887
"5220",5-09-20,64,"Blackstone","Ozone","Lee",35.4325,-79.2887
"5221",5-10-20,54,"Blackstone","Ozone","Lee",35.4325,-79.2887
"5222",5-11-20,58,"Blackstone","Ozone","Lee",35.4325,-79.2887
"5223",5-12-20,58,"Blackstone","Ozone","Lee",35.4325,-79.2887
"5224",NA,48,"Blackstone","Ozone","Lee",35.4325,-79.2887
"5225",NA,51,"Blackstone","Ozone","Lee",35.4325,-79.2887
"5226",NA,23,"Blackstone","Ozone","Lee",35.4325,-79.2887
"5227",NA,33,"Blackstone","Ozone","Lee",35.4325,-79.2887
"5228",NA,27,"Blackstone","Ozone","Lee",35.4325,-79.2887
"5229",NA,26,"Blackstone","Ozone","Lee",35.4325,-79.2887
"5230",NA,20,"Blackstone","Ozone","Lee",35.4325,-79.2887
"5231",NA,27,"Blackstone","Ozone","Lee",35.4325,-79.2887
"5232",NA,36,"Blackstone","Ozone","Lee",35.4325,-79.2887
"5233",NA,29,"Blackstone","Ozone","Lee",35.4325,-79.2887
"5234",NA,30,"Blackstone","Ozone","Lee",35.4325,-79.2887
"5235",NA,44,"Blackstone","Ozone","Lee",35.4325,-79.2887
"5236",NA,35,"Blackstone","Ozone","Lee",35.4325,-79.2887
"5237",NA,23,"Blackstone","Ozone","Lee",35.4325,-79.2887
"5238",NA,24,"Blackstone","Ozone","Lee",35.4325,-79.2887
"5239",NA,17,"Blackstone","Ozone","Lee",35.4325,-79.2887
"5240",NA,22,"Blackstone","Ozone","Lee",35.4325,-79.2887
"5241",NA,21,"Blackstone","Ozone","Lee",35.4325,-79.2887
"5242",NA,23,"Blackstone","Ozone","Lee",35.4325,-79.2887
"5243",6-01-20,43,"Blackstone","Ozone","Lee",35.4325,-79.2887
"5244",6-02-20,44,"Blackstone","Ozone","Lee",35.4325,-79.2887
"5245",6-03-20,42,"Blackstone","Ozone","Lee",35.4325,-79.2887
"5246",6-04-20,71,"Blackstone","Ozone","Lee",35.4325,-79.2887
"5247",6-05-20,48,"Blackstone","Ozone","Lee",35.4325,-79.2887
"5248",6-06-20,67,"Blackstone","Ozone","Lee",35.4325,-79.2887
"5249",6-07-20,58,"Blackstone","Ozone","Lee",35.4325,-79.2887
"5250",6-08-20,50,"Blackstone","Ozone","Lee",35.4325,-79.2887
"5251",6-09-20,44,"Blackstone","Ozone","Lee",35.4325,-79.2887
"5252",6-10-20,38,"Blackstone","Ozone","Lee",35.4325,-79.2887
"5253",6-11-20,39,"Blackstone","Ozone","Lee",35.4325,-79.2887
"5254",6-12-20,31,"Blackstone","Ozone","Lee",35.4325,-79.2887
"5255",NA,37,"Blackstone","Ozone","Lee",35.4325,-79.2887
"5256",NA,47,"Blackstone","Ozone","Lee",35.4325,-79.2887
"5257",NA,46,"Blackstone","Ozone","Lee",35.4325,-79.2887
"5258",NA,49,"Blackstone","Ozone","Lee",35.4325,-79.2887
"5259",NA,44,"Blackstone","Ozone","Lee",35.4325,-79.2887
"5260",NA,47,"Blackstone","Ozone","Lee",35.4325,-79.2887
"5261",NA,51,"Blackstone","Ozone","Lee",35.4325,-79.2887
"5262",NA,42,"Blackstone","Ozone","Lee",35.4325,-79.2887
"5263",NA,34,"Blackstone","Ozone","Lee",35.4325,-79.2887
"5264",NA,39,"Blackstone","Ozone","Lee",35.4325,-79.2887
"5265",NA,41,"Blackstone","Ozone","Lee",35.4325,-79.2887
"5266",NA,40,"Blackstone","Ozone","Lee",35.4325,-79.2887
"5267",NA,43,"Blackstone","Ozone","Lee",35.4325,-79.2887
"5268",NA,28,"Blackstone","Ozone","Lee",35.4325,-79.2887
"5269",NA,31,"Blackstone","Ozone","Lee",35.4325,-79.2887
"5270",NA,44,"Blackstone","Ozone","Lee",35.4325,-79.2887
"5271",NA,54,"Blackstone","Ozone","Lee",35.4325,-79.2887
"5272",NA,44,"Blackstone","Ozone","Lee",35.4325,-79.2887
"5273",7-01-20,32,"Blackstone","Ozone","Lee",35.4325,-79.2887
"5274",7-02-20,32,"Blackstone","Ozone","Lee",35.4325,-79.2887
"5275",7-03-20,44,"Blackstone","Ozone","Lee",35.4325,-79.2887
"5276",7-04-20,27,"Blackstone","Ozone","Lee",35.4325,-79.2887
"5277",7-05-20,30,"Blackstone","Ozone","Lee",35.4325,-79.2887
"5278",7-06-20,31,"Blackstone","Ozone","Lee",35.4325,-79.2887
"5279",7-08-20,37,"Blackstone","Ozone","Lee",35.4325,-79.2887
"5280",7-09-20,47,"Blackstone","Ozone","Lee",35.4325,-79.2887
"5281",7-10-20,51,"Blackstone","Ozone","Lee",35.4325,-79.2887
"5282",7-12-20,54,"Blackstone","Ozone","Lee",35.4325,-79.2887
"5283",NA,71,"Blackstone","Ozone","Lee",35.4325,-79.2887
"5284",NA,49,"Blackstone","Ozone","Lee",35.4325,-79.2887
"5285",NA,48,"Blackstone","Ozone","Lee",35.4325,-79.2887
"5286",NA,41,"Blackstone","Ozone","Lee",35.4325,-79.2887
"5287",NA,44,"Blackstone","Ozone","Lee",35.4325,-79.2887
"5288",NA,49,"Blackstone","Ozone","Lee",35.4325,-79.2887
"5289",NA,64,"Blackstone","Ozone","Lee",35.4325,-79.2887
"5290",NA,39,"Blackstone","Ozone","Lee",35.4325,-79.2887
"5291",NA,42,"Blackstone","Ozone","Lee",35.4325,-79.2887
"5292",NA,43,"Blackstone","Ozone","Lee",35.4325,-79.2887
"5293",NA,39,"Blackstone","Ozone","Lee",35.4325,-79.2887
"5294",NA,39,"Blackstone","Ozone","Lee",35.4325,-79.2887
"5295",NA,34,"Blackstone","Ozone","Lee",35.4325,-79.2887
"5296",NA,40,"Blackstone","Ozone","Lee",35.4325,-79.2887
"5297",NA,39,"Blackstone","Ozone","Lee",35.4325,-79.2887
"5298",NA,42,"Blackstone","Ozone","Lee",35.4325,-79.2887
"5299",NA,37,"Blackstone","Ozone","Lee",35.4325,-79.2887
"5300",NA,25,"Blackstone","Ozone","Lee",35.4325,-79.2887
"5301",3-01-20,35,"Lenoir Co. Comm. Coll.","Ozone","Lenoir",35.231459,-77.568792
"5302",3-02-20,44,"Lenoir Co. Comm. Coll.","Ozone","Lenoir",35.231459,-77.568792
"5303",3-03-20,45,"Lenoir Co. Comm. Coll.","Ozone","Lenoir",35.231459,-77.568792
"5304",3-04-20,43,"Lenoir Co. Comm. Coll.","Ozone","Lenoir",35.231459,-77.568792
"5305",3-05-20,45,"Lenoir Co. Comm. Coll.","Ozone","Lenoir",35.231459,-77.568792
"5306",3-06-20,38,"Lenoir Co. Comm. Coll.","Ozone","Lenoir",35.231459,-77.568792
"5307",3-07-20,34,"Lenoir Co. Comm. Coll.","Ozone","Lenoir",35.231459,-77.568792
"5308",3-08-20,41,"Lenoir Co. Comm. Coll.","Ozone","Lenoir",35.231459,-77.568792
"5309",3-09-20,44,"Lenoir Co. Comm. Coll.","Ozone","Lenoir",35.231459,-77.568792
"5310",3-10-20,50,"Lenoir Co. Comm. Coll.","Ozone","Lenoir",35.231459,-77.568792
"5311",3-11-20,39,"Lenoir Co. Comm. Coll.","Ozone","Lenoir",35.231459,-77.568792
"5312",3-12-20,37,"Lenoir Co. Comm. Coll.","Ozone","Lenoir",35.231459,-77.568792
"5313",NA,46,"Lenoir Co. Comm. Coll.","Ozone","Lenoir",35.231459,-77.568792
"5314",NA,44,"Lenoir Co. Comm. Coll.","Ozone","Lenoir",35.231459,-77.568792
"5315",NA,51,"Lenoir Co. Comm. Coll.","Ozone","Lenoir",35.231459,-77.568792
"5316",NA,71,"Lenoir Co. Comm. Coll.","Ozone","Lenoir",35.231459,-77.568792
"5317",NA,50,"Lenoir Co. Comm. Coll.","Ozone","Lenoir",35.231459,-77.568792
"5318",NA,45,"Lenoir Co. Comm. Coll.","Ozone","Lenoir",35.231459,-77.568792
"5319",NA,45,"Lenoir Co. Comm. Coll.","Ozone","Lenoir",35.231459,-77.568792
"5320",NA,36,"Lenoir Co. Comm. Coll.","Ozone","Lenoir",35.231459,-77.568792
"5321",NA,34,"Lenoir Co. Comm. Coll.","Ozone","Lenoir",35.231459,-77.568792
"5322",NA,44,"Lenoir Co. Comm. Coll.","Ozone","Lenoir",35.231459,-77.568792
"5323",NA,50,"Lenoir Co. Comm. Coll.","Ozone","Lenoir",35.231459,-77.568792
"5324",NA,47,"Lenoir Co. Comm. Coll.","Ozone","Lenoir",35.231459,-77.568792
"5325",NA,49,"Lenoir Co. Comm. Coll.","Ozone","Lenoir",35.231459,-77.568792
"5326",NA,43,"Lenoir Co. Comm. Coll.","Ozone","Lenoir",35.231459,-77.568792
"5327",NA,35,"Lenoir Co. Comm. Coll.","Ozone","Lenoir",35.231459,-77.568792
"5328",NA,44,"Lenoir Co. Comm. Coll.","Ozone","Lenoir",35.231459,-77.568792
"5329",NA,39,"Lenoir Co. Comm. Coll.","Ozone","Lenoir",35.231459,-77.568792
"5330",NA,47,"Lenoir Co. Comm. Coll.","Ozone","Lenoir",35.231459,-77.568792
"5331",4-01-20,49,"Lenoir Co. Comm. Coll.","Ozone","Lenoir",35.231459,-77.568792
"5332",4-02-20,51,"Lenoir Co. Comm. Coll.","Ozone","Lenoir",35.231459,-77.568792
"5333",4-04-20,44,"Lenoir Co. Comm. Coll.","Ozone","Lenoir",35.231459,-77.568792
"5334",4-05-20,50,"Lenoir Co. Comm. Coll.","Ozone","Lenoir",35.231459,-77.568792
"5335",4-06-20,67,"Lenoir Co. Comm. Coll.","Ozone","Lenoir",35.231459,-77.568792
"5336",4-07-20,44,"Lenoir Co. Comm. Coll.","Ozone","Lenoir",35.231459,-77.568792
"5337",4-08-20,45,"Lenoir Co. Comm. Coll.","Ozone","Lenoir",35.231459,-77.568792
"5338",4-09-20,39,"Lenoir Co. Comm. Coll.","Ozone","Lenoir",35.231459,-77.568792
"5339",4-10-20,43,"Lenoir Co. Comm. Coll.","Ozone","Lenoir",35.231459,-77.568792
"5340",4-11-20,51,"Lenoir Co. Comm. Coll.","Ozone","Lenoir",35.231459,-77.568792
"5341",4-12-20,51,"Lenoir Co. Comm. Coll.","Ozone","Lenoir",35.231459,-77.568792
"5342",NA,48,"Lenoir Co. Comm. Coll.","Ozone","Lenoir",35.231459,-77.568792
"5343",NA,43,"Lenoir Co. Comm. Coll.","Ozone","Lenoir",35.231459,-77.568792
"5344",NA,34,"Lenoir Co. Comm. Coll.","Ozone","Lenoir",35.231459,-77.568792
"5345",NA,35,"Lenoir Co. Comm. Coll.","Ozone","Lenoir",35.231459,-77.568792
"5346",NA,49,"Lenoir Co. Comm. Coll.","Ozone","Lenoir",35.231459,-77.568792
"5347",NA,67,"Lenoir Co. Comm. Coll.","Ozone","Lenoir",35.231459,-77.568792
"5348",NA,54,"Lenoir Co. Comm. Coll.","Ozone","Lenoir",35.231459,-77.568792
"5349",NA,64,"Lenoir Co. Comm. Coll.","Ozone","Lenoir",35.231459,-77.568792
"5350",NA,71,"Lenoir Co. Comm. Coll.","Ozone","Lenoir",35.231459,-77.568792
"5351",NA,67,"Lenoir Co. Comm. Coll.","Ozone","Lenoir",35.231459,-77.568792
"5352",NA,51,"Lenoir Co. Comm. Coll.","Ozone","Lenoir",35.231459,-77.568792
"5353",NA,44,"Lenoir Co. Comm. Coll.","Ozone","Lenoir",35.231459,-77.568792
"5354",NA,41,"Lenoir Co. Comm. Coll.","Ozone","Lenoir",35.231459,-77.568792
"5355",NA,44,"Lenoir Co. Comm. Coll.","Ozone","Lenoir",35.231459,-77.568792
"5356",NA,47,"Lenoir Co. Comm. Coll.","Ozone","Lenoir",35.231459,-77.568792
"5357",NA,51,"Lenoir Co. Comm. Coll.","Ozone","Lenoir",35.231459,-77.568792
"5358",NA,46,"Lenoir Co. Comm. Coll.","Ozone","Lenoir",35.231459,-77.568792
"5359",NA,64,"Lenoir Co. Comm. Coll.","Ozone","Lenoir",35.231459,-77.568792
"5360",5-01-20,80,"Lenoir Co. Comm. Coll.","Ozone","Lenoir",35.231459,-77.568792
"5361",5-02-20,67,"Lenoir Co. Comm. Coll.","Ozone","Lenoir",35.231459,-77.568792
"5362",5-03-20,49,"Lenoir Co. Comm. Coll.","Ozone","Lenoir",35.231459,-77.568792
"5363",5-04-20,47,"Lenoir Co. Comm. Coll.","Ozone","Lenoir",35.231459,-77.568792
"5364",5-05-20,43,"Lenoir Co. Comm. Coll.","Ozone","Lenoir",35.231459,-77.568792
"5365",5-06-20,31,"Lenoir Co. Comm. Coll.","Ozone","Lenoir",35.231459,-77.568792
"5366",5-07-20,40,"Lenoir Co. Comm. Coll.","Ozone","Lenoir",35.231459,-77.568792
"5367",5-08-20,40,"Lenoir Co. Comm. Coll.","Ozone","Lenoir",35.231459,-77.568792
"5368",5-09-20,30,"Lenoir Co. Comm. Coll.","Ozone","Lenoir",35.231459,-77.568792
"5369",5-10-20,51,"Lenoir Co. Comm. Coll.","Ozone","Lenoir",35.231459,-77.568792
"5370",5-11-20,87,"Lenoir Co. Comm. Coll.","Ozone","Lenoir",35.231459,-77.568792
"5371",5-12-20,71,"Lenoir Co. Comm. Coll.","Ozone","Lenoir",35.231459,-77.568792
"5372",NA,50,"Lenoir Co. Comm. Coll.","Ozone","Lenoir",35.231459,-77.568792
"5373",NA,46,"Lenoir Co. Comm. Coll.","Ozone","Lenoir",35.231459,-77.568792
"5374",NA,23,"Lenoir Co. Comm. Coll.","Ozone","Lenoir",35.231459,-77.568792
"5375",NA,31,"Lenoir Co. Comm. Coll.","Ozone","Lenoir",35.231459,-77.568792
"5376",NA,31,"Lenoir Co. Comm. Coll.","Ozone","Lenoir",35.231459,-77.568792
"5377",NA,23,"Lenoir Co. Comm. Coll.","Ozone","Lenoir",35.231459,-77.568792
"5378",NA,24,"Lenoir Co. Comm. Coll.","Ozone","Lenoir",35.231459,-77.568792
"5379",NA,27,"Lenoir Co. Comm. Coll.","Ozone","Lenoir",35.231459,-77.568792
"5380",NA,37,"Lenoir Co. Comm. Coll.","Ozone","Lenoir",35.231459,-77.568792
"5381",NA,28,"Lenoir Co. Comm. Coll.","Ozone","Lenoir",35.231459,-77.568792
"5382",NA,34,"Lenoir Co. Comm. Coll.","Ozone","Lenoir",35.231459,-77.568792
"5383",NA,46,"Lenoir Co. Comm. Coll.","Ozone","Lenoir",35.231459,-77.568792
"5384",NA,45,"Lenoir Co. Comm. Coll.","Ozone","Lenoir",35.231459,-77.568792
"5385",NA,20,"Lenoir Co. Comm. Coll.","Ozone","Lenoir",35.231459,-77.568792
"5386",NA,24,"Lenoir Co. Comm. Coll.","Ozone","Lenoir",35.231459,-77.568792
"5387",NA,21,"Lenoir Co. Comm. Coll.","Ozone","Lenoir",35.231459,-77.568792
"5388",NA,25,"Lenoir Co. Comm. Coll.","Ozone","Lenoir",35.231459,-77.568792
"5389",NA,26,"Lenoir Co. Comm. Coll.","Ozone","Lenoir",35.231459,-77.568792
"5390",NA,21,"Lenoir Co. Comm. Coll.","Ozone","Lenoir",35.231459,-77.568792
"5391",6-01-20,71,"Lenoir Co. Comm. Coll.","Ozone","Lenoir",35.231459,-77.568792
"5392",6-02-20,45,"Lenoir Co. Comm. Coll.","Ozone","Lenoir",35.231459,-77.568792
"5393",6-03-20,45,"Lenoir Co. Comm. Coll.","Ozone","Lenoir",35.231459,-77.568792
"5394",6-04-20,64,"Lenoir Co. Comm. Coll.","Ozone","Lenoir",35.231459,-77.568792
"5395",6-05-20,54,"Lenoir Co. Comm. Coll.","Ozone","Lenoir",35.231459,-77.568792
"5396",6-06-20,108,"Lenoir Co. Comm. Coll.","Ozone","Lenoir",35.231459,-77.568792
"5397",6-07-20,47,"Lenoir Co. Comm. Coll.","Ozone","Lenoir",35.231459,-77.568792
"5398",6-08-20,50,"Lenoir Co. Comm. Coll.","Ozone","Lenoir",35.231459,-77.568792
"5399",6-09-20,34,"Lenoir Co. Comm. Coll.","Ozone","Lenoir",35.231459,-77.568792
"5400",6-10-20,39,"Lenoir Co. Comm. Coll.","Ozone","Lenoir",35.231459,-77.568792
"5401",6-11-20,45,"Lenoir Co. Comm. Coll.","Ozone","Lenoir",35.231459,-77.568792
"5402",6-12-20,31,"Lenoir Co. Comm. Coll.","Ozone","Lenoir",35.231459,-77.568792
"5403",NA,40,"Lenoir Co. Comm. Coll.","Ozone","Lenoir",35.231459,-77.568792
"5404",NA,44,"Lenoir Co. Comm. Coll.","Ozone","Lenoir",35.231459,-77.568792
"5405",NA,46,"Lenoir Co. Comm. Coll.","Ozone","Lenoir",35.231459,-77.568792
"5406",NA,51,"Lenoir Co. Comm. Coll.","Ozone","Lenoir",35.231459,-77.568792
"5407",NA,43,"Lenoir Co. Comm. Coll.","Ozone","Lenoir",35.231459,-77.568792
"5408",NA,67,"Lenoir Co. Comm. Coll.","Ozone","Lenoir",35.231459,-77.568792
"5409",NA,71,"Lenoir Co. Comm. Coll.","Ozone","Lenoir",35.231459,-77.568792
"5410",NA,49,"Lenoir Co. Comm. Coll.","Ozone","Lenoir",35.231459,-77.568792
"5411",NA,45,"Lenoir Co. Comm. Coll.","Ozone","Lenoir",35.231459,-77.568792
"5412",NA,34,"Lenoir Co. Comm. Coll.","Ozone","Lenoir",35.231459,-77.568792
"5413",NA,35,"Lenoir Co. Comm. Coll.","Ozone","Lenoir",35.231459,-77.568792
"5414",NA,40,"Lenoir Co. Comm. Coll.","Ozone","Lenoir",35.231459,-77.568792
"5415",NA,45,"Lenoir Co. Comm. Coll.","Ozone","Lenoir",35.231459,-77.568792
"5416",NA,32,"Lenoir Co. Comm. Coll.","Ozone","Lenoir",35.231459,-77.568792
"5417",NA,41,"Lenoir Co. Comm. Coll.","Ozone","Lenoir",35.231459,-77.568792
"5418",NA,47,"Lenoir Co. Comm. Coll.","Ozone","Lenoir",35.231459,-77.568792
"5419",NA,48,"Lenoir Co. Comm. Coll.","Ozone","Lenoir",35.231459,-77.568792
"5420",NA,40,"Lenoir Co. Comm. Coll.","Ozone","Lenoir",35.231459,-77.568792
"5421",7-01-20,36,"Lenoir Co. Comm. Coll.","Ozone","Lenoir",35.231459,-77.568792
"5422",7-02-20,37,"Lenoir Co. Comm. Coll.","Ozone","Lenoir",35.231459,-77.568792
"5423",7-03-20,45,"Lenoir Co. Comm. Coll.","Ozone","Lenoir",35.231459,-77.568792
"5424",7-04-20,22,"Lenoir Co. Comm. Coll.","Ozone","Lenoir",35.231459,-77.568792
"5425",7-05-20,25,"Lenoir Co. Comm. Coll.","Ozone","Lenoir",35.231459,-77.568792
"5426",7-06-20,28,"Lenoir Co. Comm. Coll.","Ozone","Lenoir",35.231459,-77.568792
"5427",7-07-20,31,"Lenoir Co. Comm. Coll.","Ozone","Lenoir",35.231459,-77.568792
"5428",7-08-20,33,"Lenoir Co. Comm. Coll.","Ozone","Lenoir",35.231459,-77.568792
"5429",7-09-20,43,"Lenoir Co. Comm. Coll.","Ozone","Lenoir",35.231459,-77.568792
"5430",7-10-20,87,"Lenoir Co. Comm. Coll.","Ozone","Lenoir",35.231459,-77.568792
"5431",7-11-20,77,"Lenoir Co. Comm. Coll.","Ozone","Lenoir",35.231459,-77.568792
"5432",7-12-20,45,"Lenoir Co. Comm. Coll.","Ozone","Lenoir",35.231459,-77.568792
"5433",NA,48,"Lenoir Co. Comm. Coll.","Ozone","Lenoir",35.231459,-77.568792
"5434",NA,35,"Lenoir Co. Comm. Coll.","Ozone","Lenoir",35.231459,-77.568792
"5435",NA,42,"Lenoir Co. Comm. Coll.","Ozone","Lenoir",35.231459,-77.568792
"5436",NA,36,"Lenoir Co. Comm. Coll.","Ozone","Lenoir",35.231459,-77.568792
"5437",NA,38,"Lenoir Co. Comm. Coll.","Ozone","Lenoir",35.231459,-77.568792
"5438",NA,47,"Lenoir Co. Comm. Coll.","Ozone","Lenoir",35.231459,-77.568792
"5439",NA,51,"Lenoir Co. Comm. Coll.","Ozone","Lenoir",35.231459,-77.568792
"5440",NA,33,"Lenoir Co. Comm. Coll.","Ozone","Lenoir",35.231459,-77.568792
"5441",NA,34,"Lenoir Co. Comm. Coll.","Ozone","Lenoir",35.231459,-77.568792
"5442",NA,41,"Lenoir Co. Comm. Coll.","Ozone","Lenoir",35.231459,-77.568792
"5443",NA,43,"Lenoir Co. Comm. Coll.","Ozone","Lenoir",35.231459,-77.568792
"5444",NA,40,"Lenoir Co. Comm. Coll.","Ozone","Lenoir",35.231459,-77.568792
"5445",NA,38,"Lenoir Co. Comm. Coll.","Ozone","Lenoir",35.231459,-77.568792
"5446",NA,42,"Lenoir Co. Comm. Coll.","Ozone","Lenoir",35.231459,-77.568792
"5447",NA,29,"Lenoir Co. Comm. Coll.","Ozone","Lenoir",35.231459,-77.568792
"5448",NA,33,"Lenoir Co. Comm. Coll.","Ozone","Lenoir",35.231459,-77.568792
"5449",NA,31,"Lenoir Co. Comm. Coll.","Ozone","Lenoir",35.231459,-77.568792
"5450",NA,24,"Lenoir Co. Comm. Coll.","Ozone","Lenoir",35.231459,-77.568792
"5451",NA,25,"Lenoir Co. Comm. Coll.","Ozone","Lenoir",35.231459,-77.568792
"5452",8-01-20,18,"Lenoir Co. Comm. Coll.","Ozone","Lenoir",35.231459,-77.568792
"5453",8-02-20,16,"Lenoir Co. Comm. Coll.","Ozone","Lenoir",35.231459,-77.568792
"5454",8-03-20,20,"Lenoir Co. Comm. Coll.","Ozone","Lenoir",35.231459,-77.568792
"5455",8-04-20,19,"Lenoir Co. Comm. Coll.","Ozone","Lenoir",35.231459,-77.568792
"5456",8-05-20,31,"Lenoir Co. Comm. Coll.","Ozone","Lenoir",35.231459,-77.568792
"5457",8-06-20,32,"Lenoir Co. Comm. Coll.","Ozone","Lenoir",35.231459,-77.568792
"5458",8-07-20,37,"Lenoir Co. Comm. Coll.","Ozone","Lenoir",35.231459,-77.568792
"5459",8-08-20,38,"Lenoir Co. Comm. Coll.","Ozone","Lenoir",35.231459,-77.568792
"5460",8-09-20,48,"Lenoir Co. Comm. Coll.","Ozone","Lenoir",35.231459,-77.568792
"5461",8-10-20,45,"Lenoir Co. Comm. Coll.","Ozone","Lenoir",35.231459,-77.568792
"5462",8-11-20,35,"Lenoir Co. Comm. Coll.","Ozone","Lenoir",35.231459,-77.568792
"5463",8-12-20,34,"Lenoir Co. Comm. Coll.","Ozone","Lenoir",35.231459,-77.568792
"5464",NA,35,"Lenoir Co. Comm. Coll.","Ozone","Lenoir",35.231459,-77.568792
"5465",NA,37,"Lenoir Co. Comm. Coll.","Ozone","Lenoir",35.231459,-77.568792
"5466",NA,44,"Lenoir Co. Comm. Coll.","Ozone","Lenoir",35.231459,-77.568792
"5467",NA,38,"Lenoir Co. Comm. Coll.","Ozone","Lenoir",35.231459,-77.568792
"5468",NA,28,"Lenoir Co. Comm. Coll.","Ozone","Lenoir",35.231459,-77.568792
"5469",NA,29,"Lenoir Co. Comm. Coll.","Ozone","Lenoir",35.231459,-77.568792
"5470",NA,30,"Lenoir Co. Comm. Coll.","Ozone","Lenoir",35.231459,-77.568792
"5471",NA,31,"Lenoir Co. Comm. Coll.","Ozone","Lenoir",35.231459,-77.568792
"5472",NA,24,"Lenoir Co. Comm. Coll.","Ozone","Lenoir",35.231459,-77.568792
"5473",NA,34,"Lenoir Co. Comm. Coll.","Ozone","Lenoir",35.231459,-77.568792
"5474",NA,40,"Lenoir Co. Comm. Coll.","Ozone","Lenoir",35.231459,-77.568792
"5475",NA,41,"Lenoir Co. Comm. Coll.","Ozone","Lenoir",35.231459,-77.568792
"5476",NA,41,"Lenoir Co. Comm. Coll.","Ozone","Lenoir",35.231459,-77.568792
"5477",NA,44,"Lenoir Co. Comm. Coll.","Ozone","Lenoir",35.231459,-77.568792
"5478",NA,39,"Lenoir Co. Comm. Coll.","Ozone","Lenoir",35.231459,-77.568792
"5479",NA,34,"Lenoir Co. Comm. Coll.","Ozone","Lenoir",35.231459,-77.568792
"5480",NA,30,"Lenoir Co. Comm. Coll.","Ozone","Lenoir",35.231459,-77.568792
"5481",NA,33,"Lenoir Co. Comm. Coll.","Ozone","Lenoir",35.231459,-77.568792
"5482",NA,27,"Lenoir Co. Comm. Coll.","Ozone","Lenoir",35.231459,-77.568792
"5483",9-01-20,21,"Lenoir Co. Comm. Coll.","Ozone","Lenoir",35.231459,-77.568792
"5484",9-02-20,23,"Lenoir Co. Comm. Coll.","Ozone","Lenoir",35.231459,-77.568792
"5485",9-03-20,27,"Lenoir Co. Comm. Coll.","Ozone","Lenoir",35.231459,-77.568792
"5486",9-04-20,30,"Lenoir Co. Comm. Coll.","Ozone","Lenoir",35.231459,-77.568792
"5487",9-05-20,27,"Lenoir Co. Comm. Coll.","Ozone","Lenoir",35.231459,-77.568792
"5488",9-06-20,32,"Lenoir Co. Comm. Coll.","Ozone","Lenoir",35.231459,-77.568792
"5489",9-07-20,36,"Lenoir Co. Comm. Coll.","Ozone","Lenoir",35.231459,-77.568792
"5490",9-08-20,31,"Lenoir Co. Comm. Coll.","Ozone","Lenoir",35.231459,-77.568792
"5491",9-09-20,20,"Lenoir Co. Comm. Coll.","Ozone","Lenoir",35.231459,-77.568792
"5492",NA,37,"Lenoir Co. Comm. Coll.","Ozone","Lenoir",35.231459,-77.568792
"5493",NA,44,"Lenoir Co. Comm. Coll.","Ozone","Lenoir",35.231459,-77.568792
"5494",10-01-20,44,"Lenoir Co. Comm. Coll.","Ozone","Lenoir",35.231459,-77.568792
"5495",10-02-20,41,"Lenoir Co. Comm. Coll.","Ozone","Lenoir",35.231459,-77.568792
"5496",10-03-20,44,"Lenoir Co. Comm. Coll.","Ozone","Lenoir",35.231459,-77.568792
"5497",10-04-20,47,"Lenoir Co. Comm. Coll.","Ozone","Lenoir",35.231459,-77.568792
"5498",10-05-20,44,"Lenoir Co. Comm. Coll.","Ozone","Lenoir",35.231459,-77.568792
"5499",10-06-20,34,"Lenoir Co. Comm. Coll.","Ozone","Lenoir",35.231459,-77.568792
"5500",10-07-20,33,"Lenoir Co. Comm. Coll.","Ozone","Lenoir",35.231459,-77.568792
"5501",10-08-20,33,"Lenoir Co. Comm. Coll.","Ozone","Lenoir",35.231459,-77.568792
"5502",10-09-20,31,"Lenoir Co. Comm. Coll.","Ozone","Lenoir",35.231459,-77.568792
"5503",10-12-20,37,"Lenoir Co. Comm. Coll.","Ozone","Lenoir",35.231459,-77.568792
"5504",NA,38,"Lenoir Co. Comm. Coll.","Ozone","Lenoir",35.231459,-77.568792
"5505",NA,34,"Lenoir Co. Comm. Coll.","Ozone","Lenoir",35.231459,-77.568792
"5506",NA,40,"Lenoir Co. Comm. Coll.","Ozone","Lenoir",35.231459,-77.568792
"5507",NA,32,"Lenoir Co. Comm. Coll.","Ozone","Lenoir",35.231459,-77.568792
"5508",NA,22,"Lenoir Co. Comm. Coll.","Ozone","Lenoir",35.231459,-77.568792
"5509",NA,37,"Lenoir Co. Comm. Coll.","Ozone","Lenoir",35.231459,-77.568792
"5510",NA,42,"Lenoir Co. Comm. Coll.","Ozone","Lenoir",35.231459,-77.568792
"5511",NA,29,"Lenoir Co. Comm. Coll.","Ozone","Lenoir",35.231459,-77.568792
"5512",NA,31,"Lenoir Co. Comm. Coll.","Ozone","Lenoir",35.231459,-77.568792
"5513",NA,32,"Lenoir Co. Comm. Coll.","Ozone","Lenoir",35.231459,-77.568792
"5514",NA,38,"Lenoir Co. Comm. Coll.","Ozone","Lenoir",35.231459,-77.568792
"5515",NA,35,"Lenoir Co. Comm. Coll.","Ozone","Lenoir",35.231459,-77.568792
"5516",NA,31,"Lenoir Co. Comm. Coll.","Ozone","Lenoir",35.231459,-77.568792
"5517",NA,29,"Lenoir Co. Comm. Coll.","Ozone","Lenoir",35.231459,-77.568792
"5518",NA,21,"Lenoir Co. Comm. Coll.","Ozone","Lenoir",35.231459,-77.568792
"5519",NA,36,"Lenoir Co. Comm. Coll.","Ozone","Lenoir",35.231459,-77.568792
"5520",NA,38,"Lenoir Co. Comm. Coll.","Ozone","Lenoir",35.231459,-77.568792
"5521",NA,35,"Lenoir Co. Comm. Coll.","Ozone","Lenoir",35.231459,-77.568792
"5522",NA,42,"Lenoir Co. Comm. Coll.","Ozone","Lenoir",35.231459,-77.568792
"5523",3-01-20,38,"Crouse","Ozone","Lincoln",35.438556,-81.27675
"5524",3-02-20,43,"Crouse","Ozone","Lincoln",35.438556,-81.27675
"5525",3-03-20,42,"Crouse","Ozone","Lincoln",35.438556,-81.27675
"5526",3-04-20,44,"Crouse","Ozone","Lincoln",35.438556,-81.27675
"5527",3-05-20,42,"Crouse","Ozone","Lincoln",35.438556,-81.27675
"5528",3-06-20,19,"Crouse","Ozone","Lincoln",35.438556,-81.27675
"5529",3-09-20,44,"Crouse","Ozone","Lincoln",35.438556,-81.27675
"5530",3-10-20,28,"Crouse","Ozone","Lincoln",35.438556,-81.27675
"5531",3-11-20,25,"Crouse","Ozone","Lincoln",35.438556,-81.27675
"5532",3-12-20,38,"Crouse","Ozone","Lincoln",35.438556,-81.27675
"5533",NA,41,"Crouse","Ozone","Lincoln",35.438556,-81.27675
"5534",NA,54,"Crouse","Ozone","Lincoln",35.438556,-81.27675
"5535",NA,58,"Crouse","Ozone","Lincoln",35.438556,-81.27675
"5536",NA,47,"Crouse","Ozone","Lincoln",35.438556,-81.27675
"5537",NA,44,"Crouse","Ozone","Lincoln",35.438556,-81.27675
"5538",NA,36,"Crouse","Ozone","Lincoln",35.438556,-81.27675
"5539",NA,26,"Crouse","Ozone","Lincoln",35.438556,-81.27675
"5540",NA,45,"Crouse","Ozone","Lincoln",35.438556,-81.27675
"5541",NA,48,"Crouse","Ozone","Lincoln",35.438556,-81.27675
"5542",NA,41,"Crouse","Ozone","Lincoln",35.438556,-81.27675
"5543",NA,44,"Crouse","Ozone","Lincoln",35.438556,-81.27675
"5544",NA,44,"Crouse","Ozone","Lincoln",35.438556,-81.27675
"5545",NA,35,"Crouse","Ozone","Lincoln",35.438556,-81.27675
"5546",NA,44,"Crouse","Ozone","Lincoln",35.438556,-81.27675
"5547",NA,47,"Crouse","Ozone","Lincoln",35.438556,-81.27675
"5548",NA,41,"Crouse","Ozone","Lincoln",35.438556,-81.27675
"5549",NA,49,"Crouse","Ozone","Lincoln",35.438556,-81.27675
"5550",4-01-20,51,"Crouse","Ozone","Lincoln",35.438556,-81.27675
"5551",4-02-20,51,"Crouse","Ozone","Lincoln",35.438556,-81.27675
"5552",4-03-20,42,"Crouse","Ozone","Lincoln",35.438556,-81.27675
"5553",4-05-20,49,"Crouse","Ozone","Lincoln",35.438556,-81.27675
"5554",4-06-20,48,"Crouse","Ozone","Lincoln",35.438556,-81.27675
"5555",4-08-20,43,"Crouse","Ozone","Lincoln",35.438556,-81.27675
"5556",4-09-20,38,"Crouse","Ozone","Lincoln",35.438556,-81.27675
"5557",4-10-20,44,"Crouse","Ozone","Lincoln",35.438556,-81.27675
"5558",4-11-20,47,"Crouse","Ozone","Lincoln",35.438556,-81.27675
"5559",4-12-20,51,"Crouse","Ozone","Lincoln",35.438556,-81.27675
"5560",NA,67,"Crouse","Ozone","Lincoln",35.438556,-81.27675
"5561",NA,46,"Crouse","Ozone","Lincoln",35.438556,-81.27675
"5562",NA,34,"Crouse","Ozone","Lincoln",35.438556,-81.27675
"5563",NA,54,"Crouse","Ozone","Lincoln",35.438556,-81.27675
"5564",NA,77,"Crouse","Ozone","Lincoln",35.438556,-81.27675
"5565",NA,44,"Crouse","Ozone","Lincoln",35.438556,-81.27675
"5566",NA,61,"Crouse","Ozone","Lincoln",35.438556,-81.27675
"5567",NA,90,"Crouse","Ozone","Lincoln",35.438556,-81.27675
"5568",NA,51,"Crouse","Ozone","Lincoln",35.438556,-81.27675
"5569",NA,39,"Crouse","Ozone","Lincoln",35.438556,-81.27675
"5570",NA,30,"Crouse","Ozone","Lincoln",35.438556,-81.27675
"5571",NA,41,"Crouse","Ozone","Lincoln",35.438556,-81.27675
"5572",NA,40,"Crouse","Ozone","Lincoln",35.438556,-81.27675
"5573",NA,41,"Crouse","Ozone","Lincoln",35.438556,-81.27675
"5574",NA,61,"Crouse","Ozone","Lincoln",35.438556,-81.27675
"5575",NA,44,"Crouse","Ozone","Lincoln",35.438556,-81.27675
"5576",NA,54,"Crouse","Ozone","Lincoln",35.438556,-81.27675
"5577",5-01-20,74,"Crouse","Ozone","Lincoln",35.438556,-81.27675
"5578",5-02-20,74,"Crouse","Ozone","Lincoln",35.438556,-81.27675
"5579",5-03-20,61,"Crouse","Ozone","Lincoln",35.438556,-81.27675
"5580",5-04-20,67,"Crouse","Ozone","Lincoln",35.438556,-81.27675
"5581",5-05-20,37,"Crouse","Ozone","Lincoln",35.438556,-81.27675
"5582",5-06-20,44,"Crouse","Ozone","Lincoln",35.438556,-81.27675
"5583",5-07-20,61,"Crouse","Ozone","Lincoln",35.438556,-81.27675
"5584",5-08-20,61,"Crouse","Ozone","Lincoln",35.438556,-81.27675
"5585",5-09-20,58,"Crouse","Ozone","Lincoln",35.438556,-81.27675
"5586",5-10-20,67,"Crouse","Ozone","Lincoln",35.438556,-81.27675
"5587",5-11-20,61,"Crouse","Ozone","Lincoln",35.438556,-81.27675
"5588",5-12-20,61,"Crouse","Ozone","Lincoln",35.438556,-81.27675
"5589",NA,54,"Crouse","Ozone","Lincoln",35.438556,-81.27675
"5590",NA,71,"Crouse","Ozone","Lincoln",35.438556,-81.27675
"5591",NA,24,"Crouse","Ozone","Lincoln",35.438556,-81.27675
"5592",NA,26,"Crouse","Ozone","Lincoln",35.438556,-81.27675
"5593",NA,28,"Crouse","Ozone","Lincoln",35.438556,-81.27675
"5594",NA,27,"Crouse","Ozone","Lincoln",35.438556,-81.27675
"5595",NA,32,"Crouse","Ozone","Lincoln",35.438556,-81.27675
"5596",NA,38,"Crouse","Ozone","Lincoln",35.438556,-81.27675
"5597",NA,30,"Crouse","Ozone","Lincoln",35.438556,-81.27675
"5598",NA,30,"Crouse","Ozone","Lincoln",35.438556,-81.27675
"5599",NA,34,"Crouse","Ozone","Lincoln",35.438556,-81.27675
"5600",NA,34,"Crouse","Ozone","Lincoln",35.438556,-81.27675
"5601",NA,25,"Crouse","Ozone","Lincoln",35.438556,-81.27675
"5602",NA,27,"Crouse","Ozone","Lincoln",35.438556,-81.27675
"5603",NA,21,"Crouse","Ozone","Lincoln",35.438556,-81.27675
"5604",NA,16,"Crouse","Ozone","Lincoln",35.438556,-81.27675
"5605",NA,23,"Crouse","Ozone","Lincoln",35.438556,-81.27675
"5606",NA,24,"Crouse","Ozone","Lincoln",35.438556,-81.27675
"5607",NA,36,"Crouse","Ozone","Lincoln",35.438556,-81.27675
"5608",6-01-20,42,"Crouse","Ozone","Lincoln",35.438556,-81.27675
"5609",6-02-20,42,"Crouse","Ozone","Lincoln",35.438556,-81.27675
"5610",6-03-20,42,"Crouse","Ozone","Lincoln",35.438556,-81.27675
"5611",6-04-20,51,"Crouse","Ozone","Lincoln",35.438556,-81.27675
"5612",6-05-20,54,"Crouse","Ozone","Lincoln",35.438556,-81.27675
"5613",6-06-20,54,"Crouse","Ozone","Lincoln",35.438556,-81.27675
"5614",6-07-20,67,"Crouse","Ozone","Lincoln",35.438556,-81.27675
"5615",6-08-20,84,"Crouse","Ozone","Lincoln",35.438556,-81.27675
"5616",6-09-20,61,"Crouse","Ozone","Lincoln",35.438556,-81.27675
"5617",6-10-20,49,"Crouse","Ozone","Lincoln",35.438556,-81.27675
"5618",6-11-20,44,"Crouse","Ozone","Lincoln",35.438556,-81.27675
"5619",6-12-20,25,"Crouse","Ozone","Lincoln",35.438556,-81.27675
"5620",NA,44,"Crouse","Ozone","Lincoln",35.438556,-81.27675
"5621",NA,38,"Crouse","Ozone","Lincoln",35.438556,-81.27675
"5622",NA,51,"Crouse","Ozone","Lincoln",35.438556,-81.27675
"5623",NA,84,"Crouse","Ozone","Lincoln",35.438556,-81.27675
"5624",NA,46,"Crouse","Ozone","Lincoln",35.438556,-81.27675
"5625",NA,46,"Crouse","Ozone","Lincoln",35.438556,-81.27675
"5626",NA,41,"Crouse","Ozone","Lincoln",35.438556,-81.27675
"5627",NA,35,"Crouse","Ozone","Lincoln",35.438556,-81.27675
"5628",NA,30,"Crouse","Ozone","Lincoln",35.438556,-81.27675
"5629",NA,51,"Crouse","Ozone","Lincoln",35.438556,-81.27675
"5630",NA,42,"Crouse","Ozone","Lincoln",35.438556,-81.27675
"5631",NA,37,"Crouse","Ozone","Lincoln",35.438556,-81.27675
"5632",NA,42,"Crouse","Ozone","Lincoln",35.438556,-81.27675
"5633",NA,34,"Crouse","Ozone","Lincoln",35.438556,-81.27675
"5634",NA,34,"Crouse","Ozone","Lincoln",35.438556,-81.27675
"5635",NA,31,"Crouse","Ozone","Lincoln",35.438556,-81.27675
"5636",NA,58,"Crouse","Ozone","Lincoln",35.438556,-81.27675
"5637",NA,47,"Crouse","Ozone","Lincoln",35.438556,-81.27675
"5638",7-01-20,37,"Crouse","Ozone","Lincoln",35.438556,-81.27675
"5639",7-02-20,34,"Crouse","Ozone","Lincoln",35.438556,-81.27675
"5640",7-03-20,61,"Crouse","Ozone","Lincoln",35.438556,-81.27675
"5641",7-04-20,43,"Crouse","Ozone","Lincoln",35.438556,-81.27675
"5642",7-05-20,37,"Crouse","Ozone","Lincoln",35.438556,-81.27675
"5643",7-06-20,33,"Crouse","Ozone","Lincoln",35.438556,-81.27675
"5644",7-07-20,27,"Crouse","Ozone","Lincoln",35.438556,-81.27675
"5645",7-08-20,44,"Crouse","Ozone","Lincoln",35.438556,-81.27675
"5646",7-09-20,46,"Crouse","Ozone","Lincoln",35.438556,-81.27675
"5647",7-10-20,49,"Crouse","Ozone","Lincoln",35.438556,-81.27675
"5648",7-11-20,49,"Crouse","Ozone","Lincoln",35.438556,-81.27675
"5649",7-12-20,61,"Crouse","Ozone","Lincoln",35.438556,-81.27675
"5650",NA,51,"Crouse","Ozone","Lincoln",35.438556,-81.27675
"5651",NA,49,"Crouse","Ozone","Lincoln",35.438556,-81.27675
"5652",NA,41,"Crouse","Ozone","Lincoln",35.438556,-81.27675
"5653",NA,31,"Crouse","Ozone","Lincoln",35.438556,-81.27675
"5654",NA,41,"Crouse","Ozone","Lincoln",35.438556,-81.27675
"5655",NA,51,"Crouse","Ozone","Lincoln",35.438556,-81.27675
"5656",NA,31,"Crouse","Ozone","Lincoln",35.438556,-81.27675
"5657",NA,51,"Crouse","Ozone","Lincoln",35.438556,-81.27675
"5658",NA,46,"Crouse","Ozone","Lincoln",35.438556,-81.27675
"5659",NA,38,"Crouse","Ozone","Lincoln",35.438556,-81.27675
"5660",NA,35,"Crouse","Ozone","Lincoln",35.438556,-81.27675
"5661",NA,45,"Crouse","Ozone","Lincoln",35.438556,-81.27675
"5662",NA,38,"Crouse","Ozone","Lincoln",35.438556,-81.27675
"5663",NA,40,"Crouse","Ozone","Lincoln",35.438556,-81.27675
"5664",NA,46,"Crouse","Ozone","Lincoln",35.438556,-81.27675
"5665",NA,41,"Crouse","Ozone","Lincoln",35.438556,-81.27675
"5666",NA,46,"Crouse","Ozone","Lincoln",35.438556,-81.27675
"5667",NA,41,"Crouse","Ozone","Lincoln",35.438556,-81.27675
"5668",NA,30,"Crouse","Ozone","Lincoln",35.438556,-81.27675
"5669",8-01-20,23,"Crouse","Ozone","Lincoln",35.438556,-81.27675
"5670",8-02-20,25,"Crouse","Ozone","Lincoln",35.438556,-81.27675
"5671",8-03-20,25,"Crouse","Ozone","Lincoln",35.438556,-81.27675
"5672",8-04-20,40,"Crouse","Ozone","Lincoln",35.438556,-81.27675
"5673",8-05-20,34,"Crouse","Ozone","Lincoln",35.438556,-81.27675
"5674",8-06-20,35,"Crouse","Ozone","Lincoln",35.438556,-81.27675
"5675",8-07-20,38,"Crouse","Ozone","Lincoln",35.438556,-81.27675
"5676",8-08-20,37,"Crouse","Ozone","Lincoln",35.438556,-81.27675
"5677",8-09-20,35,"Crouse","Ozone","Lincoln",35.438556,-81.27675
"5678",8-10-20,45,"Crouse","Ozone","Lincoln",35.438556,-81.27675
"5679",8-11-20,36,"Crouse","Ozone","Lincoln",35.438556,-81.27675
"5680",8-12-20,35,"Crouse","Ozone","Lincoln",35.438556,-81.27675
"5681",NA,39,"Crouse","Ozone","Lincoln",35.438556,-81.27675
"5682",NA,38,"Crouse","Ozone","Lincoln",35.438556,-81.27675
"5683",NA,43,"Crouse","Ozone","Lincoln",35.438556,-81.27675
"5684",NA,44,"Crouse","Ozone","Lincoln",35.438556,-81.27675
"5685",NA,33,"Crouse","Ozone","Lincoln",35.438556,-81.27675
"5686",NA,31,"Crouse","Ozone","Lincoln",35.438556,-81.27675
"5687",NA,30,"Crouse","Ozone","Lincoln",35.438556,-81.27675
"5688",NA,31,"Crouse","Ozone","Lincoln",35.438556,-81.27675
"5689",NA,28,"Crouse","Ozone","Lincoln",35.438556,-81.27675
"5690",NA,35,"Crouse","Ozone","Lincoln",35.438556,-81.27675
"5691",NA,42,"Crouse","Ozone","Lincoln",35.438556,-81.27675
"5692",NA,48,"Crouse","Ozone","Lincoln",35.438556,-81.27675
"5693",NA,44,"Crouse","Ozone","Lincoln",35.438556,-81.27675
"5694",NA,44,"Crouse","Ozone","Lincoln",35.438556,-81.27675
"5695",NA,48,"Crouse","Ozone","Lincoln",35.438556,-81.27675
"5696",NA,43,"Crouse","Ozone","Lincoln",35.438556,-81.27675
"5697",NA,46,"Crouse","Ozone","Lincoln",35.438556,-81.27675
"5698",NA,44,"Crouse","Ozone","Lincoln",35.438556,-81.27675
"5699",NA,46,"Crouse","Ozone","Lincoln",35.438556,-81.27675
"5700",9-01-20,40,"Crouse","Ozone","Lincoln",35.438556,-81.27675
"5701",9-02-20,33,"Crouse","Ozone","Lincoln",35.438556,-81.27675
"5702",9-03-20,35,"Crouse","Ozone","Lincoln",35.438556,-81.27675
"5703",9-04-20,41,"Crouse","Ozone","Lincoln",35.438556,-81.27675
"5704",9-05-20,42,"Crouse","Ozone","Lincoln",35.438556,-81.27675
"5705",9-06-20,44,"Crouse","Ozone","Lincoln",35.438556,-81.27675
"5706",9-07-20,50,"Crouse","Ozone","Lincoln",35.438556,-81.27675
"5707",9-08-20,40,"Crouse","Ozone","Lincoln",35.438556,-81.27675
"5708",9-09-20,26,"Crouse","Ozone","Lincoln",35.438556,-81.27675
"5709",9-10-20,31,"Crouse","Ozone","Lincoln",35.438556,-81.27675
"5710",NA,46,"Crouse","Ozone","Lincoln",35.438556,-81.27675
"5711",NA,54,"Crouse","Ozone","Lincoln",35.438556,-81.27675
"5712",NA,43,"Crouse","Ozone","Lincoln",35.438556,-81.27675
"5713",NA,44,"Crouse","Ozone","Lincoln",35.438556,-81.27675
"5714",NA,31,"Crouse","Ozone","Lincoln",35.438556,-81.27675
"5715",NA,13,"Crouse","Ozone","Lincoln",35.438556,-81.27675
"5716",NA,28,"Crouse","Ozone","Lincoln",35.438556,-81.27675
"5717",NA,33,"Crouse","Ozone","Lincoln",35.438556,-81.27675
"5718",NA,27,"Crouse","Ozone","Lincoln",35.438556,-81.27675
"5719",NA,20,"Crouse","Ozone","Lincoln",35.438556,-81.27675
"5720",NA,28,"Crouse","Ozone","Lincoln",35.438556,-81.27675
"5721",NA,31,"Crouse","Ozone","Lincoln",35.438556,-81.27675
"5722",10-01-20,46,"Crouse","Ozone","Lincoln",35.438556,-81.27675
"5723",10-02-20,43,"Crouse","Ozone","Lincoln",35.438556,-81.27675
"5724",10-03-20,33,"Crouse","Ozone","Lincoln",35.438556,-81.27675
"5725",10-04-20,35,"Crouse","Ozone","Lincoln",35.438556,-81.27675
"5726",10-05-20,36,"Crouse","Ozone","Lincoln",35.438556,-81.27675
"5727",10-06-20,42,"Crouse","Ozone","Lincoln",35.438556,-81.27675
"5728",10-07-20,35,"Crouse","Ozone","Lincoln",35.438556,-81.27675
"5729",10-08-20,33,"Crouse","Ozone","Lincoln",35.438556,-81.27675
"5730",10-09-20,24,"Crouse","Ozone","Lincoln",35.438556,-81.27675
"5731",10-10-20,14,"Crouse","Ozone","Lincoln",35.438556,-81.27675
"5732",NA,37,"Crouse","Ozone","Lincoln",35.438556,-81.27675
"5733",NA,23,"Crouse","Ozone","Lincoln",35.438556,-81.27675
"5734",NA,42,"Crouse","Ozone","Lincoln",35.438556,-81.27675
"5735",NA,34,"Crouse","Ozone","Lincoln",35.438556,-81.27675
"5736",NA,33,"Crouse","Ozone","Lincoln",35.438556,-81.27675
"5737",NA,34,"Crouse","Ozone","Lincoln",35.438556,-81.27675
"5738",NA,37,"Crouse","Ozone","Lincoln",35.438556,-81.27675
"5739",NA,21,"Crouse","Ozone","Lincoln",35.438556,-81.27675
"5740",NA,20,"Crouse","Ozone","Lincoln",35.438556,-81.27675
"5741",NA,25,"Crouse","Ozone","Lincoln",35.438556,-81.27675
"5742",NA,38,"Crouse","Ozone","Lincoln",35.438556,-81.27675
"5743",NA,36,"Crouse","Ozone","Lincoln",35.438556,-81.27675
"5744",NA,45,"Crouse","Ozone","Lincoln",35.438556,-81.27675
"5745",1-01-20,31,"Coweeta","Ozone","Macon",35.0608,-83.4306
"5746",1-02-20,31,"Coweeta","Ozone","Macon",35.0608,-83.4306
"5747",1-03-20,34,"Coweeta","Ozone","Macon",35.0608,-83.4306
"5748",1-04-20,34,"Coweeta","Ozone","Macon",35.0608,-83.4306
"5749",1-05-20,41,"Coweeta","Ozone","Macon",35.0608,-83.4306
"5750",1-06-20,35,"Coweeta","Ozone","Macon",35.0608,-83.4306
"5751",1-09-20,19,"Coweeta","Ozone","Macon",35.0608,-83.4306
"5752",1-10-20,27,"Coweeta","Ozone","Macon",35.0608,-83.4306
"5753",1-11-20,31,"Coweeta","Ozone","Macon",35.0608,-83.4306
"5754",NA,34,"Coweeta","Ozone","Macon",35.0608,-83.4306
"5755",NA,28,"Coweeta","Ozone","Macon",35.0608,-83.4306
"5756",NA,29,"Coweeta","Ozone","Macon",35.0608,-83.4306
"5757",NA,34,"Coweeta","Ozone","Macon",35.0608,-83.4306
"5758",NA,35,"Coweeta","Ozone","Macon",35.0608,-83.4306
"5759",NA,31,"Coweeta","Ozone","Macon",35.0608,-83.4306
"5760",NA,29,"Coweeta","Ozone","Macon",35.0608,-83.4306
"5761",NA,35,"Coweeta","Ozone","Macon",35.0608,-83.4306
"5762",NA,20,"Coweeta","Ozone","Macon",35.0608,-83.4306
"5763",NA,36,"Coweeta","Ozone","Macon",35.0608,-83.4306
"5764",NA,37,"Coweeta","Ozone","Macon",35.0608,-83.4306
"5765",NA,34,"Coweeta","Ozone","Macon",35.0608,-83.4306
"5766",NA,33,"Coweeta","Ozone","Macon",35.0608,-83.4306
"5767",NA,38,"Coweeta","Ozone","Macon",35.0608,-83.4306
"5768",NA,34,"Coweeta","Ozone","Macon",35.0608,-83.4306
"5769",NA,22,"Coweeta","Ozone","Macon",35.0608,-83.4306
"5770",NA,37,"Coweeta","Ozone","Macon",35.0608,-83.4306
"5771",NA,36,"Coweeta","Ozone","Macon",35.0608,-83.4306
"5772",NA,33,"Coweeta","Ozone","Macon",35.0608,-83.4306
"5773",2-01-20,39,"Coweeta","Ozone","Macon",35.0608,-83.4306
"5774",2-02-20,40,"Coweeta","Ozone","Macon",35.0608,-83.4306
"5775",2-03-20,35,"Coweeta","Ozone","Macon",35.0608,-83.4306
"5776",2-04-20,29,"Coweeta","Ozone","Macon",35.0608,-83.4306
"5777",2-05-20,33,"Coweeta","Ozone","Macon",35.0608,-83.4306
"5778",2-06-20,31,"Coweeta","Ozone","Macon",35.0608,-83.4306
"5779",2-07-20,28,"Coweeta","Ozone","Macon",35.0608,-83.4306
"5780",2-08-20,34,"Coweeta","Ozone","Macon",35.0608,-83.4306
"5781",2-09-20,38,"Coweeta","Ozone","Macon",35.0608,-83.4306
"5782",2-10-20,30,"Coweeta","Ozone","Macon",35.0608,-83.4306
"5783",2-11-20,24,"Coweeta","Ozone","Macon",35.0608,-83.4306
"5784",2-12-20,20,"Coweeta","Ozone","Macon",35.0608,-83.4306
"5785",NA,27,"Coweeta","Ozone","Macon",35.0608,-83.4306
"5786",NA,16,"Coweeta","Ozone","Macon",35.0608,-83.4306
"5787",NA,31,"Coweeta","Ozone","Macon",35.0608,-83.4306
"5788",NA,28,"Coweeta","Ozone","Macon",35.0608,-83.4306
"5789",NA,29,"Coweeta","Ozone","Macon",35.0608,-83.4306
"5790",NA,34,"Coweeta","Ozone","Macon",35.0608,-83.4306
"5791",NA,27,"Coweeta","Ozone","Macon",35.0608,-83.4306
"5792",NA,26,"Coweeta","Ozone","Macon",35.0608,-83.4306
"5793",NA,25,"Coweeta","Ozone","Macon",35.0608,-83.4306
"5794",NA,25,"Coweeta","Ozone","Macon",35.0608,-83.4306
"5795",NA,32,"Coweeta","Ozone","Macon",35.0608,-83.4306
"5796",NA,35,"Coweeta","Ozone","Macon",35.0608,-83.4306
"5797",NA,34,"Coweeta","Ozone","Macon",35.0608,-83.4306
"5798",NA,34,"Coweeta","Ozone","Macon",35.0608,-83.4306
"5799",NA,43,"Coweeta","Ozone","Macon",35.0608,-83.4306
"5800",NA,35,"Coweeta","Ozone","Macon",35.0608,-83.4306
"5801",3-01-20,42,"Coweeta","Ozone","Macon",35.0608,-83.4306
"5802",3-02-20,46,"Coweeta","Ozone","Macon",35.0608,-83.4306
"5803",3-03-20,44,"Coweeta","Ozone","Macon",35.0608,-83.4306
"5804",3-04-20,43,"Coweeta","Ozone","Macon",35.0608,-83.4306
"5805",3-05-20,44,"Coweeta","Ozone","Macon",35.0608,-83.4306
"5806",3-06-20,35,"Coweeta","Ozone","Macon",35.0608,-83.4306
"5807",3-07-20,37,"Coweeta","Ozone","Macon",35.0608,-83.4306
"5808",3-08-20,41,"Coweeta","Ozone","Macon",35.0608,-83.4306
"5809",3-09-20,45,"Coweeta","Ozone","Macon",35.0608,-83.4306
"5810",3-10-20,48,"Coweeta","Ozone","Macon",35.0608,-83.4306
"5811",3-11-20,37,"Coweeta","Ozone","Macon",35.0608,-83.4306
"5812",3-12-20,45,"Coweeta","Ozone","Macon",35.0608,-83.4306
"5813",NA,44,"Coweeta","Ozone","Macon",35.0608,-83.4306
"5814",NA,45,"Coweeta","Ozone","Macon",35.0608,-83.4306
"5815",NA,54,"Coweeta","Ozone","Macon",35.0608,-83.4306
"5816",NA,67,"Coweeta","Ozone","Macon",35.0608,-83.4306
"5817",NA,46,"Coweeta","Ozone","Macon",35.0608,-83.4306
"5818",NA,45,"Coweeta","Ozone","Macon",35.0608,-83.4306
"5819",NA,40,"Coweeta","Ozone","Macon",35.0608,-83.4306
"5820",NA,41,"Coweeta","Ozone","Macon",35.0608,-83.4306
"5821",NA,42,"Coweeta","Ozone","Macon",35.0608,-83.4306
"5822",NA,45,"Coweeta","Ozone","Macon",35.0608,-83.4306
"5823",NA,46,"Coweeta","Ozone","Macon",35.0608,-83.4306
"5824",NA,44,"Coweeta","Ozone","Macon",35.0608,-83.4306
"5825",NA,44,"Coweeta","Ozone","Macon",35.0608,-83.4306
"5826",NA,45,"Coweeta","Ozone","Macon",35.0608,-83.4306
"5827",NA,39,"Coweeta","Ozone","Macon",35.0608,-83.4306
"5828",NA,44,"Coweeta","Ozone","Macon",35.0608,-83.4306
"5829",NA,47,"Coweeta","Ozone","Macon",35.0608,-83.4306
"5830",NA,43,"Coweeta","Ozone","Macon",35.0608,-83.4306
"5831",NA,45,"Coweeta","Ozone","Macon",35.0608,-83.4306
"5832",4-01-20,47,"Coweeta","Ozone","Macon",35.0608,-83.4306
"5833",4-02-20,61,"Coweeta","Ozone","Macon",35.0608,-83.4306
"5834",4-03-20,43,"Coweeta","Ozone","Macon",35.0608,-83.4306
"5835",4-04-20,46,"Coweeta","Ozone","Macon",35.0608,-83.4306
"5836",4-05-20,48,"Coweeta","Ozone","Macon",35.0608,-83.4306
"5837",4-06-20,45,"Coweeta","Ozone","Macon",35.0608,-83.4306
"5838",4-07-20,39,"Coweeta","Ozone","Macon",35.0608,-83.4306
"5839",4-08-20,36,"Coweeta","Ozone","Macon",35.0608,-83.4306
"5840",4-09-20,32,"Coweeta","Ozone","Macon",35.0608,-83.4306
"5841",4-10-20,40,"Coweeta","Ozone","Macon",35.0608,-83.4306
"5842",4-11-20,43,"Coweeta","Ozone","Macon",35.0608,-83.4306
"5843",4-12-20,93,"Coweeta","Ozone","Macon",35.0608,-83.4306
"5844",NA,77,"Coweeta","Ozone","Macon",35.0608,-83.4306
"5845",NA,46,"Coweeta","Ozone","Macon",35.0608,-83.4306
"5846",NA,39,"Coweeta","Ozone","Macon",35.0608,-83.4306
"5847",NA,45,"Coweeta","Ozone","Macon",35.0608,-83.4306
"5848",NA,61,"Coweeta","Ozone","Macon",35.0608,-83.4306
"5849",NA,67,"Coweeta","Ozone","Macon",35.0608,-83.4306
"5850",NA,44,"Coweeta","Ozone","Macon",35.0608,-83.4306
"5851",NA,50,"Coweeta","Ozone","Macon",35.0608,-83.4306
"5852",NA,84,"Coweeta","Ozone","Macon",35.0608,-83.4306
"5853",NA,44,"Coweeta","Ozone","Macon",35.0608,-83.4306
"5854",NA,44,"Coweeta","Ozone","Macon",35.0608,-83.4306
"5855",NA,40,"Coweeta","Ozone","Macon",35.0608,-83.4306
"5856",NA,40,"Coweeta","Ozone","Macon",35.0608,-83.4306
"5857",NA,33,"Coweeta","Ozone","Macon",35.0608,-83.4306
"5858",NA,54,"Coweeta","Ozone","Macon",35.0608,-83.4306
"5859",NA,64,"Coweeta","Ozone","Macon",35.0608,-83.4306
"5860",NA,51,"Coweeta","Ozone","Macon",35.0608,-83.4306
"5861",NA,49,"Coweeta","Ozone","Macon",35.0608,-83.4306
"5862",5-01-20,80,"Coweeta","Ozone","Macon",35.0608,-83.4306
"5863",5-02-20,71,"Coweeta","Ozone","Macon",35.0608,-83.4306
"5864",5-03-20,67,"Coweeta","Ozone","Macon",35.0608,-83.4306
"5865",5-04-20,45,"Coweeta","Ozone","Macon",35.0608,-83.4306
"5866",5-05-20,48,"Coweeta","Ozone","Macon",35.0608,-83.4306
"5867",5-06-20,58,"Coweeta","Ozone","Macon",35.0608,-83.4306
"5868",5-07-20,44,"Coweeta","Ozone","Macon",35.0608,-83.4306
"5869",5-08-20,47,"Coweeta","Ozone","Macon",35.0608,-83.4306
"5870",5-09-20,43,"Coweeta","Ozone","Macon",35.0608,-83.4306
"5871",5-10-20,46,"Coweeta","Ozone","Macon",35.0608,-83.4306
"5872",5-11-20,46,"Coweeta","Ozone","Macon",35.0608,-83.4306
"5873",5-12-20,44,"Coweeta","Ozone","Macon",35.0608,-83.4306
"5874",NA,44,"Coweeta","Ozone","Macon",35.0608,-83.4306
"5875",NA,39,"Coweeta","Ozone","Macon",35.0608,-83.4306
"5876",NA,26,"Coweeta","Ozone","Macon",35.0608,-83.4306
"5877",NA,16,"Coweeta","Ozone","Macon",35.0608,-83.4306
"5878",NA,19,"Coweeta","Ozone","Macon",35.0608,-83.4306
"5879",NA,38,"Coweeta","Ozone","Macon",35.0608,-83.4306
"5880",NA,37,"Coweeta","Ozone","Macon",35.0608,-83.4306
"5881",NA,29,"Coweeta","Ozone","Macon",35.0608,-83.4306
"5882",NA,34,"Coweeta","Ozone","Macon",35.0608,-83.4306
"5883",NA,25,"Coweeta","Ozone","Macon",35.0608,-83.4306
"5884",NA,28,"Coweeta","Ozone","Macon",35.0608,-83.4306
"5885",NA,35,"Coweeta","Ozone","Macon",35.0608,-83.4306
"5886",NA,31,"Coweeta","Ozone","Macon",35.0608,-83.4306
"5887",NA,25,"Coweeta","Ozone","Macon",35.0608,-83.4306
"5888",NA,24,"Coweeta","Ozone","Macon",35.0608,-83.4306
"5889",NA,24,"Coweeta","Ozone","Macon",35.0608,-83.4306
"5890",NA,24,"Coweeta","Ozone","Macon",35.0608,-83.4306
"5891",NA,27,"Coweeta","Ozone","Macon",35.0608,-83.4306
"5892",6-01-20,34,"Coweeta","Ozone","Macon",35.0608,-83.4306
"5893",6-02-20,36,"Coweeta","Ozone","Macon",35.0608,-83.4306
"5894",6-03-20,35,"Coweeta","Ozone","Macon",35.0608,-83.4306
"5895",6-04-20,51,"Coweeta","Ozone","Macon",35.0608,-83.4306
"5896",6-05-20,44,"Coweeta","Ozone","Macon",35.0608,-83.4306
"5897",6-06-20,48,"Coweeta","Ozone","Macon",35.0608,-83.4306
"5898",6-07-20,47,"Coweeta","Ozone","Macon",35.0608,-83.4306
"5899",6-08-20,48,"Coweeta","Ozone","Macon",35.0608,-83.4306
"5900",6-09-20,36,"Coweeta","Ozone","Macon",35.0608,-83.4306
"5901",6-10-20,26,"Coweeta","Ozone","Macon",35.0608,-83.4306
"5902",6-11-20,20,"Coweeta","Ozone","Macon",35.0608,-83.4306
"5903",6-12-20,32,"Coweeta","Ozone","Macon",35.0608,-83.4306
"5904",NA,23,"Coweeta","Ozone","Macon",35.0608,-83.4306
"5905",NA,35,"Coweeta","Ozone","Macon",35.0608,-83.4306
"5906",NA,44,"Coweeta","Ozone","Macon",35.0608,-83.4306
"5907",NA,31,"Coweeta","Ozone","Macon",35.0608,-83.4306
"5908",NA,41,"Coweeta","Ozone","Macon",35.0608,-83.4306
"5909",NA,29,"Coweeta","Ozone","Macon",35.0608,-83.4306
"5910",NA,31,"Coweeta","Ozone","Macon",35.0608,-83.4306
"5911",NA,18,"Coweeta","Ozone","Macon",35.0608,-83.4306
"5912",NA,19,"Coweeta","Ozone","Macon",35.0608,-83.4306
"5913",NA,41,"Coweeta","Ozone","Macon",35.0608,-83.4306
"5914",NA,31,"Coweeta","Ozone","Macon",35.0608,-83.4306
"5915",NA,32,"Coweeta","Ozone","Macon",35.0608,-83.4306
"5916",NA,24,"Coweeta","Ozone","Macon",35.0608,-83.4306
"5917",NA,18,"Coweeta","Ozone","Macon",35.0608,-83.4306
"5918",NA,24,"Coweeta","Ozone","Macon",35.0608,-83.4306
"5919",NA,22,"Coweeta","Ozone","Macon",35.0608,-83.4306
"5920",NA,30,"Coweeta","Ozone","Macon",35.0608,-83.4306
"5921",NA,39,"Coweeta","Ozone","Macon",35.0608,-83.4306
"5922",7-01-20,28,"Coweeta","Ozone","Macon",35.0608,-83.4306
"5923",7-02-20,29,"Coweeta","Ozone","Macon",35.0608,-83.4306
"5924",7-03-20,27,"Coweeta","Ozone","Macon",35.0608,-83.4306
"5925",7-04-20,31,"Coweeta","Ozone","Macon",35.0608,-83.4306
"5926",7-05-20,19,"Coweeta","Ozone","Macon",35.0608,-83.4306
"5927",7-06-20,21,"Coweeta","Ozone","Macon",35.0608,-83.4306
"5928",7-07-20,20,"Coweeta","Ozone","Macon",35.0608,-83.4306
"5929",7-08-20,27,"Coweeta","Ozone","Macon",35.0608,-83.4306
"5930",7-09-20,29,"Coweeta","Ozone","Macon",35.0608,-83.4306
"5931",7-10-20,28,"Coweeta","Ozone","Macon",35.0608,-83.4306
"5932",7-11-20,28,"Coweeta","Ozone","Macon",35.0608,-83.4306
"5933",7-12-20,20,"Coweeta","Ozone","Macon",35.0608,-83.4306
"5934",NA,34,"Coweeta","Ozone","Macon",35.0608,-83.4306
"5935",NA,34,"Coweeta","Ozone","Macon",35.0608,-83.4306
"5936",NA,32,"Coweeta","Ozone","Macon",35.0608,-83.4306
"5937",NA,21,"Coweeta","Ozone","Macon",35.0608,-83.4306
"5938",NA,26,"Coweeta","Ozone","Macon",35.0608,-83.4306
"5939",NA,29,"Coweeta","Ozone","Macon",35.0608,-83.4306
"5940",NA,42,"Coweeta","Ozone","Macon",35.0608,-83.4306
"5941",NA,40,"Coweeta","Ozone","Macon",35.0608,-83.4306
"5942",NA,35,"Coweeta","Ozone","Macon",35.0608,-83.4306
"5943",NA,24,"Coweeta","Ozone","Macon",35.0608,-83.4306
"5944",NA,26,"Coweeta","Ozone","Macon",35.0608,-83.4306
"5945",NA,26,"Coweeta","Ozone","Macon",35.0608,-83.4306
"5946",NA,20,"Coweeta","Ozone","Macon",35.0608,-83.4306
"5947",NA,29,"Coweeta","Ozone","Macon",35.0608,-83.4306
"5948",NA,30,"Coweeta","Ozone","Macon",35.0608,-83.4306
"5949",NA,23,"Coweeta","Ozone","Macon",35.0608,-83.4306
"5950",NA,38,"Coweeta","Ozone","Macon",35.0608,-83.4306
"5951",NA,33,"Coweeta","Ozone","Macon",35.0608,-83.4306
"5952",NA,28,"Coweeta","Ozone","Macon",35.0608,-83.4306
"5953",8-01-20,27,"Coweeta","Ozone","Macon",35.0608,-83.4306
"5954",8-02-20,26,"Coweeta","Ozone","Macon",35.0608,-83.4306
"5955",8-03-20,19,"Coweeta","Ozone","Macon",35.0608,-83.4306
"5956",8-04-20,19,"Coweeta","Ozone","Macon",35.0608,-83.4306
"5957",8-05-20,19,"Coweeta","Ozone","Macon",35.0608,-83.4306
"5958",8-06-20,18,"Coweeta","Ozone","Macon",35.0608,-83.4306
"5959",8-07-20,14,"Coweeta","Ozone","Macon",35.0608,-83.4306
"5960",8-08-20,19,"Coweeta","Ozone","Macon",35.0608,-83.4306
"5961",8-09-20,19,"Coweeta","Ozone","Macon",35.0608,-83.4306
"5962",8-10-20,19,"Coweeta","Ozone","Macon",35.0608,-83.4306
"5963",8-11-20,25,"Coweeta","Ozone","Macon",35.0608,-83.4306
"5964",8-12-20,20,"Coweeta","Ozone","Macon",35.0608,-83.4306
"5965",NA,19,"Coweeta","Ozone","Macon",35.0608,-83.4306
"5966",NA,22,"Coweeta","Ozone","Macon",35.0608,-83.4306
"5967",NA,24,"Coweeta","Ozone","Macon",35.0608,-83.4306
"5968",NA,35,"Coweeta","Ozone","Macon",35.0608,-83.4306
"5969",NA,22,"Coweeta","Ozone","Macon",35.0608,-83.4306
"5970",NA,19,"Coweeta","Ozone","Macon",35.0608,-83.4306
"5971",NA,18,"Coweeta","Ozone","Macon",35.0608,-83.4306
"5972",NA,23,"Coweeta","Ozone","Macon",35.0608,-83.4306
"5973",NA,20,"Coweeta","Ozone","Macon",35.0608,-83.4306
"5974",NA,33,"Coweeta","Ozone","Macon",35.0608,-83.4306
"5975",NA,37,"Coweeta","Ozone","Macon",35.0608,-83.4306
"5976",NA,31,"Coweeta","Ozone","Macon",35.0608,-83.4306
"5977",NA,33,"Coweeta","Ozone","Macon",35.0608,-83.4306
"5978",NA,29,"Coweeta","Ozone","Macon",35.0608,-83.4306
"5979",NA,33,"Coweeta","Ozone","Macon",35.0608,-83.4306
"5980",NA,28,"Coweeta","Ozone","Macon",35.0608,-83.4306
"5981",NA,22,"Coweeta","Ozone","Macon",35.0608,-83.4306
"5982",NA,27,"Coweeta","Ozone","Macon",35.0608,-83.4306
"5983",NA,21,"Coweeta","Ozone","Macon",35.0608,-83.4306
"5984",9-01-20,24,"Coweeta","Ozone","Macon",35.0608,-83.4306
"5985",9-02-20,25,"Coweeta","Ozone","Macon",35.0608,-83.4306
"5986",9-03-20,22,"Coweeta","Ozone","Macon",35.0608,-83.4306
"5987",9-04-20,22,"Coweeta","Ozone","Macon",35.0608,-83.4306
"5988",9-05-20,27,"Coweeta","Ozone","Macon",35.0608,-83.4306
"5989",9-06-20,24,"Coweeta","Ozone","Macon",35.0608,-83.4306
"5990",9-07-20,21,"Coweeta","Ozone","Macon",35.0608,-83.4306
"5991",9-08-20,24,"Coweeta","Ozone","Macon",35.0608,-83.4306
"5992",9-09-20,22,"Coweeta","Ozone","Macon",35.0608,-83.4306
"5993",9-10-20,19,"Coweeta","Ozone","Macon",35.0608,-83.4306
"5994",9-11-20,16,"Coweeta","Ozone","Macon",35.0608,-83.4306
"5995",9-12-20,24,"Coweeta","Ozone","Macon",35.0608,-83.4306
"5996",NA,19,"Coweeta","Ozone","Macon",35.0608,-83.4306
"5997",NA,14,"Coweeta","Ozone","Macon",35.0608,-83.4306
"5998",NA,17,"Coweeta","Ozone","Macon",35.0608,-83.4306
"5999",NA,14,"Coweeta","Ozone","Macon",35.0608,-83.4306
"6000",NA,16,"Coweeta","Ozone","Macon",35.0608,-83.4306
"6001",NA,22,"Coweeta","Ozone","Macon",35.0608,-83.4306
"6002",NA,28,"Coweeta","Ozone","Macon",35.0608,-83.4306
"6003",NA,20,"Coweeta","Ozone","Macon",35.0608,-83.4306
"6004",NA,36,"Coweeta","Ozone","Macon",35.0608,-83.4306
"6005",NA,31,"Coweeta","Ozone","Macon",35.0608,-83.4306
"6006",NA,25,"Coweeta","Ozone","Macon",35.0608,-83.4306
"6007",NA,23,"Coweeta","Ozone","Macon",35.0608,-83.4306
"6008",NA,19,"Coweeta","Ozone","Macon",35.0608,-83.4306
"6009",NA,15,"Coweeta","Ozone","Macon",35.0608,-83.4306
"6010",NA,17,"Coweeta","Ozone","Macon",35.0608,-83.4306
"6011",NA,14,"Coweeta","Ozone","Macon",35.0608,-83.4306
"6012",NA,17,"Coweeta","Ozone","Macon",35.0608,-83.4306
"6013",NA,25,"Coweeta","Ozone","Macon",35.0608,-83.4306
"6014",10-01-20,30,"Coweeta","Ozone","Macon",35.0608,-83.4306
"6015",10-02-20,22,"Coweeta","Ozone","Macon",35.0608,-83.4306
"6016",10-03-20,16,"Coweeta","Ozone","Macon",35.0608,-83.4306
"6017",10-04-20,20,"Coweeta","Ozone","Macon",35.0608,-83.4306
"6018",10-05-20,17,"Coweeta","Ozone","Macon",35.0608,-83.4306
"6019",10-06-20,20,"Coweeta","Ozone","Macon",35.0608,-83.4306
"6020",10-07-20,24,"Coweeta","Ozone","Macon",35.0608,-83.4306
"6021",10-08-20,24,"Coweeta","Ozone","Macon",35.0608,-83.4306
"6022",10-09-20,26,"Coweeta","Ozone","Macon",35.0608,-83.4306
"6023",10-10-20,15,"Coweeta","Ozone","Macon",35.0608,-83.4306
"6024",10-11-20,29,"Coweeta","Ozone","Macon",35.0608,-83.4306
"6025",10-12-20,29,"Coweeta","Ozone","Macon",35.0608,-83.4306
"6026",NA,31,"Coweeta","Ozone","Macon",35.0608,-83.4306
"6027",NA,32,"Coweeta","Ozone","Macon",35.0608,-83.4306
"6028",NA,35,"Coweeta","Ozone","Macon",35.0608,-83.4306
"6029",NA,19,"Coweeta","Ozone","Macon",35.0608,-83.4306
"6030",NA,26,"Coweeta","Ozone","Macon",35.0608,-83.4306
"6031",NA,28,"Coweeta","Ozone","Macon",35.0608,-83.4306
"6032",NA,29,"Coweeta","Ozone","Macon",35.0608,-83.4306
"6033",NA,23,"Coweeta","Ozone","Macon",35.0608,-83.4306
"6034",NA,26,"Coweeta","Ozone","Macon",35.0608,-83.4306
"6035",NA,33,"Coweeta","Ozone","Macon",35.0608,-83.4306
"6036",NA,27,"Coweeta","Ozone","Macon",35.0608,-83.4306
"6037",NA,37,"Coweeta","Ozone","Macon",35.0608,-83.4306
"6038",NA,39,"Coweeta","Ozone","Macon",35.0608,-83.4306
"6039",NA,34,"Coweeta","Ozone","Macon",35.0608,-83.4306
"6040",NA,28,"Coweeta","Ozone","Macon",35.0608,-83.4306
"6041",11-01-20,36,"Coweeta","Ozone","Macon",35.0608,-83.4306
"6042",11-02-20,28,"Coweeta","Ozone","Macon",35.0608,-83.4306
"6043",11-03-20,29,"Coweeta","Ozone","Macon",35.0608,-83.4306
"6044",11-04-20,36,"Coweeta","Ozone","Macon",35.0608,-83.4306
"6045",11-05-20,27,"Coweeta","Ozone","Macon",35.0608,-83.4306
"6046",11-06-20,31,"Coweeta","Ozone","Macon",35.0608,-83.4306
"6047",11-07-20,23,"Coweeta","Ozone","Macon",35.0608,-83.4306
"6048",11-08-20,33,"Coweeta","Ozone","Macon",35.0608,-83.4306
"6049",11-09-20,21,"Coweeta","Ozone","Macon",35.0608,-83.4306
"6050",11-10-20,34,"Coweeta","Ozone","Macon",35.0608,-83.4306
"6051",11-11-20,31,"Coweeta","Ozone","Macon",35.0608,-83.4306
"6052",11-12-20,19,"Coweeta","Ozone","Macon",35.0608,-83.4306
"6053",NA,12,"Coweeta","Ozone","Macon",35.0608,-83.4306
"6054",NA,33,"Coweeta","Ozone","Macon",35.0608,-83.4306
"6055",NA,29,"Coweeta","Ozone","Macon",35.0608,-83.4306
"6056",NA,27,"Coweeta","Ozone","Macon",35.0608,-83.4306
"6057",NA,24,"Coweeta","Ozone","Macon",35.0608,-83.4306
"6058",NA,27,"Coweeta","Ozone","Macon",35.0608,-83.4306
"6059",NA,31,"Coweeta","Ozone","Macon",35.0608,-83.4306
"6060",NA,30,"Coweeta","Ozone","Macon",35.0608,-83.4306
"6061",NA,21,"Coweeta","Ozone","Macon",35.0608,-83.4306
"6062",NA,29,"Coweeta","Ozone","Macon",35.0608,-83.4306
"6063",NA,32,"Coweeta","Ozone","Macon",35.0608,-83.4306
"6064",NA,30,"Coweeta","Ozone","Macon",35.0608,-83.4306
"6065",NA,31,"Coweeta","Ozone","Macon",35.0608,-83.4306
"6066",NA,22,"Coweeta","Ozone","Macon",35.0608,-83.4306
"6067",NA,31,"Coweeta","Ozone","Macon",35.0608,-83.4306
"6068",NA,29,"Coweeta","Ozone","Macon",35.0608,-83.4306
"6069",NA,16,"Coweeta","Ozone","Macon",35.0608,-83.4306
"6070",NA,21,"Coweeta","Ozone","Macon",35.0608,-83.4306
"6071",12-01-20,37,"Coweeta","Ozone","Macon",35.0608,-83.4306
"6072",12-02-20,34,"Coweeta","Ozone","Macon",35.0608,-83.4306
"6073",12-03-20,34,"Coweeta","Ozone","Macon",35.0608,-83.4306
"6074",12-04-20,24,"Coweeta","Ozone","Macon",35.0608,-83.4306
"6075",12-05-20,28,"Coweeta","Ozone","Macon",35.0608,-83.4306
"6076",12-06-20,24,"Coweeta","Ozone","Macon",35.0608,-83.4306
"6077",12-08-20,26,"Coweeta","Ozone","Macon",35.0608,-83.4306
"6078",12-09-20,24,"Coweeta","Ozone","Macon",35.0608,-83.4306
"6079",12-10-20,26,"Coweeta","Ozone","Macon",35.0608,-83.4306
"6080",12-11-20,25,"Coweeta","Ozone","Macon",35.0608,-83.4306
"6081",12-12-20,23,"Coweeta","Ozone","Macon",35.0608,-83.4306
"6082",NA,27,"Coweeta","Ozone","Macon",35.0608,-83.4306
"6083",NA,26,"Coweeta","Ozone","Macon",35.0608,-83.4306
"6084",NA,28,"Coweeta","Ozone","Macon",35.0608,-83.4306
"6085",NA,22,"Coweeta","Ozone","Macon",35.0608,-83.4306
"6086",NA,30,"Coweeta","Ozone","Macon",35.0608,-83.4306
"6087",NA,29,"Coweeta","Ozone","Macon",35.0608,-83.4306
"6088",NA,32,"Coweeta","Ozone","Macon",35.0608,-83.4306
"6089",NA,23,"Coweeta","Ozone","Macon",35.0608,-83.4306
"6090",NA,28,"Coweeta","Ozone","Macon",35.0608,-83.4306
"6091",NA,25,"Coweeta","Ozone","Macon",35.0608,-83.4306
"6092",NA,28,"Coweeta","Ozone","Macon",35.0608,-83.4306
"6093",NA,28,"Coweeta","Ozone","Macon",35.0608,-83.4306
"6094",NA,27,"Coweeta","Ozone","Macon",35.0608,-83.4306
"6095",NA,30,"Coweeta","Ozone","Macon",35.0608,-83.4306
"6096",NA,36,"Coweeta","Ozone","Macon",35.0608,-83.4306
"6097",NA,20,"Coweeta","Ozone","Macon",35.0608,-83.4306
"6098",NA,21,"Coweeta","Ozone","Macon",35.0608,-83.4306
"6099",NA,18,"Coweeta","Ozone","Macon",35.0608,-83.4306
"6100",3-01-20,34,"Jamesville School","Ozone","Martin",35.81066,-76.906249
"6101",3-02-20,44,"Jamesville School","Ozone","Martin",35.81066,-76.906249
"6102",3-03-20,46,"Jamesville School","Ozone","Martin",35.81066,-76.906249
"6103",3-04-20,44,"Jamesville School","Ozone","Martin",35.81066,-76.906249
"6104",3-05-20,43,"Jamesville School","Ozone","Martin",35.81066,-76.906249
"6105",3-06-20,39,"Jamesville School","Ozone","Martin",35.81066,-76.906249
"6106",3-07-20,38,"Jamesville School","Ozone","Martin",35.81066,-76.906249
"6107",3-08-20,42,"Jamesville School","Ozone","Martin",35.81066,-76.906249
"6108",3-09-20,44,"Jamesville School","Ozone","Martin",35.81066,-76.906249
"6109",3-10-20,44,"Jamesville School","Ozone","Martin",35.81066,-76.906249
"6110",3-11-20,42,"Jamesville School","Ozone","Martin",35.81066,-76.906249
"6111",3-12-20,40,"Jamesville School","Ozone","Martin",35.81066,-76.906249
"6112",NA,46,"Jamesville School","Ozone","Martin",35.81066,-76.906249
"6113",NA,44,"Jamesville School","Ozone","Martin",35.81066,-76.906249
"6114",NA,54,"Jamesville School","Ozone","Martin",35.81066,-76.906249
"6115",NA,61,"Jamesville School","Ozone","Martin",35.81066,-76.906249
"6116",NA,47,"Jamesville School","Ozone","Martin",35.81066,-76.906249
"6117",NA,46,"Jamesville School","Ozone","Martin",35.81066,-76.906249
"6118",NA,45,"Jamesville School","Ozone","Martin",35.81066,-76.906249
"6119",NA,39,"Jamesville School","Ozone","Martin",35.81066,-76.906249
"6120",NA,39,"Jamesville School","Ozone","Martin",35.81066,-76.906249
"6121",NA,44,"Jamesville School","Ozone","Martin",35.81066,-76.906249
"6122",NA,50,"Jamesville School","Ozone","Martin",35.81066,-76.906249
"6123",NA,47,"Jamesville School","Ozone","Martin",35.81066,-76.906249
"6124",NA,51,"Jamesville School","Ozone","Martin",35.81066,-76.906249
"6125",NA,45,"Jamesville School","Ozone","Martin",35.81066,-76.906249
"6126",NA,44,"Jamesville School","Ozone","Martin",35.81066,-76.906249
"6127",NA,44,"Jamesville School","Ozone","Martin",35.81066,-76.906249
"6128",NA,45,"Jamesville School","Ozone","Martin",35.81066,-76.906249
"6129",NA,38,"Jamesville School","Ozone","Martin",35.81066,-76.906249
"6130",NA,45,"Jamesville School","Ozone","Martin",35.81066,-76.906249
"6131",4-01-20,50,"Jamesville School","Ozone","Martin",35.81066,-76.906249
"6132",4-02-20,49,"Jamesville School","Ozone","Martin",35.81066,-76.906249
"6133",4-03-20,36,"Jamesville School","Ozone","Martin",35.81066,-76.906249
"6134",4-04-20,45,"Jamesville School","Ozone","Martin",35.81066,-76.906249
"6135",4-05-20,48,"Jamesville School","Ozone","Martin",35.81066,-76.906249
"6136",4-06-20,71,"Jamesville School","Ozone","Martin",35.81066,-76.906249
"6137",4-07-20,45,"Jamesville School","Ozone","Martin",35.81066,-76.906249
"6138",4-08-20,44,"Jamesville School","Ozone","Martin",35.81066,-76.906249
"6139",4-09-20,44,"Jamesville School","Ozone","Martin",35.81066,-76.906249
"6140",4-10-20,45,"Jamesville School","Ozone","Martin",35.81066,-76.906249
"6141",4-11-20,54,"Jamesville School","Ozone","Martin",35.81066,-76.906249
"6142",4-12-20,51,"Jamesville School","Ozone","Martin",35.81066,-76.906249
"6143",NA,51,"Jamesville School","Ozone","Martin",35.81066,-76.906249
"6144",NA,45,"Jamesville School","Ozone","Martin",35.81066,-76.906249
"6145",NA,33,"Jamesville School","Ozone","Martin",35.81066,-76.906249
"6146",NA,36,"Jamesville School","Ozone","Martin",35.81066,-76.906249
"6147",NA,45,"Jamesville School","Ozone","Martin",35.81066,-76.906249
"6148",NA,64,"Jamesville School","Ozone","Martin",35.81066,-76.906249
"6149",NA,51,"Jamesville School","Ozone","Martin",35.81066,-76.906249
"6150",NA,58,"Jamesville School","Ozone","Martin",35.81066,-76.906249
"6151",NA,64,"Jamesville School","Ozone","Martin",35.81066,-76.906249
"6152",NA,67,"Jamesville School","Ozone","Martin",35.81066,-76.906249
"6153",NA,67,"Jamesville School","Ozone","Martin",35.81066,-76.906249
"6154",NA,48,"Jamesville School","Ozone","Martin",35.81066,-76.906249
"6155",NA,42,"Jamesville School","Ozone","Martin",35.81066,-76.906249
"6156",NA,39,"Jamesville School","Ozone","Martin",35.81066,-76.906249
"6157",NA,48,"Jamesville School","Ozone","Martin",35.81066,-76.906249
"6158",NA,61,"Jamesville School","Ozone","Martin",35.81066,-76.906249
"6159",NA,44,"Jamesville School","Ozone","Martin",35.81066,-76.906249
"6160",NA,50,"Jamesville School","Ozone","Martin",35.81066,-76.906249
"6161",5-01-20,67,"Jamesville School","Ozone","Martin",35.81066,-76.906249
"6162",5-02-20,80,"Jamesville School","Ozone","Martin",35.81066,-76.906249
"6163",5-03-20,58,"Jamesville School","Ozone","Martin",35.81066,-76.906249
"6164",5-04-20,49,"Jamesville School","Ozone","Martin",35.81066,-76.906249
"6165",5-05-20,43,"Jamesville School","Ozone","Martin",35.81066,-76.906249
"6166",5-06-20,26,"Jamesville School","Ozone","Martin",35.81066,-76.906249
"6167",5-07-20,45,"Jamesville School","Ozone","Martin",35.81066,-76.906249
"6168",5-08-20,41,"Jamesville School","Ozone","Martin",35.81066,-76.906249
"6169",5-09-20,29,"Jamesville School","Ozone","Martin",35.81066,-76.906249
"6170",5-10-20,49,"Jamesville School","Ozone","Martin",35.81066,-76.906249
"6171",5-11-20,58,"Jamesville School","Ozone","Martin",35.81066,-76.906249
"6172",5-12-20,71,"Jamesville School","Ozone","Martin",35.81066,-76.906249
"6173",NA,67,"Jamesville School","Ozone","Martin",35.81066,-76.906249
"6174",NA,58,"Jamesville School","Ozone","Martin",35.81066,-76.906249
"6175",NA,26,"Jamesville School","Ozone","Martin",35.81066,-76.906249
"6176",NA,22,"Jamesville School","Ozone","Martin",35.81066,-76.906249
"6177",NA,32,"Jamesville School","Ozone","Martin",35.81066,-76.906249
"6178",NA,24,"Jamesville School","Ozone","Martin",35.81066,-76.906249
"6179",NA,20,"Jamesville School","Ozone","Martin",35.81066,-76.906249
"6180",NA,27,"Jamesville School","Ozone","Martin",35.81066,-76.906249
"6181",NA,36,"Jamesville School","Ozone","Martin",35.81066,-76.906249
"6182",NA,28,"Jamesville School","Ozone","Martin",35.81066,-76.906249
"6183",NA,32,"Jamesville School","Ozone","Martin",35.81066,-76.906249
"6184",NA,54,"Jamesville School","Ozone","Martin",35.81066,-76.906249
"6185",NA,46,"Jamesville School","Ozone","Martin",35.81066,-76.906249
"6186",NA,23,"Jamesville School","Ozone","Martin",35.81066,-76.906249
"6187",NA,25,"Jamesville School","Ozone","Martin",35.81066,-76.906249
"6188",NA,20,"Jamesville School","Ozone","Martin",35.81066,-76.906249
"6189",NA,23,"Jamesville School","Ozone","Martin",35.81066,-76.906249
"6190",NA,21,"Jamesville School","Ozone","Martin",35.81066,-76.906249
"6191",NA,19,"Jamesville School","Ozone","Martin",35.81066,-76.906249
"6192",6-01-20,49,"Jamesville School","Ozone","Martin",35.81066,-76.906249
"6193",6-02-20,44,"Jamesville School","Ozone","Martin",35.81066,-76.906249
"6194",6-03-20,35,"Jamesville School","Ozone","Martin",35.81066,-76.906249
"6195",6-04-20,46,"Jamesville School","Ozone","Martin",35.81066,-76.906249
"6196",6-05-20,48,"Jamesville School","Ozone","Martin",35.81066,-76.906249
"6197",6-06-20,71,"Jamesville School","Ozone","Martin",35.81066,-76.906249
"6198",6-07-20,46,"Jamesville School","Ozone","Martin",35.81066,-76.906249
"6199",6-08-20,49,"Jamesville School","Ozone","Martin",35.81066,-76.906249
"6200",6-09-20,41,"Jamesville School","Ozone","Martin",35.81066,-76.906249
"6201",6-10-20,34,"Jamesville School","Ozone","Martin",35.81066,-76.906249
"6202",6-11-20,43,"Jamesville School","Ozone","Martin",35.81066,-76.906249
"6203",6-12-20,31,"Jamesville School","Ozone","Martin",35.81066,-76.906249
"6204",NA,43,"Jamesville School","Ozone","Martin",35.81066,-76.906249
"6205",NA,45,"Jamesville School","Ozone","Martin",35.81066,-76.906249
"6206",NA,64,"Jamesville School","Ozone","Martin",35.81066,-76.906249
"6207",NA,61,"Jamesville School","Ozone","Martin",35.81066,-76.906249
"6208",NA,41,"Jamesville School","Ozone","Martin",35.81066,-76.906249
"6209",NA,44,"Jamesville School","Ozone","Martin",35.81066,-76.906249
"6210",NA,58,"Jamesville School","Ozone","Martin",35.81066,-76.906249
"6211",NA,44,"Jamesville School","Ozone","Martin",35.81066,-76.906249
"6212",NA,47,"Jamesville School","Ozone","Martin",35.81066,-76.906249
"6213",NA,34,"Jamesville School","Ozone","Martin",35.81066,-76.906249
"6214",NA,37,"Jamesville School","Ozone","Martin",35.81066,-76.906249
"6215",NA,43,"Jamesville School","Ozone","Martin",35.81066,-76.906249
"6216",NA,38,"Jamesville School","Ozone","Martin",35.81066,-76.906249
"6217",NA,38,"Jamesville School","Ozone","Martin",35.81066,-76.906249
"6218",NA,35,"Jamesville School","Ozone","Martin",35.81066,-76.906249
"6219",NA,48,"Jamesville School","Ozone","Martin",35.81066,-76.906249
"6220",NA,48,"Jamesville School","Ozone","Martin",35.81066,-76.906249
"6221",NA,42,"Jamesville School","Ozone","Martin",35.81066,-76.906249
"6222",7-01-20,39,"Jamesville School","Ozone","Martin",35.81066,-76.906249
"6223",7-02-20,41,"Jamesville School","Ozone","Martin",35.81066,-76.906249
"6224",7-03-20,50,"Jamesville School","Ozone","Martin",35.81066,-76.906249
"6225",7-04-20,20,"Jamesville School","Ozone","Martin",35.81066,-76.906249
"6226",7-05-20,24,"Jamesville School","Ozone","Martin",35.81066,-76.906249
"6227",7-06-20,28,"Jamesville School","Ozone","Martin",35.81066,-76.906249
"6228",7-07-20,31,"Jamesville School","Ozone","Martin",35.81066,-76.906249
"6229",7-08-20,32,"Jamesville School","Ozone","Martin",35.81066,-76.906249
"6230",7-09-20,42,"Jamesville School","Ozone","Martin",35.81066,-76.906249
"6231",7-10-20,74,"Jamesville School","Ozone","Martin",35.81066,-76.906249
"6232",7-11-20,80,"Jamesville School","Ozone","Martin",35.81066,-76.906249
"6233",7-12-20,45,"Jamesville School","Ozone","Martin",35.81066,-76.906249
"6234",NA,43,"Jamesville School","Ozone","Martin",35.81066,-76.906249
"6235",NA,36,"Jamesville School","Ozone","Martin",35.81066,-76.906249
"6236",NA,36,"Jamesville School","Ozone","Martin",35.81066,-76.906249
"6237",NA,32,"Jamesville School","Ozone","Martin",35.81066,-76.906249
"6238",NA,36,"Jamesville School","Ozone","Martin",35.81066,-76.906249
"6239",NA,43,"Jamesville School","Ozone","Martin",35.81066,-76.906249
"6240",NA,48,"Jamesville School","Ozone","Martin",35.81066,-76.906249
"6241",NA,39,"Jamesville School","Ozone","Martin",35.81066,-76.906249
"6242",NA,25,"Jamesville School","Ozone","Martin",35.81066,-76.906249
"6243",NA,42,"Jamesville School","Ozone","Martin",35.81066,-76.906249
"6244",NA,39,"Jamesville School","Ozone","Martin",35.81066,-76.906249
"6245",NA,34,"Jamesville School","Ozone","Martin",35.81066,-76.906249
"6246",NA,32,"Jamesville School","Ozone","Martin",35.81066,-76.906249
"6247",NA,41,"Jamesville School","Ozone","Martin",35.81066,-76.906249
"6248",NA,31,"Jamesville School","Ozone","Martin",35.81066,-76.906249
"6249",NA,29,"Jamesville School","Ozone","Martin",35.81066,-76.906249
"6250",NA,31,"Jamesville School","Ozone","Martin",35.81066,-76.906249
"6251",NA,20,"Jamesville School","Ozone","Martin",35.81066,-76.906249
"6252",NA,24,"Jamesville School","Ozone","Martin",35.81066,-76.906249
"6253",8-01-20,16,"Jamesville School","Ozone","Martin",35.81066,-76.906249
"6254",8-02-20,13,"Jamesville School","Ozone","Martin",35.81066,-76.906249
"6255",8-03-20,19,"Jamesville School","Ozone","Martin",35.81066,-76.906249
"6256",8-04-20,21,"Jamesville School","Ozone","Martin",35.81066,-76.906249
"6257",8-05-20,25,"Jamesville School","Ozone","Martin",35.81066,-76.906249
"6258",8-06-20,29,"Jamesville School","Ozone","Martin",35.81066,-76.906249
"6259",8-07-20,40,"Jamesville School","Ozone","Martin",35.81066,-76.906249
"6260",8-08-20,37,"Jamesville School","Ozone","Martin",35.81066,-76.906249
"6261",8-09-20,34,"Jamesville School","Ozone","Martin",35.81066,-76.906249
"6262",8-10-20,43,"Jamesville School","Ozone","Martin",35.81066,-76.906249
"6263",8-11-20,36,"Jamesville School","Ozone","Martin",35.81066,-76.906249
"6264",8-12-20,33,"Jamesville School","Ozone","Martin",35.81066,-76.906249
"6265",NA,31,"Jamesville School","Ozone","Martin",35.81066,-76.906249
"6266",NA,34,"Jamesville School","Ozone","Martin",35.81066,-76.906249
"6267",NA,38,"Jamesville School","Ozone","Martin",35.81066,-76.906249
"6268",NA,40,"Jamesville School","Ozone","Martin",35.81066,-76.906249
"6269",NA,28,"Jamesville School","Ozone","Martin",35.81066,-76.906249
"6270",NA,30,"Jamesville School","Ozone","Martin",35.81066,-76.906249
"6271",NA,26,"Jamesville School","Ozone","Martin",35.81066,-76.906249
"6272",NA,33,"Jamesville School","Ozone","Martin",35.81066,-76.906249
"6273",NA,20,"Jamesville School","Ozone","Martin",35.81066,-76.906249
"6274",NA,34,"Jamesville School","Ozone","Martin",35.81066,-76.906249
"6275",NA,38,"Jamesville School","Ozone","Martin",35.81066,-76.906249
"6276",NA,43,"Jamesville School","Ozone","Martin",35.81066,-76.906249
"6277",NA,39,"Jamesville School","Ozone","Martin",35.81066,-76.906249
"6278",NA,38,"Jamesville School","Ozone","Martin",35.81066,-76.906249
"6279",NA,38,"Jamesville School","Ozone","Martin",35.81066,-76.906249
"6280",NA,33,"Jamesville School","Ozone","Martin",35.81066,-76.906249
"6281",NA,31,"Jamesville School","Ozone","Martin",35.81066,-76.906249
"6282",NA,37,"Jamesville School","Ozone","Martin",35.81066,-76.906249
"6283",NA,28,"Jamesville School","Ozone","Martin",35.81066,-76.906249
"6284",9-01-20,22,"Jamesville School","Ozone","Martin",35.81066,-76.906249
"6285",9-02-20,24,"Jamesville School","Ozone","Martin",35.81066,-76.906249
"6286",9-03-20,28,"Jamesville School","Ozone","Martin",35.81066,-76.906249
"6287",9-04-20,36,"Jamesville School","Ozone","Martin",35.81066,-76.906249
"6288",9-05-20,33,"Jamesville School","Ozone","Martin",35.81066,-76.906249
"6289",9-06-20,39,"Jamesville School","Ozone","Martin",35.81066,-76.906249
"6290",9-07-20,39,"Jamesville School","Ozone","Martin",35.81066,-76.906249
"6291",9-08-20,31,"Jamesville School","Ozone","Martin",35.81066,-76.906249
"6292",9-09-20,20,"Jamesville School","Ozone","Martin",35.81066,-76.906249
"6293",NA,29,"Jamesville School","Ozone","Martin",35.81066,-76.906249
"6294",NA,30,"Jamesville School","Ozone","Martin",35.81066,-76.906249
"6295",NA,31,"Jamesville School","Ozone","Martin",35.81066,-76.906249
"6296",NA,27,"Jamesville School","Ozone","Martin",35.81066,-76.906249
"6297",NA,42,"Jamesville School","Ozone","Martin",35.81066,-76.906249
"6298",NA,49,"Jamesville School","Ozone","Martin",35.81066,-76.906249
"6299",10-01-20,44,"Jamesville School","Ozone","Martin",35.81066,-76.906249
"6300",10-02-20,37,"Jamesville School","Ozone","Martin",35.81066,-76.906249
"6301",10-03-20,39,"Jamesville School","Ozone","Martin",35.81066,-76.906249
"6302",10-04-20,44,"Jamesville School","Ozone","Martin",35.81066,-76.906249
"6303",10-05-20,41,"Jamesville School","Ozone","Martin",35.81066,-76.906249
"6304",10-06-20,34,"Jamesville School","Ozone","Martin",35.81066,-76.906249
"6305",10-07-20,32,"Jamesville School","Ozone","Martin",35.81066,-76.906249
"6306",10-08-20,32,"Jamesville School","Ozone","Martin",35.81066,-76.906249
"6307",10-09-20,31,"Jamesville School","Ozone","Martin",35.81066,-76.906249
"6308",10-10-20,30,"Jamesville School","Ozone","Martin",35.81066,-76.906249
"6309",10-11-20,24,"Jamesville School","Ozone","Martin",35.81066,-76.906249
"6310",10-12-20,28,"Jamesville School","Ozone","Martin",35.81066,-76.906249
"6311",NA,36,"Jamesville School","Ozone","Martin",35.81066,-76.906249
"6312",NA,34,"Jamesville School","Ozone","Martin",35.81066,-76.906249
"6313",NA,33,"Jamesville School","Ozone","Martin",35.81066,-76.906249
"6314",NA,26,"Jamesville School","Ozone","Martin",35.81066,-76.906249
"6315",NA,23,"Jamesville School","Ozone","Martin",35.81066,-76.906249
"6316",NA,35,"Jamesville School","Ozone","Martin",35.81066,-76.906249
"6317",NA,38,"Jamesville School","Ozone","Martin",35.81066,-76.906249
"6318",NA,29,"Jamesville School","Ozone","Martin",35.81066,-76.906249
"6319",NA,30,"Jamesville School","Ozone","Martin",35.81066,-76.906249
"6320",NA,30,"Jamesville School","Ozone","Martin",35.81066,-76.906249
"6321",NA,31,"Jamesville School","Ozone","Martin",35.81066,-76.906249
"6322",NA,32,"Jamesville School","Ozone","Martin",35.81066,-76.906249
"6323",NA,33,"Jamesville School","Ozone","Martin",35.81066,-76.906249
"6324",1-01-20,32,"Garinger High School","Ozone","Mecklenburg",35.2401000008895,-80.785683
"6325",1-02-20,31,"Garinger High School","Ozone","Mecklenburg",35.2401000008895,-80.785683
"6326",1-03-20,21,"Garinger High School","Ozone","Mecklenburg",35.2401000008895,-80.785683
"6327",1-04-20,30,"Garinger High School","Ozone","Mecklenburg",35.2401000008895,-80.785683
"6328",1-05-20,30,"Garinger High School","Ozone","Mecklenburg",35.2401000008895,-80.785683
"6329",1-06-20,31,"Garinger High School","Ozone","Mecklenburg",35.2401000008895,-80.785683
"6330",1-07-20,31,"Garinger High School","Ozone","Mecklenburg",35.2401000008895,-80.785683
"6331",1-08-20,16,"Garinger High School","Ozone","Mecklenburg",35.2401000008895,-80.785683
"6332",1-09-20,28,"Garinger High School","Ozone","Mecklenburg",35.2401000008895,-80.785683
"6333",1-10-20,31,"Garinger High School","Ozone","Mecklenburg",35.2401000008895,-80.785683
"6334",1-11-20,26,"Garinger High School","Ozone","Mecklenburg",35.2401000008895,-80.785683
"6335",1-12-20,33,"Garinger High School","Ozone","Mecklenburg",35.2401000008895,-80.785683
"6336",NA,32,"Garinger High School","Ozone","Mecklenburg",35.2401000008895,-80.785683
"6337",NA,31,"Garinger High School","Ozone","Mecklenburg",35.2401000008895,-80.785683
"6338",NA,27,"Garinger High School","Ozone","Mecklenburg",35.2401000008895,-80.785683
"6339",NA,28,"Garinger High School","Ozone","Mecklenburg",35.2401000008895,-80.785683
"6340",NA,28,"Garinger High School","Ozone","Mecklenburg",35.2401000008895,-80.785683
"6341",NA,31,"Garinger High School","Ozone","Mecklenburg",35.2401000008895,-80.785683
"6342",NA,22,"Garinger High School","Ozone","Mecklenburg",35.2401000008895,-80.785683
"6343",NA,32,"Garinger High School","Ozone","Mecklenburg",35.2401000008895,-80.785683
"6344",NA,36,"Garinger High School","Ozone","Mecklenburg",35.2401000008895,-80.785683
"6345",NA,37,"Garinger High School","Ozone","Mecklenburg",35.2401000008895,-80.785683
"6346",NA,36,"Garinger High School","Ozone","Mecklenburg",35.2401000008895,-80.785683
"6347",NA,28,"Garinger High School","Ozone","Mecklenburg",35.2401000008895,-80.785683
"6348",NA,31,"Garinger High School","Ozone","Mecklenburg",35.2401000008895,-80.785683
"6349",NA,34,"Garinger High School","Ozone","Mecklenburg",35.2401000008895,-80.785683
"6350",NA,31,"Garinger High School","Ozone","Mecklenburg",35.2401000008895,-80.785683
"6351",NA,29,"Garinger High School","Ozone","Mecklenburg",35.2401000008895,-80.785683
"6352",NA,23,"Garinger High School","Ozone","Mecklenburg",35.2401000008895,-80.785683
"6353",NA,31,"Garinger High School","Ozone","Mecklenburg",35.2401000008895,-80.785683
"6354",2-01-20,33,"Garinger High School","Ozone","Mecklenburg",35.2401000008895,-80.785683
"6355",2-02-20,34,"Garinger High School","Ozone","Mecklenburg",35.2401000008895,-80.785683
"6356",2-03-20,34,"Garinger High School","Ozone","Mecklenburg",35.2401000008895,-80.785683
"6357",2-04-20,20,"Garinger High School","Ozone","Mecklenburg",35.2401000008895,-80.785683
"6358",2-05-20,31,"Garinger High School","Ozone","Mecklenburg",35.2401000008895,-80.785683
"6359",2-06-20,24,"Garinger High School","Ozone","Mecklenburg",35.2401000008895,-80.785683
"6360",2-07-20,23,"Garinger High School","Ozone","Mecklenburg",35.2401000008895,-80.785683
"6361",2-08-20,31,"Garinger High School","Ozone","Mecklenburg",35.2401000008895,-80.785683
"6362",2-09-20,35,"Garinger High School","Ozone","Mecklenburg",35.2401000008895,-80.785683
"6363",2-10-20,17,"Garinger High School","Ozone","Mecklenburg",35.2401000008895,-80.785683
"6364",2-11-20,20,"Garinger High School","Ozone","Mecklenburg",35.2401000008895,-80.785683
"6365",2-12-20,32,"Garinger High School","Ozone","Mecklenburg",35.2401000008895,-80.785683
"6366",NA,32,"Garinger High School","Ozone","Mecklenburg",35.2401000008895,-80.785683
"6367",NA,22,"Garinger High School","Ozone","Mecklenburg",35.2401000008895,-80.785683
"6368",NA,25,"Garinger High School","Ozone","Mecklenburg",35.2401000008895,-80.785683
"6369",NA,34,"Garinger High School","Ozone","Mecklenburg",35.2401000008895,-80.785683
"6370",NA,26,"Garinger High School","Ozone","Mecklenburg",35.2401000008895,-80.785683
"6371",NA,36,"Garinger High School","Ozone","Mecklenburg",35.2401000008895,-80.785683
"6372",NA,20,"Garinger High School","Ozone","Mecklenburg",35.2401000008895,-80.785683
"6373",NA,24,"Garinger High School","Ozone","Mecklenburg",35.2401000008895,-80.785683
"6374",NA,22,"Garinger High School","Ozone","Mecklenburg",35.2401000008895,-80.785683
"6375",NA,24,"Garinger High School","Ozone","Mecklenburg",35.2401000008895,-80.785683
"6376",NA,35,"Garinger High School","Ozone","Mecklenburg",35.2401000008895,-80.785683
"6377",NA,32,"Garinger High School","Ozone","Mecklenburg",35.2401000008895,-80.785683
"6378",NA,26,"Garinger High School","Ozone","Mecklenburg",35.2401000008895,-80.785683
"6379",NA,42,"Garinger High School","Ozone","Mecklenburg",35.2401000008895,-80.785683
"6380",NA,32,"Garinger High School","Ozone","Mecklenburg",35.2401000008895,-80.785683
"6381",3-01-20,36,"Garinger High School","Ozone","Mecklenburg",35.2401000008895,-80.785683
"6382",3-02-20,44,"Garinger High School","Ozone","Mecklenburg",35.2401000008895,-80.785683
"6383",3-03-20,43,"Garinger High School","Ozone","Mecklenburg",35.2401000008895,-80.785683
"6384",3-04-20,44,"Garinger High School","Ozone","Mecklenburg",35.2401000008895,-80.785683
"6385",3-05-20,44,"Garinger High School","Ozone","Mecklenburg",35.2401000008895,-80.785683
"6386",3-06-20,19,"Garinger High School","Ozone","Mecklenburg",35.2401000008895,-80.785683
"6387",3-07-20,33,"Garinger High School","Ozone","Mecklenburg",35.2401000008895,-80.785683
"6388",3-08-20,39,"Garinger High School","Ozone","Mecklenburg",35.2401000008895,-80.785683
"6389",3-09-20,43,"Garinger High School","Ozone","Mecklenburg",35.2401000008895,-80.785683
"6390",3-10-20,33,"Garinger High School","Ozone","Mecklenburg",35.2401000008895,-80.785683
"6391",3-11-20,26,"Garinger High School","Ozone","Mecklenburg",35.2401000008895,-80.785683
"6392",3-12-20,34,"Garinger High School","Ozone","Mecklenburg",35.2401000008895,-80.785683
"6393",NA,42,"Garinger High School","Ozone","Mecklenburg",35.2401000008895,-80.785683
"6394",NA,43,"Garinger High School","Ozone","Mecklenburg",35.2401000008895,-80.785683
"6395",NA,48,"Garinger High School","Ozone","Mecklenburg",35.2401000008895,-80.785683
"6396",NA,67,"Garinger High School","Ozone","Mecklenburg",35.2401000008895,-80.785683
"6397",NA,43,"Garinger High School","Ozone","Mecklenburg",35.2401000008895,-80.785683
"6398",NA,44,"Garinger High School","Ozone","Mecklenburg",35.2401000008895,-80.785683
"6399",NA,43,"Garinger High School","Ozone","Mecklenburg",35.2401000008895,-80.785683
"6400",NA,29,"Garinger High School","Ozone","Mecklenburg",35.2401000008895,-80.785683
"6401",NA,32,"Garinger High School","Ozone","Mecklenburg",35.2401000008895,-80.785683
"6402",NA,45,"Garinger High School","Ozone","Mecklenburg",35.2401000008895,-80.785683
"6403",NA,48,"Garinger High School","Ozone","Mecklenburg",35.2401000008895,-80.785683
"6404",NA,42,"Garinger High School","Ozone","Mecklenburg",35.2401000008895,-80.785683
"6405",NA,44,"Garinger High School","Ozone","Mecklenburg",35.2401000008895,-80.785683
"6406",NA,44,"Garinger High School","Ozone","Mecklenburg",35.2401000008895,-80.785683
"6407",NA,34,"Garinger High School","Ozone","Mecklenburg",35.2401000008895,-80.785683
"6408",NA,38,"Garinger High School","Ozone","Mecklenburg",35.2401000008895,-80.785683
"6409",NA,45,"Garinger High School","Ozone","Mecklenburg",35.2401000008895,-80.785683
"6410",NA,41,"Garinger High School","Ozone","Mecklenburg",35.2401000008895,-80.785683
"6411",NA,46,"Garinger High School","Ozone","Mecklenburg",35.2401000008895,-80.785683
"6412",4-01-20,49,"Garinger High School","Ozone","Mecklenburg",35.2401000008895,-80.785683
"6413",4-02-20,48,"Garinger High School","Ozone","Mecklenburg",35.2401000008895,-80.785683
"6414",4-03-20,44,"Garinger High School","Ozone","Mecklenburg",35.2401000008895,-80.785683
"6415",4-04-20,44,"Garinger High School","Ozone","Mecklenburg",35.2401000008895,-80.785683
"6416",4-05-20,44,"Garinger High School","Ozone","Mecklenburg",35.2401000008895,-80.785683
"6417",4-07-20,39,"Garinger High School","Ozone","Mecklenburg",35.2401000008895,-80.785683
"6418",4-08-20,44,"Garinger High School","Ozone","Mecklenburg",35.2401000008895,-80.785683
"6419",4-09-20,44,"Garinger High School","Ozone","Mecklenburg",35.2401000008895,-80.785683
"6420",4-10-20,44,"Garinger High School","Ozone","Mecklenburg",35.2401000008895,-80.785683
"6421",4-11-20,46,"Garinger High School","Ozone","Mecklenburg",35.2401000008895,-80.785683
"6422",4-12-20,58,"Garinger High School","Ozone","Mecklenburg",35.2401000008895,-80.785683
"6423",NA,54,"Garinger High School","Ozone","Mecklenburg",35.2401000008895,-80.785683
"6424",NA,47,"Garinger High School","Ozone","Mecklenburg",35.2401000008895,-80.785683
"6425",NA,34,"Garinger High School","Ozone","Mecklenburg",35.2401000008895,-80.785683
"6426",NA,33,"Garinger High School","Ozone","Mecklenburg",35.2401000008895,-80.785683
"6427",NA,49,"Garinger High School","Ozone","Mecklenburg",35.2401000008895,-80.785683
"6428",NA,71,"Garinger High School","Ozone","Mecklenburg",35.2401000008895,-80.785683
"6429",NA,46,"Garinger High School","Ozone","Mecklenburg",35.2401000008895,-80.785683
"6430",NA,64,"Garinger High School","Ozone","Mecklenburg",35.2401000008895,-80.785683
"6431",NA,71,"Garinger High School","Ozone","Mecklenburg",35.2401000008895,-80.785683
"6432",NA,50,"Garinger High School","Ozone","Mecklenburg",35.2401000008895,-80.785683
"6433",NA,40,"Garinger High School","Ozone","Mecklenburg",35.2401000008895,-80.785683
"6434",NA,34,"Garinger High School","Ozone","Mecklenburg",35.2401000008895,-80.785683
"6435",NA,41,"Garinger High School","Ozone","Mecklenburg",35.2401000008895,-80.785683
"6436",NA,39,"Garinger High School","Ozone","Mecklenburg",35.2401000008895,-80.785683
"6437",NA,43,"Garinger High School","Ozone","Mecklenburg",35.2401000008895,-80.785683
"6438",NA,71,"Garinger High School","Ozone","Mecklenburg",35.2401000008895,-80.785683
"6439",NA,44,"Garinger High School","Ozone","Mecklenburg",35.2401000008895,-80.785683
"6440",NA,50,"Garinger High School","Ozone","Mecklenburg",35.2401000008895,-80.785683
"6441",5-01-20,64,"Garinger High School","Ozone","Mecklenburg",35.2401000008895,-80.785683
"6442",5-02-20,64,"Garinger High School","Ozone","Mecklenburg",35.2401000008895,-80.785683
"6443",5-03-20,49,"Garinger High School","Ozone","Mecklenburg",35.2401000008895,-80.785683
"6444",5-04-20,47,"Garinger High School","Ozone","Mecklenburg",35.2401000008895,-80.785683
"6445",5-05-20,39,"Garinger High School","Ozone","Mecklenburg",35.2401000008895,-80.785683
"6446",5-06-20,44,"Garinger High School","Ozone","Mecklenburg",35.2401000008895,-80.785683
"6447",5-07-20,71,"Garinger High School","Ozone","Mecklenburg",35.2401000008895,-80.785683
"6448",5-08-20,71,"Garinger High School","Ozone","Mecklenburg",35.2401000008895,-80.785683
"6449",5-09-20,90,"Garinger High School","Ozone","Mecklenburg",35.2401000008895,-80.785683
"6450",5-10-20,54,"Garinger High School","Ozone","Mecklenburg",35.2401000008895,-80.785683
"6451",5-11-20,101,"Garinger High School","Ozone","Mecklenburg",35.2401000008895,-80.785683
"6452",5-12-20,97,"Garinger High School","Ozone","Mecklenburg",35.2401000008895,-80.785683
"6453",NA,105,"Garinger High School","Ozone","Mecklenburg",35.2401000008895,-80.785683
"6454",NA,101,"Garinger High School","Ozone","Mecklenburg",35.2401000008895,-80.785683
"6455",NA,23,"Garinger High School","Ozone","Mecklenburg",35.2401000008895,-80.785683
"6456",NA,31,"Garinger High School","Ozone","Mecklenburg",35.2401000008895,-80.785683
"6457",NA,31,"Garinger High School","Ozone","Mecklenburg",35.2401000008895,-80.785683
"6458",NA,25,"Garinger High School","Ozone","Mecklenburg",35.2401000008895,-80.785683
"6459",NA,39,"Garinger High School","Ozone","Mecklenburg",35.2401000008895,-80.785683
"6460",NA,41,"Garinger High School","Ozone","Mecklenburg",35.2401000008895,-80.785683
"6461",NA,40,"Garinger High School","Ozone","Mecklenburg",35.2401000008895,-80.785683
"6462",NA,33,"Garinger High School","Ozone","Mecklenburg",35.2401000008895,-80.785683
"6463",NA,40,"Garinger High School","Ozone","Mecklenburg",35.2401000008895,-80.785683
"6464",NA,39,"Garinger High School","Ozone","Mecklenburg",35.2401000008895,-80.785683
"6465",NA,27,"Garinger High School","Ozone","Mecklenburg",35.2401000008895,-80.785683
"6466",NA,28,"Garinger High School","Ozone","Mecklenburg",35.2401000008895,-80.785683
"6467",NA,22,"Garinger High School","Ozone","Mecklenburg",35.2401000008895,-80.785683
"6468",NA,19,"Garinger High School","Ozone","Mecklenburg",35.2401000008895,-80.785683
"6469",NA,24,"Garinger High School","Ozone","Mecklenburg",35.2401000008895,-80.785683
"6470",NA,28,"Garinger High School","Ozone","Mecklenburg",35.2401000008895,-80.785683
"6471",NA,36,"Garinger High School","Ozone","Mecklenburg",35.2401000008895,-80.785683
"6472",6-01-20,50,"Garinger High School","Ozone","Mecklenburg",35.2401000008895,-80.785683
"6473",6-02-20,44,"Garinger High School","Ozone","Mecklenburg",35.2401000008895,-80.785683
"6474",6-03-20,46,"Garinger High School","Ozone","Mecklenburg",35.2401000008895,-80.785683
"6475",6-04-20,80,"Garinger High School","Ozone","Mecklenburg",35.2401000008895,-80.785683
"6476",6-05-20,97,"Garinger High School","Ozone","Mecklenburg",35.2401000008895,-80.785683
"6477",6-06-20,74,"Garinger High School","Ozone","Mecklenburg",35.2401000008895,-80.785683
"6478",6-07-20,74,"Garinger High School","Ozone","Mecklenburg",35.2401000008895,-80.785683
"6479",6-08-20,77,"Garinger High School","Ozone","Mecklenburg",35.2401000008895,-80.785683
"6480",6-09-20,54,"Garinger High School","Ozone","Mecklenburg",35.2401000008895,-80.785683
"6481",6-10-20,51,"Garinger High School","Ozone","Mecklenburg",35.2401000008895,-80.785683
"6482",6-11-20,67,"Garinger High School","Ozone","Mecklenburg",35.2401000008895,-80.785683
"6483",6-12-20,30,"Garinger High School","Ozone","Mecklenburg",35.2401000008895,-80.785683
"6484",NA,43,"Garinger High School","Ozone","Mecklenburg",35.2401000008895,-80.785683
"6485",NA,51,"Garinger High School","Ozone","Mecklenburg",35.2401000008895,-80.785683
"6486",NA,97,"Garinger High School","Ozone","Mecklenburg",35.2401000008895,-80.785683
"6487",NA,61,"Garinger High School","Ozone","Mecklenburg",35.2401000008895,-80.785683
"6488",NA,64,"Garinger High School","Ozone","Mecklenburg",35.2401000008895,-80.785683
"6489",NA,90,"Garinger High School","Ozone","Mecklenburg",35.2401000008895,-80.785683
"6490",NA,64,"Garinger High School","Ozone","Mecklenburg",35.2401000008895,-80.785683
"6491",NA,48,"Garinger High School","Ozone","Mecklenburg",35.2401000008895,-80.785683
"6492",NA,41,"Garinger High School","Ozone","Mecklenburg",35.2401000008895,-80.785683
"6493",NA,51,"Garinger High School","Ozone","Mecklenburg",35.2401000008895,-80.785683
"6494",NA,43,"Garinger High School","Ozone","Mecklenburg",35.2401000008895,-80.785683
"6495",NA,42,"Garinger High School","Ozone","Mecklenburg",35.2401000008895,-80.785683
"6496",NA,67,"Garinger High School","Ozone","Mecklenburg",35.2401000008895,-80.785683
"6497",NA,41,"Garinger High School","Ozone","Mecklenburg",35.2401000008895,-80.785683
"6498",NA,44,"Garinger High School","Ozone","Mecklenburg",35.2401000008895,-80.785683
"6499",NA,49,"Garinger High School","Ozone","Mecklenburg",35.2401000008895,-80.785683
"6500",NA,54,"Garinger High School","Ozone","Mecklenburg",35.2401000008895,-80.785683
"6501",NA,46,"Garinger High School","Ozone","Mecklenburg",35.2401000008895,-80.785683
"6502",7-01-20,38,"Garinger High School","Ozone","Mecklenburg",35.2401000008895,-80.785683
"6503",7-02-20,41,"Garinger High School","Ozone","Mecklenburg",35.2401000008895,-80.785683
"6504",7-03-20,49,"Garinger High School","Ozone","Mecklenburg",35.2401000008895,-80.785683
"6505",7-04-20,31,"Garinger High School","Ozone","Mecklenburg",35.2401000008895,-80.785683
"6506",7-05-20,31,"Garinger High School","Ozone","Mecklenburg",35.2401000008895,-80.785683
"6507",7-06-20,45,"Garinger High School","Ozone","Mecklenburg",35.2401000008895,-80.785683
"6508",7-07-20,33,"Garinger High School","Ozone","Mecklenburg",35.2401000008895,-80.785683
"6509",7-08-20,61,"Garinger High School","Ozone","Mecklenburg",35.2401000008895,-80.785683
"6510",7-09-20,54,"Garinger High School","Ozone","Mecklenburg",35.2401000008895,-80.785683
"6511",7-10-20,67,"Garinger High School","Ozone","Mecklenburg",35.2401000008895,-80.785683
"6512",7-11-20,100,"Garinger High School","Ozone","Mecklenburg",35.2401000008895,-80.785683
"6513",7-12-20,80,"Garinger High School","Ozone","Mecklenburg",35.2401000008895,-80.785683
"6514",NA,51,"Garinger High School","Ozone","Mecklenburg",35.2401000008895,-80.785683
"6515",NA,51,"Garinger High School","Ozone","Mecklenburg",35.2401000008895,-80.785683
"6516",NA,44,"Garinger High School","Ozone","Mecklenburg",35.2401000008895,-80.785683
"6517",NA,42,"Garinger High School","Ozone","Mecklenburg",35.2401000008895,-80.785683
"6518",NA,42,"Garinger High School","Ozone","Mecklenburg",35.2401000008895,-80.785683
"6519",NA,77,"Garinger High School","Ozone","Mecklenburg",35.2401000008895,-80.785683
"6520",NA,43,"Garinger High School","Ozone","Mecklenburg",35.2401000008895,-80.785683
"6521",NA,45,"Garinger High School","Ozone","Mecklenburg",35.2401000008895,-80.785683
"6522",NA,50,"Garinger High School","Ozone","Mecklenburg",35.2401000008895,-80.785683
"6523",NA,47,"Garinger High School","Ozone","Mecklenburg",35.2401000008895,-80.785683
"6524",NA,42,"Garinger High School","Ozone","Mecklenburg",35.2401000008895,-80.785683
"6525",NA,44,"Garinger High School","Ozone","Mecklenburg",35.2401000008895,-80.785683
"6526",NA,42,"Garinger High School","Ozone","Mecklenburg",35.2401000008895,-80.785683
"6527",NA,64,"Garinger High School","Ozone","Mecklenburg",35.2401000008895,-80.785683
"6528",NA,64,"Garinger High School","Ozone","Mecklenburg",35.2401000008895,-80.785683
"6529",NA,51,"Garinger High School","Ozone","Mecklenburg",35.2401000008895,-80.785683
"6530",NA,45,"Garinger High School","Ozone","Mecklenburg",35.2401000008895,-80.785683
"6531",NA,44,"Garinger High School","Ozone","Mecklenburg",35.2401000008895,-80.785683
"6532",NA,29,"Garinger High School","Ozone","Mecklenburg",35.2401000008895,-80.785683
"6533",8-01-20,25,"Garinger High School","Ozone","Mecklenburg",35.2401000008895,-80.785683
"6534",8-02-20,26,"Garinger High School","Ozone","Mecklenburg",35.2401000008895,-80.785683
"6535",8-03-20,22,"Garinger High School","Ozone","Mecklenburg",35.2401000008895,-80.785683
"6536",8-04-20,40,"Garinger High School","Ozone","Mecklenburg",35.2401000008895,-80.785683
"6537",8-05-20,39,"Garinger High School","Ozone","Mecklenburg",35.2401000008895,-80.785683
"6538",8-06-20,47,"Garinger High School","Ozone","Mecklenburg",35.2401000008895,-80.785683
"6539",8-07-20,43,"Garinger High School","Ozone","Mecklenburg",35.2401000008895,-80.785683
"6540",8-08-20,41,"Garinger High School","Ozone","Mecklenburg",35.2401000008895,-80.785683
"6541",8-09-20,44,"Garinger High School","Ozone","Mecklenburg",35.2401000008895,-80.785683
"6542",8-10-20,54,"Garinger High School","Ozone","Mecklenburg",35.2401000008895,-80.785683
"6543",8-11-20,44,"Garinger High School","Ozone","Mecklenburg",35.2401000008895,-80.785683
"6544",8-12-20,44,"Garinger High School","Ozone","Mecklenburg",35.2401000008895,-80.785683
"6545",NA,54,"Garinger High School","Ozone","Mecklenburg",35.2401000008895,-80.785683
"6546",NA,50,"Garinger High School","Ozone","Mecklenburg",35.2401000008895,-80.785683
"6547",NA,84,"Garinger High School","Ozone","Mecklenburg",35.2401000008895,-80.785683
"6548",NA,44,"Garinger High School","Ozone","Mecklenburg",35.2401000008895,-80.785683
"6549",NA,28,"Garinger High School","Ozone","Mecklenburg",35.2401000008895,-80.785683
"6550",NA,29,"Garinger High School","Ozone","Mecklenburg",35.2401000008895,-80.785683
"6551",NA,32,"Garinger High School","Ozone","Mecklenburg",35.2401000008895,-80.785683
"6552",NA,34,"Garinger High School","Ozone","Mecklenburg",35.2401000008895,-80.785683
"6553",NA,26,"Garinger High School","Ozone","Mecklenburg",35.2401000008895,-80.785683
"6554",NA,37,"Garinger High School","Ozone","Mecklenburg",35.2401000008895,-80.785683
"6555",NA,54,"Garinger High School","Ozone","Mecklenburg",35.2401000008895,-80.785683
"6556",NA,44,"Garinger High School","Ozone","Mecklenburg",35.2401000008895,-80.785683
"6557",NA,74,"Garinger High School","Ozone","Mecklenburg",35.2401000008895,-80.785683
"6558",NA,64,"Garinger High School","Ozone","Mecklenburg",35.2401000008895,-80.785683
"6559",NA,74,"Garinger High School","Ozone","Mecklenburg",35.2401000008895,-80.785683
"6560",NA,71,"Garinger High School","Ozone","Mecklenburg",35.2401000008895,-80.785683
"6561",NA,74,"Garinger High School","Ozone","Mecklenburg",35.2401000008895,-80.785683
"6562",NA,51,"Garinger High School","Ozone","Mecklenburg",35.2401000008895,-80.785683
"6563",NA,48,"Garinger High School","Ozone","Mecklenburg",35.2401000008895,-80.785683
"6564",9-01-20,41,"Garinger High School","Ozone","Mecklenburg",35.2401000008895,-80.785683
"6565",9-02-20,28,"Garinger High School","Ozone","Mecklenburg",35.2401000008895,-80.785683
"6566",9-03-20,30,"Garinger High School","Ozone","Mecklenburg",35.2401000008895,-80.785683
"6567",9-04-20,34,"Garinger High School","Ozone","Mecklenburg",35.2401000008895,-80.785683
"6568",9-05-20,37,"Garinger High School","Ozone","Mecklenburg",35.2401000008895,-80.785683
"6569",9-06-20,41,"Garinger High School","Ozone","Mecklenburg",35.2401000008895,-80.785683
"6570",9-07-20,46,"Garinger High School","Ozone","Mecklenburg",35.2401000008895,-80.785683
"6571",9-08-20,39,"Garinger High School","Ozone","Mecklenburg",35.2401000008895,-80.785683
"6572",9-09-20,29,"Garinger High School","Ozone","Mecklenburg",35.2401000008895,-80.785683
"6573",9-10-20,24,"Garinger High School","Ozone","Mecklenburg",35.2401000008895,-80.785683
"6574",9-11-20,38,"Garinger High School","Ozone","Mecklenburg",35.2401000008895,-80.785683
"6575",NA,33,"Garinger High School","Ozone","Mecklenburg",35.2401000008895,-80.785683
"6576",NA,47,"Garinger High School","Ozone","Mecklenburg",35.2401000008895,-80.785683
"6577",NA,64,"Garinger High School","Ozone","Mecklenburg",35.2401000008895,-80.785683
"6578",NA,49,"Garinger High School","Ozone","Mecklenburg",35.2401000008895,-80.785683
"6579",NA,47,"Garinger High School","Ozone","Mecklenburg",35.2401000008895,-80.785683
"6580",NA,35,"Garinger High School","Ozone","Mecklenburg",35.2401000008895,-80.785683
"6581",NA,20,"Garinger High School","Ozone","Mecklenburg",35.2401000008895,-80.785683
"6582",NA,32,"Garinger High School","Ozone","Mecklenburg",35.2401000008895,-80.785683
"6583",NA,31,"Garinger High School","Ozone","Mecklenburg",35.2401000008895,-80.785683
"6584",NA,25,"Garinger High School","Ozone","Mecklenburg",35.2401000008895,-80.785683
"6585",NA,22,"Garinger High School","Ozone","Mecklenburg",35.2401000008895,-80.785683
"6586",NA,31,"Garinger High School","Ozone","Mecklenburg",35.2401000008895,-80.785683
"6587",NA,34,"Garinger High School","Ozone","Mecklenburg",35.2401000008895,-80.785683
"6588",10-01-20,44,"Garinger High School","Ozone","Mecklenburg",35.2401000008895,-80.785683
"6589",10-02-20,44,"Garinger High School","Ozone","Mecklenburg",35.2401000008895,-80.785683
"6590",10-03-20,40,"Garinger High School","Ozone","Mecklenburg",35.2401000008895,-80.785683
"6591",10-04-20,47,"Garinger High School","Ozone","Mecklenburg",35.2401000008895,-80.785683
"6592",10-05-20,49,"Garinger High School","Ozone","Mecklenburg",35.2401000008895,-80.785683
"6593",10-06-20,37,"Garinger High School","Ozone","Mecklenburg",35.2401000008895,-80.785683
"6594",10-07-20,43,"Garinger High School","Ozone","Mecklenburg",35.2401000008895,-80.785683
"6595",10-08-20,31,"Garinger High School","Ozone","Mecklenburg",35.2401000008895,-80.785683
"6596",10-09-20,25,"Garinger High School","Ozone","Mecklenburg",35.2401000008895,-80.785683
"6597",10-10-20,16,"Garinger High School","Ozone","Mecklenburg",35.2401000008895,-80.785683
"6598",10-11-20,24,"Garinger High School","Ozone","Mecklenburg",35.2401000008895,-80.785683
"6599",10-12-20,36,"Garinger High School","Ozone","Mecklenburg",35.2401000008895,-80.785683
"6600",NA,35,"Garinger High School","Ozone","Mecklenburg",35.2401000008895,-80.785683
"6601",NA,25,"Garinger High School","Ozone","Mecklenburg",35.2401000008895,-80.785683
"6602",NA,31,"Garinger High School","Ozone","Mecklenburg",35.2401000008895,-80.785683
"6603",NA,31,"Garinger High School","Ozone","Mecklenburg",35.2401000008895,-80.785683
"6604",NA,23,"Garinger High School","Ozone","Mecklenburg",35.2401000008895,-80.785683
"6605",NA,38,"Garinger High School","Ozone","Mecklenburg",35.2401000008895,-80.785683
"6606",NA,43,"Garinger High School","Ozone","Mecklenburg",35.2401000008895,-80.785683
"6607",NA,30,"Garinger High School","Ozone","Mecklenburg",35.2401000008895,-80.785683
"6608",NA,29,"Garinger High School","Ozone","Mecklenburg",35.2401000008895,-80.785683
"6609",NA,31,"Garinger High School","Ozone","Mecklenburg",35.2401000008895,-80.785683
"6610",NA,28,"Garinger High School","Ozone","Mecklenburg",35.2401000008895,-80.785683
"6611",NA,37,"Garinger High School","Ozone","Mecklenburg",35.2401000008895,-80.785683
"6612",NA,23,"Garinger High School","Ozone","Mecklenburg",35.2401000008895,-80.785683
"6613",NA,24,"Garinger High School","Ozone","Mecklenburg",35.2401000008895,-80.785683
"6614",NA,19,"Garinger High School","Ozone","Mecklenburg",35.2401000008895,-80.785683
"6615",NA,33,"Garinger High School","Ozone","Mecklenburg",35.2401000008895,-80.785683
"6616",NA,34,"Garinger High School","Ozone","Mecklenburg",35.2401000008895,-80.785683
"6617",NA,33,"Garinger High School","Ozone","Mecklenburg",35.2401000008895,-80.785683
"6618",NA,40,"Garinger High School","Ozone","Mecklenburg",35.2401000008895,-80.785683
"6619",11-01-20,33,"Garinger High School","Ozone","Mecklenburg",35.2401000008895,-80.785683
"6620",11-02-20,20,"Garinger High School","Ozone","Mecklenburg",35.2401000008895,-80.785683
"6621",11-03-20,32,"Garinger High School","Ozone","Mecklenburg",35.2401000008895,-80.785683
"6622",11-04-20,30,"Garinger High School","Ozone","Mecklenburg",35.2401000008895,-80.785683
"6623",11-05-20,9,"Garinger High School","Ozone","Mecklenburg",35.2401000008895,-80.785683
"6624",11-06-20,21,"Garinger High School","Ozone","Mecklenburg",35.2401000008895,-80.785683
"6625",11-07-20,32,"Garinger High School","Ozone","Mecklenburg",35.2401000008895,-80.785683
"6626",11-08-20,32,"Garinger High School","Ozone","Mecklenburg",35.2401000008895,-80.785683
"6627",11-09-20,14,"Garinger High School","Ozone","Mecklenburg",35.2401000008895,-80.785683
"6628",11-10-20,31,"Garinger High School","Ozone","Mecklenburg",35.2401000008895,-80.785683
"6629",11-11-20,31,"Garinger High School","Ozone","Mecklenburg",35.2401000008895,-80.785683
"6630",11-12-20,18,"Garinger High School","Ozone","Mecklenburg",35.2401000008895,-80.785683
"6631",NA,16,"Garinger High School","Ozone","Mecklenburg",35.2401000008895,-80.785683
"6632",NA,19,"Garinger High School","Ozone","Mecklenburg",35.2401000008895,-80.785683
"6633",NA,20,"Garinger High School","Ozone","Mecklenburg",35.2401000008895,-80.785683
"6634",NA,22,"Garinger High School","Ozone","Mecklenburg",35.2401000008895,-80.785683
"6635",NA,34,"Garinger High School","Ozone","Mecklenburg",35.2401000008895,-80.785683
"6636",NA,33,"Garinger High School","Ozone","Mecklenburg",35.2401000008895,-80.785683
"6637",NA,33,"Garinger High School","Ozone","Mecklenburg",35.2401000008895,-80.785683
"6638",NA,32,"Garinger High School","Ozone","Mecklenburg",35.2401000008895,-80.785683
"6639",NA,25,"Garinger High School","Ozone","Mecklenburg",35.2401000008895,-80.785683
"6640",NA,31,"Garinger High School","Ozone","Mecklenburg",35.2401000008895,-80.785683
"6641",NA,30,"Garinger High School","Ozone","Mecklenburg",35.2401000008895,-80.785683
"6642",NA,19,"Garinger High School","Ozone","Mecklenburg",35.2401000008895,-80.785683
"6643",NA,23,"Garinger High School","Ozone","Mecklenburg",35.2401000008895,-80.785683
"6644",NA,20,"Garinger High School","Ozone","Mecklenburg",35.2401000008895,-80.785683
"6645",NA,24,"Garinger High School","Ozone","Mecklenburg",35.2401000008895,-80.785683
"6646",NA,27,"Garinger High School","Ozone","Mecklenburg",35.2401000008895,-80.785683
"6647",NA,25,"Garinger High School","Ozone","Mecklenburg",35.2401000008895,-80.785683
"6648",NA,28,"Garinger High School","Ozone","Mecklenburg",35.2401000008895,-80.785683
"6649",12-01-20,26,"Garinger High School","Ozone","Mecklenburg",35.2401000008895,-80.785683
"6650",12-02-20,20,"Garinger High School","Ozone","Mecklenburg",35.2401000008895,-80.785683
"6651",12-03-20,30,"Garinger High School","Ozone","Mecklenburg",35.2401000008895,-80.785683
"6652",12-04-20,19,"Garinger High School","Ozone","Mecklenburg",35.2401000008895,-80.785683
"6653",12-05-20,23,"Garinger High School","Ozone","Mecklenburg",35.2401000008895,-80.785683
"6654",12-06-20,23,"Garinger High School","Ozone","Mecklenburg",35.2401000008895,-80.785683
"6655",12-07-20,19,"Garinger High School","Ozone","Mecklenburg",35.2401000008895,-80.785683
"6656",12-08-20,21,"Garinger High School","Ozone","Mecklenburg",35.2401000008895,-80.785683
"6657",12-10-20,32,"Garinger High School","Ozone","Mecklenburg",35.2401000008895,-80.785683
"6658",12-11-20,24,"Garinger High School","Ozone","Mecklenburg",35.2401000008895,-80.785683
"6659",12-12-20,26,"Garinger High School","Ozone","Mecklenburg",35.2401000008895,-80.785683
"6660",NA,14,"Garinger High School","Ozone","Mecklenburg",35.2401000008895,-80.785683
"6661",NA,17,"Garinger High School","Ozone","Mecklenburg",35.2401000008895,-80.785683
"6662",NA,12,"Garinger High School","Ozone","Mecklenburg",35.2401000008895,-80.785683
"6663",NA,24,"Garinger High School","Ozone","Mecklenburg",35.2401000008895,-80.785683
"6664",NA,30,"Garinger High School","Ozone","Mecklenburg",35.2401000008895,-80.785683
"6665",NA,29,"Garinger High School","Ozone","Mecklenburg",35.2401000008895,-80.785683
"6666",NA,22,"Garinger High School","Ozone","Mecklenburg",35.2401000008895,-80.785683
"6667",NA,26,"Garinger High School","Ozone","Mecklenburg",35.2401000008895,-80.785683
"6668",NA,29,"Garinger High School","Ozone","Mecklenburg",35.2401000008895,-80.785683
"6669",NA,21,"Garinger High School","Ozone","Mecklenburg",35.2401000008895,-80.785683
"6670",NA,26,"Garinger High School","Ozone","Mecklenburg",35.2401000008895,-80.785683
"6671",NA,30,"Garinger High School","Ozone","Mecklenburg",35.2401000008895,-80.785683
"6672",NA,31,"Garinger High School","Ozone","Mecklenburg",35.2401000008895,-80.785683
"6673",NA,31,"Garinger High School","Ozone","Mecklenburg",35.2401000008895,-80.785683
"6674",NA,18,"Garinger High School","Ozone","Mecklenburg",35.2401000008895,-80.785683
"6675",NA,18,"Garinger High School","Ozone","Mecklenburg",35.2401000008895,-80.785683
"6676",NA,25,"Garinger High School","Ozone","Mecklenburg",35.2401000008895,-80.785683
"6677",NA,27,"Garinger High School","Ozone","Mecklenburg",35.2401000008895,-80.785683
"6678",3-01-20,38,"University Meadows","Ozone","Mecklenburg",35.314158,-80.713469
"6679",3-02-20,44,"University Meadows","Ozone","Mecklenburg",35.314158,-80.713469
"6680",3-03-20,42,"University Meadows","Ozone","Mecklenburg",35.314158,-80.713469
"6681",3-04-20,44,"University Meadows","Ozone","Mecklenburg",35.314158,-80.713469
"6682",3-05-20,43,"University Meadows","Ozone","Mecklenburg",35.314158,-80.713469
"6683",3-06-20,18,"University Meadows","Ozone","Mecklenburg",35.314158,-80.713469
"6684",3-07-20,34,"University Meadows","Ozone","Mecklenburg",35.314158,-80.713469
"6685",3-08-20,40,"University Meadows","Ozone","Mecklenburg",35.314158,-80.713469
"6686",3-09-20,44,"University Meadows","Ozone","Mecklenburg",35.314158,-80.713469
"6687",3-10-20,28,"University Meadows","Ozone","Mecklenburg",35.314158,-80.713469
"6688",3-11-20,25,"University Meadows","Ozone","Mecklenburg",35.314158,-80.713469
"6689",3-12-20,35,"University Meadows","Ozone","Mecklenburg",35.314158,-80.713469
"6690",NA,43,"University Meadows","Ozone","Mecklenburg",35.314158,-80.713469
"6691",NA,43,"University Meadows","Ozone","Mecklenburg",35.314158,-80.713469
"6692",NA,48,"University Meadows","Ozone","Mecklenburg",35.314158,-80.713469
"6693",NA,71,"University Meadows","Ozone","Mecklenburg",35.314158,-80.713469
"6694",NA,42,"University Meadows","Ozone","Mecklenburg",35.314158,-80.713469
"6695",NA,43,"University Meadows","Ozone","Mecklenburg",35.314158,-80.713469
"6696",NA,43,"University Meadows","Ozone","Mecklenburg",35.314158,-80.713469
"6697",NA,28,"University Meadows","Ozone","Mecklenburg",35.314158,-80.713469
"6698",NA,34,"University Meadows","Ozone","Mecklenburg",35.314158,-80.713469
"6699",NA,44,"University Meadows","Ozone","Mecklenburg",35.314158,-80.713469
"6700",NA,49,"University Meadows","Ozone","Mecklenburg",35.314158,-80.713469
"6701",NA,40,"University Meadows","Ozone","Mecklenburg",35.314158,-80.713469
"6702",NA,44,"University Meadows","Ozone","Mecklenburg",35.314158,-80.713469
"6703",NA,43,"University Meadows","Ozone","Mecklenburg",35.314158,-80.713469
"6704",NA,35,"University Meadows","Ozone","Mecklenburg",35.314158,-80.713469
"6705",NA,39,"University Meadows","Ozone","Mecklenburg",35.314158,-80.713469
"6706",NA,45,"University Meadows","Ozone","Mecklenburg",35.314158,-80.713469
"6707",NA,42,"University Meadows","Ozone","Mecklenburg",35.314158,-80.713469
"6708",NA,46,"University Meadows","Ozone","Mecklenburg",35.314158,-80.713469
"6709",4-01-20,50,"University Meadows","Ozone","Mecklenburg",35.314158,-80.713469
"6710",4-02-20,49,"University Meadows","Ozone","Mecklenburg",35.314158,-80.713469
"6711",4-03-20,45,"University Meadows","Ozone","Mecklenburg",35.314158,-80.713469
"6712",4-04-20,45,"University Meadows","Ozone","Mecklenburg",35.314158,-80.713469
"6713",4-05-20,44,"University Meadows","Ozone","Mecklenburg",35.314158,-80.713469
"6714",4-06-20,49,"University Meadows","Ozone","Mecklenburg",35.314158,-80.713469
"6715",4-07-20,38,"University Meadows","Ozone","Mecklenburg",35.314158,-80.713469
"6716",4-08-20,44,"University Meadows","Ozone","Mecklenburg",35.314158,-80.713469
"6717",4-09-20,42,"University Meadows","Ozone","Mecklenburg",35.314158,-80.713469
"6718",4-10-20,44,"University Meadows","Ozone","Mecklenburg",35.314158,-80.713469
"6719",4-11-20,46,"University Meadows","Ozone","Mecklenburg",35.314158,-80.713469
"6720",4-12-20,54,"University Meadows","Ozone","Mecklenburg",35.314158,-80.713469
"6721",NA,58,"University Meadows","Ozone","Mecklenburg",35.314158,-80.713469
"6722",NA,47,"University Meadows","Ozone","Mecklenburg",35.314158,-80.713469
"6723",NA,34,"University Meadows","Ozone","Mecklenburg",35.314158,-80.713469
"6724",NA,34,"University Meadows","Ozone","Mecklenburg",35.314158,-80.713469
"6725",NA,47,"University Meadows","Ozone","Mecklenburg",35.314158,-80.713469
"6726",NA,71,"University Meadows","Ozone","Mecklenburg",35.314158,-80.713469
"6727",NA,46,"University Meadows","Ozone","Mecklenburg",35.314158,-80.713469
"6728",NA,58,"University Meadows","Ozone","Mecklenburg",35.314158,-80.713469
"6729",NA,67,"University Meadows","Ozone","Mecklenburg",35.314158,-80.713469
"6730",NA,48,"University Meadows","Ozone","Mecklenburg",35.314158,-80.713469
"6731",NA,40,"University Meadows","Ozone","Mecklenburg",35.314158,-80.713469
"6732",NA,32,"University Meadows","Ozone","Mecklenburg",35.314158,-80.713469
"6733",NA,42,"University Meadows","Ozone","Mecklenburg",35.314158,-80.713469
"6734",NA,39,"University Meadows","Ozone","Mecklenburg",35.314158,-80.713469
"6735",NA,44,"University Meadows","Ozone","Mecklenburg",35.314158,-80.713469
"6736",NA,74,"University Meadows","Ozone","Mecklenburg",35.314158,-80.713469
"6737",NA,44,"University Meadows","Ozone","Mecklenburg",35.314158,-80.713469
"6738",NA,50,"University Meadows","Ozone","Mecklenburg",35.314158,-80.713469
"6739",5-01-20,71,"University Meadows","Ozone","Mecklenburg",35.314158,-80.713469
"6740",5-02-20,74,"University Meadows","Ozone","Mecklenburg",35.314158,-80.713469
"6741",5-03-20,50,"University Meadows","Ozone","Mecklenburg",35.314158,-80.713469
"6742",5-04-20,50,"University Meadows","Ozone","Mecklenburg",35.314158,-80.713469
"6743",5-05-20,40,"University Meadows","Ozone","Mecklenburg",35.314158,-80.713469
"6744",5-06-20,47,"University Meadows","Ozone","Mecklenburg",35.314158,-80.713469
"6745",5-07-20,64,"University Meadows","Ozone","Mecklenburg",35.314158,-80.713469
"6746",5-08-20,61,"University Meadows","Ozone","Mecklenburg",35.314158,-80.713469
"6747",5-09-20,97,"University Meadows","Ozone","Mecklenburg",35.314158,-80.713469
"6748",5-10-20,61,"University Meadows","Ozone","Mecklenburg",35.314158,-80.713469
"6749",5-11-20,97,"University Meadows","Ozone","Mecklenburg",35.314158,-80.713469
"6750",5-12-20,105,"University Meadows","Ozone","Mecklenburg",35.314158,-80.713469
"6751",NA,97,"University Meadows","Ozone","Mecklenburg",35.314158,-80.713469
"6752",NA,105,"University Meadows","Ozone","Mecklenburg",35.314158,-80.713469
"6753",NA,25,"University Meadows","Ozone","Mecklenburg",35.314158,-80.713469
"6754",NA,31,"University Meadows","Ozone","Mecklenburg",35.314158,-80.713469
"6755",NA,30,"University Meadows","Ozone","Mecklenburg",35.314158,-80.713469
"6756",NA,24,"University Meadows","Ozone","Mecklenburg",35.314158,-80.713469
"6757",NA,41,"University Meadows","Ozone","Mecklenburg",35.314158,-80.713469
"6758",NA,41,"University Meadows","Ozone","Mecklenburg",35.314158,-80.713469
"6759",NA,44,"University Meadows","Ozone","Mecklenburg",35.314158,-80.713469
"6760",NA,35,"University Meadows","Ozone","Mecklenburg",35.314158,-80.713469
"6761",NA,42,"University Meadows","Ozone","Mecklenburg",35.314158,-80.713469
"6762",NA,38,"University Meadows","Ozone","Mecklenburg",35.314158,-80.713469
"6763",NA,28,"University Meadows","Ozone","Mecklenburg",35.314158,-80.713469
"6764",NA,29,"University Meadows","Ozone","Mecklenburg",35.314158,-80.713469
"6765",NA,23,"University Meadows","Ozone","Mecklenburg",35.314158,-80.713469
"6766",NA,19,"University Meadows","Ozone","Mecklenburg",35.314158,-80.713469
"6767",NA,23,"University Meadows","Ozone","Mecklenburg",35.314158,-80.713469
"6768",NA,28,"University Meadows","Ozone","Mecklenburg",35.314158,-80.713469
"6769",NA,39,"University Meadows","Ozone","Mecklenburg",35.314158,-80.713469
"6770",6-01-20,64,"University Meadows","Ozone","Mecklenburg",35.314158,-80.713469
"6771",6-02-20,46,"University Meadows","Ozone","Mecklenburg",35.314158,-80.713469
"6772",6-03-20,47,"University Meadows","Ozone","Mecklenburg",35.314158,-80.713469
"6773",6-04-20,77,"University Meadows","Ozone","Mecklenburg",35.314158,-80.713469
"6774",6-05-20,84,"University Meadows","Ozone","Mecklenburg",35.314158,-80.713469
"6775",6-06-20,77,"University Meadows","Ozone","Mecklenburg",35.314158,-80.713469
"6776",6-07-20,64,"University Meadows","Ozone","Mecklenburg",35.314158,-80.713469
"6777",6-08-20,71,"University Meadows","Ozone","Mecklenburg",35.314158,-80.713469
"6778",6-09-20,51,"University Meadows","Ozone","Mecklenburg",35.314158,-80.713469
"6779",6-10-20,71,"University Meadows","Ozone","Mecklenburg",35.314158,-80.713469
"6780",6-11-20,54,"University Meadows","Ozone","Mecklenburg",35.314158,-80.713469
"6781",6-12-20,28,"University Meadows","Ozone","Mecklenburg",35.314158,-80.713469
"6782",NA,47,"University Meadows","Ozone","Mecklenburg",35.314158,-80.713469
"6783",NA,51,"University Meadows","Ozone","Mecklenburg",35.314158,-80.713469
"6784",NA,80,"University Meadows","Ozone","Mecklenburg",35.314158,-80.713469
"6785",NA,54,"University Meadows","Ozone","Mecklenburg",35.314158,-80.713469
"6786",NA,84,"University Meadows","Ozone","Mecklenburg",35.314158,-80.713469
"6787",NA,74,"University Meadows","Ozone","Mecklenburg",35.314158,-80.713469
"6788",NA,67,"University Meadows","Ozone","Mecklenburg",35.314158,-80.713469
"6789",NA,47,"University Meadows","Ozone","Mecklenburg",35.314158,-80.713469
"6790",NA,39,"University Meadows","Ozone","Mecklenburg",35.314158,-80.713469
"6791",NA,54,"University Meadows","Ozone","Mecklenburg",35.314158,-80.713469
"6792",NA,44,"University Meadows","Ozone","Mecklenburg",35.314158,-80.713469
"6793",NA,43,"University Meadows","Ozone","Mecklenburg",35.314158,-80.713469
"6794",NA,58,"University Meadows","Ozone","Mecklenburg",35.314158,-80.713469
"6795",NA,37,"University Meadows","Ozone","Mecklenburg",35.314158,-80.713469
"6796",NA,49,"University Meadows","Ozone","Mecklenburg",35.314158,-80.713469
"6797",NA,48,"University Meadows","Ozone","Mecklenburg",35.314158,-80.713469
"6798",NA,51,"University Meadows","Ozone","Mecklenburg",35.314158,-80.713469
"6799",NA,47,"University Meadows","Ozone","Mecklenburg",35.314158,-80.713469
"6800",7-01-20,39,"University Meadows","Ozone","Mecklenburg",35.314158,-80.713469
"6801",7-02-20,42,"University Meadows","Ozone","Mecklenburg",35.314158,-80.713469
"6802",7-03-20,47,"University Meadows","Ozone","Mecklenburg",35.314158,-80.713469
"6803",7-04-20,31,"University Meadows","Ozone","Mecklenburg",35.314158,-80.713469
"6804",7-05-20,29,"University Meadows","Ozone","Mecklenburg",35.314158,-80.713469
"6805",7-06-20,44,"University Meadows","Ozone","Mecklenburg",35.314158,-80.713469
"6806",7-07-20,32,"University Meadows","Ozone","Mecklenburg",35.314158,-80.713469
"6807",7-08-20,54,"University Meadows","Ozone","Mecklenburg",35.314158,-80.713469
"6808",7-09-20,51,"University Meadows","Ozone","Mecklenburg",35.314158,-80.713469
"6809",7-10-20,61,"University Meadows","Ozone","Mecklenburg",35.314158,-80.713469
"6810",7-11-20,97,"University Meadows","Ozone","Mecklenburg",35.314158,-80.713469
"6811",7-12-20,74,"University Meadows","Ozone","Mecklenburg",35.314158,-80.713469
"6812",NA,51,"University Meadows","Ozone","Mecklenburg",35.314158,-80.713469
"6813",NA,51,"University Meadows","Ozone","Mecklenburg",35.314158,-80.713469
"6814",NA,50,"University Meadows","Ozone","Mecklenburg",35.314158,-80.713469
"6815",NA,44,"University Meadows","Ozone","Mecklenburg",35.314158,-80.713469
"6816",NA,48,"University Meadows","Ozone","Mecklenburg",35.314158,-80.713469
"6817",NA,71,"University Meadows","Ozone","Mecklenburg",35.314158,-80.713469
"6818",NA,44,"University Meadows","Ozone","Mecklenburg",35.314158,-80.713469
"6819",NA,44,"University Meadows","Ozone","Mecklenburg",35.314158,-80.713469
"6820",NA,64,"University Meadows","Ozone","Mecklenburg",35.314158,-80.713469
"6821",NA,48,"University Meadows","Ozone","Mecklenburg",35.314158,-80.713469
"6822",NA,36,"University Meadows","Ozone","Mecklenburg",35.314158,-80.713469
"6823",NA,38,"University Meadows","Ozone","Mecklenburg",35.314158,-80.713469
"6824",NA,41,"University Meadows","Ozone","Mecklenburg",35.314158,-80.713469
"6825",NA,54,"University Meadows","Ozone","Mecklenburg",35.314158,-80.713469
"6826",NA,84,"University Meadows","Ozone","Mecklenburg",35.314158,-80.713469
"6827",NA,48,"University Meadows","Ozone","Mecklenburg",35.314158,-80.713469
"6828",NA,44,"University Meadows","Ozone","Mecklenburg",35.314158,-80.713469
"6829",NA,40,"University Meadows","Ozone","Mecklenburg",35.314158,-80.713469
"6830",NA,28,"University Meadows","Ozone","Mecklenburg",35.314158,-80.713469
"6831",8-01-20,27,"University Meadows","Ozone","Mecklenburg",35.314158,-80.713469
"6832",8-02-20,28,"University Meadows","Ozone","Mecklenburg",35.314158,-80.713469
"6833",8-03-20,25,"University Meadows","Ozone","Mecklenburg",35.314158,-80.713469
"6834",8-04-20,44,"University Meadows","Ozone","Mecklenburg",35.314158,-80.713469
"6835",8-05-20,40,"University Meadows","Ozone","Mecklenburg",35.314158,-80.713469
"6836",8-06-20,50,"University Meadows","Ozone","Mecklenburg",35.314158,-80.713469
"6837",8-07-20,54,"University Meadows","Ozone","Mecklenburg",35.314158,-80.713469
"6838",8-08-20,47,"University Meadows","Ozone","Mecklenburg",35.314158,-80.713469
"6839",8-09-20,45,"University Meadows","Ozone","Mecklenburg",35.314158,-80.713469
"6840",8-10-20,51,"University Meadows","Ozone","Mecklenburg",35.314158,-80.713469
"6841",8-11-20,46,"University Meadows","Ozone","Mecklenburg",35.314158,-80.713469
"6842",8-12-20,44,"University Meadows","Ozone","Mecklenburg",35.314158,-80.713469
"6843",NA,58,"University Meadows","Ozone","Mecklenburg",35.314158,-80.713469
"6844",NA,48,"University Meadows","Ozone","Mecklenburg",35.314158,-80.713469
"6845",NA,74,"University Meadows","Ozone","Mecklenburg",35.314158,-80.713469
"6846",NA,61,"University Meadows","Ozone","Mecklenburg",35.314158,-80.713469
"6847",NA,31,"University Meadows","Ozone","Mecklenburg",35.314158,-80.713469
"6848",NA,31,"University Meadows","Ozone","Mecklenburg",35.314158,-80.713469
"6849",NA,34,"University Meadows","Ozone","Mecklenburg",35.314158,-80.713469
"6850",NA,38,"University Meadows","Ozone","Mecklenburg",35.314158,-80.713469
"6851",NA,27,"University Meadows","Ozone","Mecklenburg",35.314158,-80.713469
"6852",NA,38,"University Meadows","Ozone","Mecklenburg",35.314158,-80.713469
"6853",NA,48,"University Meadows","Ozone","Mecklenburg",35.314158,-80.713469
"6854",NA,43,"University Meadows","Ozone","Mecklenburg",35.314158,-80.713469
"6855",NA,51,"University Meadows","Ozone","Mecklenburg",35.314158,-80.713469
"6856",NA,58,"University Meadows","Ozone","Mecklenburg",35.314158,-80.713469
"6857",NA,108,"University Meadows","Ozone","Mecklenburg",35.314158,-80.713469
"6858",NA,77,"University Meadows","Ozone","Mecklenburg",35.314158,-80.713469
"6859",NA,71,"University Meadows","Ozone","Mecklenburg",35.314158,-80.713469
"6860",NA,71,"University Meadows","Ozone","Mecklenburg",35.314158,-80.713469
"6861",NA,46,"University Meadows","Ozone","Mecklenburg",35.314158,-80.713469
"6862",9-01-20,41,"University Meadows","Ozone","Mecklenburg",35.314158,-80.713469
"6863",9-02-20,26,"University Meadows","Ozone","Mecklenburg",35.314158,-80.713469
"6864",9-03-20,29,"University Meadows","Ozone","Mecklenburg",35.314158,-80.713469
"6865",9-04-20,34,"University Meadows","Ozone","Mecklenburg",35.314158,-80.713469
"6866",9-05-20,35,"University Meadows","Ozone","Mecklenburg",35.314158,-80.713469
"6867",9-06-20,41,"University Meadows","Ozone","Mecklenburg",35.314158,-80.713469
"6868",9-07-20,44,"University Meadows","Ozone","Mecklenburg",35.314158,-80.713469
"6869",9-08-20,45,"University Meadows","Ozone","Mecklenburg",35.314158,-80.713469
"6870",9-09-20,25,"University Meadows","Ozone","Mecklenburg",35.314158,-80.713469
"6871",9-10-20,22,"University Meadows","Ozone","Mecklenburg",35.314158,-80.713469
"6872",9-11-20,36,"University Meadows","Ozone","Mecklenburg",35.314158,-80.713469
"6873",NA,33,"University Meadows","Ozone","Mecklenburg",35.314158,-80.713469
"6874",NA,46,"University Meadows","Ozone","Mecklenburg",35.314158,-80.713469
"6875",NA,54,"University Meadows","Ozone","Mecklenburg",35.314158,-80.713469
"6876",NA,51,"University Meadows","Ozone","Mecklenburg",35.314158,-80.713469
"6877",NA,50,"University Meadows","Ozone","Mecklenburg",35.314158,-80.713469
"6878",NA,33,"University Meadows","Ozone","Mecklenburg",35.314158,-80.713469
"6879",NA,18,"University Meadows","Ozone","Mecklenburg",35.314158,-80.713469
"6880",NA,31,"University Meadows","Ozone","Mecklenburg",35.314158,-80.713469
"6881",NA,32,"University Meadows","Ozone","Mecklenburg",35.314158,-80.713469
"6882",NA,27,"University Meadows","Ozone","Mecklenburg",35.314158,-80.713469
"6883",NA,25,"University Meadows","Ozone","Mecklenburg",35.314158,-80.713469
"6884",NA,30,"University Meadows","Ozone","Mecklenburg",35.314158,-80.713469
"6885",NA,33,"University Meadows","Ozone","Mecklenburg",35.314158,-80.713469
"6886",10-01-20,41,"University Meadows","Ozone","Mecklenburg",35.314158,-80.713469
"6887",10-02-20,48,"University Meadows","Ozone","Mecklenburg",35.314158,-80.713469
"6888",10-03-20,61,"University Meadows","Ozone","Mecklenburg",35.314158,-80.713469
"6889",10-04-20,49,"University Meadows","Ozone","Mecklenburg",35.314158,-80.713469
"6890",10-05-20,49,"University Meadows","Ozone","Mecklenburg",35.314158,-80.713469
"6891",10-06-20,39,"University Meadows","Ozone","Mecklenburg",35.314158,-80.713469
"6892",10-07-20,42,"University Meadows","Ozone","Mecklenburg",35.314158,-80.713469
"6893",10-08-20,29,"University Meadows","Ozone","Mecklenburg",35.314158,-80.713469
"6894",10-09-20,24,"University Meadows","Ozone","Mecklenburg",35.314158,-80.713469
"6895",10-10-20,13,"University Meadows","Ozone","Mecklenburg",35.314158,-80.713469
"6896",10-11-20,26,"University Meadows","Ozone","Mecklenburg",35.314158,-80.713469
"6897",10-12-20,37,"University Meadows","Ozone","Mecklenburg",35.314158,-80.713469
"6898",NA,33,"University Meadows","Ozone","Mecklenburg",35.314158,-80.713469
"6899",NA,21,"University Meadows","Ozone","Mecklenburg",35.314158,-80.713469
"6900",NA,33,"University Meadows","Ozone","Mecklenburg",35.314158,-80.713469
"6901",NA,31,"University Meadows","Ozone","Mecklenburg",35.314158,-80.713469
"6902",NA,26,"University Meadows","Ozone","Mecklenburg",35.314158,-80.713469
"6903",NA,35,"University Meadows","Ozone","Mecklenburg",35.314158,-80.713469
"6904",NA,42,"University Meadows","Ozone","Mecklenburg",35.314158,-80.713469
"6905",NA,32,"University Meadows","Ozone","Mecklenburg",35.314158,-80.713469
"6906",NA,29,"University Meadows","Ozone","Mecklenburg",35.314158,-80.713469
"6907",NA,31,"University Meadows","Ozone","Mecklenburg",35.314158,-80.713469
"6908",NA,27,"University Meadows","Ozone","Mecklenburg",35.314158,-80.713469
"6909",NA,35,"University Meadows","Ozone","Mecklenburg",35.314158,-80.713469
"6910",NA,22,"University Meadows","Ozone","Mecklenburg",35.314158,-80.713469
"6911",NA,20,"University Meadows","Ozone","Mecklenburg",35.314158,-80.713469
"6912",NA,22,"University Meadows","Ozone","Mecklenburg",35.314158,-80.713469
"6913",NA,34,"University Meadows","Ozone","Mecklenburg",35.314158,-80.713469
"6914",NA,35,"University Meadows","Ozone","Mecklenburg",35.314158,-80.713469
"6915",NA,31,"University Meadows","Ozone","Mecklenburg",35.314158,-80.713469
"6916",1-01-20,33,"Candor","Ozone","Montgomery",35.2632,-79.8365
"6917",1-03-20,32,"Candor","Ozone","Montgomery",35.2632,-79.8365
"6918",1-04-20,33,"Candor","Ozone","Montgomery",35.2632,-79.8365
"6919",1-05-20,33,"Candor","Ozone","Montgomery",35.2632,-79.8365
"6920",1-06-20,34,"Candor","Ozone","Montgomery",35.2632,-79.8365
"6921",1-07-20,32,"Candor","Ozone","Montgomery",35.2632,-79.8365
"6922",1-08-20,33,"Candor","Ozone","Montgomery",35.2632,-79.8365
"6923",1-10-20,37,"Candor","Ozone","Montgomery",35.2632,-79.8365
"6924",1-12-20,35,"Candor","Ozone","Montgomery",35.2632,-79.8365
"6925",NA,31,"Candor","Ozone","Montgomery",35.2632,-79.8365
"6926",NA,31,"Candor","Ozone","Montgomery",35.2632,-79.8365
"6927",NA,33,"Candor","Ozone","Montgomery",35.2632,-79.8365
"6928",NA,33,"Candor","Ozone","Montgomery",35.2632,-79.8365
"6929",NA,31,"Candor","Ozone","Montgomery",35.2632,-79.8365
"6930",NA,31,"Candor","Ozone","Montgomery",35.2632,-79.8365
"6931",NA,36,"Candor","Ozone","Montgomery",35.2632,-79.8365
"6932",NA,39,"Candor","Ozone","Montgomery",35.2632,-79.8365
"6933",NA,37,"Candor","Ozone","Montgomery",35.2632,-79.8365
"6934",NA,37,"Candor","Ozone","Montgomery",35.2632,-79.8365
"6935",NA,31,"Candor","Ozone","Montgomery",35.2632,-79.8365
"6936",NA,33,"Candor","Ozone","Montgomery",35.2632,-79.8365
"6937",NA,38,"Candor","Ozone","Montgomery",35.2632,-79.8365
"6938",NA,37,"Candor","Ozone","Montgomery",35.2632,-79.8365
"6939",NA,32,"Candor","Ozone","Montgomery",35.2632,-79.8365
"6940",NA,23,"Candor","Ozone","Montgomery",35.2632,-79.8365
"6941",NA,33,"Candor","Ozone","Montgomery",35.2632,-79.8365
"6942",NA,33,"Candor","Ozone","Montgomery",35.2632,-79.8365
"6943",2-01-20,38,"Candor","Ozone","Montgomery",35.2632,-79.8365
"6944",2-02-20,35,"Candor","Ozone","Montgomery",35.2632,-79.8365
"6945",2-03-20,35,"Candor","Ozone","Montgomery",35.2632,-79.8365
"6946",2-04-20,28,"Candor","Ozone","Montgomery",35.2632,-79.8365
"6947",2-05-20,33,"Candor","Ozone","Montgomery",35.2632,-79.8365
"6948",2-06-20,32,"Candor","Ozone","Montgomery",35.2632,-79.8365
"6949",2-07-20,31,"Candor","Ozone","Montgomery",35.2632,-79.8365
"6950",2-08-20,34,"Candor","Ozone","Montgomery",35.2632,-79.8365
"6951",2-09-20,40,"Candor","Ozone","Montgomery",35.2632,-79.8365
"6952",2-10-20,19,"Candor","Ozone","Montgomery",35.2632,-79.8365
"6953",2-11-20,20,"Candor","Ozone","Montgomery",35.2632,-79.8365
"6954",2-12-20,31,"Candor","Ozone","Montgomery",35.2632,-79.8365
"6955",NA,31,"Candor","Ozone","Montgomery",35.2632,-79.8365
"6956",NA,25,"Candor","Ozone","Montgomery",35.2632,-79.8365
"6957",NA,25,"Candor","Ozone","Montgomery",35.2632,-79.8365
"6958",NA,31,"Candor","Ozone","Montgomery",35.2632,-79.8365
"6959",NA,27,"Candor","Ozone","Montgomery",35.2632,-79.8365
"6960",NA,37,"Candor","Ozone","Montgomery",35.2632,-79.8365
"6961",NA,43,"Candor","Ozone","Montgomery",35.2632,-79.8365
"6962",NA,32,"Candor","Ozone","Montgomery",35.2632,-79.8365
"6963",3-01-20,35,"Candor","Ozone","Montgomery",35.2632,-79.8365
"6964",3-02-20,44,"Candor","Ozone","Montgomery",35.2632,-79.8365
"6965",3-03-20,45,"Candor","Ozone","Montgomery",35.2632,-79.8365
"6966",3-04-20,45,"Candor","Ozone","Montgomery",35.2632,-79.8365
"6967",3-05-20,45,"Candor","Ozone","Montgomery",35.2632,-79.8365
"6968",3-06-20,29,"Candor","Ozone","Montgomery",35.2632,-79.8365
"6969",3-07-20,34,"Candor","Ozone","Montgomery",35.2632,-79.8365
"6970",3-08-20,40,"Candor","Ozone","Montgomery",35.2632,-79.8365
"6971",3-09-20,43,"Candor","Ozone","Montgomery",35.2632,-79.8365
"6972",3-10-20,42,"Candor","Ozone","Montgomery",35.2632,-79.8365
"6973",3-11-20,30,"Candor","Ozone","Montgomery",35.2632,-79.8365
"6974",3-12-20,36,"Candor","Ozone","Montgomery",35.2632,-79.8365
"6975",NA,43,"Candor","Ozone","Montgomery",35.2632,-79.8365
"6976",NA,43,"Candor","Ozone","Montgomery",35.2632,-79.8365
"6977",NA,49,"Candor","Ozone","Montgomery",35.2632,-79.8365
"6978",NA,67,"Candor","Ozone","Montgomery",35.2632,-79.8365
"6979",NA,42,"Candor","Ozone","Montgomery",35.2632,-79.8365
"6980",NA,44,"Candor","Ozone","Montgomery",35.2632,-79.8365
"6981",NA,44,"Candor","Ozone","Montgomery",35.2632,-79.8365
"6982",NA,30,"Candor","Ozone","Montgomery",35.2632,-79.8365
"6983",NA,33,"Candor","Ozone","Montgomery",35.2632,-79.8365
"6984",NA,44,"Candor","Ozone","Montgomery",35.2632,-79.8365
"6985",NA,48,"Candor","Ozone","Montgomery",35.2632,-79.8365
"6986",NA,39,"Candor","Ozone","Montgomery",35.2632,-79.8365
"6987",NA,44,"Candor","Ozone","Montgomery",35.2632,-79.8365
"6988",NA,44,"Candor","Ozone","Montgomery",35.2632,-79.8365
"6989",NA,37,"Candor","Ozone","Montgomery",35.2632,-79.8365
"6990",NA,41,"Candor","Ozone","Montgomery",35.2632,-79.8365
"6991",NA,49,"Candor","Ozone","Montgomery",35.2632,-79.8365
"6992",NA,41,"Candor","Ozone","Montgomery",35.2632,-79.8365
"6993",NA,46,"Candor","Ozone","Montgomery",35.2632,-79.8365
"6994",4-01-20,48,"Candor","Ozone","Montgomery",35.2632,-79.8365
"6995",4-02-20,48,"Candor","Ozone","Montgomery",35.2632,-79.8365
"6996",4-03-20,37,"Candor","Ozone","Montgomery",35.2632,-79.8365
"6997",4-04-20,44,"Candor","Ozone","Montgomery",35.2632,-79.8365
"6998",4-05-20,51,"Candor","Ozone","Montgomery",35.2632,-79.8365
"6999",4-06-20,54,"Candor","Ozone","Montgomery",35.2632,-79.8365
"7000",4-07-20,41,"Candor","Ozone","Montgomery",35.2632,-79.8365
"7001",4-08-20,44,"Candor","Ozone","Montgomery",35.2632,-79.8365
"7002",4-09-20,43,"Candor","Ozone","Montgomery",35.2632,-79.8365
"7003",4-10-20,46,"Candor","Ozone","Montgomery",35.2632,-79.8365
"7004",4-11-20,46,"Candor","Ozone","Montgomery",35.2632,-79.8365
"7005",4-12-20,54,"Candor","Ozone","Montgomery",35.2632,-79.8365
"7006",NA,50,"Candor","Ozone","Montgomery",35.2632,-79.8365
"7007",NA,46,"Candor","Ozone","Montgomery",35.2632,-79.8365
"7008",NA,34,"Candor","Ozone","Montgomery",35.2632,-79.8365
"7009",NA,33,"Candor","Ozone","Montgomery",35.2632,-79.8365
"7010",NA,47,"Candor","Ozone","Montgomery",35.2632,-79.8365
"7011",NA,64,"Candor","Ozone","Montgomery",35.2632,-79.8365
"7012",NA,49,"Candor","Ozone","Montgomery",35.2632,-79.8365
"7013",NA,71,"Candor","Ozone","Montgomery",35.2632,-79.8365
"7014",NA,61,"Candor","Ozone","Montgomery",35.2632,-79.8365
"7015",NA,50,"Candor","Ozone","Montgomery",35.2632,-79.8365
"7016",NA,41,"Candor","Ozone","Montgomery",35.2632,-79.8365
"7017",NA,37,"Candor","Ozone","Montgomery",35.2632,-79.8365
"7018",NA,35,"Candor","Ozone","Montgomery",35.2632,-79.8365
"7019",NA,38,"Candor","Ozone","Montgomery",35.2632,-79.8365
"7020",NA,44,"Candor","Ozone","Montgomery",35.2632,-79.8365
"7021",NA,64,"Candor","Ozone","Montgomery",35.2632,-79.8365
"7022",NA,44,"Candor","Ozone","Montgomery",35.2632,-79.8365
"7023",NA,58,"Candor","Ozone","Montgomery",35.2632,-79.8365
"7024",5-01-20,61,"Candor","Ozone","Montgomery",35.2632,-79.8365
"7025",5-02-20,54,"Candor","Ozone","Montgomery",35.2632,-79.8365
"7026",5-03-20,47,"Candor","Ozone","Montgomery",35.2632,-79.8365
"7027",5-04-20,43,"Candor","Ozone","Montgomery",35.2632,-79.8365
"7028",5-05-20,33,"Candor","Ozone","Montgomery",35.2632,-79.8365
"7029",5-06-20,43,"Candor","Ozone","Montgomery",35.2632,-79.8365
"7030",5-07-20,48,"Candor","Ozone","Montgomery",35.2632,-79.8365
"7031",5-08-20,47,"Candor","Ozone","Montgomery",35.2632,-79.8365
"7032",5-09-20,50,"Candor","Ozone","Montgomery",35.2632,-79.8365
"7033",5-10-20,51,"Candor","Ozone","Montgomery",35.2632,-79.8365
"7034",5-11-20,64,"Candor","Ozone","Montgomery",35.2632,-79.8365
"7035",5-12-20,61,"Candor","Ozone","Montgomery",35.2632,-79.8365
"7036",NA,46,"Candor","Ozone","Montgomery",35.2632,-79.8365
"7037",NA,47,"Candor","Ozone","Montgomery",35.2632,-79.8365
"7038",NA,20,"Candor","Ozone","Montgomery",35.2632,-79.8365
"7039",NA,30,"Candor","Ozone","Montgomery",35.2632,-79.8365
"7040",NA,26,"Candor","Ozone","Montgomery",35.2632,-79.8365
"7041",NA,25,"Candor","Ozone","Montgomery",35.2632,-79.8365
"7042",NA,20,"Candor","Ozone","Montgomery",35.2632,-79.8365
"7043",NA,22,"Candor","Ozone","Montgomery",35.2632,-79.8365
"7044",NA,33,"Candor","Ozone","Montgomery",35.2632,-79.8365
"7045",NA,24,"Candor","Ozone","Montgomery",35.2632,-79.8365
"7046",NA,29,"Candor","Ozone","Montgomery",35.2632,-79.8365
"7047",NA,39,"Candor","Ozone","Montgomery",35.2632,-79.8365
"7048",NA,26,"Candor","Ozone","Montgomery",35.2632,-79.8365
"7049",NA,21,"Candor","Ozone","Montgomery",35.2632,-79.8365
"7050",NA,19,"Candor","Ozone","Montgomery",35.2632,-79.8365
"7051",NA,18,"Candor","Ozone","Montgomery",35.2632,-79.8365
"7052",6-02-20,43,"Candor","Ozone","Montgomery",35.2632,-79.8365
"7053",6-04-20,64,"Candor","Ozone","Montgomery",35.2632,-79.8365
"7054",6-05-20,48,"Candor","Ozone","Montgomery",35.2632,-79.8365
"7055",6-06-20,61,"Candor","Ozone","Montgomery",35.2632,-79.8365
"7056",6-07-20,48,"Candor","Ozone","Montgomery",35.2632,-79.8365
"7057",6-08-20,46,"Candor","Ozone","Montgomery",35.2632,-79.8365
"7058",6-09-20,40,"Candor","Ozone","Montgomery",35.2632,-79.8365
"7059",6-10-20,34,"Candor","Ozone","Montgomery",35.2632,-79.8365
"7060",6-11-20,31,"Candor","Ozone","Montgomery",35.2632,-79.8365
"7061",6-12-20,26,"Candor","Ozone","Montgomery",35.2632,-79.8365
"7062",NA,37,"Candor","Ozone","Montgomery",35.2632,-79.8365
"7063",NA,44,"Candor","Ozone","Montgomery",35.2632,-79.8365
"7064",NA,47,"Candor","Ozone","Montgomery",35.2632,-79.8365
"7065",NA,45,"Candor","Ozone","Montgomery",35.2632,-79.8365
"7066",NA,39,"Candor","Ozone","Montgomery",35.2632,-79.8365
"7067",NA,46,"Candor","Ozone","Montgomery",35.2632,-79.8365
"7068",NA,48,"Candor","Ozone","Montgomery",35.2632,-79.8365
"7069",NA,40,"Candor","Ozone","Montgomery",35.2632,-79.8365
"7070",NA,40,"Candor","Ozone","Montgomery",35.2632,-79.8365
"7071",NA,39,"Candor","Ozone","Montgomery",35.2632,-79.8365
"7072",NA,40,"Candor","Ozone","Montgomery",35.2632,-79.8365
"7073",NA,41,"Candor","Ozone","Montgomery",35.2632,-79.8365
"7074",NA,44,"Candor","Ozone","Montgomery",35.2632,-79.8365
"7075",NA,32,"Candor","Ozone","Montgomery",35.2632,-79.8365
"7076",NA,41,"Candor","Ozone","Montgomery",35.2632,-79.8365
"7077",NA,46,"Candor","Ozone","Montgomery",35.2632,-79.8365
"7078",NA,32,"Candor","Ozone","Montgomery",35.2632,-79.8365
"7079",7-01-20,30,"Candor","Ozone","Montgomery",35.2632,-79.8365
"7080",7-02-20,28,"Candor","Ozone","Montgomery",35.2632,-79.8365
"7081",7-03-20,44,"Candor","Ozone","Montgomery",35.2632,-79.8365
"7082",7-04-20,27,"Candor","Ozone","Montgomery",35.2632,-79.8365
"7083",7-05-20,29,"Candor","Ozone","Montgomery",35.2632,-79.8365
"7084",7-06-20,33,"Candor","Ozone","Montgomery",35.2632,-79.8365
"7085",7-07-20,29,"Candor","Ozone","Montgomery",35.2632,-79.8365
"7086",7-08-20,40,"Candor","Ozone","Montgomery",35.2632,-79.8365
"7087",7-09-20,46,"Candor","Ozone","Montgomery",35.2632,-79.8365
"7088",7-11-20,50,"Candor","Ozone","Montgomery",35.2632,-79.8365
"7089",7-12-20,43,"Candor","Ozone","Montgomery",35.2632,-79.8365
"7090",NA,51,"Candor","Ozone","Montgomery",35.2632,-79.8365
"7091",NA,44,"Candor","Ozone","Montgomery",35.2632,-79.8365
"7092",NA,44,"Candor","Ozone","Montgomery",35.2632,-79.8365
"7093",NA,37,"Candor","Ozone","Montgomery",35.2632,-79.8365
"7094",NA,40,"Candor","Ozone","Montgomery",35.2632,-79.8365
"7095",NA,44,"Candor","Ozone","Montgomery",35.2632,-79.8365
"7096",NA,51,"Candor","Ozone","Montgomery",35.2632,-79.8365
"7097",NA,40,"Candor","Ozone","Montgomery",35.2632,-79.8365
"7098",NA,33,"Candor","Ozone","Montgomery",35.2632,-79.8365
"7099",NA,39,"Candor","Ozone","Montgomery",35.2632,-79.8365
"7100",NA,40,"Candor","Ozone","Montgomery",35.2632,-79.8365
"7101",NA,38,"Candor","Ozone","Montgomery",35.2632,-79.8365
"7102",NA,43,"Candor","Ozone","Montgomery",35.2632,-79.8365
"7103",8-01-20,25,"Candor","Ozone","Montgomery",35.2632,-79.8365
"7104",8-02-20,20,"Candor","Ozone","Montgomery",35.2632,-79.8365
"7105",8-03-20,16,"Candor","Ozone","Montgomery",35.2632,-79.8365
"7106",8-04-20,26,"Candor","Ozone","Montgomery",35.2632,-79.8365
"7107",8-05-20,22,"Candor","Ozone","Montgomery",35.2632,-79.8365
"7108",8-06-20,34,"Candor","Ozone","Montgomery",35.2632,-79.8365
"7109",8-07-20,38,"Candor","Ozone","Montgomery",35.2632,-79.8365
"7110",8-08-20,37,"Candor","Ozone","Montgomery",35.2632,-79.8365
"7111",8-09-20,44,"Candor","Ozone","Montgomery",35.2632,-79.8365
"7112",8-10-20,42,"Candor","Ozone","Montgomery",35.2632,-79.8365
"7113",8-11-20,42,"Candor","Ozone","Montgomery",35.2632,-79.8365
"7114",8-12-20,32,"Candor","Ozone","Montgomery",35.2632,-79.8365
"7115",NA,31,"Candor","Ozone","Montgomery",35.2632,-79.8365
"7116",NA,39,"Candor","Ozone","Montgomery",35.2632,-79.8365
"7117",NA,39,"Candor","Ozone","Montgomery",35.2632,-79.8365
"7118",NA,45,"Candor","Ozone","Montgomery",35.2632,-79.8365
"7119",NA,24,"Candor","Ozone","Montgomery",35.2632,-79.8365
"7120",NA,26,"Candor","Ozone","Montgomery",35.2632,-79.8365
"7121",NA,23,"Candor","Ozone","Montgomery",35.2632,-79.8365
"7122",NA,28,"Candor","Ozone","Montgomery",35.2632,-79.8365
"7123",NA,19,"Candor","Ozone","Montgomery",35.2632,-79.8365
"7124",NA,31,"Candor","Ozone","Montgomery",35.2632,-79.8365
"7125",NA,42,"Candor","Ozone","Montgomery",35.2632,-79.8365
"7126",NA,40,"Candor","Ozone","Montgomery",35.2632,-79.8365
"7127",NA,39,"Candor","Ozone","Montgomery",35.2632,-79.8365
"7128",NA,40,"Candor","Ozone","Montgomery",35.2632,-79.8365
"7129",NA,43,"Candor","Ozone","Montgomery",35.2632,-79.8365
"7130",NA,41,"Candor","Ozone","Montgomery",35.2632,-79.8365
"7131",NA,32,"Candor","Ozone","Montgomery",35.2632,-79.8365
"7132",NA,34,"Candor","Ozone","Montgomery",35.2632,-79.8365
"7133",NA,28,"Candor","Ozone","Montgomery",35.2632,-79.8365
"7134",9-01-20,30,"Candor","Ozone","Montgomery",35.2632,-79.8365
"7135",9-02-20,20,"Candor","Ozone","Montgomery",35.2632,-79.8365
"7136",9-03-20,20,"Candor","Ozone","Montgomery",35.2632,-79.8365
"7137",9-04-20,31,"Candor","Ozone","Montgomery",35.2632,-79.8365
"7138",9-05-20,31,"Candor","Ozone","Montgomery",35.2632,-79.8365
"7139",9-06-20,31,"Candor","Ozone","Montgomery",35.2632,-79.8365
"7140",9-07-20,37,"Candor","Ozone","Montgomery",35.2632,-79.8365
"7141",9-08-20,31,"Candor","Ozone","Montgomery",35.2632,-79.8365
"7142",9-09-20,22,"Candor","Ozone","Montgomery",35.2632,-79.8365
"7143",9-10-20,24,"Candor","Ozone","Montgomery",35.2632,-79.8365
"7144",9-11-20,25,"Candor","Ozone","Montgomery",35.2632,-79.8365
"7145",9-12-20,19,"Candor","Ozone","Montgomery",35.2632,-79.8365
"7146",NA,17,"Candor","Ozone","Montgomery",35.2632,-79.8365
"7147",NA,19,"Candor","Ozone","Montgomery",35.2632,-79.8365
"7148",NA,21,"Candor","Ozone","Montgomery",35.2632,-79.8365
"7149",NA,30,"Candor","Ozone","Montgomery",35.2632,-79.8365
"7150",NA,43,"Candor","Ozone","Montgomery",35.2632,-79.8365
"7151",NA,41,"Candor","Ozone","Montgomery",35.2632,-79.8365
"7152",NA,36,"Candor","Ozone","Montgomery",35.2632,-79.8365
"7153",NA,33,"Candor","Ozone","Montgomery",35.2632,-79.8365
"7154",NA,26,"Candor","Ozone","Montgomery",35.2632,-79.8365
"7155",NA,22,"Candor","Ozone","Montgomery",35.2632,-79.8365
"7156",NA,27,"Candor","Ozone","Montgomery",35.2632,-79.8365
"7157",NA,29,"Candor","Ozone","Montgomery",35.2632,-79.8365
"7158",NA,24,"Candor","Ozone","Montgomery",35.2632,-79.8365
"7159",NA,18,"Candor","Ozone","Montgomery",35.2632,-79.8365
"7160",NA,30,"Candor","Ozone","Montgomery",35.2632,-79.8365
"7161",NA,32,"Candor","Ozone","Montgomery",35.2632,-79.8365
"7162",10-01-20,36,"Candor","Ozone","Montgomery",35.2632,-79.8365
"7163",10-02-20,36,"Candor","Ozone","Montgomery",35.2632,-79.8365
"7164",10-03-20,39,"Candor","Ozone","Montgomery",35.2632,-79.8365
"7165",10-04-20,44,"Candor","Ozone","Montgomery",35.2632,-79.8365
"7166",10-05-20,37,"Candor","Ozone","Montgomery",35.2632,-79.8365
"7167",10-06-20,28,"Candor","Ozone","Montgomery",35.2632,-79.8365
"7168",10-07-20,31,"Candor","Ozone","Montgomery",35.2632,-79.8365
"7169",10-08-20,27,"Candor","Ozone","Montgomery",35.2632,-79.8365
"7170",10-09-20,30,"Candor","Ozone","Montgomery",35.2632,-79.8365
"7171",10-10-20,19,"Candor","Ozone","Montgomery",35.2632,-79.8365
"7172",10-11-20,25,"Candor","Ozone","Montgomery",35.2632,-79.8365
"7173",10-12-20,35,"Candor","Ozone","Montgomery",35.2632,-79.8365
"7174",NA,33,"Candor","Ozone","Montgomery",35.2632,-79.8365
"7175",NA,20,"Candor","Ozone","Montgomery",35.2632,-79.8365
"7176",NA,31,"Candor","Ozone","Montgomery",35.2632,-79.8365
"7177",NA,29,"Candor","Ozone","Montgomery",35.2632,-79.8365
"7178",NA,23,"Candor","Ozone","Montgomery",35.2632,-79.8365
"7179",NA,33,"Candor","Ozone","Montgomery",35.2632,-79.8365
"7180",NA,37,"Candor","Ozone","Montgomery",35.2632,-79.8365
"7181",NA,31,"Candor","Ozone","Montgomery",35.2632,-79.8365
"7182",NA,29,"Candor","Ozone","Montgomery",35.2632,-79.8365
"7183",NA,28,"Candor","Ozone","Montgomery",35.2632,-79.8365
"7184",NA,31,"Candor","Ozone","Montgomery",35.2632,-79.8365
"7185",NA,34,"Candor","Ozone","Montgomery",35.2632,-79.8365
"7186",NA,24,"Candor","Ozone","Montgomery",35.2632,-79.8365
"7187",NA,27,"Candor","Ozone","Montgomery",35.2632,-79.8365
"7188",NA,15,"Candor","Ozone","Montgomery",35.2632,-79.8365
"7189",NA,31,"Candor","Ozone","Montgomery",35.2632,-79.8365
"7190",NA,34,"Candor","Ozone","Montgomery",35.2632,-79.8365
"7191",NA,33,"Candor","Ozone","Montgomery",35.2632,-79.8365
"7192",NA,35,"Candor","Ozone","Montgomery",35.2632,-79.8365
"7193",11-01-20,31,"Candor","Ozone","Montgomery",35.2632,-79.8365
"7194",11-02-20,22,"Candor","Ozone","Montgomery",35.2632,-79.8365
"7195",11-03-20,31,"Candor","Ozone","Montgomery",35.2632,-79.8365
"7196",11-04-20,27,"Candor","Ozone","Montgomery",35.2632,-79.8365
"7197",11-05-20,14,"Candor","Ozone","Montgomery",35.2632,-79.8365
"7198",11-06-20,20,"Candor","Ozone","Montgomery",35.2632,-79.8365
"7199",11-07-20,33,"Candor","Ozone","Montgomery",35.2632,-79.8365
"7200",11-08-20,31,"Candor","Ozone","Montgomery",35.2632,-79.8365
"7201",11-09-20,15,"Candor","Ozone","Montgomery",35.2632,-79.8365
"7202",11-10-20,32,"Candor","Ozone","Montgomery",35.2632,-79.8365
"7203",11-11-20,30,"Candor","Ozone","Montgomery",35.2632,-79.8365
"7204",11-12-20,20,"Candor","Ozone","Montgomery",35.2632,-79.8365
"7205",NA,20,"Candor","Ozone","Montgomery",35.2632,-79.8365
"7206",NA,19,"Candor","Ozone","Montgomery",35.2632,-79.8365
"7207",NA,23,"Candor","Ozone","Montgomery",35.2632,-79.8365
"7208",NA,24,"Candor","Ozone","Montgomery",35.2632,-79.8365
"7209",NA,31,"Candor","Ozone","Montgomery",35.2632,-79.8365
"7210",NA,31,"Candor","Ozone","Montgomery",35.2632,-79.8365
"7211",NA,32,"Candor","Ozone","Montgomery",35.2632,-79.8365
"7212",NA,32,"Candor","Ozone","Montgomery",35.2632,-79.8365
"7213",NA,29,"Candor","Ozone","Montgomery",35.2632,-79.8365
"7214",NA,29,"Candor","Ozone","Montgomery",35.2632,-79.8365
"7215",NA,31,"Candor","Ozone","Montgomery",35.2632,-79.8365
"7216",NA,19,"Candor","Ozone","Montgomery",35.2632,-79.8365
"7217",NA,22,"Candor","Ozone","Montgomery",35.2632,-79.8365
"7218",NA,22,"Candor","Ozone","Montgomery",35.2632,-79.8365
"7219",NA,23,"Candor","Ozone","Montgomery",35.2632,-79.8365
"7220",NA,29,"Candor","Ozone","Montgomery",35.2632,-79.8365
"7221",NA,26,"Candor","Ozone","Montgomery",35.2632,-79.8365
"7222",NA,31,"Candor","Ozone","Montgomery",35.2632,-79.8365
"7223",12-01-20,29,"Candor","Ozone","Montgomery",35.2632,-79.8365
"7224",12-02-20,22,"Candor","Ozone","Montgomery",35.2632,-79.8365
"7225",12-03-20,29,"Candor","Ozone","Montgomery",35.2632,-79.8365
"7226",12-04-20,19,"Candor","Ozone","Montgomery",35.2632,-79.8365
"7227",12-06-20,25,"Candor","Ozone","Montgomery",35.2632,-79.8365
"7228",12-07-20,25,"Candor","Ozone","Montgomery",35.2632,-79.8365
"7229",12-08-20,22,"Candor","Ozone","Montgomery",35.2632,-79.8365
"7230",12-09-20,25,"Candor","Ozone","Montgomery",35.2632,-79.8365
"7231",12-10-20,31,"Candor","Ozone","Montgomery",35.2632,-79.8365
"7232",12-12-20,27,"Candor","Ozone","Montgomery",35.2632,-79.8365
"7233",NA,28,"Candor","Ozone","Montgomery",35.2632,-79.8365
"7234",NA,23,"Candor","Ozone","Montgomery",35.2632,-79.8365
"7235",NA,15,"Candor","Ozone","Montgomery",35.2632,-79.8365
"7236",NA,26,"Candor","Ozone","Montgomery",35.2632,-79.8365
"7237",NA,33,"Candor","Ozone","Montgomery",35.2632,-79.8365
"7238",NA,29,"Candor","Ozone","Montgomery",35.2632,-79.8365
"7239",NA,28,"Candor","Ozone","Montgomery",35.2632,-79.8365
"7240",NA,28,"Candor","Ozone","Montgomery",35.2632,-79.8365
"7241",NA,32,"Candor","Ozone","Montgomery",35.2632,-79.8365
"7242",NA,23,"Candor","Ozone","Montgomery",35.2632,-79.8365
"7243",NA,29,"Candor","Ozone","Montgomery",35.2632,-79.8365
"7244",NA,31,"Candor","Ozone","Montgomery",35.2632,-79.8365
"7245",NA,31,"Candor","Ozone","Montgomery",35.2632,-79.8365
"7246",NA,34,"Candor","Ozone","Montgomery",35.2632,-79.8365
"7247",NA,27,"Candor","Ozone","Montgomery",35.2632,-79.8365
"7248",NA,27,"Candor","Ozone","Montgomery",35.2632,-79.8365
"7249",NA,25,"Candor","Ozone","Montgomery",35.2632,-79.8365
"7250",NA,21,"Candor","Ozone","Montgomery",35.2632,-79.8365
"7251",3-01-20,32,"Castle Hayne","Ozone","New Hanover",34.364167,-77.838611
"7252",3-02-20,44,"Castle Hayne","Ozone","New Hanover",34.364167,-77.838611
"7253",3-03-20,44,"Castle Hayne","Ozone","New Hanover",34.364167,-77.838611
"7254",3-04-20,41,"Castle Hayne","Ozone","New Hanover",34.364167,-77.838611
"7255",3-05-20,44,"Castle Hayne","Ozone","New Hanover",34.364167,-77.838611
"7256",3-06-20,44,"Castle Hayne","Ozone","New Hanover",34.364167,-77.838611
"7257",3-07-20,36,"Castle Hayne","Ozone","New Hanover",34.364167,-77.838611
"7258",3-08-20,38,"Castle Hayne","Ozone","New Hanover",34.364167,-77.838611
"7259",3-09-20,44,"Castle Hayne","Ozone","New Hanover",34.364167,-77.838611
"7260",3-12-20,34,"Castle Hayne","Ozone","New Hanover",34.364167,-77.838611
"7261",NA,43,"Castle Hayne","Ozone","New Hanover",34.364167,-77.838611
"7262",NA,43,"Castle Hayne","Ozone","New Hanover",34.364167,-77.838611
"7263",NA,48,"Castle Hayne","Ozone","New Hanover",34.364167,-77.838611
"7264",NA,71,"Castle Hayne","Ozone","New Hanover",34.364167,-77.838611
"7265",NA,48,"Castle Hayne","Ozone","New Hanover",34.364167,-77.838611
"7266",NA,44,"Castle Hayne","Ozone","New Hanover",34.364167,-77.838611
"7267",NA,44,"Castle Hayne","Ozone","New Hanover",34.364167,-77.838611
"7268",NA,34,"Castle Hayne","Ozone","New Hanover",34.364167,-77.838611
"7269",NA,27,"Castle Hayne","Ozone","New Hanover",34.364167,-77.838611
"7270",NA,44,"Castle Hayne","Ozone","New Hanover",34.364167,-77.838611
"7271",NA,48,"Castle Hayne","Ozone","New Hanover",34.364167,-77.838611
"7272",NA,44,"Castle Hayne","Ozone","New Hanover",34.364167,-77.838611
"7273",NA,44,"Castle Hayne","Ozone","New Hanover",34.364167,-77.838611
"7274",NA,43,"Castle Hayne","Ozone","New Hanover",34.364167,-77.838611
"7275",NA,31,"Castle Hayne","Ozone","New Hanover",34.364167,-77.838611
"7276",NA,43,"Castle Hayne","Ozone","New Hanover",34.364167,-77.838611
"7277",NA,44,"Castle Hayne","Ozone","New Hanover",34.364167,-77.838611
"7278",NA,39,"Castle Hayne","Ozone","New Hanover",34.364167,-77.838611
"7279",NA,44,"Castle Hayne","Ozone","New Hanover",34.364167,-77.838611
"7280",4-01-20,46,"Castle Hayne","Ozone","New Hanover",34.364167,-77.838611
"7281",4-02-20,47,"Castle Hayne","Ozone","New Hanover",34.364167,-77.838611
"7282",4-03-20,31,"Castle Hayne","Ozone","New Hanover",34.364167,-77.838611
"7283",4-04-20,43,"Castle Hayne","Ozone","New Hanover",34.364167,-77.838611
"7284",4-05-20,48,"Castle Hayne","Ozone","New Hanover",34.364167,-77.838611
"7285",4-06-20,64,"Castle Hayne","Ozone","New Hanover",34.364167,-77.838611
"7286",4-07-20,41,"Castle Hayne","Ozone","New Hanover",34.364167,-77.838611
"7287",4-08-20,44,"Castle Hayne","Ozone","New Hanover",34.364167,-77.838611
"7288",4-09-20,38,"Castle Hayne","Ozone","New Hanover",34.364167,-77.838611
"7289",4-10-20,36,"Castle Hayne","Ozone","New Hanover",34.364167,-77.838611
"7290",4-11-20,48,"Castle Hayne","Ozone","New Hanover",34.364167,-77.838611
"7291",4-12-20,51,"Castle Hayne","Ozone","New Hanover",34.364167,-77.838611
"7292",NA,47,"Castle Hayne","Ozone","New Hanover",34.364167,-77.838611
"7293",NA,43,"Castle Hayne","Ozone","New Hanover",34.364167,-77.838611
"7294",NA,31,"Castle Hayne","Ozone","New Hanover",34.364167,-77.838611
"7295",NA,36,"Castle Hayne","Ozone","New Hanover",34.364167,-77.838611
"7296",NA,46,"Castle Hayne","Ozone","New Hanover",34.364167,-77.838611
"7297",NA,71,"Castle Hayne","Ozone","New Hanover",34.364167,-77.838611
"7298",NA,74,"Castle Hayne","Ozone","New Hanover",34.364167,-77.838611
"7299",NA,54,"Castle Hayne","Ozone","New Hanover",34.364167,-77.838611
"7300",NA,71,"Castle Hayne","Ozone","New Hanover",34.364167,-77.838611
"7301",NA,67,"Castle Hayne","Ozone","New Hanover",34.364167,-77.838611
"7302",NA,45,"Castle Hayne","Ozone","New Hanover",34.364167,-77.838611
"7303",NA,54,"Castle Hayne","Ozone","New Hanover",34.364167,-77.838611
"7304",NA,47,"Castle Hayne","Ozone","New Hanover",34.364167,-77.838611
"7305",NA,45,"Castle Hayne","Ozone","New Hanover",34.364167,-77.838611
"7306",NA,50,"Castle Hayne","Ozone","New Hanover",34.364167,-77.838611
"7307",NA,45,"Castle Hayne","Ozone","New Hanover",34.364167,-77.838611
"7308",NA,50,"Castle Hayne","Ozone","New Hanover",34.364167,-77.838611
"7309",5-01-20,67,"Castle Hayne","Ozone","New Hanover",34.364167,-77.838611
"7310",5-02-20,64,"Castle Hayne","Ozone","New Hanover",34.364167,-77.838611
"7311",5-03-20,46,"Castle Hayne","Ozone","New Hanover",34.364167,-77.838611
"7312",5-04-20,46,"Castle Hayne","Ozone","New Hanover",34.364167,-77.838611
"7313",5-05-20,42,"Castle Hayne","Ozone","New Hanover",34.364167,-77.838611
"7314",5-06-20,25,"Castle Hayne","Ozone","New Hanover",34.364167,-77.838611
"7315",5-07-20,33,"Castle Hayne","Ozone","New Hanover",34.364167,-77.838611
"7316",5-08-20,35,"Castle Hayne","Ozone","New Hanover",34.364167,-77.838611
"7317",5-09-20,30,"Castle Hayne","Ozone","New Hanover",34.364167,-77.838611
"7318",5-10-20,50,"Castle Hayne","Ozone","New Hanover",34.364167,-77.838611
"7319",5-11-20,71,"Castle Hayne","Ozone","New Hanover",34.364167,-77.838611
"7320",5-12-20,71,"Castle Hayne","Ozone","New Hanover",34.364167,-77.838611
"7321",NA,47,"Castle Hayne","Ozone","New Hanover",34.364167,-77.838611
"7322",NA,31,"Castle Hayne","Ozone","New Hanover",34.364167,-77.838611
"7323",NA,22,"Castle Hayne","Ozone","New Hanover",34.364167,-77.838611
"7324",NA,35,"Castle Hayne","Ozone","New Hanover",34.364167,-77.838611
"7325",NA,32,"Castle Hayne","Ozone","New Hanover",34.364167,-77.838611
"7326",NA,27,"Castle Hayne","Ozone","New Hanover",34.364167,-77.838611
"7327",NA,22,"Castle Hayne","Ozone","New Hanover",34.364167,-77.838611
"7328",NA,29,"Castle Hayne","Ozone","New Hanover",34.364167,-77.838611
"7329",NA,29,"Castle Hayne","Ozone","New Hanover",34.364167,-77.838611
"7330",NA,43,"Castle Hayne","Ozone","New Hanover",34.364167,-77.838611
"7331",NA,42,"Castle Hayne","Ozone","New Hanover",34.364167,-77.838611
"7332",NA,19,"Castle Hayne","Ozone","New Hanover",34.364167,-77.838611
"7333",NA,24,"Castle Hayne","Ozone","New Hanover",34.364167,-77.838611
"7334",NA,27,"Castle Hayne","Ozone","New Hanover",34.364167,-77.838611
"7335",NA,23,"Castle Hayne","Ozone","New Hanover",34.364167,-77.838611
"7336",NA,28,"Castle Hayne","Ozone","New Hanover",34.364167,-77.838611
"7337",NA,24,"Castle Hayne","Ozone","New Hanover",34.364167,-77.838611
"7338",6-01-20,46,"Castle Hayne","Ozone","New Hanover",34.364167,-77.838611
"7339",6-02-20,45,"Castle Hayne","Ozone","New Hanover",34.364167,-77.838611
"7340",6-03-20,44,"Castle Hayne","Ozone","New Hanover",34.364167,-77.838611
"7341",6-04-20,44,"Castle Hayne","Ozone","New Hanover",34.364167,-77.838611
"7342",6-05-20,47,"Castle Hayne","Ozone","New Hanover",34.364167,-77.838611
"7343",6-06-20,74,"Castle Hayne","Ozone","New Hanover",34.364167,-77.838611
"7344",6-07-20,58,"Castle Hayne","Ozone","New Hanover",34.364167,-77.838611
"7345",6-08-20,48,"Castle Hayne","Ozone","New Hanover",34.364167,-77.838611
"7346",6-09-20,31,"Castle Hayne","Ozone","New Hanover",34.364167,-77.838611
"7347",6-10-20,33,"Castle Hayne","Ozone","New Hanover",34.364167,-77.838611
"7348",6-11-20,44,"Castle Hayne","Ozone","New Hanover",34.364167,-77.838611
"7349",6-12-20,31,"Castle Hayne","Ozone","New Hanover",34.364167,-77.838611
"7350",NA,35,"Castle Hayne","Ozone","New Hanover",34.364167,-77.838611
"7351",NA,35,"Castle Hayne","Ozone","New Hanover",34.364167,-77.838611
"7352",NA,44,"Castle Hayne","Ozone","New Hanover",34.364167,-77.838611
"7353",NA,51,"Castle Hayne","Ozone","New Hanover",34.364167,-77.838611
"7354",NA,38,"Castle Hayne","Ozone","New Hanover",34.364167,-77.838611
"7355",NA,32,"Castle Hayne","Ozone","New Hanover",34.364167,-77.838611
"7356",NA,41,"Castle Hayne","Ozone","New Hanover",34.364167,-77.838611
"7357",NA,39,"Castle Hayne","Ozone","New Hanover",34.364167,-77.838611
"7358",NA,39,"Castle Hayne","Ozone","New Hanover",34.364167,-77.838611
"7359",NA,33,"Castle Hayne","Ozone","New Hanover",34.364167,-77.838611
"7360",NA,30,"Castle Hayne","Ozone","New Hanover",34.364167,-77.838611
"7361",NA,36,"Castle Hayne","Ozone","New Hanover",34.364167,-77.838611
"7362",NA,42,"Castle Hayne","Ozone","New Hanover",34.364167,-77.838611
"7363",NA,37,"Castle Hayne","Ozone","New Hanover",34.364167,-77.838611
"7364",NA,36,"Castle Hayne","Ozone","New Hanover",34.364167,-77.838611
"7365",NA,39,"Castle Hayne","Ozone","New Hanover",34.364167,-77.838611
"7366",NA,43,"Castle Hayne","Ozone","New Hanover",34.364167,-77.838611
"7367",NA,31,"Castle Hayne","Ozone","New Hanover",34.364167,-77.838611
"7368",7-01-20,26,"Castle Hayne","Ozone","New Hanover",34.364167,-77.838611
"7369",7-02-20,28,"Castle Hayne","Ozone","New Hanover",34.364167,-77.838611
"7370",7-03-20,42,"Castle Hayne","Ozone","New Hanover",34.364167,-77.838611
"7371",7-04-20,23,"Castle Hayne","Ozone","New Hanover",34.364167,-77.838611
"7372",7-05-20,23,"Castle Hayne","Ozone","New Hanover",34.364167,-77.838611
"7373",7-06-20,19,"Castle Hayne","Ozone","New Hanover",34.364167,-77.838611
"7374",7-07-20,28,"Castle Hayne","Ozone","New Hanover",34.364167,-77.838611
"7375",7-08-20,28,"Castle Hayne","Ozone","New Hanover",34.364167,-77.838611
"7376",7-09-20,35,"Castle Hayne","Ozone","New Hanover",34.364167,-77.838611
"7377",7-10-20,77,"Castle Hayne","Ozone","New Hanover",34.364167,-77.838611
"7378",7-11-20,74,"Castle Hayne","Ozone","New Hanover",34.364167,-77.838611
"7379",7-12-20,47,"Castle Hayne","Ozone","New Hanover",34.364167,-77.838611
"7380",NA,44,"Castle Hayne","Ozone","New Hanover",34.364167,-77.838611
"7381",NA,33,"Castle Hayne","Ozone","New Hanover",34.364167,-77.838611
"7382",NA,35,"Castle Hayne","Ozone","New Hanover",34.364167,-77.838611
"7383",NA,31,"Castle Hayne","Ozone","New Hanover",34.364167,-77.838611
"7384",NA,34,"Castle Hayne","Ozone","New Hanover",34.364167,-77.838611
"7385",NA,31,"Castle Hayne","Ozone","New Hanover",34.364167,-77.838611
"7386",NA,46,"Castle Hayne","Ozone","New Hanover",34.364167,-77.838611
"7387",NA,33,"Castle Hayne","Ozone","New Hanover",34.364167,-77.838611
"7388",NA,30,"Castle Hayne","Ozone","New Hanover",34.364167,-77.838611
"7389",NA,43,"Castle Hayne","Ozone","New Hanover",34.364167,-77.838611
"7390",NA,46,"Castle Hayne","Ozone","New Hanover",34.364167,-77.838611
"7391",NA,48,"Castle Hayne","Ozone","New Hanover",34.364167,-77.838611
"7392",NA,40,"Castle Hayne","Ozone","New Hanover",34.364167,-77.838611
"7393",NA,35,"Castle Hayne","Ozone","New Hanover",34.364167,-77.838611
"7394",NA,35,"Castle Hayne","Ozone","New Hanover",34.364167,-77.838611
"7395",NA,36,"Castle Hayne","Ozone","New Hanover",34.364167,-77.838611
"7396",NA,31,"Castle Hayne","Ozone","New Hanover",34.364167,-77.838611
"7397",NA,20,"Castle Hayne","Ozone","New Hanover",34.364167,-77.838611
"7398",NA,30,"Castle Hayne","Ozone","New Hanover",34.364167,-77.838611
"7399",8-01-20,17,"Castle Hayne","Ozone","New Hanover",34.364167,-77.838611
"7400",8-02-20,16,"Castle Hayne","Ozone","New Hanover",34.364167,-77.838611
"7401",8-03-20,20,"Castle Hayne","Ozone","New Hanover",34.364167,-77.838611
"7402",8-04-20,19,"Castle Hayne","Ozone","New Hanover",34.364167,-77.838611
"7403",8-05-20,25,"Castle Hayne","Ozone","New Hanover",34.364167,-77.838611
"7404",8-06-20,31,"Castle Hayne","Ozone","New Hanover",34.364167,-77.838611
"7405",8-07-20,33,"Castle Hayne","Ozone","New Hanover",34.364167,-77.838611
"7406",8-08-20,39,"Castle Hayne","Ozone","New Hanover",34.364167,-77.838611
"7407",8-09-20,36,"Castle Hayne","Ozone","New Hanover",34.364167,-77.838611
"7408",8-10-20,48,"Castle Hayne","Ozone","New Hanover",34.364167,-77.838611
"7409",8-11-20,33,"Castle Hayne","Ozone","New Hanover",34.364167,-77.838611
"7410",8-12-20,36,"Castle Hayne","Ozone","New Hanover",34.364167,-77.838611
"7411",NA,35,"Castle Hayne","Ozone","New Hanover",34.364167,-77.838611
"7412",NA,40,"Castle Hayne","Ozone","New Hanover",34.364167,-77.838611
"7413",NA,41,"Castle Hayne","Ozone","New Hanover",34.364167,-77.838611
"7414",NA,34,"Castle Hayne","Ozone","New Hanover",34.364167,-77.838611
"7415",NA,30,"Castle Hayne","Ozone","New Hanover",34.364167,-77.838611
"7416",NA,28,"Castle Hayne","Ozone","New Hanover",34.364167,-77.838611
"7417",NA,22,"Castle Hayne","Ozone","New Hanover",34.364167,-77.838611
"7418",NA,33,"Castle Hayne","Ozone","New Hanover",34.364167,-77.838611
"7419",NA,28,"Castle Hayne","Ozone","New Hanover",34.364167,-77.838611
"7420",NA,34,"Castle Hayne","Ozone","New Hanover",34.364167,-77.838611
"7421",NA,40,"Castle Hayne","Ozone","New Hanover",34.364167,-77.838611
"7422",NA,44,"Castle Hayne","Ozone","New Hanover",34.364167,-77.838611
"7423",NA,35,"Castle Hayne","Ozone","New Hanover",34.364167,-77.838611
"7424",NA,38,"Castle Hayne","Ozone","New Hanover",34.364167,-77.838611
"7425",NA,34,"Castle Hayne","Ozone","New Hanover",34.364167,-77.838611
"7426",NA,21,"Castle Hayne","Ozone","New Hanover",34.364167,-77.838611
"7427",NA,27,"Castle Hayne","Ozone","New Hanover",34.364167,-77.838611
"7428",NA,31,"Castle Hayne","Ozone","New Hanover",34.364167,-77.838611
"7429",NA,30,"Castle Hayne","Ozone","New Hanover",34.364167,-77.838611
"7430",9-01-20,19,"Castle Hayne","Ozone","New Hanover",34.364167,-77.838611
"7431",9-02-20,16,"Castle Hayne","Ozone","New Hanover",34.364167,-77.838611
"7432",9-03-20,22,"Castle Hayne","Ozone","New Hanover",34.364167,-77.838611
"7433",9-04-20,30,"Castle Hayne","Ozone","New Hanover",34.364167,-77.838611
"7434",9-05-20,29,"Castle Hayne","Ozone","New Hanover",34.364167,-77.838611
"7435",9-06-20,29,"Castle Hayne","Ozone","New Hanover",34.364167,-77.838611
"7436",9-07-20,28,"Castle Hayne","Ozone","New Hanover",34.364167,-77.838611
"7437",9-08-20,25,"Castle Hayne","Ozone","New Hanover",34.364167,-77.838611
"7438",9-09-20,20,"Castle Hayne","Ozone","New Hanover",34.364167,-77.838611
"7439",9-10-20,22,"Castle Hayne","Ozone","New Hanover",34.364167,-77.838611
"7440",10-08-20,35,"Castle Hayne","Ozone","New Hanover",34.364167,-77.838611
"7441",10-09-20,36,"Castle Hayne","Ozone","New Hanover",34.364167,-77.838611
"7442",NA,42,"Castle Hayne","Ozone","New Hanover",34.364167,-77.838611
"7443",NA,31,"Castle Hayne","Ozone","New Hanover",34.364167,-77.838611
"7444",NA,26,"Castle Hayne","Ozone","New Hanover",34.364167,-77.838611
"7445",NA,38,"Castle Hayne","Ozone","New Hanover",34.364167,-77.838611
"7446",NA,43,"Castle Hayne","Ozone","New Hanover",34.364167,-77.838611
"7447",NA,28,"Castle Hayne","Ozone","New Hanover",34.364167,-77.838611
"7448",NA,31,"Castle Hayne","Ozone","New Hanover",34.364167,-77.838611
"7449",NA,33,"Castle Hayne","Ozone","New Hanover",34.364167,-77.838611
"7450",NA,34,"Castle Hayne","Ozone","New Hanover",34.364167,-77.838611
"7451",NA,37,"Castle Hayne","Ozone","New Hanover",34.364167,-77.838611
"7452",NA,31,"Castle Hayne","Ozone","New Hanover",34.364167,-77.838611
"7453",NA,28,"Castle Hayne","Ozone","New Hanover",34.364167,-77.838611
"7454",NA,22,"Castle Hayne","Ozone","New Hanover",34.364167,-77.838611
"7455",NA,35,"Castle Hayne","Ozone","New Hanover",34.364167,-77.838611
"7456",NA,37,"Castle Hayne","Ozone","New Hanover",34.364167,-77.838611
"7457",NA,34,"Castle Hayne","Ozone","New Hanover",34.364167,-77.838611
"7458",NA,42,"Castle Hayne","Ozone","New Hanover",34.364167,-77.838611
"7459",3-01-20,39,"Bushy Fork","Ozone","Person",36.306965,-79.09197
"7460",3-02-20,43,"Bushy Fork","Ozone","Person",36.306965,-79.09197
"7461",3-03-20,44,"Bushy Fork","Ozone","Person",36.306965,-79.09197
"7462",3-04-20,44,"Bushy Fork","Ozone","Person",36.306965,-79.09197
"7463",3-05-20,43,"Bushy Fork","Ozone","Person",36.306965,-79.09197
"7464",3-06-20,28,"Bushy Fork","Ozone","Person",36.306965,-79.09197
"7465",3-07-20,34,"Bushy Fork","Ozone","Person",36.306965,-79.09197
"7466",3-08-20,41,"Bushy Fork","Ozone","Person",36.306965,-79.09197
"7467",3-09-20,44,"Bushy Fork","Ozone","Person",36.306965,-79.09197
"7468",3-10-20,38,"Bushy Fork","Ozone","Person",36.306965,-79.09197
"7469",3-11-20,33,"Bushy Fork","Ozone","Person",36.306965,-79.09197
"7470",3-12-20,38,"Bushy Fork","Ozone","Person",36.306965,-79.09197
"7471",NA,44,"Bushy Fork","Ozone","Person",36.306965,-79.09197
"7472",NA,43,"Bushy Fork","Ozone","Person",36.306965,-79.09197
"7473",NA,58,"Bushy Fork","Ozone","Person",36.306965,-79.09197
"7474",NA,50,"Bushy Fork","Ozone","Person",36.306965,-79.09197
"7475",NA,54,"Bushy Fork","Ozone","Person",36.306965,-79.09197
"7476",NA,45,"Bushy Fork","Ozone","Person",36.306965,-79.09197
"7477",NA,44,"Bushy Fork","Ozone","Person",36.306965,-79.09197
"7478",NA,34,"Bushy Fork","Ozone","Person",36.306965,-79.09197
"7479",NA,32,"Bushy Fork","Ozone","Person",36.306965,-79.09197
"7480",NA,43,"Bushy Fork","Ozone","Person",36.306965,-79.09197
"7481",NA,50,"Bushy Fork","Ozone","Person",36.306965,-79.09197
"7482",NA,44,"Bushy Fork","Ozone","Person",36.306965,-79.09197
"7483",NA,46,"Bushy Fork","Ozone","Person",36.306965,-79.09197
"7484",NA,44,"Bushy Fork","Ozone","Person",36.306965,-79.09197
"7485",NA,36,"Bushy Fork","Ozone","Person",36.306965,-79.09197
"7486",NA,45,"Bushy Fork","Ozone","Person",36.306965,-79.09197
"7487",NA,50,"Bushy Fork","Ozone","Person",36.306965,-79.09197
"7488",NA,42,"Bushy Fork","Ozone","Person",36.306965,-79.09197
"7489",NA,47,"Bushy Fork","Ozone","Person",36.306965,-79.09197
"7490",4-01-20,49,"Bushy Fork","Ozone","Person",36.306965,-79.09197
"7491",4-02-20,44,"Bushy Fork","Ozone","Person",36.306965,-79.09197
"7492",4-03-20,40,"Bushy Fork","Ozone","Person",36.306965,-79.09197
"7493",4-04-20,45,"Bushy Fork","Ozone","Person",36.306965,-79.09197
"7494",4-05-20,45,"Bushy Fork","Ozone","Person",36.306965,-79.09197
"7495",4-07-20,43,"Bushy Fork","Ozone","Person",36.306965,-79.09197
"7496",4-08-20,45,"Bushy Fork","Ozone","Person",36.306965,-79.09197
"7497",4-09-20,48,"Bushy Fork","Ozone","Person",36.306965,-79.09197
"7498",4-10-20,42,"Bushy Fork","Ozone","Person",36.306965,-79.09197
"7499",4-11-20,49,"Bushy Fork","Ozone","Person",36.306965,-79.09197
"7500",4-12-20,51,"Bushy Fork","Ozone","Person",36.306965,-79.09197
"7501",NA,61,"Bushy Fork","Ozone","Person",36.306965,-79.09197
"7502",NA,46,"Bushy Fork","Ozone","Person",36.306965,-79.09197
"7503",NA,38,"Bushy Fork","Ozone","Person",36.306965,-79.09197
"7504",NA,34,"Bushy Fork","Ozone","Person",36.306965,-79.09197
"7505",NA,50,"Bushy Fork","Ozone","Person",36.306965,-79.09197
"7506",NA,64,"Bushy Fork","Ozone","Person",36.306965,-79.09197
"7507",NA,45,"Bushy Fork","Ozone","Person",36.306965,-79.09197
"7508",NA,61,"Bushy Fork","Ozone","Person",36.306965,-79.09197
"7509",NA,71,"Bushy Fork","Ozone","Person",36.306965,-79.09197
"7510",NA,61,"Bushy Fork","Ozone","Person",36.306965,-79.09197
"7511",NA,46,"Bushy Fork","Ozone","Person",36.306965,-79.09197
"7512",NA,42,"Bushy Fork","Ozone","Person",36.306965,-79.09197
"7513",NA,34,"Bushy Fork","Ozone","Person",36.306965,-79.09197
"7514",NA,44,"Bushy Fork","Ozone","Person",36.306965,-79.09197
"7515",NA,43,"Bushy Fork","Ozone","Person",36.306965,-79.09197
"7516",NA,71,"Bushy Fork","Ozone","Person",36.306965,-79.09197
"7517",NA,44,"Bushy Fork","Ozone","Person",36.306965,-79.09197
"7518",NA,54,"Bushy Fork","Ozone","Person",36.306965,-79.09197
"7519",5-01-20,74,"Bushy Fork","Ozone","Person",36.306965,-79.09197
"7520",5-02-20,97,"Bushy Fork","Ozone","Person",36.306965,-79.09197
"7521",5-03-20,61,"Bushy Fork","Ozone","Person",36.306965,-79.09197
"7522",5-04-20,61,"Bushy Fork","Ozone","Person",36.306965,-79.09197
"7523",5-05-20,44,"Bushy Fork","Ozone","Person",36.306965,-79.09197
"7524",5-06-20,32,"Bushy Fork","Ozone","Person",36.306965,-79.09197
"7525",5-07-20,44,"Bushy Fork","Ozone","Person",36.306965,-79.09197
"7526",5-08-20,50,"Bushy Fork","Ozone","Person",36.306965,-79.09197
"7527",5-09-20,64,"Bushy Fork","Ozone","Person",36.306965,-79.09197
"7528",5-10-20,61,"Bushy Fork","Ozone","Person",36.306965,-79.09197
"7529",5-11-20,80,"Bushy Fork","Ozone","Person",36.306965,-79.09197
"7530",5-12-20,84,"Bushy Fork","Ozone","Person",36.306965,-79.09197
"7531",NA,49,"Bushy Fork","Ozone","Person",36.306965,-79.09197
"7532",NA,50,"Bushy Fork","Ozone","Person",36.306965,-79.09197
"7533",NA,30,"Bushy Fork","Ozone","Person",36.306965,-79.09197
"7534",NA,27,"Bushy Fork","Ozone","Person",36.306965,-79.09197
"7535",NA,28,"Bushy Fork","Ozone","Person",36.306965,-79.09197
"7536",NA,23,"Bushy Fork","Ozone","Person",36.306965,-79.09197
"7537",NA,39,"Bushy Fork","Ozone","Person",36.306965,-79.09197
"7538",NA,34,"Bushy Fork","Ozone","Person",36.306965,-79.09197
"7539",NA,35,"Bushy Fork","Ozone","Person",36.306965,-79.09197
"7540",NA,37,"Bushy Fork","Ozone","Person",36.306965,-79.09197
"7541",NA,41,"Bushy Fork","Ozone","Person",36.306965,-79.09197
"7542",NA,44,"Bushy Fork","Ozone","Person",36.306965,-79.09197
"7543",NA,22,"Bushy Fork","Ozone","Person",36.306965,-79.09197
"7544",NA,21,"Bushy Fork","Ozone","Person",36.306965,-79.09197
"7545",NA,18,"Bushy Fork","Ozone","Person",36.306965,-79.09197
"7546",NA,17,"Bushy Fork","Ozone","Person",36.306965,-79.09197
"7547",NA,23,"Bushy Fork","Ozone","Person",36.306965,-79.09197
"7548",NA,31,"Bushy Fork","Ozone","Person",36.306965,-79.09197
"7549",6-01-20,46,"Bushy Fork","Ozone","Person",36.306965,-79.09197
"7550",6-02-20,35,"Bushy Fork","Ozone","Person",36.306965,-79.09197
"7551",6-03-20,39,"Bushy Fork","Ozone","Person",36.306965,-79.09197
"7552",6-04-20,50,"Bushy Fork","Ozone","Person",36.306965,-79.09197
"7553",6-05-20,49,"Bushy Fork","Ozone","Person",36.306965,-79.09197
"7554",6-06-20,67,"Bushy Fork","Ozone","Person",36.306965,-79.09197
"7555",6-07-20,44,"Bushy Fork","Ozone","Person",36.306965,-79.09197
"7556",6-08-20,77,"Bushy Fork","Ozone","Person",36.306965,-79.09197
"7557",6-09-20,54,"Bushy Fork","Ozone","Person",36.306965,-79.09197
"7558",6-10-20,44,"Bushy Fork","Ozone","Person",36.306965,-79.09197
"7559",6-11-20,34,"Bushy Fork","Ozone","Person",36.306965,-79.09197
"7560",6-12-20,32,"Bushy Fork","Ozone","Person",36.306965,-79.09197
"7561",NA,43,"Bushy Fork","Ozone","Person",36.306965,-79.09197
"7562",NA,43,"Bushy Fork","Ozone","Person",36.306965,-79.09197
"7563",NA,50,"Bushy Fork","Ozone","Person",36.306965,-79.09197
"7564",NA,50,"Bushy Fork","Ozone","Person",36.306965,-79.09197
"7565",NA,50,"Bushy Fork","Ozone","Person",36.306965,-79.09197
"7566",NA,45,"Bushy Fork","Ozone","Person",36.306965,-79.09197
"7567",NA,48,"Bushy Fork","Ozone","Person",36.306965,-79.09197
"7568",NA,39,"Bushy Fork","Ozone","Person",36.306965,-79.09197
"7569",NA,34,"Bushy Fork","Ozone","Person",36.306965,-79.09197
"7570",NA,36,"Bushy Fork","Ozone","Person",36.306965,-79.09197
"7571",NA,44,"Bushy Fork","Ozone","Person",36.306965,-79.09197
"7572",NA,45,"Bushy Fork","Ozone","Person",36.306965,-79.09197
"7573",NA,32,"Bushy Fork","Ozone","Person",36.306965,-79.09197
"7574",NA,33,"Bushy Fork","Ozone","Person",36.306965,-79.09197
"7575",NA,35,"Bushy Fork","Ozone","Person",36.306965,-79.09197
"7576",NA,39,"Bushy Fork","Ozone","Person",36.306965,-79.09197
"7577",NA,47,"Bushy Fork","Ozone","Person",36.306965,-79.09197
"7578",NA,54,"Bushy Fork","Ozone","Person",36.306965,-79.09197
"7579",7-01-20,40,"Bushy Fork","Ozone","Person",36.306965,-79.09197
"7580",7-02-20,36,"Bushy Fork","Ozone","Person",36.306965,-79.09197
"7581",7-03-20,42,"Bushy Fork","Ozone","Person",36.306965,-79.09197
"7582",7-04-20,27,"Bushy Fork","Ozone","Person",36.306965,-79.09197
"7583",7-05-20,27,"Bushy Fork","Ozone","Person",36.306965,-79.09197
"7584",7-06-20,36,"Bushy Fork","Ozone","Person",36.306965,-79.09197
"7585",7-07-20,31,"Bushy Fork","Ozone","Person",36.306965,-79.09197
"7586",7-08-20,39,"Bushy Fork","Ozone","Person",36.306965,-79.09197
"7587",7-09-20,49,"Bushy Fork","Ozone","Person",36.306965,-79.09197
"7588",7-10-20,71,"Bushy Fork","Ozone","Person",36.306965,-79.09197
"7589",7-11-20,49,"Bushy Fork","Ozone","Person",36.306965,-79.09197
"7590",7-12-20,58,"Bushy Fork","Ozone","Person",36.306965,-79.09197
"7591",NA,50,"Bushy Fork","Ozone","Person",36.306965,-79.09197
"7592",NA,44,"Bushy Fork","Ozone","Person",36.306965,-79.09197
"7593",NA,58,"Bushy Fork","Ozone","Person",36.306965,-79.09197
"7594",NA,41,"Bushy Fork","Ozone","Person",36.306965,-79.09197
"7595",NA,44,"Bushy Fork","Ozone","Person",36.306965,-79.09197
"7596",NA,44,"Bushy Fork","Ozone","Person",36.306965,-79.09197
"7597",NA,48,"Bushy Fork","Ozone","Person",36.306965,-79.09197
"7598",NA,45,"Bushy Fork","Ozone","Person",36.306965,-79.09197
"7599",NA,38,"Bushy Fork","Ozone","Person",36.306965,-79.09197
"7600",NA,38,"Bushy Fork","Ozone","Person",36.306965,-79.09197
"7601",NA,42,"Bushy Fork","Ozone","Person",36.306965,-79.09197
"7602",NA,40,"Bushy Fork","Ozone","Person",36.306965,-79.09197
"7603",NA,37,"Bushy Fork","Ozone","Person",36.306965,-79.09197
"7604",NA,41,"Bushy Fork","Ozone","Person",36.306965,-79.09197
"7605",NA,48,"Bushy Fork","Ozone","Person",36.306965,-79.09197
"7606",NA,42,"Bushy Fork","Ozone","Person",36.306965,-79.09197
"7607",NA,37,"Bushy Fork","Ozone","Person",36.306965,-79.09197
"7608",NA,28,"Bushy Fork","Ozone","Person",36.306965,-79.09197
"7609",NA,24,"Bushy Fork","Ozone","Person",36.306965,-79.09197
"7610",8-01-20,29,"Bushy Fork","Ozone","Person",36.306965,-79.09197
"7611",8-02-20,19,"Bushy Fork","Ozone","Person",36.306965,-79.09197
"7612",8-03-20,18,"Bushy Fork","Ozone","Person",36.306965,-79.09197
"7613",8-04-20,28,"Bushy Fork","Ozone","Person",36.306965,-79.09197
"7614",8-05-20,38,"Bushy Fork","Ozone","Person",36.306965,-79.09197
"7615",8-06-20,35,"Bushy Fork","Ozone","Person",36.306965,-79.09197
"7616",8-07-20,40,"Bushy Fork","Ozone","Person",36.306965,-79.09197
"7617",8-08-20,37,"Bushy Fork","Ozone","Person",36.306965,-79.09197
"7618",8-09-20,40,"Bushy Fork","Ozone","Person",36.306965,-79.09197
"7619",8-10-20,45,"Bushy Fork","Ozone","Person",36.306965,-79.09197
"7620",8-11-20,37,"Bushy Fork","Ozone","Person",36.306965,-79.09197
"7621",8-12-20,40,"Bushy Fork","Ozone","Person",36.306965,-79.09197
"7622",NA,38,"Bushy Fork","Ozone","Person",36.306965,-79.09197
"7623",NA,37,"Bushy Fork","Ozone","Person",36.306965,-79.09197
"7624",NA,35,"Bushy Fork","Ozone","Person",36.306965,-79.09197
"7625",NA,67,"Bushy Fork","Ozone","Person",36.306965,-79.09197
"7626",NA,40,"Bushy Fork","Ozone","Person",36.306965,-79.09197
"7627",NA,28,"Bushy Fork","Ozone","Person",36.306965,-79.09197
"7628",NA,33,"Bushy Fork","Ozone","Person",36.306965,-79.09197
"7629",NA,29,"Bushy Fork","Ozone","Person",36.306965,-79.09197
"7630",NA,27,"Bushy Fork","Ozone","Person",36.306965,-79.09197
"7631",NA,32,"Bushy Fork","Ozone","Person",36.306965,-79.09197
"7632",NA,34,"Bushy Fork","Ozone","Person",36.306965,-79.09197
"7633",NA,40,"Bushy Fork","Ozone","Person",36.306965,-79.09197
"7634",NA,40,"Bushy Fork","Ozone","Person",36.306965,-79.09197
"7635",NA,44,"Bushy Fork","Ozone","Person",36.306965,-79.09197
"7636",NA,40,"Bushy Fork","Ozone","Person",36.306965,-79.09197
"7637",NA,61,"Bushy Fork","Ozone","Person",36.306965,-79.09197
"7638",NA,42,"Bushy Fork","Ozone","Person",36.306965,-79.09197
"7639",NA,43,"Bushy Fork","Ozone","Person",36.306965,-79.09197
"7640",NA,47,"Bushy Fork","Ozone","Person",36.306965,-79.09197
"7641",9-01-20,33,"Bushy Fork","Ozone","Person",36.306965,-79.09197
"7642",9-02-20,27,"Bushy Fork","Ozone","Person",36.306965,-79.09197
"7643",9-03-20,39,"Bushy Fork","Ozone","Person",36.306965,-79.09197
"7644",9-04-20,38,"Bushy Fork","Ozone","Person",36.306965,-79.09197
"7645",9-05-20,35,"Bushy Fork","Ozone","Person",36.306965,-79.09197
"7646",9-06-20,34,"Bushy Fork","Ozone","Person",36.306965,-79.09197
"7647",9-07-20,44,"Bushy Fork","Ozone","Person",36.306965,-79.09197
"7648",9-08-20,36,"Bushy Fork","Ozone","Person",36.306965,-79.09197
"7649",9-09-20,10,"Bushy Fork","Ozone","Person",36.306965,-79.09197
"7650",NA,48,"Bushy Fork","Ozone","Person",36.306965,-79.09197
"7651",NA,38,"Bushy Fork","Ozone","Person",36.306965,-79.09197
"7652",NA,45,"Bushy Fork","Ozone","Person",36.306965,-79.09197
"7653",NA,10,"Bushy Fork","Ozone","Person",36.306965,-79.09197
"7654",NA,19,"Bushy Fork","Ozone","Person",36.306965,-79.09197
"7655",NA,28,"Bushy Fork","Ozone","Person",36.306965,-79.09197
"7656",NA,40,"Bushy Fork","Ozone","Person",36.306965,-79.09197
"7657",NA,19,"Bushy Fork","Ozone","Person",36.306965,-79.09197
"7658",NA,24,"Bushy Fork","Ozone","Person",36.306965,-79.09197
"7659",NA,32,"Bushy Fork","Ozone","Person",36.306965,-79.09197
"7660",NA,36,"Bushy Fork","Ozone","Person",36.306965,-79.09197
"7661",10-01-20,40,"Bushy Fork","Ozone","Person",36.306965,-79.09197
"7662",10-02-20,43,"Bushy Fork","Ozone","Person",36.306965,-79.09197
"7663",10-03-20,34,"Bushy Fork","Ozone","Person",36.306965,-79.09197
"7664",10-04-20,37,"Bushy Fork","Ozone","Person",36.306965,-79.09197
"7665",10-05-20,33,"Bushy Fork","Ozone","Person",36.306965,-79.09197
"7666",10-06-20,27,"Bushy Fork","Ozone","Person",36.306965,-79.09197
"7667",10-07-20,33,"Bushy Fork","Ozone","Person",36.306965,-79.09197
"7668",10-08-20,26,"Bushy Fork","Ozone","Person",36.306965,-79.09197
"7669",10-09-20,26,"Bushy Fork","Ozone","Person",36.306965,-79.09197
"7670",10-10-20,19,"Bushy Fork","Ozone","Person",36.306965,-79.09197
"7671",10-11-20,26,"Bushy Fork","Ozone","Person",36.306965,-79.09197
"7672",10-12-20,35,"Bushy Fork","Ozone","Person",36.306965,-79.09197
"7673",NA,32,"Bushy Fork","Ozone","Person",36.306965,-79.09197
"7674",NA,18,"Bushy Fork","Ozone","Person",36.306965,-79.09197
"7675",NA,38,"Bushy Fork","Ozone","Person",36.306965,-79.09197
"7676",NA,22,"Bushy Fork","Ozone","Person",36.306965,-79.09197
"7677",NA,31,"Bushy Fork","Ozone","Person",36.306965,-79.09197
"7678",NA,32,"Bushy Fork","Ozone","Person",36.306965,-79.09197
"7679",NA,38,"Bushy Fork","Ozone","Person",36.306965,-79.09197
"7680",NA,30,"Bushy Fork","Ozone","Person",36.306965,-79.09197
"7681",NA,30,"Bushy Fork","Ozone","Person",36.306965,-79.09197
"7682",NA,29,"Bushy Fork","Ozone","Person",36.306965,-79.09197
"7683",NA,35,"Bushy Fork","Ozone","Person",36.306965,-79.09197
"7684",NA,33,"Bushy Fork","Ozone","Person",36.306965,-79.09197
"7685",NA,27,"Bushy Fork","Ozone","Person",36.306965,-79.09197
"7686",NA,26,"Bushy Fork","Ozone","Person",36.306965,-79.09197
"7687",NA,22,"Bushy Fork","Ozone","Person",36.306965,-79.09197
"7688",NA,35,"Bushy Fork","Ozone","Person",36.306965,-79.09197
"7689",NA,34,"Bushy Fork","Ozone","Person",36.306965,-79.09197
"7690",NA,36,"Bushy Fork","Ozone","Person",36.306965,-79.09197
"7691",NA,44,"Bushy Fork","Ozone","Person",36.306965,-79.09197
"7692",3-01-20,32,"Pitt Agri. Center","Ozone","Pitt",35.6412760008938,-77.360126
"7693",3-02-20,43,"Pitt Agri. Center","Ozone","Pitt",35.6412760008938,-77.360126
"7694",3-03-20,44,"Pitt Agri. Center","Ozone","Pitt",35.6412760008938,-77.360126
"7695",3-04-20,42,"Pitt Agri. Center","Ozone","Pitt",35.6412760008938,-77.360126
"7696",3-05-20,42,"Pitt Agri. Center","Ozone","Pitt",35.6412760008938,-77.360126
"7697",3-06-20,37,"Pitt Agri. Center","Ozone","Pitt",35.6412760008938,-77.360126
"7698",3-07-20,35,"Pitt Agri. Center","Ozone","Pitt",35.6412760008938,-77.360126
"7699",3-08-20,39,"Pitt Agri. Center","Ozone","Pitt",35.6412760008938,-77.360126
"7700",3-09-20,42,"Pitt Agri. Center","Ozone","Pitt",35.6412760008938,-77.360126
"7701",3-10-20,46,"Pitt Agri. Center","Ozone","Pitt",35.6412760008938,-77.360126
"7702",3-11-20,38,"Pitt Agri. Center","Ozone","Pitt",35.6412760008938,-77.360126
"7703",3-12-20,34,"Pitt Agri. Center","Ozone","Pitt",35.6412760008938,-77.360126
"7704",NA,44,"Pitt Agri. Center","Ozone","Pitt",35.6412760008938,-77.360126
"7705",NA,43,"Pitt Agri. Center","Ozone","Pitt",35.6412760008938,-77.360126
"7706",NA,50,"Pitt Agri. Center","Ozone","Pitt",35.6412760008938,-77.360126
"7707",NA,51,"Pitt Agri. Center","Ozone","Pitt",35.6412760008938,-77.360126
"7708",NA,45,"Pitt Agri. Center","Ozone","Pitt",35.6412760008938,-77.360126
"7709",NA,44,"Pitt Agri. Center","Ozone","Pitt",35.6412760008938,-77.360126
"7710",NA,43,"Pitt Agri. Center","Ozone","Pitt",35.6412760008938,-77.360126
"7711",NA,34,"Pitt Agri. Center","Ozone","Pitt",35.6412760008938,-77.360126
"7712",NA,32,"Pitt Agri. Center","Ozone","Pitt",35.6412760008938,-77.360126
"7713",NA,43,"Pitt Agri. Center","Ozone","Pitt",35.6412760008938,-77.360126
"7714",NA,47,"Pitt Agri. Center","Ozone","Pitt",35.6412760008938,-77.360126
"7715",NA,45,"Pitt Agri. Center","Ozone","Pitt",35.6412760008938,-77.360126
"7716",NA,47,"Pitt Agri. Center","Ozone","Pitt",35.6412760008938,-77.360126
"7717",NA,43,"Pitt Agri. Center","Ozone","Pitt",35.6412760008938,-77.360126
"7718",NA,35,"Pitt Agri. Center","Ozone","Pitt",35.6412760008938,-77.360126
"7719",NA,42,"Pitt Agri. Center","Ozone","Pitt",35.6412760008938,-77.360126
"7720",NA,44,"Pitt Agri. Center","Ozone","Pitt",35.6412760008938,-77.360126
"7721",NA,38,"Pitt Agri. Center","Ozone","Pitt",35.6412760008938,-77.360126
"7722",NA,44,"Pitt Agri. Center","Ozone","Pitt",35.6412760008938,-77.360126
"7723",4-01-20,48,"Pitt Agri. Center","Ozone","Pitt",35.6412760008938,-77.360126
"7724",4-02-20,48,"Pitt Agri. Center","Ozone","Pitt",35.6412760008938,-77.360126
"7725",4-03-20,34,"Pitt Agri. Center","Ozone","Pitt",35.6412760008938,-77.360126
"7726",4-04-20,42,"Pitt Agri. Center","Ozone","Pitt",35.6412760008938,-77.360126
"7727",4-05-20,47,"Pitt Agri. Center","Ozone","Pitt",35.6412760008938,-77.360126
"7728",4-06-20,61,"Pitt Agri. Center","Ozone","Pitt",35.6412760008938,-77.360126
"7729",4-07-20,43,"Pitt Agri. Center","Ozone","Pitt",35.6412760008938,-77.360126
"7730",4-11-20,50,"Pitt Agri. Center","Ozone","Pitt",35.6412760008938,-77.360126
"7731",4-12-20,51,"Pitt Agri. Center","Ozone","Pitt",35.6412760008938,-77.360126
"7732",NA,50,"Pitt Agri. Center","Ozone","Pitt",35.6412760008938,-77.360126
"7733",NA,45,"Pitt Agri. Center","Ozone","Pitt",35.6412760008938,-77.360126
"7734",NA,34,"Pitt Agri. Center","Ozone","Pitt",35.6412760008938,-77.360126
"7735",NA,35,"Pitt Agri. Center","Ozone","Pitt",35.6412760008938,-77.360126
"7736",NA,47,"Pitt Agri. Center","Ozone","Pitt",35.6412760008938,-77.360126
"7737",NA,67,"Pitt Agri. Center","Ozone","Pitt",35.6412760008938,-77.360126
"7738",NA,51,"Pitt Agri. Center","Ozone","Pitt",35.6412760008938,-77.360126
"7739",NA,54,"Pitt Agri. Center","Ozone","Pitt",35.6412760008938,-77.360126
"7740",NA,71,"Pitt Agri. Center","Ozone","Pitt",35.6412760008938,-77.360126
"7741",NA,64,"Pitt Agri. Center","Ozone","Pitt",35.6412760008938,-77.360126
"7742",NA,61,"Pitt Agri. Center","Ozone","Pitt",35.6412760008938,-77.360126
"7743",NA,46,"Pitt Agri. Center","Ozone","Pitt",35.6412760008938,-77.360126
"7744",NA,40,"Pitt Agri. Center","Ozone","Pitt",35.6412760008938,-77.360126
"7745",NA,43,"Pitt Agri. Center","Ozone","Pitt",35.6412760008938,-77.360126
"7746",NA,48,"Pitt Agri. Center","Ozone","Pitt",35.6412760008938,-77.360126
"7747",NA,61,"Pitt Agri. Center","Ozone","Pitt",35.6412760008938,-77.360126
"7748",NA,44,"Pitt Agri. Center","Ozone","Pitt",35.6412760008938,-77.360126
"7749",NA,58,"Pitt Agri. Center","Ozone","Pitt",35.6412760008938,-77.360126
"7750",5-01-20,77,"Pitt Agri. Center","Ozone","Pitt",35.6412760008938,-77.360126
"7751",5-02-20,87,"Pitt Agri. Center","Ozone","Pitt",35.6412760008938,-77.360126
"7752",5-03-20,58,"Pitt Agri. Center","Ozone","Pitt",35.6412760008938,-77.360126
"7753",5-04-20,50,"Pitt Agri. Center","Ozone","Pitt",35.6412760008938,-77.360126
"7754",5-05-20,44,"Pitt Agri. Center","Ozone","Pitt",35.6412760008938,-77.360126
"7755",5-06-20,31,"Pitt Agri. Center","Ozone","Pitt",35.6412760008938,-77.360126
"7756",5-07-20,40,"Pitt Agri. Center","Ozone","Pitt",35.6412760008938,-77.360126
"7757",5-08-20,39,"Pitt Agri. Center","Ozone","Pitt",35.6412760008938,-77.360126
"7758",5-09-20,26,"Pitt Agri. Center","Ozone","Pitt",35.6412760008938,-77.360126
"7759",5-10-20,64,"Pitt Agri. Center","Ozone","Pitt",35.6412760008938,-77.360126
"7760",5-11-20,71,"Pitt Agri. Center","Ozone","Pitt",35.6412760008938,-77.360126
"7761",5-12-20,87,"Pitt Agri. Center","Ozone","Pitt",35.6412760008938,-77.360126
"7762",NA,80,"Pitt Agri. Center","Ozone","Pitt",35.6412760008938,-77.360126
"7763",NA,64,"Pitt Agri. Center","Ozone","Pitt",35.6412760008938,-77.360126
"7764",NA,26,"Pitt Agri. Center","Ozone","Pitt",35.6412760008938,-77.360126
"7765",NA,28,"Pitt Agri. Center","Ozone","Pitt",35.6412760008938,-77.360126
"7766",NA,31,"Pitt Agri. Center","Ozone","Pitt",35.6412760008938,-77.360126
"7767",NA,23,"Pitt Agri. Center","Ozone","Pitt",35.6412760008938,-77.360126
"7768",NA,22,"Pitt Agri. Center","Ozone","Pitt",35.6412760008938,-77.360126
"7769",NA,30,"Pitt Agri. Center","Ozone","Pitt",35.6412760008938,-77.360126
"7770",NA,40,"Pitt Agri. Center","Ozone","Pitt",35.6412760008938,-77.360126
"7771",NA,29,"Pitt Agri. Center","Ozone","Pitt",35.6412760008938,-77.360126
"7772",NA,36,"Pitt Agri. Center","Ozone","Pitt",35.6412760008938,-77.360126
"7773",NA,48,"Pitt Agri. Center","Ozone","Pitt",35.6412760008938,-77.360126
"7774",NA,48,"Pitt Agri. Center","Ozone","Pitt",35.6412760008938,-77.360126
"7775",NA,23,"Pitt Agri. Center","Ozone","Pitt",35.6412760008938,-77.360126
"7776",NA,24,"Pitt Agri. Center","Ozone","Pitt",35.6412760008938,-77.360126
"7777",NA,19,"Pitt Agri. Center","Ozone","Pitt",35.6412760008938,-77.360126
"7778",NA,23,"Pitt Agri. Center","Ozone","Pitt",35.6412760008938,-77.360126
"7779",NA,23,"Pitt Agri. Center","Ozone","Pitt",35.6412760008938,-77.360126
"7780",NA,22,"Pitt Agri. Center","Ozone","Pitt",35.6412760008938,-77.360126
"7781",6-01-20,64,"Pitt Agri. Center","Ozone","Pitt",35.6412760008938,-77.360126
"7782",6-02-20,44,"Pitt Agri. Center","Ozone","Pitt",35.6412760008938,-77.360126
"7783",6-03-20,41,"Pitt Agri. Center","Ozone","Pitt",35.6412760008938,-77.360126
"7784",6-04-20,61,"Pitt Agri. Center","Ozone","Pitt",35.6412760008938,-77.360126
"7785",6-05-20,50,"Pitt Agri. Center","Ozone","Pitt",35.6412760008938,-77.360126
"7786",6-06-20,84,"Pitt Agri. Center","Ozone","Pitt",35.6412760008938,-77.360126
"7787",6-07-20,48,"Pitt Agri. Center","Ozone","Pitt",35.6412760008938,-77.360126
"7788",6-08-20,50,"Pitt Agri. Center","Ozone","Pitt",35.6412760008938,-77.360126
"7789",6-09-20,37,"Pitt Agri. Center","Ozone","Pitt",35.6412760008938,-77.360126
"7790",6-10-20,38,"Pitt Agri. Center","Ozone","Pitt",35.6412760008938,-77.360126
"7791",6-11-20,41,"Pitt Agri. Center","Ozone","Pitt",35.6412760008938,-77.360126
"7792",6-12-20,31,"Pitt Agri. Center","Ozone","Pitt",35.6412760008938,-77.360126
"7793",NA,46,"Pitt Agri. Center","Ozone","Pitt",35.6412760008938,-77.360126
"7794",NA,47,"Pitt Agri. Center","Ozone","Pitt",35.6412760008938,-77.360126
"7795",NA,64,"Pitt Agri. Center","Ozone","Pitt",35.6412760008938,-77.360126
"7796",NA,51,"Pitt Agri. Center","Ozone","Pitt",35.6412760008938,-77.360126
"7797",NA,47,"Pitt Agri. Center","Ozone","Pitt",35.6412760008938,-77.360126
"7798",NA,54,"Pitt Agri. Center","Ozone","Pitt",35.6412760008938,-77.360126
"7799",NA,80,"Pitt Agri. Center","Ozone","Pitt",35.6412760008938,-77.360126
"7800",NA,51,"Pitt Agri. Center","Ozone","Pitt",35.6412760008938,-77.360126
"7801",NA,48,"Pitt Agri. Center","Ozone","Pitt",35.6412760008938,-77.360126
"7802",NA,41,"Pitt Agri. Center","Ozone","Pitt",35.6412760008938,-77.360126
"7803",NA,38,"Pitt Agri. Center","Ozone","Pitt",35.6412760008938,-77.360126
"7804",NA,44,"Pitt Agri. Center","Ozone","Pitt",35.6412760008938,-77.360126
"7805",NA,40,"Pitt Agri. Center","Ozone","Pitt",35.6412760008938,-77.360126
"7806",NA,29,"Pitt Agri. Center","Ozone","Pitt",35.6412760008938,-77.360126
"7807",NA,35,"Pitt Agri. Center","Ozone","Pitt",35.6412760008938,-77.360126
"7808",NA,58,"Pitt Agri. Center","Ozone","Pitt",35.6412760008938,-77.360126
"7809",NA,49,"Pitt Agri. Center","Ozone","Pitt",35.6412760008938,-77.360126
"7810",NA,46,"Pitt Agri. Center","Ozone","Pitt",35.6412760008938,-77.360126
"7811",7-01-20,40,"Pitt Agri. Center","Ozone","Pitt",35.6412760008938,-77.360126
"7812",7-02-20,41,"Pitt Agri. Center","Ozone","Pitt",35.6412760008938,-77.360126
"7813",7-03-20,45,"Pitt Agri. Center","Ozone","Pitt",35.6412760008938,-77.360126
"7814",7-04-20,22,"Pitt Agri. Center","Ozone","Pitt",35.6412760008938,-77.360126
"7815",7-05-20,27,"Pitt Agri. Center","Ozone","Pitt",35.6412760008938,-77.360126
"7816",7-06-20,35,"Pitt Agri. Center","Ozone","Pitt",35.6412760008938,-77.360126
"7817",7-07-20,29,"Pitt Agri. Center","Ozone","Pitt",35.6412760008938,-77.360126
"7818",7-08-20,35,"Pitt Agri. Center","Ozone","Pitt",35.6412760008938,-77.360126
"7819",7-09-20,46,"Pitt Agri. Center","Ozone","Pitt",35.6412760008938,-77.360126
"7820",7-10-20,87,"Pitt Agri. Center","Ozone","Pitt",35.6412760008938,-77.360126
"7821",7-11-20,87,"Pitt Agri. Center","Ozone","Pitt",35.6412760008938,-77.360126
"7822",7-12-20,46,"Pitt Agri. Center","Ozone","Pitt",35.6412760008938,-77.360126
"7823",NA,47,"Pitt Agri. Center","Ozone","Pitt",35.6412760008938,-77.360126
"7824",NA,37,"Pitt Agri. Center","Ozone","Pitt",35.6412760008938,-77.360126
"7825",NA,45,"Pitt Agri. Center","Ozone","Pitt",35.6412760008938,-77.360126
"7826",NA,40,"Pitt Agri. Center","Ozone","Pitt",35.6412760008938,-77.360126
"7827",NA,42,"Pitt Agri. Center","Ozone","Pitt",35.6412760008938,-77.360126
"7828",NA,45,"Pitt Agri. Center","Ozone","Pitt",35.6412760008938,-77.360126
"7829",NA,50,"Pitt Agri. Center","Ozone","Pitt",35.6412760008938,-77.360126
"7830",NA,38,"Pitt Agri. Center","Ozone","Pitt",35.6412760008938,-77.360126
"7831",NA,30,"Pitt Agri. Center","Ozone","Pitt",35.6412760008938,-77.360126
"7832",NA,39,"Pitt Agri. Center","Ozone","Pitt",35.6412760008938,-77.360126
"7833",NA,41,"Pitt Agri. Center","Ozone","Pitt",35.6412760008938,-77.360126
"7834",NA,36,"Pitt Agri. Center","Ozone","Pitt",35.6412760008938,-77.360126
"7835",NA,39,"Pitt Agri. Center","Ozone","Pitt",35.6412760008938,-77.360126
"7836",NA,45,"Pitt Agri. Center","Ozone","Pitt",35.6412760008938,-77.360126
"7837",NA,33,"Pitt Agri. Center","Ozone","Pitt",35.6412760008938,-77.360126
"7838",NA,37,"Pitt Agri. Center","Ozone","Pitt",35.6412760008938,-77.360126
"7839",NA,34,"Pitt Agri. Center","Ozone","Pitt",35.6412760008938,-77.360126
"7840",NA,22,"Pitt Agri. Center","Ozone","Pitt",35.6412760008938,-77.360126
"7841",NA,27,"Pitt Agri. Center","Ozone","Pitt",35.6412760008938,-77.360126
"7842",8-01-20,19,"Pitt Agri. Center","Ozone","Pitt",35.6412760008938,-77.360126
"7843",8-02-20,16,"Pitt Agri. Center","Ozone","Pitt",35.6412760008938,-77.360126
"7844",8-03-20,21,"Pitt Agri. Center","Ozone","Pitt",35.6412760008938,-77.360126
"7845",8-04-20,23,"Pitt Agri. Center","Ozone","Pitt",35.6412760008938,-77.360126
"7846",8-05-20,31,"Pitt Agri. Center","Ozone","Pitt",35.6412760008938,-77.360126
"7847",8-06-20,37,"Pitt Agri. Center","Ozone","Pitt",35.6412760008938,-77.360126
"7848",8-07-20,45,"Pitt Agri. Center","Ozone","Pitt",35.6412760008938,-77.360126
"7849",8-08-20,43,"Pitt Agri. Center","Ozone","Pitt",35.6412760008938,-77.360126
"7850",8-09-20,43,"Pitt Agri. Center","Ozone","Pitt",35.6412760008938,-77.360126
"7851",8-10-20,49,"Pitt Agri. Center","Ozone","Pitt",35.6412760008938,-77.360126
"7852",8-11-20,37,"Pitt Agri. Center","Ozone","Pitt",35.6412760008938,-77.360126
"7853",8-12-20,38,"Pitt Agri. Center","Ozone","Pitt",35.6412760008938,-77.360126
"7854",NA,38,"Pitt Agri. Center","Ozone","Pitt",35.6412760008938,-77.360126
"7855",NA,37,"Pitt Agri. Center","Ozone","Pitt",35.6412760008938,-77.360126
"7856",NA,46,"Pitt Agri. Center","Ozone","Pitt",35.6412760008938,-77.360126
"7857",NA,44,"Pitt Agri. Center","Ozone","Pitt",35.6412760008938,-77.360126
"7858",NA,32,"Pitt Agri. Center","Ozone","Pitt",35.6412760008938,-77.360126
"7859",NA,32,"Pitt Agri. Center","Ozone","Pitt",35.6412760008938,-77.360126
"7860",NA,30,"Pitt Agri. Center","Ozone","Pitt",35.6412760008938,-77.360126
"7861",NA,37,"Pitt Agri. Center","Ozone","Pitt",35.6412760008938,-77.360126
"7862",NA,26,"Pitt Agri. Center","Ozone","Pitt",35.6412760008938,-77.360126
"7863",NA,37,"Pitt Agri. Center","Ozone","Pitt",35.6412760008938,-77.360126
"7864",NA,39,"Pitt Agri. Center","Ozone","Pitt",35.6412760008938,-77.360126
"7865",NA,42,"Pitt Agri. Center","Ozone","Pitt",35.6412760008938,-77.360126
"7866",NA,39,"Pitt Agri. Center","Ozone","Pitt",35.6412760008938,-77.360126
"7867",NA,44,"Pitt Agri. Center","Ozone","Pitt",35.6412760008938,-77.360126
"7868",NA,44,"Pitt Agri. Center","Ozone","Pitt",35.6412760008938,-77.360126
"7869",NA,38,"Pitt Agri. Center","Ozone","Pitt",35.6412760008938,-77.360126
"7870",NA,33,"Pitt Agri. Center","Ozone","Pitt",35.6412760008938,-77.360126
"7871",NA,42,"Pitt Agri. Center","Ozone","Pitt",35.6412760008938,-77.360126
"7872",NA,37,"Pitt Agri. Center","Ozone","Pitt",35.6412760008938,-77.360126
"7873",9-01-20,29,"Pitt Agri. Center","Ozone","Pitt",35.6412760008938,-77.360126
"7874",9-02-20,23,"Pitt Agri. Center","Ozone","Pitt",35.6412760008938,-77.360126
"7875",9-03-20,27,"Pitt Agri. Center","Ozone","Pitt",35.6412760008938,-77.360126
"7876",9-04-20,32,"Pitt Agri. Center","Ozone","Pitt",35.6412760008938,-77.360126
"7877",9-05-20,31,"Pitt Agri. Center","Ozone","Pitt",35.6412760008938,-77.360126
"7878",9-06-20,34,"Pitt Agri. Center","Ozone","Pitt",35.6412760008938,-77.360126
"7879",9-07-20,39,"Pitt Agri. Center","Ozone","Pitt",35.6412760008938,-77.360126
"7880",9-08-20,34,"Pitt Agri. Center","Ozone","Pitt",35.6412760008938,-77.360126
"7881",9-09-20,24,"Pitt Agri. Center","Ozone","Pitt",35.6412760008938,-77.360126
"7882",NA,39,"Pitt Agri. Center","Ozone","Pitt",35.6412760008938,-77.360126
"7883",NA,37,"Pitt Agri. Center","Ozone","Pitt",35.6412760008938,-77.360126
"7884",NA,24,"Pitt Agri. Center","Ozone","Pitt",35.6412760008938,-77.360126
"7885",NA,24,"Pitt Agri. Center","Ozone","Pitt",35.6412760008938,-77.360126
"7886",NA,33,"Pitt Agri. Center","Ozone","Pitt",35.6412760008938,-77.360126
"7887",NA,37,"Pitt Agri. Center","Ozone","Pitt",35.6412760008938,-77.360126
"7888",NA,28,"Pitt Agri. Center","Ozone","Pitt",35.6412760008938,-77.360126
"7889",NA,40,"Pitt Agri. Center","Ozone","Pitt",35.6412760008938,-77.360126
"7890",NA,47,"Pitt Agri. Center","Ozone","Pitt",35.6412760008938,-77.360126
"7891",10-01-20,44,"Pitt Agri. Center","Ozone","Pitt",35.6412760008938,-77.360126
"7892",10-02-20,42,"Pitt Agri. Center","Ozone","Pitt",35.6412760008938,-77.360126
"7893",10-03-20,44,"Pitt Agri. Center","Ozone","Pitt",35.6412760008938,-77.360126
"7894",10-04-20,58,"Pitt Agri. Center","Ozone","Pitt",35.6412760008938,-77.360126
"7895",10-05-20,42,"Pitt Agri. Center","Ozone","Pitt",35.6412760008938,-77.360126
"7896",10-06-20,34,"Pitt Agri. Center","Ozone","Pitt",35.6412760008938,-77.360126
"7897",10-07-20,32,"Pitt Agri. Center","Ozone","Pitt",35.6412760008938,-77.360126
"7898",10-08-20,33,"Pitt Agri. Center","Ozone","Pitt",35.6412760008938,-77.360126
"7899",10-09-20,32,"Pitt Agri. Center","Ozone","Pitt",35.6412760008938,-77.360126
"7900",NA,35,"Pitt Agri. Center","Ozone","Pitt",35.6412760008938,-77.360126
"7901",NA,31,"Pitt Agri. Center","Ozone","Pitt",35.6412760008938,-77.360126
"7902",NA,37,"Pitt Agri. Center","Ozone","Pitt",35.6412760008938,-77.360126
"7903",NA,24,"Pitt Agri. Center","Ozone","Pitt",35.6412760008938,-77.360126
"7904",NA,22,"Pitt Agri. Center","Ozone","Pitt",35.6412760008938,-77.360126
"7905",NA,34,"Pitt Agri. Center","Ozone","Pitt",35.6412760008938,-77.360126
"7906",NA,41,"Pitt Agri. Center","Ozone","Pitt",35.6412760008938,-77.360126
"7907",NA,30,"Pitt Agri. Center","Ozone","Pitt",35.6412760008938,-77.360126
"7908",NA,35,"Pitt Agri. Center","Ozone","Pitt",35.6412760008938,-77.360126
"7909",NA,32,"Pitt Agri. Center","Ozone","Pitt",35.6412760008938,-77.360126
"7910",NA,28,"Pitt Agri. Center","Ozone","Pitt",35.6412760008938,-77.360126
"7911",NA,31,"Pitt Agri. Center","Ozone","Pitt",35.6412760008938,-77.360126
"7912",NA,20,"Pitt Agri. Center","Ozone","Pitt",35.6412760008938,-77.360126
"7913",NA,35,"Pitt Agri. Center","Ozone","Pitt",35.6412760008938,-77.360126
"7914",NA,35,"Pitt Agri. Center","Ozone","Pitt",35.6412760008938,-77.360126
"7915",NA,35,"Pitt Agri. Center","Ozone","Pitt",35.6412760008938,-77.360126
"7916",NA,42,"Pitt Agri. Center","Ozone","Pitt",35.6412760008938,-77.360126
"7917",3-01-20,41,"Bethany sch.","Ozone","Rockingham",36.308889,-79.859167
"7918",3-02-20,43,"Bethany sch.","Ozone","Rockingham",36.308889,-79.859167
"7919",3-03-20,45,"Bethany sch.","Ozone","Rockingham",36.308889,-79.859167
"7920",3-04-20,45,"Bethany sch.","Ozone","Rockingham",36.308889,-79.859167
"7921",3-05-20,44,"Bethany sch.","Ozone","Rockingham",36.308889,-79.859167
"7922",3-06-20,30,"Bethany sch.","Ozone","Rockingham",36.308889,-79.859167
"7923",3-07-20,35,"Bethany sch.","Ozone","Rockingham",36.308889,-79.859167
"7924",3-08-20,41,"Bethany sch.","Ozone","Rockingham",36.308889,-79.859167
"7925",3-09-20,43,"Bethany sch.","Ozone","Rockingham",36.308889,-79.859167
"7926",3-10-20,41,"Bethany sch.","Ozone","Rockingham",36.308889,-79.859167
"7927",3-11-20,32,"Bethany sch.","Ozone","Rockingham",36.308889,-79.859167
"7928",3-12-20,40,"Bethany sch.","Ozone","Rockingham",36.308889,-79.859167
"7929",NA,44,"Bethany sch.","Ozone","Rockingham",36.308889,-79.859167
"7930",NA,43,"Bethany sch.","Ozone","Rockingham",36.308889,-79.859167
"7931",NA,61,"Bethany sch.","Ozone","Rockingham",36.308889,-79.859167
"7932",NA,51,"Bethany sch.","Ozone","Rockingham",36.308889,-79.859167
"7933",NA,54,"Bethany sch.","Ozone","Rockingham",36.308889,-79.859167
"7934",NA,44,"Bethany sch.","Ozone","Rockingham",36.308889,-79.859167
"7935",NA,44,"Bethany sch.","Ozone","Rockingham",36.308889,-79.859167
"7936",NA,34,"Bethany sch.","Ozone","Rockingham",36.308889,-79.859167
"7937",NA,34,"Bethany sch.","Ozone","Rockingham",36.308889,-79.859167
"7938",NA,44,"Bethany sch.","Ozone","Rockingham",36.308889,-79.859167
"7939",NA,49,"Bethany sch.","Ozone","Rockingham",36.308889,-79.859167
"7940",NA,39,"Bethany sch.","Ozone","Rockingham",36.308889,-79.859167
"7941",NA,47,"Bethany sch.","Ozone","Rockingham",36.308889,-79.859167
"7942",NA,43,"Bethany sch.","Ozone","Rockingham",36.308889,-79.859167
"7943",NA,38,"Bethany sch.","Ozone","Rockingham",36.308889,-79.859167
"7944",NA,44,"Bethany sch.","Ozone","Rockingham",36.308889,-79.859167
"7945",NA,54,"Bethany sch.","Ozone","Rockingham",36.308889,-79.859167
"7946",NA,42,"Bethany sch.","Ozone","Rockingham",36.308889,-79.859167
"7947",NA,48,"Bethany sch.","Ozone","Rockingham",36.308889,-79.859167
"7948",4-01-20,47,"Bethany sch.","Ozone","Rockingham",36.308889,-79.859167
"7949",4-02-20,47,"Bethany sch.","Ozone","Rockingham",36.308889,-79.859167
"7950",4-03-20,46,"Bethany sch.","Ozone","Rockingham",36.308889,-79.859167
"7951",4-04-20,45,"Bethany sch.","Ozone","Rockingham",36.308889,-79.859167
"7952",4-05-20,47,"Bethany sch.","Ozone","Rockingham",36.308889,-79.859167
"7953",4-06-20,61,"Bethany sch.","Ozone","Rockingham",36.308889,-79.859167
"7954",4-07-20,43,"Bethany sch.","Ozone","Rockingham",36.308889,-79.859167
"7955",4-08-20,45,"Bethany sch.","Ozone","Rockingham",36.308889,-79.859167
"7956",4-09-20,44,"Bethany sch.","Ozone","Rockingham",36.308889,-79.859167
"7957",4-10-20,44,"Bethany sch.","Ozone","Rockingham",36.308889,-79.859167
"7958",4-11-20,47,"Bethany sch.","Ozone","Rockingham",36.308889,-79.859167
"7959",4-12-20,64,"Bethany sch.","Ozone","Rockingham",36.308889,-79.859167
"7960",NA,84,"Bethany sch.","Ozone","Rockingham",36.308889,-79.859167
"7961",NA,49,"Bethany sch.","Ozone","Rockingham",36.308889,-79.859167
"7962",NA,36,"Bethany sch.","Ozone","Rockingham",36.308889,-79.859167
"7963",NA,35,"Bethany sch.","Ozone","Rockingham",36.308889,-79.859167
"7964",NA,51,"Bethany sch.","Ozone","Rockingham",36.308889,-79.859167
"7965",NA,84,"Bethany sch.","Ozone","Rockingham",36.308889,-79.859167
"7966",NA,45,"Bethany sch.","Ozone","Rockingham",36.308889,-79.859167
"7967",NA,61,"Bethany sch.","Ozone","Rockingham",36.308889,-79.859167
"7968",NA,77,"Bethany sch.","Ozone","Rockingham",36.308889,-79.859167
"7969",NA,58,"Bethany sch.","Ozone","Rockingham",36.308889,-79.859167
"7970",NA,43,"Bethany sch.","Ozone","Rockingham",36.308889,-79.859167
"7971",NA,38,"Bethany sch.","Ozone","Rockingham",36.308889,-79.859167
"7972",NA,38,"Bethany sch.","Ozone","Rockingham",36.308889,-79.859167
"7973",NA,47,"Bethany sch.","Ozone","Rockingham",36.308889,-79.859167
"7974",NA,44,"Bethany sch.","Ozone","Rockingham",36.308889,-79.859167
"7975",NA,64,"Bethany sch.","Ozone","Rockingham",36.308889,-79.859167
"7976",NA,45,"Bethany sch.","Ozone","Rockingham",36.308889,-79.859167
"7977",NA,50,"Bethany sch.","Ozone","Rockingham",36.308889,-79.859167
"7978",5-01-20,71,"Bethany sch.","Ozone","Rockingham",36.308889,-79.859167
"7979",5-02-20,90,"Bethany sch.","Ozone","Rockingham",36.308889,-79.859167
"7980",5-03-20,84,"Bethany sch.","Ozone","Rockingham",36.308889,-79.859167
"7981",5-04-20,74,"Bethany sch.","Ozone","Rockingham",36.308889,-79.859167
"7982",5-05-20,40,"Bethany sch.","Ozone","Rockingham",36.308889,-79.859167
"7983",5-06-20,45,"Bethany sch.","Ozone","Rockingham",36.308889,-79.859167
"7984",5-07-20,49,"Bethany sch.","Ozone","Rockingham",36.308889,-79.859167
"7985",5-08-20,58,"Bethany sch.","Ozone","Rockingham",36.308889,-79.859167
"7986",5-09-20,64,"Bethany sch.","Ozone","Rockingham",36.308889,-79.859167
"7987",5-10-20,51,"Bethany sch.","Ozone","Rockingham",36.308889,-79.859167
"7988",5-11-20,54,"Bethany sch.","Ozone","Rockingham",36.308889,-79.859167
"7989",5-12-20,74,"Bethany sch.","Ozone","Rockingham",36.308889,-79.859167
"7990",NA,64,"Bethany sch.","Ozone","Rockingham",36.308889,-79.859167
"7991",NA,74,"Bethany sch.","Ozone","Rockingham",36.308889,-79.859167
"7992",NA,34,"Bethany sch.","Ozone","Rockingham",36.308889,-79.859167
"7993",NA,31,"Bethany sch.","Ozone","Rockingham",36.308889,-79.859167
"7994",NA,31,"Bethany sch.","Ozone","Rockingham",36.308889,-79.859167
"7995",NA,19,"Bethany sch.","Ozone","Rockingham",36.308889,-79.859167
"7996",NA,27,"Bethany sch.","Ozone","Rockingham",36.308889,-79.859167
"7997",NA,41,"Bethany sch.","Ozone","Rockingham",36.308889,-79.859167
"7998",NA,35,"Bethany sch.","Ozone","Rockingham",36.308889,-79.859167
"7999",NA,38,"Bethany sch.","Ozone","Rockingham",36.308889,-79.859167
"8000",NA,34,"Bethany sch.","Ozone","Rockingham",36.308889,-79.859167
"8001",NA,44,"Bethany sch.","Ozone","Rockingham",36.308889,-79.859167
"8002",NA,34,"Bethany sch.","Ozone","Rockingham",36.308889,-79.859167
"8003",NA,25,"Bethany sch.","Ozone","Rockingham",36.308889,-79.859167
"8004",NA,25,"Bethany sch.","Ozone","Rockingham",36.308889,-79.859167
"8005",NA,19,"Bethany sch.","Ozone","Rockingham",36.308889,-79.859167
"8006",NA,20,"Bethany sch.","Ozone","Rockingham",36.308889,-79.859167
"8007",NA,26,"Bethany sch.","Ozone","Rockingham",36.308889,-79.859167
"8008",NA,38,"Bethany sch.","Ozone","Rockingham",36.308889,-79.859167
"8009",6-01-20,44,"Bethany sch.","Ozone","Rockingham",36.308889,-79.859167
"8010",6-02-20,42,"Bethany sch.","Ozone","Rockingham",36.308889,-79.859167
"8011",6-03-20,42,"Bethany sch.","Ozone","Rockingham",36.308889,-79.859167
"8012",6-04-20,54,"Bethany sch.","Ozone","Rockingham",36.308889,-79.859167
"8013",6-05-20,50,"Bethany sch.","Ozone","Rockingham",36.308889,-79.859167
"8014",6-06-20,67,"Bethany sch.","Ozone","Rockingham",36.308889,-79.859167
"8015",6-07-20,48,"Bethany sch.","Ozone","Rockingham",36.308889,-79.859167
"8016",6-08-20,74,"Bethany sch.","Ozone","Rockingham",36.308889,-79.859167
"8017",6-09-20,64,"Bethany sch.","Ozone","Rockingham",36.308889,-79.859167
"8018",6-10-20,51,"Bethany sch.","Ozone","Rockingham",36.308889,-79.859167
"8019",6-11-20,33,"Bethany sch.","Ozone","Rockingham",36.308889,-79.859167
"8020",6-12-20,30,"Bethany sch.","Ozone","Rockingham",36.308889,-79.859167
"8021",NA,45,"Bethany sch.","Ozone","Rockingham",36.308889,-79.859167
"8022",NA,42,"Bethany sch.","Ozone","Rockingham",36.308889,-79.859167
"8023",NA,58,"Bethany sch.","Ozone","Rockingham",36.308889,-79.859167
"8024",NA,87,"Bethany sch.","Ozone","Rockingham",36.308889,-79.859167
"8025",NA,51,"Bethany sch.","Ozone","Rockingham",36.308889,-79.859167
"8026",NA,40,"Bethany sch.","Ozone","Rockingham",36.308889,-79.859167
"8027",NA,46,"Bethany sch.","Ozone","Rockingham",36.308889,-79.859167
"8028",NA,35,"Bethany sch.","Ozone","Rockingham",36.308889,-79.859167
"8029",NA,34,"Bethany sch.","Ozone","Rockingham",36.308889,-79.859167
"8030",NA,46,"Bethany sch.","Ozone","Rockingham",36.308889,-79.859167
"8031",NA,42,"Bethany sch.","Ozone","Rockingham",36.308889,-79.859167
"8032",NA,41,"Bethany sch.","Ozone","Rockingham",36.308889,-79.859167
"8033",NA,35,"Bethany sch.","Ozone","Rockingham",36.308889,-79.859167
"8034",NA,28,"Bethany sch.","Ozone","Rockingham",36.308889,-79.859167
"8035",NA,41,"Bethany sch.","Ozone","Rockingham",36.308889,-79.859167
"8036",NA,40,"Bethany sch.","Ozone","Rockingham",36.308889,-79.859167
"8037",NA,51,"Bethany sch.","Ozone","Rockingham",36.308889,-79.859167
"8038",NA,54,"Bethany sch.","Ozone","Rockingham",36.308889,-79.859167
"8039",7-01-20,41,"Bethany sch.","Ozone","Rockingham",36.308889,-79.859167
"8040",7-02-20,44,"Bethany sch.","Ozone","Rockingham",36.308889,-79.859167
"8041",7-03-20,54,"Bethany sch.","Ozone","Rockingham",36.308889,-79.859167
"8042",7-04-20,37,"Bethany sch.","Ozone","Rockingham",36.308889,-79.859167
"8043",7-05-20,27,"Bethany sch.","Ozone","Rockingham",36.308889,-79.859167
"8044",7-06-20,35,"Bethany sch.","Ozone","Rockingham",36.308889,-79.859167
"8045",7-07-20,32,"Bethany sch.","Ozone","Rockingham",36.308889,-79.859167
"8046",7-08-20,44,"Bethany sch.","Ozone","Rockingham",36.308889,-79.859167
"8047",7-09-20,42,"Bethany sch.","Ozone","Rockingham",36.308889,-79.859167
"8048",7-10-20,58,"Bethany sch.","Ozone","Rockingham",36.308889,-79.859167
"8049",7-11-20,49,"Bethany sch.","Ozone","Rockingham",36.308889,-79.859167
"8050",7-12-20,54,"Bethany sch.","Ozone","Rockingham",36.308889,-79.859167
"8051",NA,58,"Bethany sch.","Ozone","Rockingham",36.308889,-79.859167
"8052",NA,44,"Bethany sch.","Ozone","Rockingham",36.308889,-79.859167
"8053",NA,61,"Bethany sch.","Ozone","Rockingham",36.308889,-79.859167
"8054",NA,47,"Bethany sch.","Ozone","Rockingham",36.308889,-79.859167
"8055",NA,40,"Bethany sch.","Ozone","Rockingham",36.308889,-79.859167
"8056",NA,44,"Bethany sch.","Ozone","Rockingham",36.308889,-79.859167
"8057",NA,49,"Bethany sch.","Ozone","Rockingham",36.308889,-79.859167
"8058",NA,50,"Bethany sch.","Ozone","Rockingham",36.308889,-79.859167
"8059",NA,40,"Bethany sch.","Ozone","Rockingham",36.308889,-79.859167
"8060",NA,37,"Bethany sch.","Ozone","Rockingham",36.308889,-79.859167
"8061",NA,37,"Bethany sch.","Ozone","Rockingham",36.308889,-79.859167
"8062",NA,36,"Bethany sch.","Ozone","Rockingham",36.308889,-79.859167
"8063",NA,39,"Bethany sch.","Ozone","Rockingham",36.308889,-79.859167
"8064",NA,44,"Bethany sch.","Ozone","Rockingham",36.308889,-79.859167
"8065",NA,54,"Bethany sch.","Ozone","Rockingham",36.308889,-79.859167
"8066",NA,41,"Bethany sch.","Ozone","Rockingham",36.308889,-79.859167
"8067",NA,41,"Bethany sch.","Ozone","Rockingham",36.308889,-79.859167
"8068",NA,31,"Bethany sch.","Ozone","Rockingham",36.308889,-79.859167
"8069",NA,26,"Bethany sch.","Ozone","Rockingham",36.308889,-79.859167
"8070",8-01-20,34,"Bethany sch.","Ozone","Rockingham",36.308889,-79.859167
"8071",8-02-20,25,"Bethany sch.","Ozone","Rockingham",36.308889,-79.859167
"8072",8-03-20,24,"Bethany sch.","Ozone","Rockingham",36.308889,-79.859167
"8073",8-04-20,29,"Bethany sch.","Ozone","Rockingham",36.308889,-79.859167
"8074",8-05-20,37,"Bethany sch.","Ozone","Rockingham",36.308889,-79.859167
"8075",8-06-20,33,"Bethany sch.","Ozone","Rockingham",36.308889,-79.859167
"8076",8-07-20,35,"Bethany sch.","Ozone","Rockingham",36.308889,-79.859167
"8077",8-08-20,31,"Bethany sch.","Ozone","Rockingham",36.308889,-79.859167
"8078",8-09-20,39,"Bethany sch.","Ozone","Rockingham",36.308889,-79.859167
"8079",8-10-20,44,"Bethany sch.","Ozone","Rockingham",36.308889,-79.859167
"8080",8-11-20,40,"Bethany sch.","Ozone","Rockingham",36.308889,-79.859167
"8081",8-12-20,36,"Bethany sch.","Ozone","Rockingham",36.308889,-79.859167
"8082",NA,43,"Bethany sch.","Ozone","Rockingham",36.308889,-79.859167
"8083",NA,38,"Bethany sch.","Ozone","Rockingham",36.308889,-79.859167
"8084",NA,47,"Bethany sch.","Ozone","Rockingham",36.308889,-79.859167
"8085",NA,64,"Bethany sch.","Ozone","Rockingham",36.308889,-79.859167
"8086",NA,42,"Bethany sch.","Ozone","Rockingham",36.308889,-79.859167
"8087",NA,27,"Bethany sch.","Ozone","Rockingham",36.308889,-79.859167
"8088",NA,31,"Bethany sch.","Ozone","Rockingham",36.308889,-79.859167
"8089",NA,29,"Bethany sch.","Ozone","Rockingham",36.308889,-79.859167
"8090",NA,30,"Bethany sch.","Ozone","Rockingham",36.308889,-79.859167
"8091",NA,33,"Bethany sch.","Ozone","Rockingham",36.308889,-79.859167
"8092",NA,36,"Bethany sch.","Ozone","Rockingham",36.308889,-79.859167
"8093",NA,43,"Bethany sch.","Ozone","Rockingham",36.308889,-79.859167
"8094",NA,45,"Bethany sch.","Ozone","Rockingham",36.308889,-79.859167
"8095",NA,49,"Bethany sch.","Ozone","Rockingham",36.308889,-79.859167
"8096",NA,44,"Bethany sch.","Ozone","Rockingham",36.308889,-79.859167
"8097",NA,51,"Bethany sch.","Ozone","Rockingham",36.308889,-79.859167
"8098",NA,54,"Bethany sch.","Ozone","Rockingham",36.308889,-79.859167
"8099",NA,41,"Bethany sch.","Ozone","Rockingham",36.308889,-79.859167
"8100",NA,50,"Bethany sch.","Ozone","Rockingham",36.308889,-79.859167
"8101",9-01-20,37,"Bethany sch.","Ozone","Rockingham",36.308889,-79.859167
"8102",9-02-20,31,"Bethany sch.","Ozone","Rockingham",36.308889,-79.859167
"8103",9-03-20,32,"Bethany sch.","Ozone","Rockingham",36.308889,-79.859167
"8104",9-04-20,36,"Bethany sch.","Ozone","Rockingham",36.308889,-79.859167
"8105",9-05-20,38,"Bethany sch.","Ozone","Rockingham",36.308889,-79.859167
"8106",9-06-20,44,"Bethany sch.","Ozone","Rockingham",36.308889,-79.859167
"8107",9-07-20,40,"Bethany sch.","Ozone","Rockingham",36.308889,-79.859167
"8108",9-08-20,35,"Bethany sch.","Ozone","Rockingham",36.308889,-79.859167
"8109",9-09-20,15,"Bethany sch.","Ozone","Rockingham",36.308889,-79.859167
"8110",9-10-20,10,"Bethany sch.","Ozone","Rockingham",36.308889,-79.859167
"8111",9-11-20,31,"Bethany sch.","Ozone","Rockingham",36.308889,-79.859167
"8112",9-12-20,20,"Bethany sch.","Ozone","Rockingham",36.308889,-79.859167
"8113",NA,17,"Bethany sch.","Ozone","Rockingham",36.308889,-79.859167
"8114",NA,43,"Bethany sch.","Ozone","Rockingham",36.308889,-79.859167
"8115",NA,49,"Bethany sch.","Ozone","Rockingham",36.308889,-79.859167
"8116",NA,47,"Bethany sch.","Ozone","Rockingham",36.308889,-79.859167
"8117",NA,41,"Bethany sch.","Ozone","Rockingham",36.308889,-79.859167
"8118",NA,18,"Bethany sch.","Ozone","Rockingham",36.308889,-79.859167
"8119",NA,17,"Bethany sch.","Ozone","Rockingham",36.308889,-79.859167
"8120",NA,28,"Bethany sch.","Ozone","Rockingham",36.308889,-79.859167
"8121",NA,33,"Bethany sch.","Ozone","Rockingham",36.308889,-79.859167
"8122",NA,18,"Bethany sch.","Ozone","Rockingham",36.308889,-79.859167
"8123",NA,28,"Bethany sch.","Ozone","Rockingham",36.308889,-79.859167
"8124",NA,31,"Bethany sch.","Ozone","Rockingham",36.308889,-79.859167
"8125",NA,30,"Bethany sch.","Ozone","Rockingham",36.308889,-79.859167
"8126",10-01-20,46,"Bethany sch.","Ozone","Rockingham",36.308889,-79.859167
"8127",10-02-20,47,"Bethany sch.","Ozone","Rockingham",36.308889,-79.859167
"8128",10-03-20,34,"Bethany sch.","Ozone","Rockingham",36.308889,-79.859167
"8129",10-04-20,34,"Bethany sch.","Ozone","Rockingham",36.308889,-79.859167
"8130",10-05-20,31,"Bethany sch.","Ozone","Rockingham",36.308889,-79.859167
"8131",10-06-20,24,"Bethany sch.","Ozone","Rockingham",36.308889,-79.859167
"8132",10-07-20,40,"Bethany sch.","Ozone","Rockingham",36.308889,-79.859167
"8133",10-08-20,26,"Bethany sch.","Ozone","Rockingham",36.308889,-79.859167
"8134",10-09-20,26,"Bethany sch.","Ozone","Rockingham",36.308889,-79.859167
"8135",NA,36,"Bethany sch.","Ozone","Rockingham",36.308889,-79.859167
"8136",NA,36,"Bethany sch.","Ozone","Rockingham",36.308889,-79.859167
"8137",NA,42,"Bethany sch.","Ozone","Rockingham",36.308889,-79.859167
"8138",NA,31,"Bethany sch.","Ozone","Rockingham",36.308889,-79.859167
"8139",NA,30,"Bethany sch.","Ozone","Rockingham",36.308889,-79.859167
"8140",NA,30,"Bethany sch.","Ozone","Rockingham",36.308889,-79.859167
"8141",NA,34,"Bethany sch.","Ozone","Rockingham",36.308889,-79.859167
"8142",NA,34,"Bethany sch.","Ozone","Rockingham",36.308889,-79.859167
"8143",NA,24,"Bethany sch.","Ozone","Rockingham",36.308889,-79.859167
"8144",NA,25,"Bethany sch.","Ozone","Rockingham",36.308889,-79.859167
"8145",NA,23,"Bethany sch.","Ozone","Rockingham",36.308889,-79.859167
"8146",NA,36,"Bethany sch.","Ozone","Rockingham",36.308889,-79.859167
"8147",NA,33,"Bethany sch.","Ozone","Rockingham",36.308889,-79.859167
"8148",NA,36,"Bethany sch.","Ozone","Rockingham",36.308889,-79.859167
"8149",NA,44,"Bethany sch.","Ozone","Rockingham",36.308889,-79.859167
"8150",1-01-20,33,"Rockwell","Ozone","Rowan",35.551868,-80.395039
"8151",1-02-20,31,"Rockwell","Ozone","Rowan",35.551868,-80.395039
"8152",1-03-20,24,"Rockwell","Ozone","Rowan",35.551868,-80.395039
"8153",1-04-20,31,"Rockwell","Ozone","Rowan",35.551868,-80.395039
"8154",1-05-20,32,"Rockwell","Ozone","Rowan",35.551868,-80.395039
"8155",1-06-20,31,"Rockwell","Ozone","Rowan",35.551868,-80.395039
"8156",1-10-20,31,"Rockwell","Ozone","Rowan",35.551868,-80.395039
"8157",1-11-20,22,"Rockwell","Ozone","Rowan",35.551868,-80.395039
"8158",1-12-20,33,"Rockwell","Ozone","Rowan",35.551868,-80.395039
"8159",NA,34,"Rockwell","Ozone","Rowan",35.551868,-80.395039
"8160",NA,31,"Rockwell","Ozone","Rowan",35.551868,-80.395039
"8161",NA,31,"Rockwell","Ozone","Rowan",35.551868,-80.395039
"8162",NA,30,"Rockwell","Ozone","Rowan",35.551868,-80.395039
"8163",NA,30,"Rockwell","Ozone","Rowan",35.551868,-80.395039
"8164",NA,30,"Rockwell","Ozone","Rowan",35.551868,-80.395039
"8165",NA,32,"Rockwell","Ozone","Rowan",35.551868,-80.395039
"8166",NA,35,"Rockwell","Ozone","Rowan",35.551868,-80.395039
"8167",NA,30,"Rockwell","Ozone","Rowan",35.551868,-80.395039
"8168",NA,25,"Rockwell","Ozone","Rowan",35.551868,-80.395039
"8169",NA,19,"Rockwell","Ozone","Rowan",35.551868,-80.395039
"8170",NA,31,"Rockwell","Ozone","Rowan",35.551868,-80.395039
"8171",NA,31,"Rockwell","Ozone","Rowan",35.551868,-80.395039
"8172",2-01-20,31,"Rockwell","Ozone","Rowan",35.551868,-80.395039
"8173",2-02-20,33,"Rockwell","Ozone","Rowan",35.551868,-80.395039
"8174",2-03-20,34,"Rockwell","Ozone","Rowan",35.551868,-80.395039
"8175",2-04-20,20,"Rockwell","Ozone","Rowan",35.551868,-80.395039
"8176",2-05-20,30,"Rockwell","Ozone","Rowan",35.551868,-80.395039
"8177",2-06-20,25,"Rockwell","Ozone","Rowan",35.551868,-80.395039
"8178",2-07-20,21,"Rockwell","Ozone","Rowan",35.551868,-80.395039
"8179",2-08-20,33,"Rockwell","Ozone","Rowan",35.551868,-80.395039
"8180",2-09-20,34,"Rockwell","Ozone","Rowan",35.551868,-80.395039
"8181",2-10-20,14,"Rockwell","Ozone","Rowan",35.551868,-80.395039
"8182",2-11-20,17,"Rockwell","Ozone","Rowan",35.551868,-80.395039
"8183",2-12-20,31,"Rockwell","Ozone","Rowan",35.551868,-80.395039
"8184",NA,31,"Rockwell","Ozone","Rowan",35.551868,-80.395039
"8185",NA,19,"Rockwell","Ozone","Rowan",35.551868,-80.395039
"8186",NA,22,"Rockwell","Ozone","Rowan",35.551868,-80.395039
"8187",NA,31,"Rockwell","Ozone","Rowan",35.551868,-80.395039
"8188",NA,23,"Rockwell","Ozone","Rowan",35.551868,-80.395039
"8189",NA,36,"Rockwell","Ozone","Rowan",35.551868,-80.395039
"8190",NA,19,"Rockwell","Ozone","Rowan",35.551868,-80.395039
"8191",NA,17,"Rockwell","Ozone","Rowan",35.551868,-80.395039
"8192",NA,20,"Rockwell","Ozone","Rowan",35.551868,-80.395039
"8193",NA,22,"Rockwell","Ozone","Rowan",35.551868,-80.395039
"8194",NA,24,"Rockwell","Ozone","Rowan",35.551868,-80.395039
"8195",NA,29,"Rockwell","Ozone","Rowan",35.551868,-80.395039
"8196",NA,22,"Rockwell","Ozone","Rowan",35.551868,-80.395039
"8197",NA,30,"Rockwell","Ozone","Rowan",35.551868,-80.395039
"8198",NA,40,"Rockwell","Ozone","Rowan",35.551868,-80.395039
"8199",NA,31,"Rockwell","Ozone","Rowan",35.551868,-80.395039
"8200",3-01-20,36,"Rockwell","Ozone","Rowan",35.551868,-80.395039
"8201",3-02-20,42,"Rockwell","Ozone","Rowan",35.551868,-80.395039
"8202",3-03-20,42,"Rockwell","Ozone","Rowan",35.551868,-80.395039
"8203",3-04-20,44,"Rockwell","Ozone","Rowan",35.551868,-80.395039
"8204",3-05-20,43,"Rockwell","Ozone","Rowan",35.551868,-80.395039
"8205",3-06-20,23,"Rockwell","Ozone","Rowan",35.551868,-80.395039
"8206",3-07-20,32,"Rockwell","Ozone","Rowan",35.551868,-80.395039
"8207",3-08-20,38,"Rockwell","Ozone","Rowan",35.551868,-80.395039
"8208",3-09-20,42,"Rockwell","Ozone","Rowan",35.551868,-80.395039
"8209",3-10-20,32,"Rockwell","Ozone","Rowan",35.551868,-80.395039
"8210",3-11-20,23,"Rockwell","Ozone","Rowan",35.551868,-80.395039
"8211",3-12-20,32,"Rockwell","Ozone","Rowan",35.551868,-80.395039
"8212",NA,40,"Rockwell","Ozone","Rowan",35.551868,-80.395039
"8213",NA,40,"Rockwell","Ozone","Rowan",35.551868,-80.395039
"8214",NA,47,"Rockwell","Ozone","Rowan",35.551868,-80.395039
"8215",NA,47,"Rockwell","Ozone","Rowan",35.551868,-80.395039
"8216",NA,37,"Rockwell","Ozone","Rowan",35.551868,-80.395039
"8217",NA,39,"Rockwell","Ozone","Rowan",35.551868,-80.395039
"8218",NA,34,"Rockwell","Ozone","Rowan",35.551868,-80.395039
"8219",NA,26,"Rockwell","Ozone","Rowan",35.551868,-80.395039
"8220",NA,32,"Rockwell","Ozone","Rowan",35.551868,-80.395039
"8221",NA,41,"Rockwell","Ozone","Rowan",35.551868,-80.395039
"8222",NA,44,"Rockwell","Ozone","Rowan",35.551868,-80.395039
"8223",NA,36,"Rockwell","Ozone","Rowan",35.551868,-80.395039
"8224",NA,40,"Rockwell","Ozone","Rowan",35.551868,-80.395039
"8225",NA,40,"Rockwell","Ozone","Rowan",35.551868,-80.395039
"8226",NA,31,"Rockwell","Ozone","Rowan",35.551868,-80.395039
"8227",NA,32,"Rockwell","Ozone","Rowan",35.551868,-80.395039
"8228",NA,37,"Rockwell","Ozone","Rowan",35.551868,-80.395039
"8229",NA,37,"Rockwell","Ozone","Rowan",35.551868,-80.395039
"8230",NA,42,"Rockwell","Ozone","Rowan",35.551868,-80.395039
"8231",4-01-20,45,"Rockwell","Ozone","Rowan",35.551868,-80.395039
"8232",4-02-20,44,"Rockwell","Ozone","Rowan",35.551868,-80.395039
"8233",4-03-20,33,"Rockwell","Ozone","Rowan",35.551868,-80.395039
"8234",4-04-20,43,"Rockwell","Ozone","Rowan",35.551868,-80.395039
"8235",4-05-20,45,"Rockwell","Ozone","Rowan",35.551868,-80.395039
"8236",4-06-20,44,"Rockwell","Ozone","Rowan",35.551868,-80.395039
"8237",4-07-20,35,"Rockwell","Ozone","Rowan",35.551868,-80.395039
"8238",4-08-20,41,"Rockwell","Ozone","Rowan",35.551868,-80.395039
"8239",4-09-20,37,"Rockwell","Ozone","Rowan",35.551868,-80.395039
"8240",4-10-20,40,"Rockwell","Ozone","Rowan",35.551868,-80.395039
"8241",4-11-20,40,"Rockwell","Ozone","Rowan",35.551868,-80.395039
"8242",4-12-20,44,"Rockwell","Ozone","Rowan",35.551868,-80.395039
"8243",NA,43,"Rockwell","Ozone","Rowan",35.551868,-80.395039
"8244",NA,38,"Rockwell","Ozone","Rowan",35.551868,-80.395039
"8245",NA,26,"Rockwell","Ozone","Rowan",35.551868,-80.395039
"8246",NA,32,"Rockwell","Ozone","Rowan",35.551868,-80.395039
"8247",NA,44,"Rockwell","Ozone","Rowan",35.551868,-80.395039
"8248",NA,50,"Rockwell","Ozone","Rowan",35.551868,-80.395039
"8249",NA,42,"Rockwell","Ozone","Rowan",35.551868,-80.395039
"8250",NA,49,"Rockwell","Ozone","Rowan",35.551868,-80.395039
"8251",NA,49,"Rockwell","Ozone","Rowan",35.551868,-80.395039
"8252",NA,43,"Rockwell","Ozone","Rowan",35.551868,-80.395039
"8253",NA,30,"Rockwell","Ozone","Rowan",35.551868,-80.395039
"8254",NA,24,"Rockwell","Ozone","Rowan",35.551868,-80.395039
"8255",NA,31,"Rockwell","Ozone","Rowan",35.551868,-80.395039
"8256",NA,31,"Rockwell","Ozone","Rowan",35.551868,-80.395039
"8257",NA,37,"Rockwell","Ozone","Rowan",35.551868,-80.395039
"8258",NA,49,"Rockwell","Ozone","Rowan",35.551868,-80.395039
"8259",NA,41,"Rockwell","Ozone","Rowan",35.551868,-80.395039
"8260",NA,48,"Rockwell","Ozone","Rowan",35.551868,-80.395039
"8261",5-01-20,54,"Rockwell","Ozone","Rowan",35.551868,-80.395039
"8262",5-02-20,50,"Rockwell","Ozone","Rowan",35.551868,-80.395039
"8263",5-03-20,43,"Rockwell","Ozone","Rowan",35.551868,-80.395039
"8264",5-04-20,43,"Rockwell","Ozone","Rowan",35.551868,-80.395039
"8265",5-05-20,29,"Rockwell","Ozone","Rowan",35.551868,-80.395039
"8266",5-06-20,40,"Rockwell","Ozone","Rowan",35.551868,-80.395039
"8267",5-07-20,44,"Rockwell","Ozone","Rowan",35.551868,-80.395039
"8268",5-08-20,45,"Rockwell","Ozone","Rowan",35.551868,-80.395039
"8269",5-09-20,47,"Rockwell","Ozone","Rowan",35.551868,-80.395039
"8270",5-10-20,44,"Rockwell","Ozone","Rowan",35.551868,-80.395039
"8271",5-11-20,46,"Rockwell","Ozone","Rowan",35.551868,-80.395039
"8272",5-12-20,45,"Rockwell","Ozone","Rowan",35.551868,-80.395039
"8273",NA,45,"Rockwell","Ozone","Rowan",35.551868,-80.395039
"8274",NA,49,"Rockwell","Ozone","Rowan",35.551868,-80.395039
"8275",NA,21,"Rockwell","Ozone","Rowan",35.551868,-80.395039
"8276",NA,23,"Rockwell","Ozone","Rowan",35.551868,-80.395039
"8277",NA,26,"Rockwell","Ozone","Rowan",35.551868,-80.395039
"8278",NA,21,"Rockwell","Ozone","Rowan",35.551868,-80.395039
"8279",NA,27,"Rockwell","Ozone","Rowan",35.551868,-80.395039
"8280",NA,35,"Rockwell","Ozone","Rowan",35.551868,-80.395039
"8281",NA,46,"Rockwell","Ozone","Rowan",35.551868,-80.395039
"8282",NA,31,"Rockwell","Ozone","Rowan",35.551868,-80.395039
"8283",NA,33,"Rockwell","Ozone","Rowan",35.551868,-80.395039
"8284",NA,40,"Rockwell","Ozone","Rowan",35.551868,-80.395039
"8285",NA,26,"Rockwell","Ozone","Rowan",35.551868,-80.395039
"8286",NA,24,"Rockwell","Ozone","Rowan",35.551868,-80.395039
"8287",NA,21,"Rockwell","Ozone","Rowan",35.551868,-80.395039
"8288",NA,18,"Rockwell","Ozone","Rowan",35.551868,-80.395039
"8289",NA,20,"Rockwell","Ozone","Rowan",35.551868,-80.395039
"8290",NA,24,"Rockwell","Ozone","Rowan",35.551868,-80.395039
"8291",NA,38,"Rockwell","Ozone","Rowan",35.551868,-80.395039
"8292",6-01-20,48,"Rockwell","Ozone","Rowan",35.551868,-80.395039
"8293",6-02-20,44,"Rockwell","Ozone","Rowan",35.551868,-80.395039
"8294",6-03-20,44,"Rockwell","Ozone","Rowan",35.551868,-80.395039
"8295",6-04-20,71,"Rockwell","Ozone","Rowan",35.551868,-80.395039
"8296",6-05-20,67,"Rockwell","Ozone","Rowan",35.551868,-80.395039
"8297",6-06-20,64,"Rockwell","Ozone","Rowan",35.551868,-80.395039
"8298",6-07-20,45,"Rockwell","Ozone","Rowan",35.551868,-80.395039
"8299",6-08-20,48,"Rockwell","Ozone","Rowan",35.551868,-80.395039
"8300",6-09-20,44,"Rockwell","Ozone","Rowan",35.551868,-80.395039
"8301",6-10-20,45,"Rockwell","Ozone","Rowan",35.551868,-80.395039
"8302",6-11-20,44,"Rockwell","Ozone","Rowan",35.551868,-80.395039
"8303",6-12-20,28,"Rockwell","Ozone","Rowan",35.551868,-80.395039
"8304",NA,47,"Rockwell","Ozone","Rowan",35.551868,-80.395039
"8305",NA,44,"Rockwell","Ozone","Rowan",35.551868,-80.395039
"8306",NA,61,"Rockwell","Ozone","Rowan",35.551868,-80.395039
"8307",NA,47,"Rockwell","Ozone","Rowan",35.551868,-80.395039
"8308",NA,44,"Rockwell","Ozone","Rowan",35.551868,-80.395039
"8309",NA,49,"Rockwell","Ozone","Rowan",35.551868,-80.395039
"8310",NA,46,"Rockwell","Ozone","Rowan",35.551868,-80.395039
"8311",NA,42,"Rockwell","Ozone","Rowan",35.551868,-80.395039
"8312",NA,36,"Rockwell","Ozone","Rowan",35.551868,-80.395039
"8313",NA,48,"Rockwell","Ozone","Rowan",35.551868,-80.395039
"8314",NA,40,"Rockwell","Ozone","Rowan",35.551868,-80.395039
"8315",NA,39,"Rockwell","Ozone","Rowan",35.551868,-80.395039
"8316",NA,42,"Rockwell","Ozone","Rowan",35.551868,-80.395039
"8317",NA,32,"Rockwell","Ozone","Rowan",35.551868,-80.395039
"8318",NA,39,"Rockwell","Ozone","Rowan",35.551868,-80.395039
"8319",NA,41,"Rockwell","Ozone","Rowan",35.551868,-80.395039
"8320",NA,45,"Rockwell","Ozone","Rowan",35.551868,-80.395039
"8321",NA,39,"Rockwell","Ozone","Rowan",35.551868,-80.395039
"8322",7-01-20,36,"Rockwell","Ozone","Rowan",35.551868,-80.395039
"8323",7-02-20,36,"Rockwell","Ozone","Rowan",35.551868,-80.395039
"8324",7-03-20,44,"Rockwell","Ozone","Rowan",35.551868,-80.395039
"8325",7-05-20,29,"Rockwell","Ozone","Rowan",35.551868,-80.395039
"8326",7-06-20,38,"Rockwell","Ozone","Rowan",35.551868,-80.395039
"8327",7-07-20,36,"Rockwell","Ozone","Rowan",35.551868,-80.395039
"8328",7-08-20,50,"Rockwell","Ozone","Rowan",35.551868,-80.395039
"8329",7-09-20,74,"Rockwell","Ozone","Rowan",35.551868,-80.395039
"8330",7-10-20,61,"Rockwell","Ozone","Rowan",35.551868,-80.395039
"8331",7-11-20,61,"Rockwell","Ozone","Rowan",35.551868,-80.395039
"8332",7-12-20,54,"Rockwell","Ozone","Rowan",35.551868,-80.395039
"8333",NA,49,"Rockwell","Ozone","Rowan",35.551868,-80.395039
"8334",NA,44,"Rockwell","Ozone","Rowan",35.551868,-80.395039
"8335",NA,48,"Rockwell","Ozone","Rowan",35.551868,-80.395039
"8336",NA,39,"Rockwell","Ozone","Rowan",35.551868,-80.395039
"8337",NA,46,"Rockwell","Ozone","Rowan",35.551868,-80.395039
"8338",NA,47,"Rockwell","Ozone","Rowan",35.551868,-80.395039
"8339",NA,44,"Rockwell","Ozone","Rowan",35.551868,-80.395039
"8340",NA,43,"Rockwell","Ozone","Rowan",35.551868,-80.395039
"8341",NA,48,"Rockwell","Ozone","Rowan",35.551868,-80.395039
"8342",NA,40,"Rockwell","Ozone","Rowan",35.551868,-80.395039
"8343",NA,30,"Rockwell","Ozone","Rowan",35.551868,-80.395039
"8344",NA,34,"Rockwell","Ozone","Rowan",35.551868,-80.395039
"8345",NA,35,"Rockwell","Ozone","Rowan",35.551868,-80.395039
"8346",NA,45,"Rockwell","Ozone","Rowan",35.551868,-80.395039
"8347",NA,67,"Rockwell","Ozone","Rowan",35.551868,-80.395039
"8348",NA,45,"Rockwell","Ozone","Rowan",35.551868,-80.395039
"8349",NA,39,"Rockwell","Ozone","Rowan",35.551868,-80.395039
"8350",NA,32,"Rockwell","Ozone","Rowan",35.551868,-80.395039
"8351",NA,25,"Rockwell","Ozone","Rowan",35.551868,-80.395039
"8352",8-01-20,28,"Rockwell","Ozone","Rowan",35.551868,-80.395039
"8353",8-02-20,28,"Rockwell","Ozone","Rowan",35.551868,-80.395039
"8354",8-03-20,23,"Rockwell","Ozone","Rowan",35.551868,-80.395039
"8355",8-04-20,35,"Rockwell","Ozone","Rowan",35.551868,-80.395039
"8356",8-05-20,38,"Rockwell","Ozone","Rowan",35.551868,-80.395039
"8357",8-06-20,44,"Rockwell","Ozone","Rowan",35.551868,-80.395039
"8358",8-07-20,49,"Rockwell","Ozone","Rowan",35.551868,-80.395039
"8359",8-08-20,48,"Rockwell","Ozone","Rowan",35.551868,-80.395039
"8360",8-09-20,44,"Rockwell","Ozone","Rowan",35.551868,-80.395039
"8361",8-10-20,49,"Rockwell","Ozone","Rowan",35.551868,-80.395039
"8362",8-11-20,37,"Rockwell","Ozone","Rowan",35.551868,-80.395039
"8363",8-12-20,39,"Rockwell","Ozone","Rowan",35.551868,-80.395039
"8364",NA,41,"Rockwell","Ozone","Rowan",35.551868,-80.395039
"8365",NA,46,"Rockwell","Ozone","Rowan",35.551868,-80.395039
"8366",NA,45,"Rockwell","Ozone","Rowan",35.551868,-80.395039
"8367",NA,64,"Rockwell","Ozone","Rowan",35.551868,-80.395039
"8368",NA,34,"Rockwell","Ozone","Rowan",35.551868,-80.395039
"8369",NA,27,"Rockwell","Ozone","Rowan",35.551868,-80.395039
"8370",NA,37,"Rockwell","Ozone","Rowan",35.551868,-80.395039
"8371",NA,47,"Rockwell","Ozone","Rowan",35.551868,-80.395039
"8372",NA,43,"Rockwell","Ozone","Rowan",35.551868,-80.395039
"8373",NA,45,"Rockwell","Ozone","Rowan",35.551868,-80.395039
"8374",NA,45,"Rockwell","Ozone","Rowan",35.551868,-80.395039
"8375",NA,54,"Rockwell","Ozone","Rowan",35.551868,-80.395039
"8376",NA,48,"Rockwell","Ozone","Rowan",35.551868,-80.395039
"8377",NA,47,"Rockwell","Ozone","Rowan",35.551868,-80.395039
"8378",NA,50,"Rockwell","Ozone","Rowan",35.551868,-80.395039
"8379",NA,42,"Rockwell","Ozone","Rowan",35.551868,-80.395039
"8380",9-01-20,34,"Rockwell","Ozone","Rowan",35.551868,-80.395039
"8381",9-02-20,24,"Rockwell","Ozone","Rowan",35.551868,-80.395039
"8382",9-03-20,29,"Rockwell","Ozone","Rowan",35.551868,-80.395039
"8383",9-04-20,33,"Rockwell","Ozone","Rowan",35.551868,-80.395039
"8384",9-05-20,37,"Rockwell","Ozone","Rowan",35.551868,-80.395039
"8385",9-06-20,36,"Rockwell","Ozone","Rowan",35.551868,-80.395039
"8386",9-07-20,42,"Rockwell","Ozone","Rowan",35.551868,-80.395039
"8387",9-08-20,38,"Rockwell","Ozone","Rowan",35.551868,-80.395039
"8388",9-09-20,19,"Rockwell","Ozone","Rowan",35.551868,-80.395039
"8389",9-10-20,20,"Rockwell","Ozone","Rowan",35.551868,-80.395039
"8390",NA,51,"Rockwell","Ozone","Rowan",35.551868,-80.395039
"8391",NA,45,"Rockwell","Ozone","Rowan",35.551868,-80.395039
"8392",NA,31,"Rockwell","Ozone","Rowan",35.551868,-80.395039
"8393",NA,20,"Rockwell","Ozone","Rowan",35.551868,-80.395039
"8394",NA,31,"Rockwell","Ozone","Rowan",35.551868,-80.395039
"8395",NA,38,"Rockwell","Ozone","Rowan",35.551868,-80.395039
"8396",NA,27,"Rockwell","Ozone","Rowan",35.551868,-80.395039
"8397",NA,25,"Rockwell","Ozone","Rowan",35.551868,-80.395039
"8398",NA,33,"Rockwell","Ozone","Rowan",35.551868,-80.395039
"8399",NA,32,"Rockwell","Ozone","Rowan",35.551868,-80.395039
"8400",10-01-20,40,"Rockwell","Ozone","Rowan",35.551868,-80.395039
"8401",10-02-20,58,"Rockwell","Ozone","Rowan",35.551868,-80.395039
"8402",10-03-20,42,"Rockwell","Ozone","Rowan",35.551868,-80.395039
"8403",10-04-20,44,"Rockwell","Ozone","Rowan",35.551868,-80.395039
"8404",10-05-20,45,"Rockwell","Ozone","Rowan",35.551868,-80.395039
"8405",10-06-20,34,"Rockwell","Ozone","Rowan",35.551868,-80.395039
"8406",10-07-20,37,"Rockwell","Ozone","Rowan",35.551868,-80.395039
"8407",10-08-20,31,"Rockwell","Ozone","Rowan",35.551868,-80.395039
"8408",10-12-20,38,"Rockwell","Ozone","Rowan",35.551868,-80.395039
"8409",NA,35,"Rockwell","Ozone","Rowan",35.551868,-80.395039
"8410",NA,22,"Rockwell","Ozone","Rowan",35.551868,-80.395039
"8411",NA,39,"Rockwell","Ozone","Rowan",35.551868,-80.395039
"8412",NA,31,"Rockwell","Ozone","Rowan",35.551868,-80.395039
"8413",NA,35,"Rockwell","Ozone","Rowan",35.551868,-80.395039
"8414",NA,42,"Rockwell","Ozone","Rowan",35.551868,-80.395039
"8415",NA,43,"Rockwell","Ozone","Rowan",35.551868,-80.395039
"8416",NA,33,"Rockwell","Ozone","Rowan",35.551868,-80.395039
"8417",NA,31,"Rockwell","Ozone","Rowan",35.551868,-80.395039
"8418",NA,35,"Rockwell","Ozone","Rowan",35.551868,-80.395039
"8419",NA,33,"Rockwell","Ozone","Rowan",35.551868,-80.395039
"8420",NA,38,"Rockwell","Ozone","Rowan",35.551868,-80.395039
"8421",NA,28,"Rockwell","Ozone","Rowan",35.551868,-80.395039
"8422",NA,26,"Rockwell","Ozone","Rowan",35.551868,-80.395039
"8423",NA,22,"Rockwell","Ozone","Rowan",35.551868,-80.395039
"8424",NA,38,"Rockwell","Ozone","Rowan",35.551868,-80.395039
"8425",NA,38,"Rockwell","Ozone","Rowan",35.551868,-80.395039
"8426",NA,37,"Rockwell","Ozone","Rowan",35.551868,-80.395039
"8427",NA,44,"Rockwell","Ozone","Rowan",35.551868,-80.395039
"8428",11-01-20,33,"Rockwell","Ozone","Rowan",35.551868,-80.395039
"8429",11-02-20,23,"Rockwell","Ozone","Rowan",35.551868,-80.395039
"8430",11-03-20,35,"Rockwell","Ozone","Rowan",35.551868,-80.395039
"8431",11-04-20,31,"Rockwell","Ozone","Rowan",35.551868,-80.395039
"8432",11-05-20,15,"Rockwell","Ozone","Rowan",35.551868,-80.395039
"8433",11-06-20,23,"Rockwell","Ozone","Rowan",35.551868,-80.395039
"8434",11-07-20,35,"Rockwell","Ozone","Rowan",35.551868,-80.395039
"8435",11-08-20,34,"Rockwell","Ozone","Rowan",35.551868,-80.395039
"8436",11-09-20,15,"Rockwell","Ozone","Rowan",35.551868,-80.395039
"8437",11-10-20,34,"Rockwell","Ozone","Rowan",35.551868,-80.395039
"8438",11-11-20,33,"Rockwell","Ozone","Rowan",35.551868,-80.395039
"8439",11-12-20,21,"Rockwell","Ozone","Rowan",35.551868,-80.395039
"8440",NA,19,"Rockwell","Ozone","Rowan",35.551868,-80.395039
"8441",NA,21,"Rockwell","Ozone","Rowan",35.551868,-80.395039
"8442",NA,23,"Rockwell","Ozone","Rowan",35.551868,-80.395039
"8443",NA,28,"Rockwell","Ozone","Rowan",35.551868,-80.395039
"8444",NA,35,"Rockwell","Ozone","Rowan",35.551868,-80.395039
"8445",NA,34,"Rockwell","Ozone","Rowan",35.551868,-80.395039
"8446",NA,35,"Rockwell","Ozone","Rowan",35.551868,-80.395039
"8447",NA,33,"Rockwell","Ozone","Rowan",35.551868,-80.395039
"8448",NA,29,"Rockwell","Ozone","Rowan",35.551868,-80.395039
"8449",NA,33,"Rockwell","Ozone","Rowan",35.551868,-80.395039
"8450",NA,31,"Rockwell","Ozone","Rowan",35.551868,-80.395039
"8451",NA,22,"Rockwell","Ozone","Rowan",35.551868,-80.395039
"8452",NA,26,"Rockwell","Ozone","Rowan",35.551868,-80.395039
"8453",NA,21,"Rockwell","Ozone","Rowan",35.551868,-80.395039
"8454",NA,27,"Rockwell","Ozone","Rowan",35.551868,-80.395039
"8455",NA,30,"Rockwell","Ozone","Rowan",35.551868,-80.395039
"8456",NA,27,"Rockwell","Ozone","Rowan",35.551868,-80.395039
"8457",NA,30,"Rockwell","Ozone","Rowan",35.551868,-80.395039
"8458",12-01-20,25,"Rockwell","Ozone","Rowan",35.551868,-80.395039
"8459",12-02-20,19,"Rockwell","Ozone","Rowan",35.551868,-80.395039
"8460",12-03-20,29,"Rockwell","Ozone","Rowan",35.551868,-80.395039
"8461",12-07-20,25,"Rockwell","Ozone","Rowan",35.551868,-80.395039
"8462",12-08-20,25,"Rockwell","Ozone","Rowan",35.551868,-80.395039
"8463",12-09-20,30,"Rockwell","Ozone","Rowan",35.551868,-80.395039
"8464",12-10-20,34,"Rockwell","Ozone","Rowan",35.551868,-80.395039
"8465",12-11-20,31,"Rockwell","Ozone","Rowan",35.551868,-80.395039
"8466",12-12-20,29,"Rockwell","Ozone","Rowan",35.551868,-80.395039
"8467",NA,20,"Rockwell","Ozone","Rowan",35.551868,-80.395039
"8468",NA,22,"Rockwell","Ozone","Rowan",35.551868,-80.395039
"8469",NA,18,"Rockwell","Ozone","Rowan",35.551868,-80.395039
"8470",NA,28,"Rockwell","Ozone","Rowan",35.551868,-80.395039
"8471",NA,35,"Rockwell","Ozone","Rowan",35.551868,-80.395039
"8472",NA,29,"Rockwell","Ozone","Rowan",35.551868,-80.395039
"8473",NA,25,"Rockwell","Ozone","Rowan",35.551868,-80.395039
"8474",NA,29,"Rockwell","Ozone","Rowan",35.551868,-80.395039
"8475",NA,31,"Rockwell","Ozone","Rowan",35.551868,-80.395039
"8476",NA,25,"Rockwell","Ozone","Rowan",35.551868,-80.395039
"8477",NA,28,"Rockwell","Ozone","Rowan",35.551868,-80.395039
"8478",NA,31,"Rockwell","Ozone","Rowan",35.551868,-80.395039
"8479",NA,32,"Rockwell","Ozone","Rowan",35.551868,-80.395039
"8480",NA,34,"Rockwell","Ozone","Rowan",35.551868,-80.395039
"8481",NA,22,"Rockwell","Ozone","Rowan",35.551868,-80.395039
"8482",NA,13,"Rockwell","Ozone","Rowan",35.551868,-80.395039
"8483",NA,24,"Rockwell","Ozone","Rowan",35.551868,-80.395039
"8484",NA,29,"Rockwell","Ozone","Rowan",35.551868,-80.395039
"8485",3-01-20,42,"Bryson City","Ozone","Swain",35.434767,-83.442133
"8486",3-02-20,44,"Bryson City","Ozone","Swain",35.434767,-83.442133
"8487",3-03-20,44,"Bryson City","Ozone","Swain",35.434767,-83.442133
"8488",3-04-20,42,"Bryson City","Ozone","Swain",35.434767,-83.442133
"8489",3-05-20,44,"Bryson City","Ozone","Swain",35.434767,-83.442133
"8490",3-06-20,38,"Bryson City","Ozone","Swain",35.434767,-83.442133
"8491",3-07-20,38,"Bryson City","Ozone","Swain",35.434767,-83.442133
"8492",3-08-20,39,"Bryson City","Ozone","Swain",35.434767,-83.442133
"8493",3-09-20,44,"Bryson City","Ozone","Swain",35.434767,-83.442133
"8494",3-10-20,31,"Bryson City","Ozone","Swain",35.434767,-83.442133
"8495",3-11-20,33,"Bryson City","Ozone","Swain",35.434767,-83.442133
"8496",3-12-20,44,"Bryson City","Ozone","Swain",35.434767,-83.442133
"8497",NA,43,"Bryson City","Ozone","Swain",35.434767,-83.442133
"8498",NA,44,"Bryson City","Ozone","Swain",35.434767,-83.442133
"8499",NA,61,"Bryson City","Ozone","Swain",35.434767,-83.442133
"8500",NA,64,"Bryson City","Ozone","Swain",35.434767,-83.442133
"8501",NA,44,"Bryson City","Ozone","Swain",35.434767,-83.442133
"8502",NA,41,"Bryson City","Ozone","Swain",35.434767,-83.442133
"8503",NA,37,"Bryson City","Ozone","Swain",35.434767,-83.442133
"8504",NA,36,"Bryson City","Ozone","Swain",35.434767,-83.442133
"8505",NA,35,"Bryson City","Ozone","Swain",35.434767,-83.442133
"8506",NA,44,"Bryson City","Ozone","Swain",35.434767,-83.442133
"8507",NA,43,"Bryson City","Ozone","Swain",35.434767,-83.442133
"8508",NA,31,"Bryson City","Ozone","Swain",35.434767,-83.442133
"8509",NA,42,"Bryson City","Ozone","Swain",35.434767,-83.442133
"8510",NA,44,"Bryson City","Ozone","Swain",35.434767,-83.442133
"8511",NA,35,"Bryson City","Ozone","Swain",35.434767,-83.442133
"8512",NA,35,"Bryson City","Ozone","Swain",35.434767,-83.442133
"8513",NA,44,"Bryson City","Ozone","Swain",35.434767,-83.442133
"8514",NA,39,"Bryson City","Ozone","Swain",35.434767,-83.442133
"8515",NA,44,"Bryson City","Ozone","Swain",35.434767,-83.442133
"8516",4-01-20,44,"Bryson City","Ozone","Swain",35.434767,-83.442133
"8517",4-02-20,44,"Bryson City","Ozone","Swain",35.434767,-83.442133
"8518",4-03-20,40,"Bryson City","Ozone","Swain",35.434767,-83.442133
"8519",4-04-20,43,"Bryson City","Ozone","Swain",35.434767,-83.442133
"8520",4-05-20,46,"Bryson City","Ozone","Swain",35.434767,-83.442133
"8521",4-06-20,33,"Bryson City","Ozone","Swain",35.434767,-83.442133
"8522",4-07-20,33,"Bryson City","Ozone","Swain",35.434767,-83.442133
"8523",4-08-20,42,"Bryson City","Ozone","Swain",35.434767,-83.442133
"8524",4-09-20,34,"Bryson City","Ozone","Swain",35.434767,-83.442133
"8525",4-10-20,44,"Bryson City","Ozone","Swain",35.434767,-83.442133
"8526",4-11-20,41,"Bryson City","Ozone","Swain",35.434767,-83.442133
"8527",4-12-20,54,"Bryson City","Ozone","Swain",35.434767,-83.442133
"8528",NA,64,"Bryson City","Ozone","Swain",35.434767,-83.442133
"8529",NA,44,"Bryson City","Ozone","Swain",35.434767,-83.442133
"8530",NA,36,"Bryson City","Ozone","Swain",35.434767,-83.442133
"8531",NA,40,"Bryson City","Ozone","Swain",35.434767,-83.442133
"8532",NA,51,"Bryson City","Ozone","Swain",35.434767,-83.442133
"8533",NA,54,"Bryson City","Ozone","Swain",35.434767,-83.442133
"8534",NA,41,"Bryson City","Ozone","Swain",35.434767,-83.442133
"8535",NA,50,"Bryson City","Ozone","Swain",35.434767,-83.442133
"8536",NA,67,"Bryson City","Ozone","Swain",35.434767,-83.442133
"8537",NA,44,"Bryson City","Ozone","Swain",35.434767,-83.442133
"8538",NA,43,"Bryson City","Ozone","Swain",35.434767,-83.442133
"8539",NA,33,"Bryson City","Ozone","Swain",35.434767,-83.442133
"8540",NA,37,"Bryson City","Ozone","Swain",35.434767,-83.442133
"8541",NA,25,"Bryson City","Ozone","Swain",35.434767,-83.442133
"8542",NA,51,"Bryson City","Ozone","Swain",35.434767,-83.442133
"8543",NA,64,"Bryson City","Ozone","Swain",35.434767,-83.442133
"8544",NA,49,"Bryson City","Ozone","Swain",35.434767,-83.442133
"8545",NA,45,"Bryson City","Ozone","Swain",35.434767,-83.442133
"8546",5-01-20,71,"Bryson City","Ozone","Swain",35.434767,-83.442133
"8547",5-02-20,50,"Bryson City","Ozone","Swain",35.434767,-83.442133
"8548",5-03-20,49,"Bryson City","Ozone","Swain",35.434767,-83.442133
"8549",5-04-20,42,"Bryson City","Ozone","Swain",35.434767,-83.442133
"8550",5-05-20,28,"Bryson City","Ozone","Swain",35.434767,-83.442133
"8551",5-06-20,51,"Bryson City","Ozone","Swain",35.434767,-83.442133
"8552",5-08-20,46,"Bryson City","Ozone","Swain",35.434767,-83.442133
"8553",5-09-20,47,"Bryson City","Ozone","Swain",35.434767,-83.442133
"8554",5-10-20,46,"Bryson City","Ozone","Swain",35.434767,-83.442133
"8555",5-11-20,49,"Bryson City","Ozone","Swain",35.434767,-83.442133
"8556",5-12-20,48,"Bryson City","Ozone","Swain",35.434767,-83.442133
"8557",NA,44,"Bryson City","Ozone","Swain",35.434767,-83.442133
"8558",NA,39,"Bryson City","Ozone","Swain",35.434767,-83.442133
"8559",NA,26,"Bryson City","Ozone","Swain",35.434767,-83.442133
"8560",NA,23,"Bryson City","Ozone","Swain",35.434767,-83.442133
"8561",NA,22,"Bryson City","Ozone","Swain",35.434767,-83.442133
"8562",NA,31,"Bryson City","Ozone","Swain",35.434767,-83.442133
"8563",NA,37,"Bryson City","Ozone","Swain",35.434767,-83.442133
"8564",NA,32,"Bryson City","Ozone","Swain",35.434767,-83.442133
"8565",NA,29,"Bryson City","Ozone","Swain",35.434767,-83.442133
"8566",NA,25,"Bryson City","Ozone","Swain",35.434767,-83.442133
"8567",NA,36,"Bryson City","Ozone","Swain",35.434767,-83.442133
"8568",NA,37,"Bryson City","Ozone","Swain",35.434767,-83.442133
"8569",NA,26,"Bryson City","Ozone","Swain",35.434767,-83.442133
"8570",NA,29,"Bryson City","Ozone","Swain",35.434767,-83.442133
"8571",NA,23,"Bryson City","Ozone","Swain",35.434767,-83.442133
"8572",NA,13,"Bryson City","Ozone","Swain",35.434767,-83.442133
"8573",NA,19,"Bryson City","Ozone","Swain",35.434767,-83.442133
"8574",NA,29,"Bryson City","Ozone","Swain",35.434767,-83.442133
"8575",NA,31,"Bryson City","Ozone","Swain",35.434767,-83.442133
"8576",6-01-20,44,"Bryson City","Ozone","Swain",35.434767,-83.442133
"8577",6-02-20,39,"Bryson City","Ozone","Swain",35.434767,-83.442133
"8578",6-03-20,42,"Bryson City","Ozone","Swain",35.434767,-83.442133
"8579",6-04-20,58,"Bryson City","Ozone","Swain",35.434767,-83.442133
"8580",6-05-20,46,"Bryson City","Ozone","Swain",35.434767,-83.442133
"8581",6-06-20,58,"Bryson City","Ozone","Swain",35.434767,-83.442133
"8582",6-07-20,61,"Bryson City","Ozone","Swain",35.434767,-83.442133
"8583",6-08-20,43,"Bryson City","Ozone","Swain",35.434767,-83.442133
"8584",6-09-20,38,"Bryson City","Ozone","Swain",35.434767,-83.442133
"8585",6-10-20,41,"Bryson City","Ozone","Swain",35.434767,-83.442133
"8586",6-11-20,38,"Bryson City","Ozone","Swain",35.434767,-83.442133
"8587",6-12-20,37,"Bryson City","Ozone","Swain",35.434767,-83.442133
"8588",NA,29,"Bryson City","Ozone","Swain",35.434767,-83.442133
"8589",NA,43,"Bryson City","Ozone","Swain",35.434767,-83.442133
"8590",NA,45,"Bryson City","Ozone","Swain",35.434767,-83.442133
"8591",NA,40,"Bryson City","Ozone","Swain",35.434767,-83.442133
"8592",NA,35,"Bryson City","Ozone","Swain",35.434767,-83.442133
"8593",NA,32,"Bryson City","Ozone","Swain",35.434767,-83.442133
"8594",NA,39,"Bryson City","Ozone","Swain",35.434767,-83.442133
"8595",NA,27,"Bryson City","Ozone","Swain",35.434767,-83.442133
"8596",NA,19,"Bryson City","Ozone","Swain",35.434767,-83.442133
"8597",NA,38,"Bryson City","Ozone","Swain",35.434767,-83.442133
"8598",NA,37,"Bryson City","Ozone","Swain",35.434767,-83.442133
"8599",NA,24,"Bryson City","Ozone","Swain",35.434767,-83.442133
"8600",NA,25,"Bryson City","Ozone","Swain",35.434767,-83.442133
"8601",NA,22,"Bryson City","Ozone","Swain",35.434767,-83.442133
"8602",NA,30,"Bryson City","Ozone","Swain",35.434767,-83.442133
"8603",NA,31,"Bryson City","Ozone","Swain",35.434767,-83.442133
"8604",NA,34,"Bryson City","Ozone","Swain",35.434767,-83.442133
"8605",NA,39,"Bryson City","Ozone","Swain",35.434767,-83.442133
"8606",7-01-20,27,"Bryson City","Ozone","Swain",35.434767,-83.442133
"8607",7-02-20,29,"Bryson City","Ozone","Swain",35.434767,-83.442133
"8608",7-03-20,31,"Bryson City","Ozone","Swain",35.434767,-83.442133
"8609",7-04-20,40,"Bryson City","Ozone","Swain",35.434767,-83.442133
"8610",7-05-20,29,"Bryson City","Ozone","Swain",35.434767,-83.442133
"8611",7-06-20,26,"Bryson City","Ozone","Swain",35.434767,-83.442133
"8612",7-07-20,28,"Bryson City","Ozone","Swain",35.434767,-83.442133
"8613",7-08-20,32,"Bryson City","Ozone","Swain",35.434767,-83.442133
"8614",7-09-20,37,"Bryson City","Ozone","Swain",35.434767,-83.442133
"8615",7-10-20,38,"Bryson City","Ozone","Swain",35.434767,-83.442133
"8616",7-11-20,37,"Bryson City","Ozone","Swain",35.434767,-83.442133
"8617",7-12-20,38,"Bryson City","Ozone","Swain",35.434767,-83.442133
"8618",NA,37,"Bryson City","Ozone","Swain",35.434767,-83.442133
"8619",NA,39,"Bryson City","Ozone","Swain",35.434767,-83.442133
"8620",NA,33,"Bryson City","Ozone","Swain",35.434767,-83.442133
"8621",NA,30,"Bryson City","Ozone","Swain",35.434767,-83.442133
"8622",NA,5,"Bryson City","Ozone","Swain",35.434767,-83.442133
"8623",NA,43,"Bryson City","Ozone","Swain",35.434767,-83.442133
"8624",NA,37,"Bryson City","Ozone","Swain",35.434767,-83.442133
"8625",NA,40,"Bryson City","Ozone","Swain",35.434767,-83.442133
"8626",NA,44,"Bryson City","Ozone","Swain",35.434767,-83.442133
"8627",NA,37,"Bryson City","Ozone","Swain",35.434767,-83.442133
"8628",NA,36,"Bryson City","Ozone","Swain",35.434767,-83.442133
"8629",NA,31,"Bryson City","Ozone","Swain",35.434767,-83.442133
"8630",NA,35,"Bryson City","Ozone","Swain",35.434767,-83.442133
"8631",NA,40,"Bryson City","Ozone","Swain",35.434767,-83.442133
"8632",NA,42,"Bryson City","Ozone","Swain",35.434767,-83.442133
"8633",NA,40,"Bryson City","Ozone","Swain",35.434767,-83.442133
"8634",NA,40,"Bryson City","Ozone","Swain",35.434767,-83.442133
"8635",NA,41,"Bryson City","Ozone","Swain",35.434767,-83.442133
"8636",NA,31,"Bryson City","Ozone","Swain",35.434767,-83.442133
"8637",8-01-20,31,"Bryson City","Ozone","Swain",35.434767,-83.442133
"8638",8-02-20,23,"Bryson City","Ozone","Swain",35.434767,-83.442133
"8639",8-03-20,25,"Bryson City","Ozone","Swain",35.434767,-83.442133
"8640",8-04-20,27,"Bryson City","Ozone","Swain",35.434767,-83.442133
"8641",8-05-20,29,"Bryson City","Ozone","Swain",35.434767,-83.442133
"8642",8-06-20,24,"Bryson City","Ozone","Swain",35.434767,-83.442133
"8643",8-07-20,26,"Bryson City","Ozone","Swain",35.434767,-83.442133
"8644",8-08-20,26,"Bryson City","Ozone","Swain",35.434767,-83.442133
"8645",8-09-20,32,"Bryson City","Ozone","Swain",35.434767,-83.442133
"8646",8-10-20,28,"Bryson City","Ozone","Swain",35.434767,-83.442133
"8647",8-11-20,31,"Bryson City","Ozone","Swain",35.434767,-83.442133
"8648",8-12-20,36,"Bryson City","Ozone","Swain",35.434767,-83.442133
"8649",NA,31,"Bryson City","Ozone","Swain",35.434767,-83.442133
"8650",NA,34,"Bryson City","Ozone","Swain",35.434767,-83.442133
"8651",NA,28,"Bryson City","Ozone","Swain",35.434767,-83.442133
"8652",NA,37,"Bryson City","Ozone","Swain",35.434767,-83.442133
"8653",NA,28,"Bryson City","Ozone","Swain",35.434767,-83.442133
"8654",NA,27,"Bryson City","Ozone","Swain",35.434767,-83.442133
"8655",NA,30,"Bryson City","Ozone","Swain",35.434767,-83.442133
"8656",NA,31,"Bryson City","Ozone","Swain",35.434767,-83.442133
"8657",NA,31,"Bryson City","Ozone","Swain",35.434767,-83.442133
"8658",NA,34,"Bryson City","Ozone","Swain",35.434767,-83.442133
"8659",NA,40,"Bryson City","Ozone","Swain",35.434767,-83.442133
"8660",NA,36,"Bryson City","Ozone","Swain",35.434767,-83.442133
"8661",NA,36,"Bryson City","Ozone","Swain",35.434767,-83.442133
"8662",NA,33,"Bryson City","Ozone","Swain",35.434767,-83.442133
"8663",NA,30,"Bryson City","Ozone","Swain",35.434767,-83.442133
"8664",NA,36,"Bryson City","Ozone","Swain",35.434767,-83.442133
"8665",NA,39,"Bryson City","Ozone","Swain",35.434767,-83.442133
"8666",NA,29,"Bryson City","Ozone","Swain",35.434767,-83.442133
"8667",NA,27,"Bryson City","Ozone","Swain",35.434767,-83.442133
"8668",9-01-20,29,"Bryson City","Ozone","Swain",35.434767,-83.442133
"8669",9-02-20,24,"Bryson City","Ozone","Swain",35.434767,-83.442133
"8670",9-03-20,25,"Bryson City","Ozone","Swain",35.434767,-83.442133
"8671",9-04-20,28,"Bryson City","Ozone","Swain",35.434767,-83.442133
"8672",9-05-20,25,"Bryson City","Ozone","Swain",35.434767,-83.442133
"8673",9-06-20,26,"Bryson City","Ozone","Swain",35.434767,-83.442133
"8674",9-07-20,30,"Bryson City","Ozone","Swain",35.434767,-83.442133
"8675",9-08-20,28,"Bryson City","Ozone","Swain",35.434767,-83.442133
"8676",9-09-20,24,"Bryson City","Ozone","Swain",35.434767,-83.442133
"8677",9-10-20,17,"Bryson City","Ozone","Swain",35.434767,-83.442133
"8678",9-11-20,24,"Bryson City","Ozone","Swain",35.434767,-83.442133
"8679",9-12-20,24,"Bryson City","Ozone","Swain",35.434767,-83.442133
"8680",NA,24,"Bryson City","Ozone","Swain",35.434767,-83.442133
"8681",NA,23,"Bryson City","Ozone","Swain",35.434767,-83.442133
"8682",NA,21,"Bryson City","Ozone","Swain",35.434767,-83.442133
"8683",NA,12,"Bryson City","Ozone","Swain",35.434767,-83.442133
"8684",NA,21,"Bryson City","Ozone","Swain",35.434767,-83.442133
"8685",NA,27,"Bryson City","Ozone","Swain",35.434767,-83.442133
"8686",NA,34,"Bryson City","Ozone","Swain",35.434767,-83.442133
"8687",NA,35,"Bryson City","Ozone","Swain",35.434767,-83.442133
"8688",NA,36,"Bryson City","Ozone","Swain",35.434767,-83.442133
"8689",NA,34,"Bryson City","Ozone","Swain",35.434767,-83.442133
"8690",NA,31,"Bryson City","Ozone","Swain",35.434767,-83.442133
"8691",NA,24,"Bryson City","Ozone","Swain",35.434767,-83.442133
"8692",NA,22,"Bryson City","Ozone","Swain",35.434767,-83.442133
"8693",NA,16,"Bryson City","Ozone","Swain",35.434767,-83.442133
"8694",NA,13,"Bryson City","Ozone","Swain",35.434767,-83.442133
"8695",NA,27,"Bryson City","Ozone","Swain",35.434767,-83.442133
"8696",NA,29,"Bryson City","Ozone","Swain",35.434767,-83.442133
"8697",NA,29,"Bryson City","Ozone","Swain",35.434767,-83.442133
"8698",10-01-20,28,"Bryson City","Ozone","Swain",35.434767,-83.442133
"8699",10-02-20,32,"Bryson City","Ozone","Swain",35.434767,-83.442133
"8700",10-03-20,28,"Bryson City","Ozone","Swain",35.434767,-83.442133
"8701",10-04-20,31,"Bryson City","Ozone","Swain",35.434767,-83.442133
"8702",10-05-20,27,"Bryson City","Ozone","Swain",35.434767,-83.442133
"8703",10-06-20,32,"Bryson City","Ozone","Swain",35.434767,-83.442133
"8704",10-07-20,29,"Bryson City","Ozone","Swain",35.434767,-83.442133
"8705",10-08-20,32,"Bryson City","Ozone","Swain",35.434767,-83.442133
"8706",10-09-20,37,"Bryson City","Ozone","Swain",35.434767,-83.442133
"8707",10-10-20,19,"Bryson City","Ozone","Swain",35.434767,-83.442133
"8708",10-11-20,34,"Bryson City","Ozone","Swain",35.434767,-83.442133
"8709",10-12-20,34,"Bryson City","Ozone","Swain",35.434767,-83.442133
"8710",NA,33,"Bryson City","Ozone","Swain",35.434767,-83.442133
"8711",NA,29,"Bryson City","Ozone","Swain",35.434767,-83.442133
"8712",NA,30,"Bryson City","Ozone","Swain",35.434767,-83.442133
"8713",NA,21,"Bryson City","Ozone","Swain",35.434767,-83.442133
"8714",NA,30,"Bryson City","Ozone","Swain",35.434767,-83.442133
"8715",NA,32,"Bryson City","Ozone","Swain",35.434767,-83.442133
"8716",NA,32,"Bryson City","Ozone","Swain",35.434767,-83.442133
"8717",NA,36,"Bryson City","Ozone","Swain",35.434767,-83.442133
"8718",NA,32,"Bryson City","Ozone","Swain",35.434767,-83.442133
"8719",NA,26,"Bryson City","Ozone","Swain",35.434767,-83.442133
"8720",NA,33,"Bryson City","Ozone","Swain",35.434767,-83.442133
"8721",NA,31,"Bryson City","Ozone","Swain",35.434767,-83.442133
"8722",NA,31,"Bryson City","Ozone","Swain",35.434767,-83.442133
"8723",NA,28,"Bryson City","Ozone","Swain",35.434767,-83.442133
"8724",NA,31,"Bryson City","Ozone","Swain",35.434767,-83.442133
"8725",NA,39,"Bryson City","Ozone","Swain",35.434767,-83.442133
"8726",NA,38,"Bryson City","Ozone","Swain",35.434767,-83.442133
"8727",NA,31,"Bryson City","Ozone","Swain",35.434767,-83.442133
"8728",NA,35,"Bryson City","Ozone","Swain",35.434767,-83.442133
"8729",3-01-20,34,"","Ozone","Swain",35.498711,-83.310242
"8730",3-02-20,43,"","Ozone","Swain",35.498711,-83.310242
"8731",3-03-20,42,"","Ozone","Swain",35.498711,-83.310242
"8732",3-04-20,40,"","Ozone","Swain",35.498711,-83.310242
"8733",3-05-20,42,"","Ozone","Swain",35.498711,-83.310242
"8734",3-06-20,35,"","Ozone","Swain",35.498711,-83.310242
"8735",3-07-20,37,"","Ozone","Swain",35.498711,-83.310242
"8736",3-08-20,39,"","Ozone","Swain",35.498711,-83.310242
"8737",3-09-20,43,"","Ozone","Swain",35.498711,-83.310242
"8738",3-10-20,32,"","Ozone","Swain",35.498711,-83.310242
"8739",3-11-20,33,"","Ozone","Swain",35.498711,-83.310242
"8740",3-12-20,43,"","Ozone","Swain",35.498711,-83.310242
"8741",NA,42,"","Ozone","Swain",35.498711,-83.310242
"8742",NA,42,"","Ozone","Swain",35.498711,-83.310242
"8743",NA,51,"","Ozone","Swain",35.498711,-83.310242
"8744",NA,61,"","Ozone","Swain",35.498711,-83.310242
"8745",NA,44,"","Ozone","Swain",35.498711,-83.310242
"8746",NA,42,"","Ozone","Swain",35.498711,-83.310242
"8747",NA,38,"","Ozone","Swain",35.498711,-83.310242
"8748",NA,39,"","Ozone","Swain",35.498711,-83.310242
"8749",NA,36,"","Ozone","Swain",35.498711,-83.310242
"8750",NA,43,"","Ozone","Swain",35.498711,-83.310242
"8751",NA,44,"","Ozone","Swain",35.498711,-83.310242
"8752",NA,32,"","Ozone","Swain",35.498711,-83.310242
"8753",NA,42,"","Ozone","Swain",35.498711,-83.310242
"8754",NA,44,"","Ozone","Swain",35.498711,-83.310242
"8755",NA,34,"","Ozone","Swain",35.498711,-83.310242
"8756",NA,38,"","Ozone","Swain",35.498711,-83.310242
"8757",NA,45,"","Ozone","Swain",35.498711,-83.310242
"8758",NA,39,"","Ozone","Swain",35.498711,-83.310242
"8759",NA,44,"","Ozone","Swain",35.498711,-83.310242
"8760",4-01-20,45,"","Ozone","Swain",35.498711,-83.310242
"8761",4-02-20,45,"","Ozone","Swain",35.498711,-83.310242
"8762",4-03-20,42,"","Ozone","Swain",35.498711,-83.310242
"8763",4-04-20,42,"","Ozone","Swain",35.498711,-83.310242
"8764",4-05-20,46,"","Ozone","Swain",35.498711,-83.310242
"8765",4-06-20,39,"","Ozone","Swain",35.498711,-83.310242
"8766",4-07-20,36,"","Ozone","Swain",35.498711,-83.310242
"8767",4-08-20,42,"","Ozone","Swain",35.498711,-83.310242
"8768",4-09-20,34,"","Ozone","Swain",35.498711,-83.310242
"8769",4-10-20,43,"","Ozone","Swain",35.498711,-83.310242
"8770",4-11-20,40,"","Ozone","Swain",35.498711,-83.310242
"8771",4-12-20,67,"","Ozone","Swain",35.498711,-83.310242
"8772",NA,71,"","Ozone","Swain",35.498711,-83.310242
"8773",NA,44,"","Ozone","Swain",35.498711,-83.310242
"8774",NA,35,"","Ozone","Swain",35.498711,-83.310242
"8775",NA,38,"","Ozone","Swain",35.498711,-83.310242
"8776",NA,51,"","Ozone","Swain",35.498711,-83.310242
"8777",NA,61,"","Ozone","Swain",35.498711,-83.310242
"8778",NA,42,"","Ozone","Swain",35.498711,-83.310242
"8779",NA,51,"","Ozone","Swain",35.498711,-83.310242
"8780",NA,71,"","Ozone","Swain",35.498711,-83.310242
"8781",NA,39,"","Ozone","Swain",35.498711,-83.310242
"8782",NA,39,"","Ozone","Swain",35.498711,-83.310242
"8783",NA,41,"","Ozone","Swain",35.498711,-83.310242
"8784",NA,30,"","Ozone","Swain",35.498711,-83.310242
"8785",NA,64,"","Ozone","Swain",35.498711,-83.310242
"8786",NA,74,"","Ozone","Swain",35.498711,-83.310242
"8787",NA,50,"","Ozone","Swain",35.498711,-83.310242
"8788",NA,48,"","Ozone","Swain",35.498711,-83.310242
"8789",5-01-20,80,"","Ozone","Swain",35.498711,-83.310242
"8790",5-02-20,64,"","Ozone","Swain",35.498711,-83.310242
"8791",5-03-20,64,"","Ozone","Swain",35.498711,-83.310242
"8792",5-04-20,46,"","Ozone","Swain",35.498711,-83.310242
"8793",5-05-20,40,"","Ozone","Swain",35.498711,-83.310242
"8794",5-06-20,54,"","Ozone","Swain",35.498711,-83.310242
"8795",5-07-20,51,"","Ozone","Swain",35.498711,-83.310242
"8796",5-08-20,47,"","Ozone","Swain",35.498711,-83.310242
"8797",5-09-20,48,"","Ozone","Swain",35.498711,-83.310242
"8798",5-10-20,54,"","Ozone","Swain",35.498711,-83.310242
"8799",5-11-20,43,"","Ozone","Swain",35.498711,-83.310242
"8800",5-12-20,49,"","Ozone","Swain",35.498711,-83.310242
"8801",NA,47,"","Ozone","Swain",35.498711,-83.310242
"8802",NA,44,"","Ozone","Swain",35.498711,-83.310242
"8803",NA,30,"","Ozone","Swain",35.498711,-83.310242
"8804",NA,21,"","Ozone","Swain",35.498711,-83.310242
"8805",NA,31,"","Ozone","Swain",35.498711,-83.310242
"8806",NA,28,"","Ozone","Swain",35.498711,-83.310242
"8807",NA,38,"","Ozone","Swain",35.498711,-83.310242
"8808",NA,33,"","Ozone","Swain",35.498711,-83.310242
"8809",NA,35,"","Ozone","Swain",35.498711,-83.310242
"8810",NA,26,"","Ozone","Swain",35.498711,-83.310242
"8811",NA,37,"","Ozone","Swain",35.498711,-83.310242
"8812",NA,44,"","Ozone","Swain",35.498711,-83.310242
"8813",NA,33,"","Ozone","Swain",35.498711,-83.310242
"8814",NA,33,"","Ozone","Swain",35.498711,-83.310242
"8815",NA,29,"","Ozone","Swain",35.498711,-83.310242
"8816",NA,14,"","Ozone","Swain",35.498711,-83.310242
"8817",NA,15,"","Ozone","Swain",35.498711,-83.310242
"8818",NA,31,"","Ozone","Swain",35.498711,-83.310242
"8819",NA,31,"","Ozone","Swain",35.498711,-83.310242
"8820",6-01-20,44,"","Ozone","Swain",35.498711,-83.310242
"8821",6-02-20,34,"","Ozone","Swain",35.498711,-83.310242
"8822",6-03-20,38,"","Ozone","Swain",35.498711,-83.310242
"8823",6-04-20,67,"","Ozone","Swain",35.498711,-83.310242
"8824",6-05-20,46,"","Ozone","Swain",35.498711,-83.310242
"8825",6-06-20,45,"","Ozone","Swain",35.498711,-83.310242
"8826",6-07-20,71,"","Ozone","Swain",35.498711,-83.310242
"8827",6-08-20,46,"","Ozone","Swain",35.498711,-83.310242
"8828",6-09-20,36,"","Ozone","Swain",35.498711,-83.310242
"8829",6-10-20,38,"","Ozone","Swain",35.498711,-83.310242
"8830",6-11-20,31,"","Ozone","Swain",35.498711,-83.310242
"8831",6-12-20,39,"","Ozone","Swain",35.498711,-83.310242
"8832",NA,29,"","Ozone","Swain",35.498711,-83.310242
"8833",NA,42,"","Ozone","Swain",35.498711,-83.310242
"8834",NA,45,"","Ozone","Swain",35.498711,-83.310242
"8835",NA,43,"","Ozone","Swain",35.498711,-83.310242
"8836",NA,37,"","Ozone","Swain",35.498711,-83.310242
"8837",NA,35,"","Ozone","Swain",35.498711,-83.310242
"8838",NA,31,"","Ozone","Swain",35.498711,-83.310242
"8839",NA,22,"","Ozone","Swain",35.498711,-83.310242
"8840",NA,20,"","Ozone","Swain",35.498711,-83.310242
"8841",NA,40,"","Ozone","Swain",35.498711,-83.310242
"8842",NA,39,"","Ozone","Swain",35.498711,-83.310242
"8843",NA,30,"","Ozone","Swain",35.498711,-83.310242
"8844",NA,28,"","Ozone","Swain",35.498711,-83.310242
"8845",NA,20,"","Ozone","Swain",35.498711,-83.310242
"8846",NA,22,"","Ozone","Swain",35.498711,-83.310242
"8847",NA,29,"","Ozone","Swain",35.498711,-83.310242
"8848",NA,37,"","Ozone","Swain",35.498711,-83.310242
"8849",NA,41,"","Ozone","Swain",35.498711,-83.310242
"8850",7-01-20,31,"","Ozone","Swain",35.498711,-83.310242
"8851",7-02-20,33,"","Ozone","Swain",35.498711,-83.310242
"8852",7-03-20,31,"","Ozone","Swain",35.498711,-83.310242
"8853",7-04-20,43,"","Ozone","Swain",35.498711,-83.310242
"8854",7-05-20,31,"","Ozone","Swain",35.498711,-83.310242
"8855",7-06-20,27,"","Ozone","Swain",35.498711,-83.310242
"8856",7-07-20,25,"","Ozone","Swain",35.498711,-83.310242
"8857",7-08-20,34,"","Ozone","Swain",35.498711,-83.310242
"8858",7-09-20,38,"","Ozone","Swain",35.498711,-83.310242
"8859",7-10-20,38,"","Ozone","Swain",35.498711,-83.310242
"8860",7-11-20,34,"","Ozone","Swain",35.498711,-83.310242
"8861",7-12-20,33,"","Ozone","Swain",35.498711,-83.310242
"8862",NA,41,"","Ozone","Swain",35.498711,-83.310242
"8863",NA,43,"","Ozone","Swain",35.498711,-83.310242
"8864",NA,32,"","Ozone","Swain",35.498711,-83.310242
"8865",NA,29,"","Ozone","Swain",35.498711,-83.310242
"8866",NA,27,"","Ozone","Swain",35.498711,-83.310242
"8867",NA,31,"","Ozone","Swain",35.498711,-83.310242
"8868",NA,44,"","Ozone","Swain",35.498711,-83.310242
"8869",NA,43,"","Ozone","Swain",35.498711,-83.310242
"8870",NA,44,"","Ozone","Swain",35.498711,-83.310242
"8871",NA,31,"","Ozone","Swain",35.498711,-83.310242
"8872",NA,35,"","Ozone","Swain",35.498711,-83.310242
"8873",NA,44,"","Ozone","Swain",35.498711,-83.310242
"8874",NA,38,"","Ozone","Swain",35.498711,-83.310242
"8875",NA,42,"","Ozone","Swain",35.498711,-83.310242
"8876",NA,42,"","Ozone","Swain",35.498711,-83.310242
"8877",NA,30,"","Ozone","Swain",35.498711,-83.310242
"8878",8-01-20,29,"","Ozone","Swain",35.498711,-83.310242
"8879",8-02-20,23,"","Ozone","Swain",35.498711,-83.310242
"8880",8-03-20,21,"","Ozone","Swain",35.498711,-83.310242
"8881",8-04-20,23,"","Ozone","Swain",35.498711,-83.310242
"8882",8-05-20,25,"","Ozone","Swain",35.498711,-83.310242
"8883",8-06-20,19,"","Ozone","Swain",35.498711,-83.310242
"8884",8-07-20,19,"","Ozone","Swain",35.498711,-83.310242
"8885",8-08-20,27,"","Ozone","Swain",35.498711,-83.310242
"8886",8-09-20,26,"","Ozone","Swain",35.498711,-83.310242
"8887",8-11-20,29,"","Ozone","Swain",35.498711,-83.310242
"8888",8-12-20,29,"","Ozone","Swain",35.498711,-83.310242
"8889",NA,28,"","Ozone","Swain",35.498711,-83.310242
"8890",NA,31,"","Ozone","Swain",35.498711,-83.310242
"8891",NA,27,"","Ozone","Swain",35.498711,-83.310242
"8892",NA,36,"","Ozone","Swain",35.498711,-83.310242
"8893",NA,29,"","Ozone","Swain",35.498711,-83.310242
"8894",NA,27,"","Ozone","Swain",35.498711,-83.310242
"8895",NA,31,"","Ozone","Swain",35.498711,-83.310242
"8896",NA,33,"","Ozone","Swain",35.498711,-83.310242
"8897",NA,31,"","Ozone","Swain",35.498711,-83.310242
"8898",NA,31,"","Ozone","Swain",35.498711,-83.310242
"8899",NA,39,"","Ozone","Swain",35.498711,-83.310242
"8900",NA,35,"","Ozone","Swain",35.498711,-83.310242
"8901",NA,35,"","Ozone","Swain",35.498711,-83.310242
"8902",NA,32,"","Ozone","Swain",35.498711,-83.310242
"8903",NA,32,"","Ozone","Swain",35.498711,-83.310242
"8904",NA,34,"","Ozone","Swain",35.498711,-83.310242
"8905",NA,35,"","Ozone","Swain",35.498711,-83.310242
"8906",NA,32,"","Ozone","Swain",35.498711,-83.310242
"8907",NA,27,"","Ozone","Swain",35.498711,-83.310242
"8908",9-01-20,27,"","Ozone","Swain",35.498711,-83.310242
"8909",9-02-20,23,"","Ozone","Swain",35.498711,-83.310242
"8910",9-03-20,19,"","Ozone","Swain",35.498711,-83.310242
"8911",9-04-20,25,"","Ozone","Swain",35.498711,-83.310242
"8912",9-05-20,28,"","Ozone","Swain",35.498711,-83.310242
"8913",9-06-20,31,"","Ozone","Swain",35.498711,-83.310242
"8914",9-07-20,31,"","Ozone","Swain",35.498711,-83.310242
"8915",9-08-20,27,"","Ozone","Swain",35.498711,-83.310242
"8916",9-09-20,24,"","Ozone","Swain",35.498711,-83.310242
"8917",9-10-20,18,"","Ozone","Swain",35.498711,-83.310242
"8918",9-11-20,24,"","Ozone","Swain",35.498711,-83.310242
"8919",9-12-20,27,"","Ozone","Swain",35.498711,-83.310242
"8920",NA,23,"","Ozone","Swain",35.498711,-83.310242
"8921",NA,21,"","Ozone","Swain",35.498711,-83.310242
"8922",NA,19,"","Ozone","Swain",35.498711,-83.310242
"8923",NA,13,"","Ozone","Swain",35.498711,-83.310242
"8924",NA,19,"","Ozone","Swain",35.498711,-83.310242
"8925",NA,27,"","Ozone","Swain",35.498711,-83.310242
"8926",NA,34,"","Ozone","Swain",35.498711,-83.310242
"8927",NA,36,"","Ozone","Swain",35.498711,-83.310242
"8928",NA,37,"","Ozone","Swain",35.498711,-83.310242
"8929",NA,32,"","Ozone","Swain",35.498711,-83.310242
"8930",NA,26,"","Ozone","Swain",35.498711,-83.310242
"8931",NA,22,"","Ozone","Swain",35.498711,-83.310242
"8932",NA,18,"","Ozone","Swain",35.498711,-83.310242
"8933",NA,13,"","Ozone","Swain",35.498711,-83.310242
"8934",NA,27,"","Ozone","Swain",35.498711,-83.310242
"8935",NA,29,"","Ozone","Swain",35.498711,-83.310242
"8936",NA,29,"","Ozone","Swain",35.498711,-83.310242
"8937",10-01-20,31,"","Ozone","Swain",35.498711,-83.310242
"8938",10-02-20,28,"","Ozone","Swain",35.498711,-83.310242
"8939",10-03-20,26,"","Ozone","Swain",35.498711,-83.310242
"8940",10-04-20,29,"","Ozone","Swain",35.498711,-83.310242
"8941",10-05-20,24,"","Ozone","Swain",35.498711,-83.310242
"8942",10-06-20,31,"","Ozone","Swain",35.498711,-83.310242
"8943",10-07-20,31,"","Ozone","Swain",35.498711,-83.310242
"8944",10-08-20,28,"","Ozone","Swain",35.498711,-83.310242
"8945",10-09-20,31,"","Ozone","Swain",35.498711,-83.310242
"8946",10-10-20,14,"","Ozone","Swain",35.498711,-83.310242
"8947",10-11-20,24,"","Ozone","Swain",35.498711,-83.310242
"8948",10-12-20,31,"","Ozone","Swain",35.498711,-83.310242
"8949",NA,32,"","Ozone","Swain",35.498711,-83.310242
"8950",NA,27,"","Ozone","Swain",35.498711,-83.310242
"8951",NA,35,"","Ozone","Swain",35.498711,-83.310242
"8952",NA,23,"","Ozone","Swain",35.498711,-83.310242
"8953",NA,29,"","Ozone","Swain",35.498711,-83.310242
"8954",NA,33,"","Ozone","Swain",35.498711,-83.310242
"8955",NA,33,"","Ozone","Swain",35.498711,-83.310242
"8956",NA,34,"","Ozone","Swain",35.498711,-83.310242
"8957",NA,32,"","Ozone","Swain",35.498711,-83.310242
"8958",NA,30,"","Ozone","Swain",35.498711,-83.310242
"8959",NA,33,"","Ozone","Swain",35.498711,-83.310242
"8960",NA,33,"","Ozone","Swain",35.498711,-83.310242
"8961",NA,29,"","Ozone","Swain",35.498711,-83.310242
"8962",NA,22,"","Ozone","Swain",35.498711,-83.310242
"8963",NA,29,"","Ozone","Swain",35.498711,-83.310242
"8964",NA,32,"","Ozone","Swain",35.498711,-83.310242
"8965",NA,38,"","Ozone","Swain",35.498711,-83.310242
"8966",NA,33,"","Ozone","Swain",35.498711,-83.310242
"8967",NA,31,"","Ozone","Swain",35.498711,-83.310242
"8968",3-01-20,38,"Monroe School","Ozone","Union",34.974038917,-80.54062183
"8969",3-02-20,45,"Monroe School","Ozone","Union",34.974038917,-80.54062183
"8970",3-03-20,44,"Monroe School","Ozone","Union",34.974038917,-80.54062183
"8971",3-04-20,47,"Monroe School","Ozone","Union",34.974038917,-80.54062183
"8972",3-05-20,46,"Monroe School","Ozone","Union",34.974038917,-80.54062183
"8973",3-06-20,24,"Monroe School","Ozone","Union",34.974038917,-80.54062183
"8974",3-07-20,36,"Monroe School","Ozone","Union",34.974038917,-80.54062183
"8975",3-08-20,42,"Monroe School","Ozone","Union",34.974038917,-80.54062183
"8976",3-09-20,45,"Monroe School","Ozone","Union",34.974038917,-80.54062183
"8977",3-10-20,46,"Monroe School","Ozone","Union",34.974038917,-80.54062183
"8978",3-11-20,31,"Monroe School","Ozone","Union",34.974038917,-80.54062183
"8979",3-12-20,37,"Monroe School","Ozone","Union",34.974038917,-80.54062183
"8980",NA,45,"Monroe School","Ozone","Union",34.974038917,-80.54062183
"8981",NA,45,"Monroe School","Ozone","Union",34.974038917,-80.54062183
"8982",NA,51,"Monroe School","Ozone","Union",34.974038917,-80.54062183
"8983",NA,84,"Monroe School","Ozone","Union",34.974038917,-80.54062183
"8984",NA,44,"Monroe School","Ozone","Union",34.974038917,-80.54062183
"8985",NA,44,"Monroe School","Ozone","Union",34.974038917,-80.54062183
"8986",NA,44,"Monroe School","Ozone","Union",34.974038917,-80.54062183
"8987",NA,31,"Monroe School","Ozone","Union",34.974038917,-80.54062183
"8988",NA,34,"Monroe School","Ozone","Union",34.974038917,-80.54062183
"8989",NA,46,"Monroe School","Ozone","Union",34.974038917,-80.54062183
"8990",NA,51,"Monroe School","Ozone","Union",34.974038917,-80.54062183
"8991",NA,43,"Monroe School","Ozone","Union",34.974038917,-80.54062183
"8992",NA,44,"Monroe School","Ozone","Union",34.974038917,-80.54062183
"8993",NA,46,"Monroe School","Ozone","Union",34.974038917,-80.54062183
"8994",NA,35,"Monroe School","Ozone","Union",34.974038917,-80.54062183
"8995",NA,42,"Monroe School","Ozone","Union",34.974038917,-80.54062183
"8996",NA,50,"Monroe School","Ozone","Union",34.974038917,-80.54062183
"8997",NA,41,"Monroe School","Ozone","Union",34.974038917,-80.54062183
"8998",NA,46,"Monroe School","Ozone","Union",34.974038917,-80.54062183
"8999",4-01-20,49,"Monroe School","Ozone","Union",34.974038917,-80.54062183
"9000",4-02-20,54,"Monroe School","Ozone","Union",34.974038917,-80.54062183
"9001",4-03-20,44,"Monroe School","Ozone","Union",34.974038917,-80.54062183
"9002",4-04-20,45,"Monroe School","Ozone","Union",34.974038917,-80.54062183
"9003",4-05-20,50,"Monroe School","Ozone","Union",34.974038917,-80.54062183
"9004",4-06-20,58,"Monroe School","Ozone","Union",34.974038917,-80.54062183
"9005",4-07-20,41,"Monroe School","Ozone","Union",34.974038917,-80.54062183
"9006",4-08-20,46,"Monroe School","Ozone","Union",34.974038917,-80.54062183
"9007",4-09-20,40,"Monroe School","Ozone","Union",34.974038917,-80.54062183
"9008",4-10-20,47,"Monroe School","Ozone","Union",34.974038917,-80.54062183
"9009",4-11-20,49,"Monroe School","Ozone","Union",34.974038917,-80.54062183
"9010",4-12-20,61,"Monroe School","Ozone","Union",34.974038917,-80.54062183
"9011",NA,61,"Monroe School","Ozone","Union",34.974038917,-80.54062183
"9012",NA,49,"Monroe School","Ozone","Union",34.974038917,-80.54062183
"9013",NA,36,"Monroe School","Ozone","Union",34.974038917,-80.54062183
"9014",NA,35,"Monroe School","Ozone","Union",34.974038917,-80.54062183
"9015",NA,54,"Monroe School","Ozone","Union",34.974038917,-80.54062183
"9016",NA,74,"Monroe School","Ozone","Union",34.974038917,-80.54062183
"9017",NA,51,"Monroe School","Ozone","Union",34.974038917,-80.54062183
"9018",NA,71,"Monroe School","Ozone","Union",34.974038917,-80.54062183
"9019",NA,67,"Monroe School","Ozone","Union",34.974038917,-80.54062183
"9020",NA,54,"Monroe School","Ozone","Union",34.974038917,-80.54062183
"9021",NA,41,"Monroe School","Ozone","Union",34.974038917,-80.54062183
"9022",NA,36,"Monroe School","Ozone","Union",34.974038917,-80.54062183
"9023",NA,44,"Monroe School","Ozone","Union",34.974038917,-80.54062183
"9024",NA,40,"Monroe School","Ozone","Union",34.974038917,-80.54062183
"9025",NA,48,"Monroe School","Ozone","Union",34.974038917,-80.54062183
"9026",NA,74,"Monroe School","Ozone","Union",34.974038917,-80.54062183
"9027",NA,47,"Monroe School","Ozone","Union",34.974038917,-80.54062183
"9028",NA,64,"Monroe School","Ozone","Union",34.974038917,-80.54062183
"9029",5-01-20,74,"Monroe School","Ozone","Union",34.974038917,-80.54062183
"9030",5-02-20,64,"Monroe School","Ozone","Union",34.974038917,-80.54062183
"9031",5-03-20,49,"Monroe School","Ozone","Union",34.974038917,-80.54062183
"9032",5-04-20,45,"Monroe School","Ozone","Union",34.974038917,-80.54062183
"9033",5-05-20,39,"Monroe School","Ozone","Union",34.974038917,-80.54062183
"9034",5-06-20,48,"Monroe School","Ozone","Union",34.974038917,-80.54062183
"9035",5-07-20,67,"Monroe School","Ozone","Union",34.974038917,-80.54062183
"9036",5-08-20,67,"Monroe School","Ozone","Union",34.974038917,-80.54062183
"9037",5-09-20,74,"Monroe School","Ozone","Union",34.974038917,-80.54062183
"9038",5-10-20,61,"Monroe School","Ozone","Union",34.974038917,-80.54062183
"9039",5-11-20,90,"Monroe School","Ozone","Union",34.974038917,-80.54062183
"9040",5-12-20,77,"Monroe School","Ozone","Union",34.974038917,-80.54062183
"9041",NA,67,"Monroe School","Ozone","Union",34.974038917,-80.54062183
"9042",NA,51,"Monroe School","Ozone","Union",34.974038917,-80.54062183
"9043",NA,23,"Monroe School","Ozone","Union",34.974038917,-80.54062183
"9044",NA,31,"Monroe School","Ozone","Union",34.974038917,-80.54062183
"9045",NA,31,"Monroe School","Ozone","Union",34.974038917,-80.54062183
"9046",NA,29,"Monroe School","Ozone","Union",34.974038917,-80.54062183
"9047",NA,35,"Monroe School","Ozone","Union",34.974038917,-80.54062183
"9048",NA,35,"Monroe School","Ozone","Union",34.974038917,-80.54062183
"9049",NA,41,"Monroe School","Ozone","Union",34.974038917,-80.54062183
"9050",NA,31,"Monroe School","Ozone","Union",34.974038917,-80.54062183
"9051",NA,36,"Monroe School","Ozone","Union",34.974038917,-80.54062183
"9052",NA,38,"Monroe School","Ozone","Union",34.974038917,-80.54062183
"9053",NA,27,"Monroe School","Ozone","Union",34.974038917,-80.54062183
"9054",NA,30,"Monroe School","Ozone","Union",34.974038917,-80.54062183
"9055",NA,25,"Monroe School","Ozone","Union",34.974038917,-80.54062183
"9056",NA,20,"Monroe School","Ozone","Union",34.974038917,-80.54062183
"9057",NA,25,"Monroe School","Ozone","Union",34.974038917,-80.54062183
"9058",NA,29,"Monroe School","Ozone","Union",34.974038917,-80.54062183
"9059",NA,35,"Monroe School","Ozone","Union",34.974038917,-80.54062183
"9060",6-01-20,46,"Monroe School","Ozone","Union",34.974038917,-80.54062183
"9061",6-02-20,42,"Monroe School","Ozone","Union",34.974038917,-80.54062183
"9062",6-03-20,54,"Monroe School","Ozone","Union",34.974038917,-80.54062183
"9063",6-04-20,101,"Monroe School","Ozone","Union",34.974038917,-80.54062183
"9064",6-05-20,87,"Monroe School","Ozone","Union",34.974038917,-80.54062183
"9065",6-06-20,101,"Monroe School","Ozone","Union",34.974038917,-80.54062183
"9066",6-07-20,67,"Monroe School","Ozone","Union",34.974038917,-80.54062183
"9067",6-08-20,71,"Monroe School","Ozone","Union",34.974038917,-80.54062183
"9068",6-09-20,47,"Monroe School","Ozone","Union",34.974038917,-80.54062183
"9069",6-10-20,50,"Monroe School","Ozone","Union",34.974038917,-80.54062183
"9070",6-11-20,74,"Monroe School","Ozone","Union",34.974038917,-80.54062183
"9071",6-12-20,31,"Monroe School","Ozone","Union",34.974038917,-80.54062183
"9072",NA,45,"Monroe School","Ozone","Union",34.974038917,-80.54062183
"9073",NA,84,"Monroe School","Ozone","Union",34.974038917,-80.54062183
"9074",NA,93,"Monroe School","Ozone","Union",34.974038917,-80.54062183
"9075",NA,51,"Monroe School","Ozone","Union",34.974038917,-80.54062183
"9076",NA,49,"Monroe School","Ozone","Union",34.974038917,-80.54062183
"9077",NA,49,"Monroe School","Ozone","Union",34.974038917,-80.54062183
"9078",NA,100,"Monroe School","Ozone","Union",34.974038917,-80.54062183
"9079",NA,64,"Monroe School","Ozone","Union",34.974038917,-80.54062183
"9080",NA,43,"Monroe School","Ozone","Union",34.974038917,-80.54062183
"9081",NA,47,"Monroe School","Ozone","Union",34.974038917,-80.54062183
"9082",NA,43,"Monroe School","Ozone","Union",34.974038917,-80.54062183
"9083",NA,40,"Monroe School","Ozone","Union",34.974038917,-80.54062183
"9084",NA,67,"Monroe School","Ozone","Union",34.974038917,-80.54062183
"9085",NA,40,"Monroe School","Ozone","Union",34.974038917,-80.54062183
"9086",7-11-20,122,"Monroe School","Ozone","Union",34.974038917,-80.54062183
"9087",NA,54,"Monroe School","Ozone","Union",34.974038917,-80.54062183
"9088",NA,58,"Monroe School","Ozone","Union",34.974038917,-80.54062183
"9089",NA,58,"Monroe School","Ozone","Union",34.974038917,-80.54062183
"9090",NA,44,"Monroe School","Ozone","Union",34.974038917,-80.54062183
"9091",NA,38,"Monroe School","Ozone","Union",34.974038917,-80.54062183
"9092",NA,28,"Monroe School","Ozone","Union",34.974038917,-80.54062183
"9093",8-01-20,29,"Monroe School","Ozone","Union",34.974038917,-80.54062183
"9094",8-02-20,26,"Monroe School","Ozone","Union",34.974038917,-80.54062183
"9095",8-03-20,23,"Monroe School","Ozone","Union",34.974038917,-80.54062183
"9096",8-04-20,35,"Monroe School","Ozone","Union",34.974038917,-80.54062183
"9097",8-05-20,32,"Monroe School","Ozone","Union",34.974038917,-80.54062183
"9098",8-06-20,38,"Monroe School","Ozone","Union",34.974038917,-80.54062183
"9099",8-07-20,44,"Monroe School","Ozone","Union",34.974038917,-80.54062183
"9100",8-08-20,37,"Monroe School","Ozone","Union",34.974038917,-80.54062183
"9101",8-09-20,61,"Monroe School","Ozone","Union",34.974038917,-80.54062183
"9102",8-10-20,49,"Monroe School","Ozone","Union",34.974038917,-80.54062183
"9103",8-11-20,44,"Monroe School","Ozone","Union",34.974038917,-80.54062183
"9104",8-12-20,41,"Monroe School","Ozone","Union",34.974038917,-80.54062183
"9105",NA,44,"Monroe School","Ozone","Union",34.974038917,-80.54062183
"9106",NA,46,"Monroe School","Ozone","Union",34.974038917,-80.54062183
"9107",NA,48,"Monroe School","Ozone","Union",34.974038917,-80.54062183
"9108",NA,46,"Monroe School","Ozone","Union",34.974038917,-80.54062183
"9109",NA,26,"Monroe School","Ozone","Union",34.974038917,-80.54062183
"9110",NA,31,"Monroe School","Ozone","Union",34.974038917,-80.54062183
"9111",NA,32,"Monroe School","Ozone","Union",34.974038917,-80.54062183
"9112",NA,31,"Monroe School","Ozone","Union",34.974038917,-80.54062183
"9113",NA,29,"Monroe School","Ozone","Union",34.974038917,-80.54062183
"9114",NA,43,"Monroe School","Ozone","Union",34.974038917,-80.54062183
"9115",NA,48,"Monroe School","Ozone","Union",34.974038917,-80.54062183
"9116",NA,44,"Monroe School","Ozone","Union",34.974038917,-80.54062183
"9117",NA,48,"Monroe School","Ozone","Union",34.974038917,-80.54062183
"9118",NA,51,"Monroe School","Ozone","Union",34.974038917,-80.54062183
"9119",NA,48,"Monroe School","Ozone","Union",34.974038917,-80.54062183
"9120",9-07-20,41,"Monroe School","Ozone","Union",34.974038917,-80.54062183
"9121",9-08-20,39,"Monroe School","Ozone","Union",34.974038917,-80.54062183
"9122",9-09-20,29,"Monroe School","Ozone","Union",34.974038917,-80.54062183
"9123",9-10-20,25,"Monroe School","Ozone","Union",34.974038917,-80.54062183
"9124",NA,43,"Monroe School","Ozone","Union",34.974038917,-80.54062183
"9125",NA,44,"Monroe School","Ozone","Union",34.974038917,-80.54062183
"9126",NA,40,"Monroe School","Ozone","Union",34.974038917,-80.54062183
"9127",NA,22,"Monroe School","Ozone","Union",34.974038917,-80.54062183
"9128",NA,30,"Monroe School","Ozone","Union",34.974038917,-80.54062183
"9129",NA,30,"Monroe School","Ozone","Union",34.974038917,-80.54062183
"9130",NA,22,"Monroe School","Ozone","Union",34.974038917,-80.54062183
"9131",NA,31,"Monroe School","Ozone","Union",34.974038917,-80.54062183
"9132",NA,37,"Monroe School","Ozone","Union",34.974038917,-80.54062183
"9133",10-01-20,43,"Monroe School","Ozone","Union",34.974038917,-80.54062183
"9134",10-02-20,45,"Monroe School","Ozone","Union",34.974038917,-80.54062183
"9135",10-03-20,44,"Monroe School","Ozone","Union",34.974038917,-80.54062183
"9136",10-04-20,54,"Monroe School","Ozone","Union",34.974038917,-80.54062183
"9137",10-05-20,54,"Monroe School","Ozone","Union",34.974038917,-80.54062183
"9138",10-06-20,37,"Monroe School","Ozone","Union",34.974038917,-80.54062183
"9139",10-07-20,37,"Monroe School","Ozone","Union",34.974038917,-80.54062183
"9140",10-08-20,31,"Monroe School","Ozone","Union",34.974038917,-80.54062183
"9141",10-09-20,29,"Monroe School","Ozone","Union",34.974038917,-80.54062183
"9142",NA,31,"Monroe School","Ozone","Union",34.974038917,-80.54062183
"9143",NA,40,"Monroe School","Ozone","Union",34.974038917,-80.54062183
"9144",NA,41,"Monroe School","Ozone","Union",34.974038917,-80.54062183
"9145",NA,30,"Monroe School","Ozone","Union",34.974038917,-80.54062183
"9146",NA,31,"Monroe School","Ozone","Union",34.974038917,-80.54062183
"9147",NA,32,"Monroe School","Ozone","Union",34.974038917,-80.54062183
"9148",NA,37,"Monroe School","Ozone","Union",34.974038917,-80.54062183
"9149",NA,40,"Monroe School","Ozone","Union",34.974038917,-80.54062183
"9150",NA,25,"Monroe School","Ozone","Union",34.974038917,-80.54062183
"9151",NA,26,"Monroe School","Ozone","Union",34.974038917,-80.54062183
"9152",NA,21,"Monroe School","Ozone","Union",34.974038917,-80.54062183
"9153",NA,35,"Monroe School","Ozone","Union",34.974038917,-80.54062183
"9154",NA,36,"Monroe School","Ozone","Union",34.974038917,-80.54062183
"9155",NA,36,"Monroe School","Ozone","Union",34.974038917,-80.54062183
"9156",NA,43,"Monroe School","Ozone","Union",34.974038917,-80.54062183
"9157",1-01-20,34,"Millbrook School","Ozone","Wake",35.856111,-78.574167
"9158",1-02-20,31,"Millbrook School","Ozone","Wake",35.856111,-78.574167
"9159",1-03-20,30,"Millbrook School","Ozone","Wake",35.856111,-78.574167
"9160",1-04-20,32,"Millbrook School","Ozone","Wake",35.856111,-78.574167
"9161",1-05-20,33,"Millbrook School","Ozone","Wake",35.856111,-78.574167
"9162",1-06-20,33,"Millbrook School","Ozone","Wake",35.856111,-78.574167
"9163",1-07-20,34,"Millbrook School","Ozone","Wake",35.856111,-78.574167
"9164",1-08-20,27,"Millbrook School","Ozone","Wake",35.856111,-78.574167
"9165",1-09-20,30,"Millbrook School","Ozone","Wake",35.856111,-78.574167
"9166",1-10-20,33,"Millbrook School","Ozone","Wake",35.856111,-78.574167
"9167",1-11-20,26,"Millbrook School","Ozone","Wake",35.856111,-78.574167
"9168",1-12-20,35,"Millbrook School","Ozone","Wake",35.856111,-78.574167
"9169",NA,32,"Millbrook School","Ozone","Wake",35.856111,-78.574167
"9170",NA,24,"Millbrook School","Ozone","Wake",35.856111,-78.574167
"9171",NA,29,"Millbrook School","Ozone","Wake",35.856111,-78.574167
"9172",NA,35,"Millbrook School","Ozone","Wake",35.856111,-78.574167
"9173",NA,32,"Millbrook School","Ozone","Wake",35.856111,-78.574167
"9174",NA,35,"Millbrook School","Ozone","Wake",35.856111,-78.574167
"9175",NA,34,"Millbrook School","Ozone","Wake",35.856111,-78.574167
"9176",NA,32,"Millbrook School","Ozone","Wake",35.856111,-78.574167
"9177",NA,37,"Millbrook School","Ozone","Wake",35.856111,-78.574167
"9178",NA,31,"Millbrook School","Ozone","Wake",35.856111,-78.574167
"9179",NA,31,"Millbrook School","Ozone","Wake",35.856111,-78.574167
"9180",NA,28,"Millbrook School","Ozone","Wake",35.856111,-78.574167
"9181",NA,37,"Millbrook School","Ozone","Wake",35.856111,-78.574167
"9182",NA,30,"Millbrook School","Ozone","Wake",35.856111,-78.574167
"9183",NA,25,"Millbrook School","Ozone","Wake",35.856111,-78.574167
"9184",NA,34,"Millbrook School","Ozone","Wake",35.856111,-78.574167
"9185",NA,31,"Millbrook School","Ozone","Wake",35.856111,-78.574167
"9186",2-01-20,38,"Millbrook School","Ozone","Wake",35.856111,-78.574167
"9187",2-02-20,34,"Millbrook School","Ozone","Wake",35.856111,-78.574167
"9188",2-03-20,31,"Millbrook School","Ozone","Wake",35.856111,-78.574167
"9189",2-04-20,31,"Millbrook School","Ozone","Wake",35.856111,-78.574167
"9190",2-05-20,29,"Millbrook School","Ozone","Wake",35.856111,-78.574167
"9191",2-06-20,32,"Millbrook School","Ozone","Wake",35.856111,-78.574167
"9192",2-07-20,32,"Millbrook School","Ozone","Wake",35.856111,-78.574167
"9193",2-08-20,28,"Millbrook School","Ozone","Wake",35.856111,-78.574167
"9194",2-09-20,36,"Millbrook School","Ozone","Wake",35.856111,-78.574167
"9195",2-10-20,20,"Millbrook School","Ozone","Wake",35.856111,-78.574167
"9196",2-11-20,23,"Millbrook School","Ozone","Wake",35.856111,-78.574167
"9197",2-12-20,28,"Millbrook School","Ozone","Wake",35.856111,-78.574167
"9198",NA,31,"Millbrook School","Ozone","Wake",35.856111,-78.574167
"9199",NA,24,"Millbrook School","Ozone","Wake",35.856111,-78.574167
"9200",NA,24,"Millbrook School","Ozone","Wake",35.856111,-78.574167
"9201",NA,32,"Millbrook School","Ozone","Wake",35.856111,-78.574167
"9202",NA,28,"Millbrook School","Ozone","Wake",35.856111,-78.574167
"9203",NA,35,"Millbrook School","Ozone","Wake",35.856111,-78.574167
"9204",NA,23,"Millbrook School","Ozone","Wake",35.856111,-78.574167
"9205",NA,17,"Millbrook School","Ozone","Wake",35.856111,-78.574167
"9206",NA,16,"Millbrook School","Ozone","Wake",35.856111,-78.574167
"9207",NA,20,"Millbrook School","Ozone","Wake",35.856111,-78.574167
"9208",NA,19,"Millbrook School","Ozone","Wake",35.856111,-78.574167
"9209",NA,29,"Millbrook School","Ozone","Wake",35.856111,-78.574167
"9210",NA,31,"Millbrook School","Ozone","Wake",35.856111,-78.574167
"9211",NA,30,"Millbrook School","Ozone","Wake",35.856111,-78.574167
"9212",NA,43,"Millbrook School","Ozone","Wake",35.856111,-78.574167
"9213",NA,30,"Millbrook School","Ozone","Wake",35.856111,-78.574167
"9214",3-01-20,35,"Millbrook School","Ozone","Wake",35.856111,-78.574167
"9215",3-02-20,43,"Millbrook School","Ozone","Wake",35.856111,-78.574167
"9216",3-03-20,43,"Millbrook School","Ozone","Wake",35.856111,-78.574167
"9217",3-04-20,43,"Millbrook School","Ozone","Wake",35.856111,-78.574167
"9218",3-05-20,44,"Millbrook School","Ozone","Wake",35.856111,-78.574167
"9219",3-06-20,27,"Millbrook School","Ozone","Wake",35.856111,-78.574167
"9220",3-07-20,34,"Millbrook School","Ozone","Wake",35.856111,-78.574167
"9221",3-08-20,38,"Millbrook School","Ozone","Wake",35.856111,-78.574167
"9222",3-09-20,41,"Millbrook School","Ozone","Wake",35.856111,-78.574167
"9223",3-10-20,39,"Millbrook School","Ozone","Wake",35.856111,-78.574167
"9224",3-11-20,31,"Millbrook School","Ozone","Wake",35.856111,-78.574167
"9225",NA,44,"Millbrook School","Ozone","Wake",35.856111,-78.574167
"9226",NA,43,"Millbrook School","Ozone","Wake",35.856111,-78.574167
"9227",NA,49,"Millbrook School","Ozone","Wake",35.856111,-78.574167
"9228",NA,50,"Millbrook School","Ozone","Wake",35.856111,-78.574167
"9229",NA,44,"Millbrook School","Ozone","Wake",35.856111,-78.574167
"9230",NA,44,"Millbrook School","Ozone","Wake",35.856111,-78.574167
"9231",NA,42,"Millbrook School","Ozone","Wake",35.856111,-78.574167
"9232",NA,32,"Millbrook School","Ozone","Wake",35.856111,-78.574167
"9233",NA,31,"Millbrook School","Ozone","Wake",35.856111,-78.574167
"9234",NA,42,"Millbrook School","Ozone","Wake",35.856111,-78.574167
"9235",NA,48,"Millbrook School","Ozone","Wake",35.856111,-78.574167
"9236",NA,43,"Millbrook School","Ozone","Wake",35.856111,-78.574167
"9237",NA,46,"Millbrook School","Ozone","Wake",35.856111,-78.574167
"9238",NA,44,"Millbrook School","Ozone","Wake",35.856111,-78.574167
"9239",NA,31,"Millbrook School","Ozone","Wake",35.856111,-78.574167
"9240",NA,43,"Millbrook School","Ozone","Wake",35.856111,-78.574167
"9241",NA,47,"Millbrook School","Ozone","Wake",35.856111,-78.574167
"9242",NA,40,"Millbrook School","Ozone","Wake",35.856111,-78.574167
"9243",NA,45,"Millbrook School","Ozone","Wake",35.856111,-78.574167
"9244",4-01-20,48,"Millbrook School","Ozone","Wake",35.856111,-78.574167
"9245",4-02-20,50,"Millbrook School","Ozone","Wake",35.856111,-78.574167
"9246",4-03-20,37,"Millbrook School","Ozone","Wake",35.856111,-78.574167
"9247",4-04-20,44,"Millbrook School","Ozone","Wake",35.856111,-78.574167
"9248",4-05-20,45,"Millbrook School","Ozone","Wake",35.856111,-78.574167
"9249",4-06-20,54,"Millbrook School","Ozone","Wake",35.856111,-78.574167
"9250",4-07-20,42,"Millbrook School","Ozone","Wake",35.856111,-78.574167
"9251",4-08-20,45,"Millbrook School","Ozone","Wake",35.856111,-78.574167
"9252",4-09-20,40,"Millbrook School","Ozone","Wake",35.856111,-78.574167
"9253",4-10-20,43,"Millbrook School","Ozone","Wake",35.856111,-78.574167
"9254",4-11-20,49,"Millbrook School","Ozone","Wake",35.856111,-78.574167
"9255",4-12-20,58,"Millbrook School","Ozone","Wake",35.856111,-78.574167
"9256",NA,51,"Millbrook School","Ozone","Wake",35.856111,-78.574167
"9257",NA,47,"Millbrook School","Ozone","Wake",35.856111,-78.574167
"9258",NA,34,"Millbrook School","Ozone","Wake",35.856111,-78.574167
"9259",NA,31,"Millbrook School","Ozone","Wake",35.856111,-78.574167
"9260",NA,46,"Millbrook School","Ozone","Wake",35.856111,-78.574167
"9261",NA,61,"Millbrook School","Ozone","Wake",35.856111,-78.574167
"9262",NA,49,"Millbrook School","Ozone","Wake",35.856111,-78.574167
"9263",NA,61,"Millbrook School","Ozone","Wake",35.856111,-78.574167
"9264",NA,71,"Millbrook School","Ozone","Wake",35.856111,-78.574167
"9265",NA,61,"Millbrook School","Ozone","Wake",35.856111,-78.574167
"9266",NA,49,"Millbrook School","Ozone","Wake",35.856111,-78.574167
"9267",NA,40,"Millbrook School","Ozone","Wake",35.856111,-78.574167
"9268",NA,27,"Millbrook School","Ozone","Wake",35.856111,-78.574167
"9269",NA,44,"Millbrook School","Ozone","Wake",35.856111,-78.574167
"9270",NA,46,"Millbrook School","Ozone","Wake",35.856111,-78.574167
"9271",NA,64,"Millbrook School","Ozone","Wake",35.856111,-78.574167
"9272",NA,44,"Millbrook School","Ozone","Wake",35.856111,-78.574167
"9273",NA,54,"Millbrook School","Ozone","Wake",35.856111,-78.574167
"9274",5-01-20,71,"Millbrook School","Ozone","Wake",35.856111,-78.574167
"9275",5-02-20,71,"Millbrook School","Ozone","Wake",35.856111,-78.574167
"9276",5-03-20,51,"Millbrook School","Ozone","Wake",35.856111,-78.574167
"9277",5-04-20,46,"Millbrook School","Ozone","Wake",35.856111,-78.574167
"9278",5-05-20,45,"Millbrook School","Ozone","Wake",35.856111,-78.574167
"9279",5-06-20,37,"Millbrook School","Ozone","Wake",35.856111,-78.574167
"9280",5-07-20,42,"Millbrook School","Ozone","Wake",35.856111,-78.574167
"9281",5-08-20,44,"Millbrook School","Ozone","Wake",35.856111,-78.574167
"9282",5-09-20,58,"Millbrook School","Ozone","Wake",35.856111,-78.574167
"9283",5-10-20,61,"Millbrook School","Ozone","Wake",35.856111,-78.574167
"9284",5-11-20,77,"Millbrook School","Ozone","Wake",35.856111,-78.574167
"9285",5-12-20,77,"Millbrook School","Ozone","Wake",35.856111,-78.574167
"9286",NA,64,"Millbrook School","Ozone","Wake",35.856111,-78.574167
"9287",NA,77,"Millbrook School","Ozone","Wake",35.856111,-78.574167
"9288",NA,25,"Millbrook School","Ozone","Wake",35.856111,-78.574167
"9289",NA,31,"Millbrook School","Ozone","Wake",35.856111,-78.574167
"9290",NA,27,"Millbrook School","Ozone","Wake",35.856111,-78.574167
"9291",NA,28,"Millbrook School","Ozone","Wake",35.856111,-78.574167
"9292",NA,19,"Millbrook School","Ozone","Wake",35.856111,-78.574167
"9293",NA,29,"Millbrook School","Ozone","Wake",35.856111,-78.574167
"9294",NA,46,"Millbrook School","Ozone","Wake",35.856111,-78.574167
"9295",NA,27,"Millbrook School","Ozone","Wake",35.856111,-78.574167
"9296",NA,38,"Millbrook School","Ozone","Wake",35.856111,-78.574167
"9297",NA,47,"Millbrook School","Ozone","Wake",35.856111,-78.574167
"9298",NA,48,"Millbrook School","Ozone","Wake",35.856111,-78.574167
"9299",NA,23,"Millbrook School","Ozone","Wake",35.856111,-78.574167
"9300",NA,24,"Millbrook School","Ozone","Wake",35.856111,-78.574167
"9301",NA,18,"Millbrook School","Ozone","Wake",35.856111,-78.574167
"9302",NA,22,"Millbrook School","Ozone","Wake",35.856111,-78.574167
"9303",NA,28,"Millbrook School","Ozone","Wake",35.856111,-78.574167
"9304",NA,25,"Millbrook School","Ozone","Wake",35.856111,-78.574167
"9305",6-01-20,74,"Millbrook School","Ozone","Wake",35.856111,-78.574167
"9306",6-02-20,41,"Millbrook School","Ozone","Wake",35.856111,-78.574167
"9307",6-03-20,43,"Millbrook School","Ozone","Wake",35.856111,-78.574167
"9308",6-04-20,77,"Millbrook School","Ozone","Wake",35.856111,-78.574167
"9309",6-05-20,77,"Millbrook School","Ozone","Wake",35.856111,-78.574167
"9310",6-06-20,80,"Millbrook School","Ozone","Wake",35.856111,-78.574167
"9311",6-07-20,58,"Millbrook School","Ozone","Wake",35.856111,-78.574167
"9312",6-08-20,74,"Millbrook School","Ozone","Wake",35.856111,-78.574167
"9313",6-09-20,49,"Millbrook School","Ozone","Wake",35.856111,-78.574167
"9314",6-10-20,47,"Millbrook School","Ozone","Wake",35.856111,-78.574167
"9315",6-11-20,39,"Millbrook School","Ozone","Wake",35.856111,-78.574167
"9316",6-12-20,29,"Millbrook School","Ozone","Wake",35.856111,-78.574167
"9317",NA,44,"Millbrook School","Ozone","Wake",35.856111,-78.574167
"9318",NA,45,"Millbrook School","Ozone","Wake",35.856111,-78.574167
"9319",NA,67,"Millbrook School","Ozone","Wake",35.856111,-78.574167
"9320",NA,64,"Millbrook School","Ozone","Wake",35.856111,-78.574167
"9321",NA,47,"Millbrook School","Ozone","Wake",35.856111,-78.574167
"9322",NA,54,"Millbrook School","Ozone","Wake",35.856111,-78.574167
"9323",NA,71,"Millbrook School","Ozone","Wake",35.856111,-78.574167
"9324",NA,58,"Millbrook School","Ozone","Wake",35.856111,-78.574167
"9325",NA,44,"Millbrook School","Ozone","Wake",35.856111,-78.574167
"9326",NA,43,"Millbrook School","Ozone","Wake",35.856111,-78.574167
"9327",NA,44,"Millbrook School","Ozone","Wake",35.856111,-78.574167
"9328",NA,44,"Millbrook School","Ozone","Wake",35.856111,-78.574167
"9329",NA,41,"Millbrook School","Ozone","Wake",35.856111,-78.574167
"9330",NA,32,"Millbrook School","Ozone","Wake",35.856111,-78.574167
"9331",NA,45,"Millbrook School","Ozone","Wake",35.856111,-78.574167
"9332",NA,47,"Millbrook School","Ozone","Wake",35.856111,-78.574167
"9333",NA,49,"Millbrook School","Ozone","Wake",35.856111,-78.574167
"9334",NA,49,"Millbrook School","Ozone","Wake",35.856111,-78.574167
"9335",7-01-20,44,"Millbrook School","Ozone","Wake",35.856111,-78.574167
"9336",7-02-20,45,"Millbrook School","Ozone","Wake",35.856111,-78.574167
"9337",7-03-20,44,"Millbrook School","Ozone","Wake",35.856111,-78.574167
"9338",7-04-20,26,"Millbrook School","Ozone","Wake",35.856111,-78.574167
"9339",7-05-20,32,"Millbrook School","Ozone","Wake",35.856111,-78.574167
"9340",7-06-20,36,"Millbrook School","Ozone","Wake",35.856111,-78.574167
"9341",7-07-20,31,"Millbrook School","Ozone","Wake",35.856111,-78.574167
"9342",7-08-20,37,"Millbrook School","Ozone","Wake",35.856111,-78.574167
"9343",7-09-20,48,"Millbrook School","Ozone","Wake",35.856111,-78.574167
"9344",7-10-20,74,"Millbrook School","Ozone","Wake",35.856111,-78.574167
"9345",7-11-20,90,"Millbrook School","Ozone","Wake",35.856111,-78.574167
"9346",7-12-20,48,"Millbrook School","Ozone","Wake",35.856111,-78.574167
"9347",NA,48,"Millbrook School","Ozone","Wake",35.856111,-78.574167
"9348",NA,43,"Millbrook School","Ozone","Wake",35.856111,-78.574167
"9349",NA,48,"Millbrook School","Ozone","Wake",35.856111,-78.574167
"9350",NA,46,"Millbrook School","Ozone","Wake",35.856111,-78.574167
"9351",NA,43,"Millbrook School","Ozone","Wake",35.856111,-78.574167
"9352",NA,43,"Millbrook School","Ozone","Wake",35.856111,-78.574167
"9353",NA,64,"Millbrook School","Ozone","Wake",35.856111,-78.574167
"9354",NA,41,"Millbrook School","Ozone","Wake",35.856111,-78.574167
"9355",NA,40,"Millbrook School","Ozone","Wake",35.856111,-78.574167
"9356",NA,44,"Millbrook School","Ozone","Wake",35.856111,-78.574167
"9357",NA,44,"Millbrook School","Ozone","Wake",35.856111,-78.574167
"9358",NA,40,"Millbrook School","Ozone","Wake",35.856111,-78.574167
"9359",NA,35,"Millbrook School","Ozone","Wake",35.856111,-78.574167
"9360",NA,46,"Millbrook School","Ozone","Wake",35.856111,-78.574167
"9361",NA,44,"Millbrook School","Ozone","Wake",35.856111,-78.574167
"9362",NA,43,"Millbrook School","Ozone","Wake",35.856111,-78.574167
"9363",NA,37,"Millbrook School","Ozone","Wake",35.856111,-78.574167
"9364",NA,29,"Millbrook School","Ozone","Wake",35.856111,-78.574167
"9365",NA,31,"Millbrook School","Ozone","Wake",35.856111,-78.574167
"9366",8-01-20,30,"Millbrook School","Ozone","Wake",35.856111,-78.574167
"9367",8-02-20,20,"Millbrook School","Ozone","Wake",35.856111,-78.574167
"9368",8-03-20,19,"Millbrook School","Ozone","Wake",35.856111,-78.574167
"9369",8-04-20,31,"Millbrook School","Ozone","Wake",35.856111,-78.574167
"9370",8-05-20,38,"Millbrook School","Ozone","Wake",35.856111,-78.574167
"9371",8-06-20,48,"Millbrook School","Ozone","Wake",35.856111,-78.574167
"9372",8-07-20,43,"Millbrook School","Ozone","Wake",35.856111,-78.574167
"9373",8-08-20,42,"Millbrook School","Ozone","Wake",35.856111,-78.574167
"9374",8-09-20,44,"Millbrook School","Ozone","Wake",35.856111,-78.574167
"9375",8-10-20,67,"Millbrook School","Ozone","Wake",35.856111,-78.574167
"9376",8-11-20,44,"Millbrook School","Ozone","Wake",35.856111,-78.574167
"9377",8-12-20,41,"Millbrook School","Ozone","Wake",35.856111,-78.574167
"9378",NA,44,"Millbrook School","Ozone","Wake",35.856111,-78.574167
"9379",NA,38,"Millbrook School","Ozone","Wake",35.856111,-78.574167
"9380",NA,50,"Millbrook School","Ozone","Wake",35.856111,-78.574167
"9381",NA,61,"Millbrook School","Ozone","Wake",35.856111,-78.574167
"9382",NA,32,"Millbrook School","Ozone","Wake",35.856111,-78.574167
"9383",NA,29,"Millbrook School","Ozone","Wake",35.856111,-78.574167
"9384",NA,33,"Millbrook School","Ozone","Wake",35.856111,-78.574167
"9385",NA,44,"Millbrook School","Ozone","Wake",35.856111,-78.574167
"9386",NA,29,"Millbrook School","Ozone","Wake",35.856111,-78.574167
"9387",NA,37,"Millbrook School","Ozone","Wake",35.856111,-78.574167
"9388",NA,40,"Millbrook School","Ozone","Wake",35.856111,-78.574167
"9389",NA,44,"Millbrook School","Ozone","Wake",35.856111,-78.574167
"9390",NA,42,"Millbrook School","Ozone","Wake",35.856111,-78.574167
"9391",NA,46,"Millbrook School","Ozone","Wake",35.856111,-78.574167
"9392",NA,47,"Millbrook School","Ozone","Wake",35.856111,-78.574167
"9393",NA,46,"Millbrook School","Ozone","Wake",35.856111,-78.574167
"9394",NA,40,"Millbrook School","Ozone","Wake",35.856111,-78.574167
"9395",NA,47,"Millbrook School","Ozone","Wake",35.856111,-78.574167
"9396",NA,74,"Millbrook School","Ozone","Wake",35.856111,-78.574167
"9397",9-01-20,33,"Millbrook School","Ozone","Wake",35.856111,-78.574167
"9398",9-02-20,24,"Millbrook School","Ozone","Wake",35.856111,-78.574167
"9399",9-03-20,30,"Millbrook School","Ozone","Wake",35.856111,-78.574167
"9400",9-04-20,29,"Millbrook School","Ozone","Wake",35.856111,-78.574167
"9401",9-05-20,33,"Millbrook School","Ozone","Wake",35.856111,-78.574167
"9402",9-06-20,40,"Millbrook School","Ozone","Wake",35.856111,-78.574167
"9403",9-07-20,40,"Millbrook School","Ozone","Wake",35.856111,-78.574167
"9404",9-08-20,43,"Millbrook School","Ozone","Wake",35.856111,-78.574167
"9405",9-09-20,19,"Millbrook School","Ozone","Wake",35.856111,-78.574167
"9406",9-10-20,27,"Millbrook School","Ozone","Wake",35.856111,-78.574167
"9407",9-11-20,30,"Millbrook School","Ozone","Wake",35.856111,-78.574167
"9408",NA,22,"Millbrook School","Ozone","Wake",35.856111,-78.574167
"9409",NA,30,"Millbrook School","Ozone","Wake",35.856111,-78.574167
"9410",NA,45,"Millbrook School","Ozone","Wake",35.856111,-78.574167
"9411",NA,48,"Millbrook School","Ozone","Wake",35.856111,-78.574167
"9412",NA,40,"Millbrook School","Ozone","Wake",35.856111,-78.574167
"9413",NA,46,"Millbrook School","Ozone","Wake",35.856111,-78.574167
"9414",NA,21,"Millbrook School","Ozone","Wake",35.856111,-78.574167
"9415",NA,21,"Millbrook School","Ozone","Wake",35.856111,-78.574167
"9416",NA,30,"Millbrook School","Ozone","Wake",35.856111,-78.574167
"9417",NA,35,"Millbrook School","Ozone","Wake",35.856111,-78.574167
"9418",NA,26,"Millbrook School","Ozone","Wake",35.856111,-78.574167
"9419",NA,23,"Millbrook School","Ozone","Wake",35.856111,-78.574167
"9420",NA,34,"Millbrook School","Ozone","Wake",35.856111,-78.574167
"9421",NA,41,"Millbrook School","Ozone","Wake",35.856111,-78.574167
"9422",10-01-20,45,"Millbrook School","Ozone","Wake",35.856111,-78.574167
"9423",10-02-20,44,"Millbrook School","Ozone","Wake",35.856111,-78.574167
"9424",10-03-20,40,"Millbrook School","Ozone","Wake",35.856111,-78.574167
"9425",10-04-20,47,"Millbrook School","Ozone","Wake",35.856111,-78.574167
"9426",10-05-20,42,"Millbrook School","Ozone","Wake",35.856111,-78.574167
"9427",10-06-20,29,"Millbrook School","Ozone","Wake",35.856111,-78.574167
"9428",10-07-20,33,"Millbrook School","Ozone","Wake",35.856111,-78.574167
"9429",10-08-20,29,"Millbrook School","Ozone","Wake",35.856111,-78.574167
"9430",10-09-20,27,"Millbrook School","Ozone","Wake",35.856111,-78.574167
"9431",10-12-20,31,"Millbrook School","Ozone","Wake",35.856111,-78.574167
"9432",NA,32,"Millbrook School","Ozone","Wake",35.856111,-78.574167
"9433",NA,21,"Millbrook School","Ozone","Wake",35.856111,-78.574167
"9434",NA,33,"Millbrook School","Ozone","Wake",35.856111,-78.574167
"9435",NA,22,"Millbrook School","Ozone","Wake",35.856111,-78.574167
"9436",NA,30,"Millbrook School","Ozone","Wake",35.856111,-78.574167
"9437",NA,32,"Millbrook School","Ozone","Wake",35.856111,-78.574167
"9438",NA,39,"Millbrook School","Ozone","Wake",35.856111,-78.574167
"9439",NA,31,"Millbrook School","Ozone","Wake",35.856111,-78.574167
"9440",NA,30,"Millbrook School","Ozone","Wake",35.856111,-78.574167
"9441",NA,28,"Millbrook School","Ozone","Wake",35.856111,-78.574167
"9442",NA,28,"Millbrook School","Ozone","Wake",35.856111,-78.574167
"9443",NA,32,"Millbrook School","Ozone","Wake",35.856111,-78.574167
"9444",NA,23,"Millbrook School","Ozone","Wake",35.856111,-78.574167
"9445",NA,25,"Millbrook School","Ozone","Wake",35.856111,-78.574167
"9446",NA,18,"Millbrook School","Ozone","Wake",35.856111,-78.574167
"9447",NA,33,"Millbrook School","Ozone","Wake",35.856111,-78.574167
"9448",NA,34,"Millbrook School","Ozone","Wake",35.856111,-78.574167
"9449",NA,35,"Millbrook School","Ozone","Wake",35.856111,-78.574167
"9450",NA,40,"Millbrook School","Ozone","Wake",35.856111,-78.574167
"9451",11-01-20,31,"Millbrook School","Ozone","Wake",35.856111,-78.574167
"9452",11-02-20,24,"Millbrook School","Ozone","Wake",35.856111,-78.574167
"9453",11-03-20,31,"Millbrook School","Ozone","Wake",35.856111,-78.574167
"9454",11-04-20,30,"Millbrook School","Ozone","Wake",35.856111,-78.574167
"9455",11-05-20,13,"Millbrook School","Ozone","Wake",35.856111,-78.574167
"9456",11-06-20,24,"Millbrook School","Ozone","Wake",35.856111,-78.574167
"9457",11-07-20,32,"Millbrook School","Ozone","Wake",35.856111,-78.574167
"9458",11-08-20,32,"Millbrook School","Ozone","Wake",35.856111,-78.574167
"9459",11-09-20,16,"Millbrook School","Ozone","Wake",35.856111,-78.574167
"9460",11-10-20,33,"Millbrook School","Ozone","Wake",35.856111,-78.574167
"9461",11-11-20,31,"Millbrook School","Ozone","Wake",35.856111,-78.574167
"9462",11-12-20,19,"Millbrook School","Ozone","Wake",35.856111,-78.574167
"9463",NA,17,"Millbrook School","Ozone","Wake",35.856111,-78.574167
"9464",NA,22,"Millbrook School","Ozone","Wake",35.856111,-78.574167
"9465",NA,24,"Millbrook School","Ozone","Wake",35.856111,-78.574167
"9466",NA,24,"Millbrook School","Ozone","Wake",35.856111,-78.574167
"9467",NA,29,"Millbrook School","Ozone","Wake",35.856111,-78.574167
"9468",NA,30,"Millbrook School","Ozone","Wake",35.856111,-78.574167
"9469",NA,26,"Millbrook School","Ozone","Wake",35.856111,-78.574167
"9470",NA,30,"Millbrook School","Ozone","Wake",35.856111,-78.574167
"9471",NA,28,"Millbrook School","Ozone","Wake",35.856111,-78.574167
"9472",NA,26,"Millbrook School","Ozone","Wake",35.856111,-78.574167
"9473",NA,32,"Millbrook School","Ozone","Wake",35.856111,-78.574167
"9474",NA,17,"Millbrook School","Ozone","Wake",35.856111,-78.574167
"9475",NA,23,"Millbrook School","Ozone","Wake",35.856111,-78.574167
"9476",NA,22,"Millbrook School","Ozone","Wake",35.856111,-78.574167
"9477",NA,21,"Millbrook School","Ozone","Wake",35.856111,-78.574167
"9478",NA,27,"Millbrook School","Ozone","Wake",35.856111,-78.574167
"9479",NA,23,"Millbrook School","Ozone","Wake",35.856111,-78.574167
"9480",NA,31,"Millbrook School","Ozone","Wake",35.856111,-78.574167
"9481",12-01-20,26,"Millbrook School","Ozone","Wake",35.856111,-78.574167
"9482",12-02-20,22,"Millbrook School","Ozone","Wake",35.856111,-78.574167
"9483",12-03-20,28,"Millbrook School","Ozone","Wake",35.856111,-78.574167
"9484",12-04-20,18,"Millbrook School","Ozone","Wake",35.856111,-78.574167
"9485",12-05-20,22,"Millbrook School","Ozone","Wake",35.856111,-78.574167
"9486",12-06-20,23,"Millbrook School","Ozone","Wake",35.856111,-78.574167
"9487",12-07-20,26,"Millbrook School","Ozone","Wake",35.856111,-78.574167
"9488",12-08-20,25,"Millbrook School","Ozone","Wake",35.856111,-78.574167
"9489",12-10-20,27,"Millbrook School","Ozone","Wake",35.856111,-78.574167
"9490",12-11-20,30,"Millbrook School","Ozone","Wake",35.856111,-78.574167
"9491",12-12-20,23,"Millbrook School","Ozone","Wake",35.856111,-78.574167
"9492",NA,14,"Millbrook School","Ozone","Wake",35.856111,-78.574167
"9493",NA,20,"Millbrook School","Ozone","Wake",35.856111,-78.574167
"9494",NA,11,"Millbrook School","Ozone","Wake",35.856111,-78.574167
"9495",NA,24,"Millbrook School","Ozone","Wake",35.856111,-78.574167
"9496",NA,30,"Millbrook School","Ozone","Wake",35.856111,-78.574167
"9497",NA,25,"Millbrook School","Ozone","Wake",35.856111,-78.574167
"9498",NA,28,"Millbrook School","Ozone","Wake",35.856111,-78.574167
"9499",NA,35,"Millbrook School","Ozone","Wake",35.856111,-78.574167
"9500",NA,21,"Millbrook School","Ozone","Wake",35.856111,-78.574167
"9501",NA,28,"Millbrook School","Ozone","Wake",35.856111,-78.574167
"9502",NA,29,"Millbrook School","Ozone","Wake",35.856111,-78.574167
"9503",NA,30,"Millbrook School","Ozone","Wake",35.856111,-78.574167
"9504",NA,28,"Millbrook School","Ozone","Wake",35.856111,-78.574167
"9505",NA,27,"Millbrook School","Ozone","Wake",35.856111,-78.574167
"9506",NA,27,"Millbrook School","Ozone","Wake",35.856111,-78.574167
"9507",NA,27,"Millbrook School","Ozone","Wake",35.856111,-78.574167
"9508",NA,15,"Millbrook School","Ozone","Wake",35.856111,-78.574167
"9509",3-01-20,44,"Mt. Mitchell","Ozone","Yancey",35.765413,-82.264944
"9510",3-02-20,45,"Mt. Mitchell","Ozone","Yancey",35.765413,-82.264944
"9511",3-03-20,47,"Mt. Mitchell","Ozone","Yancey",35.765413,-82.264944
"9512",3-04-20,48,"Mt. Mitchell","Ozone","Yancey",35.765413,-82.264944
"9513",3-05-20,46,"Mt. Mitchell","Ozone","Yancey",35.765413,-82.264944
"9514",3-06-20,46,"Mt. Mitchell","Ozone","Yancey",35.765413,-82.264944
"9515",3-09-20,48,"Mt. Mitchell","Ozone","Yancey",35.765413,-82.264944
"9516",3-10-20,49,"Mt. Mitchell","Ozone","Yancey",35.765413,-82.264944
"9517",3-11-20,44,"Mt. Mitchell","Ozone","Yancey",35.765413,-82.264944
"9518",NA,44,"Mt. Mitchell","Ozone","Yancey",35.765413,-82.264944
"9519",NA,64,"Mt. Mitchell","Ozone","Yancey",35.765413,-82.264944
"9520",NA,71,"Mt. Mitchell","Ozone","Yancey",35.765413,-82.264944
"9521",NA,50,"Mt. Mitchell","Ozone","Yancey",35.765413,-82.264944
"9522",NA,42,"Mt. Mitchell","Ozone","Yancey",35.765413,-82.264944
"9523",NA,41,"Mt. Mitchell","Ozone","Yancey",35.765413,-82.264944
"9524",NA,43,"Mt. Mitchell","Ozone","Yancey",35.765413,-82.264944
"9525",NA,50,"Mt. Mitchell","Ozone","Yancey",35.765413,-82.264944
"9526",NA,49,"Mt. Mitchell","Ozone","Yancey",35.765413,-82.264944
"9527",NA,45,"Mt. Mitchell","Ozone","Yancey",35.765413,-82.264944
"9528",NA,44,"Mt. Mitchell","Ozone","Yancey",35.765413,-82.264944
"9529",NA,44,"Mt. Mitchell","Ozone","Yancey",35.765413,-82.264944
"9530",NA,43,"Mt. Mitchell","Ozone","Yancey",35.765413,-82.264944
"9531",NA,44,"Mt. Mitchell","Ozone","Yancey",35.765413,-82.264944
"9532",NA,48,"Mt. Mitchell","Ozone","Yancey",35.765413,-82.264944
"9533",NA,61,"Mt. Mitchell","Ozone","Yancey",35.765413,-82.264944
"9534",4-01-20,48,"Mt. Mitchell","Ozone","Yancey",35.765413,-82.264944
"9535",4-02-20,61,"Mt. Mitchell","Ozone","Yancey",35.765413,-82.264944
"9536",4-03-20,43,"Mt. Mitchell","Ozone","Yancey",35.765413,-82.264944
"9537",4-04-20,48,"Mt. Mitchell","Ozone","Yancey",35.765413,-82.264944
"9538",4-05-20,54,"Mt. Mitchell","Ozone","Yancey",35.765413,-82.264944
"9539",4-06-20,58,"Mt. Mitchell","Ozone","Yancey",35.765413,-82.264944
"9540",4-07-20,47,"Mt. Mitchell","Ozone","Yancey",35.765413,-82.264944
"9541",4-08-20,47,"Mt. Mitchell","Ozone","Yancey",35.765413,-82.264944
"9542",4-09-20,44,"Mt. Mitchell","Ozone","Yancey",35.765413,-82.264944
"9543",4-10-20,44,"Mt. Mitchell","Ozone","Yancey",35.765413,-82.264944
"9544",4-11-20,46,"Mt. Mitchell","Ozone","Yancey",35.765413,-82.264944
"9545",4-12-20,74,"Mt. Mitchell","Ozone","Yancey",35.765413,-82.264944
"9546",NA,74,"Mt. Mitchell","Ozone","Yancey",35.765413,-82.264944
"9547",NA,42,"Mt. Mitchell","Ozone","Yancey",35.765413,-82.264944
"9548",NA,43,"Mt. Mitchell","Ozone","Yancey",35.765413,-82.264944
"9549",NA,71,"Mt. Mitchell","Ozone","Yancey",35.765413,-82.264944
"9550",NA,71,"Mt. Mitchell","Ozone","Yancey",35.765413,-82.264944
"9551",NA,77,"Mt. Mitchell","Ozone","Yancey",35.765413,-82.264944
"9552",NA,77,"Mt. Mitchell","Ozone","Yancey",35.765413,-82.264944
"9553",NA,46,"Mt. Mitchell","Ozone","Yancey",35.765413,-82.264944
"9554",NA,47,"Mt. Mitchell","Ozone","Yancey",35.765413,-82.264944
"9555",NA,46,"Mt. Mitchell","Ozone","Yancey",35.765413,-82.264944
"9556",NA,43,"Mt. Mitchell","Ozone","Yancey",35.765413,-82.264944
"9557",NA,49,"Mt. Mitchell","Ozone","Yancey",35.765413,-82.264944
"9558",NA,64,"Mt. Mitchell","Ozone","Yancey",35.765413,-82.264944
"9559",NA,64,"Mt. Mitchell","Ozone","Yancey",35.765413,-82.264944
"9560",NA,61,"Mt. Mitchell","Ozone","Yancey",35.765413,-82.264944
"9561",NA,64,"Mt. Mitchell","Ozone","Yancey",35.765413,-82.264944
"9562",5-01-20,84,"Mt. Mitchell","Ozone","Yancey",35.765413,-82.264944
"9563",5-02-20,71,"Mt. Mitchell","Ozone","Yancey",35.765413,-82.264944
"9564",5-03-20,64,"Mt. Mitchell","Ozone","Yancey",35.765413,-82.264944
"9565",5-04-20,54,"Mt. Mitchell","Ozone","Yancey",35.765413,-82.264944
"9566",5-05-20,44,"Mt. Mitchell","Ozone","Yancey",35.765413,-82.264944
"9567",5-06-20,50,"Mt. Mitchell","Ozone","Yancey",35.765413,-82.264944
"9568",5-07-20,58,"Mt. Mitchell","Ozone","Yancey",35.765413,-82.264944
"9569",5-08-20,54,"Mt. Mitchell","Ozone","Yancey",35.765413,-82.264944
"9570",5-09-20,54,"Mt. Mitchell","Ozone","Yancey",35.765413,-82.264944
"9571",5-10-20,50,"Mt. Mitchell","Ozone","Yancey",35.765413,-82.264944
"9572",5-11-20,74,"Mt. Mitchell","Ozone","Yancey",35.765413,-82.264944
"9573",5-12-20,54,"Mt. Mitchell","Ozone","Yancey",35.765413,-82.264944
"9574",NA,51,"Mt. Mitchell","Ozone","Yancey",35.765413,-82.264944
"9575",NA,47,"Mt. Mitchell","Ozone","Yancey",35.765413,-82.264944
"9576",NA,40,"Mt. Mitchell","Ozone","Yancey",35.765413,-82.264944
"9577",NA,29,"Mt. Mitchell","Ozone","Yancey",35.765413,-82.264944
"9578",NA,32,"Mt. Mitchell","Ozone","Yancey",35.765413,-82.264944
"9579",NA,45,"Mt. Mitchell","Ozone","Yancey",35.765413,-82.264944
"9580",NA,46,"Mt. Mitchell","Ozone","Yancey",35.765413,-82.264944
"9581",NA,49,"Mt. Mitchell","Ozone","Yancey",35.765413,-82.264944
"9582",NA,40,"Mt. Mitchell","Ozone","Yancey",35.765413,-82.264944
"9583",NA,32,"Mt. Mitchell","Ozone","Yancey",35.765413,-82.264944
"9584",NA,47,"Mt. Mitchell","Ozone","Yancey",35.765413,-82.264944
"9585",NA,40,"Mt. Mitchell","Ozone","Yancey",35.765413,-82.264944
"9586",NA,32,"Mt. Mitchell","Ozone","Yancey",35.765413,-82.264944
"9587",NA,35,"Mt. Mitchell","Ozone","Yancey",35.765413,-82.264944
"9588",NA,29,"Mt. Mitchell","Ozone","Yancey",35.765413,-82.264944
"9589",NA,25,"Mt. Mitchell","Ozone","Yancey",35.765413,-82.264944
"9590",NA,29,"Mt. Mitchell","Ozone","Yancey",35.765413,-82.264944
"9591",NA,39,"Mt. Mitchell","Ozone","Yancey",35.765413,-82.264944
"9592",NA,54,"Mt. Mitchell","Ozone","Yancey",35.765413,-82.264944
"9593",6-01-20,45,"Mt. Mitchell","Ozone","Yancey",35.765413,-82.264944
"9594",6-02-20,48,"Mt. Mitchell","Ozone","Yancey",35.765413,-82.264944
"9595",6-03-20,48,"Mt. Mitchell","Ozone","Yancey",35.765413,-82.264944
"9596",6-04-20,58,"Mt. Mitchell","Ozone","Yancey",35.765413,-82.264944
"9597",6-05-20,71,"Mt. Mitchell","Ozone","Yancey",35.765413,-82.264944
"9598",6-06-20,67,"Mt. Mitchell","Ozone","Yancey",35.765413,-82.264944
"9599",6-07-20,51,"Mt. Mitchell","Ozone","Yancey",35.765413,-82.264944
"9600",6-08-20,74,"Mt. Mitchell","Ozone","Yancey",35.765413,-82.264944
"9601",6-09-20,58,"Mt. Mitchell","Ozone","Yancey",35.765413,-82.264944
"9602",6-10-20,47,"Mt. Mitchell","Ozone","Yancey",35.765413,-82.264944
"9603",6-11-20,44,"Mt. Mitchell","Ozone","Yancey",35.765413,-82.264944
"9604",6-12-20,44,"Mt. Mitchell","Ozone","Yancey",35.765413,-82.264944
"9605",NA,39,"Mt. Mitchell","Ozone","Yancey",35.765413,-82.264944
"9606",NA,51,"Mt. Mitchell","Ozone","Yancey",35.765413,-82.264944
"9607",NA,61,"Mt. Mitchell","Ozone","Yancey",35.765413,-82.264944
"9608",NA,48,"Mt. Mitchell","Ozone","Yancey",35.765413,-82.264944
"9609",NA,45,"Mt. Mitchell","Ozone","Yancey",35.765413,-82.264944
"9610",NA,43,"Mt. Mitchell","Ozone","Yancey",35.765413,-82.264944
"9611",NA,37,"Mt. Mitchell","Ozone","Yancey",35.765413,-82.264944
"9612",NA,30,"Mt. Mitchell","Ozone","Yancey",35.765413,-82.264944
"9613",NA,34,"Mt. Mitchell","Ozone","Yancey",35.765413,-82.264944
"9614",NA,42,"Mt. Mitchell","Ozone","Yancey",35.765413,-82.264944
"9615",NA,41,"Mt. Mitchell","Ozone","Yancey",35.765413,-82.264944
"9616",NA,40,"Mt. Mitchell","Ozone","Yancey",35.765413,-82.264944
"9617",NA,32,"Mt. Mitchell","Ozone","Yancey",35.765413,-82.264944
"9618",NA,31,"Mt. Mitchell","Ozone","Yancey",35.765413,-82.264944
"9619",NA,37,"Mt. Mitchell","Ozone","Yancey",35.765413,-82.264944
"9620",NA,39,"Mt. Mitchell","Ozone","Yancey",35.765413,-82.264944
"9621",NA,40,"Mt. Mitchell","Ozone","Yancey",35.765413,-82.264944
"9622",NA,41,"Mt. Mitchell","Ozone","Yancey",35.765413,-82.264944
"9623",7-01-20,31,"Mt. Mitchell","Ozone","Yancey",35.765413,-82.264944
"9624",7-02-20,34,"Mt. Mitchell","Ozone","Yancey",35.765413,-82.264944
"9625",7-03-20,38,"Mt. Mitchell","Ozone","Yancey",35.765413,-82.264944
"9626",7-04-20,36,"Mt. Mitchell","Ozone","Yancey",35.765413,-82.264944
"9627",7-05-20,29,"Mt. Mitchell","Ozone","Yancey",35.765413,-82.264944
"9628",7-06-20,40,"Mt. Mitchell","Ozone","Yancey",35.765413,-82.264944
"9629",7-07-20,42,"Mt. Mitchell","Ozone","Yancey",35.765413,-82.264944
"9630",7-08-20,43,"Mt. Mitchell","Ozone","Yancey",35.765413,-82.264944
"9631",7-09-20,48,"Mt. Mitchell","Ozone","Yancey",35.765413,-82.264944
"9632",7-10-20,44,"Mt. Mitchell","Ozone","Yancey",35.765413,-82.264944
"9633",7-11-20,46,"Mt. Mitchell","Ozone","Yancey",35.765413,-82.264944
"9634",7-12-20,45,"Mt. Mitchell","Ozone","Yancey",35.765413,-82.264944
"9635",NA,45,"Mt. Mitchell","Ozone","Yancey",35.765413,-82.264944
"9636",NA,47,"Mt. Mitchell","Ozone","Yancey",35.765413,-82.264944
"9637",NA,38,"Mt. Mitchell","Ozone","Yancey",35.765413,-82.264944
"9638",NA,38,"Mt. Mitchell","Ozone","Yancey",35.765413,-82.264944
"9639",NA,43,"Mt. Mitchell","Ozone","Yancey",35.765413,-82.264944
"9640",NA,43,"Mt. Mitchell","Ozone","Yancey",35.765413,-82.264944
"9641",NA,41,"Mt. Mitchell","Ozone","Yancey",35.765413,-82.264944
"9642",NA,54,"Mt. Mitchell","Ozone","Yancey",35.765413,-82.264944
"9643",NA,51,"Mt. Mitchell","Ozone","Yancey",35.765413,-82.264944
"9644",NA,38,"Mt. Mitchell","Ozone","Yancey",35.765413,-82.264944
"9645",NA,41,"Mt. Mitchell","Ozone","Yancey",35.765413,-82.264944
"9646",NA,51,"Mt. Mitchell","Ozone","Yancey",35.765413,-82.264944
"9647",NA,39,"Mt. Mitchell","Ozone","Yancey",35.765413,-82.264944
"9648",NA,37,"Mt. Mitchell","Ozone","Yancey",35.765413,-82.264944
"9649",NA,45,"Mt. Mitchell","Ozone","Yancey",35.765413,-82.264944
"9650",NA,39,"Mt. Mitchell","Ozone","Yancey",35.765413,-82.264944
"9651",NA,39,"Mt. Mitchell","Ozone","Yancey",35.765413,-82.264944
"9652",NA,41,"Mt. Mitchell","Ozone","Yancey",35.765413,-82.264944
"9653",NA,43,"Mt. Mitchell","Ozone","Yancey",35.765413,-82.264944
"9654",8-01-20,33,"Mt. Mitchell","Ozone","Yancey",35.765413,-82.264944
"9655",8-02-20,31,"Mt. Mitchell","Ozone","Yancey",35.765413,-82.264944
"9656",8-03-20,35,"Mt. Mitchell","Ozone","Yancey",35.765413,-82.264944
"9657",8-04-20,39,"Mt. Mitchell","Ozone","Yancey",35.765413,-82.264944
"9658",8-05-20,39,"Mt. Mitchell","Ozone","Yancey",35.765413,-82.264944
"9659",8-06-20,34,"Mt. Mitchell","Ozone","Yancey",35.765413,-82.264944
"9660",8-07-20,33,"Mt. Mitchell","Ozone","Yancey",35.765413,-82.264944
"9661",8-08-20,40,"Mt. Mitchell","Ozone","Yancey",35.765413,-82.264944
"9662",8-09-20,44,"Mt. Mitchell","Ozone","Yancey",35.765413,-82.264944
"9663",8-10-20,41,"Mt. Mitchell","Ozone","Yancey",35.765413,-82.264944
"9664",8-11-20,41,"Mt. Mitchell","Ozone","Yancey",35.765413,-82.264944
"9665",8-12-20,38,"Mt. Mitchell","Ozone","Yancey",35.765413,-82.264944
"9666",NA,35,"Mt. Mitchell","Ozone","Yancey",35.765413,-82.264944
"9667",NA,44,"Mt. Mitchell","Ozone","Yancey",35.765413,-82.264944
"9668",NA,40,"Mt. Mitchell","Ozone","Yancey",35.765413,-82.264944
"9669",NA,35,"Mt. Mitchell","Ozone","Yancey",35.765413,-82.264944
"9670",NA,42,"Mt. Mitchell","Ozone","Yancey",35.765413,-82.264944
"9671",NA,43,"Mt. Mitchell","Ozone","Yancey",35.765413,-82.264944
"9672",NA,41,"Mt. Mitchell","Ozone","Yancey",35.765413,-82.264944
"9673",NA,32,"Mt. Mitchell","Ozone","Yancey",35.765413,-82.264944
"9674",NA,39,"Mt. Mitchell","Ozone","Yancey",35.765413,-82.264944
"9675",NA,45,"Mt. Mitchell","Ozone","Yancey",35.765413,-82.264944
"9676",NA,40,"Mt. Mitchell","Ozone","Yancey",35.765413,-82.264944
"9677",NA,44,"Mt. Mitchell","Ozone","Yancey",35.765413,-82.264944
"9678",NA,49,"Mt. Mitchell","Ozone","Yancey",35.765413,-82.264944
"9679",NA,40,"Mt. Mitchell","Ozone","Yancey",35.765413,-82.264944
"9680",NA,41,"Mt. Mitchell","Ozone","Yancey",35.765413,-82.264944
"9681",NA,40,"Mt. Mitchell","Ozone","Yancey",35.765413,-82.264944
"9682",NA,36,"Mt. Mitchell","Ozone","Yancey",35.765413,-82.264944
"9683",NA,33,"Mt. Mitchell","Ozone","Yancey",35.765413,-82.264944
"9684",NA,32,"Mt. Mitchell","Ozone","Yancey",35.765413,-82.264944
"9685",9-01-20,31,"Mt. Mitchell","Ozone","Yancey",35.765413,-82.264944
"9686",9-02-20,30,"Mt. Mitchell","Ozone","Yancey",35.765413,-82.264944
"9687",9-03-20,28,"Mt. Mitchell","Ozone","Yancey",35.765413,-82.264944
"9688",9-04-20,33,"Mt. Mitchell","Ozone","Yancey",35.765413,-82.264944
"9689",9-05-20,37,"Mt. Mitchell","Ozone","Yancey",35.765413,-82.264944
"9690",9-06-20,37,"Mt. Mitchell","Ozone","Yancey",35.765413,-82.264944
"9691",9-07-20,43,"Mt. Mitchell","Ozone","Yancey",35.765413,-82.264944
"9692",9-08-20,32,"Mt. Mitchell","Ozone","Yancey",35.765413,-82.264944
"9693",9-09-20,24,"Mt. Mitchell","Ozone","Yancey",35.765413,-82.264944
"9694",9-10-20,31,"Mt. Mitchell","Ozone","Yancey",35.765413,-82.264944
"9695",9-11-20,31,"Mt. Mitchell","Ozone","Yancey",35.765413,-82.264944
"9696",9-12-20,29,"Mt. Mitchell","Ozone","Yancey",35.765413,-82.264944
"9697",NA,38,"Mt. Mitchell","Ozone","Yancey",35.765413,-82.264944
"9698",NA,45,"Mt. Mitchell","Ozone","Yancey",35.765413,-82.264944
"9699",NA,37,"Mt. Mitchell","Ozone","Yancey",35.765413,-82.264944
"9700",NA,41,"Mt. Mitchell","Ozone","Yancey",35.765413,-82.264944
"9701",NA,40,"Mt. Mitchell","Ozone","Yancey",35.765413,-82.264944
"9702",NA,34,"Mt. Mitchell","Ozone","Yancey",35.765413,-82.264944
"9703",NA,29,"Mt. Mitchell","Ozone","Yancey",35.765413,-82.264944
"9704",NA,31,"Mt. Mitchell","Ozone","Yancey",35.765413,-82.264944
"9705",NA,29,"Mt. Mitchell","Ozone","Yancey",35.765413,-82.264944
"9706",NA,30,"Mt. Mitchell","Ozone","Yancey",35.765413,-82.264944
"9707",NA,34,"Mt. Mitchell","Ozone","Yancey",35.765413,-82.264944
"9708",NA,34,"Mt. Mitchell","Ozone","Yancey",35.765413,-82.264944
"9709",NA,33,"Mt. Mitchell","Ozone","Yancey",35.765413,-82.264944
"9710",10-01-20,48,"Mt. Mitchell","Ozone","Yancey",35.765413,-82.264944
"9711",10-02-20,35,"Mt. Mitchell","Ozone","Yancey",35.765413,-82.264944
"9712",10-03-20,30,"Mt. Mitchell","Ozone","Yancey",35.765413,-82.264944
"9713",10-04-20,38,"Mt. Mitchell","Ozone","Yancey",35.765413,-82.264944
"9714",10-05-20,33,"Mt. Mitchell","Ozone","Yancey",35.765413,-82.264944
"9715",10-06-20,38,"Mt. Mitchell","Ozone","Yancey",35.765413,-82.264944
"9716",10-07-20,36,"Mt. Mitchell","Ozone","Yancey",35.765413,-82.264944
"9717",10-08-20,33,"Mt. Mitchell","Ozone","Yancey",35.765413,-82.264944
"9718",10-09-20,34,"Mt. Mitchell","Ozone","Yancey",35.765413,-82.264944
"9719",NA,43,"Mt. Mitchell","Ozone","Yancey",35.765413,-82.264944
"9720",NA,38,"Mt. Mitchell","Ozone","Yancey",35.765413,-82.264944
"9721",NA,35,"Mt. Mitchell","Ozone","Yancey",35.765413,-82.264944
"9722",NA,35,"Mt. Mitchell","Ozone","Yancey",35.765413,-82.264944
"9723",NA,51,"Mt. Mitchell","Ozone","Yancey",35.765413,-82.264944
"9724",NA,50,"Mt. Mitchell","Ozone","Yancey",35.765413,-82.264944
"9725",NA,45,"Mt. Mitchell","Ozone","Yancey",35.765413,-82.264944
"9726",NA,37,"Mt. Mitchell","Ozone","Yancey",35.765413,-82.264944
"9727",NA,50,"Mt. Mitchell","Ozone","Yancey",35.765413,-82.264944
"9728",NA,61,"Mt. Mitchell","Ozone","Yancey",35.765413,-82.264944
"9729",NA,48,"Mt. Mitchell","Ozone","Yancey",35.765413,-82.264944
"9730",NA,45,"Mt. Mitchell","Ozone","Yancey",35.765413,-82.264944
"9731",NA,47,"Mt. Mitchell","Ozone","Yancey",35.765413,-82.264944
"9732",NA,40,"Mt. Mitchell","Ozone","Yancey",35.765413,-82.264944
"9733",NA,38,"Mt. Mitchell","Ozone","Yancey",35.765413,-82.264944
"9734",NA,42,"Mt. Mitchell","Ozone","Yancey",35.765413,-82.264944
"9735",NA,46,"Mt. Mitchell","Ozone","Yancey",35.765413,-82.264944
"9736",NA,49,"Mt. Mitchell","Ozone","Yancey",35.765413,-82.264944
"9737",NA,44,"Mt. Mitchell","Ozone","Yancey",35.765413,-82.264944
