"","Date","DAILY_AQI_VALUE","Site.Name","AQS_PARAMETER_DESC","COUNTY","SITE_LATITUDE","SITE_LONGITUDE"
"1",1-02-20,12,"Linville Falls","PM 2.5","Avery",35.972347,-81.933072
"2",1-05-20,15,"Linville Falls","PM 2.5","Avery",35.972347,-81.933072
"3",1-08-20,22,"Linville Falls","PM 2.5","Avery",35.972347,-81.933072
"4",1-11-20,3,"Linville Falls","PM 2.5","Avery",35.972347,-81.933072
"5",NA,10,"Linville Falls","PM 2.5","Avery",35.972347,-81.933072
"6",NA,19,"Linville Falls","PM 2.5","Avery",35.972347,-81.933072
"7",NA,8,"Linville Falls","PM 2.5","Avery",35.972347,-81.933072
"8",NA,10,"Linville Falls","PM 2.5","Avery",35.972347,-81.933072
"9",NA,18,"Linville Falls","PM 2.5","Avery",35.972347,-81.933072
"10",NA,7,"Linville Falls","PM 2.5","Avery",35.972347,-81.933072
"11",2-01-20,24,"Linville Falls","PM 2.5","Avery",35.972347,-81.933072
"12",2-04-20,5,"Linville Falls","PM 2.5","Avery",35.972347,-81.933072
"13",2-07-20,9,"Linville Falls","PM 2.5","Avery",35.972347,-81.933072
"14",2-10-20,14,"Linville Falls","PM 2.5","Avery",35.972347,-81.933072
"15",NA,11,"Linville Falls","PM 2.5","Avery",35.972347,-81.933072
"16",NA,10,"Linville Falls","PM 2.5","Avery",35.972347,-81.933072
"17",NA,13,"Linville Falls","PM 2.5","Avery",35.972347,-81.933072
"18",NA,33,"Linville Falls","PM 2.5","Avery",35.972347,-81.933072
"19",NA,17,"Linville Falls","PM 2.5","Avery",35.972347,-81.933072
"20",NA,15,"Linville Falls","PM 2.5","Avery",35.972347,-81.933072
"21",3-06-20,44,"Linville Falls","PM 2.5","Avery",35.972347,-81.933072
"22",3-09-20,18,"Linville Falls","PM 2.5","Avery",35.972347,-81.933072
"23",3-12-20,10,"Linville Falls","PM 2.5","Avery",35.972347,-81.933072
"24",NA,30,"Linville Falls","PM 2.5","Avery",35.972347,-81.933072
"25",NA,23,"Linville Falls","PM 2.5","Avery",35.972347,-81.933072
"26",NA,5,"Linville Falls","PM 2.5","Avery",35.972347,-81.933072
"27",NA,21,"Linville Falls","PM 2.5","Avery",35.972347,-81.933072
"28",NA,18,"Linville Falls","PM 2.5","Avery",35.972347,-81.933072
"29",NA,7,"Linville Falls","PM 2.5","Avery",35.972347,-81.933072
"30",4-02-20,25,"Linville Falls","PM 2.5","Avery",35.972347,-81.933072
"31",4-05-20,19,"Linville Falls","PM 2.5","Avery",35.972347,-81.933072
"32",4-08-20,12,"Linville Falls","PM 2.5","Avery",35.972347,-81.933072
"33",4-11-20,19,"Linville Falls","PM 2.5","Avery",35.972347,-81.933072
"34",NA,32,"Linville Falls","PM 2.5","Avery",35.972347,-81.933072
"35",NA,15,"Linville Falls","PM 2.5","Avery",35.972347,-81.933072
"36",NA,11,"Linville Falls","PM 2.5","Avery",35.972347,-81.933072
"37",NA,7,"Linville Falls","PM 2.5","Avery",35.972347,-81.933072
"38",NA,9,"Linville Falls","PM 2.5","Avery",35.972347,-81.933072
"39",NA,11,"Linville Falls","PM 2.5","Avery",35.972347,-81.933072
"40",5-02-20,30,"Linville Falls","PM 2.5","Avery",35.972347,-81.933072
"41",5-05-20,42,"Linville Falls","PM 2.5","Avery",35.972347,-81.933072
"42",5-08-20,20,"Linville Falls","PM 2.5","Avery",35.972347,-81.933072
"43",5-11-20,35,"Linville Falls","PM 2.5","Avery",35.972347,-81.933072
"44",NA,49,"Linville Falls","PM 2.5","Avery",35.972347,-81.933072
"45",NA,11,"Linville Falls","PM 2.5","Avery",35.972347,-81.933072
"46",NA,22,"Linville Falls","PM 2.5","Avery",35.972347,-81.933072
"47",NA,23,"Linville Falls","PM 2.5","Avery",35.972347,-81.933072
"48",NA,9,"Linville Falls","PM 2.5","Avery",35.972347,-81.933072
"49",NA,5,"Linville Falls","PM 2.5","Avery",35.972347,-81.933072
"50",6-01-20,15,"Linville Falls","PM 2.5","Avery",35.972347,-81.933072
"51",6-04-20,16,"Linville Falls","PM 2.5","Avery",35.972347,-81.933072
"52",6-07-20,33,"Linville Falls","PM 2.5","Avery",35.972347,-81.933072
"53",6-10-20,39,"Linville Falls","PM 2.5","Avery",35.972347,-81.933072
"54",NA,18,"Linville Falls","PM 2.5","Avery",35.972347,-81.933072
"55",NA,41,"Linville Falls","PM 2.5","Avery",35.972347,-81.933072
"56",NA,42,"Linville Falls","PM 2.5","Avery",35.972347,-81.933072
"57",NA,20,"Linville Falls","PM 2.5","Avery",35.972347,-81.933072
"58",NA,20,"Linville Falls","PM 2.5","Avery",35.972347,-81.933072
"59",NA,24,"Linville Falls","PM 2.5","Avery",35.972347,-81.933072
"60",7-01-20,25,"Linville Falls","PM 2.5","Avery",35.972347,-81.933072
"61",7-04-20,43,"Linville Falls","PM 2.5","Avery",35.972347,-81.933072
"62",7-07-20,22,"Linville Falls","PM 2.5","Avery",35.972347,-81.933072
"63",7-10-20,34,"Linville Falls","PM 2.5","Avery",35.972347,-81.933072
"64",NA,47,"Linville Falls","PM 2.5","Avery",35.972347,-81.933072
"65",NA,31,"Linville Falls","PM 2.5","Avery",35.972347,-81.933072
"66",NA,29,"Linville Falls","PM 2.5","Avery",35.972347,-81.933072
"67",NA,18,"Linville Falls","PM 2.5","Avery",35.972347,-81.933072
"68",NA,21,"Linville Falls","PM 2.5","Avery",35.972347,-81.933072
"69",NA,34,"Linville Falls","PM 2.5","Avery",35.972347,-81.933072
"70",NA,25,"Linville Falls","PM 2.5","Avery",35.972347,-81.933072
"71",8-03-20,5,"Linville Falls","PM 2.5","Avery",35.972347,-81.933072
"72",8-06-20,21,"Linville Falls","PM 2.5","Avery",35.972347,-81.933072
"73",8-09-20,21,"Linville Falls","PM 2.5","Avery",35.972347,-81.933072
"74",8-12-20,35,"Linville Falls","PM 2.5","Avery",35.972347,-81.933072
"75",NA,43,"Linville Falls","PM 2.5","Avery",35.972347,-81.933072
"76",NA,25,"Linville Falls","PM 2.5","Avery",35.972347,-81.933072
"77",NA,20,"Linville Falls","PM 2.5","Avery",35.972347,-81.933072
"78",NA,21,"Linville Falls","PM 2.5","Avery",35.972347,-81.933072
"79",NA,45,"Linville Falls","PM 2.5","Avery",35.972347,-81.933072
"80",NA,27,"Linville Falls","PM 2.5","Avery",35.972347,-81.933072
"81",9-02-20,24,"Linville Falls","PM 2.5","Avery",35.972347,-81.933072
"82",9-05-20,29,"Linville Falls","PM 2.5","Avery",35.972347,-81.933072
"83",9-08-20,32,"Linville Falls","PM 2.5","Avery",35.972347,-81.933072
"84",9-11-20,22,"Linville Falls","PM 2.5","Avery",35.972347,-81.933072
"85",NA,9,"Linville Falls","PM 2.5","Avery",35.972347,-81.933072
"86",NA,3,"Linville Falls","PM 2.5","Avery",35.972347,-81.933072
"87",NA,35,"Linville Falls","PM 2.5","Avery",35.972347,-81.933072
"88",NA,30,"Linville Falls","PM 2.5","Avery",35.972347,-81.933072
"89",NA,13,"Linville Falls","PM 2.5","Avery",35.972347,-81.933072
"90",NA,20,"Linville Falls","PM 2.5","Avery",35.972347,-81.933072
"91",10-02-20,25,"Linville Falls","PM 2.5","Avery",35.972347,-81.933072
"92",10-05-20,26,"Linville Falls","PM 2.5","Avery",35.972347,-81.933072
"93",10-08-20,23,"Linville Falls","PM 2.5","Avery",35.972347,-81.933072
"94",10-11-20,6,"Linville Falls","PM 2.5","Avery",35.972347,-81.933072
"95",NA,20,"Linville Falls","PM 2.5","Avery",35.972347,-81.933072
"96",NA,5,"Linville Falls","PM 2.5","Avery",35.972347,-81.933072
"97",NA,12,"Linville Falls","PM 2.5","Avery",35.972347,-81.933072
"98",NA,12,"Linville Falls","PM 2.5","Avery",35.972347,-81.933072
"99",NA,5,"Linville Falls","PM 2.5","Avery",35.972347,-81.933072
"100",NA,8,"Linville Falls","PM 2.5","Avery",35.972347,-81.933072
"101",11-01-20,22,"Linville Falls","PM 2.5","Avery",35.972347,-81.933072
"102",11-04-20,15,"Linville Falls","PM 2.5","Avery",35.972347,-81.933072
"103",11-07-20,10,"Linville Falls","PM 2.5","Avery",35.972347,-81.933072
"104",11-10-20,12,"Linville Falls","PM 2.5","Avery",35.972347,-81.933072
"105",NA,5,"Linville Falls","PM 2.5","Avery",35.972347,-81.933072
"106",NA,10,"Linville Falls","PM 2.5","Avery",35.972347,-81.933072
"107",NA,31,"Linville Falls","PM 2.5","Avery",35.972347,-81.933072
"108",NA,14,"Linville Falls","PM 2.5","Avery",35.972347,-81.933072
"109",NA,15,"Linville Falls","PM 2.5","Avery",35.972347,-81.933072
"110",NA,21,"Linville Falls","PM 2.5","Avery",35.972347,-81.933072
"111",12-01-20,16,"Linville Falls","PM 2.5","Avery",35.972347,-81.933072
"112",12-04-20,6,"Linville Falls","PM 2.5","Avery",35.972347,-81.933072
"113",12-07-20,15,"Linville Falls","PM 2.5","Avery",35.972347,-81.933072
"114",12-10-20,5,"Linville Falls","PM 2.5","Avery",35.972347,-81.933072
"115",NA,20,"Linville Falls","PM 2.5","Avery",35.972347,-81.933072
"116",NA,4,"Linville Falls","PM 2.5","Avery",35.972347,-81.933072
"117",NA,12,"Linville Falls","PM 2.5","Avery",35.972347,-81.933072
"118",1-02-20,26,"Board Of Ed. Bldg.","PM 2.5","Buncombe",35.6062000008935,-82.5844
"119",1-08-20,40,"Board Of Ed. Bldg.","PM 2.5","Buncombe",35.6062000008935,-82.5844
"120",NA,18,"Board Of Ed. Bldg.","PM 2.5","Buncombe",35.6062000008935,-82.5844
"121",NA,23,"Board Of Ed. Bldg.","PM 2.5","Buncombe",35.6062000008935,-82.5844
"122",NA,37,"Board Of Ed. Bldg.","PM 2.5","Buncombe",35.6062000008935,-82.5844
"123",2-01-20,44,"Board Of Ed. Bldg.","PM 2.5","Buncombe",35.6062000008935,-82.5844
"124",2-07-20,15,"Board Of Ed. Bldg.","PM 2.5","Buncombe",35.6062000008935,-82.5844
"125",NA,18,"Board Of Ed. Bldg.","PM 2.5","Buncombe",35.6062000008935,-82.5844
"126",NA,14,"Board Of Ed. Bldg.","PM 2.5","Buncombe",35.6062000008935,-82.5844
"127",NA,22,"Board Of Ed. Bldg.","PM 2.5","Buncombe",35.6062000008935,-82.5844
"128",3-03-20,9,"Board Of Ed. Bldg.","PM 2.5","Buncombe",35.6062000008935,-82.5844
"129",3-09-20,28,"Board Of Ed. Bldg.","PM 2.5","Buncombe",35.6062000008935,-82.5844
"130",NA,31,"Board Of Ed. Bldg.","PM 2.5","Buncombe",35.6062000008935,-82.5844
"131",NA,9,"Board Of Ed. Bldg.","PM 2.5","Buncombe",35.6062000008935,-82.5844
"132",NA,21,"Board Of Ed. Bldg.","PM 2.5","Buncombe",35.6062000008935,-82.5844
"133",4-02-20,40,"Board Of Ed. Bldg.","PM 2.5","Buncombe",35.6062000008935,-82.5844
"134",4-08-20,16,"Board Of Ed. Bldg.","PM 2.5","Buncombe",35.6062000008935,-82.5844
"135",NA,40,"Board Of Ed. Bldg.","PM 2.5","Buncombe",35.6062000008935,-82.5844
"136",NA,17,"Board Of Ed. Bldg.","PM 2.5","Buncombe",35.6062000008935,-82.5844
"137",NA,13,"Board Of Ed. Bldg.","PM 2.5","Buncombe",35.6062000008935,-82.5844
"138",5-02-20,48,"Board Of Ed. Bldg.","PM 2.5","Buncombe",35.6062000008935,-82.5844
"139",5-08-20,28,"Board Of Ed. Bldg.","PM 2.5","Buncombe",35.6062000008935,-82.5844
"140",NA,54,"Board Of Ed. Bldg.","PM 2.5","Buncombe",35.6062000008935,-82.5844
"141",NA,39,"Board Of Ed. Bldg.","PM 2.5","Buncombe",35.6062000008935,-82.5844
"142",NA,16,"Board Of Ed. Bldg.","PM 2.5","Buncombe",35.6062000008935,-82.5844
"143",6-01-20,15,"Board Of Ed. Bldg.","PM 2.5","Buncombe",35.6062000008935,-82.5844
"144",6-07-20,46,"Board Of Ed. Bldg.","PM 2.5","Buncombe",35.6062000008935,-82.5844
"145",NA,25,"Board Of Ed. Bldg.","PM 2.5","Buncombe",35.6062000008935,-82.5844
"146",NA,45,"Board Of Ed. Bldg.","PM 2.5","Buncombe",35.6062000008935,-82.5844
"147",NA,21,"Board Of Ed. Bldg.","PM 2.5","Buncombe",35.6062000008935,-82.5844
"148",7-01-20,29,"Board Of Ed. Bldg.","PM 2.5","Buncombe",35.6062000008935,-82.5844
"149",7-07-20,24,"Board Of Ed. Bldg.","PM 2.5","Buncombe",35.6062000008935,-82.5844
"150",NA,44,"Board Of Ed. Bldg.","PM 2.5","Buncombe",35.6062000008935,-82.5844
"151",NA,43,"Board Of Ed. Bldg.","PM 2.5","Buncombe",35.6062000008935,-82.5844
"152",NA,24,"Board Of Ed. Bldg.","PM 2.5","Buncombe",35.6062000008935,-82.5844
"153",NA,30,"Board Of Ed. Bldg.","PM 2.5","Buncombe",35.6062000008935,-82.5844
"154",8-06-20,29,"Board Of Ed. Bldg.","PM 2.5","Buncombe",35.6062000008935,-82.5844
"155",8-12-20,38,"Board Of Ed. Bldg.","PM 2.5","Buncombe",35.6062000008935,-82.5844
"156",NA,23,"Board Of Ed. Bldg.","PM 2.5","Buncombe",35.6062000008935,-82.5844
"157",NA,30,"Board Of Ed. Bldg.","PM 2.5","Buncombe",35.6062000008935,-82.5844
"158",NA,31,"Board Of Ed. Bldg.","PM 2.5","Buncombe",35.6062000008935,-82.5844
"159",9-05-20,32,"Board Of Ed. Bldg.","PM 2.5","Buncombe",35.6062000008935,-82.5844
"160",9-11-20,21,"Board Of Ed. Bldg.","PM 2.5","Buncombe",35.6062000008935,-82.5844
"161",NA,5,"Board Of Ed. Bldg.","PM 2.5","Buncombe",35.6062000008935,-82.5844
"162",NA,46,"Board Of Ed. Bldg.","PM 2.5","Buncombe",35.6062000008935,-82.5844
"163",NA,16,"Board Of Ed. Bldg.","PM 2.5","Buncombe",35.6062000008935,-82.5844
"164",10-05-20,30,"Board Of Ed. Bldg.","PM 2.5","Buncombe",35.6062000008935,-82.5844
"165",10-11-20,9,"Board Of Ed. Bldg.","PM 2.5","Buncombe",35.6062000008935,-82.5844
"166",NA,8,"Board Of Ed. Bldg.","PM 2.5","Buncombe",35.6062000008935,-82.5844
"167",NA,21,"Board Of Ed. Bldg.","PM 2.5","Buncombe",35.6062000008935,-82.5844
"168",NA,13,"Board Of Ed. Bldg.","PM 2.5","Buncombe",35.6062000008935,-82.5844
"169",11-04-20,24,"Board Of Ed. Bldg.","PM 2.5","Buncombe",35.6062000008935,-82.5844
"170",11-10-20,21,"Board Of Ed. Bldg.","PM 2.5","Buncombe",35.6062000008935,-82.5844
"171",NA,26,"Board Of Ed. Bldg.","PM 2.5","Buncombe",35.6062000008935,-82.5844
"172",NA,26,"Board Of Ed. Bldg.","PM 2.5","Buncombe",35.6062000008935,-82.5844
"173",12-04-20,8,"Board Of Ed. Bldg.","PM 2.5","Buncombe",35.6062000008935,-82.5844
"174",12-10-20,16,"Board Of Ed. Bldg.","PM 2.5","Buncombe",35.6062000008935,-82.5844
"175",NA,13,"Board Of Ed. Bldg.","PM 2.5","Buncombe",35.6062000008935,-82.5844
"176",NA,12,"Board Of Ed. Bldg.","PM 2.5","Buncombe",35.6062000008935,-82.5844
"177",NA,10,"Board Of Ed. Bldg.","PM 2.5","Buncombe",35.6062000008935,-82.5844
"178",1-02-20,29,"Board Of Ed. Bldg.","PM 2.5","Buncombe",35.6062000008935,-82.5844
"179",1-08-20,49,"Board Of Ed. Bldg.","PM 2.5","Buncombe",35.6062000008935,-82.5844
"180",NA,1,"Board Of Ed. Bldg.","PM 2.5","Buncombe",35.6062000008935,-82.5844
"181",NA,27,"Board Of Ed. Bldg.","PM 2.5","Buncombe",35.6062000008935,-82.5844
"182",2-01-20,40,"Board Of Ed. Bldg.","PM 2.5","Buncombe",35.6062000008935,-82.5844
"183",2-07-20,17,"Board Of Ed. Bldg.","PM 2.5","Buncombe",35.6062000008935,-82.5844
"184",NA,21,"Board Of Ed. Bldg.","PM 2.5","Buncombe",35.6062000008935,-82.5844
"185",NA,16,"Board Of Ed. Bldg.","PM 2.5","Buncombe",35.6062000008935,-82.5844
"186",NA,29,"Board Of Ed. Bldg.","PM 2.5","Buncombe",35.6062000008935,-82.5844
"187",3-03-20,10,"Board Of Ed. Bldg.","PM 2.5","Buncombe",35.6062000008935,-82.5844
"188",3-09-20,27,"Board Of Ed. Bldg.","PM 2.5","Buncombe",35.6062000008935,-82.5844
"189",NA,32,"Board Of Ed. Bldg.","PM 2.5","Buncombe",35.6062000008935,-82.5844
"190",NA,8,"Board Of Ed. Bldg.","PM 2.5","Buncombe",35.6062000008935,-82.5844
"191",NA,23,"Board Of Ed. Bldg.","PM 2.5","Buncombe",35.6062000008935,-82.5844
"192",4-02-20,42,"Board Of Ed. Bldg.","PM 2.5","Buncombe",35.6062000008935,-82.5844
"193",4-08-20,16,"Board Of Ed. Bldg.","PM 2.5","Buncombe",35.6062000008935,-82.5844
"194",NA,40,"Board Of Ed. Bldg.","PM 2.5","Buncombe",35.6062000008935,-82.5844
"195",NA,18,"Board Of Ed. Bldg.","PM 2.5","Buncombe",35.6062000008935,-82.5844
"196",NA,15,"Board Of Ed. Bldg.","PM 2.5","Buncombe",35.6062000008935,-82.5844
"197",5-02-20,47,"Board Of Ed. Bldg.","PM 2.5","Buncombe",35.6062000008935,-82.5844
"198",5-08-20,29,"Board Of Ed. Bldg.","PM 2.5","Buncombe",35.6062000008935,-82.5844
"199",NA,55,"Board Of Ed. Bldg.","PM 2.5","Buncombe",35.6062000008935,-82.5844
"200",NA,15,"Board Of Ed. Bldg.","PM 2.5","Buncombe",35.6062000008935,-82.5844
"201",6-01-20,13,"Board Of Ed. Bldg.","PM 2.5","Buncombe",35.6062000008935,-82.5844
"202",6-07-20,46,"Board Of Ed. Bldg.","PM 2.5","Buncombe",35.6062000008935,-82.5844
"203",NA,28,"Board Of Ed. Bldg.","PM 2.5","Buncombe",35.6062000008935,-82.5844
"204",NA,47,"Board Of Ed. Bldg.","PM 2.5","Buncombe",35.6062000008935,-82.5844
"205",NA,22,"Board Of Ed. Bldg.","PM 2.5","Buncombe",35.6062000008935,-82.5844
"206",7-01-20,31,"Board Of Ed. Bldg.","PM 2.5","Buncombe",35.6062000008935,-82.5844
"207",7-07-20,25,"Board Of Ed. Bldg.","PM 2.5","Buncombe",35.6062000008935,-82.5844
"208",NA,46,"Board Of Ed. Bldg.","PM 2.5","Buncombe",35.6062000008935,-82.5844
"209",NA,45,"Board Of Ed. Bldg.","PM 2.5","Buncombe",35.6062000008935,-82.5844
"210",NA,23,"Board Of Ed. Bldg.","PM 2.5","Buncombe",35.6062000008935,-82.5844
"211",NA,31,"Board Of Ed. Bldg.","PM 2.5","Buncombe",35.6062000008935,-82.5844
"212",8-06-20,30,"Board Of Ed. Bldg.","PM 2.5","Buncombe",35.6062000008935,-82.5844
"213",8-12-20,36,"Board Of Ed. Bldg.","PM 2.5","Buncombe",35.6062000008935,-82.5844
"214",NA,25,"Board Of Ed. Bldg.","PM 2.5","Buncombe",35.6062000008935,-82.5844
"215",NA,31,"Board Of Ed. Bldg.","PM 2.5","Buncombe",35.6062000008935,-82.5844
"216",NA,30,"Board Of Ed. Bldg.","PM 2.5","Buncombe",35.6062000008935,-82.5844
"217",9-05-20,33,"Board Of Ed. Bldg.","PM 2.5","Buncombe",35.6062000008935,-82.5844
"218",9-11-20,21,"Board Of Ed. Bldg.","PM 2.5","Buncombe",35.6062000008935,-82.5844
"219",NA,47,"Board Of Ed. Bldg.","PM 2.5","Buncombe",35.6062000008935,-82.5844
"220",NA,17,"Board Of Ed. Bldg.","PM 2.5","Buncombe",35.6062000008935,-82.5844
"221",10-05-20,30,"Board Of Ed. Bldg.","PM 2.5","Buncombe",35.6062000008935,-82.5844
"222",10-11-20,7,"Board Of Ed. Bldg.","PM 2.5","Buncombe",35.6062000008935,-82.5844
"223",NA,9,"Board Of Ed. Bldg.","PM 2.5","Buncombe",35.6062000008935,-82.5844
"224",NA,22,"Board Of Ed. Bldg.","PM 2.5","Buncombe",35.6062000008935,-82.5844
"225",NA,13,"Board Of Ed. Bldg.","PM 2.5","Buncombe",35.6062000008935,-82.5844
"226",11-04-20,25,"Board Of Ed. Bldg.","PM 2.5","Buncombe",35.6062000008935,-82.5844
"227",11-10-20,22,"Board Of Ed. Bldg.","PM 2.5","Buncombe",35.6062000008935,-82.5844
"228",NA,16,"Board Of Ed. Bldg.","PM 2.5","Buncombe",35.6062000008935,-82.5844
"229",NA,28,"Board Of Ed. Bldg.","PM 2.5","Buncombe",35.6062000008935,-82.5844
"230",NA,24,"Board Of Ed. Bldg.","PM 2.5","Buncombe",35.6062000008935,-82.5844
"231",12-04-20,15,"Board Of Ed. Bldg.","PM 2.5","Buncombe",35.6062000008935,-82.5844
"232",12-10-20,16,"Board Of Ed. Bldg.","PM 2.5","Buncombe",35.6062000008935,-82.5844
"233",NA,10,"Board Of Ed. Bldg.","PM 2.5","Buncombe",35.6062000008935,-82.5844
"234",NA,13,"Board Of Ed. Bldg.","PM 2.5","Buncombe",35.6062000008935,-82.5844
"235",1-01-20,23,"Board Of Ed. Bldg.","PM 2.5","Buncombe",35.6062000008935,-82.5844
"236",1-02-20,25,"Board Of Ed. Bldg.","PM 2.5","Buncombe",35.6062000008935,-82.5844
"237",1-03-20,52,"Board Of Ed. Bldg.","PM 2.5","Buncombe",35.6062000008935,-82.5844
"238",1-04-20,23,"Board Of Ed. Bldg.","PM 2.5","Buncombe",35.6062000008935,-82.5844
"239",1-05-20,21,"Board Of Ed. Bldg.","PM 2.5","Buncombe",35.6062000008935,-82.5844
"240",1-06-20,19,"Board Of Ed. Bldg.","PM 2.5","Buncombe",35.6062000008935,-82.5844
"241",1-07-20,53,"Board Of Ed. Bldg.","PM 2.5","Buncombe",35.6062000008935,-82.5844
"242",1-08-20,44,"Board Of Ed. Bldg.","PM 2.5","Buncombe",35.6062000008935,-82.5844
"243",1-09-20,53,"Board Of Ed. Bldg.","PM 2.5","Buncombe",35.6062000008935,-82.5844
"244",1-10-20,35,"Board Of Ed. Bldg.","PM 2.5","Buncombe",35.6062000008935,-82.5844
"245",1-11-20,13,"Board Of Ed. Bldg.","PM 2.5","Buncombe",35.6062000008935,-82.5844
"246",1-12-20,4,"Board Of Ed. Bldg.","PM 2.5","Buncombe",35.6062000008935,-82.5844
"247",NA,6,"Board Of Ed. Bldg.","PM 2.5","Buncombe",35.6062000008935,-82.5844
"248",NA,21,"Board Of Ed. Bldg.","PM 2.5","Buncombe",35.6062000008935,-82.5844
"249",NA,41,"Board Of Ed. Bldg.","PM 2.5","Buncombe",35.6062000008935,-82.5844
"250",NA,57,"Board Of Ed. Bldg.","PM 2.5","Buncombe",35.6062000008935,-82.5844
"251",NA,28,"Board Of Ed. Bldg.","PM 2.5","Buncombe",35.6062000008935,-82.5844
"252",NA,26,"Board Of Ed. Bldg.","PM 2.5","Buncombe",35.6062000008935,-82.5844
"253",NA,26,"Board Of Ed. Bldg.","PM 2.5","Buncombe",35.6062000008935,-82.5844
"254",NA,26,"Board Of Ed. Bldg.","PM 2.5","Buncombe",35.6062000008935,-82.5844
"255",NA,50,"Board Of Ed. Bldg.","PM 2.5","Buncombe",35.6062000008935,-82.5844
"256",NA,42,"Board Of Ed. Bldg.","PM 2.5","Buncombe",35.6062000008935,-82.5844
"257",NA,12,"Board Of Ed. Bldg.","PM 2.5","Buncombe",35.6062000008935,-82.5844
"258",NA,14,"Board Of Ed. Bldg.","PM 2.5","Buncombe",35.6062000008935,-82.5844
"259",NA,23,"Board Of Ed. Bldg.","PM 2.5","Buncombe",35.6062000008935,-82.5844
"260",NA,40,"Board Of Ed. Bldg.","PM 2.5","Buncombe",35.6062000008935,-82.5844
"261",NA,28,"Board Of Ed. Bldg.","PM 2.5","Buncombe",35.6062000008935,-82.5844
"262",NA,26,"Board Of Ed. Bldg.","PM 2.5","Buncombe",35.6062000008935,-82.5844
"263",NA,12,"Board Of Ed. Bldg.","PM 2.5","Buncombe",35.6062000008935,-82.5844
"264",NA,12,"Board Of Ed. Bldg.","PM 2.5","Buncombe",35.6062000008935,-82.5844
"265",NA,35,"Board Of Ed. Bldg.","PM 2.5","Buncombe",35.6062000008935,-82.5844
"266",2-01-20,47,"Board Of Ed. Bldg.","PM 2.5","Buncombe",35.6062000008935,-82.5844
"267",2-02-20,9,"Board Of Ed. Bldg.","PM 2.5","Buncombe",35.6062000008935,-82.5844
"268",2-03-20,26,"Board Of Ed. Bldg.","PM 2.5","Buncombe",35.6062000008935,-82.5844
"269",2-04-20,15,"Board Of Ed. Bldg.","PM 2.5","Buncombe",35.6062000008935,-82.5844
"270",2-05-20,13,"Board Of Ed. Bldg.","PM 2.5","Buncombe",35.6062000008935,-82.5844
"271",2-06-20,28,"Board Of Ed. Bldg.","PM 2.5","Buncombe",35.6062000008935,-82.5844
"272",2-07-20,15,"Board Of Ed. Bldg.","PM 2.5","Buncombe",35.6062000008935,-82.5844
"273",2-08-20,15,"Board Of Ed. Bldg.","PM 2.5","Buncombe",35.6062000008935,-82.5844
"274",2-09-20,26,"Board Of Ed. Bldg.","PM 2.5","Buncombe",35.6062000008935,-82.5844
"275",2-10-20,12,"Board Of Ed. Bldg.","PM 2.5","Buncombe",35.6062000008935,-82.5844
"276",2-11-20,10,"Board Of Ed. Bldg.","PM 2.5","Buncombe",35.6062000008935,-82.5844
"277",2-12-20,12,"Board Of Ed. Bldg.","PM 2.5","Buncombe",35.6062000008935,-82.5844
"278",NA,20,"Board Of Ed. Bldg.","PM 2.5","Buncombe",35.6062000008935,-82.5844
"279",NA,30,"Board Of Ed. Bldg.","PM 2.5","Buncombe",35.6062000008935,-82.5844
"280",NA,18,"Board Of Ed. Bldg.","PM 2.5","Buncombe",35.6062000008935,-82.5844
"281",NA,15,"Board Of Ed. Bldg.","PM 2.5","Buncombe",35.6062000008935,-82.5844
"282",NA,5,"Board Of Ed. Bldg.","PM 2.5","Buncombe",35.6062000008935,-82.5844
"283",NA,3,"Board Of Ed. Bldg.","PM 2.5","Buncombe",35.6062000008935,-82.5844
"284",NA,15,"Board Of Ed. Bldg.","PM 2.5","Buncombe",35.6062000008935,-82.5844
"285",NA,26,"Board Of Ed. Bldg.","PM 2.5","Buncombe",35.6062000008935,-82.5844
"286",NA,23,"Board Of Ed. Bldg.","PM 2.5","Buncombe",35.6062000008935,-82.5844
"287",NA,39,"Board Of Ed. Bldg.","PM 2.5","Buncombe",35.6062000008935,-82.5844
"288",NA,42,"Board Of Ed. Bldg.","PM 2.5","Buncombe",35.6062000008935,-82.5844
"289",NA,38,"Board Of Ed. Bldg.","PM 2.5","Buncombe",35.6062000008935,-82.5844
"290",NA,23,"Board Of Ed. Bldg.","PM 2.5","Buncombe",35.6062000008935,-82.5844
"291",NA,11,"Board Of Ed. Bldg.","PM 2.5","Buncombe",35.6062000008935,-82.5844
"292",NA,19,"Board Of Ed. Bldg.","PM 2.5","Buncombe",35.6062000008935,-82.5844
"293",NA,19,"Board Of Ed. Bldg.","PM 2.5","Buncombe",35.6062000008935,-82.5844
"294",3-01-20,12,"Board Of Ed. Bldg.","PM 2.5","Buncombe",35.6062000008935,-82.5844
"295",3-02-20,5,"Board Of Ed. Bldg.","PM 2.5","Buncombe",35.6062000008935,-82.5844
"296",3-03-20,12,"Board Of Ed. Bldg.","PM 2.5","Buncombe",35.6062000008935,-82.5844
"297",3-04-20,13,"Board Of Ed. Bldg.","PM 2.5","Buncombe",35.6062000008935,-82.5844
"298",3-05-20,38,"Board Of Ed. Bldg.","PM 2.5","Buncombe",35.6062000008935,-82.5844
"299",3-06-20,66,"Board Of Ed. Bldg.","PM 2.5","Buncombe",35.6062000008935,-82.5844
"300",3-07-20,23,"Board Of Ed. Bldg.","PM 2.5","Buncombe",35.6062000008935,-82.5844
"301",3-08-20,17,"Board Of Ed. Bldg.","PM 2.5","Buncombe",35.6062000008935,-82.5844
"302",3-09-20,31,"Board Of Ed. Bldg.","PM 2.5","Buncombe",35.6062000008935,-82.5844
"303",3-10-20,66,"Board Of Ed. Bldg.","PM 2.5","Buncombe",35.6062000008935,-82.5844
"304",3-11-20,72,"Board Of Ed. Bldg.","PM 2.5","Buncombe",35.6062000008935,-82.5844
"305",3-12-20,10,"Board Of Ed. Bldg.","PM 2.5","Buncombe",35.6062000008935,-82.5844
"306",NA,31,"Board Of Ed. Bldg.","PM 2.5","Buncombe",35.6062000008935,-82.5844
"307",NA,15,"Board Of Ed. Bldg.","PM 2.5","Buncombe",35.6062000008935,-82.5844
"308",NA,32,"Board Of Ed. Bldg.","PM 2.5","Buncombe",35.6062000008935,-82.5844
"309",NA,51,"Board Of Ed. Bldg.","PM 2.5","Buncombe",35.6062000008935,-82.5844
"310",NA,51,"Board Of Ed. Bldg.","PM 2.5","Buncombe",35.6062000008935,-82.5844
"311",NA,30,"Board Of Ed. Bldg.","PM 2.5","Buncombe",35.6062000008935,-82.5844
"312",NA,40,"Board Of Ed. Bldg.","PM 2.5","Buncombe",35.6062000008935,-82.5844
"313",NA,14,"Board Of Ed. Bldg.","PM 2.5","Buncombe",35.6062000008935,-82.5844
"314",NA,6,"Board Of Ed. Bldg.","PM 2.5","Buncombe",35.6062000008935,-82.5844
"315",NA,18,"Board Of Ed. Bldg.","PM 2.5","Buncombe",35.6062000008935,-82.5844
"316",NA,26,"Board Of Ed. Bldg.","PM 2.5","Buncombe",35.6062000008935,-82.5844
"317",NA,35,"Board Of Ed. Bldg.","PM 2.5","Buncombe",35.6062000008935,-82.5844
"318",NA,13,"Board Of Ed. Bldg.","PM 2.5","Buncombe",35.6062000008935,-82.5844
"319",NA,18,"Board Of Ed. Bldg.","PM 2.5","Buncombe",35.6062000008935,-82.5844
"320",NA,21,"Board Of Ed. Bldg.","PM 2.5","Buncombe",35.6062000008935,-82.5844
"321",NA,40,"Board Of Ed. Bldg.","PM 2.5","Buncombe",35.6062000008935,-82.5844
"322",NA,43,"Board Of Ed. Bldg.","PM 2.5","Buncombe",35.6062000008935,-82.5844
"323",NA,3,"Board Of Ed. Bldg.","PM 2.5","Buncombe",35.6062000008935,-82.5844
"324",NA,13,"Board Of Ed. Bldg.","PM 2.5","Buncombe",35.6062000008935,-82.5844
"325",4-01-20,32,"Board Of Ed. Bldg.","PM 2.5","Buncombe",35.6062000008935,-82.5844
"326",4-02-20,43,"Board Of Ed. Bldg.","PM 2.5","Buncombe",35.6062000008935,-82.5844
"327",4-03-20,54,"Board Of Ed. Bldg.","PM 2.5","Buncombe",35.6062000008935,-82.5844
"328",4-04-20,20,"Board Of Ed. Bldg.","PM 2.5","Buncombe",35.6062000008935,-82.5844
"329",4-05-20,18,"Board Of Ed. Bldg.","PM 2.5","Buncombe",35.6062000008935,-82.5844
"330",4-06-20,37,"Board Of Ed. Bldg.","PM 2.5","Buncombe",35.6062000008935,-82.5844
"331",4-07-20,22,"Board Of Ed. Bldg.","PM 2.5","Buncombe",35.6062000008935,-82.5844
"332",4-08-20,19,"Board Of Ed. Bldg.","PM 2.5","Buncombe",35.6062000008935,-82.5844
"333",4-09-20,22,"Board Of Ed. Bldg.","PM 2.5","Buncombe",35.6062000008935,-82.5844
"334",4-10-20,30,"Board Of Ed. Bldg.","PM 2.5","Buncombe",35.6062000008935,-82.5844
"335",4-11-20,24,"Board Of Ed. Bldg.","PM 2.5","Buncombe",35.6062000008935,-82.5844
"336",4-12-20,52,"Board Of Ed. Bldg.","PM 2.5","Buncombe",35.6062000008935,-82.5844
"337",NA,56,"Board Of Ed. Bldg.","PM 2.5","Buncombe",35.6062000008935,-82.5844
"338",NA,40,"Board Of Ed. Bldg.","PM 2.5","Buncombe",35.6062000008935,-82.5844
"339",NA,21,"Board Of Ed. Bldg.","PM 2.5","Buncombe",35.6062000008935,-82.5844
"340",NA,28,"Board Of Ed. Bldg.","PM 2.5","Buncombe",35.6062000008935,-82.5844
"341",NA,22,"Board Of Ed. Bldg.","PM 2.5","Buncombe",35.6062000008935,-82.5844
"342",NA,34,"Board Of Ed. Bldg.","PM 2.5","Buncombe",35.6062000008935,-82.5844
"343",NA,22,"Board Of Ed. Bldg.","PM 2.5","Buncombe",35.6062000008935,-82.5844
"344",NA,15,"Board Of Ed. Bldg.","PM 2.5","Buncombe",35.6062000008935,-82.5844
"345",NA,35,"Board Of Ed. Bldg.","PM 2.5","Buncombe",35.6062000008935,-82.5844
"346",NA,39,"Board Of Ed. Bldg.","PM 2.5","Buncombe",35.6062000008935,-82.5844
"347",NA,8,"Board Of Ed. Bldg.","PM 2.5","Buncombe",35.6062000008935,-82.5844
"348",NA,6,"Board Of Ed. Bldg.","PM 2.5","Buncombe",35.6062000008935,-82.5844
"349",NA,3,"Board Of Ed. Bldg.","PM 2.5","Buncombe",35.6062000008935,-82.5844
"350",NA,12,"Board Of Ed. Bldg.","PM 2.5","Buncombe",35.6062000008935,-82.5844
"351",NA,21,"Board Of Ed. Bldg.","PM 2.5","Buncombe",35.6062000008935,-82.5844
"352",NA,33,"Board Of Ed. Bldg.","PM 2.5","Buncombe",35.6062000008935,-82.5844
"353",NA,15,"Board Of Ed. Bldg.","PM 2.5","Buncombe",35.6062000008935,-82.5844
"354",NA,20,"Board Of Ed. Bldg.","PM 2.5","Buncombe",35.6062000008935,-82.5844
"355",5-01-20,33,"Board Of Ed. Bldg.","PM 2.5","Buncombe",35.6062000008935,-82.5844
"356",5-02-20,52,"Board Of Ed. Bldg.","PM 2.5","Buncombe",35.6062000008935,-82.5844
"357",5-03-20,52,"Board Of Ed. Bldg.","PM 2.5","Buncombe",35.6062000008935,-82.5844
"358",5-04-20,47,"Board Of Ed. Bldg.","PM 2.5","Buncombe",35.6062000008935,-82.5844
"359",5-05-20,54,"Board Of Ed. Bldg.","PM 2.5","Buncombe",35.6062000008935,-82.5844
"360",5-06-20,18,"Board Of Ed. Bldg.","PM 2.5","Buncombe",35.6062000008935,-82.5844
"361",5-07-20,28,"Board Of Ed. Bldg.","PM 2.5","Buncombe",35.6062000008935,-82.5844
"362",5-08-20,27,"Board Of Ed. Bldg.","PM 2.5","Buncombe",35.6062000008935,-82.5844
"363",5-09-20,37,"Board Of Ed. Bldg.","PM 2.5","Buncombe",35.6062000008935,-82.5844
"364",5-10-20,45,"Board Of Ed. Bldg.","PM 2.5","Buncombe",35.6062000008935,-82.5844
"365",5-11-20,44,"Board Of Ed. Bldg.","PM 2.5","Buncombe",35.6062000008935,-82.5844
"366",5-12-20,47,"Board Of Ed. Bldg.","PM 2.5","Buncombe",35.6062000008935,-82.5844
"367",NA,52,"Board Of Ed. Bldg.","PM 2.5","Buncombe",35.6062000008935,-82.5844
"368",NA,55,"Board Of Ed. Bldg.","PM 2.5","Buncombe",35.6062000008935,-82.5844
"369",NA,42,"Board Of Ed. Bldg.","PM 2.5","Buncombe",35.6062000008935,-82.5844
"370",NA,9,"Board Of Ed. Bldg.","PM 2.5","Buncombe",35.6062000008935,-82.5844
"371",NA,14,"Board Of Ed. Bldg.","PM 2.5","Buncombe",35.6062000008935,-82.5844
"372",NA,15,"Board Of Ed. Bldg.","PM 2.5","Buncombe",35.6062000008935,-82.5844
"373",NA,26,"Board Of Ed. Bldg.","PM 2.5","Buncombe",35.6062000008935,-82.5844
"374",NA,40,"Board Of Ed. Bldg.","PM 2.5","Buncombe",35.6062000008935,-82.5844
"375",NA,24,"Board Of Ed. Bldg.","PM 2.5","Buncombe",35.6062000008935,-82.5844
"376",NA,21,"Board Of Ed. Bldg.","PM 2.5","Buncombe",35.6062000008935,-82.5844
"377",NA,24,"Board Of Ed. Bldg.","PM 2.5","Buncombe",35.6062000008935,-82.5844
"378",NA,42,"Board Of Ed. Bldg.","PM 2.5","Buncombe",35.6062000008935,-82.5844
"379",NA,20,"Board Of Ed. Bldg.","PM 2.5","Buncombe",35.6062000008935,-82.5844
"380",NA,14,"Board Of Ed. Bldg.","PM 2.5","Buncombe",35.6062000008935,-82.5844
"381",NA,26,"Board Of Ed. Bldg.","PM 2.5","Buncombe",35.6062000008935,-82.5844
"382",NA,8,"Board Of Ed. Bldg.","PM 2.5","Buncombe",35.6062000008935,-82.5844
"383",NA,3,"Board Of Ed. Bldg.","PM 2.5","Buncombe",35.6062000008935,-82.5844
"384",NA,16,"Board Of Ed. Bldg.","PM 2.5","Buncombe",35.6062000008935,-82.5844
"385",NA,22,"Board Of Ed. Bldg.","PM 2.5","Buncombe",35.6062000008935,-82.5844
"386",6-01-20,9,"Board Of Ed. Bldg.","PM 2.5","Buncombe",35.6062000008935,-82.5844
"387",6-02-20,20,"Board Of Ed. Bldg.","PM 2.5","Buncombe",35.6062000008935,-82.5844
"388",6-03-20,31,"Board Of Ed. Bldg.","PM 2.5","Buncombe",35.6062000008935,-82.5844
"389",6-08-20,52,"Board Of Ed. Bldg.","PM 2.5","Buncombe",35.6062000008935,-82.5844
"390",6-09-20,52,"Board Of Ed. Bldg.","PM 2.5","Buncombe",35.6062000008935,-82.5844
"391",6-10-20,48,"Board Of Ed. Bldg.","PM 2.5","Buncombe",35.6062000008935,-82.5844
"392",6-11-20,39,"Board Of Ed. Bldg.","PM 2.5","Buncombe",35.6062000008935,-82.5844
"393",6-12-20,10,"Board Of Ed. Bldg.","PM 2.5","Buncombe",35.6062000008935,-82.5844
"394",NA,22,"Board Of Ed. Bldg.","PM 2.5","Buncombe",35.6062000008935,-82.5844
"395",NA,26,"Board Of Ed. Bldg.","PM 2.5","Buncombe",35.6062000008935,-82.5844
"396",NA,38,"Board Of Ed. Bldg.","PM 2.5","Buncombe",35.6062000008935,-82.5844
"397",NA,45,"Board Of Ed. Bldg.","PM 2.5","Buncombe",35.6062000008935,-82.5844
"398",NA,49,"Board Of Ed. Bldg.","PM 2.5","Buncombe",35.6062000008935,-82.5844
"399",NA,40,"Board Of Ed. Bldg.","PM 2.5","Buncombe",35.6062000008935,-82.5844
"400",NA,48,"Board Of Ed. Bldg.","PM 2.5","Buncombe",35.6062000008935,-82.5844
"401",NA,52,"Board Of Ed. Bldg.","PM 2.5","Buncombe",35.6062000008935,-82.5844
"402",NA,34,"Board Of Ed. Bldg.","PM 2.5","Buncombe",35.6062000008935,-82.5844
"403",NA,17,"Board Of Ed. Bldg.","PM 2.5","Buncombe",35.6062000008935,-82.5844
"404",NA,20,"Board Of Ed. Bldg.","PM 2.5","Buncombe",35.6062000008935,-82.5844
"405",NA,28,"Board Of Ed. Bldg.","PM 2.5","Buncombe",35.6062000008935,-82.5844
"406",NA,18,"Board Of Ed. Bldg.","PM 2.5","Buncombe",35.6062000008935,-82.5844
"407",NA,13,"Board Of Ed. Bldg.","PM 2.5","Buncombe",35.6062000008935,-82.5844
"408",NA,15,"Board Of Ed. Bldg.","PM 2.5","Buncombe",35.6062000008935,-82.5844
"409",NA,16,"Board Of Ed. Bldg.","PM 2.5","Buncombe",35.6062000008935,-82.5844
"410",NA,25,"Board Of Ed. Bldg.","PM 2.5","Buncombe",35.6062000008935,-82.5844
"411",NA,44,"Board Of Ed. Bldg.","PM 2.5","Buncombe",35.6062000008935,-82.5844
"412",7-01-20,34,"Board Of Ed. Bldg.","PM 2.5","Buncombe",35.6062000008935,-82.5844
"413",7-02-20,20,"Board Of Ed. Bldg.","PM 2.5","Buncombe",35.6062000008935,-82.5844
"414",7-03-20,41,"Board Of Ed. Bldg.","PM 2.5","Buncombe",35.6062000008935,-82.5844
"415",7-04-20,60,"Board Of Ed. Bldg.","PM 2.5","Buncombe",35.6062000008935,-82.5844
"416",7-05-20,33,"Board Of Ed. Bldg.","PM 2.5","Buncombe",35.6062000008935,-82.5844
"417",7-06-20,27,"Board Of Ed. Bldg.","PM 2.5","Buncombe",35.6062000008935,-82.5844
"418",7-07-20,23,"Board Of Ed. Bldg.","PM 2.5","Buncombe",35.6062000008935,-82.5844
"419",7-08-20,21,"Board Of Ed. Bldg.","PM 2.5","Buncombe",35.6062000008935,-82.5844
"420",7-09-20,35,"Board Of Ed. Bldg.","PM 2.5","Buncombe",35.6062000008935,-82.5844
"421",7-10-20,39,"Board Of Ed. Bldg.","PM 2.5","Buncombe",35.6062000008935,-82.5844
"422",7-11-20,43,"Board Of Ed. Bldg.","PM 2.5","Buncombe",35.6062000008935,-82.5844
"423",7-12-20,46,"Board Of Ed. Bldg.","PM 2.5","Buncombe",35.6062000008935,-82.5844
"424",NA,45,"Board Of Ed. Bldg.","PM 2.5","Buncombe",35.6062000008935,-82.5844
"425",NA,53,"Board Of Ed. Bldg.","PM 2.5","Buncombe",35.6062000008935,-82.5844
"426",NA,47,"Board Of Ed. Bldg.","PM 2.5","Buncombe",35.6062000008935,-82.5844
"427",NA,26,"Board Of Ed. Bldg.","PM 2.5","Buncombe",35.6062000008935,-82.5844
"428",NA,33,"Board Of Ed. Bldg.","PM 2.5","Buncombe",35.6062000008935,-82.5844
"429",NA,29,"Board Of Ed. Bldg.","PM 2.5","Buncombe",35.6062000008935,-82.5844
"430",NA,44,"Board Of Ed. Bldg.","PM 2.5","Buncombe",35.6062000008935,-82.5844
"431",NA,50,"Board Of Ed. Bldg.","PM 2.5","Buncombe",35.6062000008935,-82.5844
"432",NA,17,"Board Of Ed. Bldg.","PM 2.5","Buncombe",35.6062000008935,-82.5844
"433",NA,20,"Board Of Ed. Bldg.","PM 2.5","Buncombe",35.6062000008935,-82.5844
"434",NA,23,"Board Of Ed. Bldg.","PM 2.5","Buncombe",35.6062000008935,-82.5844
"435",NA,25,"Board Of Ed. Bldg.","PM 2.5","Buncombe",35.6062000008935,-82.5844
"436",NA,23,"Board Of Ed. Bldg.","PM 2.5","Buncombe",35.6062000008935,-82.5844
"437",NA,28,"Board Of Ed. Bldg.","PM 2.5","Buncombe",35.6062000008935,-82.5844
"438",NA,44,"Board Of Ed. Bldg.","PM 2.5","Buncombe",35.6062000008935,-82.5844
"439",NA,38,"Board Of Ed. Bldg.","PM 2.5","Buncombe",35.6062000008935,-82.5844
"440",NA,40,"Board Of Ed. Bldg.","PM 2.5","Buncombe",35.6062000008935,-82.5844
"441",NA,36,"Board Of Ed. Bldg.","PM 2.5","Buncombe",35.6062000008935,-82.5844
"442",NA,31,"Board Of Ed. Bldg.","PM 2.5","Buncombe",35.6062000008935,-82.5844
"443",8-01-20,18,"Board Of Ed. Bldg.","PM 2.5","Buncombe",35.6062000008935,-82.5844
"444",8-02-20,7,"Board Of Ed. Bldg.","PM 2.5","Buncombe",35.6062000008935,-82.5844
"445",8-03-20,6,"Board Of Ed. Bldg.","PM 2.5","Buncombe",35.6062000008935,-82.5844
"446",8-04-20,20,"Board Of Ed. Bldg.","PM 2.5","Buncombe",35.6062000008935,-82.5844
"447",8-05-20,27,"Board Of Ed. Bldg.","PM 2.5","Buncombe",35.6062000008935,-82.5844
"448",8-06-20,28,"Board Of Ed. Bldg.","PM 2.5","Buncombe",35.6062000008935,-82.5844
"449",8-07-20,24,"Board Of Ed. Bldg.","PM 2.5","Buncombe",35.6062000008935,-82.5844
"450",8-08-20,24,"Board Of Ed. Bldg.","PM 2.5","Buncombe",35.6062000008935,-82.5844
"451",8-09-20,22,"Board Of Ed. Bldg.","PM 2.5","Buncombe",35.6062000008935,-82.5844
"452",8-10-20,17,"Board Of Ed. Bldg.","PM 2.5","Buncombe",35.6062000008935,-82.5844
"453",8-11-20,13,"Board Of Ed. Bldg.","PM 2.5","Buncombe",35.6062000008935,-82.5844
"454",8-12-20,35,"Board Of Ed. Bldg.","PM 2.5","Buncombe",35.6062000008935,-82.5844
"455",NA,44,"Board Of Ed. Bldg.","PM 2.5","Buncombe",35.6062000008935,-82.5844
"456",NA,50,"Board Of Ed. Bldg.","PM 2.5","Buncombe",35.6062000008935,-82.5844
"457",NA,55,"Board Of Ed. Bldg.","PM 2.5","Buncombe",35.6062000008935,-82.5844
"458",NA,63,"Board Of Ed. Bldg.","PM 2.5","Buncombe",35.6062000008935,-82.5844
"459",NA,55,"Board Of Ed. Bldg.","PM 2.5","Buncombe",35.6062000008935,-82.5844
"460",NA,24,"Board Of Ed. Bldg.","PM 2.5","Buncombe",35.6062000008935,-82.5844
"461",NA,22,"Board Of Ed. Bldg.","PM 2.5","Buncombe",35.6062000008935,-82.5844
"462",NA,27,"Board Of Ed. Bldg.","PM 2.5","Buncombe",35.6062000008935,-82.5844
"463",NA,30,"Board Of Ed. Bldg.","PM 2.5","Buncombe",35.6062000008935,-82.5844
"464",NA,32,"Board Of Ed. Bldg.","PM 2.5","Buncombe",35.6062000008935,-82.5844
"465",NA,49,"Board Of Ed. Bldg.","PM 2.5","Buncombe",35.6062000008935,-82.5844
"466",NA,32,"Board Of Ed. Bldg.","PM 2.5","Buncombe",35.6062000008935,-82.5844
"467",NA,44,"Board Of Ed. Bldg.","PM 2.5","Buncombe",35.6062000008935,-82.5844
"468",NA,53,"Board Of Ed. Bldg.","PM 2.5","Buncombe",35.6062000008935,-82.5844
"469",NA,47,"Board Of Ed. Bldg.","PM 2.5","Buncombe",35.6062000008935,-82.5844
"470",NA,38,"Board Of Ed. Bldg.","PM 2.5","Buncombe",35.6062000008935,-82.5844
"471",NA,38,"Board Of Ed. Bldg.","PM 2.5","Buncombe",35.6062000008935,-82.5844
"472",NA,27,"Board Of Ed. Bldg.","PM 2.5","Buncombe",35.6062000008935,-82.5844
"473",NA,21,"Board Of Ed. Bldg.","PM 2.5","Buncombe",35.6062000008935,-82.5844
"474",9-01-20,24,"Board Of Ed. Bldg.","PM 2.5","Buncombe",35.6062000008935,-82.5844
"475",9-02-20,27,"Board Of Ed. Bldg.","PM 2.5","Buncombe",35.6062000008935,-82.5844
"476",9-03-20,23,"Board Of Ed. Bldg.","PM 2.5","Buncombe",35.6062000008935,-82.5844
"477",9-04-20,28,"Board Of Ed. Bldg.","PM 2.5","Buncombe",35.6062000008935,-82.5844
"478",9-05-20,35,"Board Of Ed. Bldg.","PM 2.5","Buncombe",35.6062000008935,-82.5844
"479",9-06-20,38,"Board Of Ed. Bldg.","PM 2.5","Buncombe",35.6062000008935,-82.5844
"480",9-07-20,33,"Board Of Ed. Bldg.","PM 2.5","Buncombe",35.6062000008935,-82.5844
"481",9-08-20,41,"Board Of Ed. Bldg.","PM 2.5","Buncombe",35.6062000008935,-82.5844
"482",9-09-20,33,"Board Of Ed. Bldg.","PM 2.5","Buncombe",35.6062000008935,-82.5844
"483",9-10-20,17,"Board Of Ed. Bldg.","PM 2.5","Buncombe",35.6062000008935,-82.5844
"484",9-11-20,18,"Board Of Ed. Bldg.","PM 2.5","Buncombe",35.6062000008935,-82.5844
"485",9-12-20,38,"Board Of Ed. Bldg.","PM 2.5","Buncombe",35.6062000008935,-82.5844
"486",NA,21,"Board Of Ed. Bldg.","PM 2.5","Buncombe",35.6062000008935,-82.5844
"487",NA,11,"Board Of Ed. Bldg.","PM 2.5","Buncombe",35.6062000008935,-82.5844
"488",NA,4,"Board Of Ed. Bldg.","PM 2.5","Buncombe",35.6062000008935,-82.5844
"489",NA,0,"Board Of Ed. Bldg.","PM 2.5","Buncombe",35.6062000008935,-82.5844
"490",NA,2,"Board Of Ed. Bldg.","PM 2.5","Buncombe",35.6062000008935,-82.5844
"491",NA,13,"Board Of Ed. Bldg.","PM 2.5","Buncombe",35.6062000008935,-82.5844
"492",NA,33,"Board Of Ed. Bldg.","PM 2.5","Buncombe",35.6062000008935,-82.5844
"493",NA,46,"Board Of Ed. Bldg.","PM 2.5","Buncombe",35.6062000008935,-82.5844
"494",NA,44,"Board Of Ed. Bldg.","PM 2.5","Buncombe",35.6062000008935,-82.5844
"495",NA,38,"Board Of Ed. Bldg.","PM 2.5","Buncombe",35.6062000008935,-82.5844
"496",NA,44,"Board Of Ed. Bldg.","PM 2.5","Buncombe",35.6062000008935,-82.5844
"497",NA,23,"Board Of Ed. Bldg.","PM 2.5","Buncombe",35.6062000008935,-82.5844
"498",NA,13,"Board Of Ed. Bldg.","PM 2.5","Buncombe",35.6062000008935,-82.5844
"499",NA,11,"Board Of Ed. Bldg.","PM 2.5","Buncombe",35.6062000008935,-82.5844
"500",NA,7,"Board Of Ed. Bldg.","PM 2.5","Buncombe",35.6062000008935,-82.5844
"501",NA,3,"Board Of Ed. Bldg.","PM 2.5","Buncombe",35.6062000008935,-82.5844
"502",NA,13,"Board Of Ed. Bldg.","PM 2.5","Buncombe",35.6062000008935,-82.5844
"503",NA,23,"Board Of Ed. Bldg.","PM 2.5","Buncombe",35.6062000008935,-82.5844
"504",10-01-20,27,"Board Of Ed. Bldg.","PM 2.5","Buncombe",35.6062000008935,-82.5844
"505",10-02-20,32,"Board Of Ed. Bldg.","PM 2.5","Buncombe",35.6062000008935,-82.5844
"506",10-03-20,29,"Board Of Ed. Bldg.","PM 2.5","Buncombe",35.6062000008935,-82.5844
"507",10-04-20,25,"Board Of Ed. Bldg.","PM 2.5","Buncombe",35.6062000008935,-82.5844
"508",10-05-20,29,"Board Of Ed. Bldg.","PM 2.5","Buncombe",35.6062000008935,-82.5844
"509",10-06-20,44,"Board Of Ed. Bldg.","PM 2.5","Buncombe",35.6062000008935,-82.5844
"510",10-07-20,51,"Board Of Ed. Bldg.","PM 2.5","Buncombe",35.6062000008935,-82.5844
"511",10-08-20,37,"Board Of Ed. Bldg.","PM 2.5","Buncombe",35.6062000008935,-82.5844
"512",10-09-20,15,"Board Of Ed. Bldg.","PM 2.5","Buncombe",35.6062000008935,-82.5844
"513",10-10-20,5,"Board Of Ed. Bldg.","PM 2.5","Buncombe",35.6062000008935,-82.5844
"514",10-11-20,2,"Board Of Ed. Bldg.","PM 2.5","Buncombe",35.6062000008935,-82.5844
"515",10-12-20,11,"Board Of Ed. Bldg.","PM 2.5","Buncombe",35.6062000008935,-82.5844
"516",NA,14,"Board Of Ed. Bldg.","PM 2.5","Buncombe",35.6062000008935,-82.5844
"517",NA,19,"Board Of Ed. Bldg.","PM 2.5","Buncombe",35.6062000008935,-82.5844
"518",NA,33,"Board Of Ed. Bldg.","PM 2.5","Buncombe",35.6062000008935,-82.5844
"519",NA,7,"Board Of Ed. Bldg.","PM 2.5","Buncombe",35.6062000008935,-82.5844
"520",NA,5,"Board Of Ed. Bldg.","PM 2.5","Buncombe",35.6062000008935,-82.5844
"521",NA,13,"Board Of Ed. Bldg.","PM 2.5","Buncombe",35.6062000008935,-82.5844
"522",NA,29,"Board Of Ed. Bldg.","PM 2.5","Buncombe",35.6062000008935,-82.5844
"523",NA,18,"Board Of Ed. Bldg.","PM 2.5","Buncombe",35.6062000008935,-82.5844
"524",NA,5,"Board Of Ed. Bldg.","PM 2.5","Buncombe",35.6062000008935,-82.5844
"525",NA,20,"Board Of Ed. Bldg.","PM 2.5","Buncombe",35.6062000008935,-82.5844
"526",NA,21,"Board Of Ed. Bldg.","PM 2.5","Buncombe",35.6062000008935,-82.5844
"527",NA,21,"Board Of Ed. Bldg.","PM 2.5","Buncombe",35.6062000008935,-82.5844
"528",NA,23,"Board Of Ed. Bldg.","PM 2.5","Buncombe",35.6062000008935,-82.5844
"529",NA,4,"Board Of Ed. Bldg.","PM 2.5","Buncombe",35.6062000008935,-82.5844
"530",NA,8,"Board Of Ed. Bldg.","PM 2.5","Buncombe",35.6062000008935,-82.5844
"531",NA,23,"Board Of Ed. Bldg.","PM 2.5","Buncombe",35.6062000008935,-82.5844
"532",NA,10,"Board Of Ed. Bldg.","PM 2.5","Buncombe",35.6062000008935,-82.5844
"533",NA,25,"Board Of Ed. Bldg.","PM 2.5","Buncombe",35.6062000008935,-82.5844
"534",NA,41,"Board Of Ed. Bldg.","PM 2.5","Buncombe",35.6062000008935,-82.5844
"535",11-01-20,24,"Board Of Ed. Bldg.","PM 2.5","Buncombe",35.6062000008935,-82.5844
"536",11-02-20,1,"Board Of Ed. Bldg.","PM 2.5","Buncombe",35.6062000008935,-82.5844
"537",11-03-20,20,"Board Of Ed. Bldg.","PM 2.5","Buncombe",35.6062000008935,-82.5844
"538",11-04-20,25,"Board Of Ed. Bldg.","PM 2.5","Buncombe",35.6062000008935,-82.5844
"539",11-05-20,23,"Board Of Ed. Bldg.","PM 2.5","Buncombe",35.6062000008935,-82.5844
"540",11-06-20,6,"Board Of Ed. Bldg.","PM 2.5","Buncombe",35.6062000008935,-82.5844
"541",11-07-20,11,"Board Of Ed. Bldg.","PM 2.5","Buncombe",35.6062000008935,-82.5844
"542",11-08-20,20,"Board Of Ed. Bldg.","PM 2.5","Buncombe",35.6062000008935,-82.5844
"543",11-09-20,9,"Board Of Ed. Bldg.","PM 2.5","Buncombe",35.6062000008935,-82.5844
"544",11-10-20,16,"Board Of Ed. Bldg.","PM 2.5","Buncombe",35.6062000008935,-82.5844
"545",11-11-20,32,"Board Of Ed. Bldg.","PM 2.5","Buncombe",35.6062000008935,-82.5844
"546",11-12-20,29,"Board Of Ed. Bldg.","PM 2.5","Buncombe",35.6062000008935,-82.5844
"547",NA,3,"Board Of Ed. Bldg.","PM 2.5","Buncombe",35.6062000008935,-82.5844
"548",NA,14,"Board Of Ed. Bldg.","PM 2.5","Buncombe",35.6062000008935,-82.5844
"549",NA,0,"Board Of Ed. Bldg.","PM 2.5","Buncombe",35.6062000008935,-82.5844
"550",NA,11,"Board Of Ed. Bldg.","PM 2.5","Buncombe",35.6062000008935,-82.5844
"551",NA,30,"Board Of Ed. Bldg.","PM 2.5","Buncombe",35.6062000008935,-82.5844
"552",NA,52,"Board Of Ed. Bldg.","PM 2.5","Buncombe",35.6062000008935,-82.5844
"553",NA,54,"Board Of Ed. Bldg.","PM 2.5","Buncombe",35.6062000008935,-82.5844
"554",NA,15,"Board Of Ed. Bldg.","PM 2.5","Buncombe",35.6062000008935,-82.5844
"555",NA,19,"Board Of Ed. Bldg.","PM 2.5","Buncombe",35.6062000008935,-82.5844
"556",NA,26,"Board Of Ed. Bldg.","PM 2.5","Buncombe",35.6062000008935,-82.5844
"557",NA,54,"Board Of Ed. Bldg.","PM 2.5","Buncombe",35.6062000008935,-82.5844
"558",NA,8,"Board Of Ed. Bldg.","PM 2.5","Buncombe",35.6062000008935,-82.5844
"559",NA,25,"Board Of Ed. Bldg.","PM 2.5","Buncombe",35.6062000008935,-82.5844
"560",NA,6,"Board Of Ed. Bldg.","PM 2.5","Buncombe",35.6062000008935,-82.5844
"561",NA,9,"Board Of Ed. Bldg.","PM 2.5","Buncombe",35.6062000008935,-82.5844
"562",NA,20,"Board Of Ed. Bldg.","PM 2.5","Buncombe",35.6062000008935,-82.5844
"563",NA,35,"Board Of Ed. Bldg.","PM 2.5","Buncombe",35.6062000008935,-82.5844
"564",NA,50,"Board Of Ed. Bldg.","PM 2.5","Buncombe",35.6062000008935,-82.5844
"565",12-01-20,24,"Board Of Ed. Bldg.","PM 2.5","Buncombe",35.6062000008935,-82.5844
"566",12-02-20,13,"Board Of Ed. Bldg.","PM 2.5","Buncombe",35.6062000008935,-82.5844
"567",12-03-20,16,"Board Of Ed. Bldg.","PM 2.5","Buncombe",35.6062000008935,-82.5844
"568",12-04-20,4,"Board Of Ed. Bldg.","PM 2.5","Buncombe",35.6062000008935,-82.5844
"569",12-05-20,5,"Board Of Ed. Bldg.","PM 2.5","Buncombe",35.6062000008935,-82.5844
"570",12-06-20,41,"Board Of Ed. Bldg.","PM 2.5","Buncombe",35.6062000008935,-82.5844
"571",12-07-20,24,"Board Of Ed. Bldg.","PM 2.5","Buncombe",35.6062000008935,-82.5844
"572",12-08-20,50,"Board Of Ed. Bldg.","PM 2.5","Buncombe",35.6062000008935,-82.5844
"573",12-09-20,24,"Board Of Ed. Bldg.","PM 2.5","Buncombe",35.6062000008935,-82.5844
"574",12-10-20,10,"Board Of Ed. Bldg.","PM 2.5","Buncombe",35.6062000008935,-82.5844
"575",12-11-20,13,"Board Of Ed. Bldg.","PM 2.5","Buncombe",35.6062000008935,-82.5844
"576",12-12-20,38,"Board Of Ed. Bldg.","PM 2.5","Buncombe",35.6062000008935,-82.5844
"577",NA,52,"Board Of Ed. Bldg.","PM 2.5","Buncombe",35.6062000008935,-82.5844
"578",NA,20,"Board Of Ed. Bldg.","PM 2.5","Buncombe",35.6062000008935,-82.5844
"579",NA,9,"Board Of Ed. Bldg.","PM 2.5","Buncombe",35.6062000008935,-82.5844
"580",NA,5,"Board Of Ed. Bldg.","PM 2.5","Buncombe",35.6062000008935,-82.5844
"581",NA,0,"Board Of Ed. Bldg.","PM 2.5","Buncombe",35.6062000008935,-82.5844
"582",NA,17,"Board Of Ed. Bldg.","PM 2.5","Buncombe",35.6062000008935,-82.5844
"583",NA,35,"Board Of Ed. Bldg.","PM 2.5","Buncombe",35.6062000008935,-82.5844
"584",NA,36,"Board Of Ed. Bldg.","PM 2.5","Buncombe",35.6062000008935,-82.5844
"585",NA,4,"Board Of Ed. Bldg.","PM 2.5","Buncombe",35.6062000008935,-82.5844
"586",NA,8,"Board Of Ed. Bldg.","PM 2.5","Buncombe",35.6062000008935,-82.5844
"587",NA,30,"Board Of Ed. Bldg.","PM 2.5","Buncombe",35.6062000008935,-82.5844
"588",NA,10,"Board Of Ed. Bldg.","PM 2.5","Buncombe",35.6062000008935,-82.5844
"589",NA,43,"Board Of Ed. Bldg.","PM 2.5","Buncombe",35.6062000008935,-82.5844
"590",NA,52,"Board Of Ed. Bldg.","PM 2.5","Buncombe",35.6062000008935,-82.5844
"591",NA,34,"Board Of Ed. Bldg.","PM 2.5","Buncombe",35.6062000008935,-82.5844
"592",NA,5,"Board Of Ed. Bldg.","PM 2.5","Buncombe",35.6062000008935,-82.5844
"593",NA,10,"Board Of Ed. Bldg.","PM 2.5","Buncombe",35.6062000008935,-82.5844
"594",NA,4,"Board Of Ed. Bldg.","PM 2.5","Buncombe",35.6062000008935,-82.5844
"595",1-02-20,37,"Hickory Water Tower","PM 2.5","Catawba",35.728889,-81.365556
"596",1-08-20,52,"Hickory Water Tower","PM 2.5","Catawba",35.728889,-81.365556
"597",NA,25,"Hickory Water Tower","PM 2.5","Catawba",35.728889,-81.365556
"598",NA,31,"Hickory Water Tower","PM 2.5","Catawba",35.728889,-81.365556
"599",NA,52,"Hickory Water Tower","PM 2.5","Catawba",35.728889,-81.365556
"600",2-01-20,43,"Hickory Water Tower","PM 2.5","Catawba",35.728889,-81.365556
"601",2-07-20,32,"Hickory Water Tower","PM 2.5","Catawba",35.728889,-81.365556
"602",NA,28,"Hickory Water Tower","PM 2.5","Catawba",35.728889,-81.365556
"603",NA,33,"Hickory Water Tower","PM 2.5","Catawba",35.728889,-81.365556
"604",NA,16,"Hickory Water Tower","PM 2.5","Catawba",35.728889,-81.365556
"605",3-03-20,10,"Hickory Water Tower","PM 2.5","Catawba",35.728889,-81.365556
"606",3-09-20,25,"Hickory Water Tower","PM 2.5","Catawba",35.728889,-81.365556
"607",NA,40,"Hickory Water Tower","PM 2.5","Catawba",35.728889,-81.365556
"608",NA,12,"Hickory Water Tower","PM 2.5","Catawba",35.728889,-81.365556
"609",NA,32,"Hickory Water Tower","PM 2.5","Catawba",35.728889,-81.365556
"610",4-02-20,35,"Hickory Water Tower","PM 2.5","Catawba",35.728889,-81.365556
"611",4-08-20,18,"Hickory Water Tower","PM 2.5","Catawba",35.728889,-81.365556
"612",NA,44,"Hickory Water Tower","PM 2.5","Catawba",35.728889,-81.365556
"613",NA,22,"Hickory Water Tower","PM 2.5","Catawba",35.728889,-81.365556
"614",NA,17,"Hickory Water Tower","PM 2.5","Catawba",35.728889,-81.365556
"615",5-02-20,44,"Hickory Water Tower","PM 2.5","Catawba",35.728889,-81.365556
"616",5-08-20,33,"Hickory Water Tower","PM 2.5","Catawba",35.728889,-81.365556
"617",NA,22,"Hickory Water Tower","PM 2.5","Catawba",35.728889,-81.365556
"618",NA,38,"Hickory Water Tower","PM 2.5","Catawba",35.728889,-81.365556
"619",6-01-20,25,"Hickory Water Tower","PM 2.5","Catawba",35.728889,-81.365556
"620",6-07-20,45,"Hickory Water Tower","PM 2.5","Catawba",35.728889,-81.365556
"621",NA,28,"Hickory Water Tower","PM 2.5","Catawba",35.728889,-81.365556
"622",NA,45,"Hickory Water Tower","PM 2.5","Catawba",35.728889,-81.365556
"623",NA,30,"Hickory Water Tower","PM 2.5","Catawba",35.728889,-81.365556
"624",7-01-20,29,"Hickory Water Tower","PM 2.5","Catawba",35.728889,-81.365556
"625",7-07-20,27,"Hickory Water Tower","PM 2.5","Catawba",35.728889,-81.365556
"626",NA,54,"Hickory Water Tower","PM 2.5","Catawba",35.728889,-81.365556
"627",NA,39,"Hickory Water Tower","PM 2.5","Catawba",35.728889,-81.365556
"628",NA,24,"Hickory Water Tower","PM 2.5","Catawba",35.728889,-81.365556
"629",NA,33,"Hickory Water Tower","PM 2.5","Catawba",35.728889,-81.365556
"630",8-06-20,27,"Hickory Water Tower","PM 2.5","Catawba",35.728889,-81.365556
"631",8-12-20,34,"Hickory Water Tower","PM 2.5","Catawba",35.728889,-81.365556
"632",NA,20,"Hickory Water Tower","PM 2.5","Catawba",35.728889,-81.365556
"633",NA,35,"Hickory Water Tower","PM 2.5","Catawba",35.728889,-81.365556
"634",NA,38,"Hickory Water Tower","PM 2.5","Catawba",35.728889,-81.365556
"635",9-05-20,41,"Hickory Water Tower","PM 2.5","Catawba",35.728889,-81.365556
"636",9-11-20,35,"Hickory Water Tower","PM 2.5","Catawba",35.728889,-81.365556
"637",NA,49,"Hickory Water Tower","PM 2.5","Catawba",35.728889,-81.365556
"638",NA,31,"Hickory Water Tower","PM 2.5","Catawba",35.728889,-81.365556
"639",10-05-20,38,"Hickory Water Tower","PM 2.5","Catawba",35.728889,-81.365556
"640",10-11-20,13,"Hickory Water Tower","PM 2.5","Catawba",35.728889,-81.365556
"641",NA,13,"Hickory Water Tower","PM 2.5","Catawba",35.728889,-81.365556
"642",NA,32,"Hickory Water Tower","PM 2.5","Catawba",35.728889,-81.365556
"643",NA,14,"Hickory Water Tower","PM 2.5","Catawba",35.728889,-81.365556
"644",11-04-20,28,"Hickory Water Tower","PM 2.5","Catawba",35.728889,-81.365556
"645",11-10-20,18,"Hickory Water Tower","PM 2.5","Catawba",35.728889,-81.365556
"646",NA,20,"Hickory Water Tower","PM 2.5","Catawba",35.728889,-81.365556
"647",NA,33,"Hickory Water Tower","PM 2.5","Catawba",35.728889,-81.365556
"648",NA,24,"Hickory Water Tower","PM 2.5","Catawba",35.728889,-81.365556
"649",12-04-20,13,"Hickory Water Tower","PM 2.5","Catawba",35.728889,-81.365556
"650",12-10-20,23,"Hickory Water Tower","PM 2.5","Catawba",35.728889,-81.365556
"651",NA,12,"Hickory Water Tower","PM 2.5","Catawba",35.728889,-81.365556
"652",NA,12,"Hickory Water Tower","PM 2.5","Catawba",35.728889,-81.365556
"653",NA,19,"Hickory Water Tower","PM 2.5","Catawba",35.728889,-81.365556
"654",1-01-20,24,"Hickory Water Tower","PM 2.5","Catawba",35.728889,-81.365556
"655",1-02-20,37,"Hickory Water Tower","PM 2.5","Catawba",35.728889,-81.365556
"656",1-03-20,68,"Hickory Water Tower","PM 2.5","Catawba",35.728889,-81.365556
"657",1-04-20,32,"Hickory Water Tower","PM 2.5","Catawba",35.728889,-81.365556
"658",1-05-20,20,"Hickory Water Tower","PM 2.5","Catawba",35.728889,-81.365556
"659",1-06-20,22,"Hickory Water Tower","PM 2.5","Catawba",35.728889,-81.365556
"660",1-07-20,48,"Hickory Water Tower","PM 2.5","Catawba",35.728889,-81.365556
"661",1-08-20,65,"Hickory Water Tower","PM 2.5","Catawba",35.728889,-81.365556
"662",1-09-20,72,"Hickory Water Tower","PM 2.5","Catawba",35.728889,-81.365556
"663",1-10-20,45,"Hickory Water Tower","PM 2.5","Catawba",35.728889,-81.365556
"664",1-11-20,44,"Hickory Water Tower","PM 2.5","Catawba",35.728889,-81.365556
"665",1-12-20,14,"Hickory Water Tower","PM 2.5","Catawba",35.728889,-81.365556
"666",NA,6,"Hickory Water Tower","PM 2.5","Catawba",35.728889,-81.365556
"667",NA,23,"Hickory Water Tower","PM 2.5","Catawba",35.728889,-81.365556
"668",NA,53,"Hickory Water Tower","PM 2.5","Catawba",35.728889,-81.365556
"669",NA,77,"Hickory Water Tower","PM 2.5","Catawba",35.728889,-81.365556
"670",NA,40,"Hickory Water Tower","PM 2.5","Catawba",35.728889,-81.365556
"671",NA,45,"Hickory Water Tower","PM 2.5","Catawba",35.728889,-81.365556
"672",NA,58,"Hickory Water Tower","PM 2.5","Catawba",35.728889,-81.365556
"673",NA,38,"Hickory Water Tower","PM 2.5","Catawba",35.728889,-81.365556
"674",NA,33,"Hickory Water Tower","PM 2.5","Catawba",35.728889,-81.365556
"675",NA,58,"Hickory Water Tower","PM 2.5","Catawba",35.728889,-81.365556
"676",NA,21,"Hickory Water Tower","PM 2.5","Catawba",35.728889,-81.365556
"677",NA,17,"Hickory Water Tower","PM 2.5","Catawba",35.728889,-81.365556
"678",NA,24,"Hickory Water Tower","PM 2.5","Catawba",35.728889,-81.365556
"679",NA,55,"Hickory Water Tower","PM 2.5","Catawba",35.728889,-81.365556
"680",NA,62,"Hickory Water Tower","PM 2.5","Catawba",35.728889,-81.365556
"681",NA,53,"Hickory Water Tower","PM 2.5","Catawba",35.728889,-81.365556
"682",NA,15,"Hickory Water Tower","PM 2.5","Catawba",35.728889,-81.365556
"683",NA,10,"Hickory Water Tower","PM 2.5","Catawba",35.728889,-81.365556
"684",NA,31,"Hickory Water Tower","PM 2.5","Catawba",35.728889,-81.365556
"685",2-01-20,53,"Hickory Water Tower","PM 2.5","Catawba",35.728889,-81.365556
"686",2-02-20,4,"Hickory Water Tower","PM 2.5","Catawba",35.728889,-81.365556
"687",2-03-20,35,"Hickory Water Tower","PM 2.5","Catawba",35.728889,-81.365556
"688",2-04-20,34,"Hickory Water Tower","PM 2.5","Catawba",35.728889,-81.365556
"689",2-05-20,17,"Hickory Water Tower","PM 2.5","Catawba",35.728889,-81.365556
"690",2-06-20,56,"Hickory Water Tower","PM 2.5","Catawba",35.728889,-81.365556
"691",2-07-20,38,"Hickory Water Tower","PM 2.5","Catawba",35.728889,-81.365556
"692",2-08-20,26,"Hickory Water Tower","PM 2.5","Catawba",35.728889,-81.365556
"693",2-09-20,52,"Hickory Water Tower","PM 2.5","Catawba",35.728889,-81.365556
"694",2-10-20,52,"Hickory Water Tower","PM 2.5","Catawba",35.728889,-81.365556
"695",2-11-20,19,"Hickory Water Tower","PM 2.5","Catawba",35.728889,-81.365556
"696",2-12-20,5,"Hickory Water Tower","PM 2.5","Catawba",35.728889,-81.365556
"697",NA,25,"Hickory Water Tower","PM 2.5","Catawba",35.728889,-81.365556
"698",NA,51,"Hickory Water Tower","PM 2.5","Catawba",35.728889,-81.365556
"699",NA,33,"Hickory Water Tower","PM 2.5","Catawba",35.728889,-81.365556
"700",NA,18,"Hickory Water Tower","PM 2.5","Catawba",35.728889,-81.365556
"701",NA,10,"Hickory Water Tower","PM 2.5","Catawba",35.728889,-81.365556
"702",NA,19,"Hickory Water Tower","PM 2.5","Catawba",35.728889,-81.365556
"703",NA,34,"Hickory Water Tower","PM 2.5","Catawba",35.728889,-81.365556
"704",NA,48,"Hickory Water Tower","PM 2.5","Catawba",35.728889,-81.365556
"705",NA,35,"Hickory Water Tower","PM 2.5","Catawba",35.728889,-81.365556
"706",NA,45,"Hickory Water Tower","PM 2.5","Catawba",35.728889,-81.365556
"707",NA,60,"Hickory Water Tower","PM 2.5","Catawba",35.728889,-81.365556
"708",NA,52,"Hickory Water Tower","PM 2.5","Catawba",35.728889,-81.365556
"709",NA,43,"Hickory Water Tower","PM 2.5","Catawba",35.728889,-81.365556
"710",NA,13,"Hickory Water Tower","PM 2.5","Catawba",35.728889,-81.365556
"711",NA,26,"Hickory Water Tower","PM 2.5","Catawba",35.728889,-81.365556
"712",NA,42,"Hickory Water Tower","PM 2.5","Catawba",35.728889,-81.365556
"713",3-01-20,22,"Hickory Water Tower","PM 2.5","Catawba",35.728889,-81.365556
"714",3-02-20,2,"Hickory Water Tower","PM 2.5","Catawba",35.728889,-81.365556
"715",3-03-20,8,"Hickory Water Tower","PM 2.5","Catawba",35.728889,-81.365556
"716",3-04-20,20,"Hickory Water Tower","PM 2.5","Catawba",35.728889,-81.365556
"717",3-05-20,50,"Hickory Water Tower","PM 2.5","Catawba",35.728889,-81.365556
"718",3-06-20,55,"Hickory Water Tower","PM 2.5","Catawba",35.728889,-81.365556
"719",3-07-20,30,"Hickory Water Tower","PM 2.5","Catawba",35.728889,-81.365556
"720",3-08-20,24,"Hickory Water Tower","PM 2.5","Catawba",35.728889,-81.365556
"721",3-09-20,26,"Hickory Water Tower","PM 2.5","Catawba",35.728889,-81.365556
"722",3-10-20,66,"Hickory Water Tower","PM 2.5","Catawba",35.728889,-81.365556
"723",3-11-20,66,"Hickory Water Tower","PM 2.5","Catawba",35.728889,-81.365556
"724",3-12-20,23,"Hickory Water Tower","PM 2.5","Catawba",35.728889,-81.365556
"725",NA,23,"Hickory Water Tower","PM 2.5","Catawba",35.728889,-81.365556
"726",NA,15,"Hickory Water Tower","PM 2.5","Catawba",35.728889,-81.365556
"727",NA,30,"Hickory Water Tower","PM 2.5","Catawba",35.728889,-81.365556
"728",NA,38,"Hickory Water Tower","PM 2.5","Catawba",35.728889,-81.365556
"729",NA,45,"Hickory Water Tower","PM 2.5","Catawba",35.728889,-81.365556
"730",NA,17,"Hickory Water Tower","PM 2.5","Catawba",35.728889,-81.365556
"731",NA,38,"Hickory Water Tower","PM 2.5","Catawba",35.728889,-81.365556
"732",NA,20,"Hickory Water Tower","PM 2.5","Catawba",35.728889,-81.365556
"733",NA,7,"Hickory Water Tower","PM 2.5","Catawba",35.728889,-81.365556
"734",NA,17,"Hickory Water Tower","PM 2.5","Catawba",35.728889,-81.365556
"735",NA,24,"Hickory Water Tower","PM 2.5","Catawba",35.728889,-81.365556
"736",NA,36,"Hickory Water Tower","PM 2.5","Catawba",35.728889,-81.365556
"737",NA,15,"Hickory Water Tower","PM 2.5","Catawba",35.728889,-81.365556
"738",NA,20,"Hickory Water Tower","PM 2.5","Catawba",35.728889,-81.365556
"739",NA,28,"Hickory Water Tower","PM 2.5","Catawba",35.728889,-81.365556
"740",NA,42,"Hickory Water Tower","PM 2.5","Catawba",35.728889,-81.365556
"741",NA,46,"Hickory Water Tower","PM 2.5","Catawba",35.728889,-81.365556
"742",NA,6,"Hickory Water Tower","PM 2.5","Catawba",35.728889,-81.365556
"743",NA,14,"Hickory Water Tower","PM 2.5","Catawba",35.728889,-81.365556
"744",4-01-20,26,"Hickory Water Tower","PM 2.5","Catawba",35.728889,-81.365556
"745",4-02-20,32,"Hickory Water Tower","PM 2.5","Catawba",35.728889,-81.365556
"746",4-03-20,40,"Hickory Water Tower","PM 2.5","Catawba",35.728889,-81.365556
"747",4-04-20,14,"Hickory Water Tower","PM 2.5","Catawba",35.728889,-81.365556
"748",4-05-20,20,"Hickory Water Tower","PM 2.5","Catawba",35.728889,-81.365556
"749",4-06-20,37,"Hickory Water Tower","PM 2.5","Catawba",35.728889,-81.365556
"750",4-07-20,22,"Hickory Water Tower","PM 2.5","Catawba",35.728889,-81.365556
"751",4-08-20,12,"Hickory Water Tower","PM 2.5","Catawba",35.728889,-81.365556
"752",NA,44,"Hickory Water Tower","PM 2.5","Catawba",35.728889,-81.365556
"753",NA,32,"Hickory Water Tower","PM 2.5","Catawba",35.728889,-81.365556
"754",NA,3,"Hickory Water Tower","PM 2.5","Catawba",35.728889,-81.365556
"755",NA,22,"Hickory Water Tower","PM 2.5","Catawba",35.728889,-81.365556
"756",NA,32,"Hickory Water Tower","PM 2.5","Catawba",35.728889,-81.365556
"757",NA,27,"Hickory Water Tower","PM 2.5","Catawba",35.728889,-81.365556
"758",NA,26,"Hickory Water Tower","PM 2.5","Catawba",35.728889,-81.365556
"759",NA,36,"Hickory Water Tower","PM 2.5","Catawba",35.728889,-81.365556
"760",NA,51,"Hickory Water Tower","PM 2.5","Catawba",35.728889,-81.365556
"761",NA,20,"Hickory Water Tower","PM 2.5","Catawba",35.728889,-81.365556
"762",NA,9,"Hickory Water Tower","PM 2.5","Catawba",35.728889,-81.365556
"763",NA,11,"Hickory Water Tower","PM 2.5","Catawba",35.728889,-81.365556
"764",NA,16,"Hickory Water Tower","PM 2.5","Catawba",35.728889,-81.365556
"765",NA,17,"Hickory Water Tower","PM 2.5","Catawba",35.728889,-81.365556
"766",NA,35,"Hickory Water Tower","PM 2.5","Catawba",35.728889,-81.365556
"767",NA,13,"Hickory Water Tower","PM 2.5","Catawba",35.728889,-81.365556
"768",NA,29,"Hickory Water Tower","PM 2.5","Catawba",35.728889,-81.365556
"769",5-01-20,34,"Hickory Water Tower","PM 2.5","Catawba",35.728889,-81.365556
"770",5-02-20,46,"Hickory Water Tower","PM 2.5","Catawba",35.728889,-81.365556
"771",5-03-20,48,"Hickory Water Tower","PM 2.5","Catawba",35.728889,-81.365556
"772",5-04-20,44,"Hickory Water Tower","PM 2.5","Catawba",35.728889,-81.365556
"773",5-05-20,56,"Hickory Water Tower","PM 2.5","Catawba",35.728889,-81.365556
"774",5-06-20,27,"Hickory Water Tower","PM 2.5","Catawba",35.728889,-81.365556
"775",5-07-20,33,"Hickory Water Tower","PM 2.5","Catawba",35.728889,-81.365556
"776",5-08-20,35,"Hickory Water Tower","PM 2.5","Catawba",35.728889,-81.365556
"777",5-09-20,48,"Hickory Water Tower","PM 2.5","Catawba",35.728889,-81.365556
"778",5-10-20,49,"Hickory Water Tower","PM 2.5","Catawba",35.728889,-81.365556
"779",5-11-20,47,"Hickory Water Tower","PM 2.5","Catawba",35.728889,-81.365556
"780",5-12-20,56,"Hickory Water Tower","PM 2.5","Catawba",35.728889,-81.365556
"781",NA,56,"Hickory Water Tower","PM 2.5","Catawba",35.728889,-81.365556
"782",NA,58,"Hickory Water Tower","PM 2.5","Catawba",35.728889,-81.365556
"783",NA,30,"Hickory Water Tower","PM 2.5","Catawba",35.728889,-81.365556
"784",NA,19,"Hickory Water Tower","PM 2.5","Catawba",35.728889,-81.365556
"785",NA,23,"Hickory Water Tower","PM 2.5","Catawba",35.728889,-81.365556
"786",NA,24,"Hickory Water Tower","PM 2.5","Catawba",35.728889,-81.365556
"787",NA,32,"Hickory Water Tower","PM 2.5","Catawba",35.728889,-81.365556
"788",NA,39,"Hickory Water Tower","PM 2.5","Catawba",35.728889,-81.365556
"789",NA,33,"Hickory Water Tower","PM 2.5","Catawba",35.728889,-81.365556
"790",NA,31,"Hickory Water Tower","PM 2.5","Catawba",35.728889,-81.365556
"791",NA,25,"Hickory Water Tower","PM 2.5","Catawba",35.728889,-81.365556
"792",NA,43,"Hickory Water Tower","PM 2.5","Catawba",35.728889,-81.365556
"793",NA,20,"Hickory Water Tower","PM 2.5","Catawba",35.728889,-81.365556
"794",NA,19,"Hickory Water Tower","PM 2.5","Catawba",35.728889,-81.365556
"795",NA,29,"Hickory Water Tower","PM 2.5","Catawba",35.728889,-81.365556
"796",NA,16,"Hickory Water Tower","PM 2.5","Catawba",35.728889,-81.365556
"797",NA,17,"Hickory Water Tower","PM 2.5","Catawba",35.728889,-81.365556
"798",NA,28,"Hickory Water Tower","PM 2.5","Catawba",35.728889,-81.365556
"799",NA,24,"Hickory Water Tower","PM 2.5","Catawba",35.728889,-81.365556
"800",6-01-20,30,"Hickory Water Tower","PM 2.5","Catawba",35.728889,-81.365556
"801",6-02-20,27,"Hickory Water Tower","PM 2.5","Catawba",35.728889,-81.365556
"802",6-03-20,32,"Hickory Water Tower","PM 2.5","Catawba",35.728889,-81.365556
"803",6-04-20,23,"Hickory Water Tower","PM 2.5","Catawba",35.728889,-81.365556
"804",6-05-20,33,"Hickory Water Tower","PM 2.5","Catawba",35.728889,-81.365556
"805",6-06-20,35,"Hickory Water Tower","PM 2.5","Catawba",35.728889,-81.365556
"806",6-07-20,50,"Hickory Water Tower","PM 2.5","Catawba",35.728889,-81.365556
"807",6-08-20,62,"Hickory Water Tower","PM 2.5","Catawba",35.728889,-81.365556
"808",6-09-20,63,"Hickory Water Tower","PM 2.5","Catawba",35.728889,-81.365556
"809",6-10-20,55,"Hickory Water Tower","PM 2.5","Catawba",35.728889,-81.365556
"810",6-11-20,38,"Hickory Water Tower","PM 2.5","Catawba",35.728889,-81.365556
"811",6-12-20,19,"Hickory Water Tower","PM 2.5","Catawba",35.728889,-81.365556
"812",NA,31,"Hickory Water Tower","PM 2.5","Catawba",35.728889,-81.365556
"813",NA,33,"Hickory Water Tower","PM 2.5","Catawba",35.728889,-81.365556
"814",NA,41,"Hickory Water Tower","PM 2.5","Catawba",35.728889,-81.365556
"815",NA,57,"Hickory Water Tower","PM 2.5","Catawba",35.728889,-81.365556
"816",NA,50,"Hickory Water Tower","PM 2.5","Catawba",35.728889,-81.365556
"817",NA,48,"Hickory Water Tower","PM 2.5","Catawba",35.728889,-81.365556
"818",NA,45,"Hickory Water Tower","PM 2.5","Catawba",35.728889,-81.365556
"819",NA,56,"Hickory Water Tower","PM 2.5","Catawba",35.728889,-81.365556
"820",NA,43,"Hickory Water Tower","PM 2.5","Catawba",35.728889,-81.365556
"821",NA,30,"Hickory Water Tower","PM 2.5","Catawba",35.728889,-81.365556
"822",NA,27,"Hickory Water Tower","PM 2.5","Catawba",35.728889,-81.365556
"823",NA,29,"Hickory Water Tower","PM 2.5","Catawba",35.728889,-81.365556
"824",NA,32,"Hickory Water Tower","PM 2.5","Catawba",35.728889,-81.365556
"825",NA,29,"Hickory Water Tower","PM 2.5","Catawba",35.728889,-81.365556
"826",NA,25,"Hickory Water Tower","PM 2.5","Catawba",35.728889,-81.365556
"827",NA,30,"Hickory Water Tower","PM 2.5","Catawba",35.728889,-81.365556
"828",NA,34,"Hickory Water Tower","PM 2.5","Catawba",35.728889,-81.365556
"829",NA,55,"Hickory Water Tower","PM 2.5","Catawba",35.728889,-81.365556
"830",7-01-20,33,"Hickory Water Tower","PM 2.5","Catawba",35.728889,-81.365556
"831",7-02-20,26,"Hickory Water Tower","PM 2.5","Catawba",35.728889,-81.365556
"832",7-03-20,43,"Hickory Water Tower","PM 2.5","Catawba",35.728889,-81.365556
"833",7-04-20,60,"Hickory Water Tower","PM 2.5","Catawba",35.728889,-81.365556
"834",7-05-20,38,"Hickory Water Tower","PM 2.5","Catawba",35.728889,-81.365556
"835",7-06-20,31,"Hickory Water Tower","PM 2.5","Catawba",35.728889,-81.365556
"836",7-07-20,30,"Hickory Water Tower","PM 2.5","Catawba",35.728889,-81.365556
"837",7-08-20,23,"Hickory Water Tower","PM 2.5","Catawba",35.728889,-81.365556
"838",7-09-20,28,"Hickory Water Tower","PM 2.5","Catawba",35.728889,-81.365556
"839",7-10-20,40,"Hickory Water Tower","PM 2.5","Catawba",35.728889,-81.365556
"840",7-11-20,49,"Hickory Water Tower","PM 2.5","Catawba",35.728889,-81.365556
"841",7-12-20,49,"Hickory Water Tower","PM 2.5","Catawba",35.728889,-81.365556
"842",NA,55,"Hickory Water Tower","PM 2.5","Catawba",35.728889,-81.365556
"843",NA,59,"Hickory Water Tower","PM 2.5","Catawba",35.728889,-81.365556
"844",NA,59,"Hickory Water Tower","PM 2.5","Catawba",35.728889,-81.365556
"845",NA,47,"Hickory Water Tower","PM 2.5","Catawba",35.728889,-81.365556
"846",NA,32,"Hickory Water Tower","PM 2.5","Catawba",35.728889,-81.365556
"847",NA,35,"Hickory Water Tower","PM 2.5","Catawba",35.728889,-81.365556
"848",NA,42,"Hickory Water Tower","PM 2.5","Catawba",35.728889,-81.365556
"849",NA,43,"Hickory Water Tower","PM 2.5","Catawba",35.728889,-81.365556
"850",NA,24,"Hickory Water Tower","PM 2.5","Catawba",35.728889,-81.365556
"851",NA,21,"Hickory Water Tower","PM 2.5","Catawba",35.728889,-81.365556
"852",NA,28,"Hickory Water Tower","PM 2.5","Catawba",35.728889,-81.365556
"853",NA,22,"Hickory Water Tower","PM 2.5","Catawba",35.728889,-81.365556
"854",NA,23,"Hickory Water Tower","PM 2.5","Catawba",35.728889,-81.365556
"855",NA,28,"Hickory Water Tower","PM 2.5","Catawba",35.728889,-81.365556
"856",NA,36,"Hickory Water Tower","PM 2.5","Catawba",35.728889,-81.365556
"857",NA,40,"Hickory Water Tower","PM 2.5","Catawba",35.728889,-81.365556
"858",NA,38,"Hickory Water Tower","PM 2.5","Catawba",35.728889,-81.365556
"859",NA,39,"Hickory Water Tower","PM 2.5","Catawba",35.728889,-81.365556
"860",NA,33,"Hickory Water Tower","PM 2.5","Catawba",35.728889,-81.365556
"861",8-01-20,21,"Hickory Water Tower","PM 2.5","Catawba",35.728889,-81.365556
"862",8-02-20,15,"Hickory Water Tower","PM 2.5","Catawba",35.728889,-81.365556
"863",8-03-20,15,"Hickory Water Tower","PM 2.5","Catawba",35.728889,-81.365556
"864",8-04-20,23,"Hickory Water Tower","PM 2.5","Catawba",35.728889,-81.365556
"865",8-05-20,29,"Hickory Water Tower","PM 2.5","Catawba",35.728889,-81.365556
"866",8-06-20,28,"Hickory Water Tower","PM 2.5","Catawba",35.728889,-81.365556
"867",8-07-20,31,"Hickory Water Tower","PM 2.5","Catawba",35.728889,-81.365556
"868",8-08-20,24,"Hickory Water Tower","PM 2.5","Catawba",35.728889,-81.365556
"869",8-09-20,26,"Hickory Water Tower","PM 2.5","Catawba",35.728889,-81.365556
"870",8-10-20,38,"Hickory Water Tower","PM 2.5","Catawba",35.728889,-81.365556
"871",8-11-20,26,"Hickory Water Tower","PM 2.5","Catawba",35.728889,-81.365556
"872",8-12-20,30,"Hickory Water Tower","PM 2.5","Catawba",35.728889,-81.365556
"873",NA,40,"Hickory Water Tower","PM 2.5","Catawba",35.728889,-81.365556
"874",NA,47,"Hickory Water Tower","PM 2.5","Catawba",35.728889,-81.365556
"875",NA,54,"Hickory Water Tower","PM 2.5","Catawba",35.728889,-81.365556
"876",NA,59,"Hickory Water Tower","PM 2.5","Catawba",35.728889,-81.365556
"877",NA,47,"Hickory Water Tower","PM 2.5","Catawba",35.728889,-81.365556
"878",NA,21,"Hickory Water Tower","PM 2.5","Catawba",35.728889,-81.365556
"879",NA,30,"Hickory Water Tower","PM 2.5","Catawba",35.728889,-81.365556
"880",NA,33,"Hickory Water Tower","PM 2.5","Catawba",35.728889,-81.365556
"881",NA,38,"Hickory Water Tower","PM 2.5","Catawba",35.728889,-81.365556
"882",NA,28,"Hickory Water Tower","PM 2.5","Catawba",35.728889,-81.365556
"883",NA,52,"Hickory Water Tower","PM 2.5","Catawba",35.728889,-81.365556
"884",NA,35,"Hickory Water Tower","PM 2.5","Catawba",35.728889,-81.365556
"885",NA,48,"Hickory Water Tower","PM 2.5","Catawba",35.728889,-81.365556
"886",NA,55,"Hickory Water Tower","PM 2.5","Catawba",35.728889,-81.365556
"887",NA,58,"Hickory Water Tower","PM 2.5","Catawba",35.728889,-81.365556
"888",NA,54,"Hickory Water Tower","PM 2.5","Catawba",35.728889,-81.365556
"889",NA,48,"Hickory Water Tower","PM 2.5","Catawba",35.728889,-81.365556
"890",NA,44,"Hickory Water Tower","PM 2.5","Catawba",35.728889,-81.365556
"891",NA,30,"Hickory Water Tower","PM 2.5","Catawba",35.728889,-81.365556
"892",9-01-20,38,"Hickory Water Tower","PM 2.5","Catawba",35.728889,-81.365556
"893",9-02-20,31,"Hickory Water Tower","PM 2.5","Catawba",35.728889,-81.365556
"894",9-03-20,33,"Hickory Water Tower","PM 2.5","Catawba",35.728889,-81.365556
"895",9-04-20,36,"Hickory Water Tower","PM 2.5","Catawba",35.728889,-81.365556
"896",9-05-20,42,"Hickory Water Tower","PM 2.5","Catawba",35.728889,-81.365556
"897",9-06-20,44,"Hickory Water Tower","PM 2.5","Catawba",35.728889,-81.365556
"898",9-07-20,42,"Hickory Water Tower","PM 2.5","Catawba",35.728889,-81.365556
"899",9-08-20,49,"Hickory Water Tower","PM 2.5","Catawba",35.728889,-81.365556
"900",9-09-20,28,"Hickory Water Tower","PM 2.5","Catawba",35.728889,-81.365556
"901",9-10-20,27,"Hickory Water Tower","PM 2.5","Catawba",35.728889,-81.365556
"902",9-11-20,38,"Hickory Water Tower","PM 2.5","Catawba",35.728889,-81.365556
"903",NA,45,"Hickory Water Tower","PM 2.5","Catawba",35.728889,-81.365556
"904",NA,52,"Hickory Water Tower","PM 2.5","Catawba",35.728889,-81.365556
"905",NA,51,"Hickory Water Tower","PM 2.5","Catawba",35.728889,-81.365556
"906",NA,51,"Hickory Water Tower","PM 2.5","Catawba",35.728889,-81.365556
"907",NA,23,"Hickory Water Tower","PM 2.5","Catawba",35.728889,-81.365556
"908",NA,37,"Hickory Water Tower","PM 2.5","Catawba",35.728889,-81.365556
"909",NA,19,"Hickory Water Tower","PM 2.5","Catawba",35.728889,-81.365556
"910",NA,22,"Hickory Water Tower","PM 2.5","Catawba",35.728889,-81.365556
"911",NA,20,"Hickory Water Tower","PM 2.5","Catawba",35.728889,-81.365556
"912",NA,33,"Hickory Water Tower","PM 2.5","Catawba",35.728889,-81.365556
"913",NA,35,"Hickory Water Tower","PM 2.5","Catawba",35.728889,-81.365556
"914",10-01-20,39,"Hickory Water Tower","PM 2.5","Catawba",35.728889,-81.365556
"915",10-02-20,37,"Hickory Water Tower","PM 2.5","Catawba",35.728889,-81.365556
"916",10-03-20,31,"Hickory Water Tower","PM 2.5","Catawba",35.728889,-81.365556
"917",10-04-20,36,"Hickory Water Tower","PM 2.5","Catawba",35.728889,-81.365556
"918",10-05-20,35,"Hickory Water Tower","PM 2.5","Catawba",35.728889,-81.365556
"919",10-06-20,52,"Hickory Water Tower","PM 2.5","Catawba",35.728889,-81.365556
"920",10-07-20,56,"Hickory Water Tower","PM 2.5","Catawba",35.728889,-81.365556
"921",10-08-20,43,"Hickory Water Tower","PM 2.5","Catawba",35.728889,-81.365556
"922",10-09-20,20,"Hickory Water Tower","PM 2.5","Catawba",35.728889,-81.365556
"923",10-10-20,14,"Hickory Water Tower","PM 2.5","Catawba",35.728889,-81.365556
"924",10-11-20,8,"Hickory Water Tower","PM 2.5","Catawba",35.728889,-81.365556
"925",10-12-20,13,"Hickory Water Tower","PM 2.5","Catawba",35.728889,-81.365556
"926",NA,11,"Hickory Water Tower","PM 2.5","Catawba",35.728889,-81.365556
"927",NA,25,"Hickory Water Tower","PM 2.5","Catawba",35.728889,-81.365556
"928",NA,41,"Hickory Water Tower","PM 2.5","Catawba",35.728889,-81.365556
"929",NA,33,"Hickory Water Tower","PM 2.5","Catawba",35.728889,-81.365556
"930",NA,13,"Hickory Water Tower","PM 2.5","Catawba",35.728889,-81.365556
"931",NA,24,"Hickory Water Tower","PM 2.5","Catawba",35.728889,-81.365556
"932",NA,26,"Hickory Water Tower","PM 2.5","Catawba",35.728889,-81.365556
"933",NA,26,"Hickory Water Tower","PM 2.5","Catawba",35.728889,-81.365556
"934",NA,8,"Hickory Water Tower","PM 2.5","Catawba",35.728889,-81.365556
"935",NA,20,"Hickory Water Tower","PM 2.5","Catawba",35.728889,-81.365556
"936",NA,26,"Hickory Water Tower","PM 2.5","Catawba",35.728889,-81.365556
"937",NA,35,"Hickory Water Tower","PM 2.5","Catawba",35.728889,-81.365556
"938",NA,28,"Hickory Water Tower","PM 2.5","Catawba",35.728889,-81.365556
"939",NA,25,"Hickory Water Tower","PM 2.5","Catawba",35.728889,-81.365556
"940",NA,3,"Hickory Water Tower","PM 2.5","Catawba",35.728889,-81.365556
"941",NA,23,"Hickory Water Tower","PM 2.5","Catawba",35.728889,-81.365556
"942",NA,40,"Hickory Water Tower","PM 2.5","Catawba",35.728889,-81.365556
"943",NA,21,"Hickory Water Tower","PM 2.5","Catawba",35.728889,-81.365556
"944",NA,47,"Hickory Water Tower","PM 2.5","Catawba",35.728889,-81.365556
"945",11-01-20,30,"Hickory Water Tower","PM 2.5","Catawba",35.728889,-81.365556
"946",11-02-20,15,"Hickory Water Tower","PM 2.5","Catawba",35.728889,-81.365556
"947",11-03-20,20,"Hickory Water Tower","PM 2.5","Catawba",35.728889,-81.365556
"948",11-04-20,28,"Hickory Water Tower","PM 2.5","Catawba",35.728889,-81.365556
"949",11-05-20,21,"Hickory Water Tower","PM 2.5","Catawba",35.728889,-81.365556
"950",11-06-20,14,"Hickory Water Tower","PM 2.5","Catawba",35.728889,-81.365556
"951",11-07-20,25,"Hickory Water Tower","PM 2.5","Catawba",35.728889,-81.365556
"952",11-08-20,25,"Hickory Water Tower","PM 2.5","Catawba",35.728889,-81.365556
"953",11-09-20,23,"Hickory Water Tower","PM 2.5","Catawba",35.728889,-81.365556
"954",11-10-20,15,"Hickory Water Tower","PM 2.5","Catawba",35.728889,-81.365556
"955",11-11-20,35,"Hickory Water Tower","PM 2.5","Catawba",35.728889,-81.365556
"956",11-12-20,44,"Hickory Water Tower","PM 2.5","Catawba",35.728889,-81.365556
"957",NA,20,"Hickory Water Tower","PM 2.5","Catawba",35.728889,-81.365556
"958",NA,20,"Hickory Water Tower","PM 2.5","Catawba",35.728889,-81.365556
"959",NA,9,"Hickory Water Tower","PM 2.5","Catawba",35.728889,-81.365556
"960",NA,18,"Hickory Water Tower","PM 2.5","Catawba",35.728889,-81.365556
"961",NA,48,"Hickory Water Tower","PM 2.5","Catawba",35.728889,-81.365556
"962",NA,61,"Hickory Water Tower","PM 2.5","Catawba",35.728889,-81.365556
"963",NA,58,"Hickory Water Tower","PM 2.5","Catawba",35.728889,-81.365556
"964",NA,37,"Hickory Water Tower","PM 2.5","Catawba",35.728889,-81.365556
"965",NA,20,"Hickory Water Tower","PM 2.5","Catawba",35.728889,-81.365556
"966",NA,32,"Hickory Water Tower","PM 2.5","Catawba",35.728889,-81.365556
"967",NA,35,"Hickory Water Tower","PM 2.5","Catawba",35.728889,-81.365556
"968",NA,14,"Hickory Water Tower","PM 2.5","Catawba",35.728889,-81.365556
"969",NA,26,"Hickory Water Tower","PM 2.5","Catawba",35.728889,-81.365556
"970",NA,18,"Hickory Water Tower","PM 2.5","Catawba",35.728889,-81.365556
"971",NA,7,"Hickory Water Tower","PM 2.5","Catawba",35.728889,-81.365556
"972",NA,19,"Hickory Water Tower","PM 2.5","Catawba",35.728889,-81.365556
"973",NA,38,"Hickory Water Tower","PM 2.5","Catawba",35.728889,-81.365556
"974",NA,47,"Hickory Water Tower","PM 2.5","Catawba",35.728889,-81.365556
"975",12-01-20,54,"Hickory Water Tower","PM 2.5","Catawba",35.728889,-81.365556
"976",12-02-20,23,"Hickory Water Tower","PM 2.5","Catawba",35.728889,-81.365556
"977",12-03-20,24,"Hickory Water Tower","PM 2.5","Catawba",35.728889,-81.365556
"978",12-04-20,10,"Hickory Water Tower","PM 2.5","Catawba",35.728889,-81.365556
"979",12-05-20,7,"Hickory Water Tower","PM 2.5","Catawba",35.728889,-81.365556
"980",12-06-20,30,"Hickory Water Tower","PM 2.5","Catawba",35.728889,-81.365556
"981",12-07-20,53,"Hickory Water Tower","PM 2.5","Catawba",35.728889,-81.365556
"982",12-08-20,56,"Hickory Water Tower","PM 2.5","Catawba",35.728889,-81.365556
"983",12-09-20,17,"Hickory Water Tower","PM 2.5","Catawba",35.728889,-81.365556
"984",12-10-20,20,"Hickory Water Tower","PM 2.5","Catawba",35.728889,-81.365556
"985",12-11-20,36,"Hickory Water Tower","PM 2.5","Catawba",35.728889,-81.365556
"986",12-12-20,43,"Hickory Water Tower","PM 2.5","Catawba",35.728889,-81.365556
"987",NA,63,"Hickory Water Tower","PM 2.5","Catawba",35.728889,-81.365556
"988",NA,46,"Hickory Water Tower","PM 2.5","Catawba",35.728889,-81.365556
"989",NA,13,"Hickory Water Tower","PM 2.5","Catawba",35.728889,-81.365556
"990",NA,9,"Hickory Water Tower","PM 2.5","Catawba",35.728889,-81.365556
"991",NA,6,"Hickory Water Tower","PM 2.5","Catawba",35.728889,-81.365556
"992",NA,25,"Hickory Water Tower","PM 2.5","Catawba",35.728889,-81.365556
"993",NA,54,"Hickory Water Tower","PM 2.5","Catawba",35.728889,-81.365556
"994",NA,41,"Hickory Water Tower","PM 2.5","Catawba",35.728889,-81.365556
"995",NA,6,"Hickory Water Tower","PM 2.5","Catawba",35.728889,-81.365556
"996",NA,5,"Hickory Water Tower","PM 2.5","Catawba",35.728889,-81.365556
"997",NA,33,"Hickory Water Tower","PM 2.5","Catawba",35.728889,-81.365556
"998",NA,11,"Hickory Water Tower","PM 2.5","Catawba",35.728889,-81.365556
"999",NA,34,"Hickory Water Tower","PM 2.5","Catawba",35.728889,-81.365556
"1000",NA,54,"Hickory Water Tower","PM 2.5","Catawba",35.728889,-81.365556
"1001",NA,60,"Hickory Water Tower","PM 2.5","Catawba",35.728889,-81.365556
"1002",NA,20,"Hickory Water Tower","PM 2.5","Catawba",35.728889,-81.365556
"1003",NA,15,"Hickory Water Tower","PM 2.5","Catawba",35.728889,-81.365556
"1004",NA,29,"Hickory Water Tower","PM 2.5","Catawba",35.728889,-81.365556
"1005",NA,30,"Hickory Water Tower","PM 2.5","Catawba",35.728889,-81.365556
"1006",1-02-20,33,"William Owen School","PM 2.5","Cumberland",35.041416,-78.953112
"1007",1-08-20,43,"William Owen School","PM 2.5","Cumberland",35.041416,-78.953112
"1008",NA,13,"William Owen School","PM 2.5","Cumberland",35.041416,-78.953112
"1009",NA,48,"William Owen School","PM 2.5","Cumberland",35.041416,-78.953112
"1010",NA,60,"William Owen School","PM 2.5","Cumberland",35.041416,-78.953112
"1011",2-01-20,21,"William Owen School","PM 2.5","Cumberland",35.041416,-78.953112
"1012",2-07-20,25,"William Owen School","PM 2.5","Cumberland",35.041416,-78.953112
"1013",NA,22,"William Owen School","PM 2.5","Cumberland",35.041416,-78.953112
"1014",NA,41,"William Owen School","PM 2.5","Cumberland",35.041416,-78.953112
"1015",NA,19,"William Owen School","PM 2.5","Cumberland",35.041416,-78.953112
"1016",3-03-20,10,"William Owen School","PM 2.5","Cumberland",35.041416,-78.953112
"1017",3-09-20,35,"William Owen School","PM 2.5","Cumberland",35.041416,-78.953112
"1018",NA,34,"William Owen School","PM 2.5","Cumberland",35.041416,-78.953112
"1019",NA,10,"William Owen School","PM 2.5","Cumberland",35.041416,-78.953112
"1020",NA,33,"William Owen School","PM 2.5","Cumberland",35.041416,-78.953112
"1021",4-02-20,36,"William Owen School","PM 2.5","Cumberland",35.041416,-78.953112
"1022",4-08-20,19,"William Owen School","PM 2.5","Cumberland",35.041416,-78.953112
"1023",NA,35,"William Owen School","PM 2.5","Cumberland",35.041416,-78.953112
"1024",NA,21,"William Owen School","PM 2.5","Cumberland",35.041416,-78.953112
"1025",5-02-20,33,"William Owen School","PM 2.5","Cumberland",35.041416,-78.953112
"1026",5-08-20,31,"William Owen School","PM 2.5","Cumberland",35.041416,-78.953112
"1027",NA,35,"William Owen School","PM 2.5","Cumberland",35.041416,-78.953112
"1028",NA,23,"William Owen School","PM 2.5","Cumberland",35.041416,-78.953112
"1029",6-01-20,30,"William Owen School","PM 2.5","Cumberland",35.041416,-78.953112
"1030",6-07-20,46,"William Owen School","PM 2.5","Cumberland",35.041416,-78.953112
"1031",NA,34,"William Owen School","PM 2.5","Cumberland",35.041416,-78.953112
"1032",NA,54,"William Owen School","PM 2.5","Cumberland",35.041416,-78.953112
"1033",NA,34,"William Owen School","PM 2.5","Cumberland",35.041416,-78.953112
"1034",7-01-20,25,"William Owen School","PM 2.5","Cumberland",35.041416,-78.953112
"1035",7-07-20,29,"William Owen School","PM 2.5","Cumberland",35.041416,-78.953112
"1036",NA,43,"William Owen School","PM 2.5","Cumberland",35.041416,-78.953112
"1037",NA,38,"William Owen School","PM 2.5","Cumberland",35.041416,-78.953112
"1038",NA,21,"William Owen School","PM 2.5","Cumberland",35.041416,-78.953112
"1039",NA,23,"William Owen School","PM 2.5","Cumberland",35.041416,-78.953112
"1040",8-06-20,30,"William Owen School","PM 2.5","Cumberland",35.041416,-78.953112
"1041",8-12-20,27,"William Owen School","PM 2.5","Cumberland",35.041416,-78.953112
"1042",NA,22,"William Owen School","PM 2.5","Cumberland",35.041416,-78.953112
"1043",NA,38,"William Owen School","PM 2.5","Cumberland",35.041416,-78.953112
"1044",NA,30,"William Owen School","PM 2.5","Cumberland",35.041416,-78.953112
"1045",9-05-20,27,"William Owen School","PM 2.5","Cumberland",35.041416,-78.953112
"1046",9-11-20,17,"William Owen School","PM 2.5","Cumberland",35.041416,-78.953112
"1047",NA,31,"William Owen School","PM 2.5","Cumberland",35.041416,-78.953112
"1048",NA,23,"William Owen School","PM 2.5","Cumberland",35.041416,-78.953112
"1049",10-05-20,45,"William Owen School","PM 2.5","Cumberland",35.041416,-78.953112
"1050",NA,29,"William Owen School","PM 2.5","Cumberland",35.041416,-78.953112
"1051",NA,26,"William Owen School","PM 2.5","Cumberland",35.041416,-78.953112
"1052",NA,42,"William Owen School","PM 2.5","Cumberland",35.041416,-78.953112
"1053",NA,23,"William Owen School","PM 2.5","Cumberland",35.041416,-78.953112
"1054",11-04-20,24,"William Owen School","PM 2.5","Cumberland",35.041416,-78.953112
"1055",11-10-20,20,"William Owen School","PM 2.5","Cumberland",35.041416,-78.953112
"1056",NA,22,"William Owen School","PM 2.5","Cumberland",35.041416,-78.953112
"1057",NA,34,"William Owen School","PM 2.5","Cumberland",35.041416,-78.953112
"1058",NA,0,"William Owen School","PM 2.5","Cumberland",35.041416,-78.953112
"1059",12-04-20,13,"William Owen School","PM 2.5","Cumberland",35.041416,-78.953112
"1060",12-10-20,18,"William Owen School","PM 2.5","Cumberland",35.041416,-78.953112
"1061",NA,19,"William Owen School","PM 2.5","Cumberland",35.041416,-78.953112
"1062",NA,12,"William Owen School","PM 2.5","Cumberland",35.041416,-78.953112
"1063",NA,15,"William Owen School","PM 2.5","Cumberland",35.041416,-78.953112
"1064",2-01-20,21,"William Owen School","PM 2.5","Cumberland",35.041416,-78.953112
"1065",2-07-20,25,"William Owen School","PM 2.5","Cumberland",35.041416,-78.953112
"1066",NA,23,"William Owen School","PM 2.5","Cumberland",35.041416,-78.953112
"1067",NA,18,"William Owen School","PM 2.5","Cumberland",35.041416,-78.953112
"1068",3-09-20,34,"William Owen School","PM 2.5","Cumberland",35.041416,-78.953112
"1069",NA,34,"William Owen School","PM 2.5","Cumberland",35.041416,-78.953112
"1070",NA,10,"William Owen School","PM 2.5","Cumberland",35.041416,-78.953112
"1071",NA,34,"William Owen School","PM 2.5","Cumberland",35.041416,-78.953112
"1072",4-02-20,36,"William Owen School","PM 2.5","Cumberland",35.041416,-78.953112
"1073",4-08-20,18,"William Owen School","PM 2.5","Cumberland",35.041416,-78.953112
"1074",NA,35,"William Owen School","PM 2.5","Cumberland",35.041416,-78.953112
"1075",NA,22,"William Owen School","PM 2.5","Cumberland",35.041416,-78.953112
"1076",5-02-20,32,"William Owen School","PM 2.5","Cumberland",35.041416,-78.953112
"1077",5-08-20,32,"William Owen School","PM 2.5","Cumberland",35.041416,-78.953112
"1078",NA,23,"William Owen School","PM 2.5","Cumberland",35.041416,-78.953112
"1079",NA,25,"William Owen School","PM 2.5","Cumberland",35.041416,-78.953112
"1080",6-01-20,30,"William Owen School","PM 2.5","Cumberland",35.041416,-78.953112
"1081",6-07-20,46,"William Owen School","PM 2.5","Cumberland",35.041416,-78.953112
"1082",NA,54,"William Owen School","PM 2.5","Cumberland",35.041416,-78.953112
"1083",NA,34,"William Owen School","PM 2.5","Cumberland",35.041416,-78.953112
"1084",7-07-20,28,"William Owen School","PM 2.5","Cumberland",35.041416,-78.953112
"1085",NA,45,"William Owen School","PM 2.5","Cumberland",35.041416,-78.953112
"1086",NA,39,"William Owen School","PM 2.5","Cumberland",35.041416,-78.953112
"1087",NA,22,"William Owen School","PM 2.5","Cumberland",35.041416,-78.953112
"1088",NA,23,"William Owen School","PM 2.5","Cumberland",35.041416,-78.953112
"1089",8-06-20,29,"William Owen School","PM 2.5","Cumberland",35.041416,-78.953112
"1090",8-12-20,26,"William Owen School","PM 2.5","Cumberland",35.041416,-78.953112
"1091",NA,22,"William Owen School","PM 2.5","Cumberland",35.041416,-78.953112
"1092",NA,38,"William Owen School","PM 2.5","Cumberland",35.041416,-78.953112
"1093",NA,30,"William Owen School","PM 2.5","Cumberland",35.041416,-78.953112
"1094",9-05-20,27,"William Owen School","PM 2.5","Cumberland",35.041416,-78.953112
"1095",9-11-20,18,"William Owen School","PM 2.5","Cumberland",35.041416,-78.953112
"1096",NA,30,"William Owen School","PM 2.5","Cumberland",35.041416,-78.953112
"1097",NA,22,"William Owen School","PM 2.5","Cumberland",35.041416,-78.953112
"1098",10-05-20,43,"William Owen School","PM 2.5","Cumberland",35.041416,-78.953112
"1099",NA,38,"William Owen School","PM 2.5","Cumberland",35.041416,-78.953112
"1100",NA,41,"William Owen School","PM 2.5","Cumberland",35.041416,-78.953112
"1101",NA,21,"William Owen School","PM 2.5","Cumberland",35.041416,-78.953112
"1102",11-04-20,1,"William Owen School","PM 2.5","Cumberland",35.041416,-78.953112
"1103",11-10-20,24,"William Owen School","PM 2.5","Cumberland",35.041416,-78.953112
"1104",NA,23,"William Owen School","PM 2.5","Cumberland",35.041416,-78.953112
"1105",NA,33,"William Owen School","PM 2.5","Cumberland",35.041416,-78.953112
"1106",12-04-20,12,"William Owen School","PM 2.5","Cumberland",35.041416,-78.953112
"1107",12-10-20,16,"William Owen School","PM 2.5","Cumberland",35.041416,-78.953112
"1108",NA,18,"William Owen School","PM 2.5","Cumberland",35.041416,-78.953112
"1109",NA,15,"William Owen School","PM 2.5","Cumberland",35.041416,-78.953112
"1110",NA,15,"William Owen School","PM 2.5","Cumberland",35.041416,-78.953112
"1111",1-01-20,15,"William Owen School","PM 2.5","Cumberland",35.041416,-78.953112
"1112",1-02-20,31,"William Owen School","PM 2.5","Cumberland",35.041416,-78.953112
"1113",1-03-20,51,"William Owen School","PM 2.5","Cumberland",35.041416,-78.953112
"1114",1-04-20,29,"William Owen School","PM 2.5","Cumberland",35.041416,-78.953112
"1115",1-05-20,32,"William Owen School","PM 2.5","Cumberland",35.041416,-78.953112
"1116",1-06-20,25,"William Owen School","PM 2.5","Cumberland",35.041416,-78.953112
"1117",1-07-20,30,"William Owen School","PM 2.5","Cumberland",35.041416,-78.953112
"1118",1-08-20,49,"William Owen School","PM 2.5","Cumberland",35.041416,-78.953112
"1119",1-09-20,56,"William Owen School","PM 2.5","Cumberland",35.041416,-78.953112
"1120",1-10-20,43,"William Owen School","PM 2.5","Cumberland",35.041416,-78.953112
"1121",1-11-20,29,"William Owen School","PM 2.5","Cumberland",35.041416,-78.953112
"1122",1-12-20,9,"William Owen School","PM 2.5","Cumberland",35.041416,-78.953112
"1123",NA,10,"William Owen School","PM 2.5","Cumberland",35.041416,-78.953112
"1124",NA,16,"William Owen School","PM 2.5","Cumberland",35.041416,-78.953112
"1125",NA,25,"William Owen School","PM 2.5","Cumberland",35.041416,-78.953112
"1126",NA,54,"William Owen School","PM 2.5","Cumberland",35.041416,-78.953112
"1127",NA,59,"William Owen School","PM 2.5","Cumberland",35.041416,-78.953112
"1128",NA,38,"William Owen School","PM 2.5","Cumberland",35.041416,-78.953112
"1129",NA,40,"William Owen School","PM 2.5","Cumberland",35.041416,-78.953112
"1130",NA,52,"William Owen School","PM 2.5","Cumberland",35.041416,-78.953112
"1131",NA,44,"William Owen School","PM 2.5","Cumberland",35.041416,-78.953112
"1132",NA,57,"William Owen School","PM 2.5","Cumberland",35.041416,-78.953112
"1133",NA,13,"William Owen School","PM 2.5","Cumberland",35.041416,-78.953112
"1134",NA,18,"William Owen School","PM 2.5","Cumberland",35.041416,-78.953112
"1135",NA,35,"William Owen School","PM 2.5","Cumberland",35.041416,-78.953112
"1136",NA,65,"William Owen School","PM 2.5","Cumberland",35.041416,-78.953112
"1137",NA,29,"William Owen School","PM 2.5","Cumberland",35.041416,-78.953112
"1138",NA,19,"William Owen School","PM 2.5","Cumberland",35.041416,-78.953112
"1139",NA,5,"William Owen School","PM 2.5","Cumberland",35.041416,-78.953112
"1140",NA,14,"William Owen School","PM 2.5","Cumberland",35.041416,-78.953112
"1141",NA,16,"William Owen School","PM 2.5","Cumberland",35.041416,-78.953112
"1142",2-01-20,28,"William Owen School","PM 2.5","Cumberland",35.041416,-78.953112
"1143",2-02-20,15,"William Owen School","PM 2.5","Cumberland",35.041416,-78.953112
"1144",2-03-20,22,"William Owen School","PM 2.5","Cumberland",35.041416,-78.953112
"1145",2-04-20,15,"William Owen School","PM 2.5","Cumberland",35.041416,-78.953112
"1146",2-05-20,20,"William Owen School","PM 2.5","Cumberland",35.041416,-78.953112
"1147",2-06-20,33,"William Owen School","PM 2.5","Cumberland",35.041416,-78.953112
"1148",2-07-20,35,"William Owen School","PM 2.5","Cumberland",35.041416,-78.953112
"1149",2-08-20,20,"William Owen School","PM 2.5","Cumberland",35.041416,-78.953112
"1150",2-09-20,39,"William Owen School","PM 2.5","Cumberland",35.041416,-78.953112
"1151",2-10-20,27,"William Owen School","PM 2.5","Cumberland",35.041416,-78.953112
"1152",2-11-20,24,"William Owen School","PM 2.5","Cumberland",35.041416,-78.953112
"1153",2-12-20,15,"William Owen School","PM 2.5","Cumberland",35.041416,-78.953112
"1154",NA,26,"William Owen School","PM 2.5","Cumberland",35.041416,-78.953112
"1155",NA,35,"William Owen School","PM 2.5","Cumberland",35.041416,-78.953112
"1156",NA,37,"William Owen School","PM 2.5","Cumberland",35.041416,-78.953112
"1157",NA,22,"William Owen School","PM 2.5","Cumberland",35.041416,-78.953112
"1158",NA,20,"William Owen School","PM 2.5","Cumberland",35.041416,-78.953112
"1159",NA,28,"William Owen School","PM 2.5","Cumberland",35.041416,-78.953112
"1160",NA,36,"William Owen School","PM 2.5","Cumberland",35.041416,-78.953112
"1161",NA,50,"William Owen School","PM 2.5","Cumberland",35.041416,-78.953112
"1162",NA,21,"William Owen School","PM 2.5","Cumberland",35.041416,-78.953112
"1163",NA,22,"William Owen School","PM 2.5","Cumberland",35.041416,-78.953112
"1164",NA,28,"William Owen School","PM 2.5","Cumberland",35.041416,-78.953112
"1165",NA,29,"William Owen School","PM 2.5","Cumberland",35.041416,-78.953112
"1166",NA,22,"William Owen School","PM 2.5","Cumberland",35.041416,-78.953112
"1167",NA,14,"William Owen School","PM 2.5","Cumberland",35.041416,-78.953112
"1168",NA,18,"William Owen School","PM 2.5","Cumberland",35.041416,-78.953112
"1169",NA,37,"William Owen School","PM 2.5","Cumberland",35.041416,-78.953112
"1170",3-01-20,30,"William Owen School","PM 2.5","Cumberland",35.041416,-78.953112
"1171",3-02-20,4,"William Owen School","PM 2.5","Cumberland",35.041416,-78.953112
"1172",3-03-20,12,"William Owen School","PM 2.5","Cumberland",35.041416,-78.953112
"1173",3-04-20,15,"William Owen School","PM 2.5","Cumberland",35.041416,-78.953112
"1174",3-05-20,39,"William Owen School","PM 2.5","Cumberland",35.041416,-78.953112
"1175",3-06-20,44,"William Owen School","PM 2.5","Cumberland",35.041416,-78.953112
"1176",3-07-20,26,"William Owen School","PM 2.5","Cumberland",35.041416,-78.953112
"1177",3-08-20,25,"William Owen School","PM 2.5","Cumberland",35.041416,-78.953112
"1178",3-09-20,42,"William Owen School","PM 2.5","Cumberland",35.041416,-78.953112
"1179",3-10-20,72,"William Owen School","PM 2.5","Cumberland",35.041416,-78.953112
"1180",3-11-20,62,"William Owen School","PM 2.5","Cumberland",35.041416,-78.953112
"1181",3-12-20,25,"William Owen School","PM 2.5","Cumberland",35.041416,-78.953112
"1182",NA,53,"William Owen School","PM 2.5","Cumberland",35.041416,-78.953112
"1183",NA,36,"William Owen School","PM 2.5","Cumberland",35.041416,-78.953112
"1184",NA,42,"William Owen School","PM 2.5","Cumberland",35.041416,-78.953112
"1185",NA,28,"William Owen School","PM 2.5","Cumberland",35.041416,-78.953112
"1186",NA,11,"William Owen School","PM 2.5","Cumberland",35.041416,-78.953112
"1187",NA,20,"William Owen School","PM 2.5","Cumberland",35.041416,-78.953112
"1188",NA,33,"William Owen School","PM 2.5","Cumberland",35.041416,-78.953112
"1189",NA,33,"William Owen School","PM 2.5","Cumberland",35.041416,-78.953112
"1190",NA,16,"William Owen School","PM 2.5","Cumberland",35.041416,-78.953112
"1191",NA,20,"William Owen School","PM 2.5","Cumberland",35.041416,-78.953112
"1192",NA,33,"William Owen School","PM 2.5","Cumberland",35.041416,-78.953112
"1193",NA,57,"William Owen School","PM 2.5","Cumberland",35.041416,-78.953112
"1194",NA,40,"William Owen School","PM 2.5","Cumberland",35.041416,-78.953112
"1195",NA,24,"William Owen School","PM 2.5","Cumberland",35.041416,-78.953112
"1196",NA,12,"William Owen School","PM 2.5","Cumberland",35.041416,-78.953112
"1197",4-01-20,32,"William Owen School","PM 2.5","Cumberland",35.041416,-78.953112
"1198",4-02-20,33,"William Owen School","PM 2.5","Cumberland",35.041416,-78.953112
"1199",4-03-20,51,"William Owen School","PM 2.5","Cumberland",35.041416,-78.953112
"1200",4-04-20,19,"William Owen School","PM 2.5","Cumberland",35.041416,-78.953112
"1201",4-05-20,19,"William Owen School","PM 2.5","Cumberland",35.041416,-78.953112
"1202",4-06-20,40,"William Owen School","PM 2.5","Cumberland",35.041416,-78.953112
"1203",4-07-20,40,"William Owen School","PM 2.5","Cumberland",35.041416,-78.953112
"1204",4-08-20,19,"William Owen School","PM 2.5","Cumberland",35.041416,-78.953112
"1205",4-09-20,31,"William Owen School","PM 2.5","Cumberland",35.041416,-78.953112
"1206",4-10-20,48,"William Owen School","PM 2.5","Cumberland",35.041416,-78.953112
"1207",4-11-20,51,"William Owen School","PM 2.5","Cumberland",35.041416,-78.953112
"1208",4-12-20,50,"William Owen School","PM 2.5","Cumberland",35.041416,-78.953112
"1209",NA,43,"William Owen School","PM 2.5","Cumberland",35.041416,-78.953112
"1210",NA,36,"William Owen School","PM 2.5","Cumberland",35.041416,-78.953112
"1211",NA,27,"William Owen School","PM 2.5","Cumberland",35.041416,-78.953112
"1212",NA,8,"William Owen School","PM 2.5","Cumberland",35.041416,-78.953112
"1213",NA,25,"William Owen School","PM 2.5","Cumberland",35.041416,-78.953112
"1214",NA,45,"William Owen School","PM 2.5","Cumberland",35.041416,-78.953112
"1215",NA,29,"William Owen School","PM 2.5","Cumberland",35.041416,-78.953112
"1216",NA,23,"William Owen School","PM 2.5","Cumberland",35.041416,-78.953112
"1217",NA,42,"William Owen School","PM 2.5","Cumberland",35.041416,-78.953112
"1218",NA,25,"William Owen School","PM 2.5","Cumberland",35.041416,-78.953112
"1219",NA,19,"William Owen School","PM 2.5","Cumberland",35.041416,-78.953112
"1220",NA,15,"William Owen School","PM 2.5","Cumberland",35.041416,-78.953112
"1221",NA,17,"William Owen School","PM 2.5","Cumberland",35.041416,-78.953112
"1222",NA,22,"William Owen School","PM 2.5","Cumberland",35.041416,-78.953112
"1223",NA,19,"William Owen School","PM 2.5","Cumberland",35.041416,-78.953112
"1224",NA,35,"William Owen School","PM 2.5","Cumberland",35.041416,-78.953112
"1225",NA,40,"William Owen School","PM 2.5","Cumberland",35.041416,-78.953112
"1226",NA,44,"William Owen School","PM 2.5","Cumberland",35.041416,-78.953112
"1227",5-01-20,48,"William Owen School","PM 2.5","Cumberland",35.041416,-78.953112
"1228",5-02-20,38,"William Owen School","PM 2.5","Cumberland",35.041416,-78.953112
"1229",5-03-20,29,"William Owen School","PM 2.5","Cumberland",35.041416,-78.953112
"1230",5-04-20,26,"William Owen School","PM 2.5","Cumberland",35.041416,-78.953112
"1231",5-05-20,32,"William Owen School","PM 2.5","Cumberland",35.041416,-78.953112
"1232",5-06-20,28,"William Owen School","PM 2.5","Cumberland",35.041416,-78.953112
"1233",5-07-20,23,"William Owen School","PM 2.5","Cumberland",35.041416,-78.953112
"1234",5-08-20,36,"William Owen School","PM 2.5","Cumberland",35.041416,-78.953112
"1235",5-09-20,26,"William Owen School","PM 2.5","Cumberland",35.041416,-78.953112
"1236",5-10-20,53,"William Owen School","PM 2.5","Cumberland",35.041416,-78.953112
"1237",5-11-20,54,"William Owen School","PM 2.5","Cumberland",35.041416,-78.953112
"1238",5-12-20,55,"William Owen School","PM 2.5","Cumberland",35.041416,-78.953112
"1239",NA,55,"William Owen School","PM 2.5","Cumberland",35.041416,-78.953112
"1240",NA,37,"William Owen School","PM 2.5","Cumberland",35.041416,-78.953112
"1241",NA,22,"William Owen School","PM 2.5","Cumberland",35.041416,-78.953112
"1242",NA,17,"William Owen School","PM 2.5","Cumberland",35.041416,-78.953112
"1243",NA,11,"William Owen School","PM 2.5","Cumberland",35.041416,-78.953112
"1244",NA,13,"William Owen School","PM 2.5","Cumberland",35.041416,-78.953112
"1245",NA,7,"William Owen School","PM 2.5","Cumberland",35.041416,-78.953112
"1246",NA,23,"William Owen School","PM 2.5","Cumberland",35.041416,-78.953112
"1247",NA,31,"William Owen School","PM 2.5","Cumberland",35.041416,-78.953112
"1248",NA,28,"William Owen School","PM 2.5","Cumberland",35.041416,-78.953112
"1249",NA,25,"William Owen School","PM 2.5","Cumberland",35.041416,-78.953112
"1250",NA,31,"William Owen School","PM 2.5","Cumberland",35.041416,-78.953112
"1251",NA,29,"William Owen School","PM 2.5","Cumberland",35.041416,-78.953112
"1252",NA,25,"William Owen School","PM 2.5","Cumberland",35.041416,-78.953112
"1253",NA,17,"William Owen School","PM 2.5","Cumberland",35.041416,-78.953112
"1254",NA,10,"William Owen School","PM 2.5","Cumberland",35.041416,-78.953112
"1255",NA,16,"William Owen School","PM 2.5","Cumberland",35.041416,-78.953112
"1256",NA,18,"William Owen School","PM 2.5","Cumberland",35.041416,-78.953112
"1257",NA,23,"William Owen School","PM 2.5","Cumberland",35.041416,-78.953112
"1258",6-01-20,32,"William Owen School","PM 2.5","Cumberland",35.041416,-78.953112
"1259",6-02-20,21,"William Owen School","PM 2.5","Cumberland",35.041416,-78.953112
"1260",6-03-20,33,"William Owen School","PM 2.5","Cumberland",35.041416,-78.953112
"1261",6-04-20,30,"William Owen School","PM 2.5","Cumberland",35.041416,-78.953112
"1262",6-05-20,43,"William Owen School","PM 2.5","Cumberland",35.041416,-78.953112
"1263",6-06-20,49,"William Owen School","PM 2.5","Cumberland",35.041416,-78.953112
"1264",6-07-20,48,"William Owen School","PM 2.5","Cumberland",35.041416,-78.953112
"1265",6-08-20,52,"William Owen School","PM 2.5","Cumberland",35.041416,-78.953112
"1266",6-09-20,34,"William Owen School","PM 2.5","Cumberland",35.041416,-78.953112
"1267",6-10-20,32,"William Owen School","PM 2.5","Cumberland",35.041416,-78.953112
"1268",6-11-20,50,"William Owen School","PM 2.5","Cumberland",35.041416,-78.953112
"1269",6-12-20,21,"William Owen School","PM 2.5","Cumberland",35.041416,-78.953112
"1270",NA,34,"William Owen School","PM 2.5","Cumberland",35.041416,-78.953112
"1271",NA,46,"William Owen School","PM 2.5","Cumberland",35.041416,-78.953112
"1272",NA,53,"William Owen School","PM 2.5","Cumberland",35.041416,-78.953112
"1273",NA,33,"William Owen School","PM 2.5","Cumberland",35.041416,-78.953112
"1274",NA,43,"William Owen School","PM 2.5","Cumberland",35.041416,-78.953112
"1275",NA,45,"William Owen School","PM 2.5","Cumberland",35.041416,-78.953112
"1276",NA,55,"William Owen School","PM 2.5","Cumberland",35.041416,-78.953112
"1277",NA,55,"William Owen School","PM 2.5","Cumberland",35.041416,-78.953112
"1278",NA,52,"William Owen School","PM 2.5","Cumberland",35.041416,-78.953112
"1279",NA,53,"William Owen School","PM 2.5","Cumberland",35.041416,-78.953112
"1280",NA,39,"William Owen School","PM 2.5","Cumberland",35.041416,-78.953112
"1281",NA,43,"William Owen School","PM 2.5","Cumberland",35.041416,-78.953112
"1282",NA,35,"William Owen School","PM 2.5","Cumberland",35.041416,-78.953112
"1283",NA,19,"William Owen School","PM 2.5","Cumberland",35.041416,-78.953112
"1284",NA,34,"William Owen School","PM 2.5","Cumberland",35.041416,-78.953112
"1285",NA,31,"William Owen School","PM 2.5","Cumberland",35.041416,-78.953112
"1286",NA,45,"William Owen School","PM 2.5","Cumberland",35.041416,-78.953112
"1287",NA,51,"William Owen School","PM 2.5","Cumberland",35.041416,-78.953112
"1288",7-01-20,24,"William Owen School","PM 2.5","Cumberland",35.041416,-78.953112
"1289",7-02-20,31,"William Owen School","PM 2.5","Cumberland",35.041416,-78.953112
"1290",7-03-20,40,"William Owen School","PM 2.5","Cumberland",35.041416,-78.953112
"1291",7-04-20,29,"William Owen School","PM 2.5","Cumberland",35.041416,-78.953112
"1292",7-05-20,26,"William Owen School","PM 2.5","Cumberland",35.041416,-78.953112
"1293",7-06-20,22,"William Owen School","PM 2.5","Cumberland",35.041416,-78.953112
"1294",7-07-20,29,"William Owen School","PM 2.5","Cumberland",35.041416,-78.953112
"1295",7-08-20,20,"William Owen School","PM 2.5","Cumberland",35.041416,-78.953112
"1296",7-09-20,16,"William Owen School","PM 2.5","Cumberland",35.041416,-78.953112
"1297",7-10-20,44,"William Owen School","PM 2.5","Cumberland",35.041416,-78.953112
"1298",7-11-20,59,"William Owen School","PM 2.5","Cumberland",35.041416,-78.953112
"1299",7-12-20,61,"William Owen School","PM 2.5","Cumberland",35.041416,-78.953112
"1300",NA,43,"William Owen School","PM 2.5","Cumberland",35.041416,-78.953112
"1301",NA,35,"William Owen School","PM 2.5","Cumberland",35.041416,-78.953112
"1302",NA,38,"William Owen School","PM 2.5","Cumberland",35.041416,-78.953112
"1303",NA,36,"William Owen School","PM 2.5","Cumberland",35.041416,-78.953112
"1304",NA,39,"William Owen School","PM 2.5","Cumberland",35.041416,-78.953112
"1305",NA,35,"William Owen School","PM 2.5","Cumberland",35.041416,-78.953112
"1306",NA,24,"William Owen School","PM 2.5","Cumberland",35.041416,-78.953112
"1307",NA,32,"William Owen School","PM 2.5","Cumberland",35.041416,-78.953112
"1308",NA,25,"William Owen School","PM 2.5","Cumberland",35.041416,-78.953112
"1309",NA,21,"William Owen School","PM 2.5","Cumberland",35.041416,-78.953112
"1310",NA,21,"William Owen School","PM 2.5","Cumberland",35.041416,-78.953112
"1311",NA,34,"William Owen School","PM 2.5","Cumberland",35.041416,-78.953112
"1312",NA,43,"William Owen School","PM 2.5","Cumberland",35.041416,-78.953112
"1313",NA,48,"William Owen School","PM 2.5","Cumberland",35.041416,-78.953112
"1314",NA,27,"William Owen School","PM 2.5","Cumberland",35.041416,-78.953112
"1315",NA,15,"William Owen School","PM 2.5","Cumberland",35.041416,-78.953112
"1316",NA,23,"William Owen School","PM 2.5","Cumberland",35.041416,-78.953112
"1317",8-01-20,27,"William Owen School","PM 2.5","Cumberland",35.041416,-78.953112
"1318",8-02-20,27,"William Owen School","PM 2.5","Cumberland",35.041416,-78.953112
"1319",8-03-20,15,"William Owen School","PM 2.5","Cumberland",35.041416,-78.953112
"1320",8-04-20,23,"William Owen School","PM 2.5","Cumberland",35.041416,-78.953112
"1321",8-05-20,28,"William Owen School","PM 2.5","Cumberland",35.041416,-78.953112
"1322",8-06-20,28,"William Owen School","PM 2.5","Cumberland",35.041416,-78.953112
"1323",8-07-20,30,"William Owen School","PM 2.5","Cumberland",35.041416,-78.953112
"1324",8-08-20,29,"William Owen School","PM 2.5","Cumberland",35.041416,-78.953112
"1325",8-09-20,31,"William Owen School","PM 2.5","Cumberland",35.041416,-78.953112
"1326",8-10-20,51,"William Owen School","PM 2.5","Cumberland",35.041416,-78.953112
"1327",8-11-20,28,"William Owen School","PM 2.5","Cumberland",35.041416,-78.953112
"1328",8-12-20,27,"William Owen School","PM 2.5","Cumberland",35.041416,-78.953112
"1329",NA,23,"William Owen School","PM 2.5","Cumberland",35.041416,-78.953112
"1330",NA,46,"William Owen School","PM 2.5","Cumberland",35.041416,-78.953112
"1331",NA,52,"William Owen School","PM 2.5","Cumberland",35.041416,-78.953112
"1332",NA,56,"William Owen School","PM 2.5","Cumberland",35.041416,-78.953112
"1333",NA,40,"William Owen School","PM 2.5","Cumberland",35.041416,-78.953112
"1334",NA,21,"William Owen School","PM 2.5","Cumberland",35.041416,-78.953112
"1335",NA,25,"William Owen School","PM 2.5","Cumberland",35.041416,-78.953112
"1336",NA,30,"William Owen School","PM 2.5","Cumberland",35.041416,-78.953112
"1337",NA,25,"William Owen School","PM 2.5","Cumberland",35.041416,-78.953112
"1338",NA,26,"William Owen School","PM 2.5","Cumberland",35.041416,-78.953112
"1339",NA,48,"William Owen School","PM 2.5","Cumberland",35.041416,-78.953112
"1340",NA,38,"William Owen School","PM 2.5","Cumberland",35.041416,-78.953112
"1341",NA,37,"William Owen School","PM 2.5","Cumberland",35.041416,-78.953112
"1342",NA,45,"William Owen School","PM 2.5","Cumberland",35.041416,-78.953112
"1343",NA,48,"William Owen School","PM 2.5","Cumberland",35.041416,-78.953112
"1344",NA,27,"William Owen School","PM 2.5","Cumberland",35.041416,-78.953112
"1345",NA,21,"William Owen School","PM 2.5","Cumberland",35.041416,-78.953112
"1346",NA,29,"William Owen School","PM 2.5","Cumberland",35.041416,-78.953112
"1347",NA,34,"William Owen School","PM 2.5","Cumberland",35.041416,-78.953112
"1348",9-01-20,19,"William Owen School","PM 2.5","Cumberland",35.041416,-78.953112
"1349",9-02-20,16,"William Owen School","PM 2.5","Cumberland",35.041416,-78.953112
"1350",9-03-20,21,"William Owen School","PM 2.5","Cumberland",35.041416,-78.953112
"1351",9-04-20,30,"William Owen School","PM 2.5","Cumberland",35.041416,-78.953112
"1352",9-05-20,27,"William Owen School","PM 2.5","Cumberland",35.041416,-78.953112
"1353",9-06-20,26,"William Owen School","PM 2.5","Cumberland",35.041416,-78.953112
"1354",9-07-20,33,"William Owen School","PM 2.5","Cumberland",35.041416,-78.953112
"1355",9-08-20,26,"William Owen School","PM 2.5","Cumberland",35.041416,-78.953112
"1356",9-09-20,20,"William Owen School","PM 2.5","Cumberland",35.041416,-78.953112
"1357",9-10-20,17,"William Owen School","PM 2.5","Cumberland",35.041416,-78.953112
"1358",NA,30,"William Owen School","PM 2.5","Cumberland",35.041416,-78.953112
"1359",NA,20,"William Owen School","PM 2.5","Cumberland",35.041416,-78.953112
"1360",NA,23,"William Owen School","PM 2.5","Cumberland",35.041416,-78.953112
"1361",NA,24,"William Owen School","PM 2.5","Cumberland",35.041416,-78.953112
"1362",10-01-20,34,"William Owen School","PM 2.5","Cumberland",35.041416,-78.953112
"1363",10-02-20,38,"William Owen School","PM 2.5","Cumberland",35.041416,-78.953112
"1364",10-03-20,43,"William Owen School","PM 2.5","Cumberland",35.041416,-78.953112
"1365",10-04-20,43,"William Owen School","PM 2.5","Cumberland",35.041416,-78.953112
"1366",10-05-20,48,"William Owen School","PM 2.5","Cumberland",35.041416,-78.953112
"1367",10-06-20,52,"William Owen School","PM 2.5","Cumberland",35.041416,-78.953112
"1368",10-07-20,52,"William Owen School","PM 2.5","Cumberland",35.041416,-78.953112
"1369",10-08-20,24,"William Owen School","PM 2.5","Cumberland",35.041416,-78.953112
"1370",10-09-20,19,"William Owen School","PM 2.5","Cumberland",35.041416,-78.953112
"1371",11-01-20,6,"William Owen School","PM 2.5","Cumberland",35.041416,-78.953112
"1372",11-02-20,5,"William Owen School","PM 2.5","Cumberland",35.041416,-78.953112
"1373",11-03-20,3,"William Owen School","PM 2.5","Cumberland",35.041416,-78.953112
"1374",11-04-20,15,"William Owen School","PM 2.5","Cumberland",35.041416,-78.953112
"1375",11-05-20,4,"William Owen School","PM 2.5","Cumberland",35.041416,-78.953112
"1376",11-06-20,10,"William Owen School","PM 2.5","Cumberland",35.041416,-78.953112
"1377",11-07-20,8,"William Owen School","PM 2.5","Cumberland",35.041416,-78.953112
"1378",11-08-20,24,"William Owen School","PM 2.5","Cumberland",35.041416,-78.953112
"1379",11-09-20,21,"William Owen School","PM 2.5","Cumberland",35.041416,-78.953112
"1380",11-10-20,6,"William Owen School","PM 2.5","Cumberland",35.041416,-78.953112
"1381",11-11-20,12,"William Owen School","PM 2.5","Cumberland",35.041416,-78.953112
"1382",11-12-20,11,"William Owen School","PM 2.5","Cumberland",35.041416,-78.953112
"1383",NA,0,"William Owen School","PM 2.5","Cumberland",35.041416,-78.953112
"1384",NA,10,"William Owen School","PM 2.5","Cumberland",35.041416,-78.953112
"1385",NA,1,"William Owen School","PM 2.5","Cumberland",35.041416,-78.953112
"1386",NA,7,"William Owen School","PM 2.5","Cumberland",35.041416,-78.953112
"1387",NA,28,"William Owen School","PM 2.5","Cumberland",35.041416,-78.953112
"1388",NA,27,"William Owen School","PM 2.5","Cumberland",35.041416,-78.953112
"1389",NA,30,"William Owen School","PM 2.5","Cumberland",35.041416,-78.953112
"1390",NA,26,"William Owen School","PM 2.5","Cumberland",35.041416,-78.953112
"1391",NA,8,"William Owen School","PM 2.5","Cumberland",35.041416,-78.953112
"1392",NA,26,"William Owen School","PM 2.5","Cumberland",35.041416,-78.953112
"1393",NA,9,"William Owen School","PM 2.5","Cumberland",35.041416,-78.953112
"1394",NA,0,"William Owen School","PM 2.5","Cumberland",35.041416,-78.953112
"1395",NA,16,"William Owen School","PM 2.5","Cumberland",35.041416,-78.953112
"1396",NA,7,"William Owen School","PM 2.5","Cumberland",35.041416,-78.953112
"1397",NA,26,"William Owen School","PM 2.5","Cumberland",35.041416,-78.953112
"1398",NA,48,"William Owen School","PM 2.5","Cumberland",35.041416,-78.953112
"1399",NA,57,"William Owen School","PM 2.5","Cumberland",35.041416,-78.953112
"1400",NA,52,"William Owen School","PM 2.5","Cumberland",35.041416,-78.953112
"1401",12-01-20,43,"William Owen School","PM 2.5","Cumberland",35.041416,-78.953112
"1402",12-02-20,11,"William Owen School","PM 2.5","Cumberland",35.041416,-78.953112
"1403",12-03-20,25,"William Owen School","PM 2.5","Cumberland",35.041416,-78.953112
"1404",12-04-20,10,"William Owen School","PM 2.5","Cumberland",35.041416,-78.953112
"1405",12-05-20,10,"William Owen School","PM 2.5","Cumberland",35.041416,-78.953112
"1406",12-06-20,24,"William Owen School","PM 2.5","Cumberland",35.041416,-78.953112
"1407",12-07-20,48,"William Owen School","PM 2.5","Cumberland",35.041416,-78.953112
"1408",12-08-20,51,"William Owen School","PM 2.5","Cumberland",35.041416,-78.953112
"1409",12-09-20,11,"William Owen School","PM 2.5","Cumberland",35.041416,-78.953112
"1410",12-10-20,16,"William Owen School","PM 2.5","Cumberland",35.041416,-78.953112
"1411",12-11-20,42,"William Owen School","PM 2.5","Cumberland",35.041416,-78.953112
"1412",12-12-20,40,"William Owen School","PM 2.5","Cumberland",35.041416,-78.953112
"1413",NA,49,"William Owen School","PM 2.5","Cumberland",35.041416,-78.953112
"1414",NA,32,"William Owen School","PM 2.5","Cumberland",35.041416,-78.953112
"1415",NA,13,"William Owen School","PM 2.5","Cumberland",35.041416,-78.953112
"1416",NA,15,"William Owen School","PM 2.5","Cumberland",35.041416,-78.953112
"1417",NA,13,"William Owen School","PM 2.5","Cumberland",35.041416,-78.953112
"1418",NA,25,"William Owen School","PM 2.5","Cumberland",35.041416,-78.953112
"1419",NA,43,"William Owen School","PM 2.5","Cumberland",35.041416,-78.953112
"1420",NA,29,"William Owen School","PM 2.5","Cumberland",35.041416,-78.953112
"1421",NA,5,"William Owen School","PM 2.5","Cumberland",35.041416,-78.953112
"1422",NA,7,"William Owen School","PM 2.5","Cumberland",35.041416,-78.953112
"1423",NA,30,"William Owen School","PM 2.5","Cumberland",35.041416,-78.953112
"1424",NA,21,"William Owen School","PM 2.5","Cumberland",35.041416,-78.953112
"1425",NA,50,"William Owen School","PM 2.5","Cumberland",35.041416,-78.953112
"1426",NA,35,"William Owen School","PM 2.5","Cumberland",35.041416,-78.953112
"1427",NA,31,"William Owen School","PM 2.5","Cumberland",35.041416,-78.953112
"1428",NA,13,"William Owen School","PM 2.5","Cumberland",35.041416,-78.953112
"1429",NA,16,"William Owen School","PM 2.5","Cumberland",35.041416,-78.953112
"1430",NA,33,"William Owen School","PM 2.5","Cumberland",35.041416,-78.953112
"1431",NA,27,"William Owen School","PM 2.5","Cumberland",35.041416,-78.953112
"1432",1-02-20,51,"Lexington water tower","PM 2.5","Davidson",35.8145,-80.2627
"1433",1-08-20,48,"Lexington water tower","PM 2.5","Davidson",35.8145,-80.2627
"1434",NA,16,"Lexington water tower","PM 2.5","Davidson",35.8145,-80.2627
"1435",NA,13,"Lexington water tower","PM 2.5","Davidson",35.8145,-80.2627
"1436",NA,59,"Lexington water tower","PM 2.5","Davidson",35.8145,-80.2627
"1437",NA,69,"Lexington water tower","PM 2.5","Davidson",35.8145,-80.2627
"1438",NA,11,"Lexington water tower","PM 2.5","Davidson",35.8145,-80.2627
"1439",2-01-20,41,"Lexington water tower","PM 2.5","Davidson",35.8145,-80.2627
"1440",2-04-20,26,"Lexington water tower","PM 2.5","Davidson",35.8145,-80.2627
"1441",2-07-20,29,"Lexington water tower","PM 2.5","Davidson",35.8145,-80.2627
"1442",2-10-20,53,"Lexington water tower","PM 2.5","Davidson",35.8145,-80.2627
"1443",NA,24,"Lexington water tower","PM 2.5","Davidson",35.8145,-80.2627
"1444",NA,23,"Lexington water tower","PM 2.5","Davidson",35.8145,-80.2627
"1445",NA,27,"Lexington water tower","PM 2.5","Davidson",35.8145,-80.2627
"1446",NA,36,"Lexington water tower","PM 2.5","Davidson",35.8145,-80.2627
"1447",NA,34,"Lexington water tower","PM 2.5","Davidson",35.8145,-80.2627
"1448",NA,48,"Lexington water tower","PM 2.5","Davidson",35.8145,-80.2627
"1449",3-03-20,10,"Lexington water tower","PM 2.5","Davidson",35.8145,-80.2627
"1450",3-06-20,35,"Lexington water tower","PM 2.5","Davidson",35.8145,-80.2627
"1451",3-09-20,25,"Lexington water tower","PM 2.5","Davidson",35.8145,-80.2627
"1452",3-12-20,30,"Lexington water tower","PM 2.5","Davidson",35.8145,-80.2627
"1453",NA,33,"Lexington water tower","PM 2.5","Davidson",35.8145,-80.2627
"1454",NA,25,"Lexington water tower","PM 2.5","Davidson",35.8145,-80.2627
"1455",NA,13,"Lexington water tower","PM 2.5","Davidson",35.8145,-80.2627
"1456",NA,43,"Lexington water tower","PM 2.5","Davidson",35.8145,-80.2627
"1457",NA,27,"Lexington water tower","PM 2.5","Davidson",35.8145,-80.2627
"1458",NA,17,"Lexington water tower","PM 2.5","Davidson",35.8145,-80.2627
"1459",4-02-20,35,"Lexington water tower","PM 2.5","Davidson",35.8145,-80.2627
"1460",4-05-20,19,"Lexington water tower","PM 2.5","Davidson",35.8145,-80.2627
"1461",4-08-20,17,"Lexington water tower","PM 2.5","Davidson",35.8145,-80.2627
"1462",4-11-20,35,"Lexington water tower","PM 2.5","Davidson",35.8145,-80.2627
"1463",NA,38,"Lexington water tower","PM 2.5","Davidson",35.8145,-80.2627
"1464",NA,21,"Lexington water tower","PM 2.5","Davidson",35.8145,-80.2627
"1465",NA,23,"Lexington water tower","PM 2.5","Davidson",35.8145,-80.2627
"1466",NA,20,"Lexington water tower","PM 2.5","Davidson",35.8145,-80.2627
"1467",NA,15,"Lexington water tower","PM 2.5","Davidson",35.8145,-80.2627
"1468",NA,18,"Lexington water tower","PM 2.5","Davidson",35.8145,-80.2627
"1469",5-02-20,46,"Lexington water tower","PM 2.5","Davidson",35.8145,-80.2627
"1470",5-05-20,49,"Lexington water tower","PM 2.5","Davidson",35.8145,-80.2627
"1471",5-08-20,33,"Lexington water tower","PM 2.5","Davidson",35.8145,-80.2627
"1472",5-11-20,42,"Lexington water tower","PM 2.5","Davidson",35.8145,-80.2627
"1473",5-12-20,49,"Lexington water tower","PM 2.5","Davidson",35.8145,-80.2627
"1474",NA,26,"Lexington water tower","PM 2.5","Davidson",35.8145,-80.2627
"1475",NA,21,"Lexington water tower","PM 2.5","Davidson",35.8145,-80.2627
"1476",NA,23,"Lexington water tower","PM 2.5","Davidson",35.8145,-80.2627
"1477",NA,33,"Lexington water tower","PM 2.5","Davidson",35.8145,-80.2627
"1478",NA,25,"Lexington water tower","PM 2.5","Davidson",35.8145,-80.2627
"1479",NA,25,"Lexington water tower","PM 2.5","Davidson",35.8145,-80.2627
"1480",NA,16,"Lexington water tower","PM 2.5","Davidson",35.8145,-80.2627
"1481",6-01-20,28,"Lexington water tower","PM 2.5","Davidson",35.8145,-80.2627
"1482",6-04-20,25,"Lexington water tower","PM 2.5","Davidson",35.8145,-80.2627
"1483",6-07-20,48,"Lexington water tower","PM 2.5","Davidson",35.8145,-80.2627
"1484",6-10-20,47,"Lexington water tower","PM 2.5","Davidson",35.8145,-80.2627
"1485",NA,36,"Lexington water tower","PM 2.5","Davidson",35.8145,-80.2627
"1486",NA,53,"Lexington water tower","PM 2.5","Davidson",35.8145,-80.2627
"1487",NA,51,"Lexington water tower","PM 2.5","Davidson",35.8145,-80.2627
"1488",NA,38,"Lexington water tower","PM 2.5","Davidson",35.8145,-80.2627
"1489",NA,33,"Lexington water tower","PM 2.5","Davidson",35.8145,-80.2627
"1490",NA,31,"Lexington water tower","PM 2.5","Davidson",35.8145,-80.2627
"1491",7-01-20,30,"Lexington water tower","PM 2.5","Davidson",35.8145,-80.2627
"1492",7-07-20,27,"Lexington water tower","PM 2.5","Davidson",35.8145,-80.2627
"1493",NA,51,"Lexington water tower","PM 2.5","Davidson",35.8145,-80.2627
"1494",NA,34,"Lexington water tower","PM 2.5","Davidson",35.8145,-80.2627
"1495",NA,34,"Lexington water tower","PM 2.5","Davidson",35.8145,-80.2627
"1496",NA,33,"Lexington water tower","PM 2.5","Davidson",35.8145,-80.2627
"1497",8-06-20,38,"Lexington water tower","PM 2.5","Davidson",35.8145,-80.2627
"1498",NA,38,"Lexington water tower","PM 2.5","Davidson",35.8145,-80.2627
"1499",NA,27,"Lexington water tower","PM 2.5","Davidson",35.8145,-80.2627
"1500",NA,33,"Lexington water tower","PM 2.5","Davidson",35.8145,-80.2627
"1501",NA,50,"Lexington water tower","PM 2.5","Davidson",35.8145,-80.2627
"1502",9-05-20,42,"Lexington water tower","PM 2.5","Davidson",35.8145,-80.2627
"1503",9-11-20,20,"Lexington water tower","PM 2.5","Davidson",35.8145,-80.2627
"1504",NA,53,"Lexington water tower","PM 2.5","Davidson",35.8145,-80.2627
"1505",NA,32,"Lexington water tower","PM 2.5","Davidson",35.8145,-80.2627
"1506",NA,23,"Lexington water tower","PM 2.5","Davidson",35.8145,-80.2627
"1507",10-05-20,39,"Lexington water tower","PM 2.5","Davidson",35.8145,-80.2627
"1508",10-11-20,12,"Lexington water tower","PM 2.5","Davidson",35.8145,-80.2627
"1509",NA,16,"Lexington water tower","PM 2.5","Davidson",35.8145,-80.2627
"1510",NA,32,"Lexington water tower","PM 2.5","Davidson",35.8145,-80.2627
"1511",NA,18,"Lexington water tower","PM 2.5","Davidson",35.8145,-80.2627
"1512",11-04-20,31,"Lexington water tower","PM 2.5","Davidson",35.8145,-80.2627
"1513",11-10-20,18,"Lexington water tower","PM 2.5","Davidson",35.8145,-80.2627
"1514",NA,22,"Lexington water tower","PM 2.5","Davidson",35.8145,-80.2627
"1515",NA,35,"Lexington water tower","PM 2.5","Davidson",35.8145,-80.2627
"1516",NA,26,"Lexington water tower","PM 2.5","Davidson",35.8145,-80.2627
"1517",12-04-20,10,"Lexington water tower","PM 2.5","Davidson",35.8145,-80.2627
"1518",NA,32,"Lexington water tower","PM 2.5","Davidson",35.8145,-80.2627
"1519",NA,13,"Lexington water tower","PM 2.5","Davidson",35.8145,-80.2627
"1520",NA,15,"Lexington water tower","PM 2.5","Davidson",35.8145,-80.2627
"1521",1-01-20,22,"Lexington water tower","PM 2.5","Davidson",35.8145,-80.2627
"1522",1-02-20,51,"Lexington water tower","PM 2.5","Davidson",35.8145,-80.2627
"1523",1-03-20,63,"Lexington water tower","PM 2.5","Davidson",35.8145,-80.2627
"1524",1-04-20,31,"Lexington water tower","PM 2.5","Davidson",35.8145,-80.2627
"1525",1-05-20,25,"Lexington water tower","PM 2.5","Davidson",35.8145,-80.2627
"1526",1-06-20,26,"Lexington water tower","PM 2.5","Davidson",35.8145,-80.2627
"1527",1-07-20,42,"Lexington water tower","PM 2.5","Davidson",35.8145,-80.2627
"1528",1-08-20,52,"Lexington water tower","PM 2.5","Davidson",35.8145,-80.2627
"1529",1-09-20,54,"Lexington water tower","PM 2.5","Davidson",35.8145,-80.2627
"1530",1-10-20,32,"Lexington water tower","PM 2.5","Davidson",35.8145,-80.2627
"1531",1-11-20,43,"Lexington water tower","PM 2.5","Davidson",35.8145,-80.2627
"1532",1-12-20,16,"Lexington water tower","PM 2.5","Davidson",35.8145,-80.2627
"1533",NA,12,"Lexington water tower","PM 2.5","Davidson",35.8145,-80.2627
"1534",NA,23,"Lexington water tower","PM 2.5","Davidson",35.8145,-80.2627
"1535",NA,45,"Lexington water tower","PM 2.5","Davidson",35.8145,-80.2627
"1536",NA,70,"Lexington water tower","PM 2.5","Davidson",35.8145,-80.2627
"1537",NA,47,"Lexington water tower","PM 2.5","Davidson",35.8145,-80.2627
"1538",NA,35,"Lexington water tower","PM 2.5","Davidson",35.8145,-80.2627
"1539",NA,58,"Lexington water tower","PM 2.5","Davidson",35.8145,-80.2627
"1540",NA,55,"Lexington water tower","PM 2.5","Davidson",35.8145,-80.2627
"1541",NA,41,"Lexington water tower","PM 2.5","Davidson",35.8145,-80.2627
"1542",NA,56,"Lexington water tower","PM 2.5","Davidson",35.8145,-80.2627
"1543",NA,14,"Lexington water tower","PM 2.5","Davidson",35.8145,-80.2627
"1544",NA,12,"Lexington water tower","PM 2.5","Davidson",35.8145,-80.2627
"1545",NA,35,"Lexington water tower","PM 2.5","Davidson",35.8145,-80.2627
"1546",NA,60,"Lexington water tower","PM 2.5","Davidson",35.8145,-80.2627
"1547",NA,73,"Lexington water tower","PM 2.5","Davidson",35.8145,-80.2627
"1548",NA,47,"Lexington water tower","PM 2.5","Davidson",35.8145,-80.2627
"1549",NA,10,"Lexington water tower","PM 2.5","Davidson",35.8145,-80.2627
"1550",NA,12,"Lexington water tower","PM 2.5","Davidson",35.8145,-80.2627
"1551",NA,27,"Lexington water tower","PM 2.5","Davidson",35.8145,-80.2627
"1552",2-01-20,43,"Lexington water tower","PM 2.5","Davidson",35.8145,-80.2627
"1553",2-02-20,9,"Lexington water tower","PM 2.5","Davidson",35.8145,-80.2627
"1554",2-03-20,21,"Lexington water tower","PM 2.5","Davidson",35.8145,-80.2627
"1555",2-04-20,30,"Lexington water tower","PM 2.5","Davidson",35.8145,-80.2627
"1556",2-05-20,23,"Lexington water tower","PM 2.5","Davidson",35.8145,-80.2627
"1557",2-06-20,40,"Lexington water tower","PM 2.5","Davidson",35.8145,-80.2627
"1558",2-07-20,25,"Lexington water tower","PM 2.5","Davidson",35.8145,-80.2627
"1559",2-08-20,32,"Lexington water tower","PM 2.5","Davidson",35.8145,-80.2627
"1560",2-09-20,55,"Lexington water tower","PM 2.5","Davidson",35.8145,-80.2627
"1561",2-10-20,51,"Lexington water tower","PM 2.5","Davidson",35.8145,-80.2627
"1562",2-11-20,19,"Lexington water tower","PM 2.5","Davidson",35.8145,-80.2627
"1563",2-12-20,16,"Lexington water tower","PM 2.5","Davidson",35.8145,-80.2627
"1564",NA,23,"Lexington water tower","PM 2.5","Davidson",35.8145,-80.2627
"1565",NA,43,"Lexington water tower","PM 2.5","Davidson",35.8145,-80.2627
"1566",NA,22,"Lexington water tower","PM 2.5","Davidson",35.8145,-80.2627
"1567",NA,23,"Lexington water tower","PM 2.5","Davidson",35.8145,-80.2627
"1568",NA,14,"Lexington water tower","PM 2.5","Davidson",35.8145,-80.2627
"1569",NA,10,"Lexington water tower","PM 2.5","Davidson",35.8145,-80.2627
"1570",NA,23,"Lexington water tower","PM 2.5","Davidson",35.8145,-80.2627
"1571",NA,40,"Lexington water tower","PM 2.5","Davidson",35.8145,-80.2627
"1572",NA,40,"Lexington water tower","PM 2.5","Davidson",35.8145,-80.2627
"1573",NA,56,"Lexington water tower","PM 2.5","Davidson",35.8145,-80.2627
"1574",NA,51,"Lexington water tower","PM 2.5","Davidson",35.8145,-80.2627
"1575",NA,23,"Lexington water tower","PM 2.5","Davidson",35.8145,-80.2627
"1576",NA,15,"Lexington water tower","PM 2.5","Davidson",35.8145,-80.2627
"1577",NA,30,"Lexington water tower","PM 2.5","Davidson",35.8145,-80.2627
"1578",NA,53,"Lexington water tower","PM 2.5","Davidson",35.8145,-80.2627
"1579",3-01-20,37,"Lexington water tower","PM 2.5","Davidson",35.8145,-80.2627
"1580",3-02-20,9,"Lexington water tower","PM 2.5","Davidson",35.8145,-80.2627
"1581",3-03-20,14,"Lexington water tower","PM 2.5","Davidson",35.8145,-80.2627
"1582",3-04-20,23,"Lexington water tower","PM 2.5","Davidson",35.8145,-80.2627
"1583",3-05-20,40,"Lexington water tower","PM 2.5","Davidson",35.8145,-80.2627
"1584",3-06-20,45,"Lexington water tower","PM 2.5","Davidson",35.8145,-80.2627
"1585",3-07-20,32,"Lexington water tower","PM 2.5","Davidson",35.8145,-80.2627
"1586",3-08-20,26,"Lexington water tower","PM 2.5","Davidson",35.8145,-80.2627
"1587",3-09-20,38,"Lexington water tower","PM 2.5","Davidson",35.8145,-80.2627
"1588",3-10-20,72,"Lexington water tower","PM 2.5","Davidson",35.8145,-80.2627
"1589",3-11-20,67,"Lexington water tower","PM 2.5","Davidson",35.8145,-80.2627
"1590",3-12-20,33,"Lexington water tower","PM 2.5","Davidson",35.8145,-80.2627
"1591",NA,33,"Lexington water tower","PM 2.5","Davidson",35.8145,-80.2627
"1592",NA,20,"Lexington water tower","PM 2.5","Davidson",35.8145,-80.2627
"1593",NA,38,"Lexington water tower","PM 2.5","Davidson",35.8145,-80.2627
"1594",NA,45,"Lexington water tower","PM 2.5","Davidson",35.8145,-80.2627
"1595",NA,53,"Lexington water tower","PM 2.5","Davidson",35.8145,-80.2627
"1596",NA,28,"Lexington water tower","PM 2.5","Davidson",35.8145,-80.2627
"1597",NA,38,"Lexington water tower","PM 2.5","Davidson",35.8145,-80.2627
"1598",NA,22,"Lexington water tower","PM 2.5","Davidson",35.8145,-80.2627
"1599",NA,22,"Lexington water tower","PM 2.5","Davidson",35.8145,-80.2627
"1600",NA,24,"Lexington water tower","PM 2.5","Davidson",35.8145,-80.2627
"1601",NA,37,"Lexington water tower","PM 2.5","Davidson",35.8145,-80.2627
"1602",NA,49,"Lexington water tower","PM 2.5","Davidson",35.8145,-80.2627
"1603",NA,26,"Lexington water tower","PM 2.5","Davidson",35.8145,-80.2627
"1604",NA,22,"Lexington water tower","PM 2.5","Davidson",35.8145,-80.2627
"1605",NA,40,"Lexington water tower","PM 2.5","Davidson",35.8145,-80.2627
"1606",NA,54,"Lexington water tower","PM 2.5","Davidson",35.8145,-80.2627
"1607",NA,50,"Lexington water tower","PM 2.5","Davidson",35.8145,-80.2627
"1608",NA,18,"Lexington water tower","PM 2.5","Davidson",35.8145,-80.2627
"1609",NA,20,"Lexington water tower","PM 2.5","Davidson",35.8145,-80.2627
"1610",4-01-20,33,"Lexington water tower","PM 2.5","Davidson",35.8145,-80.2627
"1611",4-02-20,38,"Lexington water tower","PM 2.5","Davidson",35.8145,-80.2627
"1612",4-03-20,58,"Lexington water tower","PM 2.5","Davidson",35.8145,-80.2627
"1613",4-04-20,33,"Lexington water tower","PM 2.5","Davidson",35.8145,-80.2627
"1614",4-05-20,20,"Lexington water tower","PM 2.5","Davidson",35.8145,-80.2627
"1615",4-06-20,52,"Lexington water tower","PM 2.5","Davidson",35.8145,-80.2627
"1616",4-07-20,43,"Lexington water tower","PM 2.5","Davidson",35.8145,-80.2627
"1617",4-08-20,24,"Lexington water tower","PM 2.5","Davidson",35.8145,-80.2627
"1618",4-09-20,38,"Lexington water tower","PM 2.5","Davidson",35.8145,-80.2627
"1619",4-10-20,40,"Lexington water tower","PM 2.5","Davidson",35.8145,-80.2627
"1620",4-11-20,42,"Lexington water tower","PM 2.5","Davidson",35.8145,-80.2627
"1621",4-12-20,54,"Lexington water tower","PM 2.5","Davidson",35.8145,-80.2627
"1622",NA,55,"Lexington water tower","PM 2.5","Davidson",35.8145,-80.2627
"1623",NA,44,"Lexington water tower","PM 2.5","Davidson",35.8145,-80.2627
"1624",NA,25,"Lexington water tower","PM 2.5","Davidson",35.8145,-80.2627
"1625",NA,16,"Lexington water tower","PM 2.5","Davidson",35.8145,-80.2627
"1626",NA,22,"Lexington water tower","PM 2.5","Davidson",35.8145,-80.2627
"1627",NA,39,"Lexington water tower","PM 2.5","Davidson",35.8145,-80.2627
"1628",NA,35,"Lexington water tower","PM 2.5","Davidson",35.8145,-80.2627
"1629",NA,23,"Lexington water tower","PM 2.5","Davidson",35.8145,-80.2627
"1630",NA,36,"Lexington water tower","PM 2.5","Davidson",35.8145,-80.2627
"1631",NA,40,"Lexington water tower","PM 2.5","Davidson",35.8145,-80.2627
"1632",NA,21,"Lexington water tower","PM 2.5","Davidson",35.8145,-80.2627
"1633",NA,15,"Lexington water tower","PM 2.5","Davidson",35.8145,-80.2627
"1634",NA,11,"Lexington water tower","PM 2.5","Davidson",35.8145,-80.2627
"1635",NA,16,"Lexington water tower","PM 2.5","Davidson",35.8145,-80.2627
"1636",NA,22,"Lexington water tower","PM 2.5","Davidson",35.8145,-80.2627
"1637",NA,41,"Lexington water tower","PM 2.5","Davidson",35.8145,-80.2627
"1638",NA,18,"Lexington water tower","PM 2.5","Davidson",35.8145,-80.2627
"1639",NA,26,"Lexington water tower","PM 2.5","Davidson",35.8145,-80.2627
"1640",5-01-20,40,"Lexington water tower","PM 2.5","Davidson",35.8145,-80.2627
"1641",5-02-20,47,"Lexington water tower","PM 2.5","Davidson",35.8145,-80.2627
"1642",5-03-20,45,"Lexington water tower","PM 2.5","Davidson",35.8145,-80.2627
"1643",5-04-20,50,"Lexington water tower","PM 2.5","Davidson",35.8145,-80.2627
"1644",5-05-20,53,"Lexington water tower","PM 2.5","Davidson",35.8145,-80.2627
"1645",5-06-20,32,"Lexington water tower","PM 2.5","Davidson",35.8145,-80.2627
"1646",5-07-20,23,"Lexington water tower","PM 2.5","Davidson",35.8145,-80.2627
"1647",5-08-20,34,"Lexington water tower","PM 2.5","Davidson",35.8145,-80.2627
"1648",5-09-20,43,"Lexington water tower","PM 2.5","Davidson",35.8145,-80.2627
"1649",NA,35,"Lexington water tower","PM 2.5","Davidson",35.8145,-80.2627
"1650",NA,25,"Lexington water tower","PM 2.5","Davidson",35.8145,-80.2627
"1651",NA,30,"Lexington water tower","PM 2.5","Davidson",35.8145,-80.2627
"1652",NA,26,"Lexington water tower","PM 2.5","Davidson",35.8145,-80.2627
"1653",NA,25,"Lexington water tower","PM 2.5","Davidson",35.8145,-80.2627
"1654",NA,39,"Lexington water tower","PM 2.5","Davidson",35.8145,-80.2627
"1655",NA,37,"Lexington water tower","PM 2.5","Davidson",35.8145,-80.2627
"1656",NA,38,"Lexington water tower","PM 2.5","Davidson",35.8145,-80.2627
"1657",NA,30,"Lexington water tower","PM 2.5","Davidson",35.8145,-80.2627
"1658",NA,45,"Lexington water tower","PM 2.5","Davidson",35.8145,-80.2627
"1659",NA,35,"Lexington water tower","PM 2.5","Davidson",35.8145,-80.2627
"1660",NA,28,"Lexington water tower","PM 2.5","Davidson",35.8145,-80.2627
"1661",NA,32,"Lexington water tower","PM 2.5","Davidson",35.8145,-80.2627
"1662",NA,18,"Lexington water tower","PM 2.5","Davidson",35.8145,-80.2627
"1663",NA,19,"Lexington water tower","PM 2.5","Davidson",35.8145,-80.2627
"1664",NA,30,"Lexington water tower","PM 2.5","Davidson",35.8145,-80.2627
"1665",NA,30,"Lexington water tower","PM 2.5","Davidson",35.8145,-80.2627
"1666",6-01-20,31,"Lexington water tower","PM 2.5","Davidson",35.8145,-80.2627
"1667",6-02-20,28,"Lexington water tower","PM 2.5","Davidson",35.8145,-80.2627
"1668",6-03-20,38,"Lexington water tower","PM 2.5","Davidson",35.8145,-80.2627
"1669",6-04-20,25,"Lexington water tower","PM 2.5","Davidson",35.8145,-80.2627
"1670",6-05-20,31,"Lexington water tower","PM 2.5","Davidson",35.8145,-80.2627
"1671",6-06-20,46,"Lexington water tower","PM 2.5","Davidson",35.8145,-80.2627
"1672",6-07-20,52,"Lexington water tower","PM 2.5","Davidson",35.8145,-80.2627
"1673",6-08-20,62,"Lexington water tower","PM 2.5","Davidson",35.8145,-80.2627
"1674",6-09-20,54,"Lexington water tower","PM 2.5","Davidson",35.8145,-80.2627
"1675",6-10-20,50,"Lexington water tower","PM 2.5","Davidson",35.8145,-80.2627
"1676",6-11-20,50,"Lexington water tower","PM 2.5","Davidson",35.8145,-80.2627
"1677",6-12-20,27,"Lexington water tower","PM 2.5","Davidson",35.8145,-80.2627
"1678",NA,43,"Lexington water tower","PM 2.5","Davidson",35.8145,-80.2627
"1679",NA,46,"Lexington water tower","PM 2.5","Davidson",35.8145,-80.2627
"1680",NA,40,"Lexington water tower","PM 2.5","Davidson",35.8145,-80.2627
"1681",NA,56,"Lexington water tower","PM 2.5","Davidson",35.8145,-80.2627
"1682",NA,54,"Lexington water tower","PM 2.5","Davidson",35.8145,-80.2627
"1683",NA,55,"Lexington water tower","PM 2.5","Davidson",35.8145,-80.2627
"1684",NA,56,"Lexington water tower","PM 2.5","Davidson",35.8145,-80.2627
"1685",NA,59,"Lexington water tower","PM 2.5","Davidson",35.8145,-80.2627
"1686",NA,46,"Lexington water tower","PM 2.5","Davidson",35.8145,-80.2627
"1687",NA,43,"Lexington water tower","PM 2.5","Davidson",35.8145,-80.2627
"1688",NA,32,"Lexington water tower","PM 2.5","Davidson",35.8145,-80.2627
"1689",NA,33,"Lexington water tower","PM 2.5","Davidson",35.8145,-80.2627
"1690",NA,33,"Lexington water tower","PM 2.5","Davidson",35.8145,-80.2627
"1691",NA,25,"Lexington water tower","PM 2.5","Davidson",35.8145,-80.2627
"1692",NA,36,"Lexington water tower","PM 2.5","Davidson",35.8145,-80.2627
"1693",NA,37,"Lexington water tower","PM 2.5","Davidson",35.8145,-80.2627
"1694",NA,47,"Lexington water tower","PM 2.5","Davidson",35.8145,-80.2627
"1695",NA,58,"Lexington water tower","PM 2.5","Davidson",35.8145,-80.2627
"1696",7-01-20,30,"Lexington water tower","PM 2.5","Davidson",35.8145,-80.2627
"1697",7-02-20,37,"Lexington water tower","PM 2.5","Davidson",35.8145,-80.2627
"1698",7-03-20,56,"Lexington water tower","PM 2.5","Davidson",35.8145,-80.2627
"1699",7-04-20,51,"Lexington water tower","PM 2.5","Davidson",35.8145,-80.2627
"1700",7-05-20,28,"Lexington water tower","PM 2.5","Davidson",35.8145,-80.2627
"1701",7-06-20,32,"Lexington water tower","PM 2.5","Davidson",35.8145,-80.2627
"1702",7-07-20,33,"Lexington water tower","PM 2.5","Davidson",35.8145,-80.2627
"1703",7-08-20,23,"Lexington water tower","PM 2.5","Davidson",35.8145,-80.2627
"1704",7-09-20,28,"Lexington water tower","PM 2.5","Davidson",35.8145,-80.2627
"1705",7-10-20,49,"Lexington water tower","PM 2.5","Davidson",35.8145,-80.2627
"1706",7-11-20,52,"Lexington water tower","PM 2.5","Davidson",35.8145,-80.2627
"1707",7-12-20,57,"Lexington water tower","PM 2.5","Davidson",35.8145,-80.2627
"1708",NA,53,"Lexington water tower","PM 2.5","Davidson",35.8145,-80.2627
"1709",NA,52,"Lexington water tower","PM 2.5","Davidson",35.8145,-80.2627
"1710",NA,54,"Lexington water tower","PM 2.5","Davidson",35.8145,-80.2627
"1711",NA,53,"Lexington water tower","PM 2.5","Davidson",35.8145,-80.2627
"1712",NA,46,"Lexington water tower","PM 2.5","Davidson",35.8145,-80.2627
"1713",NA,44,"Lexington water tower","PM 2.5","Davidson",35.8145,-80.2627
"1714",NA,37,"Lexington water tower","PM 2.5","Davidson",35.8145,-80.2627
"1715",NA,40,"Lexington water tower","PM 2.5","Davidson",35.8145,-80.2627
"1716",NA,38,"Lexington water tower","PM 2.5","Davidson",35.8145,-80.2627
"1717",NA,35,"Lexington water tower","PM 2.5","Davidson",35.8145,-80.2627
"1718",NA,37,"Lexington water tower","PM 2.5","Davidson",35.8145,-80.2627
"1719",NA,29,"Lexington water tower","PM 2.5","Davidson",35.8145,-80.2627
"1720",NA,35,"Lexington water tower","PM 2.5","Davidson",35.8145,-80.2627
"1721",NA,39,"Lexington water tower","PM 2.5","Davidson",35.8145,-80.2627
"1722",NA,50,"Lexington water tower","PM 2.5","Davidson",35.8145,-80.2627
"1723",NA,48,"Lexington water tower","PM 2.5","Davidson",35.8145,-80.2627
"1724",NA,40,"Lexington water tower","PM 2.5","Davidson",35.8145,-80.2627
"1725",NA,28,"Lexington water tower","PM 2.5","Davidson",35.8145,-80.2627
"1726",NA,37,"Lexington water tower","PM 2.5","Davidson",35.8145,-80.2627
"1727",8-01-20,22,"Lexington water tower","PM 2.5","Davidson",35.8145,-80.2627
"1728",8-02-20,23,"Lexington water tower","PM 2.5","Davidson",35.8145,-80.2627
"1729",8-03-20,18,"Lexington water tower","PM 2.5","Davidson",35.8145,-80.2627
"1730",8-04-20,26,"Lexington water tower","PM 2.5","Davidson",35.8145,-80.2627
"1731",8-05-20,31,"Lexington water tower","PM 2.5","Davidson",35.8145,-80.2627
"1732",8-06-20,43,"Lexington water tower","PM 2.5","Davidson",35.8145,-80.2627
"1733",8-07-20,41,"Lexington water tower","PM 2.5","Davidson",35.8145,-80.2627
"1734",8-08-20,30,"Lexington water tower","PM 2.5","Davidson",35.8145,-80.2627
"1735",8-09-20,41,"Lexington water tower","PM 2.5","Davidson",35.8145,-80.2627
"1736",8-10-20,51,"Lexington water tower","PM 2.5","Davidson",35.8145,-80.2627
"1737",8-11-20,33,"Lexington water tower","PM 2.5","Davidson",35.8145,-80.2627
"1738",8-12-20,37,"Lexington water tower","PM 2.5","Davidson",35.8145,-80.2627
"1739",NA,43,"Lexington water tower","PM 2.5","Davidson",35.8145,-80.2627
"1740",NA,51,"Lexington water tower","PM 2.5","Davidson",35.8145,-80.2627
"1741",NA,54,"Lexington water tower","PM 2.5","Davidson",35.8145,-80.2627
"1742",NA,64,"Lexington water tower","PM 2.5","Davidson",35.8145,-80.2627
"1743",NA,52,"Lexington water tower","PM 2.5","Davidson",35.8145,-80.2627
"1744",NA,32,"Lexington water tower","PM 2.5","Davidson",35.8145,-80.2627
"1745",NA,33,"Lexington water tower","PM 2.5","Davidson",35.8145,-80.2627
"1746",NA,33,"Lexington water tower","PM 2.5","Davidson",35.8145,-80.2627
"1747",NA,37,"Lexington water tower","PM 2.5","Davidson",35.8145,-80.2627
"1748",NA,30,"Lexington water tower","PM 2.5","Davidson",35.8145,-80.2627
"1749",NA,52,"Lexington water tower","PM 2.5","Davidson",35.8145,-80.2627
"1750",NA,38,"Lexington water tower","PM 2.5","Davidson",35.8145,-80.2627
"1751",NA,44,"Lexington water tower","PM 2.5","Davidson",35.8145,-80.2627
"1752",NA,56,"Lexington water tower","PM 2.5","Davidson",35.8145,-80.2627
"1753",NA,62,"Lexington water tower","PM 2.5","Davidson",35.8145,-80.2627
"1754",NA,65,"Lexington water tower","PM 2.5","Davidson",35.8145,-80.2627
"1755",NA,53,"Lexington water tower","PM 2.5","Davidson",35.8145,-80.2627
"1756",NA,55,"Lexington water tower","PM 2.5","Davidson",35.8145,-80.2627
"1757",NA,37,"Lexington water tower","PM 2.5","Davidson",35.8145,-80.2627
"1758",9-01-20,43,"Lexington water tower","PM 2.5","Davidson",35.8145,-80.2627
"1759",9-02-20,34,"Lexington water tower","PM 2.5","Davidson",35.8145,-80.2627
"1760",9-03-20,30,"Lexington water tower","PM 2.5","Davidson",35.8145,-80.2627
"1761",9-04-20,40,"Lexington water tower","PM 2.5","Davidson",35.8145,-80.2627
"1762",9-05-20,47,"Lexington water tower","PM 2.5","Davidson",35.8145,-80.2627
"1763",9-06-20,42,"Lexington water tower","PM 2.5","Davidson",35.8145,-80.2627
"1764",9-07-20,48,"Lexington water tower","PM 2.5","Davidson",35.8145,-80.2627
"1765",9-08-20,41,"Lexington water tower","PM 2.5","Davidson",35.8145,-80.2627
"1766",9-09-20,21,"Lexington water tower","PM 2.5","Davidson",35.8145,-80.2627
"1767",9-10-20,20,"Lexington water tower","PM 2.5","Davidson",35.8145,-80.2627
"1768",9-11-20,25,"Lexington water tower","PM 2.5","Davidson",35.8145,-80.2627
"1769",9-12-20,20,"Lexington water tower","PM 2.5","Davidson",35.8145,-80.2627
"1770",NA,57,"Lexington water tower","PM 2.5","Davidson",35.8145,-80.2627
"1771",NA,56,"Lexington water tower","PM 2.5","Davidson",35.8145,-80.2627
"1772",NA,41,"Lexington water tower","PM 2.5","Davidson",35.8145,-80.2627
"1773",NA,26,"Lexington water tower","PM 2.5","Davidson",35.8145,-80.2627
"1774",NA,37,"Lexington water tower","PM 2.5","Davidson",35.8145,-80.2627
"1775",NA,37,"Lexington water tower","PM 2.5","Davidson",35.8145,-80.2627
"1776",NA,35,"Lexington water tower","PM 2.5","Davidson",35.8145,-80.2627
"1777",NA,25,"Lexington water tower","PM 2.5","Davidson",35.8145,-80.2627
"1778",NA,31,"Lexington water tower","PM 2.5","Davidson",35.8145,-80.2627
"1779",NA,37,"Lexington water tower","PM 2.5","Davidson",35.8145,-80.2627
"1780",10-01-20,42,"Lexington water tower","PM 2.5","Davidson",35.8145,-80.2627
"1781",10-02-20,52,"Lexington water tower","PM 2.5","Davidson",35.8145,-80.2627
"1782",10-03-20,50,"Lexington water tower","PM 2.5","Davidson",35.8145,-80.2627
"1783",10-04-20,53,"Lexington water tower","PM 2.5","Davidson",35.8145,-80.2627
"1784",10-05-20,45,"Lexington water tower","PM 2.5","Davidson",35.8145,-80.2627
"1785",10-06-20,55,"Lexington water tower","PM 2.5","Davidson",35.8145,-80.2627
"1786",10-07-20,56,"Lexington water tower","PM 2.5","Davidson",35.8145,-80.2627
"1787",10-08-20,43,"Lexington water tower","PM 2.5","Davidson",35.8145,-80.2627
"1788",10-09-20,28,"Lexington water tower","PM 2.5","Davidson",35.8145,-80.2627
"1789",10-10-20,25,"Lexington water tower","PM 2.5","Davidson",35.8145,-80.2627
"1790",10-11-20,19,"Lexington water tower","PM 2.5","Davidson",35.8145,-80.2627
"1791",10-12-20,27,"Lexington water tower","PM 2.5","Davidson",35.8145,-80.2627
"1792",NA,29,"Lexington water tower","PM 2.5","Davidson",35.8145,-80.2627
"1793",NA,34,"Lexington water tower","PM 2.5","Davidson",35.8145,-80.2627
"1794",NA,51,"Lexington water tower","PM 2.5","Davidson",35.8145,-80.2627
"1795",NA,43,"Lexington water tower","PM 2.5","Davidson",35.8145,-80.2627
"1796",NA,22,"Lexington water tower","PM 2.5","Davidson",35.8145,-80.2627
"1797",NA,27,"Lexington water tower","PM 2.5","Davidson",35.8145,-80.2627
"1798",NA,41,"Lexington water tower","PM 2.5","Davidson",35.8145,-80.2627
"1799",NA,42,"Lexington water tower","PM 2.5","Davidson",35.8145,-80.2627
"1800",NA,19,"Lexington water tower","PM 2.5","Davidson",35.8145,-80.2627
"1801",NA,36,"Lexington water tower","PM 2.5","Davidson",35.8145,-80.2627
"1802",NA,39,"Lexington water tower","PM 2.5","Davidson",35.8145,-80.2627
"1803",NA,38,"Lexington water tower","PM 2.5","Davidson",35.8145,-80.2627
"1804",NA,38,"Lexington water tower","PM 2.5","Davidson",35.8145,-80.2627
"1805",NA,27,"Lexington water tower","PM 2.5","Davidson",35.8145,-80.2627
"1806",NA,20,"Lexington water tower","PM 2.5","Davidson",35.8145,-80.2627
"1807",NA,25,"Lexington water tower","PM 2.5","Davidson",35.8145,-80.2627
"1808",NA,23,"Lexington water tower","PM 2.5","Davidson",35.8145,-80.2627
"1809",NA,33,"Lexington water tower","PM 2.5","Davidson",35.8145,-80.2627
"1810",NA,48,"Lexington water tower","PM 2.5","Davidson",35.8145,-80.2627
"1811",11-01-20,38,"Lexington water tower","PM 2.5","Davidson",35.8145,-80.2627
"1812",11-02-20,25,"Lexington water tower","PM 2.5","Davidson",35.8145,-80.2627
"1813",11-03-20,35,"Lexington water tower","PM 2.5","Davidson",35.8145,-80.2627
"1814",11-04-20,38,"Lexington water tower","PM 2.5","Davidson",35.8145,-80.2627
"1815",11-05-20,23,"Lexington water tower","PM 2.5","Davidson",35.8145,-80.2627
"1816",11-06-20,25,"Lexington water tower","PM 2.5","Davidson",35.8145,-80.2627
"1817",11-07-20,38,"Lexington water tower","PM 2.5","Davidson",35.8145,-80.2627
"1818",11-08-20,30,"Lexington water tower","PM 2.5","Davidson",35.8145,-80.2627
"1819",11-09-20,30,"Lexington water tower","PM 2.5","Davidson",35.8145,-80.2627
"1820",11-10-20,24,"Lexington water tower","PM 2.5","Davidson",35.8145,-80.2627
"1821",11-11-20,38,"Lexington water tower","PM 2.5","Davidson",35.8145,-80.2627
"1822",11-12-20,52,"Lexington water tower","PM 2.5","Davidson",35.8145,-80.2627
"1823",NA,28,"Lexington water tower","PM 2.5","Davidson",35.8145,-80.2627
"1824",NA,38,"Lexington water tower","PM 2.5","Davidson",35.8145,-80.2627
"1825",NA,21,"Lexington water tower","PM 2.5","Davidson",35.8145,-80.2627
"1826",NA,28,"Lexington water tower","PM 2.5","Davidson",35.8145,-80.2627
"1827",NA,60,"Lexington water tower","PM 2.5","Davidson",35.8145,-80.2627
"1828",NA,72,"Lexington water tower","PM 2.5","Davidson",35.8145,-80.2627
"1829",NA,70,"Lexington water tower","PM 2.5","Davidson",35.8145,-80.2627
"1830",NA,44,"Lexington water tower","PM 2.5","Davidson",35.8145,-80.2627
"1831",NA,34,"Lexington water tower","PM 2.5","Davidson",35.8145,-80.2627
"1832",NA,43,"Lexington water tower","PM 2.5","Davidson",35.8145,-80.2627
"1833",NA,33,"Lexington water tower","PM 2.5","Davidson",35.8145,-80.2627
"1834",NA,28,"Lexington water tower","PM 2.5","Davidson",35.8145,-80.2627
"1835",NA,39,"Lexington water tower","PM 2.5","Davidson",35.8145,-80.2627
"1836",NA,34,"Lexington water tower","PM 2.5","Davidson",35.8145,-80.2627
"1837",NA,19,"Lexington water tower","PM 2.5","Davidson",35.8145,-80.2627
"1838",NA,38,"Lexington water tower","PM 2.5","Davidson",35.8145,-80.2627
"1839",NA,47,"Lexington water tower","PM 2.5","Davidson",35.8145,-80.2627
"1840",NA,56,"Lexington water tower","PM 2.5","Davidson",35.8145,-80.2627
"1841",12-01-20,58,"Lexington water tower","PM 2.5","Davidson",35.8145,-80.2627
"1842",12-02-20,33,"Lexington water tower","PM 2.5","Davidson",35.8145,-80.2627
"1843",12-03-20,43,"Lexington water tower","PM 2.5","Davidson",35.8145,-80.2627
"1844",12-04-20,17,"Lexington water tower","PM 2.5","Davidson",35.8145,-80.2627
"1845",12-05-20,17,"Lexington water tower","PM 2.5","Davidson",35.8145,-80.2627
"1846",12-06-20,38,"Lexington water tower","PM 2.5","Davidson",35.8145,-80.2627
"1847",12-07-20,69,"Lexington water tower","PM 2.5","Davidson",35.8145,-80.2627
"1848",12-08-20,56,"Lexington water tower","PM 2.5","Davidson",35.8145,-80.2627
"1849",12-09-20,26,"Lexington water tower","PM 2.5","Davidson",35.8145,-80.2627
"1850",12-10-20,37,"Lexington water tower","PM 2.5","Davidson",35.8145,-80.2627
"1851",12-11-20,53,"Lexington water tower","PM 2.5","Davidson",35.8145,-80.2627
"1852",12-12-20,70,"Lexington water tower","PM 2.5","Davidson",35.8145,-80.2627
"1853",NA,76,"Lexington water tower","PM 2.5","Davidson",35.8145,-80.2627
"1854",NA,52,"Lexington water tower","PM 2.5","Davidson",35.8145,-80.2627
"1855",NA,25,"Lexington water tower","PM 2.5","Davidson",35.8145,-80.2627
"1856",NA,24,"Lexington water tower","PM 2.5","Davidson",35.8145,-80.2627
"1857",NA,17,"Lexington water tower","PM 2.5","Davidson",35.8145,-80.2627
"1858",NA,42,"Lexington water tower","PM 2.5","Davidson",35.8145,-80.2627
"1859",NA,63,"Lexington water tower","PM 2.5","Davidson",35.8145,-80.2627
"1860",NA,45,"Lexington water tower","PM 2.5","Davidson",35.8145,-80.2627
"1861",NA,18,"Lexington water tower","PM 2.5","Davidson",35.8145,-80.2627
"1862",NA,19,"Lexington water tower","PM 2.5","Davidson",35.8145,-80.2627
"1863",NA,52,"Lexington water tower","PM 2.5","Davidson",35.8145,-80.2627
"1864",NA,43,"Lexington water tower","PM 2.5","Davidson",35.8145,-80.2627
"1865",NA,57,"Lexington water tower","PM 2.5","Davidson",35.8145,-80.2627
"1866",NA,66,"Lexington water tower","PM 2.5","Davidson",35.8145,-80.2627
"1867",NA,57,"Lexington water tower","PM 2.5","Davidson",35.8145,-80.2627
"1868",NA,30,"Lexington water tower","PM 2.5","Davidson",35.8145,-80.2627
"1869",NA,53,"Lexington water tower","PM 2.5","Davidson",35.8145,-80.2627
"1870",NA,54,"Lexington water tower","PM 2.5","Davidson",35.8145,-80.2627
"1871",NA,33,"Lexington water tower","PM 2.5","Davidson",35.8145,-80.2627
"1872",1-02-20,31,"Durham Armory","PM 2.5","Durham",36.0329550008979,-78.904037
"1873",1-05-20,24,"Durham Armory","PM 2.5","Durham",36.0329550008979,-78.904037
"1874",1-08-20,29,"Durham Armory","PM 2.5","Durham",36.0329550008979,-78.904037
"1875",1-11-20,35,"Durham Armory","PM 2.5","Durham",36.0329550008979,-78.904037
"1876",NA,14,"Durham Armory","PM 2.5","Durham",36.0329550008979,-78.904037
"1877",NA,51,"Durham Armory","PM 2.5","Durham",36.0329550008979,-78.904037
"1878",NA,38,"Durham Armory","PM 2.5","Durham",36.0329550008979,-78.904037
"1879",NA,17,"Durham Armory","PM 2.5","Durham",36.0329550008979,-78.904037
"1880",NA,39,"Durham Armory","PM 2.5","Durham",36.0329550008979,-78.904037
"1881",NA,8,"Durham Armory","PM 2.5","Durham",36.0329550008979,-78.904037
"1882",2-01-20,28,"Durham Armory","PM 2.5","Durham",36.0329550008979,-78.904037
"1883",2-04-20,20,"Durham Armory","PM 2.5","Durham",36.0329550008979,-78.904037
"1884",2-07-20,22,"Durham Armory","PM 2.5","Durham",36.0329550008979,-78.904037
"1885",2-10-20,33,"Durham Armory","PM 2.5","Durham",36.0329550008979,-78.904037
"1886",NA,23,"Durham Armory","PM 2.5","Durham",36.0329550008979,-78.904037
"1887",NA,30,"Durham Armory","PM 2.5","Durham",36.0329550008979,-78.904037
"1888",NA,24,"Durham Armory","PM 2.5","Durham",36.0329550008979,-78.904037
"1889",NA,30,"Durham Armory","PM 2.5","Durham",36.0329550008979,-78.904037
"1890",NA,26,"Durham Armory","PM 2.5","Durham",36.0329550008979,-78.904037
"1891",NA,35,"Durham Armory","PM 2.5","Durham",36.0329550008979,-78.904037
"1892",3-03-20,9,"Durham Armory","PM 2.5","Durham",36.0329550008979,-78.904037
"1893",3-06-20,25,"Durham Armory","PM 2.5","Durham",36.0329550008979,-78.904037
"1894",3-09-20,23,"Durham Armory","PM 2.5","Durham",36.0329550008979,-78.904037
"1895",3-12-20,28,"Durham Armory","PM 2.5","Durham",36.0329550008979,-78.904037
"1896",NA,33,"Durham Armory","PM 2.5","Durham",36.0329550008979,-78.904037
"1897",NA,25,"Durham Armory","PM 2.5","Durham",36.0329550008979,-78.904037
"1898",NA,11,"Durham Armory","PM 2.5","Durham",36.0329550008979,-78.904037
"1899",NA,27,"Durham Armory","PM 2.5","Durham",36.0329550008979,-78.904037
"1900",NA,25,"Durham Armory","PM 2.5","Durham",36.0329550008979,-78.904037
"1901",NA,19,"Durham Armory","PM 2.5","Durham",36.0329550008979,-78.904037
"1902",4-02-20,32,"Durham Armory","PM 2.5","Durham",36.0329550008979,-78.904037
"1903",4-05-20,19,"Durham Armory","PM 2.5","Durham",36.0329550008979,-78.904037
"1904",4-08-20,21,"Durham Armory","PM 2.5","Durham",36.0329550008979,-78.904037
"1905",4-11-20,37,"Durham Armory","PM 2.5","Durham",36.0329550008979,-78.904037
"1906",NA,39,"Durham Armory","PM 2.5","Durham",36.0329550008979,-78.904037
"1907",NA,15,"Durham Armory","PM 2.5","Durham",36.0329550008979,-78.904037
"1908",NA,18,"Durham Armory","PM 2.5","Durham",36.0329550008979,-78.904037
"1909",NA,20,"Durham Armory","PM 2.5","Durham",36.0329550008979,-78.904037
"1910",NA,18,"Durham Armory","PM 2.5","Durham",36.0329550008979,-78.904037
"1911",NA,18,"Durham Armory","PM 2.5","Durham",36.0329550008979,-78.904037
"1912",5-02-20,41,"Durham Armory","PM 2.5","Durham",36.0329550008979,-78.904037
"1913",5-05-20,45,"Durham Armory","PM 2.5","Durham",36.0329550008979,-78.904037
"1914",5-08-20,31,"Durham Armory","PM 2.5","Durham",36.0329550008979,-78.904037
"1915",5-11-20,43,"Durham Armory","PM 2.5","Durham",36.0329550008979,-78.904037
"1916",NA,53,"Durham Armory","PM 2.5","Durham",36.0329550008979,-78.904037
"1917",NA,19,"Durham Armory","PM 2.5","Durham",36.0329550008979,-78.904037
"1918",NA,28,"Durham Armory","PM 2.5","Durham",36.0329550008979,-78.904037
"1919",NA,27,"Durham Armory","PM 2.5","Durham",36.0329550008979,-78.904037
"1920",NA,26,"Durham Armory","PM 2.5","Durham",36.0329550008979,-78.904037
"1921",NA,16,"Durham Armory","PM 2.5","Durham",36.0329550008979,-78.904037
"1922",6-01-20,29,"Durham Armory","PM 2.5","Durham",36.0329550008979,-78.904037
"1923",6-04-20,21,"Durham Armory","PM 2.5","Durham",36.0329550008979,-78.904037
"1924",6-07-20,41,"Durham Armory","PM 2.5","Durham",36.0329550008979,-78.904037
"1925",6-10-20,38,"Durham Armory","PM 2.5","Durham",36.0329550008979,-78.904037
"1926",NA,30,"Durham Armory","PM 2.5","Durham",36.0329550008979,-78.904037
"1927",NA,48,"Durham Armory","PM 2.5","Durham",36.0329550008979,-78.904037
"1928",NA,58,"Durham Armory","PM 2.5","Durham",36.0329550008979,-78.904037
"1929",NA,30,"Durham Armory","PM 2.5","Durham",36.0329550008979,-78.904037
"1930",NA,41,"Durham Armory","PM 2.5","Durham",36.0329550008979,-78.904037
"1931",NA,30,"Durham Armory","PM 2.5","Durham",36.0329550008979,-78.904037
"1932",7-01-20,35,"Durham Armory","PM 2.5","Durham",36.0329550008979,-78.904037
"1933",7-04-20,55,"Durham Armory","PM 2.5","Durham",36.0329550008979,-78.904037
"1934",7-07-20,23,"Durham Armory","PM 2.5","Durham",36.0329550008979,-78.904037
"1935",7-10-20,43,"Durham Armory","PM 2.5","Durham",36.0329550008979,-78.904037
"1936",NA,45,"Durham Armory","PM 2.5","Durham",36.0329550008979,-78.904037
"1937",NA,40,"Durham Armory","PM 2.5","Durham",36.0329550008979,-78.904037
"1938",NA,35,"Durham Armory","PM 2.5","Durham",36.0329550008979,-78.904037
"1939",NA,25,"Durham Armory","PM 2.5","Durham",36.0329550008979,-78.904037
"1940",NA,28,"Durham Armory","PM 2.5","Durham",36.0329550008979,-78.904037
"1941",NA,45,"Durham Armory","PM 2.5","Durham",36.0329550008979,-78.904037
"1942",NA,30,"Durham Armory","PM 2.5","Durham",36.0329550008979,-78.904037
"1943",8-03-20,16,"Durham Armory","PM 2.5","Durham",36.0329550008979,-78.904037
"1944",8-06-20,40,"Durham Armory","PM 2.5","Durham",36.0329550008979,-78.904037
"1945",8-09-20,34,"Durham Armory","PM 2.5","Durham",36.0329550008979,-78.904037
"1946",8-12-20,33,"Durham Armory","PM 2.5","Durham",36.0329550008979,-78.904037
"1947",NA,47,"Durham Armory","PM 2.5","Durham",36.0329550008979,-78.904037
"1948",NA,25,"Durham Armory","PM 2.5","Durham",36.0329550008979,-78.904037
"1949",NA,27,"Durham Armory","PM 2.5","Durham",36.0329550008979,-78.904037
"1950",NA,30,"Durham Armory","PM 2.5","Durham",36.0329550008979,-78.904037
"1951",NA,55,"Durham Armory","PM 2.5","Durham",36.0329550008979,-78.904037
"1952",NA,42,"Durham Armory","PM 2.5","Durham",36.0329550008979,-78.904037
"1953",9-02-20,30,"Durham Armory","PM 2.5","Durham",36.0329550008979,-78.904037
"1954",9-05-20,33,"Durham Armory","PM 2.5","Durham",36.0329550008979,-78.904037
"1955",9-08-20,40,"Durham Armory","PM 2.5","Durham",36.0329550008979,-78.904037
"1956",NA,40,"Durham Armory","PM 2.5","Durham",36.0329550008979,-78.904037
"1957",NA,52,"Durham Armory","PM 2.5","Durham",36.0329550008979,-78.904037
"1958",NA,30,"Durham Armory","PM 2.5","Durham",36.0329550008979,-78.904037
"1959",NA,19,"Durham Armory","PM 2.5","Durham",36.0329550008979,-78.904037
"1960",NA,28,"Durham Armory","PM 2.5","Durham",36.0329550008979,-78.904037
"1961",NA,25,"Durham Armory","PM 2.5","Durham",36.0329550008979,-78.904037
"1962",10-02-20,38,"Durham Armory","PM 2.5","Durham",36.0329550008979,-78.904037
"1963",10-05-20,41,"Durham Armory","PM 2.5","Durham",36.0329550008979,-78.904037
"1964",10-08-20,25,"Durham Armory","PM 2.5","Durham",36.0329550008979,-78.904037
"1965",10-11-20,13,"Durham Armory","PM 2.5","Durham",36.0329550008979,-78.904037
"1966",NA,23,"Durham Armory","PM 2.5","Durham",36.0329550008979,-78.904037
"1967",NA,17,"Durham Armory","PM 2.5","Durham",36.0329550008979,-78.904037
"1968",NA,35,"Durham Armory","PM 2.5","Durham",36.0329550008979,-78.904037
"1969",NA,26,"Durham Armory","PM 2.5","Durham",36.0329550008979,-78.904037
"1970",NA,20,"Durham Armory","PM 2.5","Durham",36.0329550008979,-78.904037
"1971",NA,17,"Durham Armory","PM 2.5","Durham",36.0329550008979,-78.904037
"1972",11-01-20,25,"Durham Armory","PM 2.5","Durham",36.0329550008979,-78.904037
"1973",11-04-20,26,"Durham Armory","PM 2.5","Durham",36.0329550008979,-78.904037
"1974",11-07-20,27,"Durham Armory","PM 2.5","Durham",36.0329550008979,-78.904037
"1975",11-10-20,18,"Durham Armory","PM 2.5","Durham",36.0329550008979,-78.904037
"1976",NA,12,"Durham Armory","PM 2.5","Durham",36.0329550008979,-78.904037
"1977",NA,17,"Durham Armory","PM 2.5","Durham",36.0329550008979,-78.904037
"1978",NA,54,"Durham Armory","PM 2.5","Durham",36.0329550008979,-78.904037
"1979",NA,35,"Durham Armory","PM 2.5","Durham",36.0329550008979,-78.904037
"1980",NA,32,"Durham Armory","PM 2.5","Durham",36.0329550008979,-78.904037
"1981",NA,22,"Durham Armory","PM 2.5","Durham",36.0329550008979,-78.904037
"1982",12-01-20,54,"Durham Armory","PM 2.5","Durham",36.0329550008979,-78.904037
"1983",12-04-20,10,"Durham Armory","PM 2.5","Durham",36.0329550008979,-78.904037
"1984",12-07-20,40,"Durham Armory","PM 2.5","Durham",36.0329550008979,-78.904037
"1985",12-10-20,30,"Durham Armory","PM 2.5","Durham",36.0329550008979,-78.904037
"1986",NA,62,"Durham Armory","PM 2.5","Durham",36.0329550008979,-78.904037
"1987",NA,14,"Durham Armory","PM 2.5","Durham",36.0329550008979,-78.904037
"1988",NA,46,"Durham Armory","PM 2.5","Durham",36.0329550008979,-78.904037
"1989",NA,8,"Durham Armory","PM 2.5","Durham",36.0329550008979,-78.904037
"1990",NA,38,"Durham Armory","PM 2.5","Durham",36.0329550008979,-78.904037
"1991",NA,17,"Durham Armory","PM 2.5","Durham",36.0329550008979,-78.904037
"1992",NA,37,"Durham Armory","PM 2.5","Durham",36.0329550008979,-78.904037
"1993",1-01-20,31,"Durham Armory","PM 2.5","Durham",36.0329550008979,-78.904037
"1994",1-02-20,43,"Durham Armory","PM 2.5","Durham",36.0329550008979,-78.904037
"1995",1-03-20,58,"Durham Armory","PM 2.5","Durham",36.0329550008979,-78.904037
"1996",1-04-20,40,"Durham Armory","PM 2.5","Durham",36.0329550008979,-78.904037
"1997",1-05-20,41,"Durham Armory","PM 2.5","Durham",36.0329550008979,-78.904037
"1998",1-06-20,32,"Durham Armory","PM 2.5","Durham",36.0329550008979,-78.904037
"1999",1-07-20,39,"Durham Armory","PM 2.5","Durham",36.0329550008979,-78.904037
"2000",1-08-20,40,"Durham Armory","PM 2.5","Durham",36.0329550008979,-78.904037
"2001",1-09-20,49,"Durham Armory","PM 2.5","Durham",36.0329550008979,-78.904037
"2002",1-10-20,39,"Durham Armory","PM 2.5","Durham",36.0329550008979,-78.904037
"2003",1-11-20,52,"Durham Armory","PM 2.5","Durham",36.0329550008979,-78.904037
"2004",1-12-20,5,"Durham Armory","PM 2.5","Durham",36.0329550008979,-78.904037
"2005",NA,20,"Durham Armory","PM 2.5","Durham",36.0329550008979,-78.904037
"2006",NA,26,"Durham Armory","PM 2.5","Durham",36.0329550008979,-78.904037
"2007",NA,44,"Durham Armory","PM 2.5","Durham",36.0329550008979,-78.904037
"2008",NA,60,"Durham Armory","PM 2.5","Durham",36.0329550008979,-78.904037
"2009",NA,58,"Durham Armory","PM 2.5","Durham",36.0329550008979,-78.904037
"2010",NA,45,"Durham Armory","PM 2.5","Durham",36.0329550008979,-78.904037
"2011",NA,57,"Durham Armory","PM 2.5","Durham",36.0329550008979,-78.904037
"2012",NA,52,"Durham Armory","PM 2.5","Durham",36.0329550008979,-78.904037
"2013",NA,44,"Durham Armory","PM 2.5","Durham",36.0329550008979,-78.904037
"2014",NA,59,"Durham Armory","PM 2.5","Durham",36.0329550008979,-78.904037
"2015",NA,20,"Durham Armory","PM 2.5","Durham",36.0329550008979,-78.904037
"2016",NA,26,"Durham Armory","PM 2.5","Durham",36.0329550008979,-78.904037
"2017",NA,43,"Durham Armory","PM 2.5","Durham",36.0329550008979,-78.904037
"2018",NA,53,"Durham Armory","PM 2.5","Durham",36.0329550008979,-78.904037
"2019",NA,42,"Durham Armory","PM 2.5","Durham",36.0329550008979,-78.904037
"2020",NA,25,"Durham Armory","PM 2.5","Durham",36.0329550008979,-78.904037
"2021",NA,16,"Durham Armory","PM 2.5","Durham",36.0329550008979,-78.904037
"2022",NA,29,"Durham Armory","PM 2.5","Durham",36.0329550008979,-78.904037
"2023",NA,33,"Durham Armory","PM 2.5","Durham",36.0329550008979,-78.904037
"2024",2-01-20,39,"Durham Armory","PM 2.5","Durham",36.0329550008979,-78.904037
"2025",2-02-20,20,"Durham Armory","PM 2.5","Durham",36.0329550008979,-78.904037
"2026",2-03-20,28,"Durham Armory","PM 2.5","Durham",36.0329550008979,-78.904037
"2027",2-04-20,31,"Durham Armory","PM 2.5","Durham",36.0329550008979,-78.904037
"2028",2-05-20,35,"Durham Armory","PM 2.5","Durham",36.0329550008979,-78.904037
"2029",2-06-20,43,"Durham Armory","PM 2.5","Durham",36.0329550008979,-78.904037
"2030",2-07-20,28,"Durham Armory","PM 2.5","Durham",36.0329550008979,-78.904037
"2031",2-08-20,38,"Durham Armory","PM 2.5","Durham",36.0329550008979,-78.904037
"2032",2-09-20,52,"Durham Armory","PM 2.5","Durham",36.0329550008979,-78.904037
"2033",2-10-20,42,"Durham Armory","PM 2.5","Durham",36.0329550008979,-78.904037
"2034",2-11-20,15,"Durham Armory","PM 2.5","Durham",36.0329550008979,-78.904037
"2035",2-12-20,13,"Durham Armory","PM 2.5","Durham",36.0329550008979,-78.904037
"2036",NA,35,"Durham Armory","PM 2.5","Durham",36.0329550008979,-78.904037
"2037",NA,49,"Durham Armory","PM 2.5","Durham",36.0329550008979,-78.904037
"2038",NA,27,"Durham Armory","PM 2.5","Durham",36.0329550008979,-78.904037
"2039",NA,20,"Durham Armory","PM 2.5","Durham",36.0329550008979,-78.904037
"2040",NA,27,"Durham Armory","PM 2.5","Durham",36.0329550008979,-78.904037
"2041",NA,16,"Durham Armory","PM 2.5","Durham",36.0329550008979,-78.904037
"2042",NA,32,"Durham Armory","PM 2.5","Durham",36.0329550008979,-78.904037
"2043",NA,47,"Durham Armory","PM 2.5","Durham",36.0329550008979,-78.904037
"2044",NA,25,"Durham Armory","PM 2.5","Durham",36.0329550008979,-78.904037
"2045",NA,30,"Durham Armory","PM 2.5","Durham",36.0329550008979,-78.904037
"2046",NA,45,"Durham Armory","PM 2.5","Durham",36.0329550008979,-78.904037
"2047",NA,38,"Durham Armory","PM 2.5","Durham",36.0329550008979,-78.904037
"2048",NA,28,"Durham Armory","PM 2.5","Durham",36.0329550008979,-78.904037
"2049",NA,19,"Durham Armory","PM 2.5","Durham",36.0329550008979,-78.904037
"2050",NA,25,"Durham Armory","PM 2.5","Durham",36.0329550008979,-78.904037
"2051",NA,44,"Durham Armory","PM 2.5","Durham",36.0329550008979,-78.904037
"2052",3-01-20,38,"Durham Armory","PM 2.5","Durham",36.0329550008979,-78.904037
"2053",3-02-20,20,"Durham Armory","PM 2.5","Durham",36.0329550008979,-78.904037
"2054",3-03-20,19,"Durham Armory","PM 2.5","Durham",36.0329550008979,-78.904037
"2055",3-04-20,24,"Durham Armory","PM 2.5","Durham",36.0329550008979,-78.904037
"2056",3-05-20,29,"Durham Armory","PM 2.5","Durham",36.0329550008979,-78.904037
"2057",3-06-20,40,"Durham Armory","PM 2.5","Durham",36.0329550008979,-78.904037
"2058",3-07-20,29,"Durham Armory","PM 2.5","Durham",36.0329550008979,-78.904037
"2059",3-08-20,27,"Durham Armory","PM 2.5","Durham",36.0329550008979,-78.904037
"2060",3-09-20,29,"Durham Armory","PM 2.5","Durham",36.0329550008979,-78.904037
"2061",3-10-20,57,"Durham Armory","PM 2.5","Durham",36.0329550008979,-78.904037
"2062",3-11-20,60,"Durham Armory","PM 2.5","Durham",36.0329550008979,-78.904037
"2063",3-12-20,44,"Durham Armory","PM 2.5","Durham",36.0329550008979,-78.904037
"2064",NA,34,"Durham Armory","PM 2.5","Durham",36.0329550008979,-78.904037
"2065",NA,31,"Durham Armory","PM 2.5","Durham",36.0329550008979,-78.904037
"2066",NA,38,"Durham Armory","PM 2.5","Durham",36.0329550008979,-78.904037
"2067",NA,47,"Durham Armory","PM 2.5","Durham",36.0329550008979,-78.904037
"2068",NA,50,"Durham Armory","PM 2.5","Durham",36.0329550008979,-78.904037
"2069",NA,33,"Durham Armory","PM 2.5","Durham",36.0329550008979,-78.904037
"2070",NA,33,"Durham Armory","PM 2.5","Durham",36.0329550008979,-78.904037
"2071",NA,17,"Durham Armory","PM 2.5","Durham",36.0329550008979,-78.904037
"2072",NA,23,"Durham Armory","PM 2.5","Durham",36.0329550008979,-78.904037
"2073",NA,25,"Durham Armory","PM 2.5","Durham",36.0329550008979,-78.904037
"2074",NA,34,"Durham Armory","PM 2.5","Durham",36.0329550008979,-78.904037
"2075",NA,39,"Durham Armory","PM 2.5","Durham",36.0329550008979,-78.904037
"2076",NA,30,"Durham Armory","PM 2.5","Durham",36.0329550008979,-78.904037
"2077",NA,23,"Durham Armory","PM 2.5","Durham",36.0329550008979,-78.904037
"2078",NA,29,"Durham Armory","PM 2.5","Durham",36.0329550008979,-78.904037
"2079",NA,37,"Durham Armory","PM 2.5","Durham",36.0329550008979,-78.904037
"2080",4-03-20,56,"Durham Armory","PM 2.5","Durham",36.0329550008979,-78.904037
"2081",4-04-20,28,"Durham Armory","PM 2.5","Durham",36.0329550008979,-78.904037
"2082",4-05-20,28,"Durham Armory","PM 2.5","Durham",36.0329550008979,-78.904037
"2083",4-06-20,51,"Durham Armory","PM 2.5","Durham",36.0329550008979,-78.904037
"2084",4-07-20,39,"Durham Armory","PM 2.5","Durham",36.0329550008979,-78.904037
"2085",4-08-20,32,"Durham Armory","PM 2.5","Durham",36.0329550008979,-78.904037
"2086",4-09-20,44,"Durham Armory","PM 2.5","Durham",36.0329550008979,-78.904037
"2087",4-10-20,44,"Durham Armory","PM 2.5","Durham",36.0329550008979,-78.904037
"2088",4-11-20,52,"Durham Armory","PM 2.5","Durham",36.0329550008979,-78.904037
"2089",4-12-20,53,"Durham Armory","PM 2.5","Durham",36.0329550008979,-78.904037
"2090",NA,48,"Durham Armory","PM 2.5","Durham",36.0329550008979,-78.904037
"2091",NA,42,"Durham Armory","PM 2.5","Durham",36.0329550008979,-78.904037
"2092",NA,25,"Durham Armory","PM 2.5","Durham",36.0329550008979,-78.904037
"2093",NA,17,"Durham Armory","PM 2.5","Durham",36.0329550008979,-78.904037
"2094",NA,23,"Durham Armory","PM 2.5","Durham",36.0329550008979,-78.904037
"2095",NA,40,"Durham Armory","PM 2.5","Durham",36.0329550008979,-78.904037
"2096",NA,33,"Durham Armory","PM 2.5","Durham",36.0329550008979,-78.904037
"2097",NA,26,"Durham Armory","PM 2.5","Durham",36.0329550008979,-78.904037
"2098",NA,38,"Durham Armory","PM 2.5","Durham",36.0329550008979,-78.904037
"2099",NA,38,"Durham Armory","PM 2.5","Durham",36.0329550008979,-78.904037
"2100",NA,23,"Durham Armory","PM 2.5","Durham",36.0329550008979,-78.904037
"2101",NA,10,"Durham Armory","PM 2.5","Durham",36.0329550008979,-78.904037
"2102",NA,17,"Durham Armory","PM 2.5","Durham",36.0329550008979,-78.904037
"2103",NA,20,"Durham Armory","PM 2.5","Durham",36.0329550008979,-78.904037
"2104",NA,20,"Durham Armory","PM 2.5","Durham",36.0329550008979,-78.904037
"2105",NA,36,"Durham Armory","PM 2.5","Durham",36.0329550008979,-78.904037
"2106",NA,24,"Durham Armory","PM 2.5","Durham",36.0329550008979,-78.904037
"2107",NA,30,"Durham Armory","PM 2.5","Durham",36.0329550008979,-78.904037
"2108",5-01-20,40,"Durham Armory","PM 2.5","Durham",36.0329550008979,-78.904037
"2109",5-02-20,43,"Durham Armory","PM 2.5","Durham",36.0329550008979,-78.904037
"2110",5-03-20,42,"Durham Armory","PM 2.5","Durham",36.0329550008979,-78.904037
"2111",5-04-20,39,"Durham Armory","PM 2.5","Durham",36.0329550008979,-78.904037
"2112",5-05-20,52,"Durham Armory","PM 2.5","Durham",36.0329550008979,-78.904037
"2113",5-06-20,29,"Durham Armory","PM 2.5","Durham",36.0329550008979,-78.904037
"2114",5-07-20,27,"Durham Armory","PM 2.5","Durham",36.0329550008979,-78.904037
"2115",5-08-20,35,"Durham Armory","PM 2.5","Durham",36.0329550008979,-78.904037
"2116",5-09-20,28,"Durham Armory","PM 2.5","Durham",36.0329550008979,-78.904037
"2117",5-10-20,44,"Durham Armory","PM 2.5","Durham",36.0329550008979,-78.904037
"2118",5-11-20,49,"Durham Armory","PM 2.5","Durham",36.0329550008979,-78.904037
"2119",5-12-20,55,"Durham Armory","PM 2.5","Durham",36.0329550008979,-78.904037
"2120",NA,61,"Durham Armory","PM 2.5","Durham",36.0329550008979,-78.904037
"2121",NA,54,"Durham Armory","PM 2.5","Durham",36.0329550008979,-78.904037
"2122",NA,26,"Durham Armory","PM 2.5","Durham",36.0329550008979,-78.904037
"2123",NA,21,"Durham Armory","PM 2.5","Durham",36.0329550008979,-78.904037
"2124",NA,17,"Durham Armory","PM 2.5","Durham",36.0329550008979,-78.904037
"2125",NA,15,"Durham Armory","PM 2.5","Durham",36.0329550008979,-78.904037
"2126",NA,5,"Durham Armory","PM 2.5","Durham",36.0329550008979,-78.904037
"2127",NA,25,"Durham Armory","PM 2.5","Durham",36.0329550008979,-78.904037
"2128",NA,35,"Durham Armory","PM 2.5","Durham",36.0329550008979,-78.904037
"2129",NA,34,"Durham Armory","PM 2.5","Durham",36.0329550008979,-78.904037
"2130",NA,29,"Durham Armory","PM 2.5","Durham",36.0329550008979,-78.904037
"2131",NA,35,"Durham Armory","PM 2.5","Durham",36.0329550008979,-78.904037
"2132",NA,39,"Durham Armory","PM 2.5","Durham",36.0329550008979,-78.904037
"2133",NA,27,"Durham Armory","PM 2.5","Durham",36.0329550008979,-78.904037
"2134",NA,27,"Durham Armory","PM 2.5","Durham",36.0329550008979,-78.904037
"2135",NA,9,"Durham Armory","PM 2.5","Durham",36.0329550008979,-78.904037
"2136",NA,3,"Durham Armory","PM 2.5","Durham",36.0329550008979,-78.904037
"2137",NA,11,"Durham Armory","PM 2.5","Durham",36.0329550008979,-78.904037
"2138",NA,19,"Durham Armory","PM 2.5","Durham",36.0329550008979,-78.904037
"2139",6-01-20,27,"Durham Armory","PM 2.5","Durham",36.0329550008979,-78.904037
"2140",6-02-20,23,"Durham Armory","PM 2.5","Durham",36.0329550008979,-78.904037
"2141",6-03-20,24,"Durham Armory","PM 2.5","Durham",36.0329550008979,-78.904037
"2142",6-04-20,21,"Durham Armory","PM 2.5","Durham",36.0329550008979,-78.904037
"2143",6-05-20,35,"Durham Armory","PM 2.5","Durham",36.0329550008979,-78.904037
"2144",6-06-20,49,"Durham Armory","PM 2.5","Durham",36.0329550008979,-78.904037
"2145",6-07-20,47,"Durham Armory","PM 2.5","Durham",36.0329550008979,-78.904037
"2146",6-08-20,54,"Durham Armory","PM 2.5","Durham",36.0329550008979,-78.904037
"2147",6-09-20,51,"Durham Armory","PM 2.5","Durham",36.0329550008979,-78.904037
"2148",6-10-20,37,"Durham Armory","PM 2.5","Durham",36.0329550008979,-78.904037
"2149",6-11-20,34,"Durham Armory","PM 2.5","Durham",36.0329550008979,-78.904037
"2150",6-12-20,25,"Durham Armory","PM 2.5","Durham",36.0329550008979,-78.904037
"2151",NA,31,"Durham Armory","PM 2.5","Durham",36.0329550008979,-78.904037
"2152",NA,35,"Durham Armory","PM 2.5","Durham",36.0329550008979,-78.904037
"2153",NA,40,"Durham Armory","PM 2.5","Durham",36.0329550008979,-78.904037
"2154",NA,52,"Durham Armory","PM 2.5","Durham",36.0329550008979,-78.904037
"2155",NA,45,"Durham Armory","PM 2.5","Durham",36.0329550008979,-78.904037
"2156",NA,58,"Durham Armory","PM 2.5","Durham",36.0329550008979,-78.904037
"2157",NA,58,"Durham Armory","PM 2.5","Durham",36.0329550008979,-78.904037
"2158",NA,37,"Durham Armory","PM 2.5","Durham",36.0329550008979,-78.904037
"2159",NA,48,"Durham Armory","PM 2.5","Durham",36.0329550008979,-78.904037
"2160",NA,26,"Durham Armory","PM 2.5","Durham",36.0329550008979,-78.904037
"2161",NA,30,"Durham Armory","PM 2.5","Durham",36.0329550008979,-78.904037
"2162",NA,27,"Durham Armory","PM 2.5","Durham",36.0329550008979,-78.904037
"2163",NA,44,"Durham Armory","PM 2.5","Durham",36.0329550008979,-78.904037
"2164",NA,33,"Durham Armory","PM 2.5","Durham",36.0329550008979,-78.904037
"2165",NA,30,"Durham Armory","PM 2.5","Durham",36.0329550008979,-78.904037
"2166",NA,25,"Durham Armory","PM 2.5","Durham",36.0329550008979,-78.904037
"2167",NA,42,"Durham Armory","PM 2.5","Durham",36.0329550008979,-78.904037
"2168",NA,47,"Durham Armory","PM 2.5","Durham",36.0329550008979,-78.904037
"2169",7-01-20,34,"Durham Armory","PM 2.5","Durham",36.0329550008979,-78.904037
"2170",7-02-20,33,"Durham Armory","PM 2.5","Durham",36.0329550008979,-78.904037
"2171",7-03-20,51,"Durham Armory","PM 2.5","Durham",36.0329550008979,-78.904037
"2172",7-04-20,45,"Durham Armory","PM 2.5","Durham",36.0329550008979,-78.904037
"2173",7-05-20,15,"Durham Armory","PM 2.5","Durham",36.0329550008979,-78.904037
"2174",7-06-20,17,"Durham Armory","PM 2.5","Durham",36.0329550008979,-78.904037
"2175",7-07-20,26,"Durham Armory","PM 2.5","Durham",36.0329550008979,-78.904037
"2176",7-08-20,24,"Durham Armory","PM 2.5","Durham",36.0329550008979,-78.904037
"2177",7-09-20,28,"Durham Armory","PM 2.5","Durham",36.0329550008979,-78.904037
"2178",7-10-20,52,"Durham Armory","PM 2.5","Durham",36.0329550008979,-78.904037
"2179",7-11-20,61,"Durham Armory","PM 2.5","Durham",36.0329550008979,-78.904037
"2180",7-12-20,56,"Durham Armory","PM 2.5","Durham",36.0329550008979,-78.904037
"2181",NA,57,"Durham Armory","PM 2.5","Durham",36.0329550008979,-78.904037
"2182",NA,46,"Durham Armory","PM 2.5","Durham",36.0329550008979,-78.904037
"2183",NA,56,"Durham Armory","PM 2.5","Durham",36.0329550008979,-78.904037
"2184",NA,54,"Durham Armory","PM 2.5","Durham",36.0329550008979,-78.904037
"2185",NA,51,"Durham Armory","PM 2.5","Durham",36.0329550008979,-78.904037
"2186",NA,41,"Durham Armory","PM 2.5","Durham",36.0329550008979,-78.904037
"2187",NA,45,"Durham Armory","PM 2.5","Durham",36.0329550008979,-78.904037
"2188",NA,50,"Durham Armory","PM 2.5","Durham",36.0329550008979,-78.904037
"2189",NA,35,"Durham Armory","PM 2.5","Durham",36.0329550008979,-78.904037
"2190",NA,32,"Durham Armory","PM 2.5","Durham",36.0329550008979,-78.904037
"2191",NA,43,"Durham Armory","PM 2.5","Durham",36.0329550008979,-78.904037
"2192",NA,33,"Durham Armory","PM 2.5","Durham",36.0329550008979,-78.904037
"2193",NA,38,"Durham Armory","PM 2.5","Durham",36.0329550008979,-78.904037
"2194",NA,38,"Durham Armory","PM 2.5","Durham",36.0329550008979,-78.904037
"2195",NA,52,"Durham Armory","PM 2.5","Durham",36.0329550008979,-78.904037
"2196",NA,52,"Durham Armory","PM 2.5","Durham",36.0329550008979,-78.904037
"2197",NA,43,"Durham Armory","PM 2.5","Durham",36.0329550008979,-78.904037
"2198",NA,26,"Durham Armory","PM 2.5","Durham",36.0329550008979,-78.904037
"2199",NA,41,"Durham Armory","PM 2.5","Durham",36.0329550008979,-78.904037
"2200",8-01-20,34,"Durham Armory","PM 2.5","Durham",36.0329550008979,-78.904037
"2201",8-02-20,28,"Durham Armory","PM 2.5","Durham",36.0329550008979,-78.904037
"2202",8-03-20,22,"Durham Armory","PM 2.5","Durham",36.0329550008979,-78.904037
"2203",8-04-20,32,"Durham Armory","PM 2.5","Durham",36.0329550008979,-78.904037
"2204",8-05-20,40,"Durham Armory","PM 2.5","Durham",36.0329550008979,-78.904037
"2205",8-06-20,44,"Durham Armory","PM 2.5","Durham",36.0329550008979,-78.904037
"2206",8-07-20,35,"Durham Armory","PM 2.5","Durham",36.0329550008979,-78.904037
"2207",8-08-20,28,"Durham Armory","PM 2.5","Durham",36.0329550008979,-78.904037
"2208",8-09-20,39,"Durham Armory","PM 2.5","Durham",36.0329550008979,-78.904037
"2209",8-10-20,52,"Durham Armory","PM 2.5","Durham",36.0329550008979,-78.904037
"2210",8-11-20,48,"Durham Armory","PM 2.5","Durham",36.0329550008979,-78.904037
"2211",8-12-20,38,"Durham Armory","PM 2.5","Durham",36.0329550008979,-78.904037
"2212",NA,39,"Durham Armory","PM 2.5","Durham",36.0329550008979,-78.904037
"2213",NA,41,"Durham Armory","PM 2.5","Durham",36.0329550008979,-78.904037
"2214",NA,52,"Durham Armory","PM 2.5","Durham",36.0329550008979,-78.904037
"2215",NA,59,"Durham Armory","PM 2.5","Durham",36.0329550008979,-78.904037
"2216",NA,37,"Durham Armory","PM 2.5","Durham",36.0329550008979,-78.904037
"2217",NA,36,"Durham Armory","PM 2.5","Durham",36.0329550008979,-78.904037
"2218",NA,35,"Durham Armory","PM 2.5","Durham",36.0329550008979,-78.904037
"2219",NA,36,"Durham Armory","PM 2.5","Durham",36.0329550008979,-78.904037
"2220",NA,33,"Durham Armory","PM 2.5","Durham",36.0329550008979,-78.904037
"2221",NA,54,"Durham Armory","PM 2.5","Durham",36.0329550008979,-78.904037
"2222",NA,45,"Durham Armory","PM 2.5","Durham",36.0329550008979,-78.904037
"2223",NA,40,"Durham Armory","PM 2.5","Durham",36.0329550008979,-78.904037
"2224",NA,52,"Durham Armory","PM 2.5","Durham",36.0329550008979,-78.904037
"2225",NA,54,"Durham Armory","PM 2.5","Durham",36.0329550008979,-78.904037
"2226",NA,63,"Durham Armory","PM 2.5","Durham",36.0329550008979,-78.904037
"2227",NA,49,"Durham Armory","PM 2.5","Durham",36.0329550008979,-78.904037
"2228",NA,50,"Durham Armory","PM 2.5","Durham",36.0329550008979,-78.904037
"2229",NA,40,"Durham Armory","PM 2.5","Durham",36.0329550008979,-78.904037
"2230",9-01-20,49,"Durham Armory","PM 2.5","Durham",36.0329550008979,-78.904037
"2231",9-02-20,33,"Durham Armory","PM 2.5","Durham",36.0329550008979,-78.904037
"2232",9-03-20,34,"Durham Armory","PM 2.5","Durham",36.0329550008979,-78.904037
"2233",9-04-20,47,"Durham Armory","PM 2.5","Durham",36.0329550008979,-78.904037
"2234",9-05-20,42,"Durham Armory","PM 2.5","Durham",36.0329550008979,-78.904037
"2235",9-06-20,35,"Durham Armory","PM 2.5","Durham",36.0329550008979,-78.904037
"2236",9-08-20,49,"Durham Armory","PM 2.5","Durham",36.0329550008979,-78.904037
"2237",9-09-20,29,"Durham Armory","PM 2.5","Durham",36.0329550008979,-78.904037
"2238",9-10-20,30,"Durham Armory","PM 2.5","Durham",36.0329550008979,-78.904037
"2239",NA,14,"Durham Armory","PM 2.5","Durham",36.0329550008979,-78.904037
"2240",NA,29,"Durham Armory","PM 2.5","Durham",36.0329550008979,-78.904037
"2241",NA,13,"Durham Armory","PM 2.5","Durham",36.0329550008979,-78.904037
"2242",NA,3,"Durham Armory","PM 2.5","Durham",36.0329550008979,-78.904037
"2243",NA,0,"Durham Armory","PM 2.5","Durham",36.0329550008979,-78.904037
"2244",NA,8,"Durham Armory","PM 2.5","Durham",36.0329550008979,-78.904037
"2245",NA,4,"Durham Armory","PM 2.5","Durham",36.0329550008979,-78.904037
"2246",NA,0,"Durham Armory","PM 2.5","Durham",36.0329550008979,-78.904037
"2247",NA,5,"Durham Armory","PM 2.5","Durham",36.0329550008979,-78.904037
"2248",NA,6,"Durham Armory","PM 2.5","Durham",36.0329550008979,-78.904037
"2249",10-01-20,18,"Durham Armory","PM 2.5","Durham",36.0329550008979,-78.904037
"2250",10-02-20,12,"Durham Armory","PM 2.5","Durham",36.0329550008979,-78.904037
"2251",10-03-20,17,"Durham Armory","PM 2.5","Durham",36.0329550008979,-78.904037
"2252",10-04-20,20,"Durham Armory","PM 2.5","Durham",36.0329550008979,-78.904037
"2253",10-05-20,16,"Durham Armory","PM 2.5","Durham",36.0329550008979,-78.904037
"2254",10-06-20,21,"Durham Armory","PM 2.5","Durham",36.0329550008979,-78.904037
"2255",10-07-20,17,"Durham Armory","PM 2.5","Durham",36.0329550008979,-78.904037
"2256",10-08-20,5,"Durham Armory","PM 2.5","Durham",36.0329550008979,-78.904037
"2257",10-12-20,29,"Durham Armory","PM 2.5","Durham",36.0329550008979,-78.904037
"2258",NA,33,"Durham Armory","PM 2.5","Durham",36.0329550008979,-78.904037
"2259",NA,32,"Durham Armory","PM 2.5","Durham",36.0329550008979,-78.904037
"2260",NA,38,"Durham Armory","PM 2.5","Durham",36.0329550008979,-78.904037
"2261",NA,32,"Durham Armory","PM 2.5","Durham",36.0329550008979,-78.904037
"2262",NA,24,"Durham Armory","PM 2.5","Durham",36.0329550008979,-78.904037
"2263",NA,30,"Durham Armory","PM 2.5","Durham",36.0329550008979,-78.904037
"2264",NA,42,"Durham Armory","PM 2.5","Durham",36.0329550008979,-78.904037
"2265",NA,44,"Durham Armory","PM 2.5","Durham",36.0329550008979,-78.904037
"2266",NA,27,"Durham Armory","PM 2.5","Durham",36.0329550008979,-78.904037
"2267",NA,30,"Durham Armory","PM 2.5","Durham",36.0329550008979,-78.904037
"2268",NA,41,"Durham Armory","PM 2.5","Durham",36.0329550008979,-78.904037
"2269",NA,36,"Durham Armory","PM 2.5","Durham",36.0329550008979,-78.904037
"2270",NA,35,"Durham Armory","PM 2.5","Durham",36.0329550008979,-78.904037
"2271",NA,38,"Durham Armory","PM 2.5","Durham",36.0329550008979,-78.904037
"2272",NA,24,"Durham Armory","PM 2.5","Durham",36.0329550008979,-78.904037
"2273",NA,30,"Durham Armory","PM 2.5","Durham",36.0329550008979,-78.904037
"2274",NA,30,"Durham Armory","PM 2.5","Durham",36.0329550008979,-78.904037
"2275",NA,34,"Durham Armory","PM 2.5","Durham",36.0329550008979,-78.904037
"2276",NA,58,"Durham Armory","PM 2.5","Durham",36.0329550008979,-78.904037
"2277",11-01-20,38,"Durham Armory","PM 2.5","Durham",36.0329550008979,-78.904037
"2278",11-02-20,26,"Durham Armory","PM 2.5","Durham",36.0329550008979,-78.904037
"2279",11-03-20,35,"Durham Armory","PM 2.5","Durham",36.0329550008979,-78.904037
"2280",11-04-20,39,"Durham Armory","PM 2.5","Durham",36.0329550008979,-78.904037
"2281",11-05-20,32,"Durham Armory","PM 2.5","Durham",36.0329550008979,-78.904037
"2282",11-06-20,31,"Durham Armory","PM 2.5","Durham",36.0329550008979,-78.904037
"2283",11-07-20,35,"Durham Armory","PM 2.5","Durham",36.0329550008979,-78.904037
"2284",11-08-20,46,"Durham Armory","PM 2.5","Durham",36.0329550008979,-78.904037
"2285",11-09-20,32,"Durham Armory","PM 2.5","Durham",36.0329550008979,-78.904037
"2286",11-10-20,31,"Durham Armory","PM 2.5","Durham",36.0329550008979,-78.904037
"2287",11-11-20,43,"Durham Armory","PM 2.5","Durham",36.0329550008979,-78.904037
"2288",11-12-20,51,"Durham Armory","PM 2.5","Durham",36.0329550008979,-78.904037
"2289",NA,30,"Durham Armory","PM 2.5","Durham",36.0329550008979,-78.904037
"2290",NA,44,"Durham Armory","PM 2.5","Durham",36.0329550008979,-78.904037
"2291",NA,29,"Durham Armory","PM 2.5","Durham",36.0329550008979,-78.904037
"2292",NA,31,"Durham Armory","PM 2.5","Durham",36.0329550008979,-78.904037
"2293",NA,55,"Durham Armory","PM 2.5","Durham",36.0329550008979,-78.904037
"2294",NA,68,"Durham Armory","PM 2.5","Durham",36.0329550008979,-78.904037
"2295",NA,65,"Durham Armory","PM 2.5","Durham",36.0329550008979,-78.904037
"2296",NA,53,"Durham Armory","PM 2.5","Durham",36.0329550008979,-78.904037
"2297",NA,43,"Durham Armory","PM 2.5","Durham",36.0329550008979,-78.904037
"2298",NA,54,"Durham Armory","PM 2.5","Durham",36.0329550008979,-78.904037
"2299",NA,36,"Durham Armory","PM 2.5","Durham",36.0329550008979,-78.904037
"2300",NA,30,"Durham Armory","PM 2.5","Durham",36.0329550008979,-78.904037
"2301",NA,52,"Durham Armory","PM 2.5","Durham",36.0329550008979,-78.904037
"2302",NA,48,"Durham Armory","PM 2.5","Durham",36.0329550008979,-78.904037
"2303",NA,18,"Durham Armory","PM 2.5","Durham",36.0329550008979,-78.904037
"2304",NA,38,"Durham Armory","PM 2.5","Durham",36.0329550008979,-78.904037
"2305",NA,43,"Durham Armory","PM 2.5","Durham",36.0329550008979,-78.904037
"2306",NA,53,"Durham Armory","PM 2.5","Durham",36.0329550008979,-78.904037
"2307",12-01-20,60,"Durham Armory","PM 2.5","Durham",36.0329550008979,-78.904037
"2308",12-02-20,35,"Durham Armory","PM 2.5","Durham",36.0329550008979,-78.904037
"2309",12-03-20,53,"Durham Armory","PM 2.5","Durham",36.0329550008979,-78.904037
"2310",12-04-20,25,"Durham Armory","PM 2.5","Durham",36.0329550008979,-78.904037
"2311",12-05-20,29,"Durham Armory","PM 2.5","Durham",36.0329550008979,-78.904037
"2312",12-06-20,38,"Durham Armory","PM 2.5","Durham",36.0329550008979,-78.904037
"2313",12-07-20,56,"Durham Armory","PM 2.5","Durham",36.0329550008979,-78.904037
"2314",12-08-20,56,"Durham Armory","PM 2.5","Durham",36.0329550008979,-78.904037
"2315",12-09-20,44,"Durham Armory","PM 2.5","Durham",36.0329550008979,-78.904037
"2316",12-10-20,49,"Durham Armory","PM 2.5","Durham",36.0329550008979,-78.904037
"2317",12-11-20,59,"Durham Armory","PM 2.5","Durham",36.0329550008979,-78.904037
"2318",12-12-20,58,"Durham Armory","PM 2.5","Durham",36.0329550008979,-78.904037
"2319",NA,71,"Durham Armory","PM 2.5","Durham",36.0329550008979,-78.904037
"2320",NA,56,"Durham Armory","PM 2.5","Durham",36.0329550008979,-78.904037
"2321",NA,31,"Durham Armory","PM 2.5","Durham",36.0329550008979,-78.904037
"2322",NA,32,"Durham Armory","PM 2.5","Durham",36.0329550008979,-78.904037
"2323",NA,29,"Durham Armory","PM 2.5","Durham",36.0329550008979,-78.904037
"2324",NA,48,"Durham Armory","PM 2.5","Durham",36.0329550008979,-78.904037
"2325",NA,59,"Durham Armory","PM 2.5","Durham",36.0329550008979,-78.904037
"2326",NA,43,"Durham Armory","PM 2.5","Durham",36.0329550008979,-78.904037
"2327",NA,28,"Durham Armory","PM 2.5","Durham",36.0329550008979,-78.904037
"2328",NA,21,"Durham Armory","PM 2.5","Durham",36.0329550008979,-78.904037
"2329",NA,36,"Durham Armory","PM 2.5","Durham",36.0329550008979,-78.904037
"2330",NA,40,"Durham Armory","PM 2.5","Durham",36.0329550008979,-78.904037
"2331",NA,54,"Durham Armory","PM 2.5","Durham",36.0329550008979,-78.904037
"2332",NA,58,"Durham Armory","PM 2.5","Durham",36.0329550008979,-78.904037
"2333",NA,55,"Durham Armory","PM 2.5","Durham",36.0329550008979,-78.904037
"2334",NA,29,"Durham Armory","PM 2.5","Durham",36.0329550008979,-78.904037
"2335",NA,34,"Durham Armory","PM 2.5","Durham",36.0329550008979,-78.904037
"2336",NA,50,"Durham Armory","PM 2.5","Durham",36.0329550008979,-78.904037
"2337",NA,52,"Durham Armory","PM 2.5","Durham",36.0329550008979,-78.904037
"2338",1-01-20,14,"Leggett","PM 2.5","Edgecombe",35.988278,-77.5843
"2339",1-02-20,20,"Leggett","PM 2.5","Edgecombe",35.988278,-77.5843
"2340",1-03-20,23,"Leggett","PM 2.5","Edgecombe",35.988278,-77.5843
"2341",1-04-20,23,"Leggett","PM 2.5","Edgecombe",35.988278,-77.5843
"2342",1-05-20,9,"Leggett","PM 2.5","Edgecombe",35.988278,-77.5843
"2343",1-06-20,8,"Leggett","PM 2.5","Edgecombe",35.988278,-77.5843
"2344",1-07-20,15,"Leggett","PM 2.5","Edgecombe",35.988278,-77.5843
"2345",1-08-20,40,"Leggett","PM 2.5","Edgecombe",35.988278,-77.5843
"2346",1-09-20,19,"Leggett","PM 2.5","Edgecombe",35.988278,-77.5843
"2347",1-10-20,35,"Leggett","PM 2.5","Edgecombe",35.988278,-77.5843
"2348",1-11-20,34,"Leggett","PM 2.5","Edgecombe",35.988278,-77.5843
"2349",1-12-20,8,"Leggett","PM 2.5","Edgecombe",35.988278,-77.5843
"2350",NA,0,"Leggett","PM 2.5","Edgecombe",35.988278,-77.5843
"2351",NA,10,"Leggett","PM 2.5","Edgecombe",35.988278,-77.5843
"2352",NA,24,"Leggett","PM 2.5","Edgecombe",35.988278,-77.5843
"2353",NA,29,"Leggett","PM 2.5","Edgecombe",35.988278,-77.5843
"2354",NA,38,"Leggett","PM 2.5","Edgecombe",35.988278,-77.5843
"2355",NA,31,"Leggett","PM 2.5","Edgecombe",35.988278,-77.5843
"2356",NA,25,"Leggett","PM 2.5","Edgecombe",35.988278,-77.5843
"2357",NA,28,"Leggett","PM 2.5","Edgecombe",35.988278,-77.5843
"2358",NA,22,"Leggett","PM 2.5","Edgecombe",35.988278,-77.5843
"2359",NA,40,"Leggett","PM 2.5","Edgecombe",35.988278,-77.5843
"2360",NA,13,"Leggett","PM 2.5","Edgecombe",35.988278,-77.5843
"2361",NA,3,"Leggett","PM 2.5","Edgecombe",35.988278,-77.5843
"2362",NA,8,"Leggett","PM 2.5","Edgecombe",35.988278,-77.5843
"2363",NA,16,"Leggett","PM 2.5","Edgecombe",35.988278,-77.5843
"2364",NA,18,"Leggett","PM 2.5","Edgecombe",35.988278,-77.5843
"2365",NA,10,"Leggett","PM 2.5","Edgecombe",35.988278,-77.5843
"2366",NA,0,"Leggett","PM 2.5","Edgecombe",35.988278,-77.5843
"2367",NA,18,"Leggett","PM 2.5","Edgecombe",35.988278,-77.5843
"2368",NA,15,"Leggett","PM 2.5","Edgecombe",35.988278,-77.5843
"2369",2-01-20,23,"Leggett","PM 2.5","Edgecombe",35.988278,-77.5843
"2370",2-02-20,10,"Leggett","PM 2.5","Edgecombe",35.988278,-77.5843
"2371",2-03-20,11,"Leggett","PM 2.5","Edgecombe",35.988278,-77.5843
"2372",2-04-20,13,"Leggett","PM 2.5","Edgecombe",35.988278,-77.5843
"2373",2-05-20,10,"Leggett","PM 2.5","Edgecombe",35.988278,-77.5843
"2374",2-06-20,26,"Leggett","PM 2.5","Edgecombe",35.988278,-77.5843
"2375",2-07-20,21,"Leggett","PM 2.5","Edgecombe",35.988278,-77.5843
"2376",2-08-20,28,"Leggett","PM 2.5","Edgecombe",35.988278,-77.5843
"2377",2-09-20,30,"Leggett","PM 2.5","Edgecombe",35.988278,-77.5843
"2378",2-10-20,25,"Leggett","PM 2.5","Edgecombe",35.988278,-77.5843
"2379",2-11-20,23,"Leggett","PM 2.5","Edgecombe",35.988278,-77.5843
"2380",2-12-20,12,"Leggett","PM 2.5","Edgecombe",35.988278,-77.5843
"2381",NA,23,"Leggett","PM 2.5","Edgecombe",35.988278,-77.5843
"2382",NA,35,"Leggett","PM 2.5","Edgecombe",35.988278,-77.5843
"2383",NA,30,"Leggett","PM 2.5","Edgecombe",35.988278,-77.5843
"2384",NA,18,"Leggett","PM 2.5","Edgecombe",35.988278,-77.5843
"2385",NA,13,"Leggett","PM 2.5","Edgecombe",35.988278,-77.5843
"2386",NA,4,"Leggett","PM 2.5","Edgecombe",35.988278,-77.5843
"2387",NA,23,"Leggett","PM 2.5","Edgecombe",35.988278,-77.5843
"2388",NA,40,"Leggett","PM 2.5","Edgecombe",35.988278,-77.5843
"2389",NA,23,"Leggett","PM 2.5","Edgecombe",35.988278,-77.5843
"2390",NA,23,"Leggett","PM 2.5","Edgecombe",35.988278,-77.5843
"2391",NA,28,"Leggett","PM 2.5","Edgecombe",35.988278,-77.5843
"2392",NA,28,"Leggett","PM 2.5","Edgecombe",35.988278,-77.5843
"2393",NA,18,"Leggett","PM 2.5","Edgecombe",35.988278,-77.5843
"2394",NA,17,"Leggett","PM 2.5","Edgecombe",35.988278,-77.5843
"2395",NA,15,"Leggett","PM 2.5","Edgecombe",35.988278,-77.5843
"2396",NA,40,"Leggett","PM 2.5","Edgecombe",35.988278,-77.5843
"2397",3-01-20,33,"Leggett","PM 2.5","Edgecombe",35.988278,-77.5843
"2398",3-02-20,3,"Leggett","PM 2.5","Edgecombe",35.988278,-77.5843
"2399",3-03-20,10,"Leggett","PM 2.5","Edgecombe",35.988278,-77.5843
"2400",3-04-20,10,"Leggett","PM 2.5","Edgecombe",35.988278,-77.5843
"2401",3-05-20,8,"Leggett","PM 2.5","Edgecombe",35.988278,-77.5843
"2402",3-06-20,13,"Leggett","PM 2.5","Edgecombe",35.988278,-77.5843
"2403",3-07-20,12,"Leggett","PM 2.5","Edgecombe",35.988278,-77.5843
"2404",3-08-20,15,"Leggett","PM 2.5","Edgecombe",35.988278,-77.5843
"2405",3-09-20,21,"Leggett","PM 2.5","Edgecombe",35.988278,-77.5843
"2406",3-10-20,46,"Leggett","PM 2.5","Edgecombe",35.988278,-77.5843
"2407",3-11-20,39,"Leggett","PM 2.5","Edgecombe",35.988278,-77.5843
"2408",3-12-20,25,"Leggett","PM 2.5","Edgecombe",35.988278,-77.5843
"2409",NA,22,"Leggett","PM 2.5","Edgecombe",35.988278,-77.5843
"2410",NA,13,"Leggett","PM 2.5","Edgecombe",35.988278,-77.5843
"2411",NA,29,"Leggett","PM 2.5","Edgecombe",35.988278,-77.5843
"2412",NA,25,"Leggett","PM 2.5","Edgecombe",35.988278,-77.5843
"2413",NA,32,"Leggett","PM 2.5","Edgecombe",35.988278,-77.5843
"2414",NA,18,"Leggett","PM 2.5","Edgecombe",35.988278,-77.5843
"2415",NA,23,"Leggett","PM 2.5","Edgecombe",35.988278,-77.5843
"2416",NA,9,"Leggett","PM 2.5","Edgecombe",35.988278,-77.5843
"2417",NA,8,"Leggett","PM 2.5","Edgecombe",35.988278,-77.5843
"2418",NA,11,"Leggett","PM 2.5","Edgecombe",35.988278,-77.5843
"2419",NA,15,"Leggett","PM 2.5","Edgecombe",35.988278,-77.5843
"2420",NA,21,"Leggett","PM 2.5","Edgecombe",35.988278,-77.5843
"2421",NA,15,"Leggett","PM 2.5","Edgecombe",35.988278,-77.5843
"2422",NA,20,"Leggett","PM 2.5","Edgecombe",35.988278,-77.5843
"2423",NA,15,"Leggett","PM 2.5","Edgecombe",35.988278,-77.5843
"2424",4-01-20,34,"Leggett","PM 2.5","Edgecombe",35.988278,-77.5843
"2425",4-02-20,33,"Leggett","PM 2.5","Edgecombe",35.988278,-77.5843
"2426",4-03-20,35,"Leggett","PM 2.5","Edgecombe",35.988278,-77.5843
"2427",4-04-20,14,"Leggett","PM 2.5","Edgecombe",35.988278,-77.5843
"2428",4-05-20,23,"Leggett","PM 2.5","Edgecombe",35.988278,-77.5843
"2429",4-06-20,29,"Leggett","PM 2.5","Edgecombe",35.988278,-77.5843
"2430",4-07-20,25,"Leggett","PM 2.5","Edgecombe",35.988278,-77.5843
"2431",4-08-20,16,"Leggett","PM 2.5","Edgecombe",35.988278,-77.5843
"2432",4-09-20,22,"Leggett","PM 2.5","Edgecombe",35.988278,-77.5843
"2433",4-10-20,33,"Leggett","PM 2.5","Edgecombe",35.988278,-77.5843
"2434",4-11-20,43,"Leggett","PM 2.5","Edgecombe",35.988278,-77.5843
"2435",4-12-20,40,"Leggett","PM 2.5","Edgecombe",35.988278,-77.5843
"2436",NA,36,"Leggett","PM 2.5","Edgecombe",35.988278,-77.5843
"2437",NA,29,"Leggett","PM 2.5","Edgecombe",35.988278,-77.5843
"2438",NA,30,"Leggett","PM 2.5","Edgecombe",35.988278,-77.5843
"2439",NA,10,"Leggett","PM 2.5","Edgecombe",35.988278,-77.5843
"2440",NA,15,"Leggett","PM 2.5","Edgecombe",35.988278,-77.5843
"2441",NA,39,"Leggett","PM 2.5","Edgecombe",35.988278,-77.5843
"2442",NA,24,"Leggett","PM 2.5","Edgecombe",35.988278,-77.5843
"2443",NA,15,"Leggett","PM 2.5","Edgecombe",35.988278,-77.5843
"2444",NA,19,"Leggett","PM 2.5","Edgecombe",35.988278,-77.5843
"2445",NA,15,"Leggett","PM 2.5","Edgecombe",35.988278,-77.5843
"2446",NA,17,"Leggett","PM 2.5","Edgecombe",35.988278,-77.5843
"2447",NA,11,"Leggett","PM 2.5","Edgecombe",35.988278,-77.5843
"2448",NA,30,"Leggett","PM 2.5","Edgecombe",35.988278,-77.5843
"2449",NA,24,"Leggett","PM 2.5","Edgecombe",35.988278,-77.5843
"2450",NA,26,"Leggett","PM 2.5","Edgecombe",35.988278,-77.5843
"2451",NA,35,"Leggett","PM 2.5","Edgecombe",35.988278,-77.5843
"2452",NA,20,"Leggett","PM 2.5","Edgecombe",35.988278,-77.5843
"2453",NA,15,"Leggett","PM 2.5","Edgecombe",35.988278,-77.5843
"2454",5-01-20,31,"Leggett","PM 2.5","Edgecombe",35.988278,-77.5843
"2455",5-02-20,43,"Leggett","PM 2.5","Edgecombe",35.988278,-77.5843
"2456",5-03-20,31,"Leggett","PM 2.5","Edgecombe",35.988278,-77.5843
"2457",5-04-20,28,"Leggett","PM 2.5","Edgecombe",35.988278,-77.5843
"2458",5-05-20,31,"Leggett","PM 2.5","Edgecombe",35.988278,-77.5843
"2459",5-06-20,24,"Leggett","PM 2.5","Edgecombe",35.988278,-77.5843
"2460",5-07-20,50,"Leggett","PM 2.5","Edgecombe",35.988278,-77.5843
"2461",5-08-20,22,"Leggett","PM 2.5","Edgecombe",35.988278,-77.5843
"2462",5-09-20,13,"Leggett","PM 2.5","Edgecombe",35.988278,-77.5843
"2463",5-10-20,38,"Leggett","PM 2.5","Edgecombe",35.988278,-77.5843
"2464",5-11-20,47,"Leggett","PM 2.5","Edgecombe",35.988278,-77.5843
"2465",5-12-20,53,"Leggett","PM 2.5","Edgecombe",35.988278,-77.5843
"2466",NA,55,"Leggett","PM 2.5","Edgecombe",35.988278,-77.5843
"2467",NA,51,"Leggett","PM 2.5","Edgecombe",35.988278,-77.5843
"2468",NA,19,"Leggett","PM 2.5","Edgecombe",35.988278,-77.5843
"2469",NA,17,"Leggett","PM 2.5","Edgecombe",35.988278,-77.5843
"2470",NA,11,"Leggett","PM 2.5","Edgecombe",35.988278,-77.5843
"2471",NA,12,"Leggett","PM 2.5","Edgecombe",35.988278,-77.5843
"2472",NA,8,"Leggett","PM 2.5","Edgecombe",35.988278,-77.5843
"2473",NA,25,"Leggett","PM 2.5","Edgecombe",35.988278,-77.5843
"2474",NA,35,"Leggett","PM 2.5","Edgecombe",35.988278,-77.5843
"2475",NA,33,"Leggett","PM 2.5","Edgecombe",35.988278,-77.5843
"2476",NA,27,"Leggett","PM 2.5","Edgecombe",35.988278,-77.5843
"2477",NA,28,"Leggett","PM 2.5","Edgecombe",35.988278,-77.5843
"2478",NA,36,"Leggett","PM 2.5","Edgecombe",35.988278,-77.5843
"2479",NA,21,"Leggett","PM 2.5","Edgecombe",35.988278,-77.5843
"2480",NA,20,"Leggett","PM 2.5","Edgecombe",35.988278,-77.5843
"2481",NA,11,"Leggett","PM 2.5","Edgecombe",35.988278,-77.5843
"2482",NA,12,"Leggett","PM 2.5","Edgecombe",35.988278,-77.5843
"2483",NA,20,"Leggett","PM 2.5","Edgecombe",35.988278,-77.5843
"2484",NA,26,"Leggett","PM 2.5","Edgecombe",35.988278,-77.5843
"2485",6-01-20,31,"Leggett","PM 2.5","Edgecombe",35.988278,-77.5843
"2486",6-02-20,25,"Leggett","PM 2.5","Edgecombe",35.988278,-77.5843
"2487",6-03-20,21,"Leggett","PM 2.5","Edgecombe",35.988278,-77.5843
"2488",6-04-20,16,"Leggett","PM 2.5","Edgecombe",35.988278,-77.5843
"2489",6-05-20,40,"Leggett","PM 2.5","Edgecombe",35.988278,-77.5843
"2490",6-06-20,42,"Leggett","PM 2.5","Edgecombe",35.988278,-77.5843
"2491",6-07-20,32,"Leggett","PM 2.5","Edgecombe",35.988278,-77.5843
"2492",6-08-20,37,"Leggett","PM 2.5","Edgecombe",35.988278,-77.5843
"2493",6-09-20,34,"Leggett","PM 2.5","Edgecombe",35.988278,-77.5843
"2494",6-10-20,34,"Leggett","PM 2.5","Edgecombe",35.988278,-77.5843
"2495",6-11-20,31,"Leggett","PM 2.5","Edgecombe",35.988278,-77.5843
"2496",6-12-20,24,"Leggett","PM 2.5","Edgecombe",35.988278,-77.5843
"2497",NA,32,"Leggett","PM 2.5","Edgecombe",35.988278,-77.5843
"2498",NA,46,"Leggett","PM 2.5","Edgecombe",35.988278,-77.5843
"2499",NA,38,"Leggett","PM 2.5","Edgecombe",35.988278,-77.5843
"2500",NA,45,"Leggett","PM 2.5","Edgecombe",35.988278,-77.5843
"2501",NA,44,"Leggett","PM 2.5","Edgecombe",35.988278,-77.5843
"2502",NA,54,"Leggett","PM 2.5","Edgecombe",35.988278,-77.5843
"2503",NA,59,"Leggett","PM 2.5","Edgecombe",35.988278,-77.5843
"2504",NA,35,"Leggett","PM 2.5","Edgecombe",35.988278,-77.5843
"2505",NA,44,"Leggett","PM 2.5","Edgecombe",35.988278,-77.5843
"2506",NA,49,"Leggett","PM 2.5","Edgecombe",35.988278,-77.5843
"2507",NA,47,"Leggett","PM 2.5","Edgecombe",35.988278,-77.5843
"2508",NA,48,"Leggett","PM 2.5","Edgecombe",35.988278,-77.5843
"2509",NA,34,"Leggett","PM 2.5","Edgecombe",35.988278,-77.5843
"2510",NA,33,"Leggett","PM 2.5","Edgecombe",35.988278,-77.5843
"2511",NA,28,"Leggett","PM 2.5","Edgecombe",35.988278,-77.5843
"2512",NA,38,"Leggett","PM 2.5","Edgecombe",35.988278,-77.5843
"2513",NA,38,"Leggett","PM 2.5","Edgecombe",35.988278,-77.5843
"2514",NA,48,"Leggett","PM 2.5","Edgecombe",35.988278,-77.5843
"2515",7-01-20,35,"Leggett","PM 2.5","Edgecombe",35.988278,-77.5843
"2516",7-02-20,36,"Leggett","PM 2.5","Edgecombe",35.988278,-77.5843
"2517",7-03-20,44,"Leggett","PM 2.5","Edgecombe",35.988278,-77.5843
"2518",7-04-20,22,"Leggett","PM 2.5","Edgecombe",35.988278,-77.5843
"2519",7-05-20,18,"Leggett","PM 2.5","Edgecombe",35.988278,-77.5843
"2520",7-10-20,56,"Leggett","PM 2.5","Edgecombe",35.988278,-77.5843
"2521",7-11-20,54,"Leggett","PM 2.5","Edgecombe",35.988278,-77.5843
"2522",7-12-20,48,"Leggett","PM 2.5","Edgecombe",35.988278,-77.5843
"2523",NA,46,"Leggett","PM 2.5","Edgecombe",35.988278,-77.5843
"2524",NA,22,"Leggett","PM 2.5","Edgecombe",35.988278,-77.5843
"2525",NA,35,"Leggett","PM 2.5","Edgecombe",35.988278,-77.5843
"2526",NA,46,"Leggett","PM 2.5","Edgecombe",35.988278,-77.5843
"2527",NA,42,"Leggett","PM 2.5","Edgecombe",35.988278,-77.5843
"2528",NA,31,"Leggett","PM 2.5","Edgecombe",35.988278,-77.5843
"2529",NA,33,"Leggett","PM 2.5","Edgecombe",35.988278,-77.5843
"2530",NA,32,"Leggett","PM 2.5","Edgecombe",35.988278,-77.5843
"2531",NA,13,"Leggett","PM 2.5","Edgecombe",35.988278,-77.5843
"2532",NA,20,"Leggett","PM 2.5","Edgecombe",35.988278,-77.5843
"2533",NA,22,"Leggett","PM 2.5","Edgecombe",35.988278,-77.5843
"2534",NA,11,"Leggett","PM 2.5","Edgecombe",35.988278,-77.5843
"2535",NA,13,"Leggett","PM 2.5","Edgecombe",35.988278,-77.5843
"2536",NA,30,"Leggett","PM 2.5","Edgecombe",35.988278,-77.5843
"2537",NA,45,"Leggett","PM 2.5","Edgecombe",35.988278,-77.5843
"2538",NA,35,"Leggett","PM 2.5","Edgecombe",35.988278,-77.5843
"2539",8-01-20,21,"Leggett","PM 2.5","Edgecombe",35.988278,-77.5843
"2540",8-02-20,16,"Leggett","PM 2.5","Edgecombe",35.988278,-77.5843
"2541",8-03-20,10,"Leggett","PM 2.5","Edgecombe",35.988278,-77.5843
"2542",8-04-20,43,"Leggett","PM 2.5","Edgecombe",35.988278,-77.5843
"2543",8-05-20,24,"Leggett","PM 2.5","Edgecombe",35.988278,-77.5843
"2544",8-06-20,35,"Leggett","PM 2.5","Edgecombe",35.988278,-77.5843
"2545",8-07-20,41,"Leggett","PM 2.5","Edgecombe",35.988278,-77.5843
"2546",8-08-20,30,"Leggett","PM 2.5","Edgecombe",35.988278,-77.5843
"2547",8-09-20,30,"Leggett","PM 2.5","Edgecombe",35.988278,-77.5843
"2548",8-10-20,46,"Leggett","PM 2.5","Edgecombe",35.988278,-77.5843
"2549",8-11-20,33,"Leggett","PM 2.5","Edgecombe",35.988278,-77.5843
"2550",8-12-20,24,"Leggett","PM 2.5","Edgecombe",35.988278,-77.5843
"2551",NA,21,"Leggett","PM 2.5","Edgecombe",35.988278,-77.5843
"2552",NA,54,"Leggett","PM 2.5","Edgecombe",35.988278,-77.5843
"2553",NA,52,"Leggett","PM 2.5","Edgecombe",35.988278,-77.5843
"2554",NA,33,"Leggett","PM 2.5","Edgecombe",35.988278,-77.5843
"2555",NA,23,"Leggett","PM 2.5","Edgecombe",35.988278,-77.5843
"2556",NA,31,"Leggett","PM 2.5","Edgecombe",35.988278,-77.5843
"2557",NA,28,"Leggett","PM 2.5","Edgecombe",35.988278,-77.5843
"2558",NA,22,"Leggett","PM 2.5","Edgecombe",35.988278,-77.5843
"2559",NA,46,"Leggett","PM 2.5","Edgecombe",35.988278,-77.5843
"2560",NA,25,"Leggett","PM 2.5","Edgecombe",35.988278,-77.5843
"2561",NA,26,"Leggett","PM 2.5","Edgecombe",35.988278,-77.5843
"2562",NA,39,"Leggett","PM 2.5","Edgecombe",35.988278,-77.5843
"2563",NA,54,"Leggett","PM 2.5","Edgecombe",35.988278,-77.5843
"2564",NA,43,"Leggett","PM 2.5","Edgecombe",35.988278,-77.5843
"2565",NA,25,"Leggett","PM 2.5","Edgecombe",35.988278,-77.5843
"2566",NA,39,"Leggett","PM 2.5","Edgecombe",35.988278,-77.5843
"2567",NA,32,"Leggett","PM 2.5","Edgecombe",35.988278,-77.5843
"2568",9-01-20,29,"Leggett","PM 2.5","Edgecombe",35.988278,-77.5843
"2569",9-02-20,21,"Leggett","PM 2.5","Edgecombe",35.988278,-77.5843
"2570",9-03-20,24,"Leggett","PM 2.5","Edgecombe",35.988278,-77.5843
"2571",9-04-20,34,"Leggett","PM 2.5","Edgecombe",35.988278,-77.5843
"2572",9-05-20,27,"Leggett","PM 2.5","Edgecombe",35.988278,-77.5843
"2573",9-06-20,24,"Leggett","PM 2.5","Edgecombe",35.988278,-77.5843
"2574",9-07-20,32,"Leggett","PM 2.5","Edgecombe",35.988278,-77.5843
"2575",9-08-20,35,"Leggett","PM 2.5","Edgecombe",35.988278,-77.5843
"2576",9-09-20,25,"Leggett","PM 2.5","Edgecombe",35.988278,-77.5843
"2577",9-10-20,16,"Leggett","PM 2.5","Edgecombe",35.988278,-77.5843
"2578",NA,20,"Leggett","PM 2.5","Edgecombe",35.988278,-77.5843
"2579",NA,49,"Leggett","PM 2.5","Edgecombe",35.988278,-77.5843
"2580",NA,37,"Leggett","PM 2.5","Edgecombe",35.988278,-77.5843
"2581",NA,22,"Leggett","PM 2.5","Edgecombe",35.988278,-77.5843
"2582",NA,13,"Leggett","PM 2.5","Edgecombe",35.988278,-77.5843
"2583",NA,20,"Leggett","PM 2.5","Edgecombe",35.988278,-77.5843
"2584",NA,24,"Leggett","PM 2.5","Edgecombe",35.988278,-77.5843
"2585",NA,18,"Leggett","PM 2.5","Edgecombe",35.988278,-77.5843
"2586",NA,9,"Leggett","PM 2.5","Edgecombe",35.988278,-77.5843
"2587",NA,20,"Leggett","PM 2.5","Edgecombe",35.988278,-77.5843
"2588",10-01-20,28,"Leggett","PM 2.5","Edgecombe",35.988278,-77.5843
"2589",10-02-20,72,"Leggett","PM 2.5","Edgecombe",35.988278,-77.5843
"2590",10-03-20,30,"Leggett","PM 2.5","Edgecombe",35.988278,-77.5843
"2591",10-04-20,39,"Leggett","PM 2.5","Edgecombe",35.988278,-77.5843
"2592",10-05-20,40,"Leggett","PM 2.5","Edgecombe",35.988278,-77.5843
"2593",10-06-20,35,"Leggett","PM 2.5","Edgecombe",35.988278,-77.5843
"2594",10-07-20,15,"Leggett","PM 2.5","Edgecombe",35.988278,-77.5843
"2595",10-08-20,13,"Leggett","PM 2.5","Edgecombe",35.988278,-77.5843
"2596",10-09-20,8,"Leggett","PM 2.5","Edgecombe",35.988278,-77.5843
"2597",10-10-20,16,"Leggett","PM 2.5","Edgecombe",35.988278,-77.5843
"2598",10-11-20,13,"Leggett","PM 2.5","Edgecombe",35.988278,-77.5843
"2599",10-12-20,15,"Leggett","PM 2.5","Edgecombe",35.988278,-77.5843
"2600",NA,13,"Leggett","PM 2.5","Edgecombe",35.988278,-77.5843
"2601",NA,15,"Leggett","PM 2.5","Edgecombe",35.988278,-77.5843
"2602",NA,21,"Leggett","PM 2.5","Edgecombe",35.988278,-77.5843
"2603",NA,17,"Leggett","PM 2.5","Edgecombe",35.988278,-77.5843
"2604",NA,11,"Leggett","PM 2.5","Edgecombe",35.988278,-77.5843
"2605",NA,17,"Leggett","PM 2.5","Edgecombe",35.988278,-77.5843
"2606",NA,22,"Leggett","PM 2.5","Edgecombe",35.988278,-77.5843
"2607",NA,24,"Leggett","PM 2.5","Edgecombe",35.988278,-77.5843
"2608",NA,0,"Leggett","PM 2.5","Edgecombe",35.988278,-77.5843
"2609",NA,9,"Leggett","PM 2.5","Edgecombe",35.988278,-77.5843
"2610",NA,17,"Leggett","PM 2.5","Edgecombe",35.988278,-77.5843
"2611",NA,17,"Leggett","PM 2.5","Edgecombe",35.988278,-77.5843
"2612",NA,11,"Leggett","PM 2.5","Edgecombe",35.988278,-77.5843
"2613",NA,13,"Leggett","PM 2.5","Edgecombe",35.988278,-77.5843
"2614",NA,4,"Leggett","PM 2.5","Edgecombe",35.988278,-77.5843
"2615",NA,10,"Leggett","PM 2.5","Edgecombe",35.988278,-77.5843
"2616",NA,10,"Leggett","PM 2.5","Edgecombe",35.988278,-77.5843
"2617",NA,14,"Leggett","PM 2.5","Edgecombe",35.988278,-77.5843
"2618",NA,25,"Leggett","PM 2.5","Edgecombe",35.988278,-77.5843
"2619",11-01-20,19,"Leggett","PM 2.5","Edgecombe",35.988278,-77.5843
"2620",11-02-20,16,"Leggett","PM 2.5","Edgecombe",35.988278,-77.5843
"2621",11-03-20,5,"Leggett","PM 2.5","Edgecombe",35.988278,-77.5843
"2622",11-04-20,13,"Leggett","PM 2.5","Edgecombe",35.988278,-77.5843
"2623",11-05-20,13,"Leggett","PM 2.5","Edgecombe",35.988278,-77.5843
"2624",11-06-20,17,"Leggett","PM 2.5","Edgecombe",35.988278,-77.5843
"2625",11-07-20,19,"Leggett","PM 2.5","Edgecombe",35.988278,-77.5843
"2626",11-08-20,29,"Leggett","PM 2.5","Edgecombe",35.988278,-77.5843
"2627",11-09-20,22,"Leggett","PM 2.5","Edgecombe",35.988278,-77.5843
"2628",11-10-20,8,"Leggett","PM 2.5","Edgecombe",35.988278,-77.5843
"2629",11-11-20,10,"Leggett","PM 2.5","Edgecombe",35.988278,-77.5843
"2630",11-12-20,15,"Leggett","PM 2.5","Edgecombe",35.988278,-77.5843
"2631",NA,7,"Leggett","PM 2.5","Edgecombe",35.988278,-77.5843
"2632",NA,21,"Leggett","PM 2.5","Edgecombe",35.988278,-77.5843
"2633",NA,6,"Leggett","PM 2.5","Edgecombe",35.988278,-77.5843
"2634",NA,8,"Leggett","PM 2.5","Edgecombe",35.988278,-77.5843
"2635",NA,27,"Leggett","PM 2.5","Edgecombe",35.988278,-77.5843
"2636",NA,26,"Leggett","PM 2.5","Edgecombe",35.988278,-77.5843
"2637",NA,35,"Leggett","PM 2.5","Edgecombe",35.988278,-77.5843
"2638",NA,31,"Leggett","PM 2.5","Edgecombe",35.988278,-77.5843
"2639",NA,24,"Leggett","PM 2.5","Edgecombe",35.988278,-77.5843
"2640",NA,26,"Leggett","PM 2.5","Edgecombe",35.988278,-77.5843
"2641",NA,6,"Leggett","PM 2.5","Edgecombe",35.988278,-77.5843
"2642",NA,6,"Leggett","PM 2.5","Edgecombe",35.988278,-77.5843
"2643",NA,23,"Leggett","PM 2.5","Edgecombe",35.988278,-77.5843
"2644",NA,19,"Leggett","PM 2.5","Edgecombe",35.988278,-77.5843
"2645",NA,2,"Leggett","PM 2.5","Edgecombe",35.988278,-77.5843
"2646",NA,13,"Leggett","PM 2.5","Edgecombe",35.988278,-77.5843
"2647",NA,18,"Leggett","PM 2.5","Edgecombe",35.988278,-77.5843
"2648",NA,38,"Leggett","PM 2.5","Edgecombe",35.988278,-77.5843
"2649",12-01-20,47,"Leggett","PM 2.5","Edgecombe",35.988278,-77.5843
"2650",12-02-20,11,"Leggett","PM 2.5","Edgecombe",35.988278,-77.5843
"2651",12-03-20,25,"Leggett","PM 2.5","Edgecombe",35.988278,-77.5843
"2652",12-04-20,9,"Leggett","PM 2.5","Edgecombe",35.988278,-77.5843
"2653",12-05-20,7,"Leggett","PM 2.5","Edgecombe",35.988278,-77.5843
"2654",12-06-20,13,"Leggett","PM 2.5","Edgecombe",35.988278,-77.5843
"2655",12-07-20,18,"Leggett","PM 2.5","Edgecombe",35.988278,-77.5843
"2656",12-08-20,27,"Leggett","PM 2.5","Edgecombe",35.988278,-77.5843
"2657",12-09-20,13,"Leggett","PM 2.5","Edgecombe",35.988278,-77.5843
"2658",12-10-20,30,"Leggett","PM 2.5","Edgecombe",35.988278,-77.5843
"2659",12-11-20,54,"Leggett","PM 2.5","Edgecombe",35.988278,-77.5843
"2660",12-12-20,25,"Leggett","PM 2.5","Edgecombe",35.988278,-77.5843
"2661",NA,36,"Leggett","PM 2.5","Edgecombe",35.988278,-77.5843
"2662",NA,28,"Leggett","PM 2.5","Edgecombe",35.988278,-77.5843
"2663",NA,3,"Leggett","PM 2.5","Edgecombe",35.988278,-77.5843
"2664",NA,9,"Leggett","PM 2.5","Edgecombe",35.988278,-77.5843
"2665",NA,5,"Leggett","PM 2.5","Edgecombe",35.988278,-77.5843
"2666",NA,14,"Leggett","PM 2.5","Edgecombe",35.988278,-77.5843
"2667",NA,17,"Leggett","PM 2.5","Edgecombe",35.988278,-77.5843
"2668",NA,14,"Leggett","PM 2.5","Edgecombe",35.988278,-77.5843
"2669",NA,8,"Leggett","PM 2.5","Edgecombe",35.988278,-77.5843
"2670",NA,7,"Leggett","PM 2.5","Edgecombe",35.988278,-77.5843
"2671",NA,13,"Leggett","PM 2.5","Edgecombe",35.988278,-77.5843
"2672",NA,9,"Leggett","PM 2.5","Edgecombe",35.988278,-77.5843
"2673",NA,17,"Leggett","PM 2.5","Edgecombe",35.988278,-77.5843
"2674",NA,23,"Leggett","PM 2.5","Edgecombe",35.988278,-77.5843
"2675",NA,17,"Leggett","PM 2.5","Edgecombe",35.988278,-77.5843
"2676",NA,10,"Leggett","PM 2.5","Edgecombe",35.988278,-77.5843
"2677",NA,5,"Leggett","PM 2.5","Edgecombe",35.988278,-77.5843
"2678",NA,20,"Leggett","PM 2.5","Edgecombe",35.988278,-77.5843
"2679",NA,20,"Leggett","PM 2.5","Edgecombe",35.988278,-77.5843
"2680",1-02-20,24,"Hattie Avenue","PM 2.5","Forsyth",36.110693332,-80.2264378
"2681",1-05-20,24,"Hattie Avenue","PM 2.5","Forsyth",36.110693332,-80.2264378
"2682",1-08-20,38,"Hattie Avenue","PM 2.5","Forsyth",36.110693332,-80.2264378
"2683",1-11-20,41,"Hattie Avenue","PM 2.5","Forsyth",36.110693332,-80.2264378
"2684",NA,19,"Hattie Avenue","PM 2.5","Forsyth",36.110693332,-80.2264378
"2685",NA,41,"Hattie Avenue","PM 2.5","Forsyth",36.110693332,-80.2264378
"2686",NA,33,"Hattie Avenue","PM 2.5","Forsyth",36.110693332,-80.2264378
"2687",NA,17,"Hattie Avenue","PM 2.5","Forsyth",36.110693332,-80.2264378
"2688",NA,55,"Hattie Avenue","PM 2.5","Forsyth",36.110693332,-80.2264378
"2689",NA,12,"Hattie Avenue","PM 2.5","Forsyth",36.110693332,-80.2264378
"2690",2-01-20,29,"Hattie Avenue","PM 2.5","Forsyth",36.110693332,-80.2264378
"2691",2-07-20,18,"Hattie Avenue","PM 2.5","Forsyth",36.110693332,-80.2264378
"2692",2-10-20,45,"Hattie Avenue","PM 2.5","Forsyth",36.110693332,-80.2264378
"2693",NA,21,"Hattie Avenue","PM 2.5","Forsyth",36.110693332,-80.2264378
"2694",NA,18,"Hattie Avenue","PM 2.5","Forsyth",36.110693332,-80.2264378
"2695",NA,33,"Hattie Avenue","PM 2.5","Forsyth",36.110693332,-80.2264378
"2696",NA,33,"Hattie Avenue","PM 2.5","Forsyth",36.110693332,-80.2264378
"2697",NA,30,"Hattie Avenue","PM 2.5","Forsyth",36.110693332,-80.2264378
"2698",NA,38,"Hattie Avenue","PM 2.5","Forsyth",36.110693332,-80.2264378
"2699",3-03-20,8,"Hattie Avenue","PM 2.5","Forsyth",36.110693332,-80.2264378
"2700",3-09-20,24,"Hattie Avenue","PM 2.5","Forsyth",36.110693332,-80.2264378
"2701",NA,30,"Hattie Avenue","PM 2.5","Forsyth",36.110693332,-80.2264378
"2702",NA,24,"Hattie Avenue","PM 2.5","Forsyth",36.110693332,-80.2264378
"2703",NA,10,"Hattie Avenue","PM 2.5","Forsyth",36.110693332,-80.2264378
"2704",NA,30,"Hattie Avenue","PM 2.5","Forsyth",36.110693332,-80.2264378
"2705",NA,26,"Hattie Avenue","PM 2.5","Forsyth",36.110693332,-80.2264378
"2706",NA,15,"Hattie Avenue","PM 2.5","Forsyth",36.110693332,-80.2264378
"2707",4-02-20,28,"Hattie Avenue","PM 2.5","Forsyth",36.110693332,-80.2264378
"2708",4-05-20,17,"Hattie Avenue","PM 2.5","Forsyth",36.110693332,-80.2264378
"2709",4-12-20,53,"Hattie Avenue","PM 2.5","Forsyth",36.110693332,-80.2264378
"2710",NA,29,"Hattie Avenue","PM 2.5","Forsyth",36.110693332,-80.2264378
"2711",NA,17,"Hattie Avenue","PM 2.5","Forsyth",36.110693332,-80.2264378
"2712",NA,15,"Hattie Avenue","PM 2.5","Forsyth",36.110693332,-80.2264378
"2713",NA,15,"Hattie Avenue","PM 2.5","Forsyth",36.110693332,-80.2264378
"2714",5-02-20,40,"Hattie Avenue","PM 2.5","Forsyth",36.110693332,-80.2264378
"2715",5-05-20,53,"Hattie Avenue","PM 2.5","Forsyth",36.110693332,-80.2264378
"2716",5-08-20,30,"Hattie Avenue","PM 2.5","Forsyth",36.110693332,-80.2264378
"2717",5-11-20,43,"Hattie Avenue","PM 2.5","Forsyth",36.110693332,-80.2264378
"2718",NA,57,"Hattie Avenue","PM 2.5","Forsyth",36.110693332,-80.2264378
"2719",NA,33,"Hattie Avenue","PM 2.5","Forsyth",36.110693332,-80.2264378
"2720",NA,26,"Hattie Avenue","PM 2.5","Forsyth",36.110693332,-80.2264378
"2721",NA,21,"Hattie Avenue","PM 2.5","Forsyth",36.110693332,-80.2264378
"2722",NA,17,"Hattie Avenue","PM 2.5","Forsyth",36.110693332,-80.2264378
"2723",6-01-20,23,"Hattie Avenue","PM 2.5","Forsyth",36.110693332,-80.2264378
"2724",6-04-20,22,"Hattie Avenue","PM 2.5","Forsyth",36.110693332,-80.2264378
"2725",6-07-20,40,"Hattie Avenue","PM 2.5","Forsyth",36.110693332,-80.2264378
"2726",6-10-20,48,"Hattie Avenue","PM 2.5","Forsyth",36.110693332,-80.2264378
"2727",NA,37,"Hattie Avenue","PM 2.5","Forsyth",36.110693332,-80.2264378
"2728",NA,52,"Hattie Avenue","PM 2.5","Forsyth",36.110693332,-80.2264378
"2729",NA,58,"Hattie Avenue","PM 2.5","Forsyth",36.110693332,-80.2264378
"2730",NA,33,"Hattie Avenue","PM 2.5","Forsyth",36.110693332,-80.2264378
"2731",NA,28,"Hattie Avenue","PM 2.5","Forsyth",36.110693332,-80.2264378
"2732",NA,23,"Hattie Avenue","PM 2.5","Forsyth",36.110693332,-80.2264378
"2733",7-04-20,53,"Hattie Avenue","PM 2.5","Forsyth",36.110693332,-80.2264378
"2734",7-07-20,27,"Hattie Avenue","PM 2.5","Forsyth",36.110693332,-80.2264378
"2735",7-10-20,46,"Hattie Avenue","PM 2.5","Forsyth",36.110693332,-80.2264378
"2736",NA,53,"Hattie Avenue","PM 2.5","Forsyth",36.110693332,-80.2264378
"2737",NA,41,"Hattie Avenue","PM 2.5","Forsyth",36.110693332,-80.2264378
"2738",NA,32,"Hattie Avenue","PM 2.5","Forsyth",36.110693332,-80.2264378
"2739",NA,24,"Hattie Avenue","PM 2.5","Forsyth",36.110693332,-80.2264378
"2740",NA,23,"Hattie Avenue","PM 2.5","Forsyth",36.110693332,-80.2264378
"2741",NA,36,"Hattie Avenue","PM 2.5","Forsyth",36.110693332,-80.2264378
"2742",NA,28,"Hattie Avenue","PM 2.5","Forsyth",36.110693332,-80.2264378
"2743",8-03-20,13,"Hattie Avenue","PM 2.5","Forsyth",36.110693332,-80.2264378
"2744",8-06-20,35,"Hattie Avenue","PM 2.5","Forsyth",36.110693332,-80.2264378
"2745",8-09-20,31,"Hattie Avenue","PM 2.5","Forsyth",36.110693332,-80.2264378
"2746",8-12-20,33,"Hattie Avenue","PM 2.5","Forsyth",36.110693332,-80.2264378
"2747",NA,49,"Hattie Avenue","PM 2.5","Forsyth",36.110693332,-80.2264378
"2748",NA,29,"Hattie Avenue","PM 2.5","Forsyth",36.110693332,-80.2264378
"2749",NA,25,"Hattie Avenue","PM 2.5","Forsyth",36.110693332,-80.2264378
"2750",NA,23,"Hattie Avenue","PM 2.5","Forsyth",36.110693332,-80.2264378
"2751",NA,56,"Hattie Avenue","PM 2.5","Forsyth",36.110693332,-80.2264378
"2752",NA,53,"Hattie Avenue","PM 2.5","Forsyth",36.110693332,-80.2264378
"2753",9-02-20,27,"Hattie Avenue","PM 2.5","Forsyth",36.110693332,-80.2264378
"2754",9-05-20,43,"Hattie Avenue","PM 2.5","Forsyth",36.110693332,-80.2264378
"2755",9-08-20,44,"Hattie Avenue","PM 2.5","Forsyth",36.110693332,-80.2264378
"2756",9-11-20,24,"Hattie Avenue","PM 2.5","Forsyth",36.110693332,-80.2264378
"2757",NA,9,"Hattie Avenue","PM 2.5","Forsyth",36.110693332,-80.2264378
"2758",NA,19,"Hattie Avenue","PM 2.5","Forsyth",36.110693332,-80.2264378
"2759",NA,47,"Hattie Avenue","PM 2.5","Forsyth",36.110693332,-80.2264378
"2760",NA,26,"Hattie Avenue","PM 2.5","Forsyth",36.110693332,-80.2264378
"2761",NA,25,"Hattie Avenue","PM 2.5","Forsyth",36.110693332,-80.2264378
"2762",NA,19,"Hattie Avenue","PM 2.5","Forsyth",36.110693332,-80.2264378
"2763",10-02-20,38,"Hattie Avenue","PM 2.5","Forsyth",36.110693332,-80.2264378
"2764",10-05-20,31,"Hattie Avenue","PM 2.5","Forsyth",36.110693332,-80.2264378
"2765",10-08-20,35,"Hattie Avenue","PM 2.5","Forsyth",36.110693332,-80.2264378
"2766",10-11-20,10,"Hattie Avenue","PM 2.5","Forsyth",36.110693332,-80.2264378
"2767",NA,23,"Hattie Avenue","PM 2.5","Forsyth",36.110693332,-80.2264378
"2768",NA,12,"Hattie Avenue","PM 2.5","Forsyth",36.110693332,-80.2264378
"2769",NA,30,"Hattie Avenue","PM 2.5","Forsyth",36.110693332,-80.2264378
"2770",NA,31,"Hattie Avenue","PM 2.5","Forsyth",36.110693332,-80.2264378
"2771",NA,19,"Hattie Avenue","PM 2.5","Forsyth",36.110693332,-80.2264378
"2772",NA,12,"Hattie Avenue","PM 2.5","Forsyth",36.110693332,-80.2264378
"2773",11-01-20,29,"Hattie Avenue","PM 2.5","Forsyth",36.110693332,-80.2264378
"2774",11-04-20,22,"Hattie Avenue","PM 2.5","Forsyth",36.110693332,-80.2264378
"2775",11-07-20,18,"Hattie Avenue","PM 2.5","Forsyth",36.110693332,-80.2264378
"2776",NA,16,"Hattie Avenue","PM 2.5","Forsyth",36.110693332,-80.2264378
"2777",NA,56,"Hattie Avenue","PM 2.5","Forsyth",36.110693332,-80.2264378
"2778",NA,31,"Hattie Avenue","PM 2.5","Forsyth",36.110693332,-80.2264378
"2779",NA,25,"Hattie Avenue","PM 2.5","Forsyth",36.110693332,-80.2264378
"2780",NA,20,"Hattie Avenue","PM 2.5","Forsyth",36.110693332,-80.2264378
"2781",12-01-20,47,"Hattie Avenue","PM 2.5","Forsyth",36.110693332,-80.2264378
"2782",12-07-20,30,"Hattie Avenue","PM 2.5","Forsyth",36.110693332,-80.2264378
"2783",NA,10,"Hattie Avenue","PM 2.5","Forsyth",36.110693332,-80.2264378
"2784",NA,66,"Hattie Avenue","PM 2.5","Forsyth",36.110693332,-80.2264378
"2785",NA,8,"Hattie Avenue","PM 2.5","Forsyth",36.110693332,-80.2264378
"2786",NA,27,"Hattie Avenue","PM 2.5","Forsyth",36.110693332,-80.2264378
"2787",NA,12,"Hattie Avenue","PM 2.5","Forsyth",36.110693332,-80.2264378
"2788",NA,25,"Hattie Avenue","PM 2.5","Forsyth",36.110693332,-80.2264378
"2789",1-08-20,40,"Hattie Avenue","PM 2.5","Forsyth",36.110693332,-80.2264378
"2790",NA,20,"Hattie Avenue","PM 2.5","Forsyth",36.110693332,-80.2264378
"2791",NA,33,"Hattie Avenue","PM 2.5","Forsyth",36.110693332,-80.2264378
"2792",NA,58,"Hattie Avenue","PM 2.5","Forsyth",36.110693332,-80.2264378
"2793",2-01-20,37,"Hattie Avenue","PM 2.5","Forsyth",36.110693332,-80.2264378
"2794",2-08-20,30,"Hattie Avenue","PM 2.5","Forsyth",36.110693332,-80.2264378
"2795",NA,38,"Hattie Avenue","PM 2.5","Forsyth",36.110693332,-80.2264378
"2796",NA,35,"Hattie Avenue","PM 2.5","Forsyth",36.110693332,-80.2264378
"2797",NA,34,"Hattie Avenue","PM 2.5","Forsyth",36.110693332,-80.2264378
"2798",NA,28,"Hattie Avenue","PM 2.5","Forsyth",36.110693332,-80.2264378
"2799",3-03-20,9,"Hattie Avenue","PM 2.5","Forsyth",36.110693332,-80.2264378
"2800",3-09-20,20,"Hattie Avenue","PM 2.5","Forsyth",36.110693332,-80.2264378
"2801",NA,32,"Hattie Avenue","PM 2.5","Forsyth",36.110693332,-80.2264378
"2802",NA,11,"Hattie Avenue","PM 2.5","Forsyth",36.110693332,-80.2264378
"2803",NA,28,"Hattie Avenue","PM 2.5","Forsyth",36.110693332,-80.2264378
"2804",4-02-20,27,"Hattie Avenue","PM 2.5","Forsyth",36.110693332,-80.2264378
"2805",4-08-20,18,"Hattie Avenue","PM 2.5","Forsyth",36.110693332,-80.2264378
"2806",NA,39,"Hattie Avenue","PM 2.5","Forsyth",36.110693332,-80.2264378
"2807",NA,21,"Hattie Avenue","PM 2.5","Forsyth",36.110693332,-80.2264378
"2808",NA,13,"Hattie Avenue","PM 2.5","Forsyth",36.110693332,-80.2264378
"2809",5-02-20,40,"Hattie Avenue","PM 2.5","Forsyth",36.110693332,-80.2264378
"2810",5-08-20,31,"Hattie Avenue","PM 2.5","Forsyth",36.110693332,-80.2264378
"2811",NA,59,"Hattie Avenue","PM 2.5","Forsyth",36.110693332,-80.2264378
"2812",NA,21,"Hattie Avenue","PM 2.5","Forsyth",36.110693332,-80.2264378
"2813",6-01-20,22,"Hattie Avenue","PM 2.5","Forsyth",36.110693332,-80.2264378
"2814",6-07-20,38,"Hattie Avenue","PM 2.5","Forsyth",36.110693332,-80.2264378
"2815",NA,35,"Hattie Avenue","PM 2.5","Forsyth",36.110693332,-80.2264378
"2816",NA,57,"Hattie Avenue","PM 2.5","Forsyth",36.110693332,-80.2264378
"2817",NA,28,"Hattie Avenue","PM 2.5","Forsyth",36.110693332,-80.2264378
"2818",7-01-20,35,"Hattie Avenue","PM 2.5","Forsyth",36.110693332,-80.2264378
"2819",7-07-20,29,"Hattie Avenue","PM 2.5","Forsyth",36.110693332,-80.2264378
"2820",NA,52,"Hattie Avenue","PM 2.5","Forsyth",36.110693332,-80.2264378
"2821",NA,33,"Hattie Avenue","PM 2.5","Forsyth",36.110693332,-80.2264378
"2822",NA,23,"Hattie Avenue","PM 2.5","Forsyth",36.110693332,-80.2264378
"2823",8-06-20,35,"Hattie Avenue","PM 2.5","Forsyth",36.110693332,-80.2264378
"2824",8-12-20,30,"Hattie Avenue","PM 2.5","Forsyth",36.110693332,-80.2264378
"2825",NA,23,"Hattie Avenue","PM 2.5","Forsyth",36.110693332,-80.2264378
"2826",NA,52,"Hattie Avenue","PM 2.5","Forsyth",36.110693332,-80.2264378
"2827",9-05-20,43,"Hattie Avenue","PM 2.5","Forsyth",36.110693332,-80.2264378
"2828",9-11-20,24,"Hattie Avenue","PM 2.5","Forsyth",36.110693332,-80.2264378
"2829",NA,26,"Hattie Avenue","PM 2.5","Forsyth",36.110693332,-80.2264378
"2830",NA,19,"Hattie Avenue","PM 2.5","Forsyth",36.110693332,-80.2264378
"2831",1-01-20,22,"Hattie Avenue","PM 2.5","Forsyth",36.110693332,-80.2264378
"2832",1-02-20,27,"Hattie Avenue","PM 2.5","Forsyth",36.110693332,-80.2264378
"2833",1-03-20,55,"Hattie Avenue","PM 2.5","Forsyth",36.110693332,-80.2264378
"2834",1-04-20,35,"Hattie Avenue","PM 2.5","Forsyth",36.110693332,-80.2264378
"2835",1-05-20,30,"Hattie Avenue","PM 2.5","Forsyth",36.110693332,-80.2264378
"2836",1-06-20,22,"Hattie Avenue","PM 2.5","Forsyth",36.110693332,-80.2264378
"2837",1-07-20,28,"Hattie Avenue","PM 2.5","Forsyth",36.110693332,-80.2264378
"2838",1-08-20,42,"Hattie Avenue","PM 2.5","Forsyth",36.110693332,-80.2264378
"2839",1-09-20,54,"Hattie Avenue","PM 2.5","Forsyth",36.110693332,-80.2264378
"2840",1-10-20,32,"Hattie Avenue","PM 2.5","Forsyth",36.110693332,-80.2264378
"2841",1-11-20,56,"Hattie Avenue","PM 2.5","Forsyth",36.110693332,-80.2264378
"2842",1-12-20,23,"Hattie Avenue","PM 2.5","Forsyth",36.110693332,-80.2264378
"2843",NA,10,"Hattie Avenue","PM 2.5","Forsyth",36.110693332,-80.2264378
"2844",NA,22,"Hattie Avenue","PM 2.5","Forsyth",36.110693332,-80.2264378
"2845",NA,30,"Hattie Avenue","PM 2.5","Forsyth",36.110693332,-80.2264378
"2846",NA,68,"Hattie Avenue","PM 2.5","Forsyth",36.110693332,-80.2264378
"2847",NA,54,"Hattie Avenue","PM 2.5","Forsyth",36.110693332,-80.2264378
"2848",NA,35,"Hattie Avenue","PM 2.5","Forsyth",36.110693332,-80.2264378
"2849",NA,43,"Hattie Avenue","PM 2.5","Forsyth",36.110693332,-80.2264378
"2850",NA,42,"Hattie Avenue","PM 2.5","Forsyth",36.110693332,-80.2264378
"2851",NA,49,"Hattie Avenue","PM 2.5","Forsyth",36.110693332,-80.2264378
"2852",NA,52,"Hattie Avenue","PM 2.5","Forsyth",36.110693332,-80.2264378
"2853",NA,23,"Hattie Avenue","PM 2.5","Forsyth",36.110693332,-80.2264378
"2854",NA,15,"Hattie Avenue","PM 2.5","Forsyth",36.110693332,-80.2264378
"2855",NA,34,"Hattie Avenue","PM 2.5","Forsyth",36.110693332,-80.2264378
"2856",NA,60,"Hattie Avenue","PM 2.5","Forsyth",36.110693332,-80.2264378
"2857",NA,76,"Hattie Avenue","PM 2.5","Forsyth",36.110693332,-80.2264378
"2858",NA,46,"Hattie Avenue","PM 2.5","Forsyth",36.110693332,-80.2264378
"2859",NA,13,"Hattie Avenue","PM 2.5","Forsyth",36.110693332,-80.2264378
"2860",NA,22,"Hattie Avenue","PM 2.5","Forsyth",36.110693332,-80.2264378
"2861",NA,31,"Hattie Avenue","PM 2.5","Forsyth",36.110693332,-80.2264378
"2862",2-01-20,49,"Hattie Avenue","PM 2.5","Forsyth",36.110693332,-80.2264378
"2863",2-02-20,16,"Hattie Avenue","PM 2.5","Forsyth",36.110693332,-80.2264378
"2864",2-03-20,24,"Hattie Avenue","PM 2.5","Forsyth",36.110693332,-80.2264378
"2865",2-04-20,36,"Hattie Avenue","PM 2.5","Forsyth",36.110693332,-80.2264378
"2866",2-05-20,22,"Hattie Avenue","PM 2.5","Forsyth",36.110693332,-80.2264378
"2867",2-06-20,37,"Hattie Avenue","PM 2.5","Forsyth",36.110693332,-80.2264378
"2868",2-07-20,29,"Hattie Avenue","PM 2.5","Forsyth",36.110693332,-80.2264378
"2869",2-08-20,34,"Hattie Avenue","PM 2.5","Forsyth",36.110693332,-80.2264378
"2870",2-09-20,53,"Hattie Avenue","PM 2.5","Forsyth",36.110693332,-80.2264378
"2871",2-10-20,56,"Hattie Avenue","PM 2.5","Forsyth",36.110693332,-80.2264378
"2872",2-11-20,23,"Hattie Avenue","PM 2.5","Forsyth",36.110693332,-80.2264378
"2873",2-12-20,15,"Hattie Avenue","PM 2.5","Forsyth",36.110693332,-80.2264378
"2874",NA,28,"Hattie Avenue","PM 2.5","Forsyth",36.110693332,-80.2264378
"2875",NA,52,"Hattie Avenue","PM 2.5","Forsyth",36.110693332,-80.2264378
"2876",NA,34,"Hattie Avenue","PM 2.5","Forsyth",36.110693332,-80.2264378
"2877",NA,23,"Hattie Avenue","PM 2.5","Forsyth",36.110693332,-80.2264378
"2878",NA,23,"Hattie Avenue","PM 2.5","Forsyth",36.110693332,-80.2264378
"2879",NA,18,"Hattie Avenue","PM 2.5","Forsyth",36.110693332,-80.2264378
"2880",NA,46,"Hattie Avenue","PM 2.5","Forsyth",36.110693332,-80.2264378
"2881",NA,52,"Hattie Avenue","PM 2.5","Forsyth",36.110693332,-80.2264378
"2882",NA,36,"Hattie Avenue","PM 2.5","Forsyth",36.110693332,-80.2264378
"2883",NA,39,"Hattie Avenue","PM 2.5","Forsyth",36.110693332,-80.2264378
"2884",NA,53,"Hattie Avenue","PM 2.5","Forsyth",36.110693332,-80.2264378
"2885",NA,52,"Hattie Avenue","PM 2.5","Forsyth",36.110693332,-80.2264378
"2886",NA,34,"Hattie Avenue","PM 2.5","Forsyth",36.110693332,-80.2264378
"2887",NA,18,"Hattie Avenue","PM 2.5","Forsyth",36.110693332,-80.2264378
"2888",NA,28,"Hattie Avenue","PM 2.5","Forsyth",36.110693332,-80.2264378
"2889",NA,50,"Hattie Avenue","PM 2.5","Forsyth",36.110693332,-80.2264378
"2890",3-01-20,37,"Hattie Avenue","PM 2.5","Forsyth",36.110693332,-80.2264378
"2891",3-02-20,10,"Hattie Avenue","PM 2.5","Forsyth",36.110693332,-80.2264378
"2892",3-03-20,12,"Hattie Avenue","PM 2.5","Forsyth",36.110693332,-80.2264378
"2893",3-04-20,16,"Hattie Avenue","PM 2.5","Forsyth",36.110693332,-80.2264378
"2894",3-05-20,22,"Hattie Avenue","PM 2.5","Forsyth",36.110693332,-80.2264378
"2895",3-06-20,25,"Hattie Avenue","PM 2.5","Forsyth",36.110693332,-80.2264378
"2896",3-07-20,28,"Hattie Avenue","PM 2.5","Forsyth",36.110693332,-80.2264378
"2897",3-08-20,28,"Hattie Avenue","PM 2.5","Forsyth",36.110693332,-80.2264378
"2898",3-09-20,32,"Hattie Avenue","PM 2.5","Forsyth",36.110693332,-80.2264378
"2899",3-10-20,64,"Hattie Avenue","PM 2.5","Forsyth",36.110693332,-80.2264378
"2900",3-11-20,66,"Hattie Avenue","PM 2.5","Forsyth",36.110693332,-80.2264378
"2901",3-12-20,40,"Hattie Avenue","PM 2.5","Forsyth",36.110693332,-80.2264378
"2902",NA,31,"Hattie Avenue","PM 2.5","Forsyth",36.110693332,-80.2264378
"2903",NA,25,"Hattie Avenue","PM 2.5","Forsyth",36.110693332,-80.2264378
"2904",NA,42,"Hattie Avenue","PM 2.5","Forsyth",36.110693332,-80.2264378
"2905",NA,42,"Hattie Avenue","PM 2.5","Forsyth",36.110693332,-80.2264378
"2906",NA,41,"Hattie Avenue","PM 2.5","Forsyth",36.110693332,-80.2264378
"2907",NA,30,"Hattie Avenue","PM 2.5","Forsyth",36.110693332,-80.2264378
"2908",NA,42,"Hattie Avenue","PM 2.5","Forsyth",36.110693332,-80.2264378
"2909",NA,20,"Hattie Avenue","PM 2.5","Forsyth",36.110693332,-80.2264378
"2910",NA,18,"Hattie Avenue","PM 2.5","Forsyth",36.110693332,-80.2264378
"2911",NA,18,"Hattie Avenue","PM 2.5","Forsyth",36.110693332,-80.2264378
"2912",NA,26,"Hattie Avenue","PM 2.5","Forsyth",36.110693332,-80.2264378
"2913",NA,35,"Hattie Avenue","PM 2.5","Forsyth",36.110693332,-80.2264378
"2914",NA,21,"Hattie Avenue","PM 2.5","Forsyth",36.110693332,-80.2264378
"2915",NA,19,"Hattie Avenue","PM 2.5","Forsyth",36.110693332,-80.2264378
"2916",NA,32,"Hattie Avenue","PM 2.5","Forsyth",36.110693332,-80.2264378
"2917",NA,53,"Hattie Avenue","PM 2.5","Forsyth",36.110693332,-80.2264378
"2918",NA,59,"Hattie Avenue","PM 2.5","Forsyth",36.110693332,-80.2264378
"2919",NA,22,"Hattie Avenue","PM 2.5","Forsyth",36.110693332,-80.2264378
"2920",NA,19,"Hattie Avenue","PM 2.5","Forsyth",36.110693332,-80.2264378
"2921",4-01-20,29,"Hattie Avenue","PM 2.5","Forsyth",36.110693332,-80.2264378
"2922",4-02-20,30,"Hattie Avenue","PM 2.5","Forsyth",36.110693332,-80.2264378
"2923",4-03-20,56,"Hattie Avenue","PM 2.5","Forsyth",36.110693332,-80.2264378
"2924",4-04-20,32,"Hattie Avenue","PM 2.5","Forsyth",36.110693332,-80.2264378
"2925",4-05-20,23,"Hattie Avenue","PM 2.5","Forsyth",36.110693332,-80.2264378
"2926",4-06-20,45,"Hattie Avenue","PM 2.5","Forsyth",36.110693332,-80.2264378
"2927",4-07-20,31,"Hattie Avenue","PM 2.5","Forsyth",36.110693332,-80.2264378
"2928",4-08-20,24,"Hattie Avenue","PM 2.5","Forsyth",36.110693332,-80.2264378
"2929",4-09-20,30,"Hattie Avenue","PM 2.5","Forsyth",36.110693332,-80.2264378
"2930",4-10-20,42,"Hattie Avenue","PM 2.5","Forsyth",36.110693332,-80.2264378
"2931",4-11-20,38,"Hattie Avenue","PM 2.5","Forsyth",36.110693332,-80.2264378
"2932",4-12-20,59,"Hattie Avenue","PM 2.5","Forsyth",36.110693332,-80.2264378
"2933",NA,54,"Hattie Avenue","PM 2.5","Forsyth",36.110693332,-80.2264378
"2934",NA,44,"Hattie Avenue","PM 2.5","Forsyth",36.110693332,-80.2264378
"2935",NA,34,"Hattie Avenue","PM 2.5","Forsyth",36.110693332,-80.2264378
"2936",NA,9,"Hattie Avenue","PM 2.5","Forsyth",36.110693332,-80.2264378
"2937",NA,21,"Hattie Avenue","PM 2.5","Forsyth",36.110693332,-80.2264378
"2938",NA,29,"Hattie Avenue","PM 2.5","Forsyth",36.110693332,-80.2264378
"2939",NA,31,"Hattie Avenue","PM 2.5","Forsyth",36.110693332,-80.2264378
"2940",NA,18,"Hattie Avenue","PM 2.5","Forsyth",36.110693332,-80.2264378
"2941",NA,25,"Hattie Avenue","PM 2.5","Forsyth",36.110693332,-80.2264378
"2942",NA,33,"Hattie Avenue","PM 2.5","Forsyth",36.110693332,-80.2264378
"2943",NA,23,"Hattie Avenue","PM 2.5","Forsyth",36.110693332,-80.2264378
"2944",NA,14,"Hattie Avenue","PM 2.5","Forsyth",36.110693332,-80.2264378
"2945",5-01-20,43,"Hattie Avenue","PM 2.5","Forsyth",36.110693332,-80.2264378
"2946",5-02-20,59,"Hattie Avenue","PM 2.5","Forsyth",36.110693332,-80.2264378
"2947",5-03-20,62,"Hattie Avenue","PM 2.5","Forsyth",36.110693332,-80.2264378
"2948",5-04-20,60,"Hattie Avenue","PM 2.5","Forsyth",36.110693332,-80.2264378
"2949",5-05-20,67,"Hattie Avenue","PM 2.5","Forsyth",36.110693332,-80.2264378
"2950",5-06-20,52,"Hattie Avenue","PM 2.5","Forsyth",36.110693332,-80.2264378
"2951",5-07-20,34,"Hattie Avenue","PM 2.5","Forsyth",36.110693332,-80.2264378
"2952",5-08-20,47,"Hattie Avenue","PM 2.5","Forsyth",36.110693332,-80.2264378
"2953",5-09-20,58,"Hattie Avenue","PM 2.5","Forsyth",36.110693332,-80.2264378
"2954",5-10-20,66,"Hattie Avenue","PM 2.5","Forsyth",36.110693332,-80.2264378
"2955",5-11-20,58,"Hattie Avenue","PM 2.5","Forsyth",36.110693332,-80.2264378
"2956",5-12-20,53,"Hattie Avenue","PM 2.5","Forsyth",36.110693332,-80.2264378
"2957",NA,60,"Hattie Avenue","PM 2.5","Forsyth",36.110693332,-80.2264378
"2958",NA,62,"Hattie Avenue","PM 2.5","Forsyth",36.110693332,-80.2264378
"2959",NA,29,"Hattie Avenue","PM 2.5","Forsyth",36.110693332,-80.2264378
"2960",NA,20,"Hattie Avenue","PM 2.5","Forsyth",36.110693332,-80.2264378
"2961",NA,27,"Hattie Avenue","PM 2.5","Forsyth",36.110693332,-80.2264378
"2962",NA,23,"Hattie Avenue","PM 2.5","Forsyth",36.110693332,-80.2264378
"2963",NA,23,"Hattie Avenue","PM 2.5","Forsyth",36.110693332,-80.2264378
"2964",NA,33,"Hattie Avenue","PM 2.5","Forsyth",36.110693332,-80.2264378
"2965",NA,36,"Hattie Avenue","PM 2.5","Forsyth",36.110693332,-80.2264378
"2966",NA,33,"Hattie Avenue","PM 2.5","Forsyth",36.110693332,-80.2264378
"2967",NA,25,"Hattie Avenue","PM 2.5","Forsyth",36.110693332,-80.2264378
"2968",NA,32,"Hattie Avenue","PM 2.5","Forsyth",36.110693332,-80.2264378
"2969",NA,32,"Hattie Avenue","PM 2.5","Forsyth",36.110693332,-80.2264378
"2970",NA,23,"Hattie Avenue","PM 2.5","Forsyth",36.110693332,-80.2264378
"2971",NA,30,"Hattie Avenue","PM 2.5","Forsyth",36.110693332,-80.2264378
"2972",NA,19,"Hattie Avenue","PM 2.5","Forsyth",36.110693332,-80.2264378
"2973",NA,19,"Hattie Avenue","PM 2.5","Forsyth",36.110693332,-80.2264378
"2974",NA,28,"Hattie Avenue","PM 2.5","Forsyth",36.110693332,-80.2264378
"2975",NA,28,"Hattie Avenue","PM 2.5","Forsyth",36.110693332,-80.2264378
"2976",6-01-20,27,"Hattie Avenue","PM 2.5","Forsyth",36.110693332,-80.2264378
"2977",6-02-20,27,"Hattie Avenue","PM 2.5","Forsyth",36.110693332,-80.2264378
"2978",6-03-20,35,"Hattie Avenue","PM 2.5","Forsyth",36.110693332,-80.2264378
"2979",6-04-20,24,"Hattie Avenue","PM 2.5","Forsyth",36.110693332,-80.2264378
"2980",6-05-20,23,"Hattie Avenue","PM 2.5","Forsyth",36.110693332,-80.2264378
"2981",6-06-20,33,"Hattie Avenue","PM 2.5","Forsyth",36.110693332,-80.2264378
"2982",6-07-20,38,"Hattie Avenue","PM 2.5","Forsyth",36.110693332,-80.2264378
"2983",6-08-20,54,"Hattie Avenue","PM 2.5","Forsyth",36.110693332,-80.2264378
"2984",6-09-20,52,"Hattie Avenue","PM 2.5","Forsyth",36.110693332,-80.2264378
"2985",6-10-20,53,"Hattie Avenue","PM 2.5","Forsyth",36.110693332,-80.2264378
"2986",6-11-20,39,"Hattie Avenue","PM 2.5","Forsyth",36.110693332,-80.2264378
"2987",6-12-20,34,"Hattie Avenue","PM 2.5","Forsyth",36.110693332,-80.2264378
"2988",NA,40,"Hattie Avenue","PM 2.5","Forsyth",36.110693332,-80.2264378
"2989",NA,33,"Hattie Avenue","PM 2.5","Forsyth",36.110693332,-80.2264378
"2990",NA,29,"Hattie Avenue","PM 2.5","Forsyth",36.110693332,-80.2264378
"2991",NA,48,"Hattie Avenue","PM 2.5","Forsyth",36.110693332,-80.2264378
"2992",NA,48,"Hattie Avenue","PM 2.5","Forsyth",36.110693332,-80.2264378
"2993",NA,48,"Hattie Avenue","PM 2.5","Forsyth",36.110693332,-80.2264378
"2994",NA,54,"Hattie Avenue","PM 2.5","Forsyth",36.110693332,-80.2264378
"2995",NA,52,"Hattie Avenue","PM 2.5","Forsyth",36.110693332,-80.2264378
"2996",NA,37,"Hattie Avenue","PM 2.5","Forsyth",36.110693332,-80.2264378
"2997",NA,31,"Hattie Avenue","PM 2.5","Forsyth",36.110693332,-80.2264378
"2998",NA,29,"Hattie Avenue","PM 2.5","Forsyth",36.110693332,-80.2264378
"2999",NA,30,"Hattie Avenue","PM 2.5","Forsyth",36.110693332,-80.2264378
"3000",NA,28,"Hattie Avenue","PM 2.5","Forsyth",36.110693332,-80.2264378
"3001",NA,19,"Hattie Avenue","PM 2.5","Forsyth",36.110693332,-80.2264378
"3002",NA,26,"Hattie Avenue","PM 2.5","Forsyth",36.110693332,-80.2264378
"3003",NA,24,"Hattie Avenue","PM 2.5","Forsyth",36.110693332,-80.2264378
"3004",NA,36,"Hattie Avenue","PM 2.5","Forsyth",36.110693332,-80.2264378
"3005",NA,46,"Hattie Avenue","PM 2.5","Forsyth",36.110693332,-80.2264378
"3006",7-01-20,33,"Hattie Avenue","PM 2.5","Forsyth",36.110693332,-80.2264378
"3007",7-02-20,26,"Hattie Avenue","PM 2.5","Forsyth",36.110693332,-80.2264378
"3008",7-03-20,44,"Hattie Avenue","PM 2.5","Forsyth",36.110693332,-80.2264378
"3009",7-04-20,52,"Hattie Avenue","PM 2.5","Forsyth",36.110693332,-80.2264378
"3010",7-05-20,26,"Hattie Avenue","PM 2.5","Forsyth",36.110693332,-80.2264378
"3011",7-06-20,28,"Hattie Avenue","PM 2.5","Forsyth",36.110693332,-80.2264378
"3012",7-07-20,27,"Hattie Avenue","PM 2.5","Forsyth",36.110693332,-80.2264378
"3013",7-08-20,18,"Hattie Avenue","PM 2.5","Forsyth",36.110693332,-80.2264378
"3014",7-09-20,20,"Hattie Avenue","PM 2.5","Forsyth",36.110693332,-80.2264378
"3015",7-10-20,46,"Hattie Avenue","PM 2.5","Forsyth",36.110693332,-80.2264378
"3016",7-11-20,52,"Hattie Avenue","PM 2.5","Forsyth",36.110693332,-80.2264378
"3017",7-12-20,51,"Hattie Avenue","PM 2.5","Forsyth",36.110693332,-80.2264378
"3018",NA,53,"Hattie Avenue","PM 2.5","Forsyth",36.110693332,-80.2264378
"3019",NA,54,"Hattie Avenue","PM 2.5","Forsyth",36.110693332,-80.2264378
"3020",NA,55,"Hattie Avenue","PM 2.5","Forsyth",36.110693332,-80.2264378
"3021",NA,44,"Hattie Avenue","PM 2.5","Forsyth",36.110693332,-80.2264378
"3022",NA,33,"Hattie Avenue","PM 2.5","Forsyth",36.110693332,-80.2264378
"3023",NA,32,"Hattie Avenue","PM 2.5","Forsyth",36.110693332,-80.2264378
"3024",NA,30,"Hattie Avenue","PM 2.5","Forsyth",36.110693332,-80.2264378
"3025",NA,37,"Hattie Avenue","PM 2.5","Forsyth",36.110693332,-80.2264378
"3026",NA,32,"Hattie Avenue","PM 2.5","Forsyth",36.110693332,-80.2264378
"3027",NA,25,"Hattie Avenue","PM 2.5","Forsyth",36.110693332,-80.2264378
"3028",NA,27,"Hattie Avenue","PM 2.5","Forsyth",36.110693332,-80.2264378
"3029",NA,23,"Hattie Avenue","PM 2.5","Forsyth",36.110693332,-80.2264378
"3030",NA,23,"Hattie Avenue","PM 2.5","Forsyth",36.110693332,-80.2264378
"3031",NA,26,"Hattie Avenue","PM 2.5","Forsyth",36.110693332,-80.2264378
"3032",NA,41,"Hattie Avenue","PM 2.5","Forsyth",36.110693332,-80.2264378
"3033",NA,36,"Hattie Avenue","PM 2.5","Forsyth",36.110693332,-80.2264378
"3034",NA,34,"Hattie Avenue","PM 2.5","Forsyth",36.110693332,-80.2264378
"3035",NA,20,"Hattie Avenue","PM 2.5","Forsyth",36.110693332,-80.2264378
"3036",NA,29,"Hattie Avenue","PM 2.5","Forsyth",36.110693332,-80.2264378
"3037",8-01-20,21,"Hattie Avenue","PM 2.5","Forsyth",36.110693332,-80.2264378
"3038",8-02-20,18,"Hattie Avenue","PM 2.5","Forsyth",36.110693332,-80.2264378
"3039",8-03-20,17,"Hattie Avenue","PM 2.5","Forsyth",36.110693332,-80.2264378
"3040",8-04-20,23,"Hattie Avenue","PM 2.5","Forsyth",36.110693332,-80.2264378
"3041",8-05-20,25,"Hattie Avenue","PM 2.5","Forsyth",36.110693332,-80.2264378
"3042",8-06-20,33,"Hattie Avenue","PM 2.5","Forsyth",36.110693332,-80.2264378
"3043",8-07-20,28,"Hattie Avenue","PM 2.5","Forsyth",36.110693332,-80.2264378
"3044",8-08-20,23,"Hattie Avenue","PM 2.5","Forsyth",36.110693332,-80.2264378
"3045",8-09-20,34,"Hattie Avenue","PM 2.5","Forsyth",36.110693332,-80.2264378
"3046",8-10-20,46,"Hattie Avenue","PM 2.5","Forsyth",36.110693332,-80.2264378
"3047",8-11-20,33,"Hattie Avenue","PM 2.5","Forsyth",36.110693332,-80.2264378
"3048",8-12-20,35,"Hattie Avenue","PM 2.5","Forsyth",36.110693332,-80.2264378
"3049",NA,38,"Hattie Avenue","PM 2.5","Forsyth",36.110693332,-80.2264378
"3050",NA,44,"Hattie Avenue","PM 2.5","Forsyth",36.110693332,-80.2264378
"3051",NA,48,"Hattie Avenue","PM 2.5","Forsyth",36.110693332,-80.2264378
"3052",NA,59,"Hattie Avenue","PM 2.5","Forsyth",36.110693332,-80.2264378
"3053",NA,47,"Hattie Avenue","PM 2.5","Forsyth",36.110693332,-80.2264378
"3054",NA,28,"Hattie Avenue","PM 2.5","Forsyth",36.110693332,-80.2264378
"3055",NA,26,"Hattie Avenue","PM 2.5","Forsyth",36.110693332,-80.2264378
"3056",NA,30,"Hattie Avenue","PM 2.5","Forsyth",36.110693332,-80.2264378
"3057",NA,31,"Hattie Avenue","PM 2.5","Forsyth",36.110693332,-80.2264378
"3058",NA,30,"Hattie Avenue","PM 2.5","Forsyth",36.110693332,-80.2264378
"3059",NA,50,"Hattie Avenue","PM 2.5","Forsyth",36.110693332,-80.2264378
"3060",NA,28,"Hattie Avenue","PM 2.5","Forsyth",36.110693332,-80.2264378
"3061",NA,36,"Hattie Avenue","PM 2.5","Forsyth",36.110693332,-80.2264378
"3062",NA,45,"Hattie Avenue","PM 2.5","Forsyth",36.110693332,-80.2264378
"3063",NA,53,"Hattie Avenue","PM 2.5","Forsyth",36.110693332,-80.2264378
"3064",NA,56,"Hattie Avenue","PM 2.5","Forsyth",36.110693332,-80.2264378
"3065",NA,45,"Hattie Avenue","PM 2.5","Forsyth",36.110693332,-80.2264378
"3066",NA,47,"Hattie Avenue","PM 2.5","Forsyth",36.110693332,-80.2264378
"3067",NA,27,"Hattie Avenue","PM 2.5","Forsyth",36.110693332,-80.2264378
"3068",9-01-20,27,"Hattie Avenue","PM 2.5","Forsyth",36.110693332,-80.2264378
"3069",9-02-20,28,"Hattie Avenue","PM 2.5","Forsyth",36.110693332,-80.2264378
"3070",9-03-20,29,"Hattie Avenue","PM 2.5","Forsyth",36.110693332,-80.2264378
"3071",9-04-20,32,"Hattie Avenue","PM 2.5","Forsyth",36.110693332,-80.2264378
"3072",9-05-20,40,"Hattie Avenue","PM 2.5","Forsyth",36.110693332,-80.2264378
"3073",9-06-20,37,"Hattie Avenue","PM 2.5","Forsyth",36.110693332,-80.2264378
"3074",9-07-20,40,"Hattie Avenue","PM 2.5","Forsyth",36.110693332,-80.2264378
"3075",9-08-20,40,"Hattie Avenue","PM 2.5","Forsyth",36.110693332,-80.2264378
"3076",9-09-20,14,"Hattie Avenue","PM 2.5","Forsyth",36.110693332,-80.2264378
"3077",9-10-20,22,"Hattie Avenue","PM 2.5","Forsyth",36.110693332,-80.2264378
"3078",9-11-20,25,"Hattie Avenue","PM 2.5","Forsyth",36.110693332,-80.2264378
"3079",9-12-20,21,"Hattie Avenue","PM 2.5","Forsyth",36.110693332,-80.2264378
"3080",NA,20,"Hattie Avenue","PM 2.5","Forsyth",36.110693332,-80.2264378
"3081",NA,12,"Hattie Avenue","PM 2.5","Forsyth",36.110693332,-80.2264378
"3082",NA,13,"Hattie Avenue","PM 2.5","Forsyth",36.110693332,-80.2264378
"3083",NA,11,"Hattie Avenue","PM 2.5","Forsyth",36.110693332,-80.2264378
"3084",NA,14,"Hattie Avenue","PM 2.5","Forsyth",36.110693332,-80.2264378
"3085",NA,16,"Hattie Avenue","PM 2.5","Forsyth",36.110693332,-80.2264378
"3086",NA,29,"Hattie Avenue","PM 2.5","Forsyth",36.110693332,-80.2264378
"3087",NA,38,"Hattie Avenue","PM 2.5","Forsyth",36.110693332,-80.2264378
"3088",NA,45,"Hattie Avenue","PM 2.5","Forsyth",36.110693332,-80.2264378
"3089",NA,43,"Hattie Avenue","PM 2.5","Forsyth",36.110693332,-80.2264378
"3090",NA,23,"Hattie Avenue","PM 2.5","Forsyth",36.110693332,-80.2264378
"3091",NA,16,"Hattie Avenue","PM 2.5","Forsyth",36.110693332,-80.2264378
"3092",NA,29,"Hattie Avenue","PM 2.5","Forsyth",36.110693332,-80.2264378
"3093",NA,29,"Hattie Avenue","PM 2.5","Forsyth",36.110693332,-80.2264378
"3094",NA,27,"Hattie Avenue","PM 2.5","Forsyth",36.110693332,-80.2264378
"3095",NA,16,"Hattie Avenue","PM 2.5","Forsyth",36.110693332,-80.2264378
"3096",NA,18,"Hattie Avenue","PM 2.5","Forsyth",36.110693332,-80.2264378
"3097",NA,23,"Hattie Avenue","PM 2.5","Forsyth",36.110693332,-80.2264378
"3098",10-01-20,31,"Hattie Avenue","PM 2.5","Forsyth",36.110693332,-80.2264378
"3099",10-02-20,38,"Hattie Avenue","PM 2.5","Forsyth",36.110693332,-80.2264378
"3100",10-03-20,34,"Hattie Avenue","PM 2.5","Forsyth",36.110693332,-80.2264378
"3101",10-04-20,34,"Hattie Avenue","PM 2.5","Forsyth",36.110693332,-80.2264378
"3102",10-05-20,34,"Hattie Avenue","PM 2.5","Forsyth",36.110693332,-80.2264378
"3103",10-06-20,37,"Hattie Avenue","PM 2.5","Forsyth",36.110693332,-80.2264378
"3104",10-07-20,40,"Hattie Avenue","PM 2.5","Forsyth",36.110693332,-80.2264378
"3105",10-08-20,30,"Hattie Avenue","PM 2.5","Forsyth",36.110693332,-80.2264378
"3106",10-09-20,21,"Hattie Avenue","PM 2.5","Forsyth",36.110693332,-80.2264378
"3107",10-10-20,24,"Hattie Avenue","PM 2.5","Forsyth",36.110693332,-80.2264378
"3108",10-11-20,15,"Hattie Avenue","PM 2.5","Forsyth",36.110693332,-80.2264378
"3109",10-12-20,17,"Hattie Avenue","PM 2.5","Forsyth",36.110693332,-80.2264378
"3110",NA,14,"Hattie Avenue","PM 2.5","Forsyth",36.110693332,-80.2264378
"3111",NA,27,"Hattie Avenue","PM 2.5","Forsyth",36.110693332,-80.2264378
"3112",NA,35,"Hattie Avenue","PM 2.5","Forsyth",36.110693332,-80.2264378
"3113",NA,25,"Hattie Avenue","PM 2.5","Forsyth",36.110693332,-80.2264378
"3114",NA,16,"Hattie Avenue","PM 2.5","Forsyth",36.110693332,-80.2264378
"3115",NA,18,"Hattie Avenue","PM 2.5","Forsyth",36.110693332,-80.2264378
"3116",NA,36,"Hattie Avenue","PM 2.5","Forsyth",36.110693332,-80.2264378
"3117",NA,33,"Hattie Avenue","PM 2.5","Forsyth",36.110693332,-80.2264378
"3118",NA,11,"Hattie Avenue","PM 2.5","Forsyth",36.110693332,-80.2264378
"3119",NA,23,"Hattie Avenue","PM 2.5","Forsyth",36.110693332,-80.2264378
"3120",NA,28,"Hattie Avenue","PM 2.5","Forsyth",36.110693332,-80.2264378
"3121",NA,20,"Hattie Avenue","PM 2.5","Forsyth",36.110693332,-80.2264378
"3122",NA,24,"Hattie Avenue","PM 2.5","Forsyth",36.110693332,-80.2264378
"3123",NA,26,"Hattie Avenue","PM 2.5","Forsyth",36.110693332,-80.2264378
"3124",NA,14,"Hattie Avenue","PM 2.5","Forsyth",36.110693332,-80.2264378
"3125",NA,23,"Hattie Avenue","PM 2.5","Forsyth",36.110693332,-80.2264378
"3126",NA,18,"Hattie Avenue","PM 2.5","Forsyth",36.110693332,-80.2264378
"3127",NA,21,"Hattie Avenue","PM 2.5","Forsyth",36.110693332,-80.2264378
"3128",NA,43,"Hattie Avenue","PM 2.5","Forsyth",36.110693332,-80.2264378
"3129",11-01-20,31,"Hattie Avenue","PM 2.5","Forsyth",36.110693332,-80.2264378
"3130",11-02-20,20,"Hattie Avenue","PM 2.5","Forsyth",36.110693332,-80.2264378
"3131",11-03-20,18,"Hattie Avenue","PM 2.5","Forsyth",36.110693332,-80.2264378
"3132",11-04-20,27,"Hattie Avenue","PM 2.5","Forsyth",36.110693332,-80.2264378
"3133",11-05-20,20,"Hattie Avenue","PM 2.5","Forsyth",36.110693332,-80.2264378
"3134",11-06-20,18,"Hattie Avenue","PM 2.5","Forsyth",36.110693332,-80.2264378
"3135",11-07-20,20,"Hattie Avenue","PM 2.5","Forsyth",36.110693332,-80.2264378
"3136",11-08-20,20,"Hattie Avenue","PM 2.5","Forsyth",36.110693332,-80.2264378
"3137",11-09-20,25,"Hattie Avenue","PM 2.5","Forsyth",36.110693332,-80.2264378
"3138",11-10-20,24,"Hattie Avenue","PM 2.5","Forsyth",36.110693332,-80.2264378
"3139",11-11-20,30,"Hattie Avenue","PM 2.5","Forsyth",36.110693332,-80.2264378
"3140",11-12-20,39,"Hattie Avenue","PM 2.5","Forsyth",36.110693332,-80.2264378
"3141",NA,18,"Hattie Avenue","PM 2.5","Forsyth",36.110693332,-80.2264378
"3142",NA,28,"Hattie Avenue","PM 2.5","Forsyth",36.110693332,-80.2264378
"3143",NA,16,"Hattie Avenue","PM 2.5","Forsyth",36.110693332,-80.2264378
"3144",NA,21,"Hattie Avenue","PM 2.5","Forsyth",36.110693332,-80.2264378
"3145",NA,40,"Hattie Avenue","PM 2.5","Forsyth",36.110693332,-80.2264378
"3146",NA,59,"Hattie Avenue","PM 2.5","Forsyth",36.110693332,-80.2264378
"3147",NA,62,"Hattie Avenue","PM 2.5","Forsyth",36.110693332,-80.2264378
"3148",NA,45,"Hattie Avenue","PM 2.5","Forsyth",36.110693332,-80.2264378
"3149",NA,25,"Hattie Avenue","PM 2.5","Forsyth",36.110693332,-80.2264378
"3150",NA,41,"Hattie Avenue","PM 2.5","Forsyth",36.110693332,-80.2264378
"3151",NA,32,"Hattie Avenue","PM 2.5","Forsyth",36.110693332,-80.2264378
"3152",NA,21,"Hattie Avenue","PM 2.5","Forsyth",36.110693332,-80.2264378
"3153",NA,37,"Hattie Avenue","PM 2.5","Forsyth",36.110693332,-80.2264378
"3154",NA,33,"Hattie Avenue","PM 2.5","Forsyth",36.110693332,-80.2264378
"3155",NA,10,"Hattie Avenue","PM 2.5","Forsyth",36.110693332,-80.2264378
"3156",NA,31,"Hattie Avenue","PM 2.5","Forsyth",36.110693332,-80.2264378
"3157",NA,35,"Hattie Avenue","PM 2.5","Forsyth",36.110693332,-80.2264378
"3158",NA,49,"Hattie Avenue","PM 2.5","Forsyth",36.110693332,-80.2264378
"3159",12-01-20,55,"Hattie Avenue","PM 2.5","Forsyth",36.110693332,-80.2264378
"3160",12-02-20,25,"Hattie Avenue","PM 2.5","Forsyth",36.110693332,-80.2264378
"3161",12-03-20,30,"Hattie Avenue","PM 2.5","Forsyth",36.110693332,-80.2264378
"3162",12-04-20,13,"Hattie Avenue","PM 2.5","Forsyth",36.110693332,-80.2264378
"3163",12-05-20,15,"Hattie Avenue","PM 2.5","Forsyth",36.110693332,-80.2264378
"3164",12-06-20,28,"Hattie Avenue","PM 2.5","Forsyth",36.110693332,-80.2264378
"3165",12-07-20,59,"Hattie Avenue","PM 2.5","Forsyth",36.110693332,-80.2264378
"3166",12-08-20,48,"Hattie Avenue","PM 2.5","Forsyth",36.110693332,-80.2264378
"3167",12-09-20,28,"Hattie Avenue","PM 2.5","Forsyth",36.110693332,-80.2264378
"3168",12-10-20,29,"Hattie Avenue","PM 2.5","Forsyth",36.110693332,-80.2264378
"3169",12-11-20,51,"Hattie Avenue","PM 2.5","Forsyth",36.110693332,-80.2264378
"3170",12-12-20,49,"Hattie Avenue","PM 2.5","Forsyth",36.110693332,-80.2264378
"3171",NA,64,"Hattie Avenue","PM 2.5","Forsyth",36.110693332,-80.2264378
"3172",NA,50,"Hattie Avenue","PM 2.5","Forsyth",36.110693332,-80.2264378
"3173",NA,13,"Hattie Avenue","PM 2.5","Forsyth",36.110693332,-80.2264378
"3174",NA,23,"Hattie Avenue","PM 2.5","Forsyth",36.110693332,-80.2264378
"3175",NA,12,"Hattie Avenue","PM 2.5","Forsyth",36.110693332,-80.2264378
"3176",NA,20,"Hattie Avenue","PM 2.5","Forsyth",36.110693332,-80.2264378
"3177",NA,54,"Hattie Avenue","PM 2.5","Forsyth",36.110693332,-80.2264378
"3178",NA,46,"Hattie Avenue","PM 2.5","Forsyth",36.110693332,-80.2264378
"3179",NA,13,"Hattie Avenue","PM 2.5","Forsyth",36.110693332,-80.2264378
"3180",NA,9,"Hattie Avenue","PM 2.5","Forsyth",36.110693332,-80.2264378
"3181",NA,34,"Hattie Avenue","PM 2.5","Forsyth",36.110693332,-80.2264378
"3182",NA,19,"Hattie Avenue","PM 2.5","Forsyth",36.110693332,-80.2264378
"3183",NA,31,"Hattie Avenue","PM 2.5","Forsyth",36.110693332,-80.2264378
"3184",NA,51,"Hattie Avenue","PM 2.5","Forsyth",36.110693332,-80.2264378
"3185",NA,52,"Hattie Avenue","PM 2.5","Forsyth",36.110693332,-80.2264378
"3186",NA,21,"Hattie Avenue","PM 2.5","Forsyth",36.110693332,-80.2264378
"3187",NA,23,"Hattie Avenue","PM 2.5","Forsyth",36.110693332,-80.2264378
"3188",NA,41,"Hattie Avenue","PM 2.5","Forsyth",36.110693332,-80.2264378
"3189",NA,40,"Hattie Avenue","PM 2.5","Forsyth",36.110693332,-80.2264378
"3190",10-12-20,17,"Clemmons Middle","PM 2.5","Forsyth",36.026,-80.342
"3191",NA,25,"Clemmons Middle","PM 2.5","Forsyth",36.026,-80.342
"3192",NA,15,"Clemmons Middle","PM 2.5","Forsyth",36.026,-80.342
"3193",11-04-20,28,"Clemmons Middle","PM 2.5","Forsyth",36.026,-80.342
"3194",11-10-20,19,"Clemmons Middle","PM 2.5","Forsyth",36.026,-80.342
"3195",NA,31,"Clemmons Middle","PM 2.5","Forsyth",36.026,-80.342
"3196",NA,19,"Clemmons Middle","PM 2.5","Forsyth",36.026,-80.342
"3197",12-04-20,9,"Clemmons Middle","PM 2.5","Forsyth",36.026,-80.342
"3198",12-10-20,25,"Clemmons Middle","PM 2.5","Forsyth",36.026,-80.342
"3199",NA,12,"Clemmons Middle","PM 2.5","Forsyth",36.026,-80.342
"3200",NA,11,"Clemmons Middle","PM 2.5","Forsyth",36.026,-80.342
"3201",NA,11,"Clemmons Middle","PM 2.5","Forsyth",36.026,-80.342
"3202",1-01-20,24,"Clemmons Middle","PM 2.5","Forsyth",36.026,-80.342
"3203",1-02-20,40,"Clemmons Middle","PM 2.5","Forsyth",36.026,-80.342
"3204",1-03-20,68,"Clemmons Middle","PM 2.5","Forsyth",36.026,-80.342
"3205",1-04-20,42,"Clemmons Middle","PM 2.5","Forsyth",36.026,-80.342
"3206",1-05-20,37,"Clemmons Middle","PM 2.5","Forsyth",36.026,-80.342
"3207",1-06-20,35,"Clemmons Middle","PM 2.5","Forsyth",36.026,-80.342
"3208",1-07-20,49,"Clemmons Middle","PM 2.5","Forsyth",36.026,-80.342
"3209",1-08-20,52,"Clemmons Middle","PM 2.5","Forsyth",36.026,-80.342
"3210",1-09-20,60,"Clemmons Middle","PM 2.5","Forsyth",36.026,-80.342
"3211",1-10-20,39,"Clemmons Middle","PM 2.5","Forsyth",36.026,-80.342
"3212",1-11-20,59,"Clemmons Middle","PM 2.5","Forsyth",36.026,-80.342
"3213",1-12-20,23,"Clemmons Middle","PM 2.5","Forsyth",36.026,-80.342
"3214",NA,10,"Clemmons Middle","PM 2.5","Forsyth",36.026,-80.342
"3215",NA,25,"Clemmons Middle","PM 2.5","Forsyth",36.026,-80.342
"3216",NA,30,"Clemmons Middle","PM 2.5","Forsyth",36.026,-80.342
"3217",NA,69,"Clemmons Middle","PM 2.5","Forsyth",36.026,-80.342
"3218",NA,55,"Clemmons Middle","PM 2.5","Forsyth",36.026,-80.342
"3219",NA,40,"Clemmons Middle","PM 2.5","Forsyth",36.026,-80.342
"3220",NA,54,"Clemmons Middle","PM 2.5","Forsyth",36.026,-80.342
"3221",NA,63,"Clemmons Middle","PM 2.5","Forsyth",36.026,-80.342
"3222",NA,48,"Clemmons Middle","PM 2.5","Forsyth",36.026,-80.342
"3223",NA,58,"Clemmons Middle","PM 2.5","Forsyth",36.026,-80.342
"3224",NA,25,"Clemmons Middle","PM 2.5","Forsyth",36.026,-80.342
"3225",NA,16,"Clemmons Middle","PM 2.5","Forsyth",36.026,-80.342
"3226",NA,34,"Clemmons Middle","PM 2.5","Forsyth",36.026,-80.342
"3227",NA,58,"Clemmons Middle","PM 2.5","Forsyth",36.026,-80.342
"3228",NA,61,"Clemmons Middle","PM 2.5","Forsyth",36.026,-80.342
"3229",NA,56,"Clemmons Middle","PM 2.5","Forsyth",36.026,-80.342
"3230",NA,18,"Clemmons Middle","PM 2.5","Forsyth",36.026,-80.342
"3231",NA,22,"Clemmons Middle","PM 2.5","Forsyth",36.026,-80.342
"3232",NA,35,"Clemmons Middle","PM 2.5","Forsyth",36.026,-80.342
"3233",2-01-20,51,"Clemmons Middle","PM 2.5","Forsyth",36.026,-80.342
"3234",2-02-20,16,"Clemmons Middle","PM 2.5","Forsyth",36.026,-80.342
"3235",2-03-20,40,"Clemmons Middle","PM 2.5","Forsyth",36.026,-80.342
"3236",2-04-20,40,"Clemmons Middle","PM 2.5","Forsyth",36.026,-80.342
"3237",2-05-20,26,"Clemmons Middle","PM 2.5","Forsyth",36.026,-80.342
"3238",2-06-20,43,"Clemmons Middle","PM 2.5","Forsyth",36.026,-80.342
"3239",2-07-20,33,"Clemmons Middle","PM 2.5","Forsyth",36.026,-80.342
"3240",2-08-20,33,"Clemmons Middle","PM 2.5","Forsyth",36.026,-80.342
"3241",2-09-20,60,"Clemmons Middle","PM 2.5","Forsyth",36.026,-80.342
"3242",2-10-20,57,"Clemmons Middle","PM 2.5","Forsyth",36.026,-80.342
"3243",2-11-20,24,"Clemmons Middle","PM 2.5","Forsyth",36.026,-80.342
"3244",2-12-20,17,"Clemmons Middle","PM 2.5","Forsyth",36.026,-80.342
"3245",NA,30,"Clemmons Middle","PM 2.5","Forsyth",36.026,-80.342
"3246",NA,50,"Clemmons Middle","PM 2.5","Forsyth",36.026,-80.342
"3247",NA,34,"Clemmons Middle","PM 2.5","Forsyth",36.026,-80.342
"3248",NA,25,"Clemmons Middle","PM 2.5","Forsyth",36.026,-80.342
"3249",NA,26,"Clemmons Middle","PM 2.5","Forsyth",36.026,-80.342
"3250",NA,22,"Clemmons Middle","PM 2.5","Forsyth",36.026,-80.342
"3251",NA,38,"Clemmons Middle","PM 2.5","Forsyth",36.026,-80.342
"3252",NA,54,"Clemmons Middle","PM 2.5","Forsyth",36.026,-80.342
"3253",NA,38,"Clemmons Middle","PM 2.5","Forsyth",36.026,-80.342
"3254",NA,42,"Clemmons Middle","PM 2.5","Forsyth",36.026,-80.342
"3255",NA,58,"Clemmons Middle","PM 2.5","Forsyth",36.026,-80.342
"3256",NA,52,"Clemmons Middle","PM 2.5","Forsyth",36.026,-80.342
"3257",NA,38,"Clemmons Middle","PM 2.5","Forsyth",36.026,-80.342
"3258",NA,19,"Clemmons Middle","PM 2.5","Forsyth",36.026,-80.342
"3259",NA,32,"Clemmons Middle","PM 2.5","Forsyth",36.026,-80.342
"3260",NA,53,"Clemmons Middle","PM 2.5","Forsyth",36.026,-80.342
"3261",3-01-20,38,"Clemmons Middle","PM 2.5","Forsyth",36.026,-80.342
"3262",3-02-20,10,"Clemmons Middle","PM 2.5","Forsyth",36.026,-80.342
"3263",3-03-20,13,"Clemmons Middle","PM 2.5","Forsyth",36.026,-80.342
"3264",3-04-20,17,"Clemmons Middle","PM 2.5","Forsyth",36.026,-80.342
"3265",3-05-20,24,"Clemmons Middle","PM 2.5","Forsyth",36.026,-80.342
"3266",3-06-20,33,"Clemmons Middle","PM 2.5","Forsyth",36.026,-80.342
"3267",3-07-20,37,"Clemmons Middle","PM 2.5","Forsyth",36.026,-80.342
"3268",3-08-20,30,"Clemmons Middle","PM 2.5","Forsyth",36.026,-80.342
"3269",3-09-20,31,"Clemmons Middle","PM 2.5","Forsyth",36.026,-80.342
"3270",3-10-20,71,"Clemmons Middle","PM 2.5","Forsyth",36.026,-80.342
"3271",3-11-20,70,"Clemmons Middle","PM 2.5","Forsyth",36.026,-80.342
"3272",3-12-20,43,"Clemmons Middle","PM 2.5","Forsyth",36.026,-80.342
"3273",NA,32,"Clemmons Middle","PM 2.5","Forsyth",36.026,-80.342
"3274",NA,25,"Clemmons Middle","PM 2.5","Forsyth",36.026,-80.342
"3275",NA,43,"Clemmons Middle","PM 2.5","Forsyth",36.026,-80.342
"3276",NA,45,"Clemmons Middle","PM 2.5","Forsyth",36.026,-80.342
"3277",NA,44,"Clemmons Middle","PM 2.5","Forsyth",36.026,-80.342
"3278",NA,30,"Clemmons Middle","PM 2.5","Forsyth",36.026,-80.342
"3279",NA,42,"Clemmons Middle","PM 2.5","Forsyth",36.026,-80.342
"3280",NA,20,"Clemmons Middle","PM 2.5","Forsyth",36.026,-80.342
"3281",NA,21,"Clemmons Middle","PM 2.5","Forsyth",36.026,-80.342
"3282",NA,19,"Clemmons Middle","PM 2.5","Forsyth",36.026,-80.342
"3283",NA,25,"Clemmons Middle","PM 2.5","Forsyth",36.026,-80.342
"3284",NA,42,"Clemmons Middle","PM 2.5","Forsyth",36.026,-80.342
"3285",NA,25,"Clemmons Middle","PM 2.5","Forsyth",36.026,-80.342
"3286",NA,20,"Clemmons Middle","PM 2.5","Forsyth",36.026,-80.342
"3287",NA,32,"Clemmons Middle","PM 2.5","Forsyth",36.026,-80.342
"3288",NA,51,"Clemmons Middle","PM 2.5","Forsyth",36.026,-80.342
"3289",NA,56,"Clemmons Middle","PM 2.5","Forsyth",36.026,-80.342
"3290",NA,23,"Clemmons Middle","PM 2.5","Forsyth",36.026,-80.342
"3291",NA,17,"Clemmons Middle","PM 2.5","Forsyth",36.026,-80.342
"3292",4-01-20,28,"Clemmons Middle","PM 2.5","Forsyth",36.026,-80.342
"3293",4-02-20,32,"Clemmons Middle","PM 2.5","Forsyth",36.026,-80.342
"3294",4-03-20,55,"Clemmons Middle","PM 2.5","Forsyth",36.026,-80.342
"3295",4-04-20,38,"Clemmons Middle","PM 2.5","Forsyth",36.026,-80.342
"3296",4-05-20,28,"Clemmons Middle","PM 2.5","Forsyth",36.026,-80.342
"3297",4-06-20,43,"Clemmons Middle","PM 2.5","Forsyth",36.026,-80.342
"3298",4-07-20,31,"Clemmons Middle","PM 2.5","Forsyth",36.026,-80.342
"3299",4-08-20,22,"Clemmons Middle","PM 2.5","Forsyth",36.026,-80.342
"3300",4-09-20,29,"Clemmons Middle","PM 2.5","Forsyth",36.026,-80.342
"3301",4-10-20,40,"Clemmons Middle","PM 2.5","Forsyth",36.026,-80.342
"3302",4-11-20,40,"Clemmons Middle","PM 2.5","Forsyth",36.026,-80.342
"3303",4-12-20,62,"Clemmons Middle","PM 2.5","Forsyth",36.026,-80.342
"3304",NA,57,"Clemmons Middle","PM 2.5","Forsyth",36.026,-80.342
"3305",NA,48,"Clemmons Middle","PM 2.5","Forsyth",36.026,-80.342
"3306",NA,39,"Clemmons Middle","PM 2.5","Forsyth",36.026,-80.342
"3307",NA,11,"Clemmons Middle","PM 2.5","Forsyth",36.026,-80.342
"3308",NA,21,"Clemmons Middle","PM 2.5","Forsyth",36.026,-80.342
"3309",NA,32,"Clemmons Middle","PM 2.5","Forsyth",36.026,-80.342
"3310",NA,37,"Clemmons Middle","PM 2.5","Forsyth",36.026,-80.342
"3311",NA,20,"Clemmons Middle","PM 2.5","Forsyth",36.026,-80.342
"3312",NA,29,"Clemmons Middle","PM 2.5","Forsyth",36.026,-80.342
"3313",NA,39,"Clemmons Middle","PM 2.5","Forsyth",36.026,-80.342
"3314",NA,24,"Clemmons Middle","PM 2.5","Forsyth",36.026,-80.342
"3315",NA,15,"Clemmons Middle","PM 2.5","Forsyth",36.026,-80.342
"3316",NA,12,"Clemmons Middle","PM 2.5","Forsyth",36.026,-80.342
"3317",NA,18,"Clemmons Middle","PM 2.5","Forsyth",36.026,-80.342
"3318",NA,22,"Clemmons Middle","PM 2.5","Forsyth",36.026,-80.342
"3319",NA,33,"Clemmons Middle","PM 2.5","Forsyth",36.026,-80.342
"3320",NA,21,"Clemmons Middle","PM 2.5","Forsyth",36.026,-80.342
"3321",NA,24,"Clemmons Middle","PM 2.5","Forsyth",36.026,-80.342
"3322",5-10-20,54,"Clemmons Middle","PM 2.5","Forsyth",36.026,-80.342
"3323",5-11-20,52,"Clemmons Middle","PM 2.5","Forsyth",36.026,-80.342
"3324",5-12-20,55,"Clemmons Middle","PM 2.5","Forsyth",36.026,-80.342
"3325",NA,63,"Clemmons Middle","PM 2.5","Forsyth",36.026,-80.342
"3326",NA,65,"Clemmons Middle","PM 2.5","Forsyth",36.026,-80.342
"3327",NA,30,"Clemmons Middle","PM 2.5","Forsyth",36.026,-80.342
"3328",NA,21,"Clemmons Middle","PM 2.5","Forsyth",36.026,-80.342
"3329",NA,29,"Clemmons Middle","PM 2.5","Forsyth",36.026,-80.342
"3330",NA,26,"Clemmons Middle","PM 2.5","Forsyth",36.026,-80.342
"3331",NA,26,"Clemmons Middle","PM 2.5","Forsyth",36.026,-80.342
"3332",NA,36,"Clemmons Middle","PM 2.5","Forsyth",36.026,-80.342
"3333",NA,38,"Clemmons Middle","PM 2.5","Forsyth",36.026,-80.342
"3334",NA,33,"Clemmons Middle","PM 2.5","Forsyth",36.026,-80.342
"3335",NA,28,"Clemmons Middle","PM 2.5","Forsyth",36.026,-80.342
"3336",NA,38,"Clemmons Middle","PM 2.5","Forsyth",36.026,-80.342
"3337",NA,37,"Clemmons Middle","PM 2.5","Forsyth",36.026,-80.342
"3338",NA,24,"Clemmons Middle","PM 2.5","Forsyth",36.026,-80.342
"3339",NA,31,"Clemmons Middle","PM 2.5","Forsyth",36.026,-80.342
"3340",NA,21,"Clemmons Middle","PM 2.5","Forsyth",36.026,-80.342
"3341",NA,20,"Clemmons Middle","PM 2.5","Forsyth",36.026,-80.342
"3342",NA,31,"Clemmons Middle","PM 2.5","Forsyth",36.026,-80.342
"3343",NA,31,"Clemmons Middle","PM 2.5","Forsyth",36.026,-80.342
"3344",6-01-20,29,"Clemmons Middle","PM 2.5","Forsyth",36.026,-80.342
"3345",6-02-20,30,"Clemmons Middle","PM 2.5","Forsyth",36.026,-80.342
"3346",6-03-20,40,"Clemmons Middle","PM 2.5","Forsyth",36.026,-80.342
"3347",6-04-20,28,"Clemmons Middle","PM 2.5","Forsyth",36.026,-80.342
"3348",6-05-20,25,"Clemmons Middle","PM 2.5","Forsyth",36.026,-80.342
"3349",6-06-20,38,"Clemmons Middle","PM 2.5","Forsyth",36.026,-80.342
"3350",6-07-20,47,"Clemmons Middle","PM 2.5","Forsyth",36.026,-80.342
"3351",6-08-20,62,"Clemmons Middle","PM 2.5","Forsyth",36.026,-80.342
"3352",6-09-20,60,"Clemmons Middle","PM 2.5","Forsyth",36.026,-80.342
"3353",6-10-20,60,"Clemmons Middle","PM 2.5","Forsyth",36.026,-80.342
"3354",6-11-20,46,"Clemmons Middle","PM 2.5","Forsyth",36.026,-80.342
"3355",6-12-20,41,"Clemmons Middle","PM 2.5","Forsyth",36.026,-80.342
"3356",NA,49,"Clemmons Middle","PM 2.5","Forsyth",36.026,-80.342
"3357",NA,39,"Clemmons Middle","PM 2.5","Forsyth",36.026,-80.342
"3358",NA,38,"Clemmons Middle","PM 2.5","Forsyth",36.026,-80.342
"3359",NA,57,"Clemmons Middle","PM 2.5","Forsyth",36.026,-80.342
"3360",NA,56,"Clemmons Middle","PM 2.5","Forsyth",36.026,-80.342
"3361",NA,55,"Clemmons Middle","PM 2.5","Forsyth",36.026,-80.342
"3362",NA,57,"Clemmons Middle","PM 2.5","Forsyth",36.026,-80.342
"3363",NA,57,"Clemmons Middle","PM 2.5","Forsyth",36.026,-80.342
"3364",NA,41,"Clemmons Middle","PM 2.5","Forsyth",36.026,-80.342
"3365",NA,32,"Clemmons Middle","PM 2.5","Forsyth",36.026,-80.342
"3366",NA,37,"Clemmons Middle","PM 2.5","Forsyth",36.026,-80.342
"3367",NA,34,"Clemmons Middle","PM 2.5","Forsyth",36.026,-80.342
"3368",NA,35,"Clemmons Middle","PM 2.5","Forsyth",36.026,-80.342
"3369",NA,24,"Clemmons Middle","PM 2.5","Forsyth",36.026,-80.342
"3370",NA,33,"Clemmons Middle","PM 2.5","Forsyth",36.026,-80.342
"3371",NA,30,"Clemmons Middle","PM 2.5","Forsyth",36.026,-80.342
"3372",NA,47,"Clemmons Middle","PM 2.5","Forsyth",36.026,-80.342
"3373",NA,55,"Clemmons Middle","PM 2.5","Forsyth",36.026,-80.342
"3374",7-01-20,35,"Clemmons Middle","PM 2.5","Forsyth",36.026,-80.342
"3375",7-02-20,32,"Clemmons Middle","PM 2.5","Forsyth",36.026,-80.342
"3376",7-03-20,54,"Clemmons Middle","PM 2.5","Forsyth",36.026,-80.342
"3377",7-04-20,57,"Clemmons Middle","PM 2.5","Forsyth",36.026,-80.342
"3378",7-05-20,31,"Clemmons Middle","PM 2.5","Forsyth",36.026,-80.342
"3379",7-06-20,34,"Clemmons Middle","PM 2.5","Forsyth",36.026,-80.342
"3380",7-07-20,33,"Clemmons Middle","PM 2.5","Forsyth",36.026,-80.342
"3381",7-08-20,21,"Clemmons Middle","PM 2.5","Forsyth",36.026,-80.342
"3382",7-09-20,23,"Clemmons Middle","PM 2.5","Forsyth",36.026,-80.342
"3383",7-10-20,47,"Clemmons Middle","PM 2.5","Forsyth",36.026,-80.342
"3384",7-11-20,52,"Clemmons Middle","PM 2.5","Forsyth",36.026,-80.342
"3385",7-12-20,48,"Clemmons Middle","PM 2.5","Forsyth",36.026,-80.342
"3386",NA,44,"Clemmons Middle","PM 2.5","Forsyth",36.026,-80.342
"3387",NA,37,"Clemmons Middle","PM 2.5","Forsyth",36.026,-80.342
"3388",NA,38,"Clemmons Middle","PM 2.5","Forsyth",36.026,-80.342
"3389",NA,32,"Clemmons Middle","PM 2.5","Forsyth",36.026,-80.342
"3390",NA,29,"Clemmons Middle","PM 2.5","Forsyth",36.026,-80.342
"3391",NA,47,"Clemmons Middle","PM 2.5","Forsyth",36.026,-80.342
"3392",NA,40,"Clemmons Middle","PM 2.5","Forsyth",36.026,-80.342
"3393",NA,31,"Clemmons Middle","PM 2.5","Forsyth",36.026,-80.342
"3394",NA,38,"Clemmons Middle","PM 2.5","Forsyth",36.026,-80.342
"3395",NA,26,"Clemmons Middle","PM 2.5","Forsyth",36.026,-80.342
"3396",NA,28,"Clemmons Middle","PM 2.5","Forsyth",36.026,-80.342
"3397",NA,33,"Clemmons Middle","PM 2.5","Forsyth",36.026,-80.342
"3398",NA,50,"Clemmons Middle","PM 2.5","Forsyth",36.026,-80.342
"3399",NA,43,"Clemmons Middle","PM 2.5","Forsyth",36.026,-80.342
"3400",NA,42,"Clemmons Middle","PM 2.5","Forsyth",36.026,-80.342
"3401",NA,26,"Clemmons Middle","PM 2.5","Forsyth",36.026,-80.342
"3402",NA,31,"Clemmons Middle","PM 2.5","Forsyth",36.026,-80.342
"3403",8-01-20,23,"Clemmons Middle","PM 2.5","Forsyth",36.026,-80.342
"3404",8-02-20,18,"Clemmons Middle","PM 2.5","Forsyth",36.026,-80.342
"3405",8-03-20,17,"Clemmons Middle","PM 2.5","Forsyth",36.026,-80.342
"3406",8-04-20,22,"Clemmons Middle","PM 2.5","Forsyth",36.026,-80.342
"3407",8-05-20,29,"Clemmons Middle","PM 2.5","Forsyth",36.026,-80.342
"3408",8-06-20,37,"Clemmons Middle","PM 2.5","Forsyth",36.026,-80.342
"3409",8-07-20,32,"Clemmons Middle","PM 2.5","Forsyth",36.026,-80.342
"3410",8-08-20,25,"Clemmons Middle","PM 2.5","Forsyth",36.026,-80.342
"3411",8-09-20,40,"Clemmons Middle","PM 2.5","Forsyth",36.026,-80.342
"3412",8-10-20,52,"Clemmons Middle","PM 2.5","Forsyth",36.026,-80.342
"3413",8-11-20,34,"Clemmons Middle","PM 2.5","Forsyth",36.026,-80.342
"3414",8-12-20,41,"Clemmons Middle","PM 2.5","Forsyth",36.026,-80.342
"3415",NA,42,"Clemmons Middle","PM 2.5","Forsyth",36.026,-80.342
"3416",NA,52,"Clemmons Middle","PM 2.5","Forsyth",36.026,-80.342
"3417",NA,54,"Clemmons Middle","PM 2.5","Forsyth",36.026,-80.342
"3418",NA,63,"Clemmons Middle","PM 2.5","Forsyth",36.026,-80.342
"3419",NA,52,"Clemmons Middle","PM 2.5","Forsyth",36.026,-80.342
"3420",NA,30,"Clemmons Middle","PM 2.5","Forsyth",36.026,-80.342
"3421",NA,28,"Clemmons Middle","PM 2.5","Forsyth",36.026,-80.342
"3422",NA,35,"Clemmons Middle","PM 2.5","Forsyth",36.026,-80.342
"3423",NA,33,"Clemmons Middle","PM 2.5","Forsyth",36.026,-80.342
"3424",NA,32,"Clemmons Middle","PM 2.5","Forsyth",36.026,-80.342
"3425",NA,55,"Clemmons Middle","PM 2.5","Forsyth",36.026,-80.342
"3426",NA,34,"Clemmons Middle","PM 2.5","Forsyth",36.026,-80.342
"3427",NA,43,"Clemmons Middle","PM 2.5","Forsyth",36.026,-80.342
"3428",NA,52,"Clemmons Middle","PM 2.5","Forsyth",36.026,-80.342
"3429",NA,58,"Clemmons Middle","PM 2.5","Forsyth",36.026,-80.342
"3430",NA,60,"Clemmons Middle","PM 2.5","Forsyth",36.026,-80.342
"3431",NA,53,"Clemmons Middle","PM 2.5","Forsyth",36.026,-80.342
"3432",NA,54,"Clemmons Middle","PM 2.5","Forsyth",36.026,-80.342
"3433",NA,29,"Clemmons Middle","PM 2.5","Forsyth",36.026,-80.342
"3434",9-01-20,31,"Clemmons Middle","PM 2.5","Forsyth",36.026,-80.342
"3435",9-02-20,33,"Clemmons Middle","PM 2.5","Forsyth",36.026,-80.342
"3436",9-03-20,33,"Clemmons Middle","PM 2.5","Forsyth",36.026,-80.342
"3437",9-04-20,38,"Clemmons Middle","PM 2.5","Forsyth",36.026,-80.342
"3438",9-05-20,47,"Clemmons Middle","PM 2.5","Forsyth",36.026,-80.342
"3439",9-06-20,42,"Clemmons Middle","PM 2.5","Forsyth",36.026,-80.342
"3440",9-07-20,46,"Clemmons Middle","PM 2.5","Forsyth",36.026,-80.342
"3441",9-08-20,51,"Clemmons Middle","PM 2.5","Forsyth",36.026,-80.342
"3442",9-09-20,20,"Clemmons Middle","PM 2.5","Forsyth",36.026,-80.342
"3443",9-10-20,26,"Clemmons Middle","PM 2.5","Forsyth",36.026,-80.342
"3444",9-11-20,33,"Clemmons Middle","PM 2.5","Forsyth",36.026,-80.342
"3445",9-12-20,23,"Clemmons Middle","PM 2.5","Forsyth",36.026,-80.342
"3446",NA,23,"Clemmons Middle","PM 2.5","Forsyth",36.026,-80.342
"3447",NA,16,"Clemmons Middle","PM 2.5","Forsyth",36.026,-80.342
"3448",NA,18,"Clemmons Middle","PM 2.5","Forsyth",36.026,-80.342
"3449",NA,13,"Clemmons Middle","PM 2.5","Forsyth",36.026,-80.342
"3450",NA,18,"Clemmons Middle","PM 2.5","Forsyth",36.026,-80.342
"3451",NA,23,"Clemmons Middle","PM 2.5","Forsyth",36.026,-80.342
"3452",NA,42,"Clemmons Middle","PM 2.5","Forsyth",36.026,-80.342
"3453",NA,56,"Clemmons Middle","PM 2.5","Forsyth",36.026,-80.342
"3454",NA,59,"Clemmons Middle","PM 2.5","Forsyth",36.026,-80.342
"3455",NA,57,"Clemmons Middle","PM 2.5","Forsyth",36.026,-80.342
"3456",NA,37,"Clemmons Middle","PM 2.5","Forsyth",36.026,-80.342
"3457",NA,22,"Clemmons Middle","PM 2.5","Forsyth",36.026,-80.342
"3458",NA,33,"Clemmons Middle","PM 2.5","Forsyth",36.026,-80.342
"3459",NA,31,"Clemmons Middle","PM 2.5","Forsyth",36.026,-80.342
"3460",NA,32,"Clemmons Middle","PM 2.5","Forsyth",36.026,-80.342
"3461",NA,23,"Clemmons Middle","PM 2.5","Forsyth",36.026,-80.342
"3462",NA,29,"Clemmons Middle","PM 2.5","Forsyth",36.026,-80.342
"3463",NA,34,"Clemmons Middle","PM 2.5","Forsyth",36.026,-80.342
"3464",10-01-20,37,"Clemmons Middle","PM 2.5","Forsyth",36.026,-80.342
"3465",10-02-20,45,"Clemmons Middle","PM 2.5","Forsyth",36.026,-80.342
"3466",10-03-20,40,"Clemmons Middle","PM 2.5","Forsyth",36.026,-80.342
"3467",10-04-20,38,"Clemmons Middle","PM 2.5","Forsyth",36.026,-80.342
"3468",10-05-20,43,"Clemmons Middle","PM 2.5","Forsyth",36.026,-80.342
"3469",10-06-20,50,"Clemmons Middle","PM 2.5","Forsyth",36.026,-80.342
"3470",10-07-20,51,"Clemmons Middle","PM 2.5","Forsyth",36.026,-80.342
"3471",10-08-20,40,"Clemmons Middle","PM 2.5","Forsyth",36.026,-80.342
"3472",10-09-20,28,"Clemmons Middle","PM 2.5","Forsyth",36.026,-80.342
"3473",10-10-20,31,"Clemmons Middle","PM 2.5","Forsyth",36.026,-80.342
"3474",10-11-20,21,"Clemmons Middle","PM 2.5","Forsyth",36.026,-80.342
"3475",10-12-20,23,"Clemmons Middle","PM 2.5","Forsyth",36.026,-80.342
"3476",NA,20,"Clemmons Middle","PM 2.5","Forsyth",36.026,-80.342
"3477",NA,34,"Clemmons Middle","PM 2.5","Forsyth",36.026,-80.342
"3478",NA,41,"Clemmons Middle","PM 2.5","Forsyth",36.026,-80.342
"3479",NA,34,"Clemmons Middle","PM 2.5","Forsyth",36.026,-80.342
"3480",NA,23,"Clemmons Middle","PM 2.5","Forsyth",36.026,-80.342
"3481",NA,25,"Clemmons Middle","PM 2.5","Forsyth",36.026,-80.342
"3482",NA,38,"Clemmons Middle","PM 2.5","Forsyth",36.026,-80.342
"3483",NA,40,"Clemmons Middle","PM 2.5","Forsyth",36.026,-80.342
"3484",NA,13,"Clemmons Middle","PM 2.5","Forsyth",36.026,-80.342
"3485",NA,30,"Clemmons Middle","PM 2.5","Forsyth",36.026,-80.342
"3486",NA,31,"Clemmons Middle","PM 2.5","Forsyth",36.026,-80.342
"3487",NA,28,"Clemmons Middle","PM 2.5","Forsyth",36.026,-80.342
"3488",NA,33,"Clemmons Middle","PM 2.5","Forsyth",36.026,-80.342
"3489",NA,31,"Clemmons Middle","PM 2.5","Forsyth",36.026,-80.342
"3490",NA,15,"Clemmons Middle","PM 2.5","Forsyth",36.026,-80.342
"3491",NA,26,"Clemmons Middle","PM 2.5","Forsyth",36.026,-80.342
"3492",NA,23,"Clemmons Middle","PM 2.5","Forsyth",36.026,-80.342
"3493",NA,23,"Clemmons Middle","PM 2.5","Forsyth",36.026,-80.342
"3494",NA,47,"Clemmons Middle","PM 2.5","Forsyth",36.026,-80.342
"3495",11-01-20,33,"Clemmons Middle","PM 2.5","Forsyth",36.026,-80.342
"3496",11-02-20,24,"Clemmons Middle","PM 2.5","Forsyth",36.026,-80.342
"3497",11-03-20,22,"Clemmons Middle","PM 2.5","Forsyth",36.026,-80.342
"3498",11-04-20,52,"Clemmons Middle","PM 2.5","Forsyth",36.026,-80.342
"3499",11-05-20,28,"Clemmons Middle","PM 2.5","Forsyth",36.026,-80.342
"3500",11-06-20,22,"Clemmons Middle","PM 2.5","Forsyth",36.026,-80.342
"3501",11-07-20,36,"Clemmons Middle","PM 2.5","Forsyth",36.026,-80.342
"3502",11-08-20,30,"Clemmons Middle","PM 2.5","Forsyth",36.026,-80.342
"3503",11-09-20,30,"Clemmons Middle","PM 2.5","Forsyth",36.026,-80.342
"3504",11-10-20,29,"Clemmons Middle","PM 2.5","Forsyth",36.026,-80.342
"3505",11-11-20,43,"Clemmons Middle","PM 2.5","Forsyth",36.026,-80.342
"3506",11-12-20,51,"Clemmons Middle","PM 2.5","Forsyth",36.026,-80.342
"3507",NA,22,"Clemmons Middle","PM 2.5","Forsyth",36.026,-80.342
"3508",NA,36,"Clemmons Middle","PM 2.5","Forsyth",36.026,-80.342
"3509",NA,20,"Clemmons Middle","PM 2.5","Forsyth",36.026,-80.342
"3510",NA,29,"Clemmons Middle","PM 2.5","Forsyth",36.026,-80.342
"3511",NA,56,"Clemmons Middle","PM 2.5","Forsyth",36.026,-80.342
"3512",NA,66,"Clemmons Middle","PM 2.5","Forsyth",36.026,-80.342
"3513",NA,68,"Clemmons Middle","PM 2.5","Forsyth",36.026,-80.342
"3514",NA,54,"Clemmons Middle","PM 2.5","Forsyth",36.026,-80.342
"3515",NA,27,"Clemmons Middle","PM 2.5","Forsyth",36.026,-80.342
"3516",NA,46,"Clemmons Middle","PM 2.5","Forsyth",36.026,-80.342
"3517",NA,41,"Clemmons Middle","PM 2.5","Forsyth",36.026,-80.342
"3518",NA,25,"Clemmons Middle","PM 2.5","Forsyth",36.026,-80.342
"3519",NA,42,"Clemmons Middle","PM 2.5","Forsyth",36.026,-80.342
"3520",NA,42,"Clemmons Middle","PM 2.5","Forsyth",36.026,-80.342
"3521",NA,13,"Clemmons Middle","PM 2.5","Forsyth",36.026,-80.342
"3522",NA,35,"Clemmons Middle","PM 2.5","Forsyth",36.026,-80.342
"3523",NA,50,"Clemmons Middle","PM 2.5","Forsyth",36.026,-80.342
"3524",NA,55,"Clemmons Middle","PM 2.5","Forsyth",36.026,-80.342
"3525",12-01-20,60,"Clemmons Middle","PM 2.5","Forsyth",36.026,-80.342
"3526",12-02-20,28,"Clemmons Middle","PM 2.5","Forsyth",36.026,-80.342
"3527",12-03-20,31,"Clemmons Middle","PM 2.5","Forsyth",36.026,-80.342
"3528",12-04-20,15,"Clemmons Middle","PM 2.5","Forsyth",36.026,-80.342
"3529",12-05-20,18,"Clemmons Middle","PM 2.5","Forsyth",36.026,-80.342
"3530",12-06-20,33,"Clemmons Middle","PM 2.5","Forsyth",36.026,-80.342
"3531",12-07-20,52,"Clemmons Middle","PM 2.5","Forsyth",36.026,-80.342
"3532",12-08-20,56,"Clemmons Middle","PM 2.5","Forsyth",36.026,-80.342
"3533",12-09-20,34,"Clemmons Middle","PM 2.5","Forsyth",36.026,-80.342
"3534",12-10-20,35,"Clemmons Middle","PM 2.5","Forsyth",36.026,-80.342
"3535",12-11-20,61,"Clemmons Middle","PM 2.5","Forsyth",36.026,-80.342
"3536",12-12-20,70,"Clemmons Middle","PM 2.5","Forsyth",36.026,-80.342
"3537",NA,76,"Clemmons Middle","PM 2.5","Forsyth",36.026,-80.342
"3538",NA,61,"Clemmons Middle","PM 2.5","Forsyth",36.026,-80.342
"3539",NA,14,"Clemmons Middle","PM 2.5","Forsyth",36.026,-80.342
"3540",NA,25,"Clemmons Middle","PM 2.5","Forsyth",36.026,-80.342
"3541",NA,14,"Clemmons Middle","PM 2.5","Forsyth",36.026,-80.342
"3542",NA,23,"Clemmons Middle","PM 2.5","Forsyth",36.026,-80.342
"3543",NA,58,"Clemmons Middle","PM 2.5","Forsyth",36.026,-80.342
"3544",NA,56,"Clemmons Middle","PM 2.5","Forsyth",36.026,-80.342
"3545",NA,18,"Clemmons Middle","PM 2.5","Forsyth",36.026,-80.342
"3546",NA,11,"Clemmons Middle","PM 2.5","Forsyth",36.026,-80.342
"3547",NA,46,"Clemmons Middle","PM 2.5","Forsyth",36.026,-80.342
"3548",NA,21,"Clemmons Middle","PM 2.5","Forsyth",36.026,-80.342
"3549",NA,36,"Clemmons Middle","PM 2.5","Forsyth",36.026,-80.342
"3550",NA,64,"Clemmons Middle","PM 2.5","Forsyth",36.026,-80.342
"3551",NA,62,"Clemmons Middle","PM 2.5","Forsyth",36.026,-80.342
"3552",NA,25,"Clemmons Middle","PM 2.5","Forsyth",36.026,-80.342
"3553",NA,25,"Clemmons Middle","PM 2.5","Forsyth",36.026,-80.342
"3554",NA,49,"Clemmons Middle","PM 2.5","Forsyth",36.026,-80.342
"3555",NA,44,"Clemmons Middle","PM 2.5","Forsyth",36.026,-80.342
"3556",1-03-20,60,"Mendenhall School","PM 2.5","Guilford",36.1090060008986,-79.802314
"3557",1-04-20,25,"Mendenhall School","PM 2.5","Guilford",36.1090060008986,-79.802314
"3558",1-05-20,23,"Mendenhall School","PM 2.5","Guilford",36.1090060008986,-79.802314
"3559",1-06-20,23,"Mendenhall School","PM 2.5","Guilford",36.1090060008986,-79.802314
"3560",1-07-20,38,"Mendenhall School","PM 2.5","Guilford",36.1090060008986,-79.802314
"3561",1-08-20,44,"Mendenhall School","PM 2.5","Guilford",36.1090060008986,-79.802314
"3562",1-09-20,43,"Mendenhall School","PM 2.5","Guilford",36.1090060008986,-79.802314
"3563",1-10-20,29,"Mendenhall School","PM 2.5","Guilford",36.1090060008986,-79.802314
"3564",1-11-20,55,"Mendenhall School","PM 2.5","Guilford",36.1090060008986,-79.802314
"3565",1-12-20,15,"Mendenhall School","PM 2.5","Guilford",36.1090060008986,-79.802314
"3566",NA,12,"Mendenhall School","PM 2.5","Guilford",36.1090060008986,-79.802314
"3567",NA,22,"Mendenhall School","PM 2.5","Guilford",36.1090060008986,-79.802314
"3568",NA,40,"Mendenhall School","PM 2.5","Guilford",36.1090060008986,-79.802314
"3569",NA,70,"Mendenhall School","PM 2.5","Guilford",36.1090060008986,-79.802314
"3570",NA,51,"Mendenhall School","PM 2.5","Guilford",36.1090060008986,-79.802314
"3571",NA,34,"Mendenhall School","PM 2.5","Guilford",36.1090060008986,-79.802314
"3572",NA,37,"Mendenhall School","PM 2.5","Guilford",36.1090060008986,-79.802314
"3573",NA,38,"Mendenhall School","PM 2.5","Guilford",36.1090060008986,-79.802314
"3574",NA,34,"Mendenhall School","PM 2.5","Guilford",36.1090060008986,-79.802314
"3575",NA,51,"Mendenhall School","PM 2.5","Guilford",36.1090060008986,-79.802314
"3576",NA,19,"Mendenhall School","PM 2.5","Guilford",36.1090060008986,-79.802314
"3577",NA,13,"Mendenhall School","PM 2.5","Guilford",36.1090060008986,-79.802314
"3578",NA,27,"Mendenhall School","PM 2.5","Guilford",36.1090060008986,-79.802314
"3579",NA,56,"Mendenhall School","PM 2.5","Guilford",36.1090060008986,-79.802314
"3580",NA,55,"Mendenhall School","PM 2.5","Guilford",36.1090060008986,-79.802314
"3581",NA,46,"Mendenhall School","PM 2.5","Guilford",36.1090060008986,-79.802314
"3582",NA,15,"Mendenhall School","PM 2.5","Guilford",36.1090060008986,-79.802314
"3583",NA,20,"Mendenhall School","PM 2.5","Guilford",36.1090060008986,-79.802314
"3584",NA,26,"Mendenhall School","PM 2.5","Guilford",36.1090060008986,-79.802314
"3585",2-01-20,41,"Mendenhall School","PM 2.5","Guilford",36.1090060008986,-79.802314
"3586",2-02-20,13,"Mendenhall School","PM 2.5","Guilford",36.1090060008986,-79.802314
"3587",2-03-20,25,"Mendenhall School","PM 2.5","Guilford",36.1090060008986,-79.802314
"3588",2-04-20,36,"Mendenhall School","PM 2.5","Guilford",36.1090060008986,-79.802314
"3589",2-05-20,25,"Mendenhall School","PM 2.5","Guilford",36.1090060008986,-79.802314
"3590",2-06-20,38,"Mendenhall School","PM 2.5","Guilford",36.1090060008986,-79.802314
"3591",2-07-20,27,"Mendenhall School","PM 2.5","Guilford",36.1090060008986,-79.802314
"3592",2-08-20,27,"Mendenhall School","PM 2.5","Guilford",36.1090060008986,-79.802314
"3593",2-09-20,54,"Mendenhall School","PM 2.5","Guilford",36.1090060008986,-79.802314
"3594",2-10-20,49,"Mendenhall School","PM 2.5","Guilford",36.1090060008986,-79.802314
"3595",2-11-20,18,"Mendenhall School","PM 2.5","Guilford",36.1090060008986,-79.802314
"3596",2-12-20,13,"Mendenhall School","PM 2.5","Guilford",36.1090060008986,-79.802314
"3597",NA,26,"Mendenhall School","PM 2.5","Guilford",36.1090060008986,-79.802314
"3598",NA,45,"Mendenhall School","PM 2.5","Guilford",36.1090060008986,-79.802314
"3599",NA,28,"Mendenhall School","PM 2.5","Guilford",36.1090060008986,-79.802314
"3600",NA,18,"Mendenhall School","PM 2.5","Guilford",36.1090060008986,-79.802314
"3601",NA,18,"Mendenhall School","PM 2.5","Guilford",36.1090060008986,-79.802314
"3602",NA,22,"Mendenhall School","PM 2.5","Guilford",36.1090060008986,-79.802314
"3603",NA,32,"Mendenhall School","PM 2.5","Guilford",36.1090060008986,-79.802314
"3604",NA,40,"Mendenhall School","PM 2.5","Guilford",36.1090060008986,-79.802314
"3605",NA,31,"Mendenhall School","PM 2.5","Guilford",36.1090060008986,-79.802314
"3606",NA,34,"Mendenhall School","PM 2.5","Guilford",36.1090060008986,-79.802314
"3607",NA,56,"Mendenhall School","PM 2.5","Guilford",36.1090060008986,-79.802314
"3608",NA,49,"Mendenhall School","PM 2.5","Guilford",36.1090060008986,-79.802314
"3609",NA,29,"Mendenhall School","PM 2.5","Guilford",36.1090060008986,-79.802314
"3610",NA,19,"Mendenhall School","PM 2.5","Guilford",36.1090060008986,-79.802314
"3611",NA,21,"Mendenhall School","PM 2.5","Guilford",36.1090060008986,-79.802314
"3612",NA,45,"Mendenhall School","PM 2.5","Guilford",36.1090060008986,-79.802314
"3613",3-01-20,37,"Mendenhall School","PM 2.5","Guilford",36.1090060008986,-79.802314
"3614",3-02-20,10,"Mendenhall School","PM 2.5","Guilford",36.1090060008986,-79.802314
"3615",3-03-20,14,"Mendenhall School","PM 2.5","Guilford",36.1090060008986,-79.802314
"3616",3-04-20,19,"Mendenhall School","PM 2.5","Guilford",36.1090060008986,-79.802314
"3617",3-05-20,20,"Mendenhall School","PM 2.5","Guilford",36.1090060008986,-79.802314
"3618",3-06-20,26,"Mendenhall School","PM 2.5","Guilford",36.1090060008986,-79.802314
"3619",3-07-20,24,"Mendenhall School","PM 2.5","Guilford",36.1090060008986,-79.802314
"3620",3-08-20,20,"Mendenhall School","PM 2.5","Guilford",36.1090060008986,-79.802314
"3621",3-09-20,30,"Mendenhall School","PM 2.5","Guilford",36.1090060008986,-79.802314
"3622",3-10-20,62,"Mendenhall School","PM 2.5","Guilford",36.1090060008986,-79.802314
"3623",3-11-20,60,"Mendenhall School","PM 2.5","Guilford",36.1090060008986,-79.802314
"3624",3-12-20,35,"Mendenhall School","PM 2.5","Guilford",36.1090060008986,-79.802314
"3625",NA,25,"Mendenhall School","PM 2.5","Guilford",36.1090060008986,-79.802314
"3626",NA,19,"Mendenhall School","PM 2.5","Guilford",36.1090060008986,-79.802314
"3627",NA,42,"Mendenhall School","PM 2.5","Guilford",36.1090060008986,-79.802314
"3628",NA,35,"Mendenhall School","PM 2.5","Guilford",36.1090060008986,-79.802314
"3629",NA,50,"Mendenhall School","PM 2.5","Guilford",36.1090060008986,-79.802314
"3630",NA,29,"Mendenhall School","PM 2.5","Guilford",36.1090060008986,-79.802314
"3631",NA,43,"Mendenhall School","PM 2.5","Guilford",36.1090060008986,-79.802314
"3632",NA,18,"Mendenhall School","PM 2.5","Guilford",36.1090060008986,-79.802314
"3633",NA,15,"Mendenhall School","PM 2.5","Guilford",36.1090060008986,-79.802314
"3634",NA,13,"Mendenhall School","PM 2.5","Guilford",36.1090060008986,-79.802314
"3635",NA,23,"Mendenhall School","PM 2.5","Guilford",36.1090060008986,-79.802314
"3636",NA,39,"Mendenhall School","PM 2.5","Guilford",36.1090060008986,-79.802314
"3637",NA,21,"Mendenhall School","PM 2.5","Guilford",36.1090060008986,-79.802314
"3638",NA,22,"Mendenhall School","PM 2.5","Guilford",36.1090060008986,-79.802314
"3639",NA,34,"Mendenhall School","PM 2.5","Guilford",36.1090060008986,-79.802314
"3640",NA,48,"Mendenhall School","PM 2.5","Guilford",36.1090060008986,-79.802314
"3641",NA,53,"Mendenhall School","PM 2.5","Guilford",36.1090060008986,-79.802314
"3642",NA,19,"Mendenhall School","PM 2.5","Guilford",36.1090060008986,-79.802314
"3643",NA,19,"Mendenhall School","PM 2.5","Guilford",36.1090060008986,-79.802314
"3644",4-01-20,31,"Mendenhall School","PM 2.5","Guilford",36.1090060008986,-79.802314
"3645",4-02-20,35,"Mendenhall School","PM 2.5","Guilford",36.1090060008986,-79.802314
"3646",4-05-20,17,"Mendenhall School","PM 2.5","Guilford",36.1090060008986,-79.802314
"3647",4-06-20,49,"Mendenhall School","PM 2.5","Guilford",36.1090060008986,-79.802314
"3648",4-07-20,28,"Mendenhall School","PM 2.5","Guilford",36.1090060008986,-79.802314
"3649",4-08-20,15,"Mendenhall School","PM 2.5","Guilford",36.1090060008986,-79.802314
"3650",4-09-20,28,"Mendenhall School","PM 2.5","Guilford",36.1090060008986,-79.802314
"3651",4-10-20,32,"Mendenhall School","PM 2.5","Guilford",36.1090060008986,-79.802314
"3652",4-11-20,41,"Mendenhall School","PM 2.5","Guilford",36.1090060008986,-79.802314
"3653",4-12-20,51,"Mendenhall School","PM 2.5","Guilford",36.1090060008986,-79.802314
"3654",NA,51,"Mendenhall School","PM 2.5","Guilford",36.1090060008986,-79.802314
"3655",NA,43,"Mendenhall School","PM 2.5","Guilford",36.1090060008986,-79.802314
"3656",NA,25,"Mendenhall School","PM 2.5","Guilford",36.1090060008986,-79.802314
"3657",NA,6,"Mendenhall School","PM 2.5","Guilford",36.1090060008986,-79.802314
"3658",NA,17,"Mendenhall School","PM 2.5","Guilford",36.1090060008986,-79.802314
"3659",NA,27,"Mendenhall School","PM 2.5","Guilford",36.1090060008986,-79.802314
"3660",NA,28,"Mendenhall School","PM 2.5","Guilford",36.1090060008986,-79.802314
"3661",NA,21,"Mendenhall School","PM 2.5","Guilford",36.1090060008986,-79.802314
"3662",NA,30,"Mendenhall School","PM 2.5","Guilford",36.1090060008986,-79.802314
"3663",NA,31,"Mendenhall School","PM 2.5","Guilford",36.1090060008986,-79.802314
"3664",NA,21,"Mendenhall School","PM 2.5","Guilford",36.1090060008986,-79.802314
"3665",NA,8,"Mendenhall School","PM 2.5","Guilford",36.1090060008986,-79.802314
"3666",NA,8,"Mendenhall School","PM 2.5","Guilford",36.1090060008986,-79.802314
"3667",NA,14,"Mendenhall School","PM 2.5","Guilford",36.1090060008986,-79.802314
"3668",NA,20,"Mendenhall School","PM 2.5","Guilford",36.1090060008986,-79.802314
"3669",NA,33,"Mendenhall School","PM 2.5","Guilford",36.1090060008986,-79.802314
"3670",NA,16,"Mendenhall School","PM 2.5","Guilford",36.1090060008986,-79.802314
"3671",NA,21,"Mendenhall School","PM 2.5","Guilford",36.1090060008986,-79.802314
"3672",5-01-20,31,"Mendenhall School","PM 2.5","Guilford",36.1090060008986,-79.802314
"3673",5-02-20,43,"Mendenhall School","PM 2.5","Guilford",36.1090060008986,-79.802314
"3674",5-03-20,43,"Mendenhall School","PM 2.5","Guilford",36.1090060008986,-79.802314
"3675",5-04-20,43,"Mendenhall School","PM 2.5","Guilford",36.1090060008986,-79.802314
"3676",5-05-20,52,"Mendenhall School","PM 2.5","Guilford",36.1090060008986,-79.802314
"3677",5-06-20,42,"Mendenhall School","PM 2.5","Guilford",36.1090060008986,-79.802314
"3678",5-07-20,23,"Mendenhall School","PM 2.5","Guilford",36.1090060008986,-79.802314
"3679",5-12-20,52,"Mendenhall School","PM 2.5","Guilford",36.1090060008986,-79.802314
"3680",NA,57,"Mendenhall School","PM 2.5","Guilford",36.1090060008986,-79.802314
"3681",NA,57,"Mendenhall School","PM 2.5","Guilford",36.1090060008986,-79.802314
"3682",NA,29,"Mendenhall School","PM 2.5","Guilford",36.1090060008986,-79.802314
"3683",NA,22,"Mendenhall School","PM 2.5","Guilford",36.1090060008986,-79.802314
"3684",NA,20,"Mendenhall School","PM 2.5","Guilford",36.1090060008986,-79.802314
"3685",NA,22,"Mendenhall School","PM 2.5","Guilford",36.1090060008986,-79.802314
"3686",NA,13,"Mendenhall School","PM 2.5","Guilford",36.1090060008986,-79.802314
"3687",NA,34,"Mendenhall School","PM 2.5","Guilford",36.1090060008986,-79.802314
"3688",NA,33,"Mendenhall School","PM 2.5","Guilford",36.1090060008986,-79.802314
"3689",NA,37,"Mendenhall School","PM 2.5","Guilford",36.1090060008986,-79.802314
"3690",NA,28,"Mendenhall School","PM 2.5","Guilford",36.1090060008986,-79.802314
"3691",NA,29,"Mendenhall School","PM 2.5","Guilford",36.1090060008986,-79.802314
"3692",NA,31,"Mendenhall School","PM 2.5","Guilford",36.1090060008986,-79.802314
"3693",NA,23,"Mendenhall School","PM 2.5","Guilford",36.1090060008986,-79.802314
"3694",NA,26,"Mendenhall School","PM 2.5","Guilford",36.1090060008986,-79.802314
"3695",NA,14,"Mendenhall School","PM 2.5","Guilford",36.1090060008986,-79.802314
"3696",NA,13,"Mendenhall School","PM 2.5","Guilford",36.1090060008986,-79.802314
"3697",NA,24,"Mendenhall School","PM 2.5","Guilford",36.1090060008986,-79.802314
"3698",NA,30,"Mendenhall School","PM 2.5","Guilford",36.1090060008986,-79.802314
"3699",6-01-20,25,"Mendenhall School","PM 2.5","Guilford",36.1090060008986,-79.802314
"3700",6-02-20,22,"Mendenhall School","PM 2.5","Guilford",36.1090060008986,-79.802314
"3701",6-03-20,28,"Mendenhall School","PM 2.5","Guilford",36.1090060008986,-79.802314
"3702",6-04-20,18,"Mendenhall School","PM 2.5","Guilford",36.1090060008986,-79.802314
"3703",6-05-20,25,"Mendenhall School","PM 2.5","Guilford",36.1090060008986,-79.802314
"3704",6-06-20,36,"Mendenhall School","PM 2.5","Guilford",36.1090060008986,-79.802314
"3705",6-07-20,43,"Mendenhall School","PM 2.5","Guilford",36.1090060008986,-79.802314
"3706",6-08-20,52,"Mendenhall School","PM 2.5","Guilford",36.1090060008986,-79.802314
"3707",6-09-20,46,"Mendenhall School","PM 2.5","Guilford",36.1090060008986,-79.802314
"3708",6-10-20,43,"Mendenhall School","PM 2.5","Guilford",36.1090060008986,-79.802314
"3709",6-11-20,36,"Mendenhall School","PM 2.5","Guilford",36.1090060008986,-79.802314
"3710",6-12-20,29,"Mendenhall School","PM 2.5","Guilford",36.1090060008986,-79.802314
"3711",NA,32,"Mendenhall School","PM 2.5","Guilford",36.1090060008986,-79.802314
"3712",NA,36,"Mendenhall School","PM 2.5","Guilford",36.1090060008986,-79.802314
"3713",NA,33,"Mendenhall School","PM 2.5","Guilford",36.1090060008986,-79.802314
"3714",NA,55,"Mendenhall School","PM 2.5","Guilford",36.1090060008986,-79.802314
"3715",NA,50,"Mendenhall School","PM 2.5","Guilford",36.1090060008986,-79.802314
"3716",NA,53,"Mendenhall School","PM 2.5","Guilford",36.1090060008986,-79.802314
"3717",NA,53,"Mendenhall School","PM 2.5","Guilford",36.1090060008986,-79.802314
"3718",NA,43,"Mendenhall School","PM 2.5","Guilford",36.1090060008986,-79.802314
"3719",NA,39,"Mendenhall School","PM 2.5","Guilford",36.1090060008986,-79.802314
"3720",NA,28,"Mendenhall School","PM 2.5","Guilford",36.1090060008986,-79.802314
"3721",NA,25,"Mendenhall School","PM 2.5","Guilford",36.1090060008986,-79.802314
"3722",NA,28,"Mendenhall School","PM 2.5","Guilford",36.1090060008986,-79.802314
"3723",NA,29,"Mendenhall School","PM 2.5","Guilford",36.1090060008986,-79.802314
"3724",NA,13,"Mendenhall School","PM 2.5","Guilford",36.1090060008986,-79.802314
"3725",NA,26,"Mendenhall School","PM 2.5","Guilford",36.1090060008986,-79.802314
"3726",NA,23,"Mendenhall School","PM 2.5","Guilford",36.1090060008986,-79.802314
"3727",NA,40,"Mendenhall School","PM 2.5","Guilford",36.1090060008986,-79.802314
"3728",NA,48,"Mendenhall School","PM 2.5","Guilford",36.1090060008986,-79.802314
"3729",7-01-20,34,"Mendenhall School","PM 2.5","Guilford",36.1090060008986,-79.802314
"3730",7-02-20,27,"Mendenhall School","PM 2.5","Guilford",36.1090060008986,-79.802314
"3731",7-03-20,48,"Mendenhall School","PM 2.5","Guilford",36.1090060008986,-79.802314
"3732",7-04-20,44,"Mendenhall School","PM 2.5","Guilford",36.1090060008986,-79.802314
"3733",7-05-20,23,"Mendenhall School","PM 2.5","Guilford",36.1090060008986,-79.802314
"3734",7-06-20,21,"Mendenhall School","PM 2.5","Guilford",36.1090060008986,-79.802314
"3735",7-07-20,21,"Mendenhall School","PM 2.5","Guilford",36.1090060008986,-79.802314
"3736",7-08-20,14,"Mendenhall School","PM 2.5","Guilford",36.1090060008986,-79.802314
"3737",7-09-20,22,"Mendenhall School","PM 2.5","Guilford",36.1090060008986,-79.802314
"3738",7-10-20,40,"Mendenhall School","PM 2.5","Guilford",36.1090060008986,-79.802314
"3739",7-11-20,48,"Mendenhall School","PM 2.5","Guilford",36.1090060008986,-79.802314
"3740",7-12-20,54,"Mendenhall School","PM 2.5","Guilford",36.1090060008986,-79.802314
"3741",NA,48,"Mendenhall School","PM 2.5","Guilford",36.1090060008986,-79.802314
"3742",NA,41,"Mendenhall School","PM 2.5","Guilford",36.1090060008986,-79.802314
"3743",NA,53,"Mendenhall School","PM 2.5","Guilford",36.1090060008986,-79.802314
"3744",NA,44,"Mendenhall School","PM 2.5","Guilford",36.1090060008986,-79.802314
"3745",NA,37,"Mendenhall School","PM 2.5","Guilford",36.1090060008986,-79.802314
"3746",NA,35,"Mendenhall School","PM 2.5","Guilford",36.1090060008986,-79.802314
"3747",NA,26,"Mendenhall School","PM 2.5","Guilford",36.1090060008986,-79.802314
"3748",NA,36,"Mendenhall School","PM 2.5","Guilford",36.1090060008986,-79.802314
"3749",NA,25,"Mendenhall School","PM 2.5","Guilford",36.1090060008986,-79.802314
"3750",NA,20,"Mendenhall School","PM 2.5","Guilford",36.1090060008986,-79.802314
"3751",NA,29,"Mendenhall School","PM 2.5","Guilford",36.1090060008986,-79.802314
"3752",NA,19,"Mendenhall School","PM 2.5","Guilford",36.1090060008986,-79.802314
"3753",NA,26,"Mendenhall School","PM 2.5","Guilford",36.1090060008986,-79.802314
"3754",NA,24,"Mendenhall School","PM 2.5","Guilford",36.1090060008986,-79.802314
"3755",NA,36,"Mendenhall School","PM 2.5","Guilford",36.1090060008986,-79.802314
"3756",NA,34,"Mendenhall School","PM 2.5","Guilford",36.1090060008986,-79.802314
"3757",NA,35,"Mendenhall School","PM 2.5","Guilford",36.1090060008986,-79.802314
"3758",NA,19,"Mendenhall School","PM 2.5","Guilford",36.1090060008986,-79.802314
"3759",NA,24,"Mendenhall School","PM 2.5","Guilford",36.1090060008986,-79.802314
"3760",8-01-20,15,"Mendenhall School","PM 2.5","Guilford",36.1090060008986,-79.802314
"3761",8-02-20,10,"Mendenhall School","PM 2.5","Guilford",36.1090060008986,-79.802314
"3762",8-03-20,8,"Mendenhall School","PM 2.5","Guilford",36.1090060008986,-79.802314
"3763",8-04-20,21,"Mendenhall School","PM 2.5","Guilford",36.1090060008986,-79.802314
"3764",8-05-20,21,"Mendenhall School","PM 2.5","Guilford",36.1090060008986,-79.802314
"3765",8-06-20,36,"Mendenhall School","PM 2.5","Guilford",36.1090060008986,-79.802314
"3766",8-07-20,30,"Mendenhall School","PM 2.5","Guilford",36.1090060008986,-79.802314
"3767",8-08-20,20,"Mendenhall School","PM 2.5","Guilford",36.1090060008986,-79.802314
"3768",8-09-20,33,"Mendenhall School","PM 2.5","Guilford",36.1090060008986,-79.802314
"3769",8-10-20,36,"Mendenhall School","PM 2.5","Guilford",36.1090060008986,-79.802314
"3770",8-11-20,30,"Mendenhall School","PM 2.5","Guilford",36.1090060008986,-79.802314
"3771",8-12-20,24,"Mendenhall School","PM 2.5","Guilford",36.1090060008986,-79.802314
"3772",NA,32,"Mendenhall School","PM 2.5","Guilford",36.1090060008986,-79.802314
"3773",NA,37,"Mendenhall School","PM 2.5","Guilford",36.1090060008986,-79.802314
"3774",NA,48,"Mendenhall School","PM 2.5","Guilford",36.1090060008986,-79.802314
"3775",NA,58,"Mendenhall School","PM 2.5","Guilford",36.1090060008986,-79.802314
"3776",NA,44,"Mendenhall School","PM 2.5","Guilford",36.1090060008986,-79.802314
"3777",NA,26,"Mendenhall School","PM 2.5","Guilford",36.1090060008986,-79.802314
"3778",NA,25,"Mendenhall School","PM 2.5","Guilford",36.1090060008986,-79.802314
"3779",NA,15,"Mendenhall School","PM 2.5","Guilford",36.1090060008986,-79.802314
"3780",NA,27,"Mendenhall School","PM 2.5","Guilford",36.1090060008986,-79.802314
"3781",NA,24,"Mendenhall School","PM 2.5","Guilford",36.1090060008986,-79.802314
"3782",NA,36,"Mendenhall School","PM 2.5","Guilford",36.1090060008986,-79.802314
"3783",NA,23,"Mendenhall School","PM 2.5","Guilford",36.1090060008986,-79.802314
"3784",NA,32,"Mendenhall School","PM 2.5","Guilford",36.1090060008986,-79.802314
"3785",NA,45,"Mendenhall School","PM 2.5","Guilford",36.1090060008986,-79.802314
"3786",NA,57,"Mendenhall School","PM 2.5","Guilford",36.1090060008986,-79.802314
"3787",NA,55,"Mendenhall School","PM 2.5","Guilford",36.1090060008986,-79.802314
"3788",NA,52,"Mendenhall School","PM 2.5","Guilford",36.1090060008986,-79.802314
"3789",NA,49,"Mendenhall School","PM 2.5","Guilford",36.1090060008986,-79.802314
"3790",NA,25,"Mendenhall School","PM 2.5","Guilford",36.1090060008986,-79.802314
"3791",9-01-20,26,"Mendenhall School","PM 2.5","Guilford",36.1090060008986,-79.802314
"3792",9-02-20,32,"Mendenhall School","PM 2.5","Guilford",36.1090060008986,-79.802314
"3793",9-05-20,33,"Mendenhall School","PM 2.5","Guilford",36.1090060008986,-79.802314
"3794",9-06-20,35,"Mendenhall School","PM 2.5","Guilford",36.1090060008986,-79.802314
"3795",9-07-20,39,"Mendenhall School","PM 2.5","Guilford",36.1090060008986,-79.802314
"3796",9-08-20,42,"Mendenhall School","PM 2.5","Guilford",36.1090060008986,-79.802314
"3797",9-09-20,10,"Mendenhall School","PM 2.5","Guilford",36.1090060008986,-79.802314
"3798",9-10-20,15,"Mendenhall School","PM 2.5","Guilford",36.1090060008986,-79.802314
"3799",9-11-20,11,"Mendenhall School","PM 2.5","Guilford",36.1090060008986,-79.802314
"3800",9-12-20,20,"Mendenhall School","PM 2.5","Guilford",36.1090060008986,-79.802314
"3801",NA,50,"Mendenhall School","PM 2.5","Guilford",36.1090060008986,-79.802314
"3802",NA,51,"Mendenhall School","PM 2.5","Guilford",36.1090060008986,-79.802314
"3803",NA,47,"Mendenhall School","PM 2.5","Guilford",36.1090060008986,-79.802314
"3804",NA,15,"Mendenhall School","PM 2.5","Guilford",36.1090060008986,-79.802314
"3805",NA,15,"Mendenhall School","PM 2.5","Guilford",36.1090060008986,-79.802314
"3806",NA,23,"Mendenhall School","PM 2.5","Guilford",36.1090060008986,-79.802314
"3807",NA,25,"Mendenhall School","PM 2.5","Guilford",36.1090060008986,-79.802314
"3808",NA,21,"Mendenhall School","PM 2.5","Guilford",36.1090060008986,-79.802314
"3809",NA,9,"Mendenhall School","PM 2.5","Guilford",36.1090060008986,-79.802314
"3810",NA,12,"Mendenhall School","PM 2.5","Guilford",36.1090060008986,-79.802314
"3811",NA,23,"Mendenhall School","PM 2.5","Guilford",36.1090060008986,-79.802314
"3812",10-01-20,30,"Mendenhall School","PM 2.5","Guilford",36.1090060008986,-79.802314
"3813",10-02-20,40,"Mendenhall School","PM 2.5","Guilford",36.1090060008986,-79.802314
"3814",10-03-20,33,"Mendenhall School","PM 2.5","Guilford",36.1090060008986,-79.802314
"3815",10-04-20,33,"Mendenhall School","PM 2.5","Guilford",36.1090060008986,-79.802314
"3816",10-05-20,33,"Mendenhall School","PM 2.5","Guilford",36.1090060008986,-79.802314
"3817",10-06-20,36,"Mendenhall School","PM 2.5","Guilford",36.1090060008986,-79.802314
"3818",10-07-20,37,"Mendenhall School","PM 2.5","Guilford",36.1090060008986,-79.802314
"3819",10-08-20,29,"Mendenhall School","PM 2.5","Guilford",36.1090060008986,-79.802314
"3820",10-09-20,12,"Mendenhall School","PM 2.5","Guilford",36.1090060008986,-79.802314
"3821",10-10-20,15,"Mendenhall School","PM 2.5","Guilford",36.1090060008986,-79.802314
"3822",NA,20,"Mendenhall School","PM 2.5","Guilford",36.1090060008986,-79.802314
"3823",NA,31,"Mendenhall School","PM 2.5","Guilford",36.1090060008986,-79.802314
"3824",NA,18,"Mendenhall School","PM 2.5","Guilford",36.1090060008986,-79.802314
"3825",NA,10,"Mendenhall School","PM 2.5","Guilford",36.1090060008986,-79.802314
"3826",NA,14,"Mendenhall School","PM 2.5","Guilford",36.1090060008986,-79.802314
"3827",NA,33,"Mendenhall School","PM 2.5","Guilford",36.1090060008986,-79.802314
"3828",NA,27,"Mendenhall School","PM 2.5","Guilford",36.1090060008986,-79.802314
"3829",NA,19,"Mendenhall School","PM 2.5","Guilford",36.1090060008986,-79.802314
"3830",NA,16,"Mendenhall School","PM 2.5","Guilford",36.1090060008986,-79.802314
"3831",NA,25,"Mendenhall School","PM 2.5","Guilford",36.1090060008986,-79.802314
"3832",NA,16,"Mendenhall School","PM 2.5","Guilford",36.1090060008986,-79.802314
"3833",NA,19,"Mendenhall School","PM 2.5","Guilford",36.1090060008986,-79.802314
"3834",NA,17,"Mendenhall School","PM 2.5","Guilford",36.1090060008986,-79.802314
"3835",NA,5,"Mendenhall School","PM 2.5","Guilford",36.1090060008986,-79.802314
"3836",NA,14,"Mendenhall School","PM 2.5","Guilford",36.1090060008986,-79.802314
"3837",NA,10,"Mendenhall School","PM 2.5","Guilford",36.1090060008986,-79.802314
"3838",NA,18,"Mendenhall School","PM 2.5","Guilford",36.1090060008986,-79.802314
"3839",NA,38,"Mendenhall School","PM 2.5","Guilford",36.1090060008986,-79.802314
"3840",11-01-20,25,"Mendenhall School","PM 2.5","Guilford",36.1090060008986,-79.802314
"3841",11-02-20,14,"Mendenhall School","PM 2.5","Guilford",36.1090060008986,-79.802314
"3842",11-03-20,33,"Mendenhall School","PM 2.5","Guilford",36.1090060008986,-79.802314
"3843",11-04-20,28,"Mendenhall School","PM 2.5","Guilford",36.1090060008986,-79.802314
"3844",11-07-20,18,"Mendenhall School","PM 2.5","Guilford",36.1090060008986,-79.802314
"3845",11-08-20,15,"Mendenhall School","PM 2.5","Guilford",36.1090060008986,-79.802314
"3846",11-09-20,17,"Mendenhall School","PM 2.5","Guilford",36.1090060008986,-79.802314
"3847",11-10-20,14,"Mendenhall School","PM 2.5","Guilford",36.1090060008986,-79.802314
"3848",11-11-20,32,"Mendenhall School","PM 2.5","Guilford",36.1090060008986,-79.802314
"3849",11-12-20,28,"Mendenhall School","PM 2.5","Guilford",36.1090060008986,-79.802314
"3850",NA,8,"Mendenhall School","PM 2.5","Guilford",36.1090060008986,-79.802314
"3851",NA,23,"Mendenhall School","PM 2.5","Guilford",36.1090060008986,-79.802314
"3852",NA,5,"Mendenhall School","PM 2.5","Guilford",36.1090060008986,-79.802314
"3853",NA,13,"Mendenhall School","PM 2.5","Guilford",36.1090060008986,-79.802314
"3854",NA,49,"Mendenhall School","PM 2.5","Guilford",36.1090060008986,-79.802314
"3855",NA,68,"Mendenhall School","PM 2.5","Guilford",36.1090060008986,-79.802314
"3856",NA,57,"Mendenhall School","PM 2.5","Guilford",36.1090060008986,-79.802314
"3857",NA,33,"Mendenhall School","PM 2.5","Guilford",36.1090060008986,-79.802314
"3858",NA,30,"Mendenhall School","PM 2.5","Guilford",36.1090060008986,-79.802314
"3859",NA,38,"Mendenhall School","PM 2.5","Guilford",36.1090060008986,-79.802314
"3860",NA,19,"Mendenhall School","PM 2.5","Guilford",36.1090060008986,-79.802314
"3861",NA,14,"Mendenhall School","PM 2.5","Guilford",36.1090060008986,-79.802314
"3862",NA,34,"Mendenhall School","PM 2.5","Guilford",36.1090060008986,-79.802314
"3863",NA,20,"Mendenhall School","PM 2.5","Guilford",36.1090060008986,-79.802314
"3864",NA,3,"Mendenhall School","PM 2.5","Guilford",36.1090060008986,-79.802314
"3865",NA,23,"Mendenhall School","PM 2.5","Guilford",36.1090060008986,-79.802314
"3866",NA,28,"Mendenhall School","PM 2.5","Guilford",36.1090060008986,-79.802314
"3867",NA,39,"Mendenhall School","PM 2.5","Guilford",36.1090060008986,-79.802314
"3868",12-01-20,52,"Mendenhall School","PM 2.5","Guilford",36.1090060008986,-79.802314
"3869",12-02-20,19,"Mendenhall School","PM 2.5","Guilford",36.1090060008986,-79.802314
"3870",12-03-20,21,"Mendenhall School","PM 2.5","Guilford",36.1090060008986,-79.802314
"3871",12-04-20,4,"Mendenhall School","PM 2.5","Guilford",36.1090060008986,-79.802314
"3872",12-05-20,5,"Mendenhall School","PM 2.5","Guilford",36.1090060008986,-79.802314
"3873",12-06-20,17,"Mendenhall School","PM 2.5","Guilford",36.1090060008986,-79.802314
"3874",12-07-20,38,"Mendenhall School","PM 2.5","Guilford",36.1090060008986,-79.802314
"3875",12-08-20,42,"Mendenhall School","PM 2.5","Guilford",36.1090060008986,-79.802314
"3876",12-09-20,18,"Mendenhall School","PM 2.5","Guilford",36.1090060008986,-79.802314
"3877",12-10-20,44,"Mendenhall School","PM 2.5","Guilford",36.1090060008986,-79.802314
"3878",12-11-20,52,"Mendenhall School","PM 2.5","Guilford",36.1090060008986,-79.802314
"3879",12-12-20,53,"Mendenhall School","PM 2.5","Guilford",36.1090060008986,-79.802314
"3880",NA,68,"Mendenhall School","PM 2.5","Guilford",36.1090060008986,-79.802314
"3881",NA,40,"Mendenhall School","PM 2.5","Guilford",36.1090060008986,-79.802314
"3882",NA,4,"Mendenhall School","PM 2.5","Guilford",36.1090060008986,-79.802314
"3883",NA,9,"Mendenhall School","PM 2.5","Guilford",36.1090060008986,-79.802314
"3884",NA,2,"Mendenhall School","PM 2.5","Guilford",36.1090060008986,-79.802314
"3885",NA,18,"Mendenhall School","PM 2.5","Guilford",36.1090060008986,-79.802314
"3886",NA,44,"Mendenhall School","PM 2.5","Guilford",36.1090060008986,-79.802314
"3887",NA,29,"Mendenhall School","PM 2.5","Guilford",36.1090060008986,-79.802314
"3888",NA,7,"Mendenhall School","PM 2.5","Guilford",36.1090060008986,-79.802314
"3889",NA,9,"Mendenhall School","PM 2.5","Guilford",36.1090060008986,-79.802314
"3890",NA,26,"Mendenhall School","PM 2.5","Guilford",36.1090060008986,-79.802314
"3891",NA,21,"Mendenhall School","PM 2.5","Guilford",36.1090060008986,-79.802314
"3892",NA,48,"Mendenhall School","PM 2.5","Guilford",36.1090060008986,-79.802314
"3893",NA,55,"Mendenhall School","PM 2.5","Guilford",36.1090060008986,-79.802314
"3894",NA,44,"Mendenhall School","PM 2.5","Guilford",36.1090060008986,-79.802314
"3895",NA,9,"Mendenhall School","PM 2.5","Guilford",36.1090060008986,-79.802314
"3896",NA,24,"Mendenhall School","PM 2.5","Guilford",36.1090060008986,-79.802314
"3897",NA,38,"Mendenhall School","PM 2.5","Guilford",36.1090060008986,-79.802314
"3898",NA,23,"Mendenhall School","PM 2.5","Guilford",36.1090060008986,-79.802314
"3899",1-02-20,7,"Frying Pan Mountain","PM 2.5","Haywood",35.379167,-82.7925
"3900",1-05-20,13,"Frying Pan Mountain","PM 2.5","Haywood",35.379167,-82.7925
"3901",1-08-20,3,"Frying Pan Mountain","PM 2.5","Haywood",35.379167,-82.7925
"3902",1-11-20,0,"Frying Pan Mountain","PM 2.5","Haywood",35.379167,-82.7925
"3903",NA,6,"Frying Pan Mountain","PM 2.5","Haywood",35.379167,-82.7925
"3904",NA,15,"Frying Pan Mountain","PM 2.5","Haywood",35.379167,-82.7925
"3905",NA,6,"Frying Pan Mountain","PM 2.5","Haywood",35.379167,-82.7925
"3906",NA,11,"Frying Pan Mountain","PM 2.5","Haywood",35.379167,-82.7925
"3907",NA,8,"Frying Pan Mountain","PM 2.5","Haywood",35.379167,-82.7925
"3908",NA,4,"Frying Pan Mountain","PM 2.5","Haywood",35.379167,-82.7925
"3909",2-01-20,12,"Frying Pan Mountain","PM 2.5","Haywood",35.379167,-82.7925
"3910",2-04-20,2,"Frying Pan Mountain","PM 2.5","Haywood",35.379167,-82.7925
"3911",2-07-20,2,"Frying Pan Mountain","PM 2.5","Haywood",35.379167,-82.7925
"3912",2-10-20,1,"Frying Pan Mountain","PM 2.5","Haywood",35.379167,-82.7925
"3913",NA,3,"Frying Pan Mountain","PM 2.5","Haywood",35.379167,-82.7925
"3914",NA,8,"Frying Pan Mountain","PM 2.5","Haywood",35.379167,-82.7925
"3915",NA,9,"Frying Pan Mountain","PM 2.5","Haywood",35.379167,-82.7925
"3916",NA,20,"Frying Pan Mountain","PM 2.5","Haywood",35.379167,-82.7925
"3917",NA,10,"Frying Pan Mountain","PM 2.5","Haywood",35.379167,-82.7925
"3918",NA,23,"Frying Pan Mountain","PM 2.5","Haywood",35.379167,-82.7925
"3919",NA,21,"Frying Pan Mountain","PM 2.5","Haywood",35.379167,-82.7925
"3920",NA,4,"Frying Pan Mountain","PM 2.5","Haywood",35.379167,-82.7925
"3921",NA,23,"Frying Pan Mountain","PM 2.5","Haywood",35.379167,-82.7925
"3922",NA,7,"Frying Pan Mountain","PM 2.5","Haywood",35.379167,-82.7925
"3923",NA,4,"Frying Pan Mountain","PM 2.5","Haywood",35.379167,-82.7925
"3924",4-02-20,32,"Frying Pan Mountain","PM 2.5","Haywood",35.379167,-82.7925
"3925",4-05-20,15,"Frying Pan Mountain","PM 2.5","Haywood",35.379167,-82.7925
"3926",4-08-20,8,"Frying Pan Mountain","PM 2.5","Haywood",35.379167,-82.7925
"3927",4-11-20,16,"Frying Pan Mountain","PM 2.5","Haywood",35.379167,-82.7925
"3928",NA,29,"Frying Pan Mountain","PM 2.5","Haywood",35.379167,-82.7925
"3929",NA,16,"Frying Pan Mountain","PM 2.5","Haywood",35.379167,-82.7925
"3930",NA,11,"Frying Pan Mountain","PM 2.5","Haywood",35.379167,-82.7925
"3931",NA,1,"Frying Pan Mountain","PM 2.5","Haywood",35.379167,-82.7925
"3932",NA,3,"Frying Pan Mountain","PM 2.5","Haywood",35.379167,-82.7925
"3933",NA,12,"Frying Pan Mountain","PM 2.5","Haywood",35.379167,-82.7925
"3934",5-02-20,35,"Frying Pan Mountain","PM 2.5","Haywood",35.379167,-82.7925
"3935",5-05-20,40,"Frying Pan Mountain","PM 2.5","Haywood",35.379167,-82.7925
"3936",5-08-20,14,"Frying Pan Mountain","PM 2.5","Haywood",35.379167,-82.7925
"3937",5-11-20,32,"Frying Pan Mountain","PM 2.5","Haywood",35.379167,-82.7925
"3938",NA,50,"Frying Pan Mountain","PM 2.5","Haywood",35.379167,-82.7925
"3939",NA,7,"Frying Pan Mountain","PM 2.5","Haywood",35.379167,-82.7925
"3940",NA,28,"Frying Pan Mountain","PM 2.5","Haywood",35.379167,-82.7925
"3941",NA,18,"Frying Pan Mountain","PM 2.5","Haywood",35.379167,-82.7925
"3942",NA,7,"Frying Pan Mountain","PM 2.5","Haywood",35.379167,-82.7925
"3943",NA,0,"Frying Pan Mountain","PM 2.5","Haywood",35.379167,-82.7925
"3944",6-01-20,14,"Frying Pan Mountain","PM 2.5","Haywood",35.379167,-82.7925
"3945",6-04-20,15,"Frying Pan Mountain","PM 2.5","Haywood",35.379167,-82.7925
"3946",6-07-20,35,"Frying Pan Mountain","PM 2.5","Haywood",35.379167,-82.7925
"3947",6-10-20,37,"Frying Pan Mountain","PM 2.5","Haywood",35.379167,-82.7925
"3948",NA,36,"Frying Pan Mountain","PM 2.5","Haywood",35.379167,-82.7925
"3949",NA,32,"Frying Pan Mountain","PM 2.5","Haywood",35.379167,-82.7925
"3950",NA,15,"Frying Pan Mountain","PM 2.5","Haywood",35.379167,-82.7925
"3951",NA,21,"Frying Pan Mountain","PM 2.5","Haywood",35.379167,-82.7925
"3952",NA,20,"Frying Pan Mountain","PM 2.5","Haywood",35.379167,-82.7925
"3953",7-01-20,12,"Frying Pan Mountain","PM 2.5","Haywood",35.379167,-82.7925
"3954",7-04-20,45,"Frying Pan Mountain","PM 2.5","Haywood",35.379167,-82.7925
"3955",7-07-20,6,"Frying Pan Mountain","PM 2.5","Haywood",35.379167,-82.7925
"3956",7-10-20,30,"Frying Pan Mountain","PM 2.5","Haywood",35.379167,-82.7925
"3957",NA,24,"Frying Pan Mountain","PM 2.5","Haywood",35.379167,-82.7925
"3958",NA,24,"Frying Pan Mountain","PM 2.5","Haywood",35.379167,-82.7925
"3959",NA,28,"Frying Pan Mountain","PM 2.5","Haywood",35.379167,-82.7925
"3960",NA,13,"Frying Pan Mountain","PM 2.5","Haywood",35.379167,-82.7925
"3961",NA,25,"Frying Pan Mountain","PM 2.5","Haywood",35.379167,-82.7925
"3962",NA,23,"Frying Pan Mountain","PM 2.5","Haywood",35.379167,-82.7925
"3963",8-03-20,2,"Frying Pan Mountain","PM 2.5","Haywood",35.379167,-82.7925
"3964",8-06-20,20,"Frying Pan Mountain","PM 2.5","Haywood",35.379167,-82.7925
"3965",8-09-20,18,"Frying Pan Mountain","PM 2.5","Haywood",35.379167,-82.7925
"3966",8-12-20,35,"Frying Pan Mountain","PM 2.5","Haywood",35.379167,-82.7925
"3967",NA,49,"Frying Pan Mountain","PM 2.5","Haywood",35.379167,-82.7925
"3968",NA,16,"Frying Pan Mountain","PM 2.5","Haywood",35.379167,-82.7925
"3969",NA,30,"Frying Pan Mountain","PM 2.5","Haywood",35.379167,-82.7925
"3970",NA,41,"Frying Pan Mountain","PM 2.5","Haywood",35.379167,-82.7925
"3971",NA,26,"Frying Pan Mountain","PM 2.5","Haywood",35.379167,-82.7925
"3972",9-02-20,15,"Frying Pan Mountain","PM 2.5","Haywood",35.379167,-82.7925
"3973",9-05-20,20,"Frying Pan Mountain","PM 2.5","Haywood",35.379167,-82.7925
"3974",9-08-20,27,"Frying Pan Mountain","PM 2.5","Haywood",35.379167,-82.7925
"3975",9-11-20,8,"Frying Pan Mountain","PM 2.5","Haywood",35.379167,-82.7925
"3976",NA,5,"Frying Pan Mountain","PM 2.5","Haywood",35.379167,-82.7925
"3977",NA,1,"Frying Pan Mountain","PM 2.5","Haywood",35.379167,-82.7925
"3978",NA,33,"Frying Pan Mountain","PM 2.5","Haywood",35.379167,-82.7925
"3979",NA,27,"Frying Pan Mountain","PM 2.5","Haywood",35.379167,-82.7925
"3980",NA,6,"Frying Pan Mountain","PM 2.5","Haywood",35.379167,-82.7925
"3981",NA,12,"Frying Pan Mountain","PM 2.5","Haywood",35.379167,-82.7925
"3982",10-02-20,23,"Frying Pan Mountain","PM 2.5","Haywood",35.379167,-82.7925
"3983",10-05-20,23,"Frying Pan Mountain","PM 2.5","Haywood",35.379167,-82.7925
"3984",10-08-20,10,"Frying Pan Mountain","PM 2.5","Haywood",35.379167,-82.7925
"3985",10-11-20,2,"Frying Pan Mountain","PM 2.5","Haywood",35.379167,-82.7925
"3986",NA,14,"Frying Pan Mountain","PM 2.5","Haywood",35.379167,-82.7925
"3987",NA,3,"Frying Pan Mountain","PM 2.5","Haywood",35.379167,-82.7925
"3988",NA,7,"Frying Pan Mountain","PM 2.5","Haywood",35.379167,-82.7925
"3989",NA,8,"Frying Pan Mountain","PM 2.5","Haywood",35.379167,-82.7925
"3990",NA,1,"Frying Pan Mountain","PM 2.5","Haywood",35.379167,-82.7925
"3991",NA,7,"Frying Pan Mountain","PM 2.5","Haywood",35.379167,-82.7925
"3992",11-01-20,6,"Frying Pan Mountain","PM 2.5","Haywood",35.379167,-82.7925
"3993",11-04-20,10,"Frying Pan Mountain","PM 2.5","Haywood",35.379167,-82.7925
"3994",11-07-20,7,"Frying Pan Mountain","PM 2.5","Haywood",35.379167,-82.7925
"3995",11-10-20,8,"Frying Pan Mountain","PM 2.5","Haywood",35.379167,-82.7925
"3996",NA,1,"Frying Pan Mountain","PM 2.5","Haywood",35.379167,-82.7925
"3997",NA,5,"Frying Pan Mountain","PM 2.5","Haywood",35.379167,-82.7925
"3998",NA,12,"Frying Pan Mountain","PM 2.5","Haywood",35.379167,-82.7925
"3999",NA,9,"Frying Pan Mountain","PM 2.5","Haywood",35.379167,-82.7925
"4000",NA,7,"Frying Pan Mountain","PM 2.5","Haywood",35.379167,-82.7925
"4001",NA,8,"Frying Pan Mountain","PM 2.5","Haywood",35.379167,-82.7925
"4002",12-01-20,5,"Frying Pan Mountain","PM 2.5","Haywood",35.379167,-82.7925
"4003",12-04-20,5,"Frying Pan Mountain","PM 2.5","Haywood",35.379167,-82.7925
"4004",12-07-20,11,"Frying Pan Mountain","PM 2.5","Haywood",35.379167,-82.7925
"4005",12-10-20,2,"Frying Pan Mountain","PM 2.5","Haywood",35.379167,-82.7925
"4006",NA,2,"Frying Pan Mountain","PM 2.5","Haywood",35.379167,-82.7925
"4007",NA,8,"Frying Pan Mountain","PM 2.5","Haywood",35.379167,-82.7925
"4008",1-02-20,14,"","PM 2.5","Hyde",35.4510904272765,-76.2071654064174
"4009",1-05-20,13,"","PM 2.5","Hyde",35.4510904272765,-76.2071654064174
"4010",1-08-20,15,"","PM 2.5","Hyde",35.4510904272765,-76.2071654064174
"4011",1-11-20,23,"","PM 2.5","Hyde",35.4510904272765,-76.2071654064174
"4012",NA,12,"","PM 2.5","Hyde",35.4510904272765,-76.2071654064174
"4013",NA,24,"","PM 2.5","Hyde",35.4510904272765,-76.2071654064174
"4014",NA,24,"","PM 2.5","Hyde",35.4510904272765,-76.2071654064174
"4015",NA,20,"","PM 2.5","Hyde",35.4510904272765,-76.2071654064174
"4016",NA,12,"","PM 2.5","Hyde",35.4510904272765,-76.2071654064174
"4017",NA,2,"","PM 2.5","Hyde",35.4510904272765,-76.2071654064174
"4018",2-01-20,13,"","PM 2.5","Hyde",35.4510904272765,-76.2071654064174
"4019",2-04-20,13,"","PM 2.5","Hyde",35.4510904272765,-76.2071654064174
"4020",2-07-20,20,"","PM 2.5","Hyde",35.4510904272765,-76.2071654064174
"4021",2-10-20,13,"","PM 2.5","Hyde",35.4510904272765,-76.2071654064174
"4022",NA,15,"","PM 2.5","Hyde",35.4510904272765,-76.2071654064174
"4023",NA,25,"","PM 2.5","Hyde",35.4510904272765,-76.2071654064174
"4024",NA,20,"","PM 2.5","Hyde",35.4510904272765,-76.2071654064174
"4025",NA,13,"","PM 2.5","Hyde",35.4510904272765,-76.2071654064174
"4026",NA,45,"","PM 2.5","Hyde",35.4510904272765,-76.2071654064174
"4027",NA,10,"","PM 2.5","Hyde",35.4510904272765,-76.2071654064174
"4028",3-03-20,11,"","PM 2.5","Hyde",35.4510904272765,-76.2071654064174
"4029",3-06-20,18,"","PM 2.5","Hyde",35.4510904272765,-76.2071654064174
"4030",3-09-20,16,"","PM 2.5","Hyde",35.4510904272765,-76.2071654064174
"4031",3-12-20,13,"","PM 2.5","Hyde",35.4510904272765,-76.2071654064174
"4032",NA,20,"","PM 2.5","Hyde",35.4510904272765,-76.2071654064174
"4033",NA,15,"","PM 2.5","Hyde",35.4510904272765,-76.2071654064174
"4034",NA,5,"","PM 2.5","Hyde",35.4510904272765,-76.2071654064174
"4035",NA,12,"","PM 2.5","Hyde",35.4510904272765,-76.2071654064174
"4036",NA,25,"","PM 2.5","Hyde",35.4510904272765,-76.2071654064174
"4037",NA,32,"","PM 2.5","Hyde",35.4510904272765,-76.2071654064174
"4038",4-02-20,24,"","PM 2.5","Hyde",35.4510904272765,-76.2071654064174
"4039",4-05-20,15,"","PM 2.5","Hyde",35.4510904272765,-76.2071654064174
"4040",4-08-20,11,"","PM 2.5","Hyde",35.4510904272765,-76.2071654064174
"4041",4-11-20,26,"","PM 2.5","Hyde",35.4510904272765,-76.2071654064174
"4042",NA,23,"","PM 2.5","Hyde",35.4510904272765,-76.2071654064174
"4043",NA,11,"","PM 2.5","Hyde",35.4510904272765,-76.2071654064174
"4044",NA,14,"","PM 2.5","Hyde",35.4510904272765,-76.2071654064174
"4045",NA,15,"","PM 2.5","Hyde",35.4510904272765,-76.2071654064174
"4046",NA,17,"","PM 2.5","Hyde",35.4510904272765,-76.2071654064174
"4047",NA,18,"","PM 2.5","Hyde",35.4510904272765,-76.2071654064174
"4048",5-02-20,25,"","PM 2.5","Hyde",35.4510904272765,-76.2071654064174
"4049",5-05-20,19,"","PM 2.5","Hyde",35.4510904272765,-76.2071654064174
"4050",5-08-20,13,"","PM 2.5","Hyde",35.4510904272765,-76.2071654064174
"4051",5-11-20,40,"","PM 2.5","Hyde",35.4510904272765,-76.2071654064174
"4052",NA,20,"","PM 2.5","Hyde",35.4510904272765,-76.2071654064174
"4053",NA,12,"","PM 2.5","Hyde",35.4510904272765,-76.2071654064174
"4054",NA,25,"","PM 2.5","Hyde",35.4510904272765,-76.2071654064174
"4055",NA,21,"","PM 2.5","Hyde",35.4510904272765,-76.2071654064174
"4056",NA,18,"","PM 2.5","Hyde",35.4510904272765,-76.2071654064174
"4057",NA,19,"","PM 2.5","Hyde",35.4510904272765,-76.2071654064174
"4058",6-01-20,36,"","PM 2.5","Hyde",35.4510904272765,-76.2071654064174
"4059",NA,28,"","PM 2.5","Hyde",35.4510904272765,-76.2071654064174
"4060",NA,20,"","PM 2.5","Hyde",35.4510904272765,-76.2071654064174
"4061",NA,54,"","PM 2.5","Hyde",35.4510904272765,-76.2071654064174
"4062",NA,28,"","PM 2.5","Hyde",35.4510904272765,-76.2071654064174
"4063",7-01-20,29,"","PM 2.5","Hyde",35.4510904272765,-76.2071654064174
"4064",7-04-20,11,"","PM 2.5","Hyde",35.4510904272765,-76.2071654064174
"4065",7-07-20,22,"","PM 2.5","Hyde",35.4510904272765,-76.2071654064174
"4066",7-10-20,23,"","PM 2.5","Hyde",35.4510904272765,-76.2071654064174
"4067",NA,28,"","PM 2.5","Hyde",35.4510904272765,-76.2071654064174
"4068",NA,25,"","PM 2.5","Hyde",35.4510904272765,-76.2071654064174
"4069",NA,27,"","PM 2.5","Hyde",35.4510904272765,-76.2071654064174
"4070",NA,32,"","PM 2.5","Hyde",35.4510904272765,-76.2071654064174
"4071",NA,20,"","PM 2.5","Hyde",35.4510904272765,-76.2071654064174
"4072",NA,25,"","PM 2.5","Hyde",35.4510904272765,-76.2071654064174
"4073",NA,30,"","PM 2.5","Hyde",35.4510904272765,-76.2071654064174
"4074",8-03-20,17,"","PM 2.5","Hyde",35.4510904272765,-76.2071654064174
"4075",8-06-20,32,"","PM 2.5","Hyde",35.4510904272765,-76.2071654064174
"4076",8-09-20,25,"","PM 2.5","Hyde",35.4510904272765,-76.2071654064174
"4077",8-12-20,28,"","PM 2.5","Hyde",35.4510904272765,-76.2071654064174
"4078",NA,43,"","PM 2.5","Hyde",35.4510904272765,-76.2071654064174
"4079",NA,25,"","PM 2.5","Hyde",35.4510904272765,-76.2071654064174
"4080",NA,24,"","PM 2.5","Hyde",35.4510904272765,-76.2071654064174
"4081",NA,24,"","PM 2.5","Hyde",35.4510904272765,-76.2071654064174
"4082",NA,21,"","PM 2.5","Hyde",35.4510904272765,-76.2071654064174
"4083",NA,15,"","PM 2.5","Hyde",35.4510904272765,-76.2071654064174
"4084",9-02-20,12,"","PM 2.5","Hyde",35.4510904272765,-76.2071654064174
"4085",9-08-20,17,"","PM 2.5","Hyde",35.4510904272765,-76.2071654064174
"4086",9-11-20,13,"","PM 2.5","Hyde",35.4510904272765,-76.2071654064174
"4087",NA,38,"","PM 2.5","Hyde",35.4510904272765,-76.2071654064174
"4088",NA,23,"","PM 2.5","Hyde",35.4510904272765,-76.2071654064174
"4089",NA,15,"","PM 2.5","Hyde",35.4510904272765,-76.2071654064174
"4090",NA,8,"","PM 2.5","Hyde",35.4510904272765,-76.2071654064174
"4091",10-02-20,15,"","PM 2.5","Hyde",35.4510904272765,-76.2071654064174
"4092",10-05-20,40,"","PM 2.5","Hyde",35.4510904272765,-76.2071654064174
"4093",10-08-20,13,"","PM 2.5","Hyde",35.4510904272765,-76.2071654064174
"4094",10-11-20,37,"","PM 2.5","Hyde",35.4510904272765,-76.2071654064174
"4095",NA,13,"","PM 2.5","Hyde",35.4510904272765,-76.2071654064174
"4096",NA,16,"","PM 2.5","Hyde",35.4510904272765,-76.2071654064174
"4097",NA,26,"","PM 2.5","Hyde",35.4510904272765,-76.2071654064174
"4098",NA,19,"","PM 2.5","Hyde",35.4510904272765,-76.2071654064174
"4099",NA,10,"","PM 2.5","Hyde",35.4510904272765,-76.2071654064174
"4100",NA,18,"","PM 2.5","Hyde",35.4510904272765,-76.2071654064174
"4101",11-01-20,17,"","PM 2.5","Hyde",35.4510904272765,-76.2071654064174
"4102",11-04-20,13,"","PM 2.5","Hyde",35.4510904272765,-76.2071654064174
"4103",11-07-20,16,"","PM 2.5","Hyde",35.4510904272765,-76.2071654064174
"4104",11-10-20,15,"","PM 2.5","Hyde",35.4510904272765,-76.2071654064174
"4105",NA,18,"","PM 2.5","Hyde",35.4510904272765,-76.2071654064174
"4106",NA,10,"","PM 2.5","Hyde",35.4510904272765,-76.2071654064174
"4107",NA,21,"","PM 2.5","Hyde",35.4510904272765,-76.2071654064174
"4108",NA,20,"","PM 2.5","Hyde",35.4510904272765,-76.2071654064174
"4109",NA,19,"","PM 2.5","Hyde",35.4510904272765,-76.2071654064174
"4110",NA,12,"","PM 2.5","Hyde",35.4510904272765,-76.2071654064174
"4111",12-01-20,30,"","PM 2.5","Hyde",35.4510904272765,-76.2071654064174
"4112",12-04-20,13,"","PM 2.5","Hyde",35.4510904272765,-76.2071654064174
"4113",12-07-20,19,"","PM 2.5","Hyde",35.4510904272765,-76.2071654064174
"4114",12-10-20,26,"","PM 2.5","Hyde",35.4510904272765,-76.2071654064174
"4115",NA,23,"","PM 2.5","Hyde",35.4510904272765,-76.2071654064174
"4116",NA,15,"","PM 2.5","Hyde",35.4510904272765,-76.2071654064174
"4117",1-02-20,39,"PM2.5 COLOCATED MONITORS LOCATED ON TOP OF BUILDING","PM 2.5","Jackson",35.46676663,-83.277928059
"4118",1-05-20,33,"PM2.5 COLOCATED MONITORS LOCATED ON TOP OF BUILDING","PM 2.5","Jackson",35.46676663,-83.277928059
"4119",1-08-20,59,"PM2.5 COLOCATED MONITORS LOCATED ON TOP OF BUILDING","PM 2.5","Jackson",35.46676663,-83.277928059
"4120",1-11-20,4,"PM2.5 COLOCATED MONITORS LOCATED ON TOP OF BUILDING","PM 2.5","Jackson",35.46676663,-83.277928059
"4121",NA,19,"PM2.5 COLOCATED MONITORS LOCATED ON TOP OF BUILDING","PM 2.5","Jackson",35.46676663,-83.277928059
"4122",NA,26,"PM2.5 COLOCATED MONITORS LOCATED ON TOP OF BUILDING","PM 2.5","Jackson",35.46676663,-83.277928059
"4123",NA,30,"PM2.5 COLOCATED MONITORS LOCATED ON TOP OF BUILDING","PM 2.5","Jackson",35.46676663,-83.277928059
"4124",NA,14,"PM2.5 COLOCATED MONITORS LOCATED ON TOP OF BUILDING","PM 2.5","Jackson",35.46676663,-83.277928059
"4125",NA,66,"PM2.5 COLOCATED MONITORS LOCATED ON TOP OF BUILDING","PM 2.5","Jackson",35.46676663,-83.277928059
"4126",NA,10,"PM2.5 COLOCATED MONITORS LOCATED ON TOP OF BUILDING","PM 2.5","Jackson",35.46676663,-83.277928059
"4127",2-01-20,56,"PM2.5 COLOCATED MONITORS LOCATED ON TOP OF BUILDING","PM 2.5","Jackson",35.46676663,-83.277928059
"4128",2-04-20,40,"PM2.5 COLOCATED MONITORS LOCATED ON TOP OF BUILDING","PM 2.5","Jackson",35.46676663,-83.277928059
"4129",2-07-20,22,"PM2.5 COLOCATED MONITORS LOCATED ON TOP OF BUILDING","PM 2.5","Jackson",35.46676663,-83.277928059
"4130",2-10-20,26,"PM2.5 COLOCATED MONITORS LOCATED ON TOP OF BUILDING","PM 2.5","Jackson",35.46676663,-83.277928059
"4131",NA,12,"PM2.5 COLOCATED MONITORS LOCATED ON TOP OF BUILDING","PM 2.5","Jackson",35.46676663,-83.277928059
"4132",NA,17,"PM2.5 COLOCATED MONITORS LOCATED ON TOP OF BUILDING","PM 2.5","Jackson",35.46676663,-83.277928059
"4133",NA,19,"PM2.5 COLOCATED MONITORS LOCATED ON TOP OF BUILDING","PM 2.5","Jackson",35.46676663,-83.277928059
"4134",NA,38,"PM2.5 COLOCATED MONITORS LOCATED ON TOP OF BUILDING","PM 2.5","Jackson",35.46676663,-83.277928059
"4135",NA,22,"PM2.5 COLOCATED MONITORS LOCATED ON TOP OF BUILDING","PM 2.5","Jackson",35.46676663,-83.277928059
"4136",NA,21,"PM2.5 COLOCATED MONITORS LOCATED ON TOP OF BUILDING","PM 2.5","Jackson",35.46676663,-83.277928059
"4137",3-03-20,15,"PM2.5 COLOCATED MONITORS LOCATED ON TOP OF BUILDING","PM 2.5","Jackson",35.46676663,-83.277928059
"4138",3-06-20,56,"PM2.5 COLOCATED MONITORS LOCATED ON TOP OF BUILDING","PM 2.5","Jackson",35.46676663,-83.277928059
"4139",3-09-20,45,"PM2.5 COLOCATED MONITORS LOCATED ON TOP OF BUILDING","PM 2.5","Jackson",35.46676663,-83.277928059
"4140",3-12-20,13,"PM2.5 COLOCATED MONITORS LOCATED ON TOP OF BUILDING","PM 2.5","Jackson",35.46676663,-83.277928059
"4141",NA,43,"PM2.5 COLOCATED MONITORS LOCATED ON TOP OF BUILDING","PM 2.5","Jackson",35.46676663,-83.277928059
"4142",NA,29,"PM2.5 COLOCATED MONITORS LOCATED ON TOP OF BUILDING","PM 2.5","Jackson",35.46676663,-83.277928059
"4143",NA,13,"PM2.5 COLOCATED MONITORS LOCATED ON TOP OF BUILDING","PM 2.5","Jackson",35.46676663,-83.277928059
"4144",NA,36,"PM2.5 COLOCATED MONITORS LOCATED ON TOP OF BUILDING","PM 2.5","Jackson",35.46676663,-83.277928059
"4145",NA,21,"PM2.5 COLOCATED MONITORS LOCATED ON TOP OF BUILDING","PM 2.5","Jackson",35.46676663,-83.277928059
"4146",NA,6,"PM2.5 COLOCATED MONITORS LOCATED ON TOP OF BUILDING","PM 2.5","Jackson",35.46676663,-83.277928059
"4147",4-02-20,35,"PM2.5 COLOCATED MONITORS LOCATED ON TOP OF BUILDING","PM 2.5","Jackson",35.46676663,-83.277928059
"4148",4-05-20,26,"PM2.5 COLOCATED MONITORS LOCATED ON TOP OF BUILDING","PM 2.5","Jackson",35.46676663,-83.277928059
"4149",4-08-20,8,"PM2.5 COLOCATED MONITORS LOCATED ON TOP OF BUILDING","PM 2.5","Jackson",35.46676663,-83.277928059
"4150",4-11-20,23,"PM2.5 COLOCATED MONITORS LOCATED ON TOP OF BUILDING","PM 2.5","Jackson",35.46676663,-83.277928059
"4151",NA,43,"PM2.5 COLOCATED MONITORS LOCATED ON TOP OF BUILDING","PM 2.5","Jackson",35.46676663,-83.277928059
"4152",NA,20,"PM2.5 COLOCATED MONITORS LOCATED ON TOP OF BUILDING","PM 2.5","Jackson",35.46676663,-83.277928059
"4153",NA,15,"PM2.5 COLOCATED MONITORS LOCATED ON TOP OF BUILDING","PM 2.5","Jackson",35.46676663,-83.277928059
"4154",NA,11,"PM2.5 COLOCATED MONITORS LOCATED ON TOP OF BUILDING","PM 2.5","Jackson",35.46676663,-83.277928059
"4155",NA,15,"PM2.5 COLOCATED MONITORS LOCATED ON TOP OF BUILDING","PM 2.5","Jackson",35.46676663,-83.277928059
"4156",5-02-20,46,"PM2.5 COLOCATED MONITORS LOCATED ON TOP OF BUILDING","PM 2.5","Jackson",35.46676663,-83.277928059
"4157",5-05-20,52,"PM2.5 COLOCATED MONITORS LOCATED ON TOP OF BUILDING","PM 2.5","Jackson",35.46676663,-83.277928059
"4158",5-08-20,25,"PM2.5 COLOCATED MONITORS LOCATED ON TOP OF BUILDING","PM 2.5","Jackson",35.46676663,-83.277928059
"4159",5-11-20,46,"PM2.5 COLOCATED MONITORS LOCATED ON TOP OF BUILDING","PM 2.5","Jackson",35.46676663,-83.277928059
"4160",NA,43,"PM2.5 COLOCATED MONITORS LOCATED ON TOP OF BUILDING","PM 2.5","Jackson",35.46676663,-83.277928059
"4161",NA,23,"PM2.5 COLOCATED MONITORS LOCATED ON TOP OF BUILDING","PM 2.5","Jackson",35.46676663,-83.277928059
"4162",NA,33,"PM2.5 COLOCATED MONITORS LOCATED ON TOP OF BUILDING","PM 2.5","Jackson",35.46676663,-83.277928059
"4163",NA,23,"PM2.5 COLOCATED MONITORS LOCATED ON TOP OF BUILDING","PM 2.5","Jackson",35.46676663,-83.277928059
"4164",NA,8,"PM2.5 COLOCATED MONITORS LOCATED ON TOP OF BUILDING","PM 2.5","Jackson",35.46676663,-83.277928059
"4165",NA,18,"PM2.5 COLOCATED MONITORS LOCATED ON TOP OF BUILDING","PM 2.5","Jackson",35.46676663,-83.277928059
"4166",6-01-20,15,"PM2.5 COLOCATED MONITORS LOCATED ON TOP OF BUILDING","PM 2.5","Jackson",35.46676663,-83.277928059
"4167",6-04-20,20,"PM2.5 COLOCATED MONITORS LOCATED ON TOP OF BUILDING","PM 2.5","Jackson",35.46676663,-83.277928059
"4168",6-07-20,34,"PM2.5 COLOCATED MONITORS LOCATED ON TOP OF BUILDING","PM 2.5","Jackson",35.46676663,-83.277928059
"4169",6-10-20,40,"PM2.5 COLOCATED MONITORS LOCATED ON TOP OF BUILDING","PM 2.5","Jackson",35.46676663,-83.277928059
"4170",NA,21,"PM2.5 COLOCATED MONITORS LOCATED ON TOP OF BUILDING","PM 2.5","Jackson",35.46676663,-83.277928059
"4171",NA,36,"PM2.5 COLOCATED MONITORS LOCATED ON TOP OF BUILDING","PM 2.5","Jackson",35.46676663,-83.277928059
"4172",NA,45,"PM2.5 COLOCATED MONITORS LOCATED ON TOP OF BUILDING","PM 2.5","Jackson",35.46676663,-83.277928059
"4173",NA,22,"PM2.5 COLOCATED MONITORS LOCATED ON TOP OF BUILDING","PM 2.5","Jackson",35.46676663,-83.277928059
"4174",NA,25,"PM2.5 COLOCATED MONITORS LOCATED ON TOP OF BUILDING","PM 2.5","Jackson",35.46676663,-83.277928059
"4175",NA,12,"PM2.5 COLOCATED MONITORS LOCATED ON TOP OF BUILDING","PM 2.5","Jackson",35.46676663,-83.277928059
"4176",7-01-20,31,"PM2.5 COLOCATED MONITORS LOCATED ON TOP OF BUILDING","PM 2.5","Jackson",35.46676663,-83.277928059
"4177",7-04-20,58,"PM2.5 COLOCATED MONITORS LOCATED ON TOP OF BUILDING","PM 2.5","Jackson",35.46676663,-83.277928059
"4178",7-07-20,26,"PM2.5 COLOCATED MONITORS LOCATED ON TOP OF BUILDING","PM 2.5","Jackson",35.46676663,-83.277928059
"4179",7-10-20,33,"PM2.5 COLOCATED MONITORS LOCATED ON TOP OF BUILDING","PM 2.5","Jackson",35.46676663,-83.277928059
"4180",NA,43,"PM2.5 COLOCATED MONITORS LOCATED ON TOP OF BUILDING","PM 2.5","Jackson",35.46676663,-83.277928059
"4181",NA,31,"PM2.5 COLOCATED MONITORS LOCATED ON TOP OF BUILDING","PM 2.5","Jackson",35.46676663,-83.277928059
"4182",NA,40,"PM2.5 COLOCATED MONITORS LOCATED ON TOP OF BUILDING","PM 2.5","Jackson",35.46676663,-83.277928059
"4183",NA,30,"PM2.5 COLOCATED MONITORS LOCATED ON TOP OF BUILDING","PM 2.5","Jackson",35.46676663,-83.277928059
"4184",NA,23,"PM2.5 COLOCATED MONITORS LOCATED ON TOP OF BUILDING","PM 2.5","Jackson",35.46676663,-83.277928059
"4185",NA,38,"PM2.5 COLOCATED MONITORS LOCATED ON TOP OF BUILDING","PM 2.5","Jackson",35.46676663,-83.277928059
"4186",NA,42,"PM2.5 COLOCATED MONITORS LOCATED ON TOP OF BUILDING","PM 2.5","Jackson",35.46676663,-83.277928059
"4187",8-03-20,6,"PM2.5 COLOCATED MONITORS LOCATED ON TOP OF BUILDING","PM 2.5","Jackson",35.46676663,-83.277928059
"4188",8-06-20,26,"PM2.5 COLOCATED MONITORS LOCATED ON TOP OF BUILDING","PM 2.5","Jackson",35.46676663,-83.277928059
"4189",8-09-20,18,"PM2.5 COLOCATED MONITORS LOCATED ON TOP OF BUILDING","PM 2.5","Jackson",35.46676663,-83.277928059
"4190",8-12-20,40,"PM2.5 COLOCATED MONITORS LOCATED ON TOP OF BUILDING","PM 2.5","Jackson",35.46676663,-83.277928059
"4191",NA,53,"PM2.5 COLOCATED MONITORS LOCATED ON TOP OF BUILDING","PM 2.5","Jackson",35.46676663,-83.277928059
"4192",NA,34,"PM2.5 COLOCATED MONITORS LOCATED ON TOP OF BUILDING","PM 2.5","Jackson",35.46676663,-83.277928059
"4193",NA,34,"PM2.5 COLOCATED MONITORS LOCATED ON TOP OF BUILDING","PM 2.5","Jackson",35.46676663,-83.277928059
"4194",NA,34,"PM2.5 COLOCATED MONITORS LOCATED ON TOP OF BUILDING","PM 2.5","Jackson",35.46676663,-83.277928059
"4195",NA,51,"PM2.5 COLOCATED MONITORS LOCATED ON TOP OF BUILDING","PM 2.5","Jackson",35.46676663,-83.277928059
"4196",NA,30,"PM2.5 COLOCATED MONITORS LOCATED ON TOP OF BUILDING","PM 2.5","Jackson",35.46676663,-83.277928059
"4197",9-02-20,27,"PM2.5 COLOCATED MONITORS LOCATED ON TOP OF BUILDING","PM 2.5","Jackson",35.46676663,-83.277928059
"4198",9-05-20,27,"PM2.5 COLOCATED MONITORS LOCATED ON TOP OF BUILDING","PM 2.5","Jackson",35.46676663,-83.277928059
"4199",9-08-20,31,"PM2.5 COLOCATED MONITORS LOCATED ON TOP OF BUILDING","PM 2.5","Jackson",35.46676663,-83.277928059
"4200",9-11-20,5,"PM2.5 COLOCATED MONITORS LOCATED ON TOP OF BUILDING","PM 2.5","Jackson",35.46676663,-83.277928059
"4201",NA,15,"PM2.5 COLOCATED MONITORS LOCATED ON TOP OF BUILDING","PM 2.5","Jackson",35.46676663,-83.277928059
"4202",NA,7,"PM2.5 COLOCATED MONITORS LOCATED ON TOP OF BUILDING","PM 2.5","Jackson",35.46676663,-83.277928059
"4203",NA,45,"PM2.5 COLOCATED MONITORS LOCATED ON TOP OF BUILDING","PM 2.5","Jackson",35.46676663,-83.277928059
"4204",NA,42,"PM2.5 COLOCATED MONITORS LOCATED ON TOP OF BUILDING","PM 2.5","Jackson",35.46676663,-83.277928059
"4205",NA,17,"PM2.5 COLOCATED MONITORS LOCATED ON TOP OF BUILDING","PM 2.5","Jackson",35.46676663,-83.277928059
"4206",NA,24,"PM2.5 COLOCATED MONITORS LOCATED ON TOP OF BUILDING","PM 2.5","Jackson",35.46676663,-83.277928059
"4207",10-02-20,37,"PM2.5 COLOCATED MONITORS LOCATED ON TOP OF BUILDING","PM 2.5","Jackson",35.46676663,-83.277928059
"4208",10-05-20,33,"PM2.5 COLOCATED MONITORS LOCATED ON TOP OF BUILDING","PM 2.5","Jackson",35.46676663,-83.277928059
"4209",10-08-20,32,"PM2.5 COLOCATED MONITORS LOCATED ON TOP OF BUILDING","PM 2.5","Jackson",35.46676663,-83.277928059
"4210",10-11-20,10,"PM2.5 COLOCATED MONITORS LOCATED ON TOP OF BUILDING","PM 2.5","Jackson",35.46676663,-83.277928059
"4211",NA,24,"PM2.5 COLOCATED MONITORS LOCATED ON TOP OF BUILDING","PM 2.5","Jackson",35.46676663,-83.277928059
"4212",NA,9,"PM2.5 COLOCATED MONITORS LOCATED ON TOP OF BUILDING","PM 2.5","Jackson",35.46676663,-83.277928059
"4213",NA,25,"PM2.5 COLOCATED MONITORS LOCATED ON TOP OF BUILDING","PM 2.5","Jackson",35.46676663,-83.277928059
"4214",NA,27,"PM2.5 COLOCATED MONITORS LOCATED ON TOP OF BUILDING","PM 2.5","Jackson",35.46676663,-83.277928059
"4215",NA,7,"PM2.5 COLOCATED MONITORS LOCATED ON TOP OF BUILDING","PM 2.5","Jackson",35.46676663,-83.277928059
"4216",NA,15,"PM2.5 COLOCATED MONITORS LOCATED ON TOP OF BUILDING","PM 2.5","Jackson",35.46676663,-83.277928059
"4217",11-01-20,24,"PM2.5 COLOCATED MONITORS LOCATED ON TOP OF BUILDING","PM 2.5","Jackson",35.46676663,-83.277928059
"4218",11-04-20,21,"PM2.5 COLOCATED MONITORS LOCATED ON TOP OF BUILDING","PM 2.5","Jackson",35.46676663,-83.277928059
"4219",11-07-20,20,"PM2.5 COLOCATED MONITORS LOCATED ON TOP OF BUILDING","PM 2.5","Jackson",35.46676663,-83.277928059
"4220",11-10-20,19,"PM2.5 COLOCATED MONITORS LOCATED ON TOP OF BUILDING","PM 2.5","Jackson",35.46676663,-83.277928059
"4221",NA,9,"PM2.5 COLOCATED MONITORS LOCATED ON TOP OF BUILDING","PM 2.5","Jackson",35.46676663,-83.277928059
"4222",NA,20,"PM2.5 COLOCATED MONITORS LOCATED ON TOP OF BUILDING","PM 2.5","Jackson",35.46676663,-83.277928059
"4223",NA,44,"PM2.5 COLOCATED MONITORS LOCATED ON TOP OF BUILDING","PM 2.5","Jackson",35.46676663,-83.277928059
"4224",NA,27,"PM2.5 COLOCATED MONITORS LOCATED ON TOP OF BUILDING","PM 2.5","Jackson",35.46676663,-83.277928059
"4225",NA,18,"PM2.5 COLOCATED MONITORS LOCATED ON TOP OF BUILDING","PM 2.5","Jackson",35.46676663,-83.277928059
"4226",NA,28,"PM2.5 COLOCATED MONITORS LOCATED ON TOP OF BUILDING","PM 2.5","Jackson",35.46676663,-83.277928059
"4227",12-01-20,22,"PM2.5 COLOCATED MONITORS LOCATED ON TOP OF BUILDING","PM 2.5","Jackson",35.46676663,-83.277928059
"4228",12-04-20,11,"PM2.5 COLOCATED MONITORS LOCATED ON TOP OF BUILDING","PM 2.5","Jackson",35.46676663,-83.277928059
"4229",12-07-20,30,"PM2.5 COLOCATED MONITORS LOCATED ON TOP OF BUILDING","PM 2.5","Jackson",35.46676663,-83.277928059
"4230",12-10-20,23,"PM2.5 COLOCATED MONITORS LOCATED ON TOP OF BUILDING","PM 2.5","Jackson",35.46676663,-83.277928059
"4231",NA,31,"PM2.5 COLOCATED MONITORS LOCATED ON TOP OF BUILDING","PM 2.5","Jackson",35.46676663,-83.277928059
"4232",NA,12,"PM2.5 COLOCATED MONITORS LOCATED ON TOP OF BUILDING","PM 2.5","Jackson",35.46676663,-83.277928059
"4233",NA,34,"PM2.5 COLOCATED MONITORS LOCATED ON TOP OF BUILDING","PM 2.5","Jackson",35.46676663,-83.277928059
"4234",NA,12,"PM2.5 COLOCATED MONITORS LOCATED ON TOP OF BUILDING","PM 2.5","Jackson",35.46676663,-83.277928059
"4235",NA,29,"PM2.5 COLOCATED MONITORS LOCATED ON TOP OF BUILDING","PM 2.5","Jackson",35.46676663,-83.277928059
"4236",NA,13,"PM2.5 COLOCATED MONITORS LOCATED ON TOP OF BUILDING","PM 2.5","Jackson",35.46676663,-83.277928059
"4237",NA,28,"PM2.5 COLOCATED MONITORS LOCATED ON TOP OF BUILDING","PM 2.5","Jackson",35.46676663,-83.277928059
"4238",1-02-20,38,"PM2.5 COLOCATED MONITORS LOCATED ON TOP OF BUILDING","PM 2.5","Jackson",35.46676663,-83.277928059
"4239",1-08-20,58,"PM2.5 COLOCATED MONITORS LOCATED ON TOP OF BUILDING","PM 2.5","Jackson",35.46676663,-83.277928059
"4240",NA,20,"PM2.5 COLOCATED MONITORS LOCATED ON TOP OF BUILDING","PM 2.5","Jackson",35.46676663,-83.277928059
"4241",NA,30,"PM2.5 COLOCATED MONITORS LOCATED ON TOP OF BUILDING","PM 2.5","Jackson",35.46676663,-83.277928059
"4242",NA,66,"PM2.5 COLOCATED MONITORS LOCATED ON TOP OF BUILDING","PM 2.5","Jackson",35.46676663,-83.277928059
"4243",2-01-20,57,"PM2.5 COLOCATED MONITORS LOCATED ON TOP OF BUILDING","PM 2.5","Jackson",35.46676663,-83.277928059
"4244",2-07-20,23,"PM2.5 COLOCATED MONITORS LOCATED ON TOP OF BUILDING","PM 2.5","Jackson",35.46676663,-83.277928059
"4245",NA,11,"PM2.5 COLOCATED MONITORS LOCATED ON TOP OF BUILDING","PM 2.5","Jackson",35.46676663,-83.277928059
"4246",NA,18,"PM2.5 COLOCATED MONITORS LOCATED ON TOP OF BUILDING","PM 2.5","Jackson",35.46676663,-83.277928059
"4247",NA,20,"PM2.5 COLOCATED MONITORS LOCATED ON TOP OF BUILDING","PM 2.5","Jackson",35.46676663,-83.277928059
"4248",3-03-20,13,"PM2.5 COLOCATED MONITORS LOCATED ON TOP OF BUILDING","PM 2.5","Jackson",35.46676663,-83.277928059
"4249",3-09-20,44,"PM2.5 COLOCATED MONITORS LOCATED ON TOP OF BUILDING","PM 2.5","Jackson",35.46676663,-83.277928059
"4250",NA,42,"PM2.5 COLOCATED MONITORS LOCATED ON TOP OF BUILDING","PM 2.5","Jackson",35.46676663,-83.277928059
"4251",NA,12,"PM2.5 COLOCATED MONITORS LOCATED ON TOP OF BUILDING","PM 2.5","Jackson",35.46676663,-83.277928059
"4252",4-02-20,35,"PM2.5 COLOCATED MONITORS LOCATED ON TOP OF BUILDING","PM 2.5","Jackson",35.46676663,-83.277928059
"4253",4-08-20,8,"PM2.5 COLOCATED MONITORS LOCATED ON TOP OF BUILDING","PM 2.5","Jackson",35.46676663,-83.277928059
"4254",NA,42,"PM2.5 COLOCATED MONITORS LOCATED ON TOP OF BUILDING","PM 2.5","Jackson",35.46676663,-83.277928059
"4255",NA,15,"PM2.5 COLOCATED MONITORS LOCATED ON TOP OF BUILDING","PM 2.5","Jackson",35.46676663,-83.277928059
"4256",NA,10,"PM2.5 COLOCATED MONITORS LOCATED ON TOP OF BUILDING","PM 2.5","Jackson",35.46676663,-83.277928059
"4257",5-02-20,46,"PM2.5 COLOCATED MONITORS LOCATED ON TOP OF BUILDING","PM 2.5","Jackson",35.46676663,-83.277928059
"4258",5-08-20,26,"PM2.5 COLOCATED MONITORS LOCATED ON TOP OF BUILDING","PM 2.5","Jackson",35.46676663,-83.277928059
"4259",NA,53,"PM2.5 COLOCATED MONITORS LOCATED ON TOP OF BUILDING","PM 2.5","Jackson",35.46676663,-83.277928059
"4260",NA,25,"PM2.5 COLOCATED MONITORS LOCATED ON TOP OF BUILDING","PM 2.5","Jackson",35.46676663,-83.277928059
"4261",NA,14,"PM2.5 COLOCATED MONITORS LOCATED ON TOP OF BUILDING","PM 2.5","Jackson",35.46676663,-83.277928059
"4262",6-01-20,15,"PM2.5 COLOCATED MONITORS LOCATED ON TOP OF BUILDING","PM 2.5","Jackson",35.46676663,-83.277928059
"4263",6-07-20,35,"PM2.5 COLOCATED MONITORS LOCATED ON TOP OF BUILDING","PM 2.5","Jackson",35.46676663,-83.277928059
"4264",NA,22,"PM2.5 COLOCATED MONITORS LOCATED ON TOP OF BUILDING","PM 2.5","Jackson",35.46676663,-83.277928059
"4265",NA,46,"PM2.5 COLOCATED MONITORS LOCATED ON TOP OF BUILDING","PM 2.5","Jackson",35.46676663,-83.277928059
"4266",NA,25,"PM2.5 COLOCATED MONITORS LOCATED ON TOP OF BUILDING","PM 2.5","Jackson",35.46676663,-83.277928059
"4267",7-01-20,33,"PM2.5 COLOCATED MONITORS LOCATED ON TOP OF BUILDING","PM 2.5","Jackson",35.46676663,-83.277928059
"4268",7-07-20,26,"PM2.5 COLOCATED MONITORS LOCATED ON TOP OF BUILDING","PM 2.5","Jackson",35.46676663,-83.277928059
"4269",NA,44,"PM2.5 COLOCATED MONITORS LOCATED ON TOP OF BUILDING","PM 2.5","Jackson",35.46676663,-83.277928059
"4270",NA,38,"PM2.5 COLOCATED MONITORS LOCATED ON TOP OF BUILDING","PM 2.5","Jackson",35.46676663,-83.277928059
"4271",NA,23,"PM2.5 COLOCATED MONITORS LOCATED ON TOP OF BUILDING","PM 2.5","Jackson",35.46676663,-83.277928059
"4272",NA,42,"PM2.5 COLOCATED MONITORS LOCATED ON TOP OF BUILDING","PM 2.5","Jackson",35.46676663,-83.277928059
"4273",8-06-20,27,"PM2.5 COLOCATED MONITORS LOCATED ON TOP OF BUILDING","PM 2.5","Jackson",35.46676663,-83.277928059
"4274",8-12-20,41,"PM2.5 COLOCATED MONITORS LOCATED ON TOP OF BUILDING","PM 2.5","Jackson",35.46676663,-83.277928059
"4275",NA,32,"PM2.5 COLOCATED MONITORS LOCATED ON TOP OF BUILDING","PM 2.5","Jackson",35.46676663,-83.277928059
"4276",NA,33,"PM2.5 COLOCATED MONITORS LOCATED ON TOP OF BUILDING","PM 2.5","Jackson",35.46676663,-83.277928059
"4277",NA,30,"PM2.5 COLOCATED MONITORS LOCATED ON TOP OF BUILDING","PM 2.5","Jackson",35.46676663,-83.277928059
"4278",9-05-20,26,"PM2.5 COLOCATED MONITORS LOCATED ON TOP OF BUILDING","PM 2.5","Jackson",35.46676663,-83.277928059
"4279",9-11-20,12,"PM2.5 COLOCATED MONITORS LOCATED ON TOP OF BUILDING","PM 2.5","Jackson",35.46676663,-83.277928059
"4280",NA,7,"PM2.5 COLOCATED MONITORS LOCATED ON TOP OF BUILDING","PM 2.5","Jackson",35.46676663,-83.277928059
"4281",NA,18,"PM2.5 COLOCATED MONITORS LOCATED ON TOP OF BUILDING","PM 2.5","Jackson",35.46676663,-83.277928059
"4282",NA,20,"PM2.5 COLOCATED MONITORS LOCATED ON TOP OF BUILDING","PM 2.5","Jackson",35.46676663,-83.277928059
"4283",NA,26,"PM2.5 COLOCATED MONITORS LOCATED ON TOP OF BUILDING","PM 2.5","Jackson",35.46676663,-83.277928059
"4284",NA,16,"PM2.5 COLOCATED MONITORS LOCATED ON TOP OF BUILDING","PM 2.5","Jackson",35.46676663,-83.277928059
"4285",11-01-20,24,"PM2.5 COLOCATED MONITORS LOCATED ON TOP OF BUILDING","PM 2.5","Jackson",35.46676663,-83.277928059
"4286",11-04-20,19,"PM2.5 COLOCATED MONITORS LOCATED ON TOP OF BUILDING","PM 2.5","Jackson",35.46676663,-83.277928059
"4287",11-07-20,20,"PM2.5 COLOCATED MONITORS LOCATED ON TOP OF BUILDING","PM 2.5","Jackson",35.46676663,-83.277928059
"4288",11-10-20,21,"PM2.5 COLOCATED MONITORS LOCATED ON TOP OF BUILDING","PM 2.5","Jackson",35.46676663,-83.277928059
"4289",NA,18,"PM2.5 COLOCATED MONITORS LOCATED ON TOP OF BUILDING","PM 2.5","Jackson",35.46676663,-83.277928059
"4290",NA,37,"PM2.5 COLOCATED MONITORS LOCATED ON TOP OF BUILDING","PM 2.5","Jackson",35.46676663,-83.277928059
"4291",NA,25,"PM2.5 COLOCATED MONITORS LOCATED ON TOP OF BUILDING","PM 2.5","Jackson",35.46676663,-83.277928059
"4292",12-04-20,10,"PM2.5 COLOCATED MONITORS LOCATED ON TOP OF BUILDING","PM 2.5","Jackson",35.46676663,-83.277928059
"4293",NA,13,"PM2.5 COLOCATED MONITORS LOCATED ON TOP OF BUILDING","PM 2.5","Jackson",35.46676663,-83.277928059
"4294",NA,12,"PM2.5 COLOCATED MONITORS LOCATED ON TOP OF BUILDING","PM 2.5","Jackson",35.46676663,-83.277928059
"4295",NA,21,"PM2.5 COLOCATED MONITORS LOCATED ON TOP OF BUILDING","PM 2.5","Jackson",35.46676663,-83.277928059
"4296",NA,22,"PM2.5 COLOCATED MONITORS LOCATED ON TOP OF BUILDING","PM 2.5","Jackson",35.46676663,-83.277928059
"4297",1-01-20,24,"West Johnston Co.","PM 2.5","Johnston",35.59095,-78.4622
"4298",1-02-20,35,"West Johnston Co.","PM 2.5","Johnston",35.59095,-78.4622
"4299",1-03-20,47,"West Johnston Co.","PM 2.5","Johnston",35.59095,-78.4622
"4300",1-04-20,30,"West Johnston Co.","PM 2.5","Johnston",35.59095,-78.4622
"4301",1-05-20,32,"West Johnston Co.","PM 2.5","Johnston",35.59095,-78.4622
"4302",1-06-20,29,"West Johnston Co.","PM 2.5","Johnston",35.59095,-78.4622
"4303",1-07-20,27,"West Johnston Co.","PM 2.5","Johnston",35.59095,-78.4622
"4304",1-08-20,38,"West Johnston Co.","PM 2.5","Johnston",35.59095,-78.4622
"4305",1-09-20,43,"West Johnston Co.","PM 2.5","Johnston",35.59095,-78.4622
"4306",1-10-20,35,"West Johnston Co.","PM 2.5","Johnston",35.59095,-78.4622
"4307",1-11-20,41,"West Johnston Co.","PM 2.5","Johnston",35.59095,-78.4622
"4308",1-12-20,13,"West Johnston Co.","PM 2.5","Johnston",35.59095,-78.4622
"4309",NA,8,"West Johnston Co.","PM 2.5","Johnston",35.59095,-78.4622
"4310",NA,15,"West Johnston Co.","PM 2.5","Johnston",35.59095,-78.4622
"4311",NA,35,"West Johnston Co.","PM 2.5","Johnston",35.59095,-78.4622
"4312",NA,53,"West Johnston Co.","PM 2.5","Johnston",35.59095,-78.4622
"4313",NA,66,"West Johnston Co.","PM 2.5","Johnston",35.59095,-78.4622
"4314",NA,50,"West Johnston Co.","PM 2.5","Johnston",35.59095,-78.4622
"4315",NA,42,"West Johnston Co.","PM 2.5","Johnston",35.59095,-78.4622
"4316",NA,40,"West Johnston Co.","PM 2.5","Johnston",35.59095,-78.4622
"4317",NA,43,"West Johnston Co.","PM 2.5","Johnston",35.59095,-78.4622
"4318",NA,57,"West Johnston Co.","PM 2.5","Johnston",35.59095,-78.4622
"4319",NA,15,"West Johnston Co.","PM 2.5","Johnston",35.59095,-78.4622
"4320",NA,15,"West Johnston Co.","PM 2.5","Johnston",35.59095,-78.4622
"4321",NA,25,"West Johnston Co.","PM 2.5","Johnston",35.59095,-78.4622
"4322",NA,35,"West Johnston Co.","PM 2.5","Johnston",35.59095,-78.4622
"4323",NA,27,"West Johnston Co.","PM 2.5","Johnston",35.59095,-78.4622
"4324",NA,18,"West Johnston Co.","PM 2.5","Johnston",35.59095,-78.4622
"4325",NA,6,"West Johnston Co.","PM 2.5","Johnston",35.59095,-78.4622
"4326",NA,14,"West Johnston Co.","PM 2.5","Johnston",35.59095,-78.4622
"4327",NA,22,"West Johnston Co.","PM 2.5","Johnston",35.59095,-78.4622
"4328",2-01-20,29,"West Johnston Co.","PM 2.5","Johnston",35.59095,-78.4622
"4329",2-02-20,16,"West Johnston Co.","PM 2.5","Johnston",35.59095,-78.4622
"4330",2-03-20,28,"West Johnston Co.","PM 2.5","Johnston",35.59095,-78.4622
"4331",2-04-20,20,"West Johnston Co.","PM 2.5","Johnston",35.59095,-78.4622
"4332",2-05-20,16,"West Johnston Co.","PM 2.5","Johnston",35.59095,-78.4622
"4333",2-06-20,38,"West Johnston Co.","PM 2.5","Johnston",35.59095,-78.4622
"4334",2-07-20,35,"West Johnston Co.","PM 2.5","Johnston",35.59095,-78.4622
"4335",2-08-20,25,"West Johnston Co.","PM 2.5","Johnston",35.59095,-78.4622
"4336",2-09-20,47,"West Johnston Co.","PM 2.5","Johnston",35.59095,-78.4622
"4337",2-10-20,38,"West Johnston Co.","PM 2.5","Johnston",35.59095,-78.4622
"4338",2-11-20,29,"West Johnston Co.","PM 2.5","Johnston",35.59095,-78.4622
"4339",2-12-20,16,"West Johnston Co.","PM 2.5","Johnston",35.59095,-78.4622
"4340",NA,34,"West Johnston Co.","PM 2.5","Johnston",35.59095,-78.4622
"4341",NA,52,"West Johnston Co.","PM 2.5","Johnston",35.59095,-78.4622
"4342",NA,40,"West Johnston Co.","PM 2.5","Johnston",35.59095,-78.4622
"4343",NA,27,"West Johnston Co.","PM 2.5","Johnston",35.59095,-78.4622
"4344",NA,29,"West Johnston Co.","PM 2.5","Johnston",35.59095,-78.4622
"4345",NA,15,"West Johnston Co.","PM 2.5","Johnston",35.59095,-78.4622
"4346",NA,45,"West Johnston Co.","PM 2.5","Johnston",35.59095,-78.4622
"4347",NA,55,"West Johnston Co.","PM 2.5","Johnston",35.59095,-78.4622
"4348",NA,26,"West Johnston Co.","PM 2.5","Johnston",35.59095,-78.4622
"4349",NA,29,"West Johnston Co.","PM 2.5","Johnston",35.59095,-78.4622
"4350",NA,54,"West Johnston Co.","PM 2.5","Johnston",35.59095,-78.4622
"4351",NA,38,"West Johnston Co.","PM 2.5","Johnston",35.59095,-78.4622
"4352",NA,32,"West Johnston Co.","PM 2.5","Johnston",35.59095,-78.4622
"4353",NA,18,"West Johnston Co.","PM 2.5","Johnston",35.59095,-78.4622
"4354",NA,25,"West Johnston Co.","PM 2.5","Johnston",35.59095,-78.4622
"4355",NA,38,"West Johnston Co.","PM 2.5","Johnston",35.59095,-78.4622
"4356",3-01-20,37,"West Johnston Co.","PM 2.5","Johnston",35.59095,-78.4622
"4357",3-02-20,4,"West Johnston Co.","PM 2.5","Johnston",35.59095,-78.4622
"4358",3-03-20,8,"West Johnston Co.","PM 2.5","Johnston",35.59095,-78.4622
"4359",3-04-20,20,"West Johnston Co.","PM 2.5","Johnston",35.59095,-78.4622
"4360",3-05-20,36,"West Johnston Co.","PM 2.5","Johnston",35.59095,-78.4622
"4361",3-06-20,46,"West Johnston Co.","PM 2.5","Johnston",35.59095,-78.4622
"4362",3-07-20,25,"West Johnston Co.","PM 2.5","Johnston",35.59095,-78.4622
"4363",3-08-20,23,"West Johnston Co.","PM 2.5","Johnston",35.59095,-78.4622
"4364",3-09-20,28,"West Johnston Co.","PM 2.5","Johnston",35.59095,-78.4622
"4365",3-10-20,81,"West Johnston Co.","PM 2.5","Johnston",35.59095,-78.4622
"4366",3-11-20,55,"West Johnston Co.","PM 2.5","Johnston",35.59095,-78.4622
"4367",3-12-20,37,"West Johnston Co.","PM 2.5","Johnston",35.59095,-78.4622
"4368",NA,28,"West Johnston Co.","PM 2.5","Johnston",35.59095,-78.4622
"4369",NA,23,"West Johnston Co.","PM 2.5","Johnston",35.59095,-78.4622
"4370",NA,42,"West Johnston Co.","PM 2.5","Johnston",35.59095,-78.4622
"4371",NA,52,"West Johnston Co.","PM 2.5","Johnston",35.59095,-78.4622
"4372",NA,55,"West Johnston Co.","PM 2.5","Johnston",35.59095,-78.4622
"4373",NA,29,"West Johnston Co.","PM 2.5","Johnston",35.59095,-78.4622
"4374",NA,35,"West Johnston Co.","PM 2.5","Johnston",35.59095,-78.4622
"4375",NA,14,"West Johnston Co.","PM 2.5","Johnston",35.59095,-78.4622
"4376",NA,19,"West Johnston Co.","PM 2.5","Johnston",35.59095,-78.4622
"4377",NA,22,"West Johnston Co.","PM 2.5","Johnston",35.59095,-78.4622
"4378",NA,28,"West Johnston Co.","PM 2.5","Johnston",35.59095,-78.4622
"4379",NA,38,"West Johnston Co.","PM 2.5","Johnston",35.59095,-78.4622
"4380",NA,21,"West Johnston Co.","PM 2.5","Johnston",35.59095,-78.4622
"4381",NA,25,"West Johnston Co.","PM 2.5","Johnston",35.59095,-78.4622
"4382",NA,33,"West Johnston Co.","PM 2.5","Johnston",35.59095,-78.4622
"4383",NA,55,"West Johnston Co.","PM 2.5","Johnston",35.59095,-78.4622
"4384",NA,43,"West Johnston Co.","PM 2.5","Johnston",35.59095,-78.4622
"4385",NA,26,"West Johnston Co.","PM 2.5","Johnston",35.59095,-78.4622
"4386",NA,30,"West Johnston Co.","PM 2.5","Johnston",35.59095,-78.4622
"4387",4-01-20,32,"West Johnston Co.","PM 2.5","Johnston",35.59095,-78.4622
"4388",4-02-20,40,"West Johnston Co.","PM 2.5","Johnston",35.59095,-78.4622
"4389",4-03-20,47,"West Johnston Co.","PM 2.5","Johnston",35.59095,-78.4622
"4390",4-04-20,23,"West Johnston Co.","PM 2.5","Johnston",35.59095,-78.4622
"4391",4-05-20,25,"West Johnston Co.","PM 2.5","Johnston",35.59095,-78.4622
"4392",4-06-20,48,"West Johnston Co.","PM 2.5","Johnston",35.59095,-78.4622
"4393",4-07-20,31,"West Johnston Co.","PM 2.5","Johnston",35.59095,-78.4622
"4394",4-08-20,25,"West Johnston Co.","PM 2.5","Johnston",35.59095,-78.4622
"4395",4-09-20,34,"West Johnston Co.","PM 2.5","Johnston",35.59095,-78.4622
"4396",4-10-20,40,"West Johnston Co.","PM 2.5","Johnston",35.59095,-78.4622
"4397",4-11-20,53,"West Johnston Co.","PM 2.5","Johnston",35.59095,-78.4622
"4398",4-12-20,51,"West Johnston Co.","PM 2.5","Johnston",35.59095,-78.4622
"4399",NA,47,"West Johnston Co.","PM 2.5","Johnston",35.59095,-78.4622
"4400",NA,38,"West Johnston Co.","PM 2.5","Johnston",35.59095,-78.4622
"4401",NA,29,"West Johnston Co.","PM 2.5","Johnston",35.59095,-78.4622
"4402",NA,15,"West Johnston Co.","PM 2.5","Johnston",35.59095,-78.4622
"4403",NA,32,"West Johnston Co.","PM 2.5","Johnston",35.59095,-78.4622
"4404",NA,55,"West Johnston Co.","PM 2.5","Johnston",35.59095,-78.4622
"4405",NA,33,"West Johnston Co.","PM 2.5","Johnston",35.59095,-78.4622
"4406",NA,28,"West Johnston Co.","PM 2.5","Johnston",35.59095,-78.4622
"4407",NA,46,"West Johnston Co.","PM 2.5","Johnston",35.59095,-78.4622
"4408",NA,30,"West Johnston Co.","PM 2.5","Johnston",35.59095,-78.4622
"4409",NA,22,"West Johnston Co.","PM 2.5","Johnston",35.59095,-78.4622
"4410",NA,20,"West Johnston Co.","PM 2.5","Johnston",35.59095,-78.4622
"4411",NA,31,"West Johnston Co.","PM 2.5","Johnston",35.59095,-78.4622
"4412",NA,27,"West Johnston Co.","PM 2.5","Johnston",35.59095,-78.4622
"4413",NA,28,"West Johnston Co.","PM 2.5","Johnston",35.59095,-78.4622
"4414",NA,53,"West Johnston Co.","PM 2.5","Johnston",35.59095,-78.4622
"4415",NA,26,"West Johnston Co.","PM 2.5","Johnston",35.59095,-78.4622
"4416",NA,40,"West Johnston Co.","PM 2.5","Johnston",35.59095,-78.4622
"4417",5-01-20,47,"West Johnston Co.","PM 2.5","Johnston",35.59095,-78.4622
"4418",5-02-20,47,"West Johnston Co.","PM 2.5","Johnston",35.59095,-78.4622
"4419",5-03-20,42,"West Johnston Co.","PM 2.5","Johnston",35.59095,-78.4622
"4420",5-04-20,35,"West Johnston Co.","PM 2.5","Johnston",35.59095,-78.4622
"4421",5-05-20,40,"West Johnston Co.","PM 2.5","Johnston",35.59095,-78.4622
"4422",5-06-20,33,"West Johnston Co.","PM 2.5","Johnston",35.59095,-78.4622
"4423",5-07-20,33,"West Johnston Co.","PM 2.5","Johnston",35.59095,-78.4622
"4424",5-08-20,27,"West Johnston Co.","PM 2.5","Johnston",35.59095,-78.4622
"4425",5-09-20,20,"West Johnston Co.","PM 2.5","Johnston",35.59095,-78.4622
"4426",5-10-20,52,"West Johnston Co.","PM 2.5","Johnston",35.59095,-78.4622
"4427",5-11-20,54,"West Johnston Co.","PM 2.5","Johnston",35.59095,-78.4622
"4428",5-12-20,55,"West Johnston Co.","PM 2.5","Johnston",35.59095,-78.4622
"4429",NA,56,"West Johnston Co.","PM 2.5","Johnston",35.59095,-78.4622
"4430",NA,44,"West Johnston Co.","PM 2.5","Johnston",35.59095,-78.4622
"4431",NA,32,"West Johnston Co.","PM 2.5","Johnston",35.59095,-78.4622
"4432",NA,20,"West Johnston Co.","PM 2.5","Johnston",35.59095,-78.4622
"4433",NA,20,"West Johnston Co.","PM 2.5","Johnston",35.59095,-78.4622
"4434",NA,19,"West Johnston Co.","PM 2.5","Johnston",35.59095,-78.4622
"4435",NA,11,"West Johnston Co.","PM 2.5","Johnston",35.59095,-78.4622
"4436",NA,31,"West Johnston Co.","PM 2.5","Johnston",35.59095,-78.4622
"4437",NA,33,"West Johnston Co.","PM 2.5","Johnston",35.59095,-78.4622
"4438",NA,27,"West Johnston Co.","PM 2.5","Johnston",35.59095,-78.4622
"4439",NA,33,"West Johnston Co.","PM 2.5","Johnston",35.59095,-78.4622
"4440",NA,31,"West Johnston Co.","PM 2.5","Johnston",35.59095,-78.4622
"4441",NA,36,"West Johnston Co.","PM 2.5","Johnston",35.59095,-78.4622
"4442",NA,27,"West Johnston Co.","PM 2.5","Johnston",35.59095,-78.4622
"4443",NA,22,"West Johnston Co.","PM 2.5","Johnston",35.59095,-78.4622
"4444",NA,18,"West Johnston Co.","PM 2.5","Johnston",35.59095,-78.4622
"4445",NA,21,"West Johnston Co.","PM 2.5","Johnston",35.59095,-78.4622
"4446",NA,23,"West Johnston Co.","PM 2.5","Johnston",35.59095,-78.4622
"4447",NA,27,"West Johnston Co.","PM 2.5","Johnston",35.59095,-78.4622
"4448",6-01-20,40,"West Johnston Co.","PM 2.5","Johnston",35.59095,-78.4622
"4449",6-02-20,38,"West Johnston Co.","PM 2.5","Johnston",35.59095,-78.4622
"4450",6-03-20,33,"West Johnston Co.","PM 2.5","Johnston",35.59095,-78.4622
"4451",6-04-20,18,"West Johnston Co.","PM 2.5","Johnston",35.59095,-78.4622
"4452",6-05-20,38,"West Johnston Co.","PM 2.5","Johnston",35.59095,-78.4622
"4453",6-06-20,46,"West Johnston Co.","PM 2.5","Johnston",35.59095,-78.4622
"4454",6-07-20,43,"West Johnston Co.","PM 2.5","Johnston",35.59095,-78.4622
"4455",6-08-20,45,"West Johnston Co.","PM 2.5","Johnston",35.59095,-78.4622
"4456",6-09-20,37,"West Johnston Co.","PM 2.5","Johnston",35.59095,-78.4622
"4457",6-10-20,47,"West Johnston Co.","PM 2.5","Johnston",35.59095,-78.4622
"4458",6-11-20,40,"West Johnston Co.","PM 2.5","Johnston",35.59095,-78.4622
"4459",6-12-20,30,"West Johnston Co.","PM 2.5","Johnston",35.59095,-78.4622
"4460",NA,45,"West Johnston Co.","PM 2.5","Johnston",35.59095,-78.4622
"4461",NA,49,"West Johnston Co.","PM 2.5","Johnston",35.59095,-78.4622
"4462",NA,47,"West Johnston Co.","PM 2.5","Johnston",35.59095,-78.4622
"4463",NA,49,"West Johnston Co.","PM 2.5","Johnston",35.59095,-78.4622
"4464",NA,45,"West Johnston Co.","PM 2.5","Johnston",35.59095,-78.4622
"4465",NA,58,"West Johnston Co.","PM 2.5","Johnston",35.59095,-78.4622
"4466",NA,57,"West Johnston Co.","PM 2.5","Johnston",35.59095,-78.4622
"4467",NA,43,"West Johnston Co.","PM 2.5","Johnston",35.59095,-78.4622
"4468",NA,53,"West Johnston Co.","PM 2.5","Johnston",35.59095,-78.4622
"4469",NA,53,"West Johnston Co.","PM 2.5","Johnston",35.59095,-78.4622
"4470",NA,46,"West Johnston Co.","PM 2.5","Johnston",35.59095,-78.4622
"4471",NA,48,"West Johnston Co.","PM 2.5","Johnston",35.59095,-78.4622
"4472",NA,39,"West Johnston Co.","PM 2.5","Johnston",35.59095,-78.4622
"4473",NA,28,"West Johnston Co.","PM 2.5","Johnston",35.59095,-78.4622
"4474",NA,33,"West Johnston Co.","PM 2.5","Johnston",35.59095,-78.4622
"4475",NA,38,"West Johnston Co.","PM 2.5","Johnston",35.59095,-78.4622
"4476",NA,46,"West Johnston Co.","PM 2.5","Johnston",35.59095,-78.4622
"4477",NA,53,"West Johnston Co.","PM 2.5","Johnston",35.59095,-78.4622
"4478",7-01-20,33,"West Johnston Co.","PM 2.5","Johnston",35.59095,-78.4622
"4479",7-02-20,49,"West Johnston Co.","PM 2.5","Johnston",35.59095,-78.4622
"4480",7-03-20,48,"West Johnston Co.","PM 2.5","Johnston",35.59095,-78.4622
"4481",7-04-20,35,"West Johnston Co.","PM 2.5","Johnston",35.59095,-78.4622
"4482",7-05-20,23,"West Johnston Co.","PM 2.5","Johnston",35.59095,-78.4622
"4483",7-06-20,24,"West Johnston Co.","PM 2.5","Johnston",35.59095,-78.4622
"4484",7-07-20,30,"West Johnston Co.","PM 2.5","Johnston",35.59095,-78.4622
"4485",7-08-20,20,"West Johnston Co.","PM 2.5","Johnston",35.59095,-78.4622
"4486",7-09-20,18,"West Johnston Co.","PM 2.5","Johnston",35.59095,-78.4622
"4487",7-10-20,49,"West Johnston Co.","PM 2.5","Johnston",35.59095,-78.4622
"4488",7-11-20,67,"West Johnston Co.","PM 2.5","Johnston",35.59095,-78.4622
"4489",7-12-20,56,"West Johnston Co.","PM 2.5","Johnston",35.59095,-78.4622
"4490",NA,46,"West Johnston Co.","PM 2.5","Johnston",35.59095,-78.4622
"4491",NA,33,"West Johnston Co.","PM 2.5","Johnston",35.59095,-78.4622
"4492",NA,44,"West Johnston Co.","PM 2.5","Johnston",35.59095,-78.4622
"4493",NA,51,"West Johnston Co.","PM 2.5","Johnston",35.59095,-78.4622
"4494",NA,43,"West Johnston Co.","PM 2.5","Johnston",35.59095,-78.4622
"4495",NA,29,"West Johnston Co.","PM 2.5","Johnston",35.59095,-78.4622
"4496",NA,34,"West Johnston Co.","PM 2.5","Johnston",35.59095,-78.4622
"4497",NA,31,"West Johnston Co.","PM 2.5","Johnston",35.59095,-78.4622
"4498",NA,27,"West Johnston Co.","PM 2.5","Johnston",35.59095,-78.4622
"4499",NA,32,"West Johnston Co.","PM 2.5","Johnston",35.59095,-78.4622
"4500",NA,28,"West Johnston Co.","PM 2.5","Johnston",35.59095,-78.4622
"4501",NA,21,"West Johnston Co.","PM 2.5","Johnston",35.59095,-78.4622
"4502",NA,24,"West Johnston Co.","PM 2.5","Johnston",35.59095,-78.4622
"4503",NA,36,"West Johnston Co.","PM 2.5","Johnston",35.59095,-78.4622
"4504",NA,45,"West Johnston Co.","PM 2.5","Johnston",35.59095,-78.4622
"4505",NA,44,"West Johnston Co.","PM 2.5","Johnston",35.59095,-78.4622
"4506",NA,34,"West Johnston Co.","PM 2.5","Johnston",35.59095,-78.4622
"4507",NA,24,"West Johnston Co.","PM 2.5","Johnston",35.59095,-78.4622
"4508",NA,28,"West Johnston Co.","PM 2.5","Johnston",35.59095,-78.4622
"4509",8-01-20,27,"West Johnston Co.","PM 2.5","Johnston",35.59095,-78.4622
"4510",8-02-20,24,"West Johnston Co.","PM 2.5","Johnston",35.59095,-78.4622
"4511",8-03-20,17,"West Johnston Co.","PM 2.5","Johnston",35.59095,-78.4622
"4512",8-04-20,23,"West Johnston Co.","PM 2.5","Johnston",35.59095,-78.4622
"4513",8-05-20,33,"West Johnston Co.","PM 2.5","Johnston",35.59095,-78.4622
"4514",8-06-20,56,"West Johnston Co.","PM 2.5","Johnston",35.59095,-78.4622
"4515",8-07-20,39,"West Johnston Co.","PM 2.5","Johnston",35.59095,-78.4622
"4516",8-08-20,30,"West Johnston Co.","PM 2.5","Johnston",35.59095,-78.4622
"4517",8-09-20,35,"West Johnston Co.","PM 2.5","Johnston",35.59095,-78.4622
"4518",8-10-20,50,"West Johnston Co.","PM 2.5","Johnston",35.59095,-78.4622
"4519",8-11-20,44,"West Johnston Co.","PM 2.5","Johnston",35.59095,-78.4622
"4520",8-12-20,33,"West Johnston Co.","PM 2.5","Johnston",35.59095,-78.4622
"4521",NA,26,"West Johnston Co.","PM 2.5","Johnston",35.59095,-78.4622
"4522",NA,28,"West Johnston Co.","PM 2.5","Johnston",35.59095,-78.4622
"4523",NA,31,"West Johnston Co.","PM 2.5","Johnston",35.59095,-78.4622
"4524",NA,29,"West Johnston Co.","PM 2.5","Johnston",35.59095,-78.4622
"4525",NA,29,"West Johnston Co.","PM 2.5","Johnston",35.59095,-78.4622
"4526",NA,29,"West Johnston Co.","PM 2.5","Johnston",35.59095,-78.4622
"4527",NA,47,"West Johnston Co.","PM 2.5","Johnston",35.59095,-78.4622
"4528",NA,33,"West Johnston Co.","PM 2.5","Johnston",35.59095,-78.4622
"4529",NA,31,"West Johnston Co.","PM 2.5","Johnston",35.59095,-78.4622
"4530",NA,51,"West Johnston Co.","PM 2.5","Johnston",35.59095,-78.4622
"4531",NA,54,"West Johnston Co.","PM 2.5","Johnston",35.59095,-78.4622
"4532",NA,46,"West Johnston Co.","PM 2.5","Johnston",35.59095,-78.4622
"4533",NA,31,"West Johnston Co.","PM 2.5","Johnston",35.59095,-78.4622
"4534",NA,39,"West Johnston Co.","PM 2.5","Johnston",35.59095,-78.4622
"4535",NA,35,"West Johnston Co.","PM 2.5","Johnston",35.59095,-78.4622
"4536",9-01-20,31,"West Johnston Co.","PM 2.5","Johnston",35.59095,-78.4622
"4537",9-02-20,24,"West Johnston Co.","PM 2.5","Johnston",35.59095,-78.4622
"4538",9-03-20,30,"West Johnston Co.","PM 2.5","Johnston",35.59095,-78.4622
"4539",9-04-20,37,"West Johnston Co.","PM 2.5","Johnston",35.59095,-78.4622
"4540",9-05-20,33,"West Johnston Co.","PM 2.5","Johnston",35.59095,-78.4622
"4541",9-06-20,31,"West Johnston Co.","PM 2.5","Johnston",35.59095,-78.4622
"4542",9-07-20,39,"West Johnston Co.","PM 2.5","Johnston",35.59095,-78.4622
"4543",9-08-20,37,"West Johnston Co.","PM 2.5","Johnston",35.59095,-78.4622
"4544",9-09-20,33,"West Johnston Co.","PM 2.5","Johnston",35.59095,-78.4622
"4545",NA,51,"West Johnston Co.","PM 2.5","Johnston",35.59095,-78.4622
"4546",NA,58,"West Johnston Co.","PM 2.5","Johnston",35.59095,-78.4622
"4547",NA,51,"West Johnston Co.","PM 2.5","Johnston",35.59095,-78.4622
"4548",NA,28,"West Johnston Co.","PM 2.5","Johnston",35.59095,-78.4622
"4549",NA,25,"West Johnston Co.","PM 2.5","Johnston",35.59095,-78.4622
"4550",NA,32,"West Johnston Co.","PM 2.5","Johnston",35.59095,-78.4622
"4551",NA,27,"West Johnston Co.","PM 2.5","Johnston",35.59095,-78.4622
"4552",NA,19,"West Johnston Co.","PM 2.5","Johnston",35.59095,-78.4622
"4553",NA,20,"West Johnston Co.","PM 2.5","Johnston",35.59095,-78.4622
"4554",NA,25,"West Johnston Co.","PM 2.5","Johnston",35.59095,-78.4622
"4555",10-01-20,30,"West Johnston Co.","PM 2.5","Johnston",35.59095,-78.4622
"4556",10-02-20,41,"West Johnston Co.","PM 2.5","Johnston",35.59095,-78.4622
"4557",10-03-20,40,"West Johnston Co.","PM 2.5","Johnston",35.59095,-78.4622
"4558",10-04-20,45,"West Johnston Co.","PM 2.5","Johnston",35.59095,-78.4622
"4559",10-05-20,47,"West Johnston Co.","PM 2.5","Johnston",35.59095,-78.4622
"4560",10-06-20,51,"West Johnston Co.","PM 2.5","Johnston",35.59095,-78.4622
"4561",10-07-20,41,"West Johnston Co.","PM 2.5","Johnston",35.59095,-78.4622
"4562",10-08-20,23,"West Johnston Co.","PM 2.5","Johnston",35.59095,-78.4622
"4563",10-09-20,23,"West Johnston Co.","PM 2.5","Johnston",35.59095,-78.4622
"4564",NA,26,"West Johnston Co.","PM 2.5","Johnston",35.59095,-78.4622
"4565",NA,25,"West Johnston Co.","PM 2.5","Johnston",35.59095,-78.4622
"4566",NA,32,"West Johnston Co.","PM 2.5","Johnston",35.59095,-78.4622
"4567",NA,28,"West Johnston Co.","PM 2.5","Johnston",35.59095,-78.4622
"4568",NA,20,"West Johnston Co.","PM 2.5","Johnston",35.59095,-78.4622
"4569",NA,19,"West Johnston Co.","PM 2.5","Johnston",35.59095,-78.4622
"4570",NA,33,"West Johnston Co.","PM 2.5","Johnston",35.59095,-78.4622
"4571",NA,34,"West Johnston Co.","PM 2.5","Johnston",35.59095,-78.4622
"4572",NA,12,"West Johnston Co.","PM 2.5","Johnston",35.59095,-78.4622
"4573",NA,15,"West Johnston Co.","PM 2.5","Johnston",35.59095,-78.4622
"4574",NA,29,"West Johnston Co.","PM 2.5","Johnston",35.59095,-78.4622
"4575",NA,35,"West Johnston Co.","PM 2.5","Johnston",35.59095,-78.4622
"4576",NA,29,"West Johnston Co.","PM 2.5","Johnston",35.59095,-78.4622
"4577",NA,20,"West Johnston Co.","PM 2.5","Johnston",35.59095,-78.4622
"4578",NA,9,"West Johnston Co.","PM 2.5","Johnston",35.59095,-78.4622
"4579",NA,18,"West Johnston Co.","PM 2.5","Johnston",35.59095,-78.4622
"4580",NA,15,"West Johnston Co.","PM 2.5","Johnston",35.59095,-78.4622
"4581",NA,27,"West Johnston Co.","PM 2.5","Johnston",35.59095,-78.4622
"4582",NA,35,"West Johnston Co.","PM 2.5","Johnston",35.59095,-78.4622
"4583",11-01-20,21,"West Johnston Co.","PM 2.5","Johnston",35.59095,-78.4622
"4584",11-02-20,21,"West Johnston Co.","PM 2.5","Johnston",35.59095,-78.4622
"4585",11-03-20,37,"West Johnston Co.","PM 2.5","Johnston",35.59095,-78.4622
"4586",11-04-20,32,"West Johnston Co.","PM 2.5","Johnston",35.59095,-78.4622
"4587",11-05-20,24,"West Johnston Co.","PM 2.5","Johnston",35.59095,-78.4622
"4588",11-06-20,27,"West Johnston Co.","PM 2.5","Johnston",35.59095,-78.4622
"4589",11-07-20,25,"West Johnston Co.","PM 2.5","Johnston",35.59095,-78.4622
"4590",11-08-20,39,"West Johnston Co.","PM 2.5","Johnston",35.59095,-78.4622
"4591",11-09-20,31,"West Johnston Co.","PM 2.5","Johnston",35.59095,-78.4622
"4592",11-10-20,23,"West Johnston Co.","PM 2.5","Johnston",35.59095,-78.4622
"4593",11-11-20,30,"West Johnston Co.","PM 2.5","Johnston",35.59095,-78.4622
"4594",11-12-20,40,"West Johnston Co.","PM 2.5","Johnston",35.59095,-78.4622
"4595",NA,19,"West Johnston Co.","PM 2.5","Johnston",35.59095,-78.4622
"4596",NA,27,"West Johnston Co.","PM 2.5","Johnston",35.59095,-78.4622
"4597",NA,12,"West Johnston Co.","PM 2.5","Johnston",35.59095,-78.4622
"4598",NA,27,"West Johnston Co.","PM 2.5","Johnston",35.59095,-78.4622
"4599",NA,43,"West Johnston Co.","PM 2.5","Johnston",35.59095,-78.4622
"4600",NA,52,"West Johnston Co.","PM 2.5","Johnston",35.59095,-78.4622
"4601",NA,55,"West Johnston Co.","PM 2.5","Johnston",35.59095,-78.4622
"4602",NA,33,"West Johnston Co.","PM 2.5","Johnston",35.59095,-78.4622
"4603",NA,33,"West Johnston Co.","PM 2.5","Johnston",35.59095,-78.4622
"4604",NA,39,"West Johnston Co.","PM 2.5","Johnston",35.59095,-78.4622
"4605",NA,20,"West Johnston Co.","PM 2.5","Johnston",35.59095,-78.4622
"4606",NA,15,"West Johnston Co.","PM 2.5","Johnston",35.59095,-78.4622
"4607",NA,39,"West Johnston Co.","PM 2.5","Johnston",35.59095,-78.4622
"4608",NA,20,"West Johnston Co.","PM 2.5","Johnston",35.59095,-78.4622
"4609",NA,10,"West Johnston Co.","PM 2.5","Johnston",35.59095,-78.4622
"4610",NA,36,"West Johnston Co.","PM 2.5","Johnston",35.59095,-78.4622
"4611",NA,32,"West Johnston Co.","PM 2.5","Johnston",35.59095,-78.4622
"4612",NA,35,"West Johnston Co.","PM 2.5","Johnston",35.59095,-78.4622
"4613",12-01-20,51,"West Johnston Co.","PM 2.5","Johnston",35.59095,-78.4622
"4614",12-02-20,20,"West Johnston Co.","PM 2.5","Johnston",35.59095,-78.4622
"4615",12-03-20,48,"West Johnston Co.","PM 2.5","Johnston",35.59095,-78.4622
"4616",12-04-20,13,"West Johnston Co.","PM 2.5","Johnston",35.59095,-78.4622
"4617",12-05-20,19,"West Johnston Co.","PM 2.5","Johnston",35.59095,-78.4622
"4618",12-06-20,22,"West Johnston Co.","PM 2.5","Johnston",35.59095,-78.4622
"4619",12-07-20,52,"West Johnston Co.","PM 2.5","Johnston",35.59095,-78.4622
"4620",12-08-20,48,"West Johnston Co.","PM 2.5","Johnston",35.59095,-78.4622
"4621",12-09-20,12,"West Johnston Co.","PM 2.5","Johnston",35.59095,-78.4622
"4622",12-10-20,25,"West Johnston Co.","PM 2.5","Johnston",35.59095,-78.4622
"4623",12-11-20,46,"West Johnston Co.","PM 2.5","Johnston",35.59095,-78.4622
"4624",12-12-20,34,"West Johnston Co.","PM 2.5","Johnston",35.59095,-78.4622
"4625",NA,53,"West Johnston Co.","PM 2.5","Johnston",35.59095,-78.4622
"4626",NA,38,"West Johnston Co.","PM 2.5","Johnston",35.59095,-78.4622
"4627",NA,12,"West Johnston Co.","PM 2.5","Johnston",35.59095,-78.4622
"4628",NA,15,"West Johnston Co.","PM 2.5","Johnston",35.59095,-78.4622
"4629",NA,15,"West Johnston Co.","PM 2.5","Johnston",35.59095,-78.4622
"4630",NA,28,"West Johnston Co.","PM 2.5","Johnston",35.59095,-78.4622
"4631",NA,50,"West Johnston Co.","PM 2.5","Johnston",35.59095,-78.4622
"4632",NA,27,"West Johnston Co.","PM 2.5","Johnston",35.59095,-78.4622
"4633",NA,12,"West Johnston Co.","PM 2.5","Johnston",35.59095,-78.4622
"4634",NA,9,"West Johnston Co.","PM 2.5","Johnston",35.59095,-78.4622
"4635",NA,26,"West Johnston Co.","PM 2.5","Johnston",35.59095,-78.4622
"4636",NA,20,"West Johnston Co.","PM 2.5","Johnston",35.59095,-78.4622
"4637",NA,33,"West Johnston Co.","PM 2.5","Johnston",35.59095,-78.4622
"4638",NA,39,"West Johnston Co.","PM 2.5","Johnston",35.59095,-78.4622
"4639",NA,30,"West Johnston Co.","PM 2.5","Johnston",35.59095,-78.4622
"4640",NA,13,"West Johnston Co.","PM 2.5","Johnston",35.59095,-78.4622
"4641",NA,21,"West Johnston Co.","PM 2.5","Johnston",35.59095,-78.4622
"4642",NA,41,"West Johnston Co.","PM 2.5","Johnston",35.59095,-78.4622
"4643",NA,37,"West Johnston Co.","PM 2.5","Johnston",35.59095,-78.4622
"4644",1-03-20,52,"Blackstone","PM 2.5","Lee",35.4325,-79.2887
"4645",1-04-20,54,"Blackstone","PM 2.5","Lee",35.4325,-79.2887
"4646",1-05-20,52,"Blackstone","PM 2.5","Lee",35.4325,-79.2887
"4647",1-06-20,51,"Blackstone","PM 2.5","Lee",35.4325,-79.2887
"4648",1-07-20,48,"Blackstone","PM 2.5","Lee",35.4325,-79.2887
"4649",1-08-20,44,"Blackstone","PM 2.5","Lee",35.4325,-79.2887
"4650",1-09-20,52,"Blackstone","PM 2.5","Lee",35.4325,-79.2887
"4651",1-10-20,47,"Blackstone","PM 2.5","Lee",35.4325,-79.2887
"4652",1-11-20,44,"Blackstone","PM 2.5","Lee",35.4325,-79.2887
"4653",1-12-20,3,"Blackstone","PM 2.5","Lee",35.4325,-79.2887
"4654",NA,26,"Blackstone","PM 2.5","Lee",35.4325,-79.2887
"4655",NA,38,"Blackstone","PM 2.5","Lee",35.4325,-79.2887
"4656",NA,48,"Blackstone","PM 2.5","Lee",35.4325,-79.2887
"4657",NA,64,"Blackstone","PM 2.5","Lee",35.4325,-79.2887
"4658",NA,63,"Blackstone","PM 2.5","Lee",35.4325,-79.2887
"4659",NA,54,"Blackstone","PM 2.5","Lee",35.4325,-79.2887
"4660",NA,52,"Blackstone","PM 2.5","Lee",35.4325,-79.2887
"4661",NA,47,"Blackstone","PM 2.5","Lee",35.4325,-79.2887
"4662",NA,45,"Blackstone","PM 2.5","Lee",35.4325,-79.2887
"4663",NA,54,"Blackstone","PM 2.5","Lee",35.4325,-79.2887
"4664",NA,26,"Blackstone","PM 2.5","Lee",35.4325,-79.2887
"4665",NA,33,"Blackstone","PM 2.5","Lee",35.4325,-79.2887
"4666",NA,47,"Blackstone","PM 2.5","Lee",35.4325,-79.2887
"4667",NA,64,"Blackstone","PM 2.5","Lee",35.4325,-79.2887
"4668",NA,69,"Blackstone","PM 2.5","Lee",35.4325,-79.2887
"4669",NA,23,"Blackstone","PM 2.5","Lee",35.4325,-79.2887
"4670",NA,17,"Blackstone","PM 2.5","Lee",35.4325,-79.2887
"4671",NA,35,"Blackstone","PM 2.5","Lee",35.4325,-79.2887
"4672",NA,41,"Blackstone","PM 2.5","Lee",35.4325,-79.2887
"4673",2-01-20,44,"Blackstone","PM 2.5","Lee",35.4325,-79.2887
"4674",2-02-20,35,"Blackstone","PM 2.5","Lee",35.4325,-79.2887
"4675",2-03-20,51,"Blackstone","PM 2.5","Lee",35.4325,-79.2887
"4676",2-04-20,33,"Blackstone","PM 2.5","Lee",35.4325,-79.2887
"4677",2-05-20,38,"Blackstone","PM 2.5","Lee",35.4325,-79.2887
"4678",2-06-20,41,"Blackstone","PM 2.5","Lee",35.4325,-79.2887
"4679",2-07-20,34,"Blackstone","PM 2.5","Lee",35.4325,-79.2887
"4680",2-08-20,43,"Blackstone","PM 2.5","Lee",35.4325,-79.2887
"4681",2-09-20,54,"Blackstone","PM 2.5","Lee",35.4325,-79.2887
"4682",2-10-20,30,"Blackstone","PM 2.5","Lee",35.4325,-79.2887
"4683",2-11-20,19,"Blackstone","PM 2.5","Lee",35.4325,-79.2887
"4684",2-12-20,10,"Blackstone","PM 2.5","Lee",35.4325,-79.2887
"4685",NA,48,"Blackstone","PM 2.5","Lee",35.4325,-79.2887
"4686",NA,54,"Blackstone","PM 2.5","Lee",35.4325,-79.2887
"4687",NA,27,"Blackstone","PM 2.5","Lee",35.4325,-79.2887
"4688",NA,28,"Blackstone","PM 2.5","Lee",35.4325,-79.2887
"4689",NA,35,"Blackstone","PM 2.5","Lee",35.4325,-79.2887
"4690",NA,29,"Blackstone","PM 2.5","Lee",35.4325,-79.2887
"4691",NA,45,"Blackstone","PM 2.5","Lee",35.4325,-79.2887
"4692",NA,52,"Blackstone","PM 2.5","Lee",35.4325,-79.2887
"4693",NA,47,"Blackstone","PM 2.5","Lee",35.4325,-79.2887
"4694",NA,40,"Blackstone","PM 2.5","Lee",35.4325,-79.2887
"4695",NA,57,"Blackstone","PM 2.5","Lee",35.4325,-79.2887
"4696",NA,43,"Blackstone","PM 2.5","Lee",35.4325,-79.2887
"4697",NA,27,"Blackstone","PM 2.5","Lee",35.4325,-79.2887
"4698",NA,29,"Blackstone","PM 2.5","Lee",35.4325,-79.2887
"4699",NA,34,"Blackstone","PM 2.5","Lee",35.4325,-79.2887
"4700",NA,54,"Blackstone","PM 2.5","Lee",35.4325,-79.2887
"4701",3-01-20,44,"Blackstone","PM 2.5","Lee",35.4325,-79.2887
"4702",3-02-20,30,"Blackstone","PM 2.5","Lee",35.4325,-79.2887
"4703",3-03-20,27,"Blackstone","PM 2.5","Lee",35.4325,-79.2887
"4704",3-04-20,38,"Blackstone","PM 2.5","Lee",35.4325,-79.2887
"4705",3-05-20,53,"Blackstone","PM 2.5","Lee",35.4325,-79.2887
"4706",3-06-20,47,"Blackstone","PM 2.5","Lee",35.4325,-79.2887
"4707",3-07-20,48,"Blackstone","PM 2.5","Lee",35.4325,-79.2887
"4708",3-08-20,41,"Blackstone","PM 2.5","Lee",35.4325,-79.2887
"4709",3-09-20,50,"Blackstone","PM 2.5","Lee",35.4325,-79.2887
"4710",3-10-20,83,"Blackstone","PM 2.5","Lee",35.4325,-79.2887
"4711",3-11-20,70,"Blackstone","PM 2.5","Lee",35.4325,-79.2887
"4712",3-12-20,52,"Blackstone","PM 2.5","Lee",35.4325,-79.2887
"4713",NA,45,"Blackstone","PM 2.5","Lee",35.4325,-79.2887
"4714",NA,42,"Blackstone","PM 2.5","Lee",35.4325,-79.2887
"4715",NA,45,"Blackstone","PM 2.5","Lee",35.4325,-79.2887
"4716",NA,61,"Blackstone","PM 2.5","Lee",35.4325,-79.2887
"4717",NA,59,"Blackstone","PM 2.5","Lee",35.4325,-79.2887
"4718",NA,52,"Blackstone","PM 2.5","Lee",35.4325,-79.2887
"4719",NA,55,"Blackstone","PM 2.5","Lee",35.4325,-79.2887
"4720",NA,40,"Blackstone","PM 2.5","Lee",35.4325,-79.2887
"4721",NA,36,"Blackstone","PM 2.5","Lee",35.4325,-79.2887
"4722",NA,36,"Blackstone","PM 2.5","Lee",35.4325,-79.2887
"4723",NA,43,"Blackstone","PM 2.5","Lee",35.4325,-79.2887
"4724",NA,52,"Blackstone","PM 2.5","Lee",35.4325,-79.2887
"4725",NA,36,"Blackstone","PM 2.5","Lee",35.4325,-79.2887
"4726",NA,39,"Blackstone","PM 2.5","Lee",35.4325,-79.2887
"4727",NA,51,"Blackstone","PM 2.5","Lee",35.4325,-79.2887
"4728",NA,56,"Blackstone","PM 2.5","Lee",35.4325,-79.2887
"4729",NA,47,"Blackstone","PM 2.5","Lee",35.4325,-79.2887
"4730",NA,34,"Blackstone","PM 2.5","Lee",35.4325,-79.2887
"4731",NA,30,"Blackstone","PM 2.5","Lee",35.4325,-79.2887
"4732",4-01-20,46,"Blackstone","PM 2.5","Lee",35.4325,-79.2887
"4733",4-02-20,51,"Blackstone","PM 2.5","Lee",35.4325,-79.2887
"4734",4-03-20,59,"Blackstone","PM 2.5","Lee",35.4325,-79.2887
"4735",4-04-20,38,"Blackstone","PM 2.5","Lee",35.4325,-79.2887
"4736",4-05-20,45,"Blackstone","PM 2.5","Lee",35.4325,-79.2887
"4737",4-06-20,59,"Blackstone","PM 2.5","Lee",35.4325,-79.2887
"4738",4-07-20,54,"Blackstone","PM 2.5","Lee",35.4325,-79.2887
"4739",4-08-20,39,"Blackstone","PM 2.5","Lee",35.4325,-79.2887
"4740",4-09-20,50,"Blackstone","PM 2.5","Lee",35.4325,-79.2887
"4741",4-10-20,52,"Blackstone","PM 2.5","Lee",35.4325,-79.2887
"4742",4-11-20,58,"Blackstone","PM 2.5","Lee",35.4325,-79.2887
"4743",4-12-20,59,"Blackstone","PM 2.5","Lee",35.4325,-79.2887
"4744",NA,55,"Blackstone","PM 2.5","Lee",35.4325,-79.2887
"4745",NA,48,"Blackstone","PM 2.5","Lee",35.4325,-79.2887
"4746",NA,31,"Blackstone","PM 2.5","Lee",35.4325,-79.2887
"4747",NA,32,"Blackstone","PM 2.5","Lee",35.4325,-79.2887
"4748",NA,9,"Blackstone","PM 2.5","Lee",35.4325,-79.2887
"4749",NA,10,"Blackstone","PM 2.5","Lee",35.4325,-79.2887
"4750",NA,20,"Blackstone","PM 2.5","Lee",35.4325,-79.2887
"4751",NA,20,"Blackstone","PM 2.5","Lee",35.4325,-79.2887
"4752",NA,28,"Blackstone","PM 2.5","Lee",35.4325,-79.2887
"4753",NA,19,"Blackstone","PM 2.5","Lee",35.4325,-79.2887
"4754",NA,22,"Blackstone","PM 2.5","Lee",35.4325,-79.2887
"4755",5-01-20,34,"Blackstone","PM 2.5","Lee",35.4325,-79.2887
"4756",5-02-20,38,"Blackstone","PM 2.5","Lee",35.4325,-79.2887
"4757",5-03-20,30,"Blackstone","PM 2.5","Lee",35.4325,-79.2887
"4758",5-04-20,58,"Blackstone","PM 2.5","Lee",35.4325,-79.2887
"4759",5-05-20,48,"Blackstone","PM 2.5","Lee",35.4325,-79.2887
"4760",5-06-20,45,"Blackstone","PM 2.5","Lee",35.4325,-79.2887
"4761",5-07-20,21,"Blackstone","PM 2.5","Lee",35.4325,-79.2887
"4762",5-08-20,38,"Blackstone","PM 2.5","Lee",35.4325,-79.2887
"4763",5-09-20,35,"Blackstone","PM 2.5","Lee",35.4325,-79.2887
"4764",5-10-20,45,"Blackstone","PM 2.5","Lee",35.4325,-79.2887
"4765",5-11-20,50,"Blackstone","PM 2.5","Lee",35.4325,-79.2887
"4766",5-12-20,54,"Blackstone","PM 2.5","Lee",35.4325,-79.2887
"4767",NA,56,"Blackstone","PM 2.5","Lee",35.4325,-79.2887
"4768",NA,54,"Blackstone","PM 2.5","Lee",35.4325,-79.2887
"4769",NA,25,"Blackstone","PM 2.5","Lee",35.4325,-79.2887
"4770",NA,25,"Blackstone","PM 2.5","Lee",35.4325,-79.2887
"4771",NA,15,"Blackstone","PM 2.5","Lee",35.4325,-79.2887
"4772",NA,16,"Blackstone","PM 2.5","Lee",35.4325,-79.2887
"4773",NA,0,"Blackstone","PM 2.5","Lee",35.4325,-79.2887
"4774",NA,21,"Blackstone","PM 2.5","Lee",35.4325,-79.2887
"4775",NA,27,"Blackstone","PM 2.5","Lee",35.4325,-79.2887
"4776",NA,22,"Blackstone","PM 2.5","Lee",35.4325,-79.2887
"4777",NA,21,"Blackstone","PM 2.5","Lee",35.4325,-79.2887
"4778",NA,33,"Blackstone","PM 2.5","Lee",35.4325,-79.2887
"4779",NA,33,"Blackstone","PM 2.5","Lee",35.4325,-79.2887
"4780",NA,17,"Blackstone","PM 2.5","Lee",35.4325,-79.2887
"4781",NA,18,"Blackstone","PM 2.5","Lee",35.4325,-79.2887
"4782",NA,5,"Blackstone","PM 2.5","Lee",35.4325,-79.2887
"4783",NA,6,"Blackstone","PM 2.5","Lee",35.4325,-79.2887
"4784",NA,20,"Blackstone","PM 2.5","Lee",35.4325,-79.2887
"4785",NA,25,"Blackstone","PM 2.5","Lee",35.4325,-79.2887
"4786",6-01-20,24,"Blackstone","PM 2.5","Lee",35.4325,-79.2887
"4787",6-02-20,18,"Blackstone","PM 2.5","Lee",35.4325,-79.2887
"4788",6-03-20,23,"Blackstone","PM 2.5","Lee",35.4325,-79.2887
"4789",6-04-20,19,"Blackstone","PM 2.5","Lee",35.4325,-79.2887
"4790",6-05-20,30,"Blackstone","PM 2.5","Lee",35.4325,-79.2887
"4791",6-06-20,37,"Blackstone","PM 2.5","Lee",35.4325,-79.2887
"4792",6-07-20,44,"Blackstone","PM 2.5","Lee",35.4325,-79.2887
"4793",6-08-20,45,"Blackstone","PM 2.5","Lee",35.4325,-79.2887
"4794",6-09-20,37,"Blackstone","PM 2.5","Lee",35.4325,-79.2887
"4795",6-10-20,38,"Blackstone","PM 2.5","Lee",35.4325,-79.2887
"4796",6-11-20,45,"Blackstone","PM 2.5","Lee",35.4325,-79.2887
"4797",6-12-20,20,"Blackstone","PM 2.5","Lee",35.4325,-79.2887
"4798",NA,25,"Blackstone","PM 2.5","Lee",35.4325,-79.2887
"4799",NA,38,"Blackstone","PM 2.5","Lee",35.4325,-79.2887
"4800",NA,52,"Blackstone","PM 2.5","Lee",35.4325,-79.2887
"4801",NA,37,"Blackstone","PM 2.5","Lee",35.4325,-79.2887
"4802",NA,40,"Blackstone","PM 2.5","Lee",35.4325,-79.2887
"4803",NA,51,"Blackstone","PM 2.5","Lee",35.4325,-79.2887
"4804",NA,49,"Blackstone","PM 2.5","Lee",35.4325,-79.2887
"4805",NA,42,"Blackstone","PM 2.5","Lee",35.4325,-79.2887
"4806",NA,50,"Blackstone","PM 2.5","Lee",35.4325,-79.2887
"4807",NA,37,"Blackstone","PM 2.5","Lee",35.4325,-79.2887
"4808",NA,30,"Blackstone","PM 2.5","Lee",35.4325,-79.2887
"4809",NA,30,"Blackstone","PM 2.5","Lee",35.4325,-79.2887
"4810",NA,36,"Blackstone","PM 2.5","Lee",35.4325,-79.2887
"4811",NA,22,"Blackstone","PM 2.5","Lee",35.4325,-79.2887
"4812",NA,26,"Blackstone","PM 2.5","Lee",35.4325,-79.2887
"4813",NA,23,"Blackstone","PM 2.5","Lee",35.4325,-79.2887
"4814",NA,38,"Blackstone","PM 2.5","Lee",35.4325,-79.2887
"4815",NA,41,"Blackstone","PM 2.5","Lee",35.4325,-79.2887
"4816",7-01-20,23,"Blackstone","PM 2.5","Lee",35.4325,-79.2887
"4817",7-02-20,20,"Blackstone","PM 2.5","Lee",35.4325,-79.2887
"4818",7-03-20,42,"Blackstone","PM 2.5","Lee",35.4325,-79.2887
"4819",7-04-20,30,"Blackstone","PM 2.5","Lee",35.4325,-79.2887
"4820",7-05-20,20,"Blackstone","PM 2.5","Lee",35.4325,-79.2887
"4821",7-06-20,17,"Blackstone","PM 2.5","Lee",35.4325,-79.2887
"4822",7-07-20,23,"Blackstone","PM 2.5","Lee",35.4325,-79.2887
"4823",7-08-20,16,"Blackstone","PM 2.5","Lee",35.4325,-79.2887
"4824",7-09-20,16,"Blackstone","PM 2.5","Lee",35.4325,-79.2887
"4825",7-10-20,30,"Blackstone","PM 2.5","Lee",35.4325,-79.2887
"4826",7-11-20,49,"Blackstone","PM 2.5","Lee",35.4325,-79.2887
"4827",7-12-20,54,"Blackstone","PM 2.5","Lee",35.4325,-79.2887
"4828",NA,44,"Blackstone","PM 2.5","Lee",35.4325,-79.2887
"4829",NA,36,"Blackstone","PM 2.5","Lee",35.4325,-79.2887
"4830",NA,43,"Blackstone","PM 2.5","Lee",35.4325,-79.2887
"4831",NA,47,"Blackstone","PM 2.5","Lee",35.4325,-79.2887
"4832",NA,39,"Blackstone","PM 2.5","Lee",35.4325,-79.2887
"4833",NA,30,"Blackstone","PM 2.5","Lee",35.4325,-79.2887
"4834",NA,33,"Blackstone","PM 2.5","Lee",35.4325,-79.2887
"4835",NA,35,"Blackstone","PM 2.5","Lee",35.4325,-79.2887
"4836",NA,26,"Blackstone","PM 2.5","Lee",35.4325,-79.2887
"4837",NA,20,"Blackstone","PM 2.5","Lee",35.4325,-79.2887
"4838",NA,20,"Blackstone","PM 2.5","Lee",35.4325,-79.2887
"4839",NA,17,"Blackstone","PM 2.5","Lee",35.4325,-79.2887
"4840",NA,17,"Blackstone","PM 2.5","Lee",35.4325,-79.2887
"4841",NA,23,"Blackstone","PM 2.5","Lee",35.4325,-79.2887
"4842",NA,35,"Blackstone","PM 2.5","Lee",35.4325,-79.2887
"4843",NA,32,"Blackstone","PM 2.5","Lee",35.4325,-79.2887
"4844",NA,29,"Blackstone","PM 2.5","Lee",35.4325,-79.2887
"4845",NA,8,"Blackstone","PM 2.5","Lee",35.4325,-79.2887
"4846",NA,23,"Blackstone","PM 2.5","Lee",35.4325,-79.2887
"4847",1-02-20,38,"Garinger High School","PM 2.5","Mecklenburg",35.2401000008895,-80.785683
"4848",1-05-20,31,"Garinger High School","PM 2.5","Mecklenburg",35.2401000008895,-80.785683
"4849",1-08-20,54,"Garinger High School","PM 2.5","Mecklenburg",35.2401000008895,-80.785683
"4850",1-11-20,34,"Garinger High School","PM 2.5","Mecklenburg",35.2401000008895,-80.785683
"4851",NA,24,"Garinger High School","PM 2.5","Mecklenburg",35.2401000008895,-80.785683
"4852",NA,41,"Garinger High School","PM 2.5","Mecklenburg",35.2401000008895,-80.785683
"4853",NA,41,"Garinger High School","PM 2.5","Mecklenburg",35.2401000008895,-80.785683
"4854",NA,15,"Garinger High School","PM 2.5","Mecklenburg",35.2401000008895,-80.785683
"4855",NA,44,"Garinger High School","PM 2.5","Mecklenburg",35.2401000008895,-80.785683
"4856",NA,10,"Garinger High School","PM 2.5","Mecklenburg",35.2401000008895,-80.785683
"4857",2-01-20,38,"Garinger High School","PM 2.5","Mecklenburg",35.2401000008895,-80.785683
"4858",2-04-20,28,"Garinger High School","PM 2.5","Mecklenburg",35.2401000008895,-80.785683
"4859",2-07-20,24,"Garinger High School","PM 2.5","Mecklenburg",35.2401000008895,-80.785683
"4860",2-10-20,38,"Garinger High School","PM 2.5","Mecklenburg",35.2401000008895,-80.785683
"4861",NA,20,"Garinger High School","PM 2.5","Mecklenburg",35.2401000008895,-80.785683
"4862",NA,23,"Garinger High School","PM 2.5","Mecklenburg",35.2401000008895,-80.785683
"4863",NA,30,"Garinger High School","PM 2.5","Mecklenburg",35.2401000008895,-80.785683
"4864",NA,30,"Garinger High School","PM 2.5","Mecklenburg",35.2401000008895,-80.785683
"4865",NA,26,"Garinger High School","PM 2.5","Mecklenburg",35.2401000008895,-80.785683
"4866",NA,42,"Garinger High School","PM 2.5","Mecklenburg",35.2401000008895,-80.785683
"4867",3-03-20,8,"Garinger High School","PM 2.5","Mecklenburg",35.2401000008895,-80.785683
"4868",3-06-20,55,"Garinger High School","PM 2.5","Mecklenburg",35.2401000008895,-80.785683
"4869",3-09-20,28,"Garinger High School","PM 2.5","Mecklenburg",35.2401000008895,-80.785683
"4870",3-12-20,16,"Garinger High School","PM 2.5","Mecklenburg",35.2401000008895,-80.785683
"4871",NA,27,"Garinger High School","PM 2.5","Mecklenburg",35.2401000008895,-80.785683
"4872",NA,25,"Garinger High School","PM 2.5","Mecklenburg",35.2401000008895,-80.785683
"4873",NA,10,"Garinger High School","PM 2.5","Mecklenburg",35.2401000008895,-80.785683
"4874",NA,32,"Garinger High School","PM 2.5","Mecklenburg",35.2401000008895,-80.785683
"4875",NA,33,"Garinger High School","PM 2.5","Mecklenburg",35.2401000008895,-80.785683
"4876",NA,16,"Garinger High School","PM 2.5","Mecklenburg",35.2401000008895,-80.785683
"4877",4-02-20,35,"Garinger High School","PM 2.5","Mecklenburg",35.2401000008895,-80.785683
"4878",4-05-20,21,"Garinger High School","PM 2.5","Mecklenburg",35.2401000008895,-80.785683
"4879",4-08-20,18,"Garinger High School","PM 2.5","Mecklenburg",35.2401000008895,-80.785683
"4880",4-11-20,41,"Garinger High School","PM 2.5","Mecklenburg",35.2401000008895,-80.785683
"4881",NA,36,"Garinger High School","PM 2.5","Mecklenburg",35.2401000008895,-80.785683
"4882",NA,18,"Garinger High School","PM 2.5","Mecklenburg",35.2401000008895,-80.785683
"4883",NA,25,"Garinger High School","PM 2.5","Mecklenburg",35.2401000008895,-80.785683
"4884",NA,18,"Garinger High School","PM 2.5","Mecklenburg",35.2401000008895,-80.785683
"4885",NA,16,"Garinger High School","PM 2.5","Mecklenburg",35.2401000008895,-80.785683
"4886",NA,25,"Garinger High School","PM 2.5","Mecklenburg",35.2401000008895,-80.785683
"4887",5-02-20,40,"Garinger High School","PM 2.5","Mecklenburg",35.2401000008895,-80.785683
"4888",5-05-20,44,"Garinger High School","PM 2.5","Mecklenburg",35.2401000008895,-80.785683
"4889",5-08-20,27,"Garinger High School","PM 2.5","Mecklenburg",35.2401000008895,-80.785683
"4890",5-11-20,44,"Garinger High School","PM 2.5","Mecklenburg",35.2401000008895,-80.785683
"4891",NA,54,"Garinger High School","PM 2.5","Mecklenburg",35.2401000008895,-80.785683
"4892",NA,20,"Garinger High School","PM 2.5","Mecklenburg",35.2401000008895,-80.785683
"4893",NA,28,"Garinger High School","PM 2.5","Mecklenburg",35.2401000008895,-80.785683
"4894",NA,18,"Garinger High School","PM 2.5","Mecklenburg",35.2401000008895,-80.785683
"4895",NA,26,"Garinger High School","PM 2.5","Mecklenburg",35.2401000008895,-80.785683
"4896",6-05-20,32,"Garinger High School","PM 2.5","Mecklenburg",35.2401000008895,-80.785683
"4897",6-06-20,35,"Garinger High School","PM 2.5","Mecklenburg",35.2401000008895,-80.785683
"4898",6-07-20,51,"Garinger High School","PM 2.5","Mecklenburg",35.2401000008895,-80.785683
"4899",6-08-20,55,"Garinger High School","PM 2.5","Mecklenburg",35.2401000008895,-80.785683
"4900",6-10-20,44,"Garinger High School","PM 2.5","Mecklenburg",35.2401000008895,-80.785683
"4901",NA,37,"Garinger High School","PM 2.5","Mecklenburg",35.2401000008895,-80.785683
"4902",NA,54,"Garinger High School","PM 2.5","Mecklenburg",35.2401000008895,-80.785683
"4903",NA,47,"Garinger High School","PM 2.5","Mecklenburg",35.2401000008895,-80.785683
"4904",NA,33,"Garinger High School","PM 2.5","Mecklenburg",35.2401000008895,-80.785683
"4905",NA,29,"Garinger High School","PM 2.5","Mecklenburg",35.2401000008895,-80.785683
"4906",NA,32,"Garinger High School","PM 2.5","Mecklenburg",35.2401000008895,-80.785683
"4907",7-01-20,23,"Garinger High School","PM 2.5","Mecklenburg",35.2401000008895,-80.785683
"4908",7-04-20,44,"Garinger High School","PM 2.5","Mecklenburg",35.2401000008895,-80.785683
"4909",7-07-20,33,"Garinger High School","PM 2.5","Mecklenburg",35.2401000008895,-80.785683
"4910",7-10-20,44,"Garinger High School","PM 2.5","Mecklenburg",35.2401000008895,-80.785683
"4911",NA,48,"Garinger High School","PM 2.5","Mecklenburg",35.2401000008895,-80.785683
"4912",NA,50,"Garinger High School","PM 2.5","Mecklenburg",35.2401000008895,-80.785683
"4913",NA,45,"Garinger High School","PM 2.5","Mecklenburg",35.2401000008895,-80.785683
"4914",NA,23,"Garinger High School","PM 2.5","Mecklenburg",35.2401000008895,-80.785683
"4915",NA,30,"Garinger High School","PM 2.5","Mecklenburg",35.2401000008895,-80.785683
"4916",NA,48,"Garinger High School","PM 2.5","Mecklenburg",35.2401000008895,-80.785683
"4917",NA,32,"Garinger High School","PM 2.5","Mecklenburg",35.2401000008895,-80.785683
"4918",8-03-20,16,"Garinger High School","PM 2.5","Mecklenburg",35.2401000008895,-80.785683
"4919",8-06-20,29,"Garinger High School","PM 2.5","Mecklenburg",35.2401000008895,-80.785683
"4920",8-09-20,27,"Garinger High School","PM 2.5","Mecklenburg",35.2401000008895,-80.785683
"4921",8-12-20,30,"Garinger High School","PM 2.5","Mecklenburg",35.2401000008895,-80.785683
"4922",NA,58,"Garinger High School","PM 2.5","Mecklenburg",35.2401000008895,-80.785683
"4923",NA,21,"Garinger High School","PM 2.5","Mecklenburg",35.2401000008895,-80.785683
"4924",NA,29,"Garinger High School","PM 2.5","Mecklenburg",35.2401000008895,-80.785683
"4925",NA,34,"Garinger High School","PM 2.5","Mecklenburg",35.2401000008895,-80.785683
"4926",NA,56,"Garinger High School","PM 2.5","Mecklenburg",35.2401000008895,-80.785683
"4927",NA,36,"Garinger High School","PM 2.5","Mecklenburg",35.2401000008895,-80.785683
"4928",9-02-20,31,"Garinger High School","PM 2.5","Mecklenburg",35.2401000008895,-80.785683
"4929",9-05-20,43,"Garinger High School","PM 2.5","Mecklenburg",35.2401000008895,-80.785683
"4930",9-08-20,34,"Garinger High School","PM 2.5","Mecklenburg",35.2401000008895,-80.785683
"4931",9-11-20,26,"Garinger High School","PM 2.5","Mecklenburg",35.2401000008895,-80.785683
"4932",NA,52,"Garinger High School","PM 2.5","Mecklenburg",35.2401000008895,-80.785683
"4933",NA,51,"Garinger High School","PM 2.5","Mecklenburg",35.2401000008895,-80.785683
"4934",NA,51,"Garinger High School","PM 2.5","Mecklenburg",35.2401000008895,-80.785683
"4935",NA,52,"Garinger High School","PM 2.5","Mecklenburg",35.2401000008895,-80.785683
"4936",NA,37,"Garinger High School","PM 2.5","Mecklenburg",35.2401000008895,-80.785683
"4937",NA,34,"Garinger High School","PM 2.5","Mecklenburg",35.2401000008895,-80.785683
"4938",10-02-20,40,"Garinger High School","PM 2.5","Mecklenburg",35.2401000008895,-80.785683
"4939",10-05-20,51,"Garinger High School","PM 2.5","Mecklenburg",35.2401000008895,-80.785683
"4940",10-11-20,12,"Garinger High School","PM 2.5","Mecklenburg",35.2401000008895,-80.785683
"4941",NA,29,"Garinger High School","PM 2.5","Mecklenburg",35.2401000008895,-80.785683
"4942",NA,20,"Garinger High School","PM 2.5","Mecklenburg",35.2401000008895,-80.785683
"4943",NA,35,"Garinger High School","PM 2.5","Mecklenburg",35.2401000008895,-80.785683
"4944",NA,17,"Garinger High School","PM 2.5","Mecklenburg",35.2401000008895,-80.785683
"4945",NA,10,"Garinger High School","PM 2.5","Mecklenburg",35.2401000008895,-80.785683
"4946",NA,20,"Garinger High School","PM 2.5","Mecklenburg",35.2401000008895,-80.785683
"4947",11-01-20,24,"Garinger High School","PM 2.5","Mecklenburg",35.2401000008895,-80.785683
"4948",11-04-20,33,"Garinger High School","PM 2.5","Mecklenburg",35.2401000008895,-80.785683
"4949",11-07-20,28,"Garinger High School","PM 2.5","Mecklenburg",35.2401000008895,-80.785683
"4950",11-10-20,20,"Garinger High School","PM 2.5","Mecklenburg",35.2401000008895,-80.785683
"4951",NA,26,"Garinger High School","PM 2.5","Mecklenburg",35.2401000008895,-80.785683
"4952",NA,22,"Garinger High School","PM 2.5","Mecklenburg",35.2401000008895,-80.785683
"4953",NA,55,"Garinger High School","PM 2.5","Mecklenburg",35.2401000008895,-80.785683
"4954",NA,42,"Garinger High School","PM 2.5","Mecklenburg",35.2401000008895,-80.785683
"4955",NA,25,"Garinger High School","PM 2.5","Mecklenburg",35.2401000008895,-80.785683
"4956",NA,28,"Garinger High School","PM 2.5","Mecklenburg",35.2401000008895,-80.785683
"4957",12-01-20,44,"Garinger High School","PM 2.5","Mecklenburg",35.2401000008895,-80.785683
"4958",12-04-20,11,"Garinger High School","PM 2.5","Mecklenburg",35.2401000008895,-80.785683
"4959",12-07-20,51,"Garinger High School","PM 2.5","Mecklenburg",35.2401000008895,-80.785683
"4960",12-10-20,14,"Garinger High School","PM 2.5","Mecklenburg",35.2401000008895,-80.785683
"4961",NA,53,"Garinger High School","PM 2.5","Mecklenburg",35.2401000008895,-80.785683
"4962",NA,17,"Garinger High School","PM 2.5","Mecklenburg",35.2401000008895,-80.785683
"4963",NA,48,"Garinger High School","PM 2.5","Mecklenburg",35.2401000008895,-80.785683
"4964",NA,17,"Garinger High School","PM 2.5","Mecklenburg",35.2401000008895,-80.785683
"4965",NA,62,"Garinger High School","PM 2.5","Mecklenburg",35.2401000008895,-80.785683
"4966",NA,16,"Garinger High School","PM 2.5","Mecklenburg",35.2401000008895,-80.785683
"4967",NA,25,"Garinger High School","PM 2.5","Mecklenburg",35.2401000008895,-80.785683
"4968",1-01-20,20,"Garinger High School","PM 2.5","Mecklenburg",35.2401000008895,-80.785683
"4969",1-02-20,38,"Garinger High School","PM 2.5","Mecklenburg",35.2401000008895,-80.785683
"4970",1-03-20,59,"Garinger High School","PM 2.5","Mecklenburg",35.2401000008895,-80.785683
"4971",1-04-20,39,"Garinger High School","PM 2.5","Mecklenburg",35.2401000008895,-80.785683
"4972",1-05-20,33,"Garinger High School","PM 2.5","Mecklenburg",35.2401000008895,-80.785683
"4973",1-06-20,40,"Garinger High School","PM 2.5","Mecklenburg",35.2401000008895,-80.785683
"4974",1-07-20,47,"Garinger High School","PM 2.5","Mecklenburg",35.2401000008895,-80.785683
"4975",1-08-20,52,"Garinger High School","PM 2.5","Mecklenburg",35.2401000008895,-80.785683
"4976",1-09-20,53,"Garinger High School","PM 2.5","Mecklenburg",35.2401000008895,-80.785683
"4977",1-10-20,38,"Garinger High School","PM 2.5","Mecklenburg",35.2401000008895,-80.785683
"4978",1-11-20,36,"Garinger High School","PM 2.5","Mecklenburg",35.2401000008895,-80.785683
"4979",1-12-20,20,"Garinger High School","PM 2.5","Mecklenburg",35.2401000008895,-80.785683
"4980",NA,15,"Garinger High School","PM 2.5","Mecklenburg",35.2401000008895,-80.785683
"4981",NA,29,"Garinger High School","PM 2.5","Mecklenburg",35.2401000008895,-80.785683
"4982",NA,43,"Garinger High School","PM 2.5","Mecklenburg",35.2401000008895,-80.785683
"4983",NA,61,"Garinger High School","PM 2.5","Mecklenburg",35.2401000008895,-80.785683
"4984",NA,40,"Garinger High School","PM 2.5","Mecklenburg",35.2401000008895,-80.785683
"4985",NA,40,"Garinger High School","PM 2.5","Mecklenburg",35.2401000008895,-80.785683
"4986",NA,49,"Garinger High School","PM 2.5","Mecklenburg",35.2401000008895,-80.785683
"4987",NA,45,"Garinger High School","PM 2.5","Mecklenburg",35.2401000008895,-80.785683
"4988",NA,53,"Garinger High School","PM 2.5","Mecklenburg",35.2401000008895,-80.785683
"4989",NA,57,"Garinger High School","PM 2.5","Mecklenburg",35.2401000008895,-80.785683
"4990",NA,16,"Garinger High School","PM 2.5","Mecklenburg",35.2401000008895,-80.785683
"4991",NA,22,"Garinger High School","PM 2.5","Mecklenburg",35.2401000008895,-80.785683
"4992",NA,30,"Garinger High School","PM 2.5","Mecklenburg",35.2401000008895,-80.785683
"4993",NA,48,"Garinger High School","PM 2.5","Mecklenburg",35.2401000008895,-80.785683
"4994",NA,49,"Garinger High School","PM 2.5","Mecklenburg",35.2401000008895,-80.785683
"4995",NA,43,"Garinger High School","PM 2.5","Mecklenburg",35.2401000008895,-80.785683
"4996",NA,16,"Garinger High School","PM 2.5","Mecklenburg",35.2401000008895,-80.785683
"4997",NA,17,"Garinger High School","PM 2.5","Mecklenburg",35.2401000008895,-80.785683
"4998",NA,26,"Garinger High School","PM 2.5","Mecklenburg",35.2401000008895,-80.785683
"4999",2-01-20,44,"Garinger High School","PM 2.5","Mecklenburg",35.2401000008895,-80.785683
"5000",2-02-20,20,"Garinger High School","PM 2.5","Mecklenburg",35.2401000008895,-80.785683
"5001",2-03-20,24,"Garinger High School","PM 2.5","Mecklenburg",35.2401000008895,-80.785683
"5002",2-04-20,27,"Garinger High School","PM 2.5","Mecklenburg",35.2401000008895,-80.785683
"5003",2-05-20,24,"Garinger High School","PM 2.5","Mecklenburg",35.2401000008895,-80.785683
"5004",2-06-20,36,"Garinger High School","PM 2.5","Mecklenburg",35.2401000008895,-80.785683
"5005",2-07-20,27,"Garinger High School","PM 2.5","Mecklenburg",35.2401000008895,-80.785683
"5006",2-08-20,28,"Garinger High School","PM 2.5","Mecklenburg",35.2401000008895,-80.785683
"5007",2-09-20,42,"Garinger High School","PM 2.5","Mecklenburg",35.2401000008895,-80.785683
"5008",2-10-20,36,"Garinger High School","PM 2.5","Mecklenburg",35.2401000008895,-80.785683
"5009",2-11-20,18,"Garinger High School","PM 2.5","Mecklenburg",35.2401000008895,-80.785683
"5010",2-12-20,13,"Garinger High School","PM 2.5","Mecklenburg",35.2401000008895,-80.785683
"5011",NA,25,"Garinger High School","PM 2.5","Mecklenburg",35.2401000008895,-80.785683
"5012",NA,33,"Garinger High School","PM 2.5","Mecklenburg",35.2401000008895,-80.785683
"5013",NA,24,"Garinger High School","PM 2.5","Mecklenburg",35.2401000008895,-80.785683
"5014",NA,23,"Garinger High School","PM 2.5","Mecklenburg",35.2401000008895,-80.785683
"5015",NA,20,"Garinger High School","PM 2.5","Mecklenburg",35.2401000008895,-80.785683
"5016",NA,25,"Garinger High School","PM 2.5","Mecklenburg",35.2401000008895,-80.785683
"5017",NA,31,"Garinger High School","PM 2.5","Mecklenburg",35.2401000008895,-80.785683
"5018",NA,34,"Garinger High School","PM 2.5","Mecklenburg",35.2401000008895,-80.785683
"5019",NA,23,"Garinger High School","PM 2.5","Mecklenburg",35.2401000008895,-80.785683
"5020",NA,32,"Garinger High School","PM 2.5","Mecklenburg",35.2401000008895,-80.785683
"5021",NA,41,"Garinger High School","PM 2.5","Mecklenburg",35.2401000008895,-80.785683
"5022",NA,48,"Garinger High School","PM 2.5","Mecklenburg",35.2401000008895,-80.785683
"5023",NA,29,"Garinger High School","PM 2.5","Mecklenburg",35.2401000008895,-80.785683
"5024",NA,16,"Garinger High School","PM 2.5","Mecklenburg",35.2401000008895,-80.785683
"5025",NA,22,"Garinger High School","PM 2.5","Mecklenburg",35.2401000008895,-80.785683
"5026",NA,44,"Garinger High School","PM 2.5","Mecklenburg",35.2401000008895,-80.785683
"5027",3-01-20,26,"Garinger High School","PM 2.5","Mecklenburg",35.2401000008895,-80.785683
"5028",3-02-20,11,"Garinger High School","PM 2.5","Mecklenburg",35.2401000008895,-80.785683
"5029",3-03-20,9,"Garinger High School","PM 2.5","Mecklenburg",35.2401000008895,-80.785683
"5030",3-04-20,20,"Garinger High School","PM 2.5","Mecklenburg",35.2401000008895,-80.785683
"5031",3-05-20,32,"Garinger High School","PM 2.5","Mecklenburg",35.2401000008895,-80.785683
"5032",3-06-20,55,"Garinger High School","PM 2.5","Mecklenburg",35.2401000008895,-80.785683
"5033",3-07-20,29,"Garinger High School","PM 2.5","Mecklenburg",35.2401000008895,-80.785683
"5034",3-08-20,27,"Garinger High School","PM 2.5","Mecklenburg",35.2401000008895,-80.785683
"5035",3-09-20,32,"Garinger High School","PM 2.5","Mecklenburg",35.2401000008895,-80.785683
"5036",3-10-20,74,"Garinger High School","PM 2.5","Mecklenburg",35.2401000008895,-80.785683
"5037",3-11-20,74,"Garinger High School","PM 2.5","Mecklenburg",35.2401000008895,-80.785683
"5038",3-12-20,22,"Garinger High School","PM 2.5","Mecklenburg",35.2401000008895,-80.785683
"5039",NA,30,"Garinger High School","PM 2.5","Mecklenburg",35.2401000008895,-80.785683
"5040",NA,21,"Garinger High School","PM 2.5","Mecklenburg",35.2401000008895,-80.785683
"5041",NA,32,"Garinger High School","PM 2.5","Mecklenburg",35.2401000008895,-80.785683
"5042",NA,57,"Garinger High School","PM 2.5","Mecklenburg",35.2401000008895,-80.785683
"5043",NA,50,"Garinger High School","PM 2.5","Mecklenburg",35.2401000008895,-80.785683
"5044",NA,31,"Garinger High School","PM 2.5","Mecklenburg",35.2401000008895,-80.785683
"5045",NA,34,"Garinger High School","PM 2.5","Mecklenburg",35.2401000008895,-80.785683
"5046",NA,27,"Garinger High School","PM 2.5","Mecklenburg",35.2401000008895,-80.785683
"5047",NA,15,"Garinger High School","PM 2.5","Mecklenburg",35.2401000008895,-80.785683
"5048",NA,20,"Garinger High School","PM 2.5","Mecklenburg",35.2401000008895,-80.785683
"5049",NA,30,"Garinger High School","PM 2.5","Mecklenburg",35.2401000008895,-80.785683
"5050",NA,36,"Garinger High School","PM 2.5","Mecklenburg",35.2401000008895,-80.785683
"5051",NA,25,"Garinger High School","PM 2.5","Mecklenburg",35.2401000008895,-80.785683
"5052",NA,19,"Garinger High School","PM 2.5","Mecklenburg",35.2401000008895,-80.785683
"5053",NA,37,"Garinger High School","PM 2.5","Mecklenburg",35.2401000008895,-80.785683
"5054",NA,46,"Garinger High School","PM 2.5","Mecklenburg",35.2401000008895,-80.785683
"5055",NA,45,"Garinger High School","PM 2.5","Mecklenburg",35.2401000008895,-80.785683
"5056",NA,19,"Garinger High School","PM 2.5","Mecklenburg",35.2401000008895,-80.785683
"5057",NA,14,"Garinger High School","PM 2.5","Mecklenburg",35.2401000008895,-80.785683
"5058",4-01-20,26,"Garinger High School","PM 2.5","Mecklenburg",35.2401000008895,-80.785683
"5059",4-02-20,37,"Garinger High School","PM 2.5","Mecklenburg",35.2401000008895,-80.785683
"5060",4-03-20,54,"Garinger High School","PM 2.5","Mecklenburg",35.2401000008895,-80.785683
"5061",4-04-20,24,"Garinger High School","PM 2.5","Mecklenburg",35.2401000008895,-80.785683
"5062",4-05-20,23,"Garinger High School","PM 2.5","Mecklenburg",35.2401000008895,-80.785683
"5063",4-06-20,55,"Garinger High School","PM 2.5","Mecklenburg",35.2401000008895,-80.785683
"5064",4-07-20,36,"Garinger High School","PM 2.5","Mecklenburg",35.2401000008895,-80.785683
"5065",4-08-20,20,"Garinger High School","PM 2.5","Mecklenburg",35.2401000008895,-80.785683
"5066",4-09-20,31,"Garinger High School","PM 2.5","Mecklenburg",35.2401000008895,-80.785683
"5067",4-10-20,37,"Garinger High School","PM 2.5","Mecklenburg",35.2401000008895,-80.785683
"5068",4-11-20,45,"Garinger High School","PM 2.5","Mecklenburg",35.2401000008895,-80.785683
"5069",4-12-20,51,"Garinger High School","PM 2.5","Mecklenburg",35.2401000008895,-80.785683
"5070",NA,47,"Garinger High School","PM 2.5","Mecklenburg",35.2401000008895,-80.785683
"5071",NA,40,"Garinger High School","PM 2.5","Mecklenburg",35.2401000008895,-80.785683
"5072",NA,32,"Garinger High School","PM 2.5","Mecklenburg",35.2401000008895,-80.785683
"5073",NA,12,"Garinger High School","PM 2.5","Mecklenburg",35.2401000008895,-80.785683
"5074",NA,17,"Garinger High School","PM 2.5","Mecklenburg",35.2401000008895,-80.785683
"5075",NA,35,"Garinger High School","PM 2.5","Mecklenburg",35.2401000008895,-80.785683
"5076",NA,32,"Garinger High School","PM 2.5","Mecklenburg",35.2401000008895,-80.785683
"5077",NA,29,"Garinger High School","PM 2.5","Mecklenburg",35.2401000008895,-80.785683
"5078",NA,43,"Garinger High School","PM 2.5","Mecklenburg",35.2401000008895,-80.785683
"5079",NA,35,"Garinger High School","PM 2.5","Mecklenburg",35.2401000008895,-80.785683
"5080",NA,21,"Garinger High School","PM 2.5","Mecklenburg",35.2401000008895,-80.785683
"5081",NA,12,"Garinger High School","PM 2.5","Mecklenburg",35.2401000008895,-80.785683
"5082",NA,15,"Garinger High School","PM 2.5","Mecklenburg",35.2401000008895,-80.785683
"5083",NA,22,"Garinger High School","PM 2.5","Mecklenburg",35.2401000008895,-80.785683
"5084",NA,25,"Garinger High School","PM 2.5","Mecklenburg",35.2401000008895,-80.785683
"5085",NA,38,"Garinger High School","PM 2.5","Mecklenburg",35.2401000008895,-80.785683
"5086",NA,29,"Garinger High School","PM 2.5","Mecklenburg",35.2401000008895,-80.785683
"5087",NA,30,"Garinger High School","PM 2.5","Mecklenburg",35.2401000008895,-80.785683
"5088",5-01-20,41,"Garinger High School","PM 2.5","Mecklenburg",35.2401000008895,-80.785683
"5089",5-02-20,44,"Garinger High School","PM 2.5","Mecklenburg",35.2401000008895,-80.785683
"5090",5-03-20,41,"Garinger High School","PM 2.5","Mecklenburg",35.2401000008895,-80.785683
"5091",5-04-20,44,"Garinger High School","PM 2.5","Mecklenburg",35.2401000008895,-80.785683
"5092",5-05-20,49,"Garinger High School","PM 2.5","Mecklenburg",35.2401000008895,-80.785683
"5093",5-06-20,27,"Garinger High School","PM 2.5","Mecklenburg",35.2401000008895,-80.785683
"5094",5-07-20,28,"Garinger High School","PM 2.5","Mecklenburg",35.2401000008895,-80.785683
"5095",5-08-20,31,"Garinger High School","PM 2.5","Mecklenburg",35.2401000008895,-80.785683
"5096",5-09-20,44,"Garinger High School","PM 2.5","Mecklenburg",35.2401000008895,-80.785683
"5097",5-10-20,51,"Garinger High School","PM 2.5","Mecklenburg",35.2401000008895,-80.785683
"5098",5-11-20,51,"Garinger High School","PM 2.5","Mecklenburg",35.2401000008895,-80.785683
"5099",5-12-20,58,"Garinger High School","PM 2.5","Mecklenburg",35.2401000008895,-80.785683
"5100",NA,61,"Garinger High School","PM 2.5","Mecklenburg",35.2401000008895,-80.785683
"5101",NA,56,"Garinger High School","PM 2.5","Mecklenburg",35.2401000008895,-80.785683
"5102",NA,21,"Garinger High School","PM 2.5","Mecklenburg",35.2401000008895,-80.785683
"5103",NA,20,"Garinger High School","PM 2.5","Mecklenburg",35.2401000008895,-80.785683
"5104",NA,20,"Garinger High School","PM 2.5","Mecklenburg",35.2401000008895,-80.785683
"5105",NA,23,"Garinger High School","PM 2.5","Mecklenburg",35.2401000008895,-80.785683
"5106",NA,23,"Garinger High School","PM 2.5","Mecklenburg",35.2401000008895,-80.785683
"5107",NA,30,"Garinger High School","PM 2.5","Mecklenburg",35.2401000008895,-80.785683
"5108",NA,23,"Garinger High School","PM 2.5","Mecklenburg",35.2401000008895,-80.785683
"5109",NA,27,"Garinger High School","PM 2.5","Mecklenburg",35.2401000008895,-80.785683
"5110",NA,17,"Garinger High School","PM 2.5","Mecklenburg",35.2401000008895,-80.785683
"5111",NA,35,"Garinger High School","PM 2.5","Mecklenburg",35.2401000008895,-80.785683
"5112",NA,24,"Garinger High School","PM 2.5","Mecklenburg",35.2401000008895,-80.785683
"5113",NA,28,"Garinger High School","PM 2.5","Mecklenburg",35.2401000008895,-80.785683
"5114",NA,26,"Garinger High School","PM 2.5","Mecklenburg",35.2401000008895,-80.785683
"5115",NA,13,"Garinger High School","PM 2.5","Mecklenburg",35.2401000008895,-80.785683
"5116",NA,16,"Garinger High School","PM 2.5","Mecklenburg",35.2401000008895,-80.785683
"5117",NA,24,"Garinger High School","PM 2.5","Mecklenburg",35.2401000008895,-80.785683
"5118",NA,25,"Garinger High School","PM 2.5","Mecklenburg",35.2401000008895,-80.785683
"5119",6-01-20,26,"Garinger High School","PM 2.5","Mecklenburg",35.2401000008895,-80.785683
"5120",6-02-20,30,"Garinger High School","PM 2.5","Mecklenburg",35.2401000008895,-80.785683
"5121",6-03-20,30,"Garinger High School","PM 2.5","Mecklenburg",35.2401000008895,-80.785683
"5122",6-04-20,28,"Garinger High School","PM 2.5","Mecklenburg",35.2401000008895,-80.785683
"5123",6-05-20,37,"Garinger High School","PM 2.5","Mecklenburg",35.2401000008895,-80.785683
"5124",6-06-20,44,"Garinger High School","PM 2.5","Mecklenburg",35.2401000008895,-80.785683
"5125",6-12-20,23,"Garinger High School","PM 2.5","Mecklenburg",35.2401000008895,-80.785683
"5126",NA,35,"Garinger High School","PM 2.5","Mecklenburg",35.2401000008895,-80.785683
"5127",NA,43,"Garinger High School","PM 2.5","Mecklenburg",35.2401000008895,-80.785683
"5128",NA,38,"Garinger High School","PM 2.5","Mecklenburg",35.2401000008895,-80.785683
"5129",NA,55,"Garinger High School","PM 2.5","Mecklenburg",35.2401000008895,-80.785683
"5130",NA,45,"Garinger High School","PM 2.5","Mecklenburg",35.2401000008895,-80.785683
"5131",NA,48,"Garinger High School","PM 2.5","Mecklenburg",35.2401000008895,-80.785683
"5132",NA,46,"Garinger High School","PM 2.5","Mecklenburg",35.2401000008895,-80.785683
"5133",NA,55,"Garinger High School","PM 2.5","Mecklenburg",35.2401000008895,-80.785683
"5134",NA,48,"Garinger High School","PM 2.5","Mecklenburg",35.2401000008895,-80.785683
"5135",NA,34,"Garinger High School","PM 2.5","Mecklenburg",35.2401000008895,-80.785683
"5136",NA,26,"Garinger High School","PM 2.5","Mecklenburg",35.2401000008895,-80.785683
"5137",NA,30,"Garinger High School","PM 2.5","Mecklenburg",35.2401000008895,-80.785683
"5138",NA,32,"Garinger High School","PM 2.5","Mecklenburg",35.2401000008895,-80.785683
"5139",NA,26,"Garinger High School","PM 2.5","Mecklenburg",35.2401000008895,-80.785683
"5140",NA,23,"Garinger High School","PM 2.5","Mecklenburg",35.2401000008895,-80.785683
"5141",NA,29,"Garinger High School","PM 2.5","Mecklenburg",35.2401000008895,-80.785683
"5142",NA,35,"Garinger High School","PM 2.5","Mecklenburg",35.2401000008895,-80.785683
"5143",NA,52,"Garinger High School","PM 2.5","Mecklenburg",35.2401000008895,-80.785683
"5144",7-01-20,23,"Garinger High School","PM 2.5","Mecklenburg",35.2401000008895,-80.785683
"5145",7-02-20,29,"Garinger High School","PM 2.5","Mecklenburg",35.2401000008895,-80.785683
"5146",7-03-20,51,"Garinger High School","PM 2.5","Mecklenburg",35.2401000008895,-80.785683
"5147",7-04-20,47,"Garinger High School","PM 2.5","Mecklenburg",35.2401000008895,-80.785683
"5148",7-05-20,23,"Garinger High School","PM 2.5","Mecklenburg",35.2401000008895,-80.785683
"5149",7-06-20,25,"Garinger High School","PM 2.5","Mecklenburg",35.2401000008895,-80.785683
"5150",7-07-20,30,"Garinger High School","PM 2.5","Mecklenburg",35.2401000008895,-80.785683
"5151",7-08-20,25,"Garinger High School","PM 2.5","Mecklenburg",35.2401000008895,-80.785683
"5152",7-09-20,23,"Garinger High School","PM 2.5","Mecklenburg",35.2401000008895,-80.785683
"5153",7-10-20,49,"Garinger High School","PM 2.5","Mecklenburg",35.2401000008895,-80.785683
"5154",7-11-20,53,"Garinger High School","PM 2.5","Mecklenburg",35.2401000008895,-80.785683
"5155",7-12-20,52,"Garinger High School","PM 2.5","Mecklenburg",35.2401000008895,-80.785683
"5156",NA,49,"Garinger High School","PM 2.5","Mecklenburg",35.2401000008895,-80.785683
"5157",NA,51,"Garinger High School","PM 2.5","Mecklenburg",35.2401000008895,-80.785683
"5158",NA,48,"Garinger High School","PM 2.5","Mecklenburg",35.2401000008895,-80.785683
"5159",NA,46,"Garinger High School","PM 2.5","Mecklenburg",35.2401000008895,-80.785683
"5160",NA,30,"Garinger High School","PM 2.5","Mecklenburg",35.2401000008895,-80.785683
"5161",NA,40,"Garinger High School","PM 2.5","Mecklenburg",35.2401000008895,-80.785683
"5162",NA,42,"Garinger High School","PM 2.5","Mecklenburg",35.2401000008895,-80.785683
"5163",NA,42,"Garinger High School","PM 2.5","Mecklenburg",35.2401000008895,-80.785683
"5164",NA,31,"Garinger High School","PM 2.5","Mecklenburg",35.2401000008895,-80.785683
"5165",NA,18,"Garinger High School","PM 2.5","Mecklenburg",35.2401000008895,-80.785683
"5166",NA,25,"Garinger High School","PM 2.5","Mecklenburg",35.2401000008895,-80.785683
"5167",NA,19,"Garinger High School","PM 2.5","Mecklenburg",35.2401000008895,-80.785683
"5168",NA,25,"Garinger High School","PM 2.5","Mecklenburg",35.2401000008895,-80.785683
"5169",NA,30,"Garinger High School","PM 2.5","Mecklenburg",35.2401000008895,-80.785683
"5170",NA,35,"Garinger High School","PM 2.5","Mecklenburg",35.2401000008895,-80.785683
"5171",NA,49,"Garinger High School","PM 2.5","Mecklenburg",35.2401000008895,-80.785683
"5172",NA,33,"Garinger High School","PM 2.5","Mecklenburg",35.2401000008895,-80.785683
"5173",NA,22,"Garinger High School","PM 2.5","Mecklenburg",35.2401000008895,-80.785683
"5174",NA,30,"Garinger High School","PM 2.5","Mecklenburg",35.2401000008895,-80.785683
"5175",8-01-20,15,"Garinger High School","PM 2.5","Mecklenburg",35.2401000008895,-80.785683
"5176",8-02-20,15,"Garinger High School","PM 2.5","Mecklenburg",35.2401000008895,-80.785683
"5177",8-03-20,11,"Garinger High School","PM 2.5","Mecklenburg",35.2401000008895,-80.785683
"5178",8-04-20,25,"Garinger High School","PM 2.5","Mecklenburg",35.2401000008895,-80.785683
"5179",8-05-20,27,"Garinger High School","PM 2.5","Mecklenburg",35.2401000008895,-80.785683
"5180",8-06-20,27,"Garinger High School","PM 2.5","Mecklenburg",35.2401000008895,-80.785683
"5181",8-07-20,26,"Garinger High School","PM 2.5","Mecklenburg",35.2401000008895,-80.785683
"5182",8-08-20,25,"Garinger High School","PM 2.5","Mecklenburg",35.2401000008895,-80.785683
"5183",8-09-20,22,"Garinger High School","PM 2.5","Mecklenburg",35.2401000008895,-80.785683
"5184",8-10-20,36,"Garinger High School","PM 2.5","Mecklenburg",35.2401000008895,-80.785683
"5185",8-11-20,26,"Garinger High School","PM 2.5","Mecklenburg",35.2401000008895,-80.785683
"5186",8-12-20,24,"Garinger High School","PM 2.5","Mecklenburg",35.2401000008895,-80.785683
"5187",NA,30,"Garinger High School","PM 2.5","Mecklenburg",35.2401000008895,-80.785683
"5188",NA,50,"Garinger High School","PM 2.5","Mecklenburg",35.2401000008895,-80.785683
"5189",NA,56,"Garinger High School","PM 2.5","Mecklenburg",35.2401000008895,-80.785683
"5190",NA,59,"Garinger High School","PM 2.5","Mecklenburg",35.2401000008895,-80.785683
"5191",NA,31,"Garinger High School","PM 2.5","Mecklenburg",35.2401000008895,-80.785683
"5192",NA,20,"Garinger High School","PM 2.5","Mecklenburg",35.2401000008895,-80.785683
"5193",NA,29,"Garinger High School","PM 2.5","Mecklenburg",35.2401000008895,-80.785683
"5194",NA,32,"Garinger High School","PM 2.5","Mecklenburg",35.2401000008895,-80.785683
"5195",NA,24,"Garinger High School","PM 2.5","Mecklenburg",35.2401000008895,-80.785683
"5196",NA,23,"Garinger High School","PM 2.5","Mecklenburg",35.2401000008895,-80.785683
"5197",NA,52,"Garinger High School","PM 2.5","Mecklenburg",35.2401000008895,-80.785683
"5198",NA,32,"Garinger High School","PM 2.5","Mecklenburg",35.2401000008895,-80.785683
"5199",NA,46,"Garinger High School","PM 2.5","Mecklenburg",35.2401000008895,-80.785683
"5200",NA,53,"Garinger High School","PM 2.5","Mecklenburg",35.2401000008895,-80.785683
"5201",NA,55,"Garinger High School","PM 2.5","Mecklenburg",35.2401000008895,-80.785683
"5202",NA,53,"Garinger High School","PM 2.5","Mecklenburg",35.2401000008895,-80.785683
"5203",NA,43,"Garinger High School","PM 2.5","Mecklenburg",35.2401000008895,-80.785683
"5204",NA,33,"Garinger High School","PM 2.5","Mecklenburg",35.2401000008895,-80.785683
"5205",NA,30,"Garinger High School","PM 2.5","Mecklenburg",35.2401000008895,-80.785683
"5206",9-01-20,35,"Garinger High School","PM 2.5","Mecklenburg",35.2401000008895,-80.785683
"5207",9-02-20,26,"Garinger High School","PM 2.5","Mecklenburg",35.2401000008895,-80.785683
"5208",9-03-20,23,"Garinger High School","PM 2.5","Mecklenburg",35.2401000008895,-80.785683
"5209",9-04-20,32,"Garinger High School","PM 2.5","Mecklenburg",35.2401000008895,-80.785683
"5210",9-05-20,43,"Garinger High School","PM 2.5","Mecklenburg",35.2401000008895,-80.785683
"5211",9-06-20,29,"Garinger High School","PM 2.5","Mecklenburg",35.2401000008895,-80.785683
"5212",9-07-20,33,"Garinger High School","PM 2.5","Mecklenburg",35.2401000008895,-80.785683
"5213",9-08-20,33,"Garinger High School","PM 2.5","Mecklenburg",35.2401000008895,-80.785683
"5214",9-09-20,21,"Garinger High School","PM 2.5","Mecklenburg",35.2401000008895,-80.785683
"5215",9-10-20,35,"Garinger High School","PM 2.5","Mecklenburg",35.2401000008895,-80.785683
"5216",9-11-20,25,"Garinger High School","PM 2.5","Mecklenburg",35.2401000008895,-80.785683
"5217",NA,51,"Garinger High School","PM 2.5","Mecklenburg",35.2401000008895,-80.785683
"5218",NA,48,"Garinger High School","PM 2.5","Mecklenburg",35.2401000008895,-80.785683
"5219",NA,47,"Garinger High School","PM 2.5","Mecklenburg",35.2401000008895,-80.785683
"5220",NA,48,"Garinger High School","PM 2.5","Mecklenburg",35.2401000008895,-80.785683
"5221",NA,25,"Garinger High School","PM 2.5","Mecklenburg",35.2401000008895,-80.785683
"5222",NA,35,"Garinger High School","PM 2.5","Mecklenburg",35.2401000008895,-80.785683
"5223",NA,31,"Garinger High School","PM 2.5","Mecklenburg",35.2401000008895,-80.785683
"5224",NA,14,"Garinger High School","PM 2.5","Mecklenburg",35.2401000008895,-80.785683
"5225",NA,18,"Garinger High School","PM 2.5","Mecklenburg",35.2401000008895,-80.785683
"5226",NA,23,"Garinger High School","PM 2.5","Mecklenburg",35.2401000008895,-80.785683
"5227",NA,27,"Garinger High School","PM 2.5","Mecklenburg",35.2401000008895,-80.785683
"5228",10-01-20,30,"Garinger High School","PM 2.5","Mecklenburg",35.2401000008895,-80.785683
"5229",10-02-20,40,"Garinger High School","PM 2.5","Mecklenburg",35.2401000008895,-80.785683
"5230",10-03-20,37,"Garinger High School","PM 2.5","Mecklenburg",35.2401000008895,-80.785683
"5231",10-04-20,42,"Garinger High School","PM 2.5","Mecklenburg",35.2401000008895,-80.785683
"5232",10-05-20,46,"Garinger High School","PM 2.5","Mecklenburg",35.2401000008895,-80.785683
"5233",10-06-20,54,"Garinger High School","PM 2.5","Mecklenburg",35.2401000008895,-80.785683
"5234",10-07-20,53,"Garinger High School","PM 2.5","Mecklenburg",35.2401000008895,-80.785683
"5235",10-08-20,26,"Garinger High School","PM 2.5","Mecklenburg",35.2401000008895,-80.785683
"5236",10-09-20,15,"Garinger High School","PM 2.5","Mecklenburg",35.2401000008895,-80.785683
"5237",10-10-20,6,"Garinger High School","PM 2.5","Mecklenburg",35.2401000008895,-80.785683
"5238",10-11-20,6,"Garinger High School","PM 2.5","Mecklenburg",35.2401000008895,-80.785683
"5239",10-12-20,20,"Garinger High School","PM 2.5","Mecklenburg",35.2401000008895,-80.785683
"5240",NA,20,"Garinger High School","PM 2.5","Mecklenburg",35.2401000008895,-80.785683
"5241",NA,32,"Garinger High School","PM 2.5","Mecklenburg",35.2401000008895,-80.785683
"5242",NA,34,"Garinger High School","PM 2.5","Mecklenburg",35.2401000008895,-80.785683
"5243",NA,37,"Garinger High School","PM 2.5","Mecklenburg",35.2401000008895,-80.785683
"5244",NA,19,"Garinger High School","PM 2.5","Mecklenburg",35.2401000008895,-80.785683
"5245",NA,21,"Garinger High School","PM 2.5","Mecklenburg",35.2401000008895,-80.785683
"5246",NA,34,"Garinger High School","PM 2.5","Mecklenburg",35.2401000008895,-80.785683
"5247",NA,37,"Garinger High School","PM 2.5","Mecklenburg",35.2401000008895,-80.785683
"5248",NA,20,"Garinger High School","PM 2.5","Mecklenburg",35.2401000008895,-80.785683
"5249",NA,32,"Garinger High School","PM 2.5","Mecklenburg",35.2401000008895,-80.785683
"5250",NA,31,"Garinger High School","PM 2.5","Mecklenburg",35.2401000008895,-80.785683
"5251",NA,32,"Garinger High School","PM 2.5","Mecklenburg",35.2401000008895,-80.785683
"5252",NA,37,"Garinger High School","PM 2.5","Mecklenburg",35.2401000008895,-80.785683
"5253",NA,18,"Garinger High School","PM 2.5","Mecklenburg",35.2401000008895,-80.785683
"5254",NA,10,"Garinger High School","PM 2.5","Mecklenburg",35.2401000008895,-80.785683
"5255",NA,21,"Garinger High School","PM 2.5","Mecklenburg",35.2401000008895,-80.785683
"5256",NA,18,"Garinger High School","PM 2.5","Mecklenburg",35.2401000008895,-80.785683
"5257",NA,30,"Garinger High School","PM 2.5","Mecklenburg",35.2401000008895,-80.785683
"5258",NA,38,"Garinger High School","PM 2.5","Mecklenburg",35.2401000008895,-80.785683
"5259",11-01-20,23,"Garinger High School","PM 2.5","Mecklenburg",35.2401000008895,-80.785683
"5260",11-02-20,15,"Garinger High School","PM 2.5","Mecklenburg",35.2401000008895,-80.785683
"5261",11-03-20,23,"Garinger High School","PM 2.5","Mecklenburg",35.2401000008895,-80.785683
"5262",11-04-20,36,"Garinger High School","PM 2.5","Mecklenburg",35.2401000008895,-80.785683
"5263",11-05-20,20,"Garinger High School","PM 2.5","Mecklenburg",35.2401000008895,-80.785683
"5264",11-06-20,15,"Garinger High School","PM 2.5","Mecklenburg",35.2401000008895,-80.785683
"5265",11-07-20,25,"Garinger High School","PM 2.5","Mecklenburg",35.2401000008895,-80.785683
"5266",11-08-20,30,"Garinger High School","PM 2.5","Mecklenburg",35.2401000008895,-80.785683
"5267",11-09-20,25,"Garinger High School","PM 2.5","Mecklenburg",35.2401000008895,-80.785683
"5268",11-10-20,21,"Garinger High School","PM 2.5","Mecklenburg",35.2401000008895,-80.785683
"5269",11-11-20,33,"Garinger High School","PM 2.5","Mecklenburg",35.2401000008895,-80.785683
"5270",11-12-20,41,"Garinger High School","PM 2.5","Mecklenburg",35.2401000008895,-80.785683
"5271",NA,20,"Garinger High School","PM 2.5","Mecklenburg",35.2401000008895,-80.785683
"5272",NA,26,"Garinger High School","PM 2.5","Mecklenburg",35.2401000008895,-80.785683
"5273",NA,15,"Garinger High School","PM 2.5","Mecklenburg",35.2401000008895,-80.785683
"5274",NA,21,"Garinger High School","PM 2.5","Mecklenburg",35.2401000008895,-80.785683
"5275",NA,46,"Garinger High School","PM 2.5","Mecklenburg",35.2401000008895,-80.785683
"5276",NA,59,"Garinger High School","PM 2.5","Mecklenburg",35.2401000008895,-80.785683
"5277",NA,55,"Garinger High School","PM 2.5","Mecklenburg",35.2401000008895,-80.785683
"5278",NA,40,"Garinger High School","PM 2.5","Mecklenburg",35.2401000008895,-80.785683
"5279",NA,31,"Garinger High School","PM 2.5","Mecklenburg",35.2401000008895,-80.785683
"5280",NA,44,"Garinger High School","PM 2.5","Mecklenburg",35.2401000008895,-80.785683
"5281",NA,34,"Garinger High School","PM 2.5","Mecklenburg",35.2401000008895,-80.785683
"5282",NA,22,"Garinger High School","PM 2.5","Mecklenburg",35.2401000008895,-80.785683
"5283",NA,30,"Garinger High School","PM 2.5","Mecklenburg",35.2401000008895,-80.785683
"5284",NA,24,"Garinger High School","PM 2.5","Mecklenburg",35.2401000008895,-80.785683
"5285",NA,11,"Garinger High School","PM 2.5","Mecklenburg",35.2401000008895,-80.785683
"5286",NA,36,"Garinger High School","PM 2.5","Mecklenburg",35.2401000008895,-80.785683
"5287",NA,47,"Garinger High School","PM 2.5","Mecklenburg",35.2401000008895,-80.785683
"5288",NA,49,"Garinger High School","PM 2.5","Mecklenburg",35.2401000008895,-80.785683
"5289",12-01-20,48,"Garinger High School","PM 2.5","Mecklenburg",35.2401000008895,-80.785683
"5290",12-02-20,21,"Garinger High School","PM 2.5","Mecklenburg",35.2401000008895,-80.785683
"5291",12-03-20,29,"Garinger High School","PM 2.5","Mecklenburg",35.2401000008895,-80.785683
"5292",12-04-20,10,"Garinger High School","PM 2.5","Mecklenburg",35.2401000008895,-80.785683
"5293",12-05-20,10,"Garinger High School","PM 2.5","Mecklenburg",35.2401000008895,-80.785683
"5294",12-06-20,33,"Garinger High School","PM 2.5","Mecklenburg",35.2401000008895,-80.785683
"5295",12-07-20,53,"Garinger High School","PM 2.5","Mecklenburg",35.2401000008895,-80.785683
"5296",12-08-20,56,"Garinger High School","PM 2.5","Mecklenburg",35.2401000008895,-80.785683
"5297",12-10-20,17,"Garinger High School","PM 2.5","Mecklenburg",35.2401000008895,-80.785683
"5298",12-11-20,41,"Garinger High School","PM 2.5","Mecklenburg",35.2401000008895,-80.785683
"5299",12-12-20,38,"Garinger High School","PM 2.5","Mecklenburg",35.2401000008895,-80.785683
"5300",NA,55,"Garinger High School","PM 2.5","Mecklenburg",35.2401000008895,-80.785683
"5301",NA,40,"Garinger High School","PM 2.5","Mecklenburg",35.2401000008895,-80.785683
"5302",NA,15,"Garinger High School","PM 2.5","Mecklenburg",35.2401000008895,-80.785683
"5303",NA,17,"Garinger High School","PM 2.5","Mecklenburg",35.2401000008895,-80.785683
"5304",NA,17,"Garinger High School","PM 2.5","Mecklenburg",35.2401000008895,-80.785683
"5305",NA,18,"Garinger High School","PM 2.5","Mecklenburg",35.2401000008895,-80.785683
"5306",NA,49,"Garinger High School","PM 2.5","Mecklenburg",35.2401000008895,-80.785683
"5307",NA,26,"Garinger High School","PM 2.5","Mecklenburg",35.2401000008895,-80.785683
"5308",NA,12,"Garinger High School","PM 2.5","Mecklenburg",35.2401000008895,-80.785683
"5309",NA,19,"Garinger High School","PM 2.5","Mecklenburg",35.2401000008895,-80.785683
"5310",NA,56,"Garinger High School","PM 2.5","Mecklenburg",35.2401000008895,-80.785683
"5311",NA,46,"Garinger High School","PM 2.5","Mecklenburg",35.2401000008895,-80.785683
"5312",NA,66,"Garinger High School","PM 2.5","Mecklenburg",35.2401000008895,-80.785683
"5313",NA,51,"Garinger High School","PM 2.5","Mecklenburg",35.2401000008895,-80.785683
"5314",NA,48,"Garinger High School","PM 2.5","Mecklenburg",35.2401000008895,-80.785683
"5315",NA,15,"Garinger High School","PM 2.5","Mecklenburg",35.2401000008895,-80.785683
"5316",NA,25,"Garinger High School","PM 2.5","Mecklenburg",35.2401000008895,-80.785683
"5317",NA,37,"Garinger High School","PM 2.5","Mecklenburg",35.2401000008895,-80.785683
"5318",NA,24,"Garinger High School","PM 2.5","Mecklenburg",35.2401000008895,-80.785683
"5319",1-02-20,44,"Montclaire Elementary School","PM 2.5","Mecklenburg",35.1512830008885,-80.866983
"5320",1-05-20,31,"Montclaire Elementary School","PM 2.5","Mecklenburg",35.1512830008885,-80.866983
"5321",1-08-20,60,"Montclaire Elementary School","PM 2.5","Mecklenburg",35.1512830008885,-80.866983
"5322",1-11-20,33,"Montclaire Elementary School","PM 2.5","Mecklenburg",35.1512830008885,-80.866983
"5323",NA,28,"Montclaire Elementary School","PM 2.5","Mecklenburg",35.1512830008885,-80.866983
"5324",NA,43,"Montclaire Elementary School","PM 2.5","Mecklenburg",35.1512830008885,-80.866983
"5325",NA,38,"Montclaire Elementary School","PM 2.5","Mecklenburg",35.1512830008885,-80.866983
"5326",NA,15,"Montclaire Elementary School","PM 2.5","Mecklenburg",35.1512830008885,-80.866983
"5327",NA,46,"Montclaire Elementary School","PM 2.5","Mecklenburg",35.1512830008885,-80.866983
"5328",NA,11,"Montclaire Elementary School","PM 2.5","Mecklenburg",35.1512830008885,-80.866983
"5329",2-01-20,40,"Montclaire Elementary School","PM 2.5","Mecklenburg",35.1512830008885,-80.866983
"5330",2-04-20,27,"Montclaire Elementary School","PM 2.5","Mecklenburg",35.1512830008885,-80.866983
"5331",2-07-20,21,"Montclaire Elementary School","PM 2.5","Mecklenburg",35.1512830008885,-80.866983
"5332",2-10-20,38,"Montclaire Elementary School","PM 2.5","Mecklenburg",35.1512830008885,-80.866983
"5333",NA,20,"Montclaire Elementary School","PM 2.5","Mecklenburg",35.1512830008885,-80.866983
"5334",NA,23,"Montclaire Elementary School","PM 2.5","Mecklenburg",35.1512830008885,-80.866983
"5335",NA,27,"Montclaire Elementary School","PM 2.5","Mecklenburg",35.1512830008885,-80.866983
"5336",NA,34,"Montclaire Elementary School","PM 2.5","Mecklenburg",35.1512830008885,-80.866983
"5337",NA,42,"Montclaire Elementary School","PM 2.5","Mecklenburg",35.1512830008885,-80.866983
"5338",3-03-20,10,"Montclaire Elementary School","PM 2.5","Mecklenburg",35.1512830008885,-80.866983
"5339",3-06-20,58,"Montclaire Elementary School","PM 2.5","Mecklenburg",35.1512830008885,-80.866983
"5340",3-09-20,25,"Montclaire Elementary School","PM 2.5","Mecklenburg",35.1512830008885,-80.866983
"5341",3-12-20,16,"Montclaire Elementary School","PM 2.5","Mecklenburg",35.1512830008885,-80.866983
"5342",NA,29,"Montclaire Elementary School","PM 2.5","Mecklenburg",35.1512830008885,-80.866983
"5343",NA,27,"Montclaire Elementary School","PM 2.5","Mecklenburg",35.1512830008885,-80.866983
"5344",NA,10,"Montclaire Elementary School","PM 2.5","Mecklenburg",35.1512830008885,-80.866983
"5345",NA,32,"Montclaire Elementary School","PM 2.5","Mecklenburg",35.1512830008885,-80.866983
"5346",NA,30,"Montclaire Elementary School","PM 2.5","Mecklenburg",35.1512830008885,-80.866983
"5347",NA,15,"Montclaire Elementary School","PM 2.5","Mecklenburg",35.1512830008885,-80.866983
"5348",4-02-20,35,"Montclaire Elementary School","PM 2.5","Mecklenburg",35.1512830008885,-80.866983
"5349",4-05-20,20,"Montclaire Elementary School","PM 2.5","Mecklenburg",35.1512830008885,-80.866983
"5350",4-08-20,18,"Montclaire Elementary School","PM 2.5","Mecklenburg",35.1512830008885,-80.866983
"5351",4-11-20,42,"Montclaire Elementary School","PM 2.5","Mecklenburg",35.1512830008885,-80.866983
"5352",NA,37,"Montclaire Elementary School","PM 2.5","Mecklenburg",35.1512830008885,-80.866983
"5353",NA,18,"Montclaire Elementary School","PM 2.5","Mecklenburg",35.1512830008885,-80.866983
"5354",NA,27,"Montclaire Elementary School","PM 2.5","Mecklenburg",35.1512830008885,-80.866983
"5355",NA,18,"Montclaire Elementary School","PM 2.5","Mecklenburg",35.1512830008885,-80.866983
"5356",NA,16,"Montclaire Elementary School","PM 2.5","Mecklenburg",35.1512830008885,-80.866983
"5357",NA,19,"Montclaire Elementary School","PM 2.5","Mecklenburg",35.1512830008885,-80.866983
"5358",1-02-20,45,"Montclaire Elementary School","PM 2.5","Mecklenburg",35.1512830008885,-80.866983
"5359",NA,27,"Montclaire Elementary School","PM 2.5","Mecklenburg",35.1512830008885,-80.866983
"5360",NA,48,"Montclaire Elementary School","PM 2.5","Mecklenburg",35.1512830008885,-80.866983
"5361",2-07-20,8,"Montclaire Elementary School","PM 2.5","Mecklenburg",35.1512830008885,-80.866983
"5362",NA,49,"Montclaire Elementary School","PM 2.5","Mecklenburg",35.1512830008885,-80.866983
"5363",3-03-20,10,"Montclaire Elementary School","PM 2.5","Mecklenburg",35.1512830008885,-80.866983
"5364",NA,29,"Montclaire Elementary School","PM 2.5","Mecklenburg",35.1512830008885,-80.866983
"5365",NA,30,"Montclaire Elementary School","PM 2.5","Mecklenburg",35.1512830008885,-80.866983
"5366",4-08-20,18,"Montclaire Elementary School","PM 2.5","Mecklenburg",35.1512830008885,-80.866983
"5367",NA,26,"Montclaire Elementary School","PM 2.5","Mecklenburg",35.1512830008885,-80.866983
"5368",4-04-20,23,"Montclaire Elementary School","PM 2.5","Mecklenburg",35.1512830008885,-80.866983
"5369",4-05-20,20,"Montclaire Elementary School","PM 2.5","Mecklenburg",35.1512830008885,-80.866983
"5370",4-06-20,54,"Montclaire Elementary School","PM 2.5","Mecklenburg",35.1512830008885,-80.866983
"5371",4-07-20,35,"Montclaire Elementary School","PM 2.5","Mecklenburg",35.1512830008885,-80.866983
"5372",4-08-20,22,"Montclaire Elementary School","PM 2.5","Mecklenburg",35.1512830008885,-80.866983
"5373",4-09-20,28,"Montclaire Elementary School","PM 2.5","Mecklenburg",35.1512830008885,-80.866983
"5374",4-10-20,39,"Montclaire Elementary School","PM 2.5","Mecklenburg",35.1512830008885,-80.866983
"5375",4-11-20,45,"Montclaire Elementary School","PM 2.5","Mecklenburg",35.1512830008885,-80.866983
"5376",4-12-20,50,"Montclaire Elementary School","PM 2.5","Mecklenburg",35.1512830008885,-80.866983
"5377",NA,51,"Montclaire Elementary School","PM 2.5","Mecklenburg",35.1512830008885,-80.866983
"5378",NA,35,"Montclaire Elementary School","PM 2.5","Mecklenburg",35.1512830008885,-80.866983
"5379",NA,29,"Montclaire Elementary School","PM 2.5","Mecklenburg",35.1512830008885,-80.866983
"5380",NA,7,"Montclaire Elementary School","PM 2.5","Mecklenburg",35.1512830008885,-80.866983
"5381",NA,22,"Montclaire Elementary School","PM 2.5","Mecklenburg",35.1512830008885,-80.866983
"5382",NA,34,"Montclaire Elementary School","PM 2.5","Mecklenburg",35.1512830008885,-80.866983
"5383",NA,27,"Montclaire Elementary School","PM 2.5","Mecklenburg",35.1512830008885,-80.866983
"5384",NA,28,"Montclaire Elementary School","PM 2.5","Mecklenburg",35.1512830008885,-80.866983
"5385",NA,48,"Montclaire Elementary School","PM 2.5","Mecklenburg",35.1512830008885,-80.866983
"5386",NA,28,"Montclaire Elementary School","PM 2.5","Mecklenburg",35.1512830008885,-80.866983
"5387",NA,17,"Montclaire Elementary School","PM 2.5","Mecklenburg",35.1512830008885,-80.866983
"5388",NA,15,"Montclaire Elementary School","PM 2.5","Mecklenburg",35.1512830008885,-80.866983
"5389",NA,7,"Montclaire Elementary School","PM 2.5","Mecklenburg",35.1512830008885,-80.866983
"5390",NA,13,"Montclaire Elementary School","PM 2.5","Mecklenburg",35.1512830008885,-80.866983
"5391",NA,24,"Montclaire Elementary School","PM 2.5","Mecklenburg",35.1512830008885,-80.866983
"5392",NA,32,"Montclaire Elementary School","PM 2.5","Mecklenburg",35.1512830008885,-80.866983
"5393",NA,18,"Montclaire Elementary School","PM 2.5","Mecklenburg",35.1512830008885,-80.866983
"5394",NA,25,"Montclaire Elementary School","PM 2.5","Mecklenburg",35.1512830008885,-80.866983
"5395",5-01-20,35,"Montclaire Elementary School","PM 2.5","Mecklenburg",35.1512830008885,-80.866983
"5396",5-02-20,43,"Montclaire Elementary School","PM 2.5","Mecklenburg",35.1512830008885,-80.866983
"5397",5-03-20,35,"Montclaire Elementary School","PM 2.5","Mecklenburg",35.1512830008885,-80.866983
"5398",5-04-20,51,"Montclaire Elementary School","PM 2.5","Mecklenburg",35.1512830008885,-80.866983
"5399",5-05-20,49,"Montclaire Elementary School","PM 2.5","Mecklenburg",35.1512830008885,-80.866983
"5400",5-06-20,26,"Montclaire Elementary School","PM 2.5","Mecklenburg",35.1512830008885,-80.866983
"5401",5-07-20,26,"Montclaire Elementary School","PM 2.5","Mecklenburg",35.1512830008885,-80.866983
"5402",5-08-20,28,"Montclaire Elementary School","PM 2.5","Mecklenburg",35.1512830008885,-80.866983
"5403",5-09-20,38,"Montclaire Elementary School","PM 2.5","Mecklenburg",35.1512830008885,-80.866983
"5404",5-10-20,51,"Montclaire Elementary School","PM 2.5","Mecklenburg",35.1512830008885,-80.866983
"5405",5-11-20,47,"Montclaire Elementary School","PM 2.5","Mecklenburg",35.1512830008885,-80.866983
"5406",5-12-20,56,"Montclaire Elementary School","PM 2.5","Mecklenburg",35.1512830008885,-80.866983
"5407",NA,58,"Montclaire Elementary School","PM 2.5","Mecklenburg",35.1512830008885,-80.866983
"5408",NA,57,"Montclaire Elementary School","PM 2.5","Mecklenburg",35.1512830008885,-80.866983
"5409",NA,25,"Montclaire Elementary School","PM 2.5","Mecklenburg",35.1512830008885,-80.866983
"5410",NA,25,"Montclaire Elementary School","PM 2.5","Mecklenburg",35.1512830008885,-80.866983
"5411",NA,21,"Montclaire Elementary School","PM 2.5","Mecklenburg",35.1512830008885,-80.866983
"5412",NA,25,"Montclaire Elementary School","PM 2.5","Mecklenburg",35.1512830008885,-80.866983
"5413",NA,25,"Montclaire Elementary School","PM 2.5","Mecklenburg",35.1512830008885,-80.866983
"5414",NA,28,"Montclaire Elementary School","PM 2.5","Mecklenburg",35.1512830008885,-80.866983
"5415",NA,19,"Montclaire Elementary School","PM 2.5","Mecklenburg",35.1512830008885,-80.866983
"5416",NA,29,"Montclaire Elementary School","PM 2.5","Mecklenburg",35.1512830008885,-80.866983
"5417",NA,17,"Montclaire Elementary School","PM 2.5","Mecklenburg",35.1512830008885,-80.866983
"5418",NA,32,"Montclaire Elementary School","PM 2.5","Mecklenburg",35.1512830008885,-80.866983
"5419",NA,22,"Montclaire Elementary School","PM 2.5","Mecklenburg",35.1512830008885,-80.866983
"5420",NA,20,"Montclaire Elementary School","PM 2.5","Mecklenburg",35.1512830008885,-80.866983
"5421",NA,16,"Montclaire Elementary School","PM 2.5","Mecklenburg",35.1512830008885,-80.866983
"5422",NA,16,"Montclaire Elementary School","PM 2.5","Mecklenburg",35.1512830008885,-80.866983
"5423",NA,23,"Montclaire Elementary School","PM 2.5","Mecklenburg",35.1512830008885,-80.866983
"5424",NA,25,"Montclaire Elementary School","PM 2.5","Mecklenburg",35.1512830008885,-80.866983
"5425",6-01-20,23,"Montclaire Elementary School","PM 2.5","Mecklenburg",35.1512830008885,-80.866983
"5426",6-02-20,27,"Montclaire Elementary School","PM 2.5","Mecklenburg",35.1512830008885,-80.866983
"5427",6-03-20,29,"Montclaire Elementary School","PM 2.5","Mecklenburg",35.1512830008885,-80.866983
"5428",6-04-20,27,"Montclaire Elementary School","PM 2.5","Mecklenburg",35.1512830008885,-80.866983
"5429",6-05-20,29,"Montclaire Elementary School","PM 2.5","Mecklenburg",35.1512830008885,-80.866983
"5430",6-06-20,31,"Montclaire Elementary School","PM 2.5","Mecklenburg",35.1512830008885,-80.866983
"5431",6-07-20,50,"Montclaire Elementary School","PM 2.5","Mecklenburg",35.1512830008885,-80.866983
"5432",6-08-20,56,"Montclaire Elementary School","PM 2.5","Mecklenburg",35.1512830008885,-80.866983
"5433",6-09-20,42,"Montclaire Elementary School","PM 2.5","Mecklenburg",35.1512830008885,-80.866983
"5434",6-10-20,51,"Montclaire Elementary School","PM 2.5","Mecklenburg",35.1512830008885,-80.866983
"5435",6-11-20,53,"Montclaire Elementary School","PM 2.5","Mecklenburg",35.1512830008885,-80.866983
"5436",6-12-20,21,"Montclaire Elementary School","PM 2.5","Mecklenburg",35.1512830008885,-80.866983
"5437",NA,40,"Montclaire Elementary School","PM 2.5","Mecklenburg",35.1512830008885,-80.866983
"5438",NA,38,"Montclaire Elementary School","PM 2.5","Mecklenburg",35.1512830008885,-80.866983
"5439",NA,57,"Montclaire Elementary School","PM 2.5","Mecklenburg",35.1512830008885,-80.866983
"5440",NA,53,"Montclaire Elementary School","PM 2.5","Mecklenburg",35.1512830008885,-80.866983
"5441",NA,34,"Montclaire Elementary School","PM 2.5","Mecklenburg",35.1512830008885,-80.866983
"5442",NA,27,"Montclaire Elementary School","PM 2.5","Mecklenburg",35.1512830008885,-80.866983
"5443",NA,32,"Montclaire Elementary School","PM 2.5","Mecklenburg",35.1512830008885,-80.866983
"5444",NA,35,"Montclaire Elementary School","PM 2.5","Mecklenburg",35.1512830008885,-80.866983
"5445",NA,25,"Montclaire Elementary School","PM 2.5","Mecklenburg",35.1512830008885,-80.866983
"5446",NA,29,"Montclaire Elementary School","PM 2.5","Mecklenburg",35.1512830008885,-80.866983
"5447",NA,34,"Montclaire Elementary School","PM 2.5","Mecklenburg",35.1512830008885,-80.866983
"5448",NA,38,"Montclaire Elementary School","PM 2.5","Mecklenburg",35.1512830008885,-80.866983
"5449",NA,45,"Montclaire Elementary School","PM 2.5","Mecklenburg",35.1512830008885,-80.866983
"5450",7-01-20,26,"Montclaire Elementary School","PM 2.5","Mecklenburg",35.1512830008885,-80.866983
"5451",7-02-20,35,"Montclaire Elementary School","PM 2.5","Mecklenburg",35.1512830008885,-80.866983
"5452",7-03-20,47,"Montclaire Elementary School","PM 2.5","Mecklenburg",35.1512830008885,-80.866983
"5453",7-04-20,62,"Montclaire Elementary School","PM 2.5","Mecklenburg",35.1512830008885,-80.866983
"5454",7-05-20,21,"Montclaire Elementary School","PM 2.5","Mecklenburg",35.1512830008885,-80.866983
"5455",7-06-20,28,"Montclaire Elementary School","PM 2.5","Mecklenburg",35.1512830008885,-80.866983
"5456",7-07-20,35,"Montclaire Elementary School","PM 2.5","Mecklenburg",35.1512830008885,-80.866983
"5457",7-08-20,23,"Montclaire Elementary School","PM 2.5","Mecklenburg",35.1512830008885,-80.866983
"5458",7-09-20,22,"Montclaire Elementary School","PM 2.5","Mecklenburg",35.1512830008885,-80.866983
"5459",7-10-20,43,"Montclaire Elementary School","PM 2.5","Mecklenburg",35.1512830008885,-80.866983
"5460",7-11-20,57,"Montclaire Elementary School","PM 2.5","Mecklenburg",35.1512830008885,-80.866983
"5461",7-12-20,54,"Montclaire Elementary School","PM 2.5","Mecklenburg",35.1512830008885,-80.866983
"5462",NA,48,"Montclaire Elementary School","PM 2.5","Mecklenburg",35.1512830008885,-80.866983
"5463",NA,53,"Montclaire Elementary School","PM 2.5","Mecklenburg",35.1512830008885,-80.866983
"5464",NA,51,"Montclaire Elementary School","PM 2.5","Mecklenburg",35.1512830008885,-80.866983
"5465",NA,51,"Montclaire Elementary School","PM 2.5","Mecklenburg",35.1512830008885,-80.866983
"5466",NA,35,"Montclaire Elementary School","PM 2.5","Mecklenburg",35.1512830008885,-80.866983
"5467",NA,37,"Montclaire Elementary School","PM 2.5","Mecklenburg",35.1512830008885,-80.866983
"5468",NA,39,"Montclaire Elementary School","PM 2.5","Mecklenburg",35.1512830008885,-80.866983
"5469",NA,36,"Montclaire Elementary School","PM 2.5","Mecklenburg",35.1512830008885,-80.866983
"5470",NA,29,"Montclaire Elementary School","PM 2.5","Mecklenburg",35.1512830008885,-80.866983
"5471",NA,21,"Montclaire Elementary School","PM 2.5","Mecklenburg",35.1512830008885,-80.866983
"5472",NA,28,"Montclaire Elementary School","PM 2.5","Mecklenburg",35.1512830008885,-80.866983
"5473",NA,25,"Montclaire Elementary School","PM 2.5","Mecklenburg",35.1512830008885,-80.866983
"5474",NA,38,"Montclaire Elementary School","PM 2.5","Mecklenburg",35.1512830008885,-80.866983
"5475",NA,29,"Montclaire Elementary School","PM 2.5","Mecklenburg",35.1512830008885,-80.866983
"5476",NA,42,"Montclaire Elementary School","PM 2.5","Mecklenburg",35.1512830008885,-80.866983
"5477",NA,48,"Montclaire Elementary School","PM 2.5","Mecklenburg",35.1512830008885,-80.866983
"5478",NA,40,"Montclaire Elementary School","PM 2.5","Mecklenburg",35.1512830008885,-80.866983
"5479",NA,27,"Montclaire Elementary School","PM 2.5","Mecklenburg",35.1512830008885,-80.866983
"5480",NA,37,"Montclaire Elementary School","PM 2.5","Mecklenburg",35.1512830008885,-80.866983
"5481",8-01-20,20,"Montclaire Elementary School","PM 2.5","Mecklenburg",35.1512830008885,-80.866983
"5482",8-02-20,19,"Montclaire Elementary School","PM 2.5","Mecklenburg",35.1512830008885,-80.866983
"5483",8-03-20,18,"Montclaire Elementary School","PM 2.5","Mecklenburg",35.1512830008885,-80.866983
"5484",8-04-20,24,"Montclaire Elementary School","PM 2.5","Mecklenburg",35.1512830008885,-80.866983
"5485",8-05-20,30,"Montclaire Elementary School","PM 2.5","Mecklenburg",35.1512830008885,-80.866983
"5486",8-06-20,29,"Montclaire Elementary School","PM 2.5","Mecklenburg",35.1512830008885,-80.866983
"5487",8-07-20,28,"Montclaire Elementary School","PM 2.5","Mecklenburg",35.1512830008885,-80.866983
"5488",8-08-20,28,"Montclaire Elementary School","PM 2.5","Mecklenburg",35.1512830008885,-80.866983
"5489",8-09-20,26,"Montclaire Elementary School","PM 2.5","Mecklenburg",35.1512830008885,-80.866983
"5490",8-10-20,56,"Montclaire Elementary School","PM 2.5","Mecklenburg",35.1512830008885,-80.866983
"5491",8-11-20,26,"Montclaire Elementary School","PM 2.5","Mecklenburg",35.1512830008885,-80.866983
"5492",8-12-20,25,"Montclaire Elementary School","PM 2.5","Mecklenburg",35.1512830008885,-80.866983
"5493",NA,37,"Montclaire Elementary School","PM 2.5","Mecklenburg",35.1512830008885,-80.866983
"5494",NA,52,"Montclaire Elementary School","PM 2.5","Mecklenburg",35.1512830008885,-80.866983
"5495",NA,56,"Montclaire Elementary School","PM 2.5","Mecklenburg",35.1512830008885,-80.866983
"5496",NA,59,"Montclaire Elementary School","PM 2.5","Mecklenburg",35.1512830008885,-80.866983
"5497",NA,31,"Montclaire Elementary School","PM 2.5","Mecklenburg",35.1512830008885,-80.866983
"5498",NA,20,"Montclaire Elementary School","PM 2.5","Mecklenburg",35.1512830008885,-80.866983
"5499",NA,32,"Montclaire Elementary School","PM 2.5","Mecklenburg",35.1512830008885,-80.866983
"5500",NA,35,"Montclaire Elementary School","PM 2.5","Mecklenburg",35.1512830008885,-80.866983
"5501",NA,30,"Montclaire Elementary School","PM 2.5","Mecklenburg",35.1512830008885,-80.866983
"5502",NA,30,"Montclaire Elementary School","PM 2.5","Mecklenburg",35.1512830008885,-80.866983
"5503",NA,53,"Montclaire Elementary School","PM 2.5","Mecklenburg",35.1512830008885,-80.866983
"5504",NA,31,"Montclaire Elementary School","PM 2.5","Mecklenburg",35.1512830008885,-80.866983
"5505",NA,48,"Montclaire Elementary School","PM 2.5","Mecklenburg",35.1512830008885,-80.866983
"5506",NA,52,"Montclaire Elementary School","PM 2.5","Mecklenburg",35.1512830008885,-80.866983
"5507",NA,55,"Montclaire Elementary School","PM 2.5","Mecklenburg",35.1512830008885,-80.866983
"5508",NA,55,"Montclaire Elementary School","PM 2.5","Mecklenburg",35.1512830008885,-80.866983
"5509",NA,47,"Montclaire Elementary School","PM 2.5","Mecklenburg",35.1512830008885,-80.866983
"5510",NA,39,"Montclaire Elementary School","PM 2.5","Mecklenburg",35.1512830008885,-80.866983
"5511",NA,38,"Montclaire Elementary School","PM 2.5","Mecklenburg",35.1512830008885,-80.866983
"5512",9-01-20,36,"Montclaire Elementary School","PM 2.5","Mecklenburg",35.1512830008885,-80.866983
"5513",9-02-20,34,"Montclaire Elementary School","PM 2.5","Mecklenburg",35.1512830008885,-80.866983
"5514",9-03-20,22,"Montclaire Elementary School","PM 2.5","Mecklenburg",35.1512830008885,-80.866983
"5515",9-04-20,32,"Montclaire Elementary School","PM 2.5","Mecklenburg",35.1512830008885,-80.866983
"5516",9-05-20,39,"Montclaire Elementary School","PM 2.5","Mecklenburg",35.1512830008885,-80.866983
"5517",9-06-20,31,"Montclaire Elementary School","PM 2.5","Mecklenburg",35.1512830008885,-80.866983
"5518",9-07-20,37,"Montclaire Elementary School","PM 2.5","Mecklenburg",35.1512830008885,-80.866983
"5519",9-08-20,35,"Montclaire Elementary School","PM 2.5","Mecklenburg",35.1512830008885,-80.866983
"5520",9-09-20,23,"Montclaire Elementary School","PM 2.5","Mecklenburg",35.1512830008885,-80.866983
"5521",9-10-20,41,"Montclaire Elementary School","PM 2.5","Mecklenburg",35.1512830008885,-80.866983
"5522",NA,35,"Montclaire Elementary School","PM 2.5","Mecklenburg",35.1512830008885,-80.866983
"5523",NA,48,"Montclaire Elementary School","PM 2.5","Mecklenburg",35.1512830008885,-80.866983
"5524",NA,53,"Montclaire Elementary School","PM 2.5","Mecklenburg",35.1512830008885,-80.866983
"5525",NA,51,"Montclaire Elementary School","PM 2.5","Mecklenburg",35.1512830008885,-80.866983
"5526",NA,49,"Montclaire Elementary School","PM 2.5","Mecklenburg",35.1512830008885,-80.866983
"5527",NA,30,"Montclaire Elementary School","PM 2.5","Mecklenburg",35.1512830008885,-80.866983
"5528",NA,35,"Montclaire Elementary School","PM 2.5","Mecklenburg",35.1512830008885,-80.866983
"5529",NA,29,"Montclaire Elementary School","PM 2.5","Mecklenburg",35.1512830008885,-80.866983
"5530",NA,20,"Montclaire Elementary School","PM 2.5","Mecklenburg",35.1512830008885,-80.866983
"5531",NA,19,"Montclaire Elementary School","PM 2.5","Mecklenburg",35.1512830008885,-80.866983
"5532",NA,32,"Montclaire Elementary School","PM 2.5","Mecklenburg",35.1512830008885,-80.866983
"5533",NA,30,"Montclaire Elementary School","PM 2.5","Mecklenburg",35.1512830008885,-80.866983
"5534",10-01-20,35,"Montclaire Elementary School","PM 2.5","Mecklenburg",35.1512830008885,-80.866983
"5535",10-02-20,40,"Montclaire Elementary School","PM 2.5","Mecklenburg",35.1512830008885,-80.866983
"5536",10-03-20,34,"Montclaire Elementary School","PM 2.5","Mecklenburg",35.1512830008885,-80.866983
"5537",10-04-20,43,"Montclaire Elementary School","PM 2.5","Mecklenburg",35.1512830008885,-80.866983
"5538",10-05-20,42,"Montclaire Elementary School","PM 2.5","Mecklenburg",35.1512830008885,-80.866983
"5539",10-06-20,55,"Montclaire Elementary School","PM 2.5","Mecklenburg",35.1512830008885,-80.866983
"5540",10-07-20,53,"Montclaire Elementary School","PM 2.5","Mecklenburg",35.1512830008885,-80.866983
"5541",10-08-20,32,"Montclaire Elementary School","PM 2.5","Mecklenburg",35.1512830008885,-80.866983
"5542",10-09-20,20,"Montclaire Elementary School","PM 2.5","Mecklenburg",35.1512830008885,-80.866983
"5543",10-10-20,13,"Montclaire Elementary School","PM 2.5","Mecklenburg",35.1512830008885,-80.866983
"5544",10-11-20,8,"Montclaire Elementary School","PM 2.5","Mecklenburg",35.1512830008885,-80.866983
"5545",10-12-20,29,"Montclaire Elementary School","PM 2.5","Mecklenburg",35.1512830008885,-80.866983
"5546",NA,34,"Montclaire Elementary School","PM 2.5","Mecklenburg",35.1512830008885,-80.866983
"5547",NA,32,"Montclaire Elementary School","PM 2.5","Mecklenburg",35.1512830008885,-80.866983
"5548",NA,38,"Montclaire Elementary School","PM 2.5","Mecklenburg",35.1512830008885,-80.866983
"5549",NA,39,"Montclaire Elementary School","PM 2.5","Mecklenburg",35.1512830008885,-80.866983
"5550",NA,17,"Montclaire Elementary School","PM 2.5","Mecklenburg",35.1512830008885,-80.866983
"5551",NA,22,"Montclaire Elementary School","PM 2.5","Mecklenburg",35.1512830008885,-80.866983
"5552",NA,34,"Montclaire Elementary School","PM 2.5","Mecklenburg",35.1512830008885,-80.866983
"5553",NA,42,"Montclaire Elementary School","PM 2.5","Mecklenburg",35.1512830008885,-80.866983
"5554",NA,23,"Montclaire Elementary School","PM 2.5","Mecklenburg",35.1512830008885,-80.866983
"5555",NA,32,"Montclaire Elementary School","PM 2.5","Mecklenburg",35.1512830008885,-80.866983
"5556",NA,33,"Montclaire Elementary School","PM 2.5","Mecklenburg",35.1512830008885,-80.866983
"5557",NA,29,"Montclaire Elementary School","PM 2.5","Mecklenburg",35.1512830008885,-80.866983
"5558",NA,34,"Montclaire Elementary School","PM 2.5","Mecklenburg",35.1512830008885,-80.866983
"5559",NA,20,"Montclaire Elementary School","PM 2.5","Mecklenburg",35.1512830008885,-80.866983
"5560",NA,9,"Montclaire Elementary School","PM 2.5","Mecklenburg",35.1512830008885,-80.866983
"5561",NA,20,"Montclaire Elementary School","PM 2.5","Mecklenburg",35.1512830008885,-80.866983
"5562",NA,23,"Montclaire Elementary School","PM 2.5","Mecklenburg",35.1512830008885,-80.866983
"5563",NA,24,"Montclaire Elementary School","PM 2.5","Mecklenburg",35.1512830008885,-80.866983
"5564",NA,38,"Montclaire Elementary School","PM 2.5","Mecklenburg",35.1512830008885,-80.866983
"5565",11-01-20,30,"Montclaire Elementary School","PM 2.5","Mecklenburg",35.1512830008885,-80.866983
"5566",11-02-20,15,"Montclaire Elementary School","PM 2.5","Mecklenburg",35.1512830008885,-80.866983
"5567",11-03-20,42,"Montclaire Elementary School","PM 2.5","Mecklenburg",35.1512830008885,-80.866983
"5568",11-04-20,44,"Montclaire Elementary School","PM 2.5","Mecklenburg",35.1512830008885,-80.866983
"5569",11-05-20,27,"Montclaire Elementary School","PM 2.5","Mecklenburg",35.1512830008885,-80.866983
"5570",11-06-20,18,"Montclaire Elementary School","PM 2.5","Mecklenburg",35.1512830008885,-80.866983
"5571",11-07-20,23,"Montclaire Elementary School","PM 2.5","Mecklenburg",35.1512830008885,-80.866983
"5572",11-08-20,33,"Montclaire Elementary School","PM 2.5","Mecklenburg",35.1512830008885,-80.866983
"5573",11-09-20,27,"Montclaire Elementary School","PM 2.5","Mecklenburg",35.1512830008885,-80.866983
"5574",11-10-20,20,"Montclaire Elementary School","PM 2.5","Mecklenburg",35.1512830008885,-80.866983
"5575",11-11-20,45,"Montclaire Elementary School","PM 2.5","Mecklenburg",35.1512830008885,-80.866983
"5576",11-12-20,41,"Montclaire Elementary School","PM 2.5","Mecklenburg",35.1512830008885,-80.866983
"5577",NA,25,"Montclaire Elementary School","PM 2.5","Mecklenburg",35.1512830008885,-80.866983
"5578",NA,27,"Montclaire Elementary School","PM 2.5","Mecklenburg",35.1512830008885,-80.866983
"5579",NA,20,"Montclaire Elementary School","PM 2.5","Mecklenburg",35.1512830008885,-80.866983
"5580",NA,26,"Montclaire Elementary School","PM 2.5","Mecklenburg",35.1512830008885,-80.866983
"5581",NA,56,"Montclaire Elementary School","PM 2.5","Mecklenburg",35.1512830008885,-80.866983
"5582",NA,74,"Montclaire Elementary School","PM 2.5","Mecklenburg",35.1512830008885,-80.866983
"5583",NA,60,"Montclaire Elementary School","PM 2.5","Mecklenburg",35.1512830008885,-80.866983
"5584",NA,38,"Montclaire Elementary School","PM 2.5","Mecklenburg",35.1512830008885,-80.866983
"5585",NA,38,"Montclaire Elementary School","PM 2.5","Mecklenburg",35.1512830008885,-80.866983
"5586",NA,45,"Montclaire Elementary School","PM 2.5","Mecklenburg",35.1512830008885,-80.866983
"5587",NA,36,"Montclaire Elementary School","PM 2.5","Mecklenburg",35.1512830008885,-80.866983
"5588",NA,24,"Montclaire Elementary School","PM 2.5","Mecklenburg",35.1512830008885,-80.866983
"5589",NA,31,"Montclaire Elementary School","PM 2.5","Mecklenburg",35.1512830008885,-80.866983
"5590",NA,24,"Montclaire Elementary School","PM 2.5","Mecklenburg",35.1512830008885,-80.866983
"5591",NA,15,"Montclaire Elementary School","PM 2.5","Mecklenburg",35.1512830008885,-80.866983
"5592",NA,28,"Montclaire Elementary School","PM 2.5","Mecklenburg",35.1512830008885,-80.866983
"5593",NA,44,"Montclaire Elementary School","PM 2.5","Mecklenburg",35.1512830008885,-80.866983
"5594",NA,52,"Montclaire Elementary School","PM 2.5","Mecklenburg",35.1512830008885,-80.866983
"5595",12-01-20,49,"Montclaire Elementary School","PM 2.5","Mecklenburg",35.1512830008885,-80.866983
"5596",12-02-20,22,"Montclaire Elementary School","PM 2.5","Mecklenburg",35.1512830008885,-80.866983
"5597",12-03-20,30,"Montclaire Elementary School","PM 2.5","Mecklenburg",35.1512830008885,-80.866983
"5598",12-08-20,60,"Montclaire Elementary School","PM 2.5","Mecklenburg",35.1512830008885,-80.866983
"5599",12-09-20,24,"Montclaire Elementary School","PM 2.5","Mecklenburg",35.1512830008885,-80.866983
"5600",12-10-20,17,"Montclaire Elementary School","PM 2.5","Mecklenburg",35.1512830008885,-80.866983
"5601",12-11-20,30,"Montclaire Elementary School","PM 2.5","Mecklenburg",35.1512830008885,-80.866983
"5602",12-12-20,40,"Montclaire Elementary School","PM 2.5","Mecklenburg",35.1512830008885,-80.866983
"5603",NA,54,"Montclaire Elementary School","PM 2.5","Mecklenburg",35.1512830008885,-80.866983
"5604",NA,41,"Montclaire Elementary School","PM 2.5","Mecklenburg",35.1512830008885,-80.866983
"5605",NA,18,"Montclaire Elementary School","PM 2.5","Mecklenburg",35.1512830008885,-80.866983
"5606",NA,20,"Montclaire Elementary School","PM 2.5","Mecklenburg",35.1512830008885,-80.866983
"5607",NA,18,"Montclaire Elementary School","PM 2.5","Mecklenburg",35.1512830008885,-80.866983
"5608",NA,25,"Montclaire Elementary School","PM 2.5","Mecklenburg",35.1512830008885,-80.866983
"5609",NA,50,"Montclaire Elementary School","PM 2.5","Mecklenburg",35.1512830008885,-80.866983
"5610",NA,29,"Montclaire Elementary School","PM 2.5","Mecklenburg",35.1512830008885,-80.866983
"5611",NA,10,"Montclaire Elementary School","PM 2.5","Mecklenburg",35.1512830008885,-80.866983
"5612",NA,15,"Montclaire Elementary School","PM 2.5","Mecklenburg",35.1512830008885,-80.866983
"5613",NA,51,"Montclaire Elementary School","PM 2.5","Mecklenburg",35.1512830008885,-80.866983
"5614",NA,42,"Montclaire Elementary School","PM 2.5","Mecklenburg",35.1512830008885,-80.866983
"5615",NA,81,"Montclaire Elementary School","PM 2.5","Mecklenburg",35.1512830008885,-80.866983
"5616",NA,61,"Montclaire Elementary School","PM 2.5","Mecklenburg",35.1512830008885,-80.866983
"5617",NA,40,"Montclaire Elementary School","PM 2.5","Mecklenburg",35.1512830008885,-80.866983
"5618",NA,19,"Montclaire Elementary School","PM 2.5","Mecklenburg",35.1512830008885,-80.866983
"5619",NA,34,"Montclaire Elementary School","PM 2.5","Mecklenburg",35.1512830008885,-80.866983
"5620",NA,38,"Montclaire Elementary School","PM 2.5","Mecklenburg",35.1512830008885,-80.866983
"5621",NA,26,"Montclaire Elementary School","PM 2.5","Mecklenburg",35.1512830008885,-80.866983
"5622",1-01-20,16,"Montclaire Elementary School","PM 2.5","Mecklenburg",35.1512830008885,-80.866983
"5623",1-02-20,43,"Montclaire Elementary School","PM 2.5","Mecklenburg",35.1512830008885,-80.866983
"5624",1-03-20,58,"Montclaire Elementary School","PM 2.5","Mecklenburg",35.1512830008885,-80.866983
"5625",1-04-20,32,"Montclaire Elementary School","PM 2.5","Mecklenburg",35.1512830008885,-80.866983
"5626",1-05-20,25,"Montclaire Elementary School","PM 2.5","Mecklenburg",35.1512830008885,-80.866983
"5627",1-06-20,33,"Montclaire Elementary School","PM 2.5","Mecklenburg",35.1512830008885,-80.866983
"5628",1-07-20,42,"Montclaire Elementary School","PM 2.5","Mecklenburg",35.1512830008885,-80.866983
"5629",1-08-20,56,"Montclaire Elementary School","PM 2.5","Mecklenburg",35.1512830008885,-80.866983
"5630",1-09-20,48,"Montclaire Elementary School","PM 2.5","Mecklenburg",35.1512830008885,-80.866983
"5631",1-10-20,41,"Montclaire Elementary School","PM 2.5","Mecklenburg",35.1512830008885,-80.866983
"5632",1-11-20,35,"Montclaire Elementary School","PM 2.5","Mecklenburg",35.1512830008885,-80.866983
"5633",1-12-20,15,"Montclaire Elementary School","PM 2.5","Mecklenburg",35.1512830008885,-80.866983
"5634",NA,7,"Montclaire Elementary School","PM 2.5","Mecklenburg",35.1512830008885,-80.866983
"5635",NA,27,"Montclaire Elementary School","PM 2.5","Mecklenburg",35.1512830008885,-80.866983
"5636",NA,43,"Montclaire Elementary School","PM 2.5","Mecklenburg",35.1512830008885,-80.866983
"5637",NA,68,"Montclaire Elementary School","PM 2.5","Mecklenburg",35.1512830008885,-80.866983
"5638",NA,38,"Montclaire Elementary School","PM 2.5","Mecklenburg",35.1512830008885,-80.866983
"5639",NA,35,"Montclaire Elementary School","PM 2.5","Mecklenburg",35.1512830008885,-80.866983
"5640",NA,43,"Montclaire Elementary School","PM 2.5","Mecklenburg",35.1512830008885,-80.866983
"5641",NA,44,"Montclaire Elementary School","PM 2.5","Mecklenburg",35.1512830008885,-80.866983
"5642",NA,54,"Montclaire Elementary School","PM 2.5","Mecklenburg",35.1512830008885,-80.866983
"5643",NA,53,"Montclaire Elementary School","PM 2.5","Mecklenburg",35.1512830008885,-80.866983
"5644",NA,11,"Montclaire Elementary School","PM 2.5","Mecklenburg",35.1512830008885,-80.866983
"5645",NA,12,"Montclaire Elementary School","PM 2.5","Mecklenburg",35.1512830008885,-80.866983
"5646",NA,23,"Montclaire Elementary School","PM 2.5","Mecklenburg",35.1512830008885,-80.866983
"5647",NA,53,"Montclaire Elementary School","PM 2.5","Mecklenburg",35.1512830008885,-80.866983
"5648",NA,47,"Montclaire Elementary School","PM 2.5","Mecklenburg",35.1512830008885,-80.866983
"5649",NA,42,"Montclaire Elementary School","PM 2.5","Mecklenburg",35.1512830008885,-80.866983
"5650",NA,9,"Montclaire Elementary School","PM 2.5","Mecklenburg",35.1512830008885,-80.866983
"5651",NA,11,"Montclaire Elementary School","PM 2.5","Mecklenburg",35.1512830008885,-80.866983
"5652",NA,26,"Montclaire Elementary School","PM 2.5","Mecklenburg",35.1512830008885,-80.866983
"5653",2-01-20,47,"Montclaire Elementary School","PM 2.5","Mecklenburg",35.1512830008885,-80.866983
"5654",2-02-20,9,"Montclaire Elementary School","PM 2.5","Mecklenburg",35.1512830008885,-80.866983
"5655",2-03-20,27,"Montclaire Elementary School","PM 2.5","Mecklenburg",35.1512830008885,-80.866983
"5656",2-04-20,30,"Montclaire Elementary School","PM 2.5","Mecklenburg",35.1512830008885,-80.866983
"5657",2-05-20,17,"Montclaire Elementary School","PM 2.5","Mecklenburg",35.1512830008885,-80.866983
"5658",2-06-20,34,"Montclaire Elementary School","PM 2.5","Mecklenburg",35.1512830008885,-80.866983
"5659",2-07-20,21,"Montclaire Elementary School","PM 2.5","Mecklenburg",35.1512830008885,-80.866983
"5660",2-08-20,16,"Montclaire Elementary School","PM 2.5","Mecklenburg",35.1512830008885,-80.866983
"5661",2-09-20,46,"Montclaire Elementary School","PM 2.5","Mecklenburg",35.1512830008885,-80.866983
"5662",2-10-20,46,"Montclaire Elementary School","PM 2.5","Mecklenburg",35.1512830008885,-80.866983
"5663",2-11-20,16,"Montclaire Elementary School","PM 2.5","Mecklenburg",35.1512830008885,-80.866983
"5664",2-12-20,6,"Montclaire Elementary School","PM 2.5","Mecklenburg",35.1512830008885,-80.866983
"5665",NA,23,"Montclaire Elementary School","PM 2.5","Mecklenburg",35.1512830008885,-80.866983
"5666",NA,35,"Montclaire Elementary School","PM 2.5","Mecklenburg",35.1512830008885,-80.866983
"5667",NA,20,"Montclaire Elementary School","PM 2.5","Mecklenburg",35.1512830008885,-80.866983
"5668",NA,23,"Montclaire Elementary School","PM 2.5","Mecklenburg",35.1512830008885,-80.866983
"5669",NA,15,"Montclaire Elementary School","PM 2.5","Mecklenburg",35.1512830008885,-80.866983
"5670",NA,24,"Montclaire Elementary School","PM 2.5","Mecklenburg",35.1512830008885,-80.866983
"5671",NA,33,"Montclaire Elementary School","PM 2.5","Mecklenburg",35.1512830008885,-80.866983
"5672",NA,33,"Montclaire Elementary School","PM 2.5","Mecklenburg",35.1512830008885,-80.866983
"5673",NA,23,"Montclaire Elementary School","PM 2.5","Mecklenburg",35.1512830008885,-80.866983
"5674",NA,33,"Montclaire Elementary School","PM 2.5","Mecklenburg",35.1512830008885,-80.866983
"5675",NA,42,"Montclaire Elementary School","PM 2.5","Mecklenburg",35.1512830008885,-80.866983
"5676",NA,49,"Montclaire Elementary School","PM 2.5","Mecklenburg",35.1512830008885,-80.866983
"5677",NA,29,"Montclaire Elementary School","PM 2.5","Mecklenburg",35.1512830008885,-80.866983
"5678",NA,9,"Montclaire Elementary School","PM 2.5","Mecklenburg",35.1512830008885,-80.866983
"5679",NA,19,"Montclaire Elementary School","PM 2.5","Mecklenburg",35.1512830008885,-80.866983
"5680",NA,44,"Montclaire Elementary School","PM 2.5","Mecklenburg",35.1512830008885,-80.866983
"5681",3-01-20,28,"Montclaire Elementary School","PM 2.5","Mecklenburg",35.1512830008885,-80.866983
"5682",3-02-20,4,"Montclaire Elementary School","PM 2.5","Mecklenburg",35.1512830008885,-80.866983
"5683",3-03-20,11,"Montclaire Elementary School","PM 2.5","Mecklenburg",35.1512830008885,-80.866983
"5684",3-04-20,22,"Montclaire Elementary School","PM 2.5","Mecklenburg",35.1512830008885,-80.866983
"5685",3-05-20,30,"Montclaire Elementary School","PM 2.5","Mecklenburg",35.1512830008885,-80.866983
"5686",3-06-20,59,"Montclaire Elementary School","PM 2.5","Mecklenburg",35.1512830008885,-80.866983
"5687",3-07-20,32,"Montclaire Elementary School","PM 2.5","Mecklenburg",35.1512830008885,-80.866983
"5688",3-08-20,23,"Montclaire Elementary School","PM 2.5","Mecklenburg",35.1512830008885,-80.866983
"5689",3-09-20,30,"Montclaire Elementary School","PM 2.5","Mecklenburg",35.1512830008885,-80.866983
"5690",3-10-20,77,"Montclaire Elementary School","PM 2.5","Mecklenburg",35.1512830008885,-80.866983
"5691",3-11-20,75,"Montclaire Elementary School","PM 2.5","Mecklenburg",35.1512830008885,-80.866983
"5692",3-12-20,22,"Montclaire Elementary School","PM 2.5","Mecklenburg",35.1512830008885,-80.866983
"5693",NA,30,"Montclaire Elementary School","PM 2.5","Mecklenburg",35.1512830008885,-80.866983
"5694",NA,17,"Montclaire Elementary School","PM 2.5","Mecklenburg",35.1512830008885,-80.866983
"5695",NA,32,"Montclaire Elementary School","PM 2.5","Mecklenburg",35.1512830008885,-80.866983
"5696",NA,57,"Montclaire Elementary School","PM 2.5","Mecklenburg",35.1512830008885,-80.866983
"5697",NA,52,"Montclaire Elementary School","PM 2.5","Mecklenburg",35.1512830008885,-80.866983
"5698",NA,26,"Montclaire Elementary School","PM 2.5","Mecklenburg",35.1512830008885,-80.866983
"5699",NA,36,"Montclaire Elementary School","PM 2.5","Mecklenburg",35.1512830008885,-80.866983
"5700",NA,22,"Montclaire Elementary School","PM 2.5","Mecklenburg",35.1512830008885,-80.866983
"5701",NA,9,"Montclaire Elementary School","PM 2.5","Mecklenburg",35.1512830008885,-80.866983
"5702",NA,17,"Montclaire Elementary School","PM 2.5","Mecklenburg",35.1512830008885,-80.866983
"5703",NA,30,"Montclaire Elementary School","PM 2.5","Mecklenburg",35.1512830008885,-80.866983
"5704",NA,37,"Montclaire Elementary School","PM 2.5","Mecklenburg",35.1512830008885,-80.866983
"5705",NA,20,"Montclaire Elementary School","PM 2.5","Mecklenburg",35.1512830008885,-80.866983
"5706",NA,18,"Montclaire Elementary School","PM 2.5","Mecklenburg",35.1512830008885,-80.866983
"5707",NA,36,"Montclaire Elementary School","PM 2.5","Mecklenburg",35.1512830008885,-80.866983
"5708",NA,48,"Montclaire Elementary School","PM 2.5","Mecklenburg",35.1512830008885,-80.866983
"5709",NA,40,"Montclaire Elementary School","PM 2.5","Mecklenburg",35.1512830008885,-80.866983
"5710",NA,14,"Montclaire Elementary School","PM 2.5","Mecklenburg",35.1512830008885,-80.866983
"5711",NA,14,"Montclaire Elementary School","PM 2.5","Mecklenburg",35.1512830008885,-80.866983
"5712",4-01-20,24,"Montclaire Elementary School","PM 2.5","Mecklenburg",35.1512830008885,-80.866983
"5713",4-02-20,38,"Montclaire Elementary School","PM 2.5","Mecklenburg",35.1512830008885,-80.866983
"5714",4-03-20,54,"Montclaire Elementary School","PM 2.5","Mecklenburg",35.1512830008885,-80.866983
"5715",1-02-20,38,"Remount","PM 2.5","Mecklenburg",35.213171,-80.874084
"5716",1-05-20,32,"Remount","PM 2.5","Mecklenburg",35.213171,-80.874084
"5717",1-08-20,54,"Remount","PM 2.5","Mecklenburg",35.213171,-80.874084
"5718",1-11-20,40,"Remount","PM 2.5","Mecklenburg",35.213171,-80.874084
"5719",NA,28,"Remount","PM 2.5","Mecklenburg",35.213171,-80.874084
"5720",NA,44,"Remount","PM 2.5","Mecklenburg",35.213171,-80.874084
"5721",NA,38,"Remount","PM 2.5","Mecklenburg",35.213171,-80.874084
"5722",NA,17,"Remount","PM 2.5","Mecklenburg",35.213171,-80.874084
"5723",NA,55,"Remount","PM 2.5","Mecklenburg",35.213171,-80.874084
"5724",NA,14,"Remount","PM 2.5","Mecklenburg",35.213171,-80.874084
"5725",2-01-20,44,"Remount","PM 2.5","Mecklenburg",35.213171,-80.874084
"5726",2-04-20,29,"Remount","PM 2.5","Mecklenburg",35.213171,-80.874084
"5727",2-07-20,29,"Remount","PM 2.5","Mecklenburg",35.213171,-80.874084
"5728",2-10-20,54,"Remount","PM 2.5","Mecklenburg",35.213171,-80.874084
"5729",NA,26,"Remount","PM 2.5","Mecklenburg",35.213171,-80.874084
"5730",NA,23,"Remount","PM 2.5","Mecklenburg",35.213171,-80.874084
"5731",NA,40,"Remount","PM 2.5","Mecklenburg",35.213171,-80.874084
"5732",NA,36,"Remount","PM 2.5","Mecklenburg",35.213171,-80.874084
"5733",NA,30,"Remount","PM 2.5","Mecklenburg",35.213171,-80.874084
"5734",NA,44,"Remount","PM 2.5","Mecklenburg",35.213171,-80.874084
"5735",3-03-20,10,"Remount","PM 2.5","Mecklenburg",35.213171,-80.874084
"5736",3-06-20,62,"Remount","PM 2.5","Mecklenburg",35.213171,-80.874084
"5737",3-09-20,28,"Remount","PM 2.5","Mecklenburg",35.213171,-80.874084
"5738",3-12-20,18,"Remount","PM 2.5","Mecklenburg",35.213171,-80.874084
"5739",NA,33,"Remount","PM 2.5","Mecklenburg",35.213171,-80.874084
"5740",NA,30,"Remount","PM 2.5","Mecklenburg",35.213171,-80.874084
"5741",NA,11,"Remount","PM 2.5","Mecklenburg",35.213171,-80.874084
"5742",NA,39,"Remount","PM 2.5","Mecklenburg",35.213171,-80.874084
"5743",NA,38,"Remount","PM 2.5","Mecklenburg",35.213171,-80.874084
"5744",NA,16,"Remount","PM 2.5","Mecklenburg",35.213171,-80.874084
"5745",4-02-20,40,"Remount","PM 2.5","Mecklenburg",35.213171,-80.874084
"5746",4-05-20,24,"Remount","PM 2.5","Mecklenburg",35.213171,-80.874084
"5747",4-08-20,21,"Remount","PM 2.5","Mecklenburg",35.213171,-80.874084
"5748",NA,28,"Remount","PM 2.5","Mecklenburg",35.213171,-80.874084
"5749",5-02-20,43,"Remount","PM 2.5","Mecklenburg",35.213171,-80.874084
"5750",NA,56,"Remount","PM 2.5","Mecklenburg",35.213171,-80.874084
"5751",NA,28,"Remount","PM 2.5","Mecklenburg",35.213171,-80.874084
"5752",6-07-20,55,"Remount","PM 2.5","Mecklenburg",35.213171,-80.874084
"5753",NA,48,"Remount","PM 2.5","Mecklenburg",35.213171,-80.874084
"5754",NA,35,"Remount","PM 2.5","Mecklenburg",35.213171,-80.874084
"5755",7-01-20,25,"Remount","PM 2.5","Mecklenburg",35.213171,-80.874084
"5756",NA,53,"Remount","PM 2.5","Mecklenburg",35.213171,-80.874084
"5757",NA,36,"Remount","PM 2.5","Mecklenburg",35.213171,-80.874084
"5758",8-06-20,33,"Remount","PM 2.5","Mecklenburg",35.213171,-80.874084
"5759",NA,22,"Remount","PM 2.5","Mecklenburg",35.213171,-80.874084
"5760",NA,39,"Remount","PM 2.5","Mecklenburg",35.213171,-80.874084
"5761",9-11-20,30,"Remount","PM 2.5","Mecklenburg",35.213171,-80.874084
"5762",NA,55,"Remount","PM 2.5","Mecklenburg",35.213171,-80.874084
"5763",10-05-20,54,"Remount","PM 2.5","Mecklenburg",35.213171,-80.874084
"5764",NA,20,"Remount","PM 2.5","Mecklenburg",35.213171,-80.874084
"5765",NA,28,"Remount","PM 2.5","Mecklenburg",35.213171,-80.874084
"5766",11-10-20,20,"Remount","PM 2.5","Mecklenburg",35.213171,-80.874084
"5767",NA,54,"Remount","PM 2.5","Mecklenburg",35.213171,-80.874084
"5768",12-04-20,17,"Remount","PM 2.5","Mecklenburg",35.213171,-80.874084
"5769",NA,18,"Remount","PM 2.5","Mecklenburg",35.213171,-80.874084
"5770",NA,24,"Remount","PM 2.5","Mecklenburg",35.213171,-80.874084
"5771",4-01-20,33,"Remount","PM 2.5","Mecklenburg",35.213171,-80.874084
"5772",4-02-20,42,"Remount","PM 2.5","Mecklenburg",35.213171,-80.874084
"5773",4-10-20,42,"Remount","PM 2.5","Mecklenburg",35.213171,-80.874084
"5774",4-11-20,51,"Remount","PM 2.5","Mecklenburg",35.213171,-80.874084
"5775",4-12-20,55,"Remount","PM 2.5","Mecklenburg",35.213171,-80.874084
"5776",NA,51,"Remount","PM 2.5","Mecklenburg",35.213171,-80.874084
"5777",NA,39,"Remount","PM 2.5","Mecklenburg",35.213171,-80.874084
"5778",NA,32,"Remount","PM 2.5","Mecklenburg",35.213171,-80.874084
"5779",NA,8,"Remount","PM 2.5","Mecklenburg",35.213171,-80.874084
"5780",NA,24,"Remount","PM 2.5","Mecklenburg",35.213171,-80.874084
"5781",NA,37,"Remount","PM 2.5","Mecklenburg",35.213171,-80.874084
"5782",NA,29,"Remount","PM 2.5","Mecklenburg",35.213171,-80.874084
"5783",NA,35,"Remount","PM 2.5","Mecklenburg",35.213171,-80.874084
"5784",NA,47,"Remount","PM 2.5","Mecklenburg",35.213171,-80.874084
"5785",NA,34,"Remount","PM 2.5","Mecklenburg",35.213171,-80.874084
"5786",NA,24,"Remount","PM 2.5","Mecklenburg",35.213171,-80.874084
"5787",NA,20,"Remount","PM 2.5","Mecklenburg",35.213171,-80.874084
"5788",NA,18,"Remount","PM 2.5","Mecklenburg",35.213171,-80.874084
"5789",NA,23,"Remount","PM 2.5","Mecklenburg",35.213171,-80.874084
"5790",NA,28,"Remount","PM 2.5","Mecklenburg",35.213171,-80.874084
"5791",NA,39,"Remount","PM 2.5","Mecklenburg",35.213171,-80.874084
"5792",NA,22,"Remount","PM 2.5","Mecklenburg",35.213171,-80.874084
"5793",NA,32,"Remount","PM 2.5","Mecklenburg",35.213171,-80.874084
"5794",5-01-20,37,"Remount","PM 2.5","Mecklenburg",35.213171,-80.874084
"5795",5-02-20,45,"Remount","PM 2.5","Mecklenburg",35.213171,-80.874084
"5796",5-03-20,40,"Remount","PM 2.5","Mecklenburg",35.213171,-80.874084
"5797",5-04-20,47,"Remount","PM 2.5","Mecklenburg",35.213171,-80.874084
"5798",5-05-20,49,"Remount","PM 2.5","Mecklenburg",35.213171,-80.874084
"5799",5-06-20,27,"Remount","PM 2.5","Mecklenburg",35.213171,-80.874084
"5800",5-07-20,32,"Remount","PM 2.5","Mecklenburg",35.213171,-80.874084
"5801",5-08-20,33,"Remount","PM 2.5","Mecklenburg",35.213171,-80.874084
"5802",5-09-20,48,"Remount","PM 2.5","Mecklenburg",35.213171,-80.874084
"5803",5-10-20,51,"Remount","PM 2.5","Mecklenburg",35.213171,-80.874084
"5804",5-11-20,50,"Remount","PM 2.5","Mecklenburg",35.213171,-80.874084
"5805",5-12-20,55,"Remount","PM 2.5","Mecklenburg",35.213171,-80.874084
"5806",NA,62,"Remount","PM 2.5","Mecklenburg",35.213171,-80.874084
"5807",NA,59,"Remount","PM 2.5","Mecklenburg",35.213171,-80.874084
"5808",NA,28,"Remount","PM 2.5","Mecklenburg",35.213171,-80.874084
"5809",NA,44,"Remount","PM 2.5","Mecklenburg",35.213171,-80.874084
"5810",NA,32,"Remount","PM 2.5","Mecklenburg",35.213171,-80.874084
"5811",NA,33,"Remount","PM 2.5","Mecklenburg",35.213171,-80.874084
"5812",NA,25,"Remount","PM 2.5","Mecklenburg",35.213171,-80.874084
"5813",NA,33,"Remount","PM 2.5","Mecklenburg",35.213171,-80.874084
"5814",NA,26,"Remount","PM 2.5","Mecklenburg",35.213171,-80.874084
"5815",NA,32,"Remount","PM 2.5","Mecklenburg",35.213171,-80.874084
"5816",NA,19,"Remount","PM 2.5","Mecklenburg",35.213171,-80.874084
"5817",NA,39,"Remount","PM 2.5","Mecklenburg",35.213171,-80.874084
"5818",NA,24,"Remount","PM 2.5","Mecklenburg",35.213171,-80.874084
"5819",NA,27,"Remount","PM 2.5","Mecklenburg",35.213171,-80.874084
"5820",NA,23,"Remount","PM 2.5","Mecklenburg",35.213171,-80.874084
"5821",NA,13,"Remount","PM 2.5","Mecklenburg",35.213171,-80.874084
"5822",NA,25,"Remount","PM 2.5","Mecklenburg",35.213171,-80.874084
"5823",NA,32,"Remount","PM 2.5","Mecklenburg",35.213171,-80.874084
"5824",NA,28,"Remount","PM 2.5","Mecklenburg",35.213171,-80.874084
"5825",6-01-20,24,"Remount","PM 2.5","Mecklenburg",35.213171,-80.874084
"5826",6-02-20,31,"Remount","PM 2.5","Mecklenburg",35.213171,-80.874084
"5827",6-03-20,32,"Remount","PM 2.5","Mecklenburg",35.213171,-80.874084
"5828",6-04-20,25,"Remount","PM 2.5","Mecklenburg",35.213171,-80.874084
"5829",6-05-20,36,"Remount","PM 2.5","Mecklenburg",35.213171,-80.874084
"5830",6-06-20,35,"Remount","PM 2.5","Mecklenburg",35.213171,-80.874084
"5831",6-07-20,56,"Remount","PM 2.5","Mecklenburg",35.213171,-80.874084
"5832",6-08-20,59,"Remount","PM 2.5","Mecklenburg",35.213171,-80.874084
"5833",6-09-20,50,"Remount","PM 2.5","Mecklenburg",35.213171,-80.874084
"5834",6-10-20,48,"Remount","PM 2.5","Mecklenburg",35.213171,-80.874084
"5835",6-11-20,53,"Remount","PM 2.5","Mecklenburg",35.213171,-80.874084
"5836",6-12-20,30,"Remount","PM 2.5","Mecklenburg",35.213171,-80.874084
"5837",NA,41,"Remount","PM 2.5","Mecklenburg",35.213171,-80.874084
"5838",NA,39,"Remount","PM 2.5","Mecklenburg",35.213171,-80.874084
"5839",NA,39,"Remount","PM 2.5","Mecklenburg",35.213171,-80.874084
"5840",NA,55,"Remount","PM 2.5","Mecklenburg",35.213171,-80.874084
"5841",NA,47,"Remount","PM 2.5","Mecklenburg",35.213171,-80.874084
"5842",NA,49,"Remount","PM 2.5","Mecklenburg",35.213171,-80.874084
"5843",NA,51,"Remount","PM 2.5","Mecklenburg",35.213171,-80.874084
"5844",NA,56,"Remount","PM 2.5","Mecklenburg",35.213171,-80.874084
"5845",NA,53,"Remount","PM 2.5","Mecklenburg",35.213171,-80.874084
"5846",NA,38,"Remount","PM 2.5","Mecklenburg",35.213171,-80.874084
"5847",NA,27,"Remount","PM 2.5","Mecklenburg",35.213171,-80.874084
"5848",NA,35,"Remount","PM 2.5","Mecklenburg",35.213171,-80.874084
"5849",NA,33,"Remount","PM 2.5","Mecklenburg",35.213171,-80.874084
"5850",NA,33,"Remount","PM 2.5","Mecklenburg",35.213171,-80.874084
"5851",NA,34,"Remount","PM 2.5","Mecklenburg",35.213171,-80.874084
"5852",NA,35,"Remount","PM 2.5","Mecklenburg",35.213171,-80.874084
"5853",NA,40,"Remount","PM 2.5","Mecklenburg",35.213171,-80.874084
"5854",NA,49,"Remount","PM 2.5","Mecklenburg",35.213171,-80.874084
"5855",7-01-20,24,"Remount","PM 2.5","Mecklenburg",35.213171,-80.874084
"5856",7-02-20,32,"Remount","PM 2.5","Mecklenburg",35.213171,-80.874084
"5857",7-03-20,52,"Remount","PM 2.5","Mecklenburg",35.213171,-80.874084
"5858",7-04-20,41,"Remount","PM 2.5","Mecklenburg",35.213171,-80.874084
"5859",7-05-20,28,"Remount","PM 2.5","Mecklenburg",35.213171,-80.874084
"5860",7-06-20,28,"Remount","PM 2.5","Mecklenburg",35.213171,-80.874084
"5861",7-07-20,35,"Remount","PM 2.5","Mecklenburg",35.213171,-80.874084
"5862",7-08-20,24,"Remount","PM 2.5","Mecklenburg",35.213171,-80.874084
"5863",7-09-20,27,"Remount","PM 2.5","Mecklenburg",35.213171,-80.874084
"5864",7-10-20,48,"Remount","PM 2.5","Mecklenburg",35.213171,-80.874084
"5865",7-11-20,57,"Remount","PM 2.5","Mecklenburg",35.213171,-80.874084
"5866",7-12-20,58,"Remount","PM 2.5","Mecklenburg",35.213171,-80.874084
"5867",NA,54,"Remount","PM 2.5","Mecklenburg",35.213171,-80.874084
"5868",NA,57,"Remount","PM 2.5","Mecklenburg",35.213171,-80.874084
"5869",NA,52,"Remount","PM 2.5","Mecklenburg",35.213171,-80.874084
"5870",NA,51,"Remount","PM 2.5","Mecklenburg",35.213171,-80.874084
"5871",NA,32,"Remount","PM 2.5","Mecklenburg",35.213171,-80.874084
"5872",NA,38,"Remount","PM 2.5","Mecklenburg",35.213171,-80.874084
"5873",NA,48,"Remount","PM 2.5","Mecklenburg",35.213171,-80.874084
"5874",NA,40,"Remount","PM 2.5","Mecklenburg",35.213171,-80.874084
"5875",NA,30,"Remount","PM 2.5","Mecklenburg",35.213171,-80.874084
"5876",NA,22,"Remount","PM 2.5","Mecklenburg",35.213171,-80.874084
"5877",NA,35,"Remount","PM 2.5","Mecklenburg",35.213171,-80.874084
"5878",NA,30,"Remount","PM 2.5","Mecklenburg",35.213171,-80.874084
"5879",NA,37,"Remount","PM 2.5","Mecklenburg",35.213171,-80.874084
"5880",NA,28,"Remount","PM 2.5","Mecklenburg",35.213171,-80.874084
"5881",NA,43,"Remount","PM 2.5","Mecklenburg",35.213171,-80.874084
"5882",NA,49,"Remount","PM 2.5","Mecklenburg",35.213171,-80.874084
"5883",NA,38,"Remount","PM 2.5","Mecklenburg",35.213171,-80.874084
"5884",NA,32,"Remount","PM 2.5","Mecklenburg",35.213171,-80.874084
"5885",NA,38,"Remount","PM 2.5","Mecklenburg",35.213171,-80.874084
"5886",8-01-20,23,"Remount","PM 2.5","Mecklenburg",35.213171,-80.874084
"5887",8-02-20,21,"Remount","PM 2.5","Mecklenburg",35.213171,-80.874084
"5888",8-03-20,22,"Remount","PM 2.5","Mecklenburg",35.213171,-80.874084
"5889",8-04-20,25,"Remount","PM 2.5","Mecklenburg",35.213171,-80.874084
"5890",8-05-20,30,"Remount","PM 2.5","Mecklenburg",35.213171,-80.874084
"5891",8-06-20,39,"Remount","PM 2.5","Mecklenburg",35.213171,-80.874084
"5892",8-07-20,30,"Remount","PM 2.5","Mecklenburg",35.213171,-80.874084
"5893",8-08-20,28,"Remount","PM 2.5","Mecklenburg",35.213171,-80.874084
"5894",8-09-20,28,"Remount","PM 2.5","Mecklenburg",35.213171,-80.874084
"5895",8-10-20,45,"Remount","PM 2.5","Mecklenburg",35.213171,-80.874084
"5896",8-11-20,31,"Remount","PM 2.5","Mecklenburg",35.213171,-80.874084
"5897",8-12-20,25,"Remount","PM 2.5","Mecklenburg",35.213171,-80.874084
"5898",NA,38,"Remount","PM 2.5","Mecklenburg",35.213171,-80.874084
"5899",NA,53,"Remount","PM 2.5","Mecklenburg",35.213171,-80.874084
"5900",NA,58,"Remount","PM 2.5","Mecklenburg",35.213171,-80.874084
"5901",NA,61,"Remount","PM 2.5","Mecklenburg",35.213171,-80.874084
"5902",NA,30,"Remount","PM 2.5","Mecklenburg",35.213171,-80.874084
"5903",NA,20,"Remount","PM 2.5","Mecklenburg",35.213171,-80.874084
"5904",NA,35,"Remount","PM 2.5","Mecklenburg",35.213171,-80.874084
"5905",NA,39,"Remount","PM 2.5","Mecklenburg",35.213171,-80.874084
"5906",NA,31,"Remount","PM 2.5","Mecklenburg",35.213171,-80.874084
"5907",NA,31,"Remount","PM 2.5","Mecklenburg",35.213171,-80.874084
"5908",NA,52,"Remount","PM 2.5","Mecklenburg",35.213171,-80.874084
"5909",NA,38,"Remount","PM 2.5","Mecklenburg",35.213171,-80.874084
"5910",NA,54,"Remount","PM 2.5","Mecklenburg",35.213171,-80.874084
"5911",NA,55,"Remount","PM 2.5","Mecklenburg",35.213171,-80.874084
"5912",NA,62,"Remount","PM 2.5","Mecklenburg",35.213171,-80.874084
"5913",NA,58,"Remount","PM 2.5","Mecklenburg",35.213171,-80.874084
"5914",NA,48,"Remount","PM 2.5","Mecklenburg",35.213171,-80.874084
"5915",NA,35,"Remount","PM 2.5","Mecklenburg",35.213171,-80.874084
"5916",NA,39,"Remount","PM 2.5","Mecklenburg",35.213171,-80.874084
"5917",9-01-20,42,"Remount","PM 2.5","Mecklenburg",35.213171,-80.874084
"5918",9-02-20,34,"Remount","PM 2.5","Mecklenburg",35.213171,-80.874084
"5919",9-03-20,27,"Remount","PM 2.5","Mecklenburg",35.213171,-80.874084
"5920",9-04-20,38,"Remount","PM 2.5","Mecklenburg",35.213171,-80.874084
"5921",9-05-20,49,"Remount","PM 2.5","Mecklenburg",35.213171,-80.874084
"5922",9-06-20,37,"Remount","PM 2.5","Mecklenburg",35.213171,-80.874084
"5923",9-07-20,42,"Remount","PM 2.5","Mecklenburg",35.213171,-80.874084
"5924",9-08-20,35,"Remount","PM 2.5","Mecklenburg",35.213171,-80.874084
"5925",9-09-20,29,"Remount","PM 2.5","Mecklenburg",35.213171,-80.874084
"5926",9-10-20,44,"Remount","PM 2.5","Mecklenburg",35.213171,-80.874084
"5927",9-11-20,31,"Remount","PM 2.5","Mecklenburg",35.213171,-80.874084
"5928",NA,45,"Remount","PM 2.5","Mecklenburg",35.213171,-80.874084
"5929",NA,54,"Remount","PM 2.5","Mecklenburg",35.213171,-80.874084
"5930",NA,54,"Remount","PM 2.5","Mecklenburg",35.213171,-80.874084
"5931",NA,49,"Remount","PM 2.5","Mecklenburg",35.213171,-80.874084
"5932",NA,54,"Remount","PM 2.5","Mecklenburg",35.213171,-80.874084
"5933",NA,35,"Remount","PM 2.5","Mecklenburg",35.213171,-80.874084
"5934",NA,42,"Remount","PM 2.5","Mecklenburg",35.213171,-80.874084
"5935",NA,35,"Remount","PM 2.5","Mecklenburg",35.213171,-80.874084
"5936",NA,25,"Remount","PM 2.5","Mecklenburg",35.213171,-80.874084
"5937",NA,24,"Remount","PM 2.5","Mecklenburg",35.213171,-80.874084
"5938",NA,32,"Remount","PM 2.5","Mecklenburg",35.213171,-80.874084
"5939",NA,32,"Remount","PM 2.5","Mecklenburg",35.213171,-80.874084
"5940",10-01-20,40,"Remount","PM 2.5","Mecklenburg",35.213171,-80.874084
"5941",10-02-20,43,"Remount","PM 2.5","Mecklenburg",35.213171,-80.874084
"5942",10-03-20,42,"Remount","PM 2.5","Mecklenburg",35.213171,-80.874084
"5943",10-04-20,43,"Remount","PM 2.5","Mecklenburg",35.213171,-80.874084
"5944",10-05-20,55,"Remount","PM 2.5","Mecklenburg",35.213171,-80.874084
"5945",10-06-20,59,"Remount","PM 2.5","Mecklenburg",35.213171,-80.874084
"5946",10-07-20,56,"Remount","PM 2.5","Mecklenburg",35.213171,-80.874084
"5947",10-08-20,40,"Remount","PM 2.5","Mecklenburg",35.213171,-80.874084
"5948",10-09-20,30,"Remount","PM 2.5","Mecklenburg",35.213171,-80.874084
"5949",10-10-20,22,"Remount","PM 2.5","Mecklenburg",35.213171,-80.874084
"5950",10-11-20,9,"Remount","PM 2.5","Mecklenburg",35.213171,-80.874084
"5951",10-12-20,20,"Remount","PM 2.5","Mecklenburg",35.213171,-80.874084
"5952",NA,25,"Remount","PM 2.5","Mecklenburg",35.213171,-80.874084
"5953",NA,32,"Remount","PM 2.5","Mecklenburg",35.213171,-80.874084
"5954",NA,41,"Remount","PM 2.5","Mecklenburg",35.213171,-80.874084
"5955",NA,44,"Remount","PM 2.5","Mecklenburg",35.213171,-80.874084
"5956",NA,19,"Remount","PM 2.5","Mecklenburg",35.213171,-80.874084
"5957",NA,27,"Remount","PM 2.5","Mecklenburg",35.213171,-80.874084
"5958",NA,45,"Remount","PM 2.5","Mecklenburg",35.213171,-80.874084
"5959",NA,40,"Remount","PM 2.5","Mecklenburg",35.213171,-80.874084
"5960",NA,15,"Remount","PM 2.5","Mecklenburg",35.213171,-80.874084
"5961",NA,37,"Remount","PM 2.5","Mecklenburg",35.213171,-80.874084
"5962",NA,43,"Remount","PM 2.5","Mecklenburg",35.213171,-80.874084
"5963",NA,52,"Remount","PM 2.5","Mecklenburg",35.213171,-80.874084
"5964",NA,41,"Remount","PM 2.5","Mecklenburg",35.213171,-80.874084
"5965",NA,28,"Remount","PM 2.5","Mecklenburg",35.213171,-80.874084
"5966",NA,9,"Remount","PM 2.5","Mecklenburg",35.213171,-80.874084
"5967",NA,25,"Remount","PM 2.5","Mecklenburg",35.213171,-80.874084
"5968",NA,25,"Remount","PM 2.5","Mecklenburg",35.213171,-80.874084
"5969",NA,42,"Remount","PM 2.5","Mecklenburg",35.213171,-80.874084
"5970",NA,46,"Remount","PM 2.5","Mecklenburg",35.213171,-80.874084
"5971",11-01-20,38,"Remount","PM 2.5","Mecklenburg",35.213171,-80.874084
"5972",11-02-20,16,"Remount","PM 2.5","Mecklenburg",35.213171,-80.874084
"5973",11-03-20,28,"Remount","PM 2.5","Mecklenburg",35.213171,-80.874084
"5974",11-04-20,48,"Remount","PM 2.5","Mecklenburg",35.213171,-80.874084
"5975",11-05-20,33,"Remount","PM 2.5","Mecklenburg",35.213171,-80.874084
"5976",11-06-20,20,"Remount","PM 2.5","Mecklenburg",35.213171,-80.874084
"5977",11-07-20,35,"Remount","PM 2.5","Mecklenburg",35.213171,-80.874084
"5978",11-08-20,42,"Remount","PM 2.5","Mecklenburg",35.213171,-80.874084
"5979",11-09-20,35,"Remount","PM 2.5","Mecklenburg",35.213171,-80.874084
"5980",11-10-20,20,"Remount","PM 2.5","Mecklenburg",35.213171,-80.874084
"5981",11-11-20,38,"Remount","PM 2.5","Mecklenburg",35.213171,-80.874084
"5982",11-12-20,55,"Remount","PM 2.5","Mecklenburg",35.213171,-80.874084
"5983",NA,32,"Remount","PM 2.5","Mecklenburg",35.213171,-80.874084
"5984",NA,35,"Remount","PM 2.5","Mecklenburg",35.213171,-80.874084
"5985",NA,16,"Remount","PM 2.5","Mecklenburg",35.213171,-80.874084
"5986",NA,25,"Remount","PM 2.5","Mecklenburg",35.213171,-80.874084
"5987",NA,56,"Remount","PM 2.5","Mecklenburg",35.213171,-80.874084
"5988",NA,64,"Remount","PM 2.5","Mecklenburg",35.213171,-80.874084
"5989",NA,62,"Remount","PM 2.5","Mecklenburg",35.213171,-80.874084
"5990",NA,35,"Remount","PM 2.5","Mecklenburg",35.213171,-80.874084
"5991",NA,36,"Remount","PM 2.5","Mecklenburg",35.213171,-80.874084
"5992",NA,55,"Remount","PM 2.5","Mecklenburg",35.213171,-80.874084
"5993",NA,40,"Remount","PM 2.5","Mecklenburg",35.213171,-80.874084
"5994",NA,24,"Remount","PM 2.5","Mecklenburg",35.213171,-80.874084
"5995",NA,28,"Remount","PM 2.5","Mecklenburg",35.213171,-80.874084
"5996",NA,27,"Remount","PM 2.5","Mecklenburg",35.213171,-80.874084
"5997",NA,20,"Remount","PM 2.5","Mecklenburg",35.213171,-80.874084
"5998",NA,28,"Remount","PM 2.5","Mecklenburg",35.213171,-80.874084
"5999",NA,51,"Remount","PM 2.5","Mecklenburg",35.213171,-80.874084
"6000",NA,50,"Remount","PM 2.5","Mecklenburg",35.213171,-80.874084
"6001",12-01-20,52,"Remount","PM 2.5","Mecklenburg",35.213171,-80.874084
"6002",12-02-20,27,"Remount","PM 2.5","Mecklenburg",35.213171,-80.874084
"6003",12-03-20,31,"Remount","PM 2.5","Mecklenburg",35.213171,-80.874084
"6004",12-04-20,19,"Remount","PM 2.5","Mecklenburg",35.213171,-80.874084
"6005",12-05-20,19,"Remount","PM 2.5","Mecklenburg",35.213171,-80.874084
"6006",12-06-20,42,"Remount","PM 2.5","Mecklenburg",35.213171,-80.874084
"6007",12-07-20,54,"Remount","PM 2.5","Mecklenburg",35.213171,-80.874084
"6008",12-08-20,60,"Remount","PM 2.5","Mecklenburg",35.213171,-80.874084
"6009",12-09-20,25,"Remount","PM 2.5","Mecklenburg",35.213171,-80.874084
"6010",12-10-20,21,"Remount","PM 2.5","Mecklenburg",35.213171,-80.874084
"6011",12-11-20,49,"Remount","PM 2.5","Mecklenburg",35.213171,-80.874084
"6012",12-12-20,52,"Remount","PM 2.5","Mecklenburg",35.213171,-80.874084
"6013",NA,58,"Remount","PM 2.5","Mecklenburg",35.213171,-80.874084
"6014",NA,52,"Remount","PM 2.5","Mecklenburg",35.213171,-80.874084
"6015",NA,19,"Remount","PM 2.5","Mecklenburg",35.213171,-80.874084
"6016",NA,18,"Remount","PM 2.5","Mecklenburg",35.213171,-80.874084
"6017",NA,24,"Remount","PM 2.5","Mecklenburg",35.213171,-80.874084
"6018",NA,36,"Remount","PM 2.5","Mecklenburg",35.213171,-80.874084
"6019",NA,58,"Remount","PM 2.5","Mecklenburg",35.213171,-80.874084
"6020",NA,43,"Remount","PM 2.5","Mecklenburg",35.213171,-80.874084
"6021",NA,15,"Remount","PM 2.5","Mecklenburg",35.213171,-80.874084
"6022",NA,13,"Remount","PM 2.5","Mecklenburg",35.213171,-80.874084
"6023",NA,48,"Remount","PM 2.5","Mecklenburg",35.213171,-80.874084
"6024",NA,35,"Remount","PM 2.5","Mecklenburg",35.213171,-80.874084
"6025",NA,56,"Remount","PM 2.5","Mecklenburg",35.213171,-80.874084
"6026",NA,55,"Remount","PM 2.5","Mecklenburg",35.213171,-80.874084
"6027",NA,52,"Remount","PM 2.5","Mecklenburg",35.213171,-80.874084
"6028",NA,27,"Remount","PM 2.5","Mecklenburg",35.213171,-80.874084
"6029",NA,25,"Remount","PM 2.5","Mecklenburg",35.213171,-80.874084
"6030",NA,33,"Remount","PM 2.5","Mecklenburg",35.213171,-80.874084
"6031",NA,33,"Remount","PM 2.5","Mecklenburg",35.213171,-80.874084
"6032",1-01-20,13,"Remount","PM 2.5","Mecklenburg",35.213171,-80.874084
"6033",1-02-20,33,"Remount","PM 2.5","Mecklenburg",35.213171,-80.874084
"6034",1-03-20,56,"Remount","PM 2.5","Mecklenburg",35.213171,-80.874084
"6035",1-04-20,32,"Remount","PM 2.5","Mecklenburg",35.213171,-80.874084
"6036",1-05-20,25,"Remount","PM 2.5","Mecklenburg",35.213171,-80.874084
"6037",1-06-20,30,"Remount","PM 2.5","Mecklenburg",35.213171,-80.874084
"6038",1-07-20,36,"Remount","PM 2.5","Mecklenburg",35.213171,-80.874084
"6039",1-08-20,53,"Remount","PM 2.5","Mecklenburg",35.213171,-80.874084
"6040",1-09-20,61,"Remount","PM 2.5","Mecklenburg",35.213171,-80.874084
"6041",1-10-20,53,"Remount","PM 2.5","Mecklenburg",35.213171,-80.874084
"6042",1-11-20,48,"Remount","PM 2.5","Mecklenburg",35.213171,-80.874084
"6043",1-12-20,28,"Remount","PM 2.5","Mecklenburg",35.213171,-80.874084
"6044",NA,10,"Remount","PM 2.5","Mecklenburg",35.213171,-80.874084
"6045",NA,26,"Remount","PM 2.5","Mecklenburg",35.213171,-80.874084
"6046",NA,38,"Remount","PM 2.5","Mecklenburg",35.213171,-80.874084
"6047",NA,63,"Remount","PM 2.5","Mecklenburg",35.213171,-80.874084
"6048",NA,41,"Remount","PM 2.5","Mecklenburg",35.213171,-80.874084
"6049",NA,28,"Remount","PM 2.5","Mecklenburg",35.213171,-80.874084
"6050",NA,52,"Remount","PM 2.5","Mecklenburg",35.213171,-80.874084
"6051",NA,38,"Remount","PM 2.5","Mecklenburg",35.213171,-80.874084
"6052",NA,54,"Remount","PM 2.5","Mecklenburg",35.213171,-80.874084
"6053",NA,64,"Remount","PM 2.5","Mecklenburg",35.213171,-80.874084
"6054",NA,15,"Remount","PM 2.5","Mecklenburg",35.213171,-80.874084
"6055",NA,21,"Remount","PM 2.5","Mecklenburg",35.213171,-80.874084
"6056",NA,31,"Remount","PM 2.5","Mecklenburg",35.213171,-80.874084
"6057",NA,58,"Remount","PM 2.5","Mecklenburg",35.213171,-80.874084
"6058",NA,59,"Remount","PM 2.5","Mecklenburg",35.213171,-80.874084
"6059",NA,50,"Remount","PM 2.5","Mecklenburg",35.213171,-80.874084
"6060",NA,15,"Remount","PM 2.5","Mecklenburg",35.213171,-80.874084
"6061",NA,19,"Remount","PM 2.5","Mecklenburg",35.213171,-80.874084
"6062",NA,30,"Remount","PM 2.5","Mecklenburg",35.213171,-80.874084
"6063",2-01-20,52,"Remount","PM 2.5","Mecklenburg",35.213171,-80.874084
"6064",2-02-20,17,"Remount","PM 2.5","Mecklenburg",35.213171,-80.874084
"6065",2-03-20,28,"Remount","PM 2.5","Mecklenburg",35.213171,-80.874084
"6066",2-04-20,32,"Remount","PM 2.5","Mecklenburg",35.213171,-80.874084
"6067",2-05-20,25,"Remount","PM 2.5","Mecklenburg",35.213171,-80.874084
"6068",2-06-20,45,"Remount","PM 2.5","Mecklenburg",35.213171,-80.874084
"6069",2-07-20,32,"Remount","PM 2.5","Mecklenburg",35.213171,-80.874084
"6070",2-08-20,29,"Remount","PM 2.5","Mecklenburg",35.213171,-80.874084
"6071",2-09-20,57,"Remount","PM 2.5","Mecklenburg",35.213171,-80.874084
"6072",2-10-20,56,"Remount","PM 2.5","Mecklenburg",35.213171,-80.874084
"6073",2-11-20,22,"Remount","PM 2.5","Mecklenburg",35.213171,-80.874084
"6074",2-12-20,15,"Remount","PM 2.5","Mecklenburg",35.213171,-80.874084
"6075",NA,33,"Remount","PM 2.5","Mecklenburg",35.213171,-80.874084
"6076",NA,38,"Remount","PM 2.5","Mecklenburg",35.213171,-80.874084
"6077",NA,24,"Remount","PM 2.5","Mecklenburg",35.213171,-80.874084
"6078",NA,20,"Remount","PM 2.5","Mecklenburg",35.213171,-80.874084
"6079",NA,19,"Remount","PM 2.5","Mecklenburg",35.213171,-80.874084
"6080",NA,26,"Remount","PM 2.5","Mecklenburg",35.213171,-80.874084
"6081",NA,45,"Remount","PM 2.5","Mecklenburg",35.213171,-80.874084
"6082",NA,44,"Remount","PM 2.5","Mecklenburg",35.213171,-80.874084
"6083",NA,28,"Remount","PM 2.5","Mecklenburg",35.213171,-80.874084
"6084",NA,40,"Remount","PM 2.5","Mecklenburg",35.213171,-80.874084
"6085",NA,47,"Remount","PM 2.5","Mecklenburg",35.213171,-80.874084
"6086",NA,52,"Remount","PM 2.5","Mecklenburg",35.213171,-80.874084
"6087",NA,35,"Remount","PM 2.5","Mecklenburg",35.213171,-80.874084
"6088",NA,14,"Remount","PM 2.5","Mecklenburg",35.213171,-80.874084
"6089",NA,34,"Remount","PM 2.5","Mecklenburg",35.213171,-80.874084
"6090",NA,52,"Remount","PM 2.5","Mecklenburg",35.213171,-80.874084
"6091",3-01-20,36,"Remount","PM 2.5","Mecklenburg",35.213171,-80.874084
"6092",3-02-20,6,"Remount","PM 2.5","Mecklenburg",35.213171,-80.874084
"6093",3-03-20,10,"Remount","PM 2.5","Mecklenburg",35.213171,-80.874084
"6094",3-04-20,24,"Remount","PM 2.5","Mecklenburg",35.213171,-80.874084
"6095",3-05-20,38,"Remount","PM 2.5","Mecklenburg",35.213171,-80.874084
"6096",3-06-20,63,"Remount","PM 2.5","Mecklenburg",35.213171,-80.874084
"6097",3-07-20,29,"Remount","PM 2.5","Mecklenburg",35.213171,-80.874084
"6098",3-08-20,24,"Remount","PM 2.5","Mecklenburg",35.213171,-80.874084
"6099",3-09-20,32,"Remount","PM 2.5","Mecklenburg",35.213171,-80.874084
"6100",3-10-20,75,"Remount","PM 2.5","Mecklenburg",35.213171,-80.874084
"6101",3-11-20,79,"Remount","PM 2.5","Mecklenburg",35.213171,-80.874084
"6102",3-12-20,27,"Remount","PM 2.5","Mecklenburg",35.213171,-80.874084
"6103",NA,32,"Remount","PM 2.5","Mecklenburg",35.213171,-80.874084
"6104",NA,22,"Remount","PM 2.5","Mecklenburg",35.213171,-80.874084
"6105",NA,44,"Remount","PM 2.5","Mecklenburg",35.213171,-80.874084
"6106",NA,56,"Remount","PM 2.5","Mecklenburg",35.213171,-80.874084
"6107",NA,55,"Remount","PM 2.5","Mecklenburg",35.213171,-80.874084
"6108",NA,35,"Remount","PM 2.5","Mecklenburg",35.213171,-80.874084
"6109",NA,45,"Remount","PM 2.5","Mecklenburg",35.213171,-80.874084
"6110",NA,28,"Remount","PM 2.5","Mecklenburg",35.213171,-80.874084
"6111",NA,16,"Remount","PM 2.5","Mecklenburg",35.213171,-80.874084
"6112",NA,26,"Remount","PM 2.5","Mecklenburg",35.213171,-80.874084
"6113",NA,35,"Remount","PM 2.5","Mecklenburg",35.213171,-80.874084
"6114",NA,47,"Remount","PM 2.5","Mecklenburg",35.213171,-80.874084
"6115",NA,30,"Remount","PM 2.5","Mecklenburg",35.213171,-80.874084
"6116",NA,30,"Remount","PM 2.5","Mecklenburg",35.213171,-80.874084
"6117",NA,48,"Remount","PM 2.5","Mecklenburg",35.213171,-80.874084
"6118",NA,48,"Remount","PM 2.5","Mecklenburg",35.213171,-80.874084
"6119",NA,58,"Remount","PM 2.5","Mecklenburg",35.213171,-80.874084
"6120",NA,14,"Remount","PM 2.5","Mecklenburg",35.213171,-80.874084
"6121",NA,16,"Remount","PM 2.5","Mecklenburg",35.213171,-80.874084
"6122",1-01-20,20,"Spruce Pine Hospital","PM 2.5","Mitchell",35.9124870008966,-82.062082
"6123",1-02-20,24,"Spruce Pine Hospital","PM 2.5","Mitchell",35.9124870008966,-82.062082
"6124",1-03-20,44,"Spruce Pine Hospital","PM 2.5","Mitchell",35.9124870008966,-82.062082
"6125",1-04-20,23,"Spruce Pine Hospital","PM 2.5","Mitchell",35.9124870008966,-82.062082
"6126",1-05-20,20,"Spruce Pine Hospital","PM 2.5","Mitchell",35.9124870008966,-82.062082
"6127",1-06-20,18,"Spruce Pine Hospital","PM 2.5","Mitchell",35.9124870008966,-82.062082
"6128",1-07-20,54,"Spruce Pine Hospital","PM 2.5","Mitchell",35.9124870008966,-82.062082
"6129",1-08-20,78,"Spruce Pine Hospital","PM 2.5","Mitchell",35.9124870008966,-82.062082
"6130",1-09-20,50,"Spruce Pine Hospital","PM 2.5","Mitchell",35.9124870008966,-82.062082
"6131",1-10-20,38,"Spruce Pine Hospital","PM 2.5","Mitchell",35.9124870008966,-82.062082
"6132",1-11-20,20,"Spruce Pine Hospital","PM 2.5","Mitchell",35.9124870008966,-82.062082
"6133",1-12-20,4,"Spruce Pine Hospital","PM 2.5","Mitchell",35.9124870008966,-82.062082
"6134",NA,0,"Spruce Pine Hospital","PM 2.5","Mitchell",35.9124870008966,-82.062082
"6135",NA,19,"Spruce Pine Hospital","PM 2.5","Mitchell",35.9124870008966,-82.062082
"6136",NA,48,"Spruce Pine Hospital","PM 2.5","Mitchell",35.9124870008966,-82.062082
"6137",NA,58,"Spruce Pine Hospital","PM 2.5","Mitchell",35.9124870008966,-82.062082
"6138",NA,21,"Spruce Pine Hospital","PM 2.5","Mitchell",35.9124870008966,-82.062082
"6139",NA,19,"Spruce Pine Hospital","PM 2.5","Mitchell",35.9124870008966,-82.062082
"6140",NA,13,"Spruce Pine Hospital","PM 2.5","Mitchell",35.9124870008966,-82.062082
"6141",NA,22,"Spruce Pine Hospital","PM 2.5","Mitchell",35.9124870008966,-82.062082
"6142",NA,25,"Spruce Pine Hospital","PM 2.5","Mitchell",35.9124870008966,-82.062082
"6143",NA,39,"Spruce Pine Hospital","PM 2.5","Mitchell",35.9124870008966,-82.062082
"6144",NA,13,"Spruce Pine Hospital","PM 2.5","Mitchell",35.9124870008966,-82.062082
"6145",NA,14,"Spruce Pine Hospital","PM 2.5","Mitchell",35.9124870008966,-82.062082
"6146",NA,18,"Spruce Pine Hospital","PM 2.5","Mitchell",35.9124870008966,-82.062082
"6147",NA,52,"Spruce Pine Hospital","PM 2.5","Mitchell",35.9124870008966,-82.062082
"6148",NA,35,"Spruce Pine Hospital","PM 2.5","Mitchell",35.9124870008966,-82.062082
"6149",NA,18,"Spruce Pine Hospital","PM 2.5","Mitchell",35.9124870008966,-82.062082
"6150",NA,9,"Spruce Pine Hospital","PM 2.5","Mitchell",35.9124870008966,-82.062082
"6151",NA,7,"Spruce Pine Hospital","PM 2.5","Mitchell",35.9124870008966,-82.062082
"6152",NA,29,"Spruce Pine Hospital","PM 2.5","Mitchell",35.9124870008966,-82.062082
"6153",2-01-20,60,"Spruce Pine Hospital","PM 2.5","Mitchell",35.9124870008966,-82.062082
"6154",2-02-20,2,"Spruce Pine Hospital","PM 2.5","Mitchell",35.9124870008966,-82.062082
"6155",2-03-20,20,"Spruce Pine Hospital","PM 2.5","Mitchell",35.9124870008966,-82.062082
"6156",2-04-20,15,"Spruce Pine Hospital","PM 2.5","Mitchell",35.9124870008966,-82.062082
"6157",2-05-20,8,"Spruce Pine Hospital","PM 2.5","Mitchell",35.9124870008966,-82.062082
"6158",2-06-20,35,"Spruce Pine Hospital","PM 2.5","Mitchell",35.9124870008966,-82.062082
"6159",2-07-20,23,"Spruce Pine Hospital","PM 2.5","Mitchell",35.9124870008966,-82.062082
"6160",2-08-20,8,"Spruce Pine Hospital","PM 2.5","Mitchell",35.9124870008966,-82.062082
"6161",2-09-20,35,"Spruce Pine Hospital","PM 2.5","Mitchell",35.9124870008966,-82.062082
"6162",2-10-20,21,"Spruce Pine Hospital","PM 2.5","Mitchell",35.9124870008966,-82.062082
"6163",2-11-20,7,"Spruce Pine Hospital","PM 2.5","Mitchell",35.9124870008966,-82.062082
"6164",2-12-20,5,"Spruce Pine Hospital","PM 2.5","Mitchell",35.9124870008966,-82.062082
"6165",NA,17,"Spruce Pine Hospital","PM 2.5","Mitchell",35.9124870008966,-82.062082
"6166",NA,37,"Spruce Pine Hospital","PM 2.5","Mitchell",35.9124870008966,-82.062082
"6167",NA,35,"Spruce Pine Hospital","PM 2.5","Mitchell",35.9124870008966,-82.062082
"6168",NA,22,"Spruce Pine Hospital","PM 2.5","Mitchell",35.9124870008966,-82.062082
"6169",NA,12,"Spruce Pine Hospital","PM 2.5","Mitchell",35.9124870008966,-82.062082
"6170",NA,0,"Spruce Pine Hospital","PM 2.5","Mitchell",35.9124870008966,-82.062082
"6171",NA,14,"Spruce Pine Hospital","PM 2.5","Mitchell",35.9124870008966,-82.062082
"6172",NA,23,"Spruce Pine Hospital","PM 2.5","Mitchell",35.9124870008966,-82.062082
"6173",NA,14,"Spruce Pine Hospital","PM 2.5","Mitchell",35.9124870008966,-82.062082
"6174",NA,41,"Spruce Pine Hospital","PM 2.5","Mitchell",35.9124870008966,-82.062082
"6175",NA,45,"Spruce Pine Hospital","PM 2.5","Mitchell",35.9124870008966,-82.062082
"6176",NA,40,"Spruce Pine Hospital","PM 2.5","Mitchell",35.9124870008966,-82.062082
"6177",NA,15,"Spruce Pine Hospital","PM 2.5","Mitchell",35.9124870008966,-82.062082
"6178",NA,10,"Spruce Pine Hospital","PM 2.5","Mitchell",35.9124870008966,-82.062082
"6179",NA,18,"Spruce Pine Hospital","PM 2.5","Mitchell",35.9124870008966,-82.062082
"6180",NA,33,"Spruce Pine Hospital","PM 2.5","Mitchell",35.9124870008966,-82.062082
"6181",3-01-20,53,"Spruce Pine Hospital","PM 2.5","Mitchell",35.9124870008966,-82.062082
"6182",3-02-20,9,"Spruce Pine Hospital","PM 2.5","Mitchell",35.9124870008966,-82.062082
"6183",3-03-20,9,"Spruce Pine Hospital","PM 2.5","Mitchell",35.9124870008966,-82.062082
"6184",3-04-20,19,"Spruce Pine Hospital","PM 2.5","Mitchell",35.9124870008966,-82.062082
"6185",3-05-20,43,"Spruce Pine Hospital","PM 2.5","Mitchell",35.9124870008966,-82.062082
"6186",3-06-20,51,"Spruce Pine Hospital","PM 2.5","Mitchell",35.9124870008966,-82.062082
"6187",3-07-20,18,"Spruce Pine Hospital","PM 2.5","Mitchell",35.9124870008966,-82.062082
"6188",3-08-20,21,"Spruce Pine Hospital","PM 2.5","Mitchell",35.9124870008966,-82.062082
"6189",3-09-20,21,"Spruce Pine Hospital","PM 2.5","Mitchell",35.9124870008966,-82.062082
"6190",3-10-20,49,"Spruce Pine Hospital","PM 2.5","Mitchell",35.9124870008966,-82.062082
"6191",3-11-20,60,"Spruce Pine Hospital","PM 2.5","Mitchell",35.9124870008966,-82.062082
"6192",3-12-20,12,"Spruce Pine Hospital","PM 2.5","Mitchell",35.9124870008966,-82.062082
"6193",NA,26,"Spruce Pine Hospital","PM 2.5","Mitchell",35.9124870008966,-82.062082
"6194",NA,6,"Spruce Pine Hospital","PM 2.5","Mitchell",35.9124870008966,-82.062082
"6195",NA,34,"Spruce Pine Hospital","PM 2.5","Mitchell",35.9124870008966,-82.062082
"6196",NA,40,"Spruce Pine Hospital","PM 2.5","Mitchell",35.9124870008966,-82.062082
"6197",NA,38,"Spruce Pine Hospital","PM 2.5","Mitchell",35.9124870008966,-82.062082
"6198",NA,25,"Spruce Pine Hospital","PM 2.5","Mitchell",35.9124870008966,-82.062082
"6199",NA,36,"Spruce Pine Hospital","PM 2.5","Mitchell",35.9124870008966,-82.062082
"6200",NA,13,"Spruce Pine Hospital","PM 2.5","Mitchell",35.9124870008966,-82.062082
"6201",NA,13,"Spruce Pine Hospital","PM 2.5","Mitchell",35.9124870008966,-82.062082
"6202",NA,16,"Spruce Pine Hospital","PM 2.5","Mitchell",35.9124870008966,-82.062082
"6203",NA,25,"Spruce Pine Hospital","PM 2.5","Mitchell",35.9124870008966,-82.062082
"6204",NA,39,"Spruce Pine Hospital","PM 2.5","Mitchell",35.9124870008966,-82.062082
"6205",NA,15,"Spruce Pine Hospital","PM 2.5","Mitchell",35.9124870008966,-82.062082
"6206",NA,13,"Spruce Pine Hospital","PM 2.5","Mitchell",35.9124870008966,-82.062082
"6207",NA,26,"Spruce Pine Hospital","PM 2.5","Mitchell",35.9124870008966,-82.062082
"6208",NA,48,"Spruce Pine Hospital","PM 2.5","Mitchell",35.9124870008966,-82.062082
"6209",NA,48,"Spruce Pine Hospital","PM 2.5","Mitchell",35.9124870008966,-82.062082
"6210",NA,3,"Spruce Pine Hospital","PM 2.5","Mitchell",35.9124870008966,-82.062082
"6211",NA,11,"Spruce Pine Hospital","PM 2.5","Mitchell",35.9124870008966,-82.062082
"6212",4-01-20,31,"Spruce Pine Hospital","PM 2.5","Mitchell",35.9124870008966,-82.062082
"6213",4-02-20,32,"Spruce Pine Hospital","PM 2.5","Mitchell",35.9124870008966,-82.062082
"6214",4-03-20,45,"Spruce Pine Hospital","PM 2.5","Mitchell",35.9124870008966,-82.062082
"6215",4-04-20,10,"Spruce Pine Hospital","PM 2.5","Mitchell",35.9124870008966,-82.062082
"6216",4-06-20,37,"Spruce Pine Hospital","PM 2.5","Mitchell",35.9124870008966,-82.062082
"6217",4-07-20,12,"Spruce Pine Hospital","PM 2.5","Mitchell",35.9124870008966,-82.062082
"6218",4-08-20,15,"Spruce Pine Hospital","PM 2.5","Mitchell",35.9124870008966,-82.062082
"6219",4-09-20,20,"Spruce Pine Hospital","PM 2.5","Mitchell",35.9124870008966,-82.062082
"6220",4-10-20,17,"Spruce Pine Hospital","PM 2.5","Mitchell",35.9124870008966,-82.062082
"6221",4-11-20,18,"Spruce Pine Hospital","PM 2.5","Mitchell",35.9124870008966,-82.062082
"6222",4-12-20,44,"Spruce Pine Hospital","PM 2.5","Mitchell",35.9124870008966,-82.062082
"6223",NA,63,"Spruce Pine Hospital","PM 2.5","Mitchell",35.9124870008966,-82.062082
"6224",NA,45,"Spruce Pine Hospital","PM 2.5","Mitchell",35.9124870008966,-82.062082
"6225",NA,11,"Spruce Pine Hospital","PM 2.5","Mitchell",35.9124870008966,-82.062082
"6226",NA,0,"Spruce Pine Hospital","PM 2.5","Mitchell",35.9124870008966,-82.062082
"6227",NA,18,"Spruce Pine Hospital","PM 2.5","Mitchell",35.9124870008966,-82.062082
"6228",NA,27,"Spruce Pine Hospital","PM 2.5","Mitchell",35.9124870008966,-82.062082
"6229",NA,19,"Spruce Pine Hospital","PM 2.5","Mitchell",35.9124870008966,-82.062082
"6230",NA,20,"Spruce Pine Hospital","PM 2.5","Mitchell",35.9124870008966,-82.062082
"6231",NA,22,"Spruce Pine Hospital","PM 2.5","Mitchell",35.9124870008966,-82.062082
"6232",NA,34,"Spruce Pine Hospital","PM 2.5","Mitchell",35.9124870008966,-82.062082
"6233",NA,11,"Spruce Pine Hospital","PM 2.5","Mitchell",35.9124870008966,-82.062082
"6234",NA,4,"Spruce Pine Hospital","PM 2.5","Mitchell",35.9124870008966,-82.062082
"6235",NA,2,"Spruce Pine Hospital","PM 2.5","Mitchell",35.9124870008966,-82.062082
"6236",NA,8,"Spruce Pine Hospital","PM 2.5","Mitchell",35.9124870008966,-82.062082
"6237",NA,9,"Spruce Pine Hospital","PM 2.5","Mitchell",35.9124870008966,-82.062082
"6238",NA,23,"Spruce Pine Hospital","PM 2.5","Mitchell",35.9124870008966,-82.062082
"6239",NA,13,"Spruce Pine Hospital","PM 2.5","Mitchell",35.9124870008966,-82.062082
"6240",NA,11,"Spruce Pine Hospital","PM 2.5","Mitchell",35.9124870008966,-82.062082
"6241",5-01-20,25,"Spruce Pine Hospital","PM 2.5","Mitchell",35.9124870008966,-82.062082
"6242",5-02-20,36,"Spruce Pine Hospital","PM 2.5","Mitchell",35.9124870008966,-82.062082
"6243",5-03-20,45,"Spruce Pine Hospital","PM 2.5","Mitchell",35.9124870008966,-82.062082
"6244",5-04-20,43,"Spruce Pine Hospital","PM 2.5","Mitchell",35.9124870008966,-82.062082
"6245",5-05-20,49,"Spruce Pine Hospital","PM 2.5","Mitchell",35.9124870008966,-82.062082
"6246",5-06-20,17,"Spruce Pine Hospital","PM 2.5","Mitchell",35.9124870008966,-82.062082
"6247",5-07-20,23,"Spruce Pine Hospital","PM 2.5","Mitchell",35.9124870008966,-82.062082
"6248",5-08-20,31,"Spruce Pine Hospital","PM 2.5","Mitchell",35.9124870008966,-82.062082
"6249",5-09-20,28,"Spruce Pine Hospital","PM 2.5","Mitchell",35.9124870008966,-82.062082
"6250",5-10-20,38,"Spruce Pine Hospital","PM 2.5","Mitchell",35.9124870008966,-82.062082
"6251",5-11-20,43,"Spruce Pine Hospital","PM 2.5","Mitchell",35.9124870008966,-82.062082
"6252",5-12-20,49,"Spruce Pine Hospital","PM 2.5","Mitchell",35.9124870008966,-82.062082
"6253",NA,48,"Spruce Pine Hospital","PM 2.5","Mitchell",35.9124870008966,-82.062082
"6254",NA,48,"Spruce Pine Hospital","PM 2.5","Mitchell",35.9124870008966,-82.062082
"6255",NA,43,"Spruce Pine Hospital","PM 2.5","Mitchell",35.9124870008966,-82.062082
"6256",NA,6,"Spruce Pine Hospital","PM 2.5","Mitchell",35.9124870008966,-82.062082
"6257",NA,16,"Spruce Pine Hospital","PM 2.5","Mitchell",35.9124870008966,-82.062082
"6258",NA,14,"Spruce Pine Hospital","PM 2.5","Mitchell",35.9124870008966,-82.062082
"6259",NA,23,"Spruce Pine Hospital","PM 2.5","Mitchell",35.9124870008966,-82.062082
"6260",NA,23,"Spruce Pine Hospital","PM 2.5","Mitchell",35.9124870008966,-82.062082
"6261",NA,27,"Spruce Pine Hospital","PM 2.5","Mitchell",35.9124870008966,-82.062082
"6262",NA,15,"Spruce Pine Hospital","PM 2.5","Mitchell",35.9124870008966,-82.062082
"6263",NA,21,"Spruce Pine Hospital","PM 2.5","Mitchell",35.9124870008966,-82.062082
"6264",NA,32,"Spruce Pine Hospital","PM 2.5","Mitchell",35.9124870008966,-82.062082
"6265",NA,26,"Spruce Pine Hospital","PM 2.5","Mitchell",35.9124870008966,-82.062082
"6266",NA,5,"Spruce Pine Hospital","PM 2.5","Mitchell",35.9124870008966,-82.062082
"6267",NA,17,"Spruce Pine Hospital","PM 2.5","Mitchell",35.9124870008966,-82.062082
"6268",NA,6,"Spruce Pine Hospital","PM 2.5","Mitchell",35.9124870008966,-82.062082
"6269",NA,4,"Spruce Pine Hospital","PM 2.5","Mitchell",35.9124870008966,-82.062082
"6270",NA,10,"Spruce Pine Hospital","PM 2.5","Mitchell",35.9124870008966,-82.062082
"6271",NA,20,"Spruce Pine Hospital","PM 2.5","Mitchell",35.9124870008966,-82.062082
"6272",6-01-20,0,"Spruce Pine Hospital","PM 2.5","Mitchell",35.9124870008966,-82.062082
"6273",6-02-20,0,"Spruce Pine Hospital","PM 2.5","Mitchell",35.9124870008966,-82.062082
"6274",6-03-20,3,"Spruce Pine Hospital","PM 2.5","Mitchell",35.9124870008966,-82.062082
"6275",6-06-20,30,"Spruce Pine Hospital","PM 2.5","Mitchell",35.9124870008966,-82.062082
"6276",6-07-20,38,"Spruce Pine Hospital","PM 2.5","Mitchell",35.9124870008966,-82.062082
"6277",6-08-20,52,"Spruce Pine Hospital","PM 2.5","Mitchell",35.9124870008966,-82.062082
"6278",6-09-20,45,"Spruce Pine Hospital","PM 2.5","Mitchell",35.9124870008966,-82.062082
"6279",6-10-20,41,"Spruce Pine Hospital","PM 2.5","Mitchell",35.9124870008966,-82.062082
"6280",6-11-20,29,"Spruce Pine Hospital","PM 2.5","Mitchell",35.9124870008966,-82.062082
"6281",6-12-20,11,"Spruce Pine Hospital","PM 2.5","Mitchell",35.9124870008966,-82.062082
"6282",NA,23,"Spruce Pine Hospital","PM 2.5","Mitchell",35.9124870008966,-82.062082
"6283",NA,26,"Spruce Pine Hospital","PM 2.5","Mitchell",35.9124870008966,-82.062082
"6284",NA,28,"Spruce Pine Hospital","PM 2.5","Mitchell",35.9124870008966,-82.062082
"6285",NA,40,"Spruce Pine Hospital","PM 2.5","Mitchell",35.9124870008966,-82.062082
"6286",NA,45,"Spruce Pine Hospital","PM 2.5","Mitchell",35.9124870008966,-82.062082
"6287",NA,36,"Spruce Pine Hospital","PM 2.5","Mitchell",35.9124870008966,-82.062082
"6288",NA,47,"Spruce Pine Hospital","PM 2.5","Mitchell",35.9124870008966,-82.062082
"6289",NA,56,"Spruce Pine Hospital","PM 2.5","Mitchell",35.9124870008966,-82.062082
"6290",NA,37,"Spruce Pine Hospital","PM 2.5","Mitchell",35.9124870008966,-82.062082
"6291",NA,20,"Spruce Pine Hospital","PM 2.5","Mitchell",35.9124870008966,-82.062082
"6292",NA,23,"Spruce Pine Hospital","PM 2.5","Mitchell",35.9124870008966,-82.062082
"6293",NA,25,"Spruce Pine Hospital","PM 2.5","Mitchell",35.9124870008966,-82.062082
"6294",NA,19,"Spruce Pine Hospital","PM 2.5","Mitchell",35.9124870008966,-82.062082
"6295",NA,16,"Spruce Pine Hospital","PM 2.5","Mitchell",35.9124870008966,-82.062082
"6296",NA,13,"Spruce Pine Hospital","PM 2.5","Mitchell",35.9124870008966,-82.062082
"6297",NA,22,"Spruce Pine Hospital","PM 2.5","Mitchell",35.9124870008966,-82.062082
"6298",NA,28,"Spruce Pine Hospital","PM 2.5","Mitchell",35.9124870008966,-82.062082
"6299",NA,38,"Spruce Pine Hospital","PM 2.5","Mitchell",35.9124870008966,-82.062082
"6300",7-01-20,27,"Spruce Pine Hospital","PM 2.5","Mitchell",35.9124870008966,-82.062082
"6301",7-02-20,15,"Spruce Pine Hospital","PM 2.5","Mitchell",35.9124870008966,-82.062082
"6302",7-03-20,23,"Spruce Pine Hospital","PM 2.5","Mitchell",35.9124870008966,-82.062082
"6303",7-04-20,45,"Spruce Pine Hospital","PM 2.5","Mitchell",35.9124870008966,-82.062082
"6304",7-05-20,29,"Spruce Pine Hospital","PM 2.5","Mitchell",35.9124870008966,-82.062082
"6305",7-06-20,21,"Spruce Pine Hospital","PM 2.5","Mitchell",35.9124870008966,-82.062082
"6306",7-07-20,22,"Spruce Pine Hospital","PM 2.5","Mitchell",35.9124870008966,-82.062082
"6307",7-08-20,23,"Spruce Pine Hospital","PM 2.5","Mitchell",35.9124870008966,-82.062082
"6308",7-09-20,22,"Spruce Pine Hospital","PM 2.5","Mitchell",35.9124870008966,-82.062082
"6309",7-10-20,34,"Spruce Pine Hospital","PM 2.5","Mitchell",35.9124870008966,-82.062082
"6310",7-11-20,38,"Spruce Pine Hospital","PM 2.5","Mitchell",35.9124870008966,-82.062082
"6311",7-12-20,42,"Spruce Pine Hospital","PM 2.5","Mitchell",35.9124870008966,-82.062082
"6312",NA,46,"Spruce Pine Hospital","PM 2.5","Mitchell",35.9124870008966,-82.062082
"6313",NA,56,"Spruce Pine Hospital","PM 2.5","Mitchell",35.9124870008966,-82.062082
"6314",NA,48,"Spruce Pine Hospital","PM 2.5","Mitchell",35.9124870008966,-82.062082
"6315",NA,28,"Spruce Pine Hospital","PM 2.5","Mitchell",35.9124870008966,-82.062082
"6316",NA,49,"Spruce Pine Hospital","PM 2.5","Mitchell",35.9124870008966,-82.062082
"6317",NA,20,"Spruce Pine Hospital","PM 2.5","Mitchell",35.9124870008966,-82.062082
"6318",NA,31,"Spruce Pine Hospital","PM 2.5","Mitchell",35.9124870008966,-82.062082
"6319",NA,35,"Spruce Pine Hospital","PM 2.5","Mitchell",35.9124870008966,-82.062082
"6320",NA,12,"Spruce Pine Hospital","PM 2.5","Mitchell",35.9124870008966,-82.062082
"6321",NA,15,"Spruce Pine Hospital","PM 2.5","Mitchell",35.9124870008966,-82.062082
"6322",NA,15,"Spruce Pine Hospital","PM 2.5","Mitchell",35.9124870008966,-82.062082
"6323",NA,15,"Spruce Pine Hospital","PM 2.5","Mitchell",35.9124870008966,-82.062082
"6324",NA,16,"Spruce Pine Hospital","PM 2.5","Mitchell",35.9124870008966,-82.062082
"6325",NA,22,"Spruce Pine Hospital","PM 2.5","Mitchell",35.9124870008966,-82.062082
"6326",NA,35,"Spruce Pine Hospital","PM 2.5","Mitchell",35.9124870008966,-82.062082
"6327",NA,30,"Spruce Pine Hospital","PM 2.5","Mitchell",35.9124870008966,-82.062082
"6328",NA,29,"Spruce Pine Hospital","PM 2.5","Mitchell",35.9124870008966,-82.062082
"6329",NA,31,"Spruce Pine Hospital","PM 2.5","Mitchell",35.9124870008966,-82.062082
"6330",NA,24,"Spruce Pine Hospital","PM 2.5","Mitchell",35.9124870008966,-82.062082
"6331",8-01-20,11,"Spruce Pine Hospital","PM 2.5","Mitchell",35.9124870008966,-82.062082
"6332",8-02-20,4,"Spruce Pine Hospital","PM 2.5","Mitchell",35.9124870008966,-82.062082
"6333",8-03-20,3,"Spruce Pine Hospital","PM 2.5","Mitchell",35.9124870008966,-82.062082
"6334",8-04-20,7,"Spruce Pine Hospital","PM 2.5","Mitchell",35.9124870008966,-82.062082
"6335",8-05-20,11,"Spruce Pine Hospital","PM 2.5","Mitchell",35.9124870008966,-82.062082
"6336",8-06-20,15,"Spruce Pine Hospital","PM 2.5","Mitchell",35.9124870008966,-82.062082
"6337",8-07-20,27,"Spruce Pine Hospital","PM 2.5","Mitchell",35.9124870008966,-82.062082
"6338",8-08-20,10,"Spruce Pine Hospital","PM 2.5","Mitchell",35.9124870008966,-82.062082
"6339",8-09-20,22,"Spruce Pine Hospital","PM 2.5","Mitchell",35.9124870008966,-82.062082
"6340",8-10-20,19,"Spruce Pine Hospital","PM 2.5","Mitchell",35.9124870008966,-82.062082
"6341",8-11-20,16,"Spruce Pine Hospital","PM 2.5","Mitchell",35.9124870008966,-82.062082
"6342",8-12-20,32,"Spruce Pine Hospital","PM 2.5","Mitchell",35.9124870008966,-82.062082
"6343",NA,39,"Spruce Pine Hospital","PM 2.5","Mitchell",35.9124870008966,-82.062082
"6344",NA,41,"Spruce Pine Hospital","PM 2.5","Mitchell",35.9124870008966,-82.062082
"6345",NA,43,"Spruce Pine Hospital","PM 2.5","Mitchell",35.9124870008966,-82.062082
"6346",NA,60,"Spruce Pine Hospital","PM 2.5","Mitchell",35.9124870008966,-82.062082
"6347",NA,49,"Spruce Pine Hospital","PM 2.5","Mitchell",35.9124870008966,-82.062082
"6348",NA,20,"Spruce Pine Hospital","PM 2.5","Mitchell",35.9124870008966,-82.062082
"6349",NA,14,"Spruce Pine Hospital","PM 2.5","Mitchell",35.9124870008966,-82.062082
"6350",NA,17,"Spruce Pine Hospital","PM 2.5","Mitchell",35.9124870008966,-82.062082
"6351",NA,15,"Spruce Pine Hospital","PM 2.5","Mitchell",35.9124870008966,-82.062082
"6352",NA,23,"Spruce Pine Hospital","PM 2.5","Mitchell",35.9124870008966,-82.062082
"6353",NA,43,"Spruce Pine Hospital","PM 2.5","Mitchell",35.9124870008966,-82.062082
"6354",NA,23,"Spruce Pine Hospital","PM 2.5","Mitchell",35.9124870008966,-82.062082
"6355",NA,32,"Spruce Pine Hospital","PM 2.5","Mitchell",35.9124870008966,-82.062082
"6356",NA,46,"Spruce Pine Hospital","PM 2.5","Mitchell",35.9124870008966,-82.062082
"6357",NA,40,"Spruce Pine Hospital","PM 2.5","Mitchell",35.9124870008966,-82.062082
"6358",NA,35,"Spruce Pine Hospital","PM 2.5","Mitchell",35.9124870008966,-82.062082
"6359",NA,33,"Spruce Pine Hospital","PM 2.5","Mitchell",35.9124870008966,-82.062082
"6360",NA,19,"Spruce Pine Hospital","PM 2.5","Mitchell",35.9124870008966,-82.062082
"6361",NA,9,"Spruce Pine Hospital","PM 2.5","Mitchell",35.9124870008966,-82.062082
"6362",9-01-20,19,"Spruce Pine Hospital","PM 2.5","Mitchell",35.9124870008966,-82.062082
"6363",9-02-20,21,"Spruce Pine Hospital","PM 2.5","Mitchell",35.9124870008966,-82.062082
"6364",9-03-20,17,"Spruce Pine Hospital","PM 2.5","Mitchell",35.9124870008966,-82.062082
"6365",9-04-20,19,"Spruce Pine Hospital","PM 2.5","Mitchell",35.9124870008966,-82.062082
"6366",9-05-20,32,"Spruce Pine Hospital","PM 2.5","Mitchell",35.9124870008966,-82.062082
"6367",9-06-20,31,"Spruce Pine Hospital","PM 2.5","Mitchell",35.9124870008966,-82.062082
"6368",9-07-20,24,"Spruce Pine Hospital","PM 2.5","Mitchell",35.9124870008966,-82.062082
"6369",9-08-20,32,"Spruce Pine Hospital","PM 2.5","Mitchell",35.9124870008966,-82.062082
"6370",9-09-20,28,"Spruce Pine Hospital","PM 2.5","Mitchell",35.9124870008966,-82.062082
"6371",9-10-20,14,"Spruce Pine Hospital","PM 2.5","Mitchell",35.9124870008966,-82.062082
"6372",9-11-20,24,"Spruce Pine Hospital","PM 2.5","Mitchell",35.9124870008966,-82.062082
"6373",NA,6,"Spruce Pine Hospital","PM 2.5","Mitchell",35.9124870008966,-82.062082
"6374",NA,5,"Spruce Pine Hospital","PM 2.5","Mitchell",35.9124870008966,-82.062082
"6375",NA,2,"Spruce Pine Hospital","PM 2.5","Mitchell",35.9124870008966,-82.062082
"6376",NA,0,"Spruce Pine Hospital","PM 2.5","Mitchell",35.9124870008966,-82.062082
"6377",NA,17,"Spruce Pine Hospital","PM 2.5","Mitchell",35.9124870008966,-82.062082
"6378",NA,30,"Spruce Pine Hospital","PM 2.5","Mitchell",35.9124870008966,-82.062082
"6379",NA,42,"Spruce Pine Hospital","PM 2.5","Mitchell",35.9124870008966,-82.062082
"6380",NA,49,"Spruce Pine Hospital","PM 2.5","Mitchell",35.9124870008966,-82.062082
"6381",NA,8,"Spruce Pine Hospital","PM 2.5","Mitchell",35.9124870008966,-82.062082
"6382",NA,11,"Spruce Pine Hospital","PM 2.5","Mitchell",35.9124870008966,-82.062082
"6383",NA,14,"Spruce Pine Hospital","PM 2.5","Mitchell",35.9124870008966,-82.062082
"6384",NA,6,"Spruce Pine Hospital","PM 2.5","Mitchell",35.9124870008966,-82.062082
"6385",NA,13,"Spruce Pine Hospital","PM 2.5","Mitchell",35.9124870008966,-82.062082
"6386",NA,19,"Spruce Pine Hospital","PM 2.5","Mitchell",35.9124870008966,-82.062082
"6387",10-01-20,29,"Spruce Pine Hospital","PM 2.5","Mitchell",35.9124870008966,-82.062082
"6388",10-02-20,25,"Spruce Pine Hospital","PM 2.5","Mitchell",35.9124870008966,-82.062082
"6389",10-03-20,20,"Spruce Pine Hospital","PM 2.5","Mitchell",35.9124870008966,-82.062082
"6390",10-04-20,19,"Spruce Pine Hospital","PM 2.5","Mitchell",35.9124870008966,-82.062082
"6391",10-05-20,27,"Spruce Pine Hospital","PM 2.5","Mitchell",35.9124870008966,-82.062082
"6392",10-06-20,37,"Spruce Pine Hospital","PM 2.5","Mitchell",35.9124870008966,-82.062082
"6393",10-07-20,35,"Spruce Pine Hospital","PM 2.5","Mitchell",35.9124870008966,-82.062082
"6394",10-08-20,27,"Spruce Pine Hospital","PM 2.5","Mitchell",35.9124870008966,-82.062082
"6395",10-11-20,5,"Spruce Pine Hospital","PM 2.5","Mitchell",35.9124870008966,-82.062082
"6396",10-12-20,12,"Spruce Pine Hospital","PM 2.5","Mitchell",35.9124870008966,-82.062082
"6397",NA,6,"Spruce Pine Hospital","PM 2.5","Mitchell",35.9124870008966,-82.062082
"6398",NA,13,"Spruce Pine Hospital","PM 2.5","Mitchell",35.9124870008966,-82.062082
"6399",NA,33,"Spruce Pine Hospital","PM 2.5","Mitchell",35.9124870008966,-82.062082
"6400",NA,8,"Spruce Pine Hospital","PM 2.5","Mitchell",35.9124870008966,-82.062082
"6401",NA,4,"Spruce Pine Hospital","PM 2.5","Mitchell",35.9124870008966,-82.062082
"6402",NA,12,"Spruce Pine Hospital","PM 2.5","Mitchell",35.9124870008966,-82.062082
"6403",NA,15,"Spruce Pine Hospital","PM 2.5","Mitchell",35.9124870008966,-82.062082
"6404",NA,9,"Spruce Pine Hospital","PM 2.5","Mitchell",35.9124870008966,-82.062082
"6405",NA,7,"Spruce Pine Hospital","PM 2.5","Mitchell",35.9124870008966,-82.062082
"6406",NA,11,"Spruce Pine Hospital","PM 2.5","Mitchell",35.9124870008966,-82.062082
"6407",NA,10,"Spruce Pine Hospital","PM 2.5","Mitchell",35.9124870008966,-82.062082
"6408",NA,16,"Spruce Pine Hospital","PM 2.5","Mitchell",35.9124870008966,-82.062082
"6409",NA,18,"Spruce Pine Hospital","PM 2.5","Mitchell",35.9124870008966,-82.062082
"6410",NA,10,"Spruce Pine Hospital","PM 2.5","Mitchell",35.9124870008966,-82.062082
"6411",NA,2,"Spruce Pine Hospital","PM 2.5","Mitchell",35.9124870008966,-82.062082
"6412",NA,20,"Spruce Pine Hospital","PM 2.5","Mitchell",35.9124870008966,-82.062082
"6413",NA,6,"Spruce Pine Hospital","PM 2.5","Mitchell",35.9124870008966,-82.062082
"6414",NA,15,"Spruce Pine Hospital","PM 2.5","Mitchell",35.9124870008966,-82.062082
"6415",NA,34,"Spruce Pine Hospital","PM 2.5","Mitchell",35.9124870008966,-82.062082
"6416",11-01-20,29,"Spruce Pine Hospital","PM 2.5","Mitchell",35.9124870008966,-82.062082
"6417",11-02-20,7,"Spruce Pine Hospital","PM 2.5","Mitchell",35.9124870008966,-82.062082
"6418",11-03-20,15,"Spruce Pine Hospital","PM 2.5","Mitchell",35.9124870008966,-82.062082
"6419",11-04-20,17,"Spruce Pine Hospital","PM 2.5","Mitchell",35.9124870008966,-82.062082
"6420",11-05-20,11,"Spruce Pine Hospital","PM 2.5","Mitchell",35.9124870008966,-82.062082
"6421",11-06-20,3,"Spruce Pine Hospital","PM 2.5","Mitchell",35.9124870008966,-82.062082
"6422",11-07-20,15,"Spruce Pine Hospital","PM 2.5","Mitchell",35.9124870008966,-82.062082
"6423",11-08-20,15,"Spruce Pine Hospital","PM 2.5","Mitchell",35.9124870008966,-82.062082
"6424",11-09-20,11,"Spruce Pine Hospital","PM 2.5","Mitchell",35.9124870008966,-82.062082
"6425",11-10-20,15,"Spruce Pine Hospital","PM 2.5","Mitchell",35.9124870008966,-82.062082
"6426",11-11-20,20,"Spruce Pine Hospital","PM 2.5","Mitchell",35.9124870008966,-82.062082
"6427",11-12-20,23,"Spruce Pine Hospital","PM 2.5","Mitchell",35.9124870008966,-82.062082
"6428",NA,1,"Spruce Pine Hospital","PM 2.5","Mitchell",35.9124870008966,-82.062082
"6429",NA,15,"Spruce Pine Hospital","PM 2.5","Mitchell",35.9124870008966,-82.062082
"6430",NA,4,"Spruce Pine Hospital","PM 2.5","Mitchell",35.9124870008966,-82.062082
"6431",NA,11,"Spruce Pine Hospital","PM 2.5","Mitchell",35.9124870008966,-82.062082
"6432",NA,24,"Spruce Pine Hospital","PM 2.5","Mitchell",35.9124870008966,-82.062082
"6433",NA,45,"Spruce Pine Hospital","PM 2.5","Mitchell",35.9124870008966,-82.062082
"6434",NA,46,"Spruce Pine Hospital","PM 2.5","Mitchell",35.9124870008966,-82.062082
"6435",NA,15,"Spruce Pine Hospital","PM 2.5","Mitchell",35.9124870008966,-82.062082
"6436",NA,15,"Spruce Pine Hospital","PM 2.5","Mitchell",35.9124870008966,-82.062082
"6437",NA,18,"Spruce Pine Hospital","PM 2.5","Mitchell",35.9124870008966,-82.062082
"6438",NA,52,"Spruce Pine Hospital","PM 2.5","Mitchell",35.9124870008966,-82.062082
"6439",NA,13,"Spruce Pine Hospital","PM 2.5","Mitchell",35.9124870008966,-82.062082
"6440",NA,16,"Spruce Pine Hospital","PM 2.5","Mitchell",35.9124870008966,-82.062082
"6441",NA,8,"Spruce Pine Hospital","PM 2.5","Mitchell",35.9124870008966,-82.062082
"6442",NA,10,"Spruce Pine Hospital","PM 2.5","Mitchell",35.9124870008966,-82.062082
"6443",NA,19,"Spruce Pine Hospital","PM 2.5","Mitchell",35.9124870008966,-82.062082
"6444",NA,16,"Spruce Pine Hospital","PM 2.5","Mitchell",35.9124870008966,-82.062082
"6445",NA,56,"Spruce Pine Hospital","PM 2.5","Mitchell",35.9124870008966,-82.062082
"6446",12-01-20,29,"Spruce Pine Hospital","PM 2.5","Mitchell",35.9124870008966,-82.062082
"6447",12-02-20,16,"Spruce Pine Hospital","PM 2.5","Mitchell",35.9124870008966,-82.062082
"6448",12-03-20,17,"Spruce Pine Hospital","PM 2.5","Mitchell",35.9124870008966,-82.062082
"6449",12-04-20,6,"Spruce Pine Hospital","PM 2.5","Mitchell",35.9124870008966,-82.062082
"6450",12-05-20,4,"Spruce Pine Hospital","PM 2.5","Mitchell",35.9124870008966,-82.062082
"6451",12-06-20,15,"Spruce Pine Hospital","PM 2.5","Mitchell",35.9124870008966,-82.062082
"6452",12-07-20,23,"Spruce Pine Hospital","PM 2.5","Mitchell",35.9124870008966,-82.062082
"6453",12-08-20,54,"Spruce Pine Hospital","PM 2.5","Mitchell",35.9124870008966,-82.062082
"6454",12-09-20,9,"Spruce Pine Hospital","PM 2.5","Mitchell",35.9124870008966,-82.062082
"6455",12-10-20,10,"Spruce Pine Hospital","PM 2.5","Mitchell",35.9124870008966,-82.062082
"6456",12-11-20,6,"Spruce Pine Hospital","PM 2.5","Mitchell",35.9124870008966,-82.062082
"6457",12-12-20,17,"Spruce Pine Hospital","PM 2.5","Mitchell",35.9124870008966,-82.062082
"6458",NA,44,"Spruce Pine Hospital","PM 2.5","Mitchell",35.9124870008966,-82.062082
"6459",NA,22,"Spruce Pine Hospital","PM 2.5","Mitchell",35.9124870008966,-82.062082
"6460",NA,13,"Spruce Pine Hospital","PM 2.5","Mitchell",35.9124870008966,-82.062082
"6461",NA,6,"Spruce Pine Hospital","PM 2.5","Mitchell",35.9124870008966,-82.062082
"6462",NA,3,"Spruce Pine Hospital","PM 2.5","Mitchell",35.9124870008966,-82.062082
"6463",NA,18,"Spruce Pine Hospital","PM 2.5","Mitchell",35.9124870008966,-82.062082
"6464",NA,40,"Spruce Pine Hospital","PM 2.5","Mitchell",35.9124870008966,-82.062082
"6465",NA,24,"Spruce Pine Hospital","PM 2.5","Mitchell",35.9124870008966,-82.062082
"6466",NA,5,"Spruce Pine Hospital","PM 2.5","Mitchell",35.9124870008966,-82.062082
"6467",NA,6,"Spruce Pine Hospital","PM 2.5","Mitchell",35.9124870008966,-82.062082
"6468",NA,15,"Spruce Pine Hospital","PM 2.5","Mitchell",35.9124870008966,-82.062082
"6469",NA,10,"Spruce Pine Hospital","PM 2.5","Mitchell",35.9124870008966,-82.062082
"6470",NA,26,"Spruce Pine Hospital","PM 2.5","Mitchell",35.9124870008966,-82.062082
"6471",NA,46,"Spruce Pine Hospital","PM 2.5","Mitchell",35.9124870008966,-82.062082
"6472",NA,31,"Spruce Pine Hospital","PM 2.5","Mitchell",35.9124870008966,-82.062082
"6473",NA,3,"Spruce Pine Hospital","PM 2.5","Mitchell",35.9124870008966,-82.062082
"6474",NA,7,"Spruce Pine Hospital","PM 2.5","Mitchell",35.9124870008966,-82.062082
"6475",NA,14,"Spruce Pine Hospital","PM 2.5","Mitchell",35.9124870008966,-82.062082
"6476",NA,10,"Spruce Pine Hospital","PM 2.5","Mitchell",35.9124870008966,-82.062082
"6477",1-01-20,27,"Candor: EPA CASTNet Site","PM 2.5","Montgomery",35.2631650008898,-79.836636
"6478",1-02-20,30,"Candor: EPA CASTNet Site","PM 2.5","Montgomery",35.2631650008898,-79.836636
"6479",1-03-20,34,"Candor: EPA CASTNet Site","PM 2.5","Montgomery",35.2631650008898,-79.836636
"6480",1-04-20,37,"Candor: EPA CASTNet Site","PM 2.5","Montgomery",35.2631650008898,-79.836636
"6481",1-05-20,26,"Candor: EPA CASTNet Site","PM 2.5","Montgomery",35.2631650008898,-79.836636
"6482",1-06-20,28,"Candor: EPA CASTNet Site","PM 2.5","Montgomery",35.2631650008898,-79.836636
"6483",1-07-20,29,"Candor: EPA CASTNet Site","PM 2.5","Montgomery",35.2631650008898,-79.836636
"6484",1-08-20,27,"Candor: EPA CASTNet Site","PM 2.5","Montgomery",35.2631650008898,-79.836636
"6485",1-09-20,34,"Candor: EPA CASTNet Site","PM 2.5","Montgomery",35.2631650008898,-79.836636
"6486",1-10-20,31,"Candor: EPA CASTNet Site","PM 2.5","Montgomery",35.2631650008898,-79.836636
"6487",1-11-20,24,"Candor: EPA CASTNet Site","PM 2.5","Montgomery",35.2631650008898,-79.836636
"6488",1-12-20,5,"Candor: EPA CASTNet Site","PM 2.5","Montgomery",35.2631650008898,-79.836636
"6489",NA,11,"Candor: EPA CASTNet Site","PM 2.5","Montgomery",35.2631650008898,-79.836636
"6490",NA,22,"Candor: EPA CASTNet Site","PM 2.5","Montgomery",35.2631650008898,-79.836636
"6491",NA,25,"Candor: EPA CASTNet Site","PM 2.5","Montgomery",35.2631650008898,-79.836636
"6492",NA,49,"Candor: EPA CASTNet Site","PM 2.5","Montgomery",35.2631650008898,-79.836636
"6493",NA,54,"Candor: EPA CASTNet Site","PM 2.5","Montgomery",35.2631650008898,-79.836636
"6494",NA,36,"Candor: EPA CASTNet Site","PM 2.5","Montgomery",35.2631650008898,-79.836636
"6495",NA,28,"Candor: EPA CASTNet Site","PM 2.5","Montgomery",35.2631650008898,-79.836636
"6496",NA,31,"Candor: EPA CASTNet Site","PM 2.5","Montgomery",35.2631650008898,-79.836636
"6497",NA,28,"Candor: EPA CASTNet Site","PM 2.5","Montgomery",35.2631650008898,-79.836636
"6498",NA,55,"Candor: EPA CASTNet Site","PM 2.5","Montgomery",35.2631650008898,-79.836636
"6499",NA,13,"Candor: EPA CASTNet Site","PM 2.5","Montgomery",35.2631650008898,-79.836636
"6500",NA,16,"Candor: EPA CASTNet Site","PM 2.5","Montgomery",35.2631650008898,-79.836636
"6501",NA,24,"Candor: EPA CASTNet Site","PM 2.5","Montgomery",35.2631650008898,-79.836636
"6502",NA,44,"Candor: EPA CASTNet Site","PM 2.5","Montgomery",35.2631650008898,-79.836636
"6503",NA,24,"Candor: EPA CASTNet Site","PM 2.5","Montgomery",35.2631650008898,-79.836636
"6504",NA,7,"Candor: EPA CASTNet Site","PM 2.5","Montgomery",35.2631650008898,-79.836636
"6505",NA,8,"Candor: EPA CASTNet Site","PM 2.5","Montgomery",35.2631650008898,-79.836636
"6506",NA,19,"Candor: EPA CASTNet Site","PM 2.5","Montgomery",35.2631650008898,-79.836636
"6507",NA,20,"Candor: EPA CASTNet Site","PM 2.5","Montgomery",35.2631650008898,-79.836636
"6508",2-01-20,25,"Candor: EPA CASTNet Site","PM 2.5","Montgomery",35.2631650008898,-79.836636
"6509",2-02-20,14,"Candor: EPA CASTNet Site","PM 2.5","Montgomery",35.2631650008898,-79.836636
"6510",2-03-20,20,"Candor: EPA CASTNet Site","PM 2.5","Montgomery",35.2631650008898,-79.836636
"6511",2-04-20,22,"Candor: EPA CASTNet Site","PM 2.5","Montgomery",35.2631650008898,-79.836636
"6512",2-05-20,23,"Candor: EPA CASTNet Site","PM 2.5","Montgomery",35.2631650008898,-79.836636
"6513",2-06-20,31,"Candor: EPA CASTNet Site","PM 2.5","Montgomery",35.2631650008898,-79.836636
"6514",2-07-20,16,"Candor: EPA CASTNet Site","PM 2.5","Montgomery",35.2631650008898,-79.836636
"6515",2-08-20,17,"Candor: EPA CASTNet Site","PM 2.5","Montgomery",35.2631650008898,-79.836636
"6516",2-09-20,35,"Candor: EPA CASTNet Site","PM 2.5","Montgomery",35.2631650008898,-79.836636
"6517",2-10-20,22,"Candor: EPA CASTNet Site","PM 2.5","Montgomery",35.2631650008898,-79.836636
"6518",2-11-20,8,"Candor: EPA CASTNet Site","PM 2.5","Montgomery",35.2631650008898,-79.836636
"6519",2-12-20,5,"Candor: EPA CASTNet Site","PM 2.5","Montgomery",35.2631650008898,-79.836636
"6520",NA,24,"Candor: EPA CASTNet Site","PM 2.5","Montgomery",35.2631650008898,-79.836636
"6521",NA,35,"Candor: EPA CASTNet Site","PM 2.5","Montgomery",35.2631650008898,-79.836636
"6522",NA,16,"Candor: EPA CASTNet Site","PM 2.5","Montgomery",35.2631650008898,-79.836636
"6523",NA,15,"Candor: EPA CASTNet Site","PM 2.5","Montgomery",35.2631650008898,-79.836636
"6524",NA,10,"Candor: EPA CASTNet Site","PM 2.5","Montgomery",35.2631650008898,-79.836636
"6525",NA,15,"Candor: EPA CASTNet Site","PM 2.5","Montgomery",35.2631650008898,-79.836636
"6526",NA,16,"Candor: EPA CASTNet Site","PM 2.5","Montgomery",35.2631650008898,-79.836636
"6527",NA,23,"Candor: EPA CASTNet Site","PM 2.5","Montgomery",35.2631650008898,-79.836636
"6528",NA,10,"Candor: EPA CASTNet Site","PM 2.5","Montgomery",35.2631650008898,-79.836636
"6529",NA,18,"Candor: EPA CASTNet Site","PM 2.5","Montgomery",35.2631650008898,-79.836636
"6530",NA,38,"Candor: EPA CASTNet Site","PM 2.5","Montgomery",35.2631650008898,-79.836636
"6531",NA,35,"Candor: EPA CASTNet Site","PM 2.5","Montgomery",35.2631650008898,-79.836636
"6532",NA,13,"Candor: EPA CASTNet Site","PM 2.5","Montgomery",35.2631650008898,-79.836636
"6533",NA,11,"Candor: EPA CASTNet Site","PM 2.5","Montgomery",35.2631650008898,-79.836636
"6534",NA,18,"Candor: EPA CASTNet Site","PM 2.5","Montgomery",35.2631650008898,-79.836636
"6535",NA,42,"Candor: EPA CASTNet Site","PM 2.5","Montgomery",35.2631650008898,-79.836636
"6536",3-01-20,33,"Candor: EPA CASTNet Site","PM 2.5","Montgomery",35.2631650008898,-79.836636
"6537",3-02-20,10,"Candor: EPA CASTNet Site","PM 2.5","Montgomery",35.2631650008898,-79.836636
"6538",3-03-20,14,"Candor: EPA CASTNet Site","PM 2.5","Montgomery",35.2631650008898,-79.836636
"6539",3-04-20,19,"Candor: EPA CASTNet Site","PM 2.5","Montgomery",35.2631650008898,-79.836636
"6540",3-05-20,32,"Candor: EPA CASTNet Site","PM 2.5","Montgomery",35.2631650008898,-79.836636
"6541",3-06-20,43,"Candor: EPA CASTNet Site","PM 2.5","Montgomery",35.2631650008898,-79.836636
"6542",3-07-20,26,"Candor: EPA CASTNet Site","PM 2.5","Montgomery",35.2631650008898,-79.836636
"6543",3-08-20,21,"Candor: EPA CASTNet Site","PM 2.5","Montgomery",35.2631650008898,-79.836636
"6544",3-09-20,30,"Candor: EPA CASTNet Site","PM 2.5","Montgomery",35.2631650008898,-79.836636
"6545",3-10-20,97,"Candor: EPA CASTNet Site","PM 2.5","Montgomery",35.2631650008898,-79.836636
"6546",3-11-20,69,"Candor: EPA CASTNet Site","PM 2.5","Montgomery",35.2631650008898,-79.836636
"6547",3-12-20,26,"Candor: EPA CASTNet Site","PM 2.5","Montgomery",35.2631650008898,-79.836636
"6548",NA,47,"Candor: EPA CASTNet Site","PM 2.5","Montgomery",35.2631650008898,-79.836636
"6549",NA,37,"Candor: EPA CASTNet Site","PM 2.5","Montgomery",35.2631650008898,-79.836636
"6550",NA,31,"Candor: EPA CASTNet Site","PM 2.5","Montgomery",35.2631650008898,-79.836636
"6551",NA,21,"Candor: EPA CASTNet Site","PM 2.5","Montgomery",35.2631650008898,-79.836636
"6552",NA,18,"Candor: EPA CASTNet Site","PM 2.5","Montgomery",35.2631650008898,-79.836636
"6553",NA,23,"Candor: EPA CASTNet Site","PM 2.5","Montgomery",35.2631650008898,-79.836636
"6554",NA,22,"Candor: EPA CASTNet Site","PM 2.5","Montgomery",35.2631650008898,-79.836636
"6555",NA,32,"Candor: EPA CASTNet Site","PM 2.5","Montgomery",35.2631650008898,-79.836636
"6556",NA,18,"Candor: EPA CASTNet Site","PM 2.5","Montgomery",35.2631650008898,-79.836636
"6557",NA,19,"Candor: EPA CASTNet Site","PM 2.5","Montgomery",35.2631650008898,-79.836636
"6558",NA,28,"Candor: EPA CASTNet Site","PM 2.5","Montgomery",35.2631650008898,-79.836636
"6559",NA,36,"Candor: EPA CASTNet Site","PM 2.5","Montgomery",35.2631650008898,-79.836636
"6560",NA,46,"Candor: EPA CASTNet Site","PM 2.5","Montgomery",35.2631650008898,-79.836636
"6561",NA,25,"Candor: EPA CASTNet Site","PM 2.5","Montgomery",35.2631650008898,-79.836636
"6562",NA,14,"Candor: EPA CASTNet Site","PM 2.5","Montgomery",35.2631650008898,-79.836636
"6563",4-01-20,25,"Candor: EPA CASTNet Site","PM 2.5","Montgomery",35.2631650008898,-79.836636
"6564",4-02-20,33,"Candor: EPA CASTNet Site","PM 2.5","Montgomery",35.2631650008898,-79.836636
"6565",4-03-20,53,"Candor: EPA CASTNet Site","PM 2.5","Montgomery",35.2631650008898,-79.836636
"6566",4-04-20,21,"Candor: EPA CASTNet Site","PM 2.5","Montgomery",35.2631650008898,-79.836636
"6567",4-05-20,43,"Candor: EPA CASTNet Site","PM 2.5","Montgomery",35.2631650008898,-79.836636
"6568",4-06-20,39,"Candor: EPA CASTNet Site","PM 2.5","Montgomery",35.2631650008898,-79.836636
"6569",4-07-20,40,"Candor: EPA CASTNet Site","PM 2.5","Montgomery",35.2631650008898,-79.836636
"6570",4-08-20,19,"Candor: EPA CASTNet Site","PM 2.5","Montgomery",35.2631650008898,-79.836636
"6571",4-09-20,27,"Candor: EPA CASTNet Site","PM 2.5","Montgomery",35.2631650008898,-79.836636
"6572",4-10-20,36,"Candor: EPA CASTNet Site","PM 2.5","Montgomery",35.2631650008898,-79.836636
"6573",4-11-20,46,"Candor: EPA CASTNet Site","PM 2.5","Montgomery",35.2631650008898,-79.836636
"6574",4-12-20,48,"Candor: EPA CASTNet Site","PM 2.5","Montgomery",35.2631650008898,-79.836636
"6575",NA,38,"Candor: EPA CASTNet Site","PM 2.5","Montgomery",35.2631650008898,-79.836636
"6576",NA,33,"Candor: EPA CASTNet Site","PM 2.5","Montgomery",35.2631650008898,-79.836636
"6577",NA,15,"Candor: EPA CASTNet Site","PM 2.5","Montgomery",35.2631650008898,-79.836636
"6578",NA,16,"Candor: EPA CASTNet Site","PM 2.5","Montgomery",35.2631650008898,-79.836636
"6579",NA,19,"Candor: EPA CASTNet Site","PM 2.5","Montgomery",35.2631650008898,-79.836636
"6580",NA,37,"Candor: EPA CASTNet Site","PM 2.5","Montgomery",35.2631650008898,-79.836636
"6581",NA,30,"Candor: EPA CASTNet Site","PM 2.5","Montgomery",35.2631650008898,-79.836636
"6582",NA,20,"Candor: EPA CASTNet Site","PM 2.5","Montgomery",35.2631650008898,-79.836636
"6583",NA,29,"Candor: EPA CASTNet Site","PM 2.5","Montgomery",35.2631650008898,-79.836636
"6584",NA,26,"Candor: EPA CASTNet Site","PM 2.5","Montgomery",35.2631650008898,-79.836636
"6585",NA,19,"Candor: EPA CASTNet Site","PM 2.5","Montgomery",35.2631650008898,-79.836636
"6586",NA,5,"Candor: EPA CASTNet Site","PM 2.5","Montgomery",35.2631650008898,-79.836636
"6587",NA,10,"Candor: EPA CASTNet Site","PM 2.5","Montgomery",35.2631650008898,-79.836636
"6588",NA,16,"Candor: EPA CASTNet Site","PM 2.5","Montgomery",35.2631650008898,-79.836636
"6589",NA,18,"Candor: EPA CASTNet Site","PM 2.5","Montgomery",35.2631650008898,-79.836636
"6590",NA,30,"Candor: EPA CASTNet Site","PM 2.5","Montgomery",35.2631650008898,-79.836636
"6591",NA,25,"Candor: EPA CASTNet Site","PM 2.5","Montgomery",35.2631650008898,-79.836636
"6592",NA,24,"Candor: EPA CASTNet Site","PM 2.5","Montgomery",35.2631650008898,-79.836636
"6593",5-01-20,38,"Candor: EPA CASTNet Site","PM 2.5","Montgomery",35.2631650008898,-79.836636
"6594",5-02-20,47,"Candor: EPA CASTNet Site","PM 2.5","Montgomery",35.2631650008898,-79.836636
"6595",5-03-20,44,"Candor: EPA CASTNet Site","PM 2.5","Montgomery",35.2631650008898,-79.836636
"6596",5-04-20,29,"Candor: EPA CASTNet Site","PM 2.5","Montgomery",35.2631650008898,-79.836636
"6597",5-05-20,33,"Candor: EPA CASTNet Site","PM 2.5","Montgomery",35.2631650008898,-79.836636
"6598",5-06-20,28,"Candor: EPA CASTNet Site","PM 2.5","Montgomery",35.2631650008898,-79.836636
"6599",5-07-20,17,"Candor: EPA CASTNet Site","PM 2.5","Montgomery",35.2631650008898,-79.836636
"6600",5-08-20,35,"Candor: EPA CASTNet Site","PM 2.5","Montgomery",35.2631650008898,-79.836636
"6601",5-09-20,27,"Candor: EPA CASTNet Site","PM 2.5","Montgomery",35.2631650008898,-79.836636
"6602",5-10-20,50,"Candor: EPA CASTNet Site","PM 2.5","Montgomery",35.2631650008898,-79.836636
"6603",5-11-20,45,"Candor: EPA CASTNet Site","PM 2.5","Montgomery",35.2631650008898,-79.836636
"6604",5-12-20,50,"Candor: EPA CASTNet Site","PM 2.5","Montgomery",35.2631650008898,-79.836636
"6605",NA,56,"Candor: EPA CASTNet Site","PM 2.5","Montgomery",35.2631650008898,-79.836636
"6606",NA,59,"Candor: EPA CASTNet Site","PM 2.5","Montgomery",35.2631650008898,-79.836636
"6607",NA,11,"Candor: EPA CASTNet Site","PM 2.5","Montgomery",35.2631650008898,-79.836636
"6608",NA,20,"Candor: EPA CASTNet Site","PM 2.5","Montgomery",35.2631650008898,-79.836636
"6609",NA,13,"Candor: EPA CASTNet Site","PM 2.5","Montgomery",35.2631650008898,-79.836636
"6610",NA,9,"Candor: EPA CASTNet Site","PM 2.5","Montgomery",35.2631650008898,-79.836636
"6611",NA,3,"Candor: EPA CASTNet Site","PM 2.5","Montgomery",35.2631650008898,-79.836636
"6612",NA,18,"Candor: EPA CASTNet Site","PM 2.5","Montgomery",35.2631650008898,-79.836636
"6613",NA,25,"Candor: EPA CASTNet Site","PM 2.5","Montgomery",35.2631650008898,-79.836636
"6614",NA,25,"Candor: EPA CASTNet Site","PM 2.5","Montgomery",35.2631650008898,-79.836636
"6615",NA,10,"Candor: EPA CASTNet Site","PM 2.5","Montgomery",35.2631650008898,-79.836636
"6616",NA,29,"Candor: EPA CASTNet Site","PM 2.5","Montgomery",35.2631650008898,-79.836636
"6617",NA,26,"Candor: EPA CASTNet Site","PM 2.5","Montgomery",35.2631650008898,-79.836636
"6618",NA,25,"Candor: EPA CASTNet Site","PM 2.5","Montgomery",35.2631650008898,-79.836636
"6619",NA,20,"Candor: EPA CASTNet Site","PM 2.5","Montgomery",35.2631650008898,-79.836636
"6620",NA,2,"Candor: EPA CASTNet Site","PM 2.5","Montgomery",35.2631650008898,-79.836636
"6621",NA,13,"Candor: EPA CASTNet Site","PM 2.5","Montgomery",35.2631650008898,-79.836636
"6622",NA,20,"Candor: EPA CASTNet Site","PM 2.5","Montgomery",35.2631650008898,-79.836636
"6623",NA,19,"Candor: EPA CASTNet Site","PM 2.5","Montgomery",35.2631650008898,-79.836636
"6624",6-01-20,23,"Candor: EPA CASTNet Site","PM 2.5","Montgomery",35.2631650008898,-79.836636
"6625",6-02-20,21,"Candor: EPA CASTNet Site","PM 2.5","Montgomery",35.2631650008898,-79.836636
"6626",6-03-20,24,"Candor: EPA CASTNet Site","PM 2.5","Montgomery",35.2631650008898,-79.836636
"6627",6-04-20,19,"Candor: EPA CASTNet Site","PM 2.5","Montgomery",35.2631650008898,-79.836636
"6628",6-05-20,27,"Candor: EPA CASTNet Site","PM 2.5","Montgomery",35.2631650008898,-79.836636
"6629",6-06-20,40,"Candor: EPA CASTNet Site","PM 2.5","Montgomery",35.2631650008898,-79.836636
"6630",6-07-20,47,"Candor: EPA CASTNet Site","PM 2.5","Montgomery",35.2631650008898,-79.836636
"6631",6-08-20,48,"Candor: EPA CASTNet Site","PM 2.5","Montgomery",35.2631650008898,-79.836636
"6632",6-09-20,30,"Candor: EPA CASTNet Site","PM 2.5","Montgomery",35.2631650008898,-79.836636
"6633",6-10-20,29,"Candor: EPA CASTNet Site","PM 2.5","Montgomery",35.2631650008898,-79.836636
"6634",6-11-20,52,"Candor: EPA CASTNet Site","PM 2.5","Montgomery",35.2631650008898,-79.836636
"6635",6-12-20,15,"Candor: EPA CASTNet Site","PM 2.5","Montgomery",35.2631650008898,-79.836636
"6636",NA,30,"Candor: EPA CASTNet Site","PM 2.5","Montgomery",35.2631650008898,-79.836636
"6637",NA,39,"Candor: EPA CASTNet Site","PM 2.5","Montgomery",35.2631650008898,-79.836636
"6638",NA,45,"Candor: EPA CASTNet Site","PM 2.5","Montgomery",35.2631650008898,-79.836636
"6639",NA,48,"Candor: EPA CASTNet Site","PM 2.5","Montgomery",35.2631650008898,-79.836636
"6640",NA,33,"Candor: EPA CASTNet Site","PM 2.5","Montgomery",35.2631650008898,-79.836636
"6641",NA,45,"Candor: EPA CASTNet Site","PM 2.5","Montgomery",35.2631650008898,-79.836636
"6642",NA,46,"Candor: EPA CASTNet Site","PM 2.5","Montgomery",35.2631650008898,-79.836636
"6643",NA,51,"Candor: EPA CASTNet Site","PM 2.5","Montgomery",35.2631650008898,-79.836636
"6644",NA,56,"Candor: EPA CASTNet Site","PM 2.5","Montgomery",35.2631650008898,-79.836636
"6645",NA,42,"Candor: EPA CASTNet Site","PM 2.5","Montgomery",35.2631650008898,-79.836636
"6646",NA,29,"Candor: EPA CASTNet Site","PM 2.5","Montgomery",35.2631650008898,-79.836636
"6647",NA,30,"Candor: EPA CASTNet Site","PM 2.5","Montgomery",35.2631650008898,-79.836636
"6648",NA,30,"Candor: EPA CASTNet Site","PM 2.5","Montgomery",35.2631650008898,-79.836636
"6649",NA,17,"Candor: EPA CASTNet Site","PM 2.5","Montgomery",35.2631650008898,-79.836636
"6650",NA,24,"Candor: EPA CASTNet Site","PM 2.5","Montgomery",35.2631650008898,-79.836636
"6651",NA,23,"Candor: EPA CASTNet Site","PM 2.5","Montgomery",35.2631650008898,-79.836636
"6652",NA,31,"Candor: EPA CASTNet Site","PM 2.5","Montgomery",35.2631650008898,-79.836636
"6653",NA,38,"Candor: EPA CASTNet Site","PM 2.5","Montgomery",35.2631650008898,-79.836636
"6654",7-01-20,18,"Candor: EPA CASTNet Site","PM 2.5","Montgomery",35.2631650008898,-79.836636
"6655",7-02-20,22,"Candor: EPA CASTNet Site","PM 2.5","Montgomery",35.2631650008898,-79.836636
"6656",7-03-20,35,"Candor: EPA CASTNet Site","PM 2.5","Montgomery",35.2631650008898,-79.836636
"6657",7-04-20,24,"Candor: EPA CASTNet Site","PM 2.5","Montgomery",35.2631650008898,-79.836636
"6658",7-05-20,20,"Candor: EPA CASTNet Site","PM 2.5","Montgomery",35.2631650008898,-79.836636
"6659",7-06-20,22,"Candor: EPA CASTNet Site","PM 2.5","Montgomery",35.2631650008898,-79.836636
"6660",7-07-20,21,"Candor: EPA CASTNet Site","PM 2.5","Montgomery",35.2631650008898,-79.836636
"6661",7-08-20,19,"Candor: EPA CASTNet Site","PM 2.5","Montgomery",35.2631650008898,-79.836636
"6662",7-09-20,14,"Candor: EPA CASTNet Site","PM 2.5","Montgomery",35.2631650008898,-79.836636
"6663",7-10-20,38,"Candor: EPA CASTNet Site","PM 2.5","Montgomery",35.2631650008898,-79.836636
"6664",7-11-20,52,"Candor: EPA CASTNet Site","PM 2.5","Montgomery",35.2631650008898,-79.836636
"6665",7-12-20,52,"Candor: EPA CASTNet Site","PM 2.5","Montgomery",35.2631650008898,-79.836636
"6666",NA,46,"Candor: EPA CASTNet Site","PM 2.5","Montgomery",35.2631650008898,-79.836636
"6667",NA,38,"Candor: EPA CASTNet Site","PM 2.5","Montgomery",35.2631650008898,-79.836636
"6668",NA,38,"Candor: EPA CASTNet Site","PM 2.5","Montgomery",35.2631650008898,-79.836636
"6669",NA,47,"Candor: EPA CASTNet Site","PM 2.5","Montgomery",35.2631650008898,-79.836636
"6670",NA,27,"Candor: EPA CASTNet Site","PM 2.5","Montgomery",35.2631650008898,-79.836636
"6671",NA,26,"Candor: EPA CASTNet Site","PM 2.5","Montgomery",35.2631650008898,-79.836636
"6672",NA,31,"Candor: EPA CASTNet Site","PM 2.5","Montgomery",35.2631650008898,-79.836636
"6673",NA,30,"Candor: EPA CASTNet Site","PM 2.5","Montgomery",35.2631650008898,-79.836636
"6674",NA,22,"Candor: EPA CASTNet Site","PM 2.5","Montgomery",35.2631650008898,-79.836636
"6675",NA,14,"Candor: EPA CASTNet Site","PM 2.5","Montgomery",35.2631650008898,-79.836636
"6676",NA,24,"Candor: EPA CASTNet Site","PM 2.5","Montgomery",35.2631650008898,-79.836636
"6677",NA,20,"Candor: EPA CASTNet Site","PM 2.5","Montgomery",35.2631650008898,-79.836636
"6678",NA,17,"Candor: EPA CASTNet Site","PM 2.5","Montgomery",35.2631650008898,-79.836636
"6679",NA,21,"Candor: EPA CASTNet Site","PM 2.5","Montgomery",35.2631650008898,-79.836636
"6680",NA,28,"Candor: EPA CASTNet Site","PM 2.5","Montgomery",35.2631650008898,-79.836636
"6681",NA,30,"Candor: EPA CASTNet Site","PM 2.5","Montgomery",35.2631650008898,-79.836636
"6682",NA,23,"Candor: EPA CASTNet Site","PM 2.5","Montgomery",35.2631650008898,-79.836636
"6683",NA,11,"Candor: EPA CASTNet Site","PM 2.5","Montgomery",35.2631650008898,-79.836636
"6684",NA,10,"Candor: EPA CASTNet Site","PM 2.5","Montgomery",35.2631650008898,-79.836636
"6685",8-01-20,16,"Candor: EPA CASTNet Site","PM 2.5","Montgomery",35.2631650008898,-79.836636
"6686",8-02-20,20,"Candor: EPA CASTNet Site","PM 2.5","Montgomery",35.2631650008898,-79.836636
"6687",8-03-20,9,"Candor: EPA CASTNet Site","PM 2.5","Montgomery",35.2631650008898,-79.836636
"6688",8-04-20,15,"Candor: EPA CASTNet Site","PM 2.5","Montgomery",35.2631650008898,-79.836636
"6689",8-05-20,23,"Candor: EPA CASTNet Site","PM 2.5","Montgomery",35.2631650008898,-79.836636
"6690",8-06-20,19,"Candor: EPA CASTNet Site","PM 2.5","Montgomery",35.2631650008898,-79.836636
"6691",8-07-20,40,"Candor: EPA CASTNet Site","PM 2.5","Montgomery",35.2631650008898,-79.836636
"6692",8-08-20,22,"Candor: EPA CASTNet Site","PM 2.5","Montgomery",35.2631650008898,-79.836636
"6693",8-09-20,22,"Candor: EPA CASTNet Site","PM 2.5","Montgomery",35.2631650008898,-79.836636
"6694",8-10-20,39,"Candor: EPA CASTNet Site","PM 2.5","Montgomery",35.2631650008898,-79.836636
"6695",8-11-20,21,"Candor: EPA CASTNet Site","PM 2.5","Montgomery",35.2631650008898,-79.836636
"6696",8-12-20,25,"Candor: EPA CASTNet Site","PM 2.5","Montgomery",35.2631650008898,-79.836636
"6697",NA,21,"Candor: EPA CASTNet Site","PM 2.5","Montgomery",35.2631650008898,-79.836636
"6698",NA,38,"Candor: EPA CASTNet Site","PM 2.5","Montgomery",35.2631650008898,-79.836636
"6699",NA,52,"Candor: EPA CASTNet Site","PM 2.5","Montgomery",35.2631650008898,-79.836636
"6700",NA,54,"Candor: EPA CASTNet Site","PM 2.5","Montgomery",35.2631650008898,-79.836636
"6701",NA,39,"Candor: EPA CASTNet Site","PM 2.5","Montgomery",35.2631650008898,-79.836636
"6702",NA,13,"Candor: EPA CASTNet Site","PM 2.5","Montgomery",35.2631650008898,-79.836636
"6703",NA,24,"Candor: EPA CASTNet Site","PM 2.5","Montgomery",35.2631650008898,-79.836636
"6704",NA,28,"Candor: EPA CASTNet Site","PM 2.5","Montgomery",35.2631650008898,-79.836636
"6705",NA,23,"Candor: EPA CASTNet Site","PM 2.5","Montgomery",35.2631650008898,-79.836636
"6706",NA,21,"Candor: EPA CASTNet Site","PM 2.5","Montgomery",35.2631650008898,-79.836636
"6707",NA,48,"Candor: EPA CASTNet Site","PM 2.5","Montgomery",35.2631650008898,-79.836636
"6708",NA,33,"Candor: EPA CASTNet Site","PM 2.5","Montgomery",35.2631650008898,-79.836636
"6709",NA,33,"Candor: EPA CASTNet Site","PM 2.5","Montgomery",35.2631650008898,-79.836636
"6710",NA,37,"Candor: EPA CASTNet Site","PM 2.5","Montgomery",35.2631650008898,-79.836636
"6711",NA,50,"Candor: EPA CASTNet Site","PM 2.5","Montgomery",35.2631650008898,-79.836636
"6712",NA,42,"Candor: EPA CASTNet Site","PM 2.5","Montgomery",35.2631650008898,-79.836636
"6713",NA,41,"Candor: EPA CASTNet Site","PM 2.5","Montgomery",35.2631650008898,-79.836636
"6714",NA,28,"Candor: EPA CASTNet Site","PM 2.5","Montgomery",35.2631650008898,-79.836636
"6715",NA,27,"Candor: EPA CASTNet Site","PM 2.5","Montgomery",35.2631650008898,-79.836636
"6716",9-01-20,26,"Candor: EPA CASTNet Site","PM 2.5","Montgomery",35.2631650008898,-79.836636
"6717",9-02-20,13,"Candor: EPA CASTNet Site","PM 2.5","Montgomery",35.2631650008898,-79.836636
"6718",9-03-20,11,"Candor: EPA CASTNet Site","PM 2.5","Montgomery",35.2631650008898,-79.836636
"6719",9-04-20,28,"Candor: EPA CASTNet Site","PM 2.5","Montgomery",35.2631650008898,-79.836636
"6720",9-05-20,23,"Candor: EPA CASTNet Site","PM 2.5","Montgomery",35.2631650008898,-79.836636
"6721",9-06-20,25,"Candor: EPA CASTNet Site","PM 2.5","Montgomery",35.2631650008898,-79.836636
"6722",9-07-20,27,"Candor: EPA CASTNet Site","PM 2.5","Montgomery",35.2631650008898,-79.836636
"6723",9-08-20,27,"Candor: EPA CASTNet Site","PM 2.5","Montgomery",35.2631650008898,-79.836636
"6724",9-09-20,18,"Candor: EPA CASTNet Site","PM 2.5","Montgomery",35.2631650008898,-79.836636
"6725",9-10-20,17,"Candor: EPA CASTNet Site","PM 2.5","Montgomery",35.2631650008898,-79.836636
"6726",NA,42,"Candor: EPA CASTNet Site","PM 2.5","Montgomery",35.2631650008898,-79.836636
"6727",NA,40,"Candor: EPA CASTNet Site","PM 2.5","Montgomery",35.2631650008898,-79.836636
"6728",NA,43,"Candor: EPA CASTNet Site","PM 2.5","Montgomery",35.2631650008898,-79.836636
"6729",NA,21,"Candor: EPA CASTNet Site","PM 2.5","Montgomery",35.2631650008898,-79.836636
"6730",NA,21,"Candor: EPA CASTNet Site","PM 2.5","Montgomery",35.2631650008898,-79.836636
"6731",NA,23,"Candor: EPA CASTNet Site","PM 2.5","Montgomery",35.2631650008898,-79.836636
"6732",NA,14,"Candor: EPA CASTNet Site","PM 2.5","Montgomery",35.2631650008898,-79.836636
"6733",NA,8,"Candor: EPA CASTNet Site","PM 2.5","Montgomery",35.2631650008898,-79.836636
"6734",NA,16,"Candor: EPA CASTNet Site","PM 2.5","Montgomery",35.2631650008898,-79.836636
"6735",NA,21,"Candor: EPA CASTNet Site","PM 2.5","Montgomery",35.2631650008898,-79.836636
"6736",10-01-20,26,"Candor: EPA CASTNet Site","PM 2.5","Montgomery",35.2631650008898,-79.836636
"6737",10-02-20,21,"Candor: EPA CASTNet Site","PM 2.5","Montgomery",35.2631650008898,-79.836636
"6738",10-03-20,29,"Candor: EPA CASTNet Site","PM 2.5","Montgomery",35.2631650008898,-79.836636
"6739",10-04-20,33,"Candor: EPA CASTNet Site","PM 2.5","Montgomery",35.2631650008898,-79.836636
"6740",10-05-20,30,"Candor: EPA CASTNet Site","PM 2.5","Montgomery",35.2631650008898,-79.836636
"6741",10-06-20,34,"Candor: EPA CASTNet Site","PM 2.5","Montgomery",35.2631650008898,-79.836636
"6742",10-07-20,34,"Candor: EPA CASTNet Site","PM 2.5","Montgomery",35.2631650008898,-79.836636
"6743",10-08-20,15,"Candor: EPA CASTNet Site","PM 2.5","Montgomery",35.2631650008898,-79.836636
"6744",10-09-20,9,"Candor: EPA CASTNet Site","PM 2.5","Montgomery",35.2631650008898,-79.836636
"6745",NA,24,"Candor: EPA CASTNet Site","PM 2.5","Montgomery",35.2631650008898,-79.836636
"6746",NA,21,"Candor: EPA CASTNet Site","PM 2.5","Montgomery",35.2631650008898,-79.836636
"6747",NA,20,"Candor: EPA CASTNet Site","PM 2.5","Montgomery",35.2631650008898,-79.836636
"6748",NA,31,"Candor: EPA CASTNet Site","PM 2.5","Montgomery",35.2631650008898,-79.836636
"6749",NA,15,"Candor: EPA CASTNet Site","PM 2.5","Montgomery",35.2631650008898,-79.836636
"6750",NA,11,"Candor: EPA CASTNet Site","PM 2.5","Montgomery",35.2631650008898,-79.836636
"6751",NA,15,"Candor: EPA CASTNet Site","PM 2.5","Montgomery",35.2631650008898,-79.836636
"6752",NA,38,"Candor: EPA CASTNet Site","PM 2.5","Montgomery",35.2631650008898,-79.836636
"6753",NA,27,"Candor: EPA CASTNet Site","PM 2.5","Montgomery",35.2631650008898,-79.836636
"6754",NA,23,"Candor: EPA CASTNet Site","PM 2.5","Montgomery",35.2631650008898,-79.836636
"6755",NA,18,"Candor: EPA CASTNet Site","PM 2.5","Montgomery",35.2631650008898,-79.836636
"6756",NA,20,"Candor: EPA CASTNet Site","PM 2.5","Montgomery",35.2631650008898,-79.836636
"6757",NA,20,"Candor: EPA CASTNet Site","PM 2.5","Montgomery",35.2631650008898,-79.836636
"6758",NA,23,"Candor: EPA CASTNet Site","PM 2.5","Montgomery",35.2631650008898,-79.836636
"6759",NA,29,"Candor: EPA CASTNet Site","PM 2.5","Montgomery",35.2631650008898,-79.836636
"6760",NA,36,"Candor: EPA CASTNet Site","PM 2.5","Montgomery",35.2631650008898,-79.836636
"6761",11-01-20,19,"Candor: EPA CASTNet Site","PM 2.5","Montgomery",35.2631650008898,-79.836636
"6762",11-02-20,18,"Candor: EPA CASTNet Site","PM 2.5","Montgomery",35.2631650008898,-79.836636
"6763",11-03-20,19,"Candor: EPA CASTNet Site","PM 2.5","Montgomery",35.2631650008898,-79.836636
"6764",11-04-20,27,"Candor: EPA CASTNet Site","PM 2.5","Montgomery",35.2631650008898,-79.836636
"6765",11-05-20,10,"Candor: EPA CASTNet Site","PM 2.5","Montgomery",35.2631650008898,-79.836636
"6766",11-06-20,10,"Candor: EPA CASTNet Site","PM 2.5","Montgomery",35.2631650008898,-79.836636
"6767",11-07-20,22,"Candor: EPA CASTNet Site","PM 2.5","Montgomery",35.2631650008898,-79.836636
"6768",11-08-20,44,"Candor: EPA CASTNet Site","PM 2.5","Montgomery",35.2631650008898,-79.836636
"6769",11-09-20,32,"Candor: EPA CASTNet Site","PM 2.5","Montgomery",35.2631650008898,-79.836636
"6770",11-10-20,24,"Candor: EPA CASTNet Site","PM 2.5","Montgomery",35.2631650008898,-79.836636
"6771",11-11-20,32,"Candor: EPA CASTNet Site","PM 2.5","Montgomery",35.2631650008898,-79.836636
"6772",11-12-20,31,"Candor: EPA CASTNet Site","PM 2.5","Montgomery",35.2631650008898,-79.836636
"6773",NA,20,"Candor: EPA CASTNet Site","PM 2.5","Montgomery",35.2631650008898,-79.836636
"6774",NA,40,"Candor: EPA CASTNet Site","PM 2.5","Montgomery",35.2631650008898,-79.836636
"6775",NA,19,"Candor: EPA CASTNet Site","PM 2.5","Montgomery",35.2631650008898,-79.836636
"6776",NA,21,"Candor: EPA CASTNet Site","PM 2.5","Montgomery",35.2631650008898,-79.836636
"6777",NA,40,"Candor: EPA CASTNet Site","PM 2.5","Montgomery",35.2631650008898,-79.836636
"6778",NA,47,"Candor: EPA CASTNet Site","PM 2.5","Montgomery",35.2631650008898,-79.836636
"6779",NA,51,"Candor: EPA CASTNet Site","PM 2.5","Montgomery",35.2631650008898,-79.836636
"6780",NA,40,"Candor: EPA CASTNet Site","PM 2.5","Montgomery",35.2631650008898,-79.836636
"6781",NA,33,"Candor: EPA CASTNet Site","PM 2.5","Montgomery",35.2631650008898,-79.836636
"6782",NA,43,"Candor: EPA CASTNet Site","PM 2.5","Montgomery",35.2631650008898,-79.836636
"6783",NA,38,"Candor: EPA CASTNet Site","PM 2.5","Montgomery",35.2631650008898,-79.836636
"6784",NA,25,"Candor: EPA CASTNet Site","PM 2.5","Montgomery",35.2631650008898,-79.836636
"6785",NA,43,"Candor: EPA CASTNet Site","PM 2.5","Montgomery",35.2631650008898,-79.836636
"6786",NA,31,"Candor: EPA CASTNet Site","PM 2.5","Montgomery",35.2631650008898,-79.836636
"6787",NA,19,"Candor: EPA CASTNet Site","PM 2.5","Montgomery",35.2631650008898,-79.836636
"6788",NA,32,"Candor: EPA CASTNet Site","PM 2.5","Montgomery",35.2631650008898,-79.836636
"6789",NA,35,"Candor: EPA CASTNet Site","PM 2.5","Montgomery",35.2631650008898,-79.836636
"6790",NA,40,"Candor: EPA CASTNet Site","PM 2.5","Montgomery",35.2631650008898,-79.836636
"6791",12-01-20,43,"Candor: EPA CASTNet Site","PM 2.5","Montgomery",35.2631650008898,-79.836636
"6792",12-02-20,17,"Candor: EPA CASTNet Site","PM 2.5","Montgomery",35.2631650008898,-79.836636
"6793",12-03-20,35,"Candor: EPA CASTNet Site","PM 2.5","Montgomery",35.2631650008898,-79.836636
"6794",12-04-20,20,"Candor: EPA CASTNet Site","PM 2.5","Montgomery",35.2631650008898,-79.836636
"6795",12-05-20,18,"Candor: EPA CASTNet Site","PM 2.5","Montgomery",35.2631650008898,-79.836636
"6796",12-06-20,22,"Candor: EPA CASTNet Site","PM 2.5","Montgomery",35.2631650008898,-79.836636
"6797",12-07-20,38,"Candor: EPA CASTNet Site","PM 2.5","Montgomery",35.2631650008898,-79.836636
"6798",12-08-20,52,"Candor: EPA CASTNet Site","PM 2.5","Montgomery",35.2631650008898,-79.836636
"6799",12-09-20,22,"Candor: EPA CASTNet Site","PM 2.5","Montgomery",35.2631650008898,-79.836636
"6800",12-10-20,30,"Candor: EPA CASTNet Site","PM 2.5","Montgomery",35.2631650008898,-79.836636
"6801",12-11-20,42,"Candor: EPA CASTNet Site","PM 2.5","Montgomery",35.2631650008898,-79.836636
"6802",12-12-20,36,"Candor: EPA CASTNet Site","PM 2.5","Montgomery",35.2631650008898,-79.836636
"6803",NA,40,"Candor: EPA CASTNet Site","PM 2.5","Montgomery",35.2631650008898,-79.836636
"6804",NA,33,"Candor: EPA CASTNet Site","PM 2.5","Montgomery",35.2631650008898,-79.836636
"6805",NA,18,"Candor: EPA CASTNet Site","PM 2.5","Montgomery",35.2631650008898,-79.836636
"6806",NA,19,"Candor: EPA CASTNet Site","PM 2.5","Montgomery",35.2631650008898,-79.836636
"6807",NA,21,"Candor: EPA CASTNet Site","PM 2.5","Montgomery",35.2631650008898,-79.836636
"6808",NA,23,"Candor: EPA CASTNet Site","PM 2.5","Montgomery",35.2631650008898,-79.836636
"6809",NA,36,"Candor: EPA CASTNet Site","PM 2.5","Montgomery",35.2631650008898,-79.836636
"6810",NA,25,"Candor: EPA CASTNet Site","PM 2.5","Montgomery",35.2631650008898,-79.836636
"6811",NA,18,"Candor: EPA CASTNet Site","PM 2.5","Montgomery",35.2631650008898,-79.836636
"6812",NA,15,"Candor: EPA CASTNet Site","PM 2.5","Montgomery",35.2631650008898,-79.836636
"6813",NA,23,"Candor: EPA CASTNet Site","PM 2.5","Montgomery",35.2631650008898,-79.836636
"6814",NA,25,"Candor: EPA CASTNet Site","PM 2.5","Montgomery",35.2631650008898,-79.836636
"6815",NA,23,"Candor: EPA CASTNet Site","PM 2.5","Montgomery",35.2631650008898,-79.836636
"6816",NA,33,"Candor: EPA CASTNet Site","PM 2.5","Montgomery",35.2631650008898,-79.836636
"6817",NA,39,"Candor: EPA CASTNet Site","PM 2.5","Montgomery",35.2631650008898,-79.836636
"6818",NA,7,"Candor: EPA CASTNet Site","PM 2.5","Montgomery",35.2631650008898,-79.836636
"6819",NA,21,"Candor: EPA CASTNet Site","PM 2.5","Montgomery",35.2631650008898,-79.836636
"6820",NA,33,"Candor: EPA CASTNet Site","PM 2.5","Montgomery",35.2631650008898,-79.836636
"6821",NA,23,"Candor: EPA CASTNet Site","PM 2.5","Montgomery",35.2631650008898,-79.836636
"6822",1-01-20,13,"Castle Hayne","PM 2.5","New Hanover",34.364167,-77.838611
"6823",1-02-20,15,"Castle Hayne","PM 2.5","New Hanover",34.364167,-77.838611
"6824",1-03-20,18,"Castle Hayne","PM 2.5","New Hanover",34.364167,-77.838611
"6825",1-04-20,19,"Castle Hayne","PM 2.5","New Hanover",34.364167,-77.838611
"6826",1-05-20,15,"Castle Hayne","PM 2.5","New Hanover",34.364167,-77.838611
"6827",1-06-20,21,"Castle Hayne","PM 2.5","New Hanover",34.364167,-77.838611
"6828",1-07-20,9,"Castle Hayne","PM 2.5","New Hanover",34.364167,-77.838611
"6829",1-08-20,11,"Castle Hayne","PM 2.5","New Hanover",34.364167,-77.838611
"6830",1-09-20,20,"Castle Hayne","PM 2.5","New Hanover",34.364167,-77.838611
"6831",1-10-20,14,"Castle Hayne","PM 2.5","New Hanover",34.364167,-77.838611
"6832",1-11-20,12,"Castle Hayne","PM 2.5","New Hanover",34.364167,-77.838611
"6833",1-12-20,0,"Castle Hayne","PM 2.5","New Hanover",34.364167,-77.838611
"6834",NA,10,"Castle Hayne","PM 2.5","New Hanover",34.364167,-77.838611
"6835",NA,10,"Castle Hayne","PM 2.5","New Hanover",34.364167,-77.838611
"6836",NA,21,"Castle Hayne","PM 2.5","New Hanover",34.364167,-77.838611
"6837",NA,20,"Castle Hayne","PM 2.5","New Hanover",34.364167,-77.838611
"6838",NA,24,"Castle Hayne","PM 2.5","New Hanover",34.364167,-77.838611
"6839",NA,30,"Castle Hayne","PM 2.5","New Hanover",34.364167,-77.838611
"6840",NA,21,"Castle Hayne","PM 2.5","New Hanover",34.364167,-77.838611
"6841",NA,25,"Castle Hayne","PM 2.5","New Hanover",34.364167,-77.838611
"6842",NA,8,"Castle Hayne","PM 2.5","New Hanover",34.364167,-77.838611
"6843",NA,7,"Castle Hayne","PM 2.5","New Hanover",34.364167,-77.838611
"6844",NA,13,"Castle Hayne","PM 2.5","New Hanover",34.364167,-77.838611
"6845",NA,6,"Castle Hayne","PM 2.5","New Hanover",34.364167,-77.838611
"6846",NA,3,"Castle Hayne","PM 2.5","New Hanover",34.364167,-77.838611
"6847",NA,0,"Castle Hayne","PM 2.5","New Hanover",34.364167,-77.838611
"6848",NA,0,"Castle Hayne","PM 2.5","New Hanover",34.364167,-77.838611
"6849",NA,5,"Castle Hayne","PM 2.5","New Hanover",34.364167,-77.838611
"6850",NA,8,"Castle Hayne","PM 2.5","New Hanover",34.364167,-77.838611
"6851",2-01-20,15,"Castle Hayne","PM 2.5","New Hanover",34.364167,-77.838611
"6852",2-02-20,10,"Castle Hayne","PM 2.5","New Hanover",34.364167,-77.838611
"6853",2-03-20,8,"Castle Hayne","PM 2.5","New Hanover",34.364167,-77.838611
"6854",2-04-20,9,"Castle Hayne","PM 2.5","New Hanover",34.364167,-77.838611
"6855",2-05-20,20,"Castle Hayne","PM 2.5","New Hanover",34.364167,-77.838611
"6856",2-06-20,8,"Castle Hayne","PM 2.5","New Hanover",34.364167,-77.838611
"6857",2-07-20,6,"Castle Hayne","PM 2.5","New Hanover",34.364167,-77.838611
"6858",2-08-20,15,"Castle Hayne","PM 2.5","New Hanover",34.364167,-77.838611
"6859",2-09-20,21,"Castle Hayne","PM 2.5","New Hanover",34.364167,-77.838611
"6860",2-10-20,0,"Castle Hayne","PM 2.5","New Hanover",34.364167,-77.838611
"6861",2-11-20,10,"Castle Hayne","PM 2.5","New Hanover",34.364167,-77.838611
"6862",2-12-20,2,"Castle Hayne","PM 2.5","New Hanover",34.364167,-77.838611
"6863",NA,20,"Castle Hayne","PM 2.5","New Hanover",34.364167,-77.838611
"6864",NA,15,"Castle Hayne","PM 2.5","New Hanover",34.364167,-77.838611
"6865",NA,15,"Castle Hayne","PM 2.5","New Hanover",34.364167,-77.838611
"6866",NA,25,"Castle Hayne","PM 2.5","New Hanover",34.364167,-77.838611
"6867",NA,11,"Castle Hayne","PM 2.5","New Hanover",34.364167,-77.838611
"6868",NA,13,"Castle Hayne","PM 2.5","New Hanover",34.364167,-77.838611
"6869",NA,10,"Castle Hayne","PM 2.5","New Hanover",34.364167,-77.838611
"6870",NA,4,"Castle Hayne","PM 2.5","New Hanover",34.364167,-77.838611
"6871",NA,6,"Castle Hayne","PM 2.5","New Hanover",34.364167,-77.838611
"6872",NA,2,"Castle Hayne","PM 2.5","New Hanover",34.364167,-77.838611
"6873",NA,1,"Castle Hayne","PM 2.5","New Hanover",34.364167,-77.838611
"6874",NA,0,"Castle Hayne","PM 2.5","New Hanover",34.364167,-77.838611
"6875",NA,6,"Castle Hayne","PM 2.5","New Hanover",34.364167,-77.838611
"6876",NA,3,"Castle Hayne","PM 2.5","New Hanover",34.364167,-77.838611
"6877",NA,6,"Castle Hayne","PM 2.5","New Hanover",34.364167,-77.838611
"6878",3-01-20,9,"Castle Hayne","PM 2.5","New Hanover",34.364167,-77.838611
"6879",3-02-20,3,"Castle Hayne","PM 2.5","New Hanover",34.364167,-77.838611
"6880",3-03-20,0,"Castle Hayne","PM 2.5","New Hanover",34.364167,-77.838611
"6881",3-04-20,0,"Castle Hayne","PM 2.5","New Hanover",34.364167,-77.838611
"6882",3-05-20,5,"Castle Hayne","PM 2.5","New Hanover",34.364167,-77.838611
"6883",3-06-20,15,"Castle Hayne","PM 2.5","New Hanover",34.364167,-77.838611
"6884",3-07-20,22,"Castle Hayne","PM 2.5","New Hanover",34.364167,-77.838611
"6885",3-08-20,10,"Castle Hayne","PM 2.5","New Hanover",34.364167,-77.838611
"6886",3-09-20,17,"Castle Hayne","PM 2.5","New Hanover",34.364167,-77.838611
"6887",3-10-20,55,"Castle Hayne","PM 2.5","New Hanover",34.364167,-77.838611
"6888",3-11-20,28,"Castle Hayne","PM 2.5","New Hanover",34.364167,-77.838611
"6889",3-12-20,18,"Castle Hayne","PM 2.5","New Hanover",34.364167,-77.838611
"6890",NA,20,"Castle Hayne","PM 2.5","New Hanover",34.364167,-77.838611
"6891",NA,20,"Castle Hayne","PM 2.5","New Hanover",34.364167,-77.838611
"6892",NA,19,"Castle Hayne","PM 2.5","New Hanover",34.364167,-77.838611
"6893",NA,56,"Castle Hayne","PM 2.5","New Hanover",34.364167,-77.838611
"6894",NA,38,"Castle Hayne","PM 2.5","New Hanover",34.364167,-77.838611
"6895",NA,36,"Castle Hayne","PM 2.5","New Hanover",34.364167,-77.838611
"6896",NA,9,"Castle Hayne","PM 2.5","New Hanover",34.364167,-77.838611
"6897",NA,8,"Castle Hayne","PM 2.5","New Hanover",34.364167,-77.838611
"6898",NA,7,"Castle Hayne","PM 2.5","New Hanover",34.364167,-77.838611
"6899",NA,13,"Castle Hayne","PM 2.5","New Hanover",34.364167,-77.838611
"6900",NA,18,"Castle Hayne","PM 2.5","New Hanover",34.364167,-77.838611
"6901",NA,23,"Castle Hayne","PM 2.5","New Hanover",34.364167,-77.838611
"6902",NA,7,"Castle Hayne","PM 2.5","New Hanover",34.364167,-77.838611
"6903",NA,13,"Castle Hayne","PM 2.5","New Hanover",34.364167,-77.838611
"6904",NA,21,"Castle Hayne","PM 2.5","New Hanover",34.364167,-77.838611
"6905",NA,26,"Castle Hayne","PM 2.5","New Hanover",34.364167,-77.838611
"6906",NA,1,"Castle Hayne","PM 2.5","New Hanover",34.364167,-77.838611
"6907",NA,22,"Castle Hayne","PM 2.5","New Hanover",34.364167,-77.838611
"6908",NA,8,"Castle Hayne","PM 2.5","New Hanover",34.364167,-77.838611
"6909",4-01-20,14,"Castle Hayne","PM 2.5","New Hanover",34.364167,-77.838611
"6910",4-02-20,19,"Castle Hayne","PM 2.5","New Hanover",34.364167,-77.838611
"6911",4-03-20,28,"Castle Hayne","PM 2.5","New Hanover",34.364167,-77.838611
"6912",4-04-20,14,"Castle Hayne","PM 2.5","New Hanover",34.364167,-77.838611
"6913",4-05-20,9,"Castle Hayne","PM 2.5","New Hanover",34.364167,-77.838611
"6914",4-06-20,16,"Castle Hayne","PM 2.5","New Hanover",34.364167,-77.838611
"6915",4-07-20,23,"Castle Hayne","PM 2.5","New Hanover",34.364167,-77.838611
"6916",4-08-20,9,"Castle Hayne","PM 2.5","New Hanover",34.364167,-77.838611
"6917",4-09-20,13,"Castle Hayne","PM 2.5","New Hanover",34.364167,-77.838611
"6918",4-10-20,15,"Castle Hayne","PM 2.5","New Hanover",34.364167,-77.838611
"6919",4-11-20,28,"Castle Hayne","PM 2.5","New Hanover",34.364167,-77.838611
"6920",4-12-20,18,"Castle Hayne","PM 2.5","New Hanover",34.364167,-77.838611
"6921",NA,20,"Castle Hayne","PM 2.5","New Hanover",34.364167,-77.838611
"6922",NA,16,"Castle Hayne","PM 2.5","New Hanover",34.364167,-77.838611
"6923",NA,18,"Castle Hayne","PM 2.5","New Hanover",34.364167,-77.838611
"6924",NA,5,"Castle Hayne","PM 2.5","New Hanover",34.364167,-77.838611
"6925",NA,4,"Castle Hayne","PM 2.5","New Hanover",34.364167,-77.838611
"6926",NA,33,"Castle Hayne","PM 2.5","New Hanover",34.364167,-77.838611
"6927",NA,32,"Castle Hayne","PM 2.5","New Hanover",34.364167,-77.838611
"6928",NA,6,"Castle Hayne","PM 2.5","New Hanover",34.364167,-77.838611
"6929",NA,7,"Castle Hayne","PM 2.5","New Hanover",34.364167,-77.838611
"6930",NA,5,"Castle Hayne","PM 2.5","New Hanover",34.364167,-77.838611
"6931",NA,2,"Castle Hayne","PM 2.5","New Hanover",34.364167,-77.838611
"6932",NA,2,"Castle Hayne","PM 2.5","New Hanover",34.364167,-77.838611
"6933",NA,13,"Castle Hayne","PM 2.5","New Hanover",34.364167,-77.838611
"6934",NA,21,"Castle Hayne","PM 2.5","New Hanover",34.364167,-77.838611
"6935",NA,18,"Castle Hayne","PM 2.5","New Hanover",34.364167,-77.838611
"6936",NA,13,"Castle Hayne","PM 2.5","New Hanover",34.364167,-77.838611
"6937",NA,11,"Castle Hayne","PM 2.5","New Hanover",34.364167,-77.838611
"6938",5-01-20,16,"Castle Hayne","PM 2.5","New Hanover",34.364167,-77.838611
"6939",5-02-20,9,"Castle Hayne","PM 2.5","New Hanover",34.364167,-77.838611
"6940",5-03-20,17,"Castle Hayne","PM 2.5","New Hanover",34.364167,-77.838611
"6941",5-04-20,8,"Castle Hayne","PM 2.5","New Hanover",34.364167,-77.838611
"6942",5-05-20,8,"Castle Hayne","PM 2.5","New Hanover",34.364167,-77.838611
"6943",5-06-20,3,"Castle Hayne","PM 2.5","New Hanover",34.364167,-77.838611
"6944",5-07-20,23,"Castle Hayne","PM 2.5","New Hanover",34.364167,-77.838611
"6945",5-08-20,22,"Castle Hayne","PM 2.5","New Hanover",34.364167,-77.838611
"6946",5-09-20,8,"Castle Hayne","PM 2.5","New Hanover",34.364167,-77.838611
"6947",5-10-20,21,"Castle Hayne","PM 2.5","New Hanover",34.364167,-77.838611
"6948",5-11-20,28,"Castle Hayne","PM 2.5","New Hanover",34.364167,-77.838611
"6949",5-12-20,35,"Castle Hayne","PM 2.5","New Hanover",34.364167,-77.838611
"6950",NA,18,"Castle Hayne","PM 2.5","New Hanover",34.364167,-77.838611
"6951",NA,0,"Castle Hayne","PM 2.5","New Hanover",34.364167,-77.838611
"6952",NA,4,"Castle Hayne","PM 2.5","New Hanover",34.364167,-77.838611
"6953",NA,0,"Castle Hayne","PM 2.5","New Hanover",34.364167,-77.838611
"6954",NA,6,"Castle Hayne","PM 2.5","New Hanover",34.364167,-77.838611
"6955",NA,0,"Castle Hayne","PM 2.5","New Hanover",34.364167,-77.838611
"6956",NA,15,"Castle Hayne","PM 2.5","New Hanover",34.364167,-77.838611
"6957",NA,0,"Castle Hayne","PM 2.5","New Hanover",34.364167,-77.838611
"6958",6-02-20,19,"Castle Hayne","PM 2.5","New Hanover",34.364167,-77.838611
"6959",6-03-20,28,"Castle Hayne","PM 2.5","New Hanover",34.364167,-77.838611
"6960",6-04-20,29,"Castle Hayne","PM 2.5","New Hanover",34.364167,-77.838611
"6961",6-05-20,28,"Castle Hayne","PM 2.5","New Hanover",34.364167,-77.838611
"6962",6-06-20,33,"Castle Hayne","PM 2.5","New Hanover",34.364167,-77.838611
"6963",6-07-20,40,"Castle Hayne","PM 2.5","New Hanover",34.364167,-77.838611
"6964",6-08-20,21,"Castle Hayne","PM 2.5","New Hanover",34.364167,-77.838611
"6965",6-09-20,8,"Castle Hayne","PM 2.5","New Hanover",34.364167,-77.838611
"6966",6-10-20,9,"Castle Hayne","PM 2.5","New Hanover",34.364167,-77.838611
"6967",6-11-20,38,"Castle Hayne","PM 2.5","New Hanover",34.364167,-77.838611
"6968",6-12-20,23,"Castle Hayne","PM 2.5","New Hanover",34.364167,-77.838611
"6969",NA,34,"Castle Hayne","PM 2.5","New Hanover",34.364167,-77.838611
"6970",NA,25,"Castle Hayne","PM 2.5","New Hanover",34.364167,-77.838611
"6971",NA,22,"Castle Hayne","PM 2.5","New Hanover",34.364167,-77.838611
"6972",NA,14,"Castle Hayne","PM 2.5","New Hanover",34.364167,-77.838611
"6973",NA,18,"Castle Hayne","PM 2.5","New Hanover",34.364167,-77.838611
"6974",NA,29,"Castle Hayne","PM 2.5","New Hanover",34.364167,-77.838611
"6975",NA,36,"Castle Hayne","PM 2.5","New Hanover",34.364167,-77.838611
"6976",NA,47,"Castle Hayne","PM 2.5","New Hanover",34.364167,-77.838611
"6977",NA,50,"Castle Hayne","PM 2.5","New Hanover",34.364167,-77.838611
"6978",NA,54,"Castle Hayne","PM 2.5","New Hanover",34.364167,-77.838611
"6979",NA,58,"Castle Hayne","PM 2.5","New Hanover",34.364167,-77.838611
"6980",NA,38,"Castle Hayne","PM 2.5","New Hanover",34.364167,-77.838611
"6981",NA,35,"Castle Hayne","PM 2.5","New Hanover",34.364167,-77.838611
"6982",NA,12,"Castle Hayne","PM 2.5","New Hanover",34.364167,-77.838611
"6983",NA,16,"Castle Hayne","PM 2.5","New Hanover",34.364167,-77.838611
"6984",NA,27,"Castle Hayne","PM 2.5","New Hanover",34.364167,-77.838611
"6985",NA,27,"Castle Hayne","PM 2.5","New Hanover",34.364167,-77.838611
"6986",NA,24,"Castle Hayne","PM 2.5","New Hanover",34.364167,-77.838611
"6987",7-01-20,17,"Castle Hayne","PM 2.5","New Hanover",34.364167,-77.838611
"6988",7-02-20,13,"Castle Hayne","PM 2.5","New Hanover",34.364167,-77.838611
"6989",7-03-20,20,"Castle Hayne","PM 2.5","New Hanover",34.364167,-77.838611
"6990",7-04-20,14,"Castle Hayne","PM 2.5","New Hanover",34.364167,-77.838611
"6991",7-05-20,8,"Castle Hayne","PM 2.5","New Hanover",34.364167,-77.838611
"6992",7-06-20,0,"Castle Hayne","PM 2.5","New Hanover",34.364167,-77.838611
"6993",7-07-20,23,"Castle Hayne","PM 2.5","New Hanover",34.364167,-77.838611
"6994",7-08-20,10,"Castle Hayne","PM 2.5","New Hanover",34.364167,-77.838611
"6995",7-09-20,12,"Castle Hayne","PM 2.5","New Hanover",34.364167,-77.838611
"6996",7-10-20,26,"Castle Hayne","PM 2.5","New Hanover",34.364167,-77.838611
"6997",7-11-20,51,"Castle Hayne","PM 2.5","New Hanover",34.364167,-77.838611
"6998",7-12-20,36,"Castle Hayne","PM 2.5","New Hanover",34.364167,-77.838611
"6999",NA,22,"Castle Hayne","PM 2.5","New Hanover",34.364167,-77.838611
"7000",NA,13,"Castle Hayne","PM 2.5","New Hanover",34.364167,-77.838611
"7001",NA,7,"Castle Hayne","PM 2.5","New Hanover",34.364167,-77.838611
"7002",NA,10,"Castle Hayne","PM 2.5","New Hanover",34.364167,-77.838611
"7003",NA,22,"Castle Hayne","PM 2.5","New Hanover",34.364167,-77.838611
"7004",NA,19,"Castle Hayne","PM 2.5","New Hanover",34.364167,-77.838611
"7005",NA,21,"Castle Hayne","PM 2.5","New Hanover",34.364167,-77.838611
"7006",NA,12,"Castle Hayne","PM 2.5","New Hanover",34.364167,-77.838611
"7007",NA,5,"Castle Hayne","PM 2.5","New Hanover",34.364167,-77.838611
"7008",NA,30,"Castle Hayne","PM 2.5","New Hanover",34.364167,-77.838611
"7009",NA,9,"Castle Hayne","PM 2.5","New Hanover",34.364167,-77.838611
"7010",NA,5,"Castle Hayne","PM 2.5","New Hanover",34.364167,-77.838611
"7011",NA,0,"Castle Hayne","PM 2.5","New Hanover",34.364167,-77.838611
"7012",NA,18,"Castle Hayne","PM 2.5","New Hanover",34.364167,-77.838611
"7013",NA,13,"Castle Hayne","PM 2.5","New Hanover",34.364167,-77.838611
"7014",NA,12,"Castle Hayne","PM 2.5","New Hanover",34.364167,-77.838611
"7015",NA,11,"Castle Hayne","PM 2.5","New Hanover",34.364167,-77.838611
"7016",NA,12,"Castle Hayne","PM 2.5","New Hanover",34.364167,-77.838611
"7017",NA,10,"Castle Hayne","PM 2.5","New Hanover",34.364167,-77.838611
"7018",8-01-20,11,"Castle Hayne","PM 2.5","New Hanover",34.364167,-77.838611
"7019",8-02-20,21,"Castle Hayne","PM 2.5","New Hanover",34.364167,-77.838611
"7020",8-03-20,0,"Castle Hayne","PM 2.5","New Hanover",34.364167,-77.838611
"7021",8-04-20,0,"Castle Hayne","PM 2.5","New Hanover",34.364167,-77.838611
"7022",8-05-20,0,"Castle Hayne","PM 2.5","New Hanover",34.364167,-77.838611
"7023",8-06-20,15,"Castle Hayne","PM 2.5","New Hanover",34.364167,-77.838611
"7024",8-07-20,15,"Castle Hayne","PM 2.5","New Hanover",34.364167,-77.838611
"7025",8-08-20,18,"Castle Hayne","PM 2.5","New Hanover",34.364167,-77.838611
"7026",8-09-20,15,"Castle Hayne","PM 2.5","New Hanover",34.364167,-77.838611
"7027",8-10-20,32,"Castle Hayne","PM 2.5","New Hanover",34.364167,-77.838611
"7028",8-11-20,21,"Castle Hayne","PM 2.5","New Hanover",34.364167,-77.838611
"7029",8-12-20,23,"Castle Hayne","PM 2.5","New Hanover",34.364167,-77.838611
"7030",NA,15,"Castle Hayne","PM 2.5","New Hanover",34.364167,-77.838611
"7031",NA,47,"Castle Hayne","PM 2.5","New Hanover",34.364167,-77.838611
"7032",NA,28,"Castle Hayne","PM 2.5","New Hanover",34.364167,-77.838611
"7033",NA,27,"Castle Hayne","PM 2.5","New Hanover",34.364167,-77.838611
"7034",NA,15,"Castle Hayne","PM 2.5","New Hanover",34.364167,-77.838611
"7035",NA,11,"Castle Hayne","PM 2.5","New Hanover",34.364167,-77.838611
"7036",NA,10,"Castle Hayne","PM 2.5","New Hanover",34.364167,-77.838611
"7037",NA,11,"Castle Hayne","PM 2.5","New Hanover",34.364167,-77.838611
"7038",NA,13,"Castle Hayne","PM 2.5","New Hanover",34.364167,-77.838611
"7039",NA,22,"Castle Hayne","PM 2.5","New Hanover",34.364167,-77.838611
"7040",NA,38,"Castle Hayne","PM 2.5","New Hanover",34.364167,-77.838611
"7041",NA,28,"Castle Hayne","PM 2.5","New Hanover",34.364167,-77.838611
"7042",NA,16,"Castle Hayne","PM 2.5","New Hanover",34.364167,-77.838611
"7043",NA,20,"Castle Hayne","PM 2.5","New Hanover",34.364167,-77.838611
"7044",NA,9,"Castle Hayne","PM 2.5","New Hanover",34.364167,-77.838611
"7045",NA,1,"Castle Hayne","PM 2.5","New Hanover",34.364167,-77.838611
"7046",NA,0,"Castle Hayne","PM 2.5","New Hanover",34.364167,-77.838611
"7047",NA,1,"Castle Hayne","PM 2.5","New Hanover",34.364167,-77.838611
"7048",NA,5,"Castle Hayne","PM 2.5","New Hanover",34.364167,-77.838611
"7049",9-01-20,3,"Castle Hayne","PM 2.5","New Hanover",34.364167,-77.838611
"7050",9-02-20,0,"Castle Hayne","PM 2.5","New Hanover",34.364167,-77.838611
"7051",9-03-20,0,"Castle Hayne","PM 2.5","New Hanover",34.364167,-77.838611
"7052",9-04-20,0,"Castle Hayne","PM 2.5","New Hanover",34.364167,-77.838611
"7053",9-05-20,4,"Castle Hayne","PM 2.5","New Hanover",34.364167,-77.838611
"7054",9-06-20,0,"Castle Hayne","PM 2.5","New Hanover",34.364167,-77.838611
"7055",9-07-20,8,"Castle Hayne","PM 2.5","New Hanover",34.364167,-77.838611
"7056",9-08-20,1,"Castle Hayne","PM 2.5","New Hanover",34.364167,-77.838611
"7057",9-09-20,0,"Castle Hayne","PM 2.5","New Hanover",34.364167,-77.838611
"7058",10-06-20,46,"Castle Hayne","PM 2.5","New Hanover",34.364167,-77.838611
"7059",10-07-20,21,"Castle Hayne","PM 2.5","New Hanover",34.364167,-77.838611
"7060",10-08-20,14,"Castle Hayne","PM 2.5","New Hanover",34.364167,-77.838611
"7061",10-09-20,7,"Castle Hayne","PM 2.5","New Hanover",34.364167,-77.838611
"7062",NA,16,"Castle Hayne","PM 2.5","New Hanover",34.364167,-77.838611
"7063",NA,11,"Castle Hayne","PM 2.5","New Hanover",34.364167,-77.838611
"7064",NA,14,"Castle Hayne","PM 2.5","New Hanover",34.364167,-77.838611
"7065",NA,2,"Castle Hayne","PM 2.5","New Hanover",34.364167,-77.838611
"7066",NA,10,"Castle Hayne","PM 2.5","New Hanover",34.364167,-77.838611
"7067",NA,8,"Castle Hayne","PM 2.5","New Hanover",34.364167,-77.838611
"7068",NA,4,"Castle Hayne","PM 2.5","New Hanover",34.364167,-77.838611
"7069",NA,16,"Castle Hayne","PM 2.5","New Hanover",34.364167,-77.838611
"7070",NA,16,"Castle Hayne","PM 2.5","New Hanover",34.364167,-77.838611
"7071",NA,15,"Castle Hayne","PM 2.5","New Hanover",34.364167,-77.838611
"7072",NA,1,"Castle Hayne","PM 2.5","New Hanover",34.364167,-77.838611
"7073",NA,8,"Castle Hayne","PM 2.5","New Hanover",34.364167,-77.838611
"7074",NA,13,"Castle Hayne","PM 2.5","New Hanover",34.364167,-77.838611
"7075",NA,9,"Castle Hayne","PM 2.5","New Hanover",34.364167,-77.838611
"7076",NA,13,"Castle Hayne","PM 2.5","New Hanover",34.364167,-77.838611
"7077",11-01-20,4,"Castle Hayne","PM 2.5","New Hanover",34.364167,-77.838611
"7078",11-02-20,12,"Castle Hayne","PM 2.5","New Hanover",34.364167,-77.838611
"7079",11-03-20,6,"Castle Hayne","PM 2.5","New Hanover",34.364167,-77.838611
"7080",11-04-20,6,"Castle Hayne","PM 2.5","New Hanover",34.364167,-77.838611
"7081",11-05-20,0,"Castle Hayne","PM 2.5","New Hanover",34.364167,-77.838611
"7082",11-06-20,5,"Castle Hayne","PM 2.5","New Hanover",34.364167,-77.838611
"7083",11-07-20,9,"Castle Hayne","PM 2.5","New Hanover",34.364167,-77.838611
"7084",11-08-20,7,"Castle Hayne","PM 2.5","New Hanover",34.364167,-77.838611
"7085",11-09-20,18,"Castle Hayne","PM 2.5","New Hanover",34.364167,-77.838611
"7086",11-10-20,10,"Castle Hayne","PM 2.5","New Hanover",34.364167,-77.838611
"7087",11-11-20,18,"Castle Hayne","PM 2.5","New Hanover",34.364167,-77.838611
"7088",11-12-20,10,"Castle Hayne","PM 2.5","New Hanover",34.364167,-77.838611
"7089",NA,6,"Castle Hayne","PM 2.5","New Hanover",34.364167,-77.838611
"7090",NA,15,"Castle Hayne","PM 2.5","New Hanover",34.364167,-77.838611
"7091",NA,0,"Castle Hayne","PM 2.5","New Hanover",34.364167,-77.838611
"7092",NA,5,"Castle Hayne","PM 2.5","New Hanover",34.364167,-77.838611
"7093",NA,20,"Castle Hayne","PM 2.5","New Hanover",34.364167,-77.838611
"7094",NA,18,"Castle Hayne","PM 2.5","New Hanover",34.364167,-77.838611
"7095",NA,20,"Castle Hayne","PM 2.5","New Hanover",34.364167,-77.838611
"7096",NA,30,"Castle Hayne","PM 2.5","New Hanover",34.364167,-77.838611
"7097",NA,10,"Castle Hayne","PM 2.5","New Hanover",34.364167,-77.838611
"7098",NA,23,"Castle Hayne","PM 2.5","New Hanover",34.364167,-77.838611
"7099",NA,5,"Castle Hayne","PM 2.5","New Hanover",34.364167,-77.838611
"7100",NA,0,"Castle Hayne","PM 2.5","New Hanover",34.364167,-77.838611
"7101",NA,13,"Castle Hayne","PM 2.5","New Hanover",34.364167,-77.838611
"7102",NA,6,"Castle Hayne","PM 2.5","New Hanover",34.364167,-77.838611
"7103",NA,2,"Castle Hayne","PM 2.5","New Hanover",34.364167,-77.838611
"7104",NA,16,"Castle Hayne","PM 2.5","New Hanover",34.364167,-77.838611
"7105",NA,28,"Castle Hayne","PM 2.5","New Hanover",34.364167,-77.838611
"7106",NA,37,"Castle Hayne","PM 2.5","New Hanover",34.364167,-77.838611
"7107",12-01-20,8,"Castle Hayne","PM 2.5","New Hanover",34.364167,-77.838611
"7108",12-02-20,0,"Castle Hayne","PM 2.5","New Hanover",34.364167,-77.838611
"7109",12-03-20,25,"Castle Hayne","PM 2.5","New Hanover",34.364167,-77.838611
"7110",12-04-20,14,"Castle Hayne","PM 2.5","New Hanover",34.364167,-77.838611
"7111",12-05-20,9,"Castle Hayne","PM 2.5","New Hanover",34.364167,-77.838611
"7112",12-06-20,13,"Castle Hayne","PM 2.5","New Hanover",34.364167,-77.838611
"7113",12-07-20,24,"Castle Hayne","PM 2.5","New Hanover",34.364167,-77.838611
"7114",12-08-20,20,"Castle Hayne","PM 2.5","New Hanover",34.364167,-77.838611
"7115",12-09-20,0,"Castle Hayne","PM 2.5","New Hanover",34.364167,-77.838611
"7116",12-10-20,8,"Castle Hayne","PM 2.5","New Hanover",34.364167,-77.838611
"7117",12-11-20,38,"Castle Hayne","PM 2.5","New Hanover",34.364167,-77.838611
"7118",12-12-20,18,"Castle Hayne","PM 2.5","New Hanover",34.364167,-77.838611
"7119",NA,25,"Castle Hayne","PM 2.5","New Hanover",34.364167,-77.838611
"7120",NA,4,"Castle Hayne","PM 2.5","New Hanover",34.364167,-77.838611
"7121",NA,0,"Castle Hayne","PM 2.5","New Hanover",34.364167,-77.838611
"7122",NA,5,"Castle Hayne","PM 2.5","New Hanover",34.364167,-77.838611
"7123",NA,0,"Castle Hayne","PM 2.5","New Hanover",34.364167,-77.838611
"7124",NA,21,"Castle Hayne","PM 2.5","New Hanover",34.364167,-77.838611
"7125",NA,19,"Castle Hayne","PM 2.5","New Hanover",34.364167,-77.838611
"7126",NA,7,"Castle Hayne","PM 2.5","New Hanover",34.364167,-77.838611
"7127",NA,17,"Castle Hayne","PM 2.5","New Hanover",34.364167,-77.838611
"7128",NA,0,"Castle Hayne","PM 2.5","New Hanover",34.364167,-77.838611
"7129",NA,15,"Castle Hayne","PM 2.5","New Hanover",34.364167,-77.838611
"7130",NA,8,"Castle Hayne","PM 2.5","New Hanover",34.364167,-77.838611
"7131",NA,10,"Castle Hayne","PM 2.5","New Hanover",34.364167,-77.838611
"7132",NA,15,"Castle Hayne","PM 2.5","New Hanover",34.364167,-77.838611
"7133",NA,10,"Castle Hayne","PM 2.5","New Hanover",34.364167,-77.838611
"7134",NA,8,"Castle Hayne","PM 2.5","New Hanover",34.364167,-77.838611
"7135",NA,5,"Castle Hayne","PM 2.5","New Hanover",34.364167,-77.838611
"7136",NA,14,"Castle Hayne","PM 2.5","New Hanover",34.364167,-77.838611
"7137",NA,10,"Castle Hayne","PM 2.5","New Hanover",34.364167,-77.838611
"7138",1-02-20,26,"Pitt Agri. Center","PM 2.5","Pitt",35.6412760008938,-77.360126
"7139",1-05-20,18,"Pitt Agri. Center","PM 2.5","Pitt",35.6412760008938,-77.360126
"7140",1-08-20,27,"Pitt Agri. Center","PM 2.5","Pitt",35.6412760008938,-77.360126
"7141",1-11-20,24,"Pitt Agri. Center","PM 2.5","Pitt",35.6412760008938,-77.360126
"7142",NA,12,"Pitt Agri. Center","PM 2.5","Pitt",35.6412760008938,-77.360126
"7143",NA,47,"Pitt Agri. Center","PM 2.5","Pitt",35.6412760008938,-77.360126
"7144",NA,35,"Pitt Agri. Center","PM 2.5","Pitt",35.6412760008938,-77.360126
"7145",NA,15,"Pitt Agri. Center","PM 2.5","Pitt",35.6412760008938,-77.360126
"7146",NA,18,"Pitt Agri. Center","PM 2.5","Pitt",35.6412760008938,-77.360126
"7147",NA,6,"Pitt Agri. Center","PM 2.5","Pitt",35.6412760008938,-77.360126
"7148",2-01-20,20,"Pitt Agri. Center","PM 2.5","Pitt",35.6412760008938,-77.360126
"7149",2-04-20,12,"Pitt Agri. Center","PM 2.5","Pitt",35.6412760008938,-77.360126
"7150",2-07-20,19,"Pitt Agri. Center","PM 2.5","Pitt",35.6412760008938,-77.360126
"7151",2-10-20,23,"Pitt Agri. Center","PM 2.5","Pitt",35.6412760008938,-77.360126
"7152",NA,25,"Pitt Agri. Center","PM 2.5","Pitt",35.6412760008938,-77.360126
"7153",NA,25,"Pitt Agri. Center","PM 2.5","Pitt",35.6412760008938,-77.360126
"7154",NA,25,"Pitt Agri. Center","PM 2.5","Pitt",35.6412760008938,-77.360126
"7155",NA,29,"Pitt Agri. Center","PM 2.5","Pitt",35.6412760008938,-77.360126
"7156",NA,16,"Pitt Agri. Center","PM 2.5","Pitt",35.6412760008938,-77.360126
"7157",NA,20,"Pitt Agri. Center","PM 2.5","Pitt",35.6412760008938,-77.360126
"7158",3-03-20,10,"Pitt Agri. Center","PM 2.5","Pitt",35.6412760008938,-77.360126
"7159",3-06-20,20,"Pitt Agri. Center","PM 2.5","Pitt",35.6412760008938,-77.360126
"7160",3-09-20,18,"Pitt Agri. Center","PM 2.5","Pitt",35.6412760008938,-77.360126
"7161",3-12-20,21,"Pitt Agri. Center","PM 2.5","Pitt",35.6412760008938,-77.360126
"7162",NA,25,"Pitt Agri. Center","PM 2.5","Pitt",35.6412760008938,-77.360126
"7163",NA,21,"Pitt Agri. Center","PM 2.5","Pitt",35.6412760008938,-77.360126
"7164",NA,7,"Pitt Agri. Center","PM 2.5","Pitt",35.6412760008938,-77.360126
"7165",NA,18,"Pitt Agri. Center","PM 2.5","Pitt",35.6412760008938,-77.360126
"7166",NA,25,"Pitt Agri. Center","PM 2.5","Pitt",35.6412760008938,-77.360126
"7167",NA,23,"Pitt Agri. Center","PM 2.5","Pitt",35.6412760008938,-77.360126
"7168",4-02-20,29,"Pitt Agri. Center","PM 2.5","Pitt",35.6412760008938,-77.360126
"7169",4-05-20,21,"Pitt Agri. Center","PM 2.5","Pitt",35.6412760008938,-77.360126
"7170",4-08-20,18,"Pitt Agri. Center","PM 2.5","Pitt",35.6412760008938,-77.360126
"7171",4-11-20,35,"Pitt Agri. Center","PM 2.5","Pitt",35.6412760008938,-77.360126
"7172",NA,31,"Pitt Agri. Center","PM 2.5","Pitt",35.6412760008938,-77.360126
"7173",NA,19,"Pitt Agri. Center","PM 2.5","Pitt",35.6412760008938,-77.360126
"7174",NA,16,"Pitt Agri. Center","PM 2.5","Pitt",35.6412760008938,-77.360126
"7175",NA,20,"Pitt Agri. Center","PM 2.5","Pitt",35.6412760008938,-77.360126
"7176",NA,21,"Pitt Agri. Center","PM 2.5","Pitt",35.6412760008938,-77.360126
"7177",NA,25,"Pitt Agri. Center","PM 2.5","Pitt",35.6412760008938,-77.360126
"7178",5-02-20,34,"Pitt Agri. Center","PM 2.5","Pitt",35.6412760008938,-77.360126
"7179",5-05-20,27,"Pitt Agri. Center","PM 2.5","Pitt",35.6412760008938,-77.360126
"7180",5-08-20,19,"Pitt Agri. Center","PM 2.5","Pitt",35.6412760008938,-77.360126
"7181",5-11-20,43,"Pitt Agri. Center","PM 2.5","Pitt",35.6412760008938,-77.360126
"7182",NA,36,"Pitt Agri. Center","PM 2.5","Pitt",35.6412760008938,-77.360126
"7183",NA,15,"Pitt Agri. Center","PM 2.5","Pitt",35.6412760008938,-77.360126
"7184",NA,21,"Pitt Agri. Center","PM 2.5","Pitt",35.6412760008938,-77.360126
"7185",NA,25,"Pitt Agri. Center","PM 2.5","Pitt",35.6412760008938,-77.360126
"7186",NA,22,"Pitt Agri. Center","PM 2.5","Pitt",35.6412760008938,-77.360126
"7187",NA,17,"Pitt Agri. Center","PM 2.5","Pitt",35.6412760008938,-77.360126
"7188",6-01-20,34,"Pitt Agri. Center","PM 2.5","Pitt",35.6412760008938,-77.360126
"7189",6-04-20,20,"Pitt Agri. Center","PM 2.5","Pitt",35.6412760008938,-77.360126
"7190",6-07-20,30,"Pitt Agri. Center","PM 2.5","Pitt",35.6412760008938,-77.360126
"7191",6-10-20,22,"Pitt Agri. Center","PM 2.5","Pitt",35.6412760008938,-77.360126
"7192",NA,29,"Pitt Agri. Center","PM 2.5","Pitt",35.6412760008938,-77.360126
"7193",NA,36,"Pitt Agri. Center","PM 2.5","Pitt",35.6412760008938,-77.360126
"7194",NA,54,"Pitt Agri. Center","PM 2.5","Pitt",35.6412760008938,-77.360126
"7195",NA,48,"Pitt Agri. Center","PM 2.5","Pitt",35.6412760008938,-77.360126
"7196",NA,38,"Pitt Agri. Center","PM 2.5","Pitt",35.6412760008938,-77.360126
"7197",NA,37,"Pitt Agri. Center","PM 2.5","Pitt",35.6412760008938,-77.360126
"7198",7-01-20,32,"Pitt Agri. Center","PM 2.5","Pitt",35.6412760008938,-77.360126
"7199",7-04-20,22,"Pitt Agri. Center","PM 2.5","Pitt",35.6412760008938,-77.360126
"7200",7-07-20,28,"Pitt Agri. Center","PM 2.5","Pitt",35.6412760008938,-77.360126
"7201",7-10-20,45,"Pitt Agri. Center","PM 2.5","Pitt",35.6412760008938,-77.360126
"7202",NA,35,"Pitt Agri. Center","PM 2.5","Pitt",35.6412760008938,-77.360126
"7203",NA,34,"Pitt Agri. Center","PM 2.5","Pitt",35.6412760008938,-77.360126
"7204",NA,37,"Pitt Agri. Center","PM 2.5","Pitt",35.6412760008938,-77.360126
"7205",NA,35,"Pitt Agri. Center","PM 2.5","Pitt",35.6412760008938,-77.360126
"7206",NA,15,"Pitt Agri. Center","PM 2.5","Pitt",35.6412760008938,-77.360126
"7207",NA,30,"Pitt Agri. Center","PM 2.5","Pitt",35.6412760008938,-77.360126
"7208",NA,26,"Pitt Agri. Center","PM 2.5","Pitt",35.6412760008938,-77.360126
"7209",8-03-20,12,"Pitt Agri. Center","PM 2.5","Pitt",35.6412760008938,-77.360126
"7210",8-06-20,35,"Pitt Agri. Center","PM 2.5","Pitt",35.6412760008938,-77.360126
"7211",8-09-20,28,"Pitt Agri. Center","PM 2.5","Pitt",35.6412760008938,-77.360126
"7212",8-12-20,29,"Pitt Agri. Center","PM 2.5","Pitt",35.6412760008938,-77.360126
"7213",NA,53,"Pitt Agri. Center","PM 2.5","Pitt",35.6412760008938,-77.360126
"7214",NA,24,"Pitt Agri. Center","PM 2.5","Pitt",35.6412760008938,-77.360126
"7215",NA,27,"Pitt Agri. Center","PM 2.5","Pitt",35.6412760008938,-77.360126
"7216",NA,31,"Pitt Agri. Center","PM 2.5","Pitt",35.6412760008938,-77.360126
"7217",NA,41,"Pitt Agri. Center","PM 2.5","Pitt",35.6412760008938,-77.360126
"7218",NA,31,"Pitt Agri. Center","PM 2.5","Pitt",35.6412760008938,-77.360126
"7219",9-02-20,18,"Pitt Agri. Center","PM 2.5","Pitt",35.6412760008938,-77.360126
"7220",9-05-20,24,"Pitt Agri. Center","PM 2.5","Pitt",35.6412760008938,-77.360126
"7221",9-08-20,28,"Pitt Agri. Center","PM 2.5","Pitt",35.6412760008938,-77.360126
"7222",NA,26,"Pitt Agri. Center","PM 2.5","Pitt",35.6412760008938,-77.360126
"7223",NA,38,"Pitt Agri. Center","PM 2.5","Pitt",35.6412760008938,-77.360126
"7224",NA,23,"Pitt Agri. Center","PM 2.5","Pitt",35.6412760008938,-77.360126
"7225",NA,27,"Pitt Agri. Center","PM 2.5","Pitt",35.6412760008938,-77.360126
"7226",NA,30,"Pitt Agri. Center","PM 2.5","Pitt",35.6412760008938,-77.360126
"7227",NA,14,"Pitt Agri. Center","PM 2.5","Pitt",35.6412760008938,-77.360126
"7228",10-02-20,30,"Pitt Agri. Center","PM 2.5","Pitt",35.6412760008938,-77.360126
"7229",10-05-20,49,"Pitt Agri. Center","PM 2.5","Pitt",35.6412760008938,-77.360126
"7230",10-08-20,16,"Pitt Agri. Center","PM 2.5","Pitt",35.6412760008938,-77.360126
"7231",NA,20,"Pitt Agri. Center","PM 2.5","Pitt",35.6412760008938,-77.360126
"7232",NA,22,"Pitt Agri. Center","PM 2.5","Pitt",35.6412760008938,-77.360126
"7233",NA,24,"Pitt Agri. Center","PM 2.5","Pitt",35.6412760008938,-77.360126
"7234",NA,32,"Pitt Agri. Center","PM 2.5","Pitt",35.6412760008938,-77.360126
"7235",NA,28,"Pitt Agri. Center","PM 2.5","Pitt",35.6412760008938,-77.360126
"7236",NA,17,"Pitt Agri. Center","PM 2.5","Pitt",35.6412760008938,-77.360126
"7237",NA,18,"Pitt Agri. Center","PM 2.5","Pitt",35.6412760008938,-77.360126
"7238",11-01-20,18,"Pitt Agri. Center","PM 2.5","Pitt",35.6412760008938,-77.360126
"7239",11-04-20,17,"Pitt Agri. Center","PM 2.5","Pitt",35.6412760008938,-77.360126
"7240",11-07-20,21,"Pitt Agri. Center","PM 2.5","Pitt",35.6412760008938,-77.360126
"7241",11-10-20,18,"Pitt Agri. Center","PM 2.5","Pitt",35.6412760008938,-77.360126
"7242",NA,13,"Pitt Agri. Center","PM 2.5","Pitt",35.6412760008938,-77.360126
"7243",NA,13,"Pitt Agri. Center","PM 2.5","Pitt",35.6412760008938,-77.360126
"7244",NA,28,"Pitt Agri. Center","PM 2.5","Pitt",35.6412760008938,-77.360126
"7245",NA,29,"Pitt Agri. Center","PM 2.5","Pitt",35.6412760008938,-77.360126
"7246",NA,27,"Pitt Agri. Center","PM 2.5","Pitt",35.6412760008938,-77.360126
"7247",NA,15,"Pitt Agri. Center","PM 2.5","Pitt",35.6412760008938,-77.360126
"7248",12-04-20,17,"Pitt Agri. Center","PM 2.5","Pitt",35.6412760008938,-77.360126
"7249",12-07-20,30,"Pitt Agri. Center","PM 2.5","Pitt",35.6412760008938,-77.360126
"7250",12-08-20,24,"Pitt Agri. Center","PM 2.5","Pitt",35.6412760008938,-77.360126
"7251",12-10-20,36,"Pitt Agri. Center","PM 2.5","Pitt",35.6412760008938,-77.360126
"7252",NA,35,"Pitt Agri. Center","PM 2.5","Pitt",35.6412760008938,-77.360126
"7253",NA,15,"Pitt Agri. Center","PM 2.5","Pitt",35.6412760008938,-77.360126
"7254",NA,8,"Pitt Agri. Center","PM 2.5","Pitt",35.6412760008938,-77.360126
"7255",NA,28,"Pitt Agri. Center","PM 2.5","Pitt",35.6412760008938,-77.360126
"7256",NA,15,"Pitt Agri. Center","PM 2.5","Pitt",35.6412760008938,-77.360126
"7257",NA,23,"Pitt Agri. Center","PM 2.5","Pitt",35.6412760008938,-77.360126
"7258",1-01-20,15,"Pitt Agri. Center","PM 2.5","Pitt",35.6412760008938,-77.360126
"7259",1-02-20,30,"Pitt Agri. Center","PM 2.5","Pitt",35.6412760008938,-77.360126
"7260",1-03-20,34,"Pitt Agri. Center","PM 2.5","Pitt",35.6412760008938,-77.360126
"7261",1-04-20,25,"Pitt Agri. Center","PM 2.5","Pitt",35.6412760008938,-77.360126
"7262",1-05-20,24,"Pitt Agri. Center","PM 2.5","Pitt",35.6412760008938,-77.360126
"7263",1-06-20,17,"Pitt Agri. Center","PM 2.5","Pitt",35.6412760008938,-77.360126
"7264",1-07-20,18,"Pitt Agri. Center","PM 2.5","Pitt",35.6412760008938,-77.360126
"7265",1-08-20,35,"Pitt Agri. Center","PM 2.5","Pitt",35.6412760008938,-77.360126
"7266",1-09-20,31,"Pitt Agri. Center","PM 2.5","Pitt",35.6412760008938,-77.360126
"7267",1-10-20,37,"Pitt Agri. Center","PM 2.5","Pitt",35.6412760008938,-77.360126
"7268",1-11-20,31,"Pitt Agri. Center","PM 2.5","Pitt",35.6412760008938,-77.360126
"7269",1-12-20,12,"Pitt Agri. Center","PM 2.5","Pitt",35.6412760008938,-77.360126
"7270",NA,3,"Pitt Agri. Center","PM 2.5","Pitt",35.6412760008938,-77.360126
"7271",NA,19,"Pitt Agri. Center","PM 2.5","Pitt",35.6412760008938,-77.360126
"7272",NA,30,"Pitt Agri. Center","PM 2.5","Pitt",35.6412760008938,-77.360126
"7273",NA,37,"Pitt Agri. Center","PM 2.5","Pitt",35.6412760008938,-77.360126
"7274",NA,50,"Pitt Agri. Center","PM 2.5","Pitt",35.6412760008938,-77.360126
"7275",NA,38,"Pitt Agri. Center","PM 2.5","Pitt",35.6412760008938,-77.360126
"7276",NA,34,"Pitt Agri. Center","PM 2.5","Pitt",35.6412760008938,-77.360126
"7277",NA,47,"Pitt Agri. Center","PM 2.5","Pitt",35.6412760008938,-77.360126
"7278",NA,35,"Pitt Agri. Center","PM 2.5","Pitt",35.6412760008938,-77.360126
"7279",NA,39,"Pitt Agri. Center","PM 2.5","Pitt",35.6412760008938,-77.360126
"7280",NA,17,"Pitt Agri. Center","PM 2.5","Pitt",35.6412760008938,-77.360126
"7281",NA,9,"Pitt Agri. Center","PM 2.5","Pitt",35.6412760008938,-77.360126
"7282",NA,13,"Pitt Agri. Center","PM 2.5","Pitt",35.6412760008938,-77.360126
"7283",NA,24,"Pitt Agri. Center","PM 2.5","Pitt",35.6412760008938,-77.360126
"7284",NA,26,"Pitt Agri. Center","PM 2.5","Pitt",35.6412760008938,-77.360126
"7285",NA,11,"Pitt Agri. Center","PM 2.5","Pitt",35.6412760008938,-77.360126
"7286",NA,4,"Pitt Agri. Center","PM 2.5","Pitt",35.6412760008938,-77.360126
"7287",NA,19,"Pitt Agri. Center","PM 2.5","Pitt",35.6412760008938,-77.360126
"7288",NA,20,"Pitt Agri. Center","PM 2.5","Pitt",35.6412760008938,-77.360126
"7289",2-01-20,25,"Pitt Agri. Center","PM 2.5","Pitt",35.6412760008938,-77.360126
"7290",2-10-20,25,"Pitt Agri. Center","PM 2.5","Pitt",35.6412760008938,-77.360126
"7291",2-11-20,25,"Pitt Agri. Center","PM 2.5","Pitt",35.6412760008938,-77.360126
"7292",2-12-20,12,"Pitt Agri. Center","PM 2.5","Pitt",35.6412760008938,-77.360126
"7293",NA,28,"Pitt Agri. Center","PM 2.5","Pitt",35.6412760008938,-77.360126
"7294",NA,36,"Pitt Agri. Center","PM 2.5","Pitt",35.6412760008938,-77.360126
"7295",NA,33,"Pitt Agri. Center","PM 2.5","Pitt",35.6412760008938,-77.360126
"7296",NA,26,"Pitt Agri. Center","PM 2.5","Pitt",35.6412760008938,-77.360126
"7297",NA,19,"Pitt Agri. Center","PM 2.5","Pitt",35.6412760008938,-77.360126
"7298",NA,10,"Pitt Agri. Center","PM 2.5","Pitt",35.6412760008938,-77.360126
"7299",NA,28,"Pitt Agri. Center","PM 2.5","Pitt",35.6412760008938,-77.360126
"7300",NA,30,"Pitt Agri. Center","PM 2.5","Pitt",35.6412760008938,-77.360126
"7301",NA,25,"Pitt Agri. Center","PM 2.5","Pitt",35.6412760008938,-77.360126
"7302",NA,28,"Pitt Agri. Center","PM 2.5","Pitt",35.6412760008938,-77.360126
"7303",NA,32,"Pitt Agri. Center","PM 2.5","Pitt",35.6412760008938,-77.360126
"7304",NA,23,"Pitt Agri. Center","PM 2.5","Pitt",35.6412760008938,-77.360126
"7305",NA,14,"Pitt Agri. Center","PM 2.5","Pitt",35.6412760008938,-77.360126
"7306",NA,15,"Pitt Agri. Center","PM 2.5","Pitt",35.6412760008938,-77.360126
"7307",NA,18,"Pitt Agri. Center","PM 2.5","Pitt",35.6412760008938,-77.360126
"7308",NA,24,"Pitt Agri. Center","PM 2.5","Pitt",35.6412760008938,-77.360126
"7309",3-01-20,27,"Pitt Agri. Center","PM 2.5","Pitt",35.6412760008938,-77.360126
"7310",3-02-20,12,"Pitt Agri. Center","PM 2.5","Pitt",35.6412760008938,-77.360126
"7311",3-03-20,12,"Pitt Agri. Center","PM 2.5","Pitt",35.6412760008938,-77.360126
"7312",3-04-20,16,"Pitt Agri. Center","PM 2.5","Pitt",35.6412760008938,-77.360126
"7313",3-05-20,18,"Pitt Agri. Center","PM 2.5","Pitt",35.6412760008938,-77.360126
"7314",3-06-20,25,"Pitt Agri. Center","PM 2.5","Pitt",35.6412760008938,-77.360126
"7315",3-07-20,25,"Pitt Agri. Center","PM 2.5","Pitt",35.6412760008938,-77.360126
"7316",3-08-20,24,"Pitt Agri. Center","PM 2.5","Pitt",35.6412760008938,-77.360126
"7317",3-09-20,23,"Pitt Agri. Center","PM 2.5","Pitt",35.6412760008938,-77.360126
"7318",3-10-20,61,"Pitt Agri. Center","PM 2.5","Pitt",35.6412760008938,-77.360126
"7319",3-11-20,39,"Pitt Agri. Center","PM 2.5","Pitt",35.6412760008938,-77.360126
"7320",3-12-20,24,"Pitt Agri. Center","PM 2.5","Pitt",35.6412760008938,-77.360126
"7321",NA,28,"Pitt Agri. Center","PM 2.5","Pitt",35.6412760008938,-77.360126
"7322",NA,21,"Pitt Agri. Center","PM 2.5","Pitt",35.6412760008938,-77.360126
"7323",NA,30,"Pitt Agri. Center","PM 2.5","Pitt",35.6412760008938,-77.360126
"7324",NA,40,"Pitt Agri. Center","PM 2.5","Pitt",35.6412760008938,-77.360126
"7325",NA,40,"Pitt Agri. Center","PM 2.5","Pitt",35.6412760008938,-77.360126
"7326",NA,25,"Pitt Agri. Center","PM 2.5","Pitt",35.6412760008938,-77.360126
"7327",NA,23,"Pitt Agri. Center","PM 2.5","Pitt",35.6412760008938,-77.360126
"7328",NA,17,"Pitt Agri. Center","PM 2.5","Pitt",35.6412760008938,-77.360126
"7329",NA,8,"Pitt Agri. Center","PM 2.5","Pitt",35.6412760008938,-77.360126
"7330",NA,18,"Pitt Agri. Center","PM 2.5","Pitt",35.6412760008938,-77.360126
"7331",NA,19,"Pitt Agri. Center","PM 2.5","Pitt",35.6412760008938,-77.360126
"7332",NA,26,"Pitt Agri. Center","PM 2.5","Pitt",35.6412760008938,-77.360126
"7333",NA,18,"Pitt Agri. Center","PM 2.5","Pitt",35.6412760008938,-77.360126
"7334",NA,32,"Pitt Agri. Center","PM 2.5","Pitt",35.6412760008938,-77.360126
"7335",NA,29,"Pitt Agri. Center","PM 2.5","Pitt",35.6412760008938,-77.360126
"7336",NA,48,"Pitt Agri. Center","PM 2.5","Pitt",35.6412760008938,-77.360126
"7337",NA,26,"Pitt Agri. Center","PM 2.5","Pitt",35.6412760008938,-77.360126
"7338",NA,25,"Pitt Agri. Center","PM 2.5","Pitt",35.6412760008938,-77.360126
"7339",NA,14,"Pitt Agri. Center","PM 2.5","Pitt",35.6412760008938,-77.360126
"7340",4-01-20,28,"Pitt Agri. Center","PM 2.5","Pitt",35.6412760008938,-77.360126
"7341",4-02-20,30,"Pitt Agri. Center","PM 2.5","Pitt",35.6412760008938,-77.360126
"7342",4-03-20,45,"Pitt Agri. Center","PM 2.5","Pitt",35.6412760008938,-77.360126
"7343",4-04-20,23,"Pitt Agri. Center","PM 2.5","Pitt",35.6412760008938,-77.360126
"7344",4-05-20,27,"Pitt Agri. Center","PM 2.5","Pitt",35.6412760008938,-77.360126
"7345",4-06-20,31,"Pitt Agri. Center","PM 2.5","Pitt",35.6412760008938,-77.360126
"7346",4-07-20,25,"Pitt Agri. Center","PM 2.5","Pitt",35.6412760008938,-77.360126
"7347",4-08-20,20,"Pitt Agri. Center","PM 2.5","Pitt",35.6412760008938,-77.360126
"7348",4-09-20,29,"Pitt Agri. Center","PM 2.5","Pitt",35.6412760008938,-77.360126
"7349",4-10-20,32,"Pitt Agri. Center","PM 2.5","Pitt",35.6412760008938,-77.360126
"7350",4-11-20,49,"Pitt Agri. Center","PM 2.5","Pitt",35.6412760008938,-77.360126
"7351",4-12-20,41,"Pitt Agri. Center","PM 2.5","Pitt",35.6412760008938,-77.360126
"7352",NA,39,"Pitt Agri. Center","PM 2.5","Pitt",35.6412760008938,-77.360126
"7353",NA,34,"Pitt Agri. Center","PM 2.5","Pitt",35.6412760008938,-77.360126
"7354",NA,29,"Pitt Agri. Center","PM 2.5","Pitt",35.6412760008938,-77.360126
"7355",NA,11,"Pitt Agri. Center","PM 2.5","Pitt",35.6412760008938,-77.360126
"7356",NA,19,"Pitt Agri. Center","PM 2.5","Pitt",35.6412760008938,-77.360126
"7357",NA,43,"Pitt Agri. Center","PM 2.5","Pitt",35.6412760008938,-77.360126
"7358",NA,28,"Pitt Agri. Center","PM 2.5","Pitt",35.6412760008938,-77.360126
"7359",NA,21,"Pitt Agri. Center","PM 2.5","Pitt",35.6412760008938,-77.360126
"7360",NA,25,"Pitt Agri. Center","PM 2.5","Pitt",35.6412760008938,-77.360126
"7361",NA,22,"Pitt Agri. Center","PM 2.5","Pitt",35.6412760008938,-77.360126
"7362",NA,25,"Pitt Agri. Center","PM 2.5","Pitt",35.6412760008938,-77.360126
"7363",NA,19,"Pitt Agri. Center","PM 2.5","Pitt",35.6412760008938,-77.360126
"7364",NA,26,"Pitt Agri. Center","PM 2.5","Pitt",35.6412760008938,-77.360126
"7365",NA,23,"Pitt Agri. Center","PM 2.5","Pitt",35.6412760008938,-77.360126
"7366",NA,25,"Pitt Agri. Center","PM 2.5","Pitt",35.6412760008938,-77.360126
"7367",NA,29,"Pitt Agri. Center","PM 2.5","Pitt",35.6412760008938,-77.360126
"7368",NA,23,"Pitt Agri. Center","PM 2.5","Pitt",35.6412760008938,-77.360126
"7369",NA,25,"Pitt Agri. Center","PM 2.5","Pitt",35.6412760008938,-77.360126
"7370",5-01-20,37,"Pitt Agri. Center","PM 2.5","Pitt",35.6412760008938,-77.360126
"7371",5-02-20,40,"Pitt Agri. Center","PM 2.5","Pitt",35.6412760008938,-77.360126
"7372",5-03-20,28,"Pitt Agri. Center","PM 2.5","Pitt",35.6412760008938,-77.360126
"7373",5-04-20,28,"Pitt Agri. Center","PM 2.5","Pitt",35.6412760008938,-77.360126
"7374",5-05-20,30,"Pitt Agri. Center","PM 2.5","Pitt",35.6412760008938,-77.360126
"7375",5-06-20,23,"Pitt Agri. Center","PM 2.5","Pitt",35.6412760008938,-77.360126
"7376",5-07-20,44,"Pitt Agri. Center","PM 2.5","Pitt",35.6412760008938,-77.360126
"7377",5-08-20,21,"Pitt Agri. Center","PM 2.5","Pitt",35.6412760008938,-77.360126
"7378",5-09-20,17,"Pitt Agri. Center","PM 2.5","Pitt",35.6412760008938,-77.360126
"7379",5-10-20,41,"Pitt Agri. Center","PM 2.5","Pitt",35.6412760008938,-77.360126
"7380",5-11-20,47,"Pitt Agri. Center","PM 2.5","Pitt",35.6412760008938,-77.360126
"7381",5-12-20,52,"Pitt Agri. Center","PM 2.5","Pitt",35.6412760008938,-77.360126
"7382",NA,57,"Pitt Agri. Center","PM 2.5","Pitt",35.6412760008938,-77.360126
"7383",NA,38,"Pitt Agri. Center","PM 2.5","Pitt",35.6412760008938,-77.360126
"7384",NA,20,"Pitt Agri. Center","PM 2.5","Pitt",35.6412760008938,-77.360126
"7385",NA,24,"Pitt Agri. Center","PM 2.5","Pitt",35.6412760008938,-77.360126
"7386",NA,10,"Pitt Agri. Center","PM 2.5","Pitt",35.6412760008938,-77.360126
"7387",NA,18,"Pitt Agri. Center","PM 2.5","Pitt",35.6412760008938,-77.360126
"7388",NA,10,"Pitt Agri. Center","PM 2.5","Pitt",35.6412760008938,-77.360126
"7389",NA,21,"Pitt Agri. Center","PM 2.5","Pitt",35.6412760008938,-77.360126
"7390",NA,31,"Pitt Agri. Center","PM 2.5","Pitt",35.6412760008938,-77.360126
"7391",NA,33,"Pitt Agri. Center","PM 2.5","Pitt",35.6412760008938,-77.360126
"7392",NA,20,"Pitt Agri. Center","PM 2.5","Pitt",35.6412760008938,-77.360126
"7393",NA,33,"Pitt Agri. Center","PM 2.5","Pitt",35.6412760008938,-77.360126
"7394",NA,20,"Pitt Agri. Center","PM 2.5","Pitt",35.6412760008938,-77.360126
"7395",NA,18,"Pitt Agri. Center","PM 2.5","Pitt",35.6412760008938,-77.360126
"7396",NA,10,"Pitt Agri. Center","PM 2.5","Pitt",35.6412760008938,-77.360126
"7397",NA,16,"Pitt Agri. Center","PM 2.5","Pitt",35.6412760008938,-77.360126
"7398",NA,22,"Pitt Agri. Center","PM 2.5","Pitt",35.6412760008938,-77.360126
"7399",NA,25,"Pitt Agri. Center","PM 2.5","Pitt",35.6412760008938,-77.360126
"7400",6-01-20,36,"Pitt Agri. Center","PM 2.5","Pitt",35.6412760008938,-77.360126
"7401",6-02-20,38,"Pitt Agri. Center","PM 2.5","Pitt",35.6412760008938,-77.360126
"7402",6-03-20,26,"Pitt Agri. Center","PM 2.5","Pitt",35.6412760008938,-77.360126
"7403",6-04-20,17,"Pitt Agri. Center","PM 2.5","Pitt",35.6412760008938,-77.360126
"7404",6-05-20,35,"Pitt Agri. Center","PM 2.5","Pitt",35.6412760008938,-77.360126
"7405",6-06-20,44,"Pitt Agri. Center","PM 2.5","Pitt",35.6412760008938,-77.360126
"7406",6-07-20,29,"Pitt Agri. Center","PM 2.5","Pitt",35.6412760008938,-77.360126
"7407",6-08-20,31,"Pitt Agri. Center","PM 2.5","Pitt",35.6412760008938,-77.360126
"7408",6-09-20,32,"Pitt Agri. Center","PM 2.5","Pitt",35.6412760008938,-77.360126
"7409",6-10-20,20,"Pitt Agri. Center","PM 2.5","Pitt",35.6412760008938,-77.360126
"7410",6-11-20,38,"Pitt Agri. Center","PM 2.5","Pitt",35.6412760008938,-77.360126
"7411",6-12-20,28,"Pitt Agri. Center","PM 2.5","Pitt",35.6412760008938,-77.360126
"7412",NA,33,"Pitt Agri. Center","PM 2.5","Pitt",35.6412760008938,-77.360126
"7413",NA,46,"Pitt Agri. Center","PM 2.5","Pitt",35.6412760008938,-77.360126
"7414",NA,41,"Pitt Agri. Center","PM 2.5","Pitt",35.6412760008938,-77.360126
"7415",NA,40,"Pitt Agri. Center","PM 2.5","Pitt",35.6412760008938,-77.360126
"7416",NA,35,"Pitt Agri. Center","PM 2.5","Pitt",35.6412760008938,-77.360126
"7417",NA,55,"Pitt Agri. Center","PM 2.5","Pitt",35.6412760008938,-77.360126
"7418",NA,55,"Pitt Agri. Center","PM 2.5","Pitt",35.6412760008938,-77.360126
"7419",NA,38,"Pitt Agri. Center","PM 2.5","Pitt",35.6412760008938,-77.360126
"7420",NA,47,"Pitt Agri. Center","PM 2.5","Pitt",35.6412760008938,-77.360126
"7421",NA,50,"Pitt Agri. Center","PM 2.5","Pitt",35.6412760008938,-77.360126
"7422",NA,54,"Pitt Agri. Center","PM 2.5","Pitt",35.6412760008938,-77.360126
"7423",NA,45,"Pitt Agri. Center","PM 2.5","Pitt",35.6412760008938,-77.360126
"7424",NA,36,"Pitt Agri. Center","PM 2.5","Pitt",35.6412760008938,-77.360126
"7425",NA,29,"Pitt Agri. Center","PM 2.5","Pitt",35.6412760008938,-77.360126
"7426",NA,29,"Pitt Agri. Center","PM 2.5","Pitt",35.6412760008938,-77.360126
"7427",NA,42,"Pitt Agri. Center","PM 2.5","Pitt",35.6412760008938,-77.360126
"7428",NA,40,"Pitt Agri. Center","PM 2.5","Pitt",35.6412760008938,-77.360126
"7429",NA,44,"Pitt Agri. Center","PM 2.5","Pitt",35.6412760008938,-77.360126
"7430",7-01-20,30,"Pitt Agri. Center","PM 2.5","Pitt",35.6412760008938,-77.360126
"7431",7-02-20,29,"Pitt Agri. Center","PM 2.5","Pitt",35.6412760008938,-77.360126
"7432",7-03-20,46,"Pitt Agri. Center","PM 2.5","Pitt",35.6412760008938,-77.360126
"7433",7-04-20,22,"Pitt Agri. Center","PM 2.5","Pitt",35.6412760008938,-77.360126
"7434",7-05-20,25,"Pitt Agri. Center","PM 2.5","Pitt",35.6412760008938,-77.360126
"7435",7-06-20,16,"Pitt Agri. Center","PM 2.5","Pitt",35.6412760008938,-77.360126
"7436",7-07-20,32,"Pitt Agri. Center","PM 2.5","Pitt",35.6412760008938,-77.360126
"7437",7-08-20,22,"Pitt Agri. Center","PM 2.5","Pitt",35.6412760008938,-77.360126
"7438",7-09-20,29,"Pitt Agri. Center","PM 2.5","Pitt",35.6412760008938,-77.360126
"7439",7-10-20,48,"Pitt Agri. Center","PM 2.5","Pitt",35.6412760008938,-77.360126
"7440",7-11-20,60,"Pitt Agri. Center","PM 2.5","Pitt",35.6412760008938,-77.360126
"7441",7-12-20,57,"Pitt Agri. Center","PM 2.5","Pitt",35.6412760008938,-77.360126
"7442",NA,43,"Pitt Agri. Center","PM 2.5","Pitt",35.6412760008938,-77.360126
"7443",NA,27,"Pitt Agri. Center","PM 2.5","Pitt",35.6412760008938,-77.360126
"7444",NA,35,"Pitt Agri. Center","PM 2.5","Pitt",35.6412760008938,-77.360126
"7445",NA,40,"Pitt Agri. Center","PM 2.5","Pitt",35.6412760008938,-77.360126
"7446",NA,43,"Pitt Agri. Center","PM 2.5","Pitt",35.6412760008938,-77.360126
"7447",NA,36,"Pitt Agri. Center","PM 2.5","Pitt",35.6412760008938,-77.360126
"7448",NA,40,"Pitt Agri. Center","PM 2.5","Pitt",35.6412760008938,-77.360126
"7449",NA,32,"Pitt Agri. Center","PM 2.5","Pitt",35.6412760008938,-77.360126
"7450",NA,17,"Pitt Agri. Center","PM 2.5","Pitt",35.6412760008938,-77.360126
"7451",NA,44,"Pitt Agri. Center","PM 2.5","Pitt",35.6412760008938,-77.360126
"7452",NA,26,"Pitt Agri. Center","PM 2.5","Pitt",35.6412760008938,-77.360126
"7453",NA,12,"Pitt Agri. Center","PM 2.5","Pitt",35.6412760008938,-77.360126
"7454",NA,15,"Pitt Agri. Center","PM 2.5","Pitt",35.6412760008938,-77.360126
"7455",NA,31,"Pitt Agri. Center","PM 2.5","Pitt",35.6412760008938,-77.360126
"7456",NA,38,"Pitt Agri. Center","PM 2.5","Pitt",35.6412760008938,-77.360126
"7457",NA,29,"Pitt Agri. Center","PM 2.5","Pitt",35.6412760008938,-77.360126
"7458",NA,30,"Pitt Agri. Center","PM 2.5","Pitt",35.6412760008938,-77.360126
"7459",NA,20,"Pitt Agri. Center","PM 2.5","Pitt",35.6412760008938,-77.360126
"7460",NA,27,"Pitt Agri. Center","PM 2.5","Pitt",35.6412760008938,-77.360126
"7461",8-01-20,29,"Pitt Agri. Center","PM 2.5","Pitt",35.6412760008938,-77.360126
"7462",8-02-20,20,"Pitt Agri. Center","PM 2.5","Pitt",35.6412760008938,-77.360126
"7463",8-03-20,11,"Pitt Agri. Center","PM 2.5","Pitt",35.6412760008938,-77.360126
"7464",8-04-20,19,"Pitt Agri. Center","PM 2.5","Pitt",35.6412760008938,-77.360126
"7465",8-05-20,28,"Pitt Agri. Center","PM 2.5","Pitt",35.6412760008938,-77.360126
"7466",8-06-20,36,"Pitt Agri. Center","PM 2.5","Pitt",35.6412760008938,-77.360126
"7467",8-07-20,45,"Pitt Agri. Center","PM 2.5","Pitt",35.6412760008938,-77.360126
"7468",8-08-20,43,"Pitt Agri. Center","PM 2.5","Pitt",35.6412760008938,-77.360126
"7469",8-09-20,31,"Pitt Agri. Center","PM 2.5","Pitt",35.6412760008938,-77.360126
"7470",8-10-20,52,"Pitt Agri. Center","PM 2.5","Pitt",35.6412760008938,-77.360126
"7471",8-11-20,46,"Pitt Agri. Center","PM 2.5","Pitt",35.6412760008938,-77.360126
"7472",8-12-20,33,"Pitt Agri. Center","PM 2.5","Pitt",35.6412760008938,-77.360126
"7473",NA,25,"Pitt Agri. Center","PM 2.5","Pitt",35.6412760008938,-77.360126
"7474",NA,44,"Pitt Agri. Center","PM 2.5","Pitt",35.6412760008938,-77.360126
"7475",NA,53,"Pitt Agri. Center","PM 2.5","Pitt",35.6412760008938,-77.360126
"7476",NA,57,"Pitt Agri. Center","PM 2.5","Pitt",35.6412760008938,-77.360126
"7477",NA,45,"Pitt Agri. Center","PM 2.5","Pitt",35.6412760008938,-77.360126
"7478",NA,26,"Pitt Agri. Center","PM 2.5","Pitt",35.6412760008938,-77.360126
"7479",NA,24,"Pitt Agri. Center","PM 2.5","Pitt",35.6412760008938,-77.360126
"7480",NA,30,"Pitt Agri. Center","PM 2.5","Pitt",35.6412760008938,-77.360126
"7481",NA,30,"Pitt Agri. Center","PM 2.5","Pitt",35.6412760008938,-77.360126
"7482",NA,43,"Pitt Agri. Center","PM 2.5","Pitt",35.6412760008938,-77.360126
"7483",NA,36,"Pitt Agri. Center","PM 2.5","Pitt",35.6412760008938,-77.360126
"7484",NA,35,"Pitt Agri. Center","PM 2.5","Pitt",35.6412760008938,-77.360126
"7485",NA,42,"Pitt Agri. Center","PM 2.5","Pitt",35.6412760008938,-77.360126
"7486",NA,47,"Pitt Agri. Center","PM 2.5","Pitt",35.6412760008938,-77.360126
"7487",NA,31,"Pitt Agri. Center","PM 2.5","Pitt",35.6412760008938,-77.360126
"7488",NA,17,"Pitt Agri. Center","PM 2.5","Pitt",35.6412760008938,-77.360126
"7489",NA,34,"Pitt Agri. Center","PM 2.5","Pitt",35.6412760008938,-77.360126
"7490",NA,43,"Pitt Agri. Center","PM 2.5","Pitt",35.6412760008938,-77.360126
"7491",9-01-20,22,"Pitt Agri. Center","PM 2.5","Pitt",35.6412760008938,-77.360126
"7492",9-02-20,19,"Pitt Agri. Center","PM 2.5","Pitt",35.6412760008938,-77.360126
"7493",9-03-20,25,"Pitt Agri. Center","PM 2.5","Pitt",35.6412760008938,-77.360126
"7494",9-04-20,30,"Pitt Agri. Center","PM 2.5","Pitt",35.6412760008938,-77.360126
"7495",9-05-20,26,"Pitt Agri. Center","PM 2.5","Pitt",35.6412760008938,-77.360126
"7496",9-06-20,27,"Pitt Agri. Center","PM 2.5","Pitt",35.6412760008938,-77.360126
"7497",9-07-20,38,"Pitt Agri. Center","PM 2.5","Pitt",35.6412760008938,-77.360126
"7498",9-08-20,31,"Pitt Agri. Center","PM 2.5","Pitt",35.6412760008938,-77.360126
"7499",9-09-20,25,"Pitt Agri. Center","PM 2.5","Pitt",35.6412760008938,-77.360126
"7500",NA,44,"Pitt Agri. Center","PM 2.5","Pitt",35.6412760008938,-77.360126
"7501",NA,36,"Pitt Agri. Center","PM 2.5","Pitt",35.6412760008938,-77.360126
"7502",NA,26,"Pitt Agri. Center","PM 2.5","Pitt",35.6412760008938,-77.360126
"7503",NA,21,"Pitt Agri. Center","PM 2.5","Pitt",35.6412760008938,-77.360126
"7504",NA,27,"Pitt Agri. Center","PM 2.5","Pitt",35.6412760008938,-77.360126
"7505",NA,34,"Pitt Agri. Center","PM 2.5","Pitt",35.6412760008938,-77.360126
"7506",NA,22,"Pitt Agri. Center","PM 2.5","Pitt",35.6412760008938,-77.360126
"7507",NA,15,"Pitt Agri. Center","PM 2.5","Pitt",35.6412760008938,-77.360126
"7508",NA,22,"Pitt Agri. Center","PM 2.5","Pitt",35.6412760008938,-77.360126
"7509",10-01-20,38,"Pitt Agri. Center","PM 2.5","Pitt",35.6412760008938,-77.360126
"7510",10-02-20,32,"Pitt Agri. Center","PM 2.5","Pitt",35.6412760008938,-77.360126
"7511",10-03-20,37,"Pitt Agri. Center","PM 2.5","Pitt",35.6412760008938,-77.360126
"7512",10-04-20,46,"Pitt Agri. Center","PM 2.5","Pitt",35.6412760008938,-77.360126
"7513",10-05-20,52,"Pitt Agri. Center","PM 2.5","Pitt",35.6412760008938,-77.360126
"7514",10-06-20,47,"Pitt Agri. Center","PM 2.5","Pitt",35.6412760008938,-77.360126
"7515",10-07-20,19,"Pitt Agri. Center","PM 2.5","Pitt",35.6412760008938,-77.360126
"7516",10-08-20,16,"Pitt Agri. Center","PM 2.5","Pitt",35.6412760008938,-77.360126
"7517",10-09-20,19,"Pitt Agri. Center","PM 2.5","Pitt",35.6412760008938,-77.360126
"7518",NA,18,"Pitt Agri. Center","PM 2.5","Pitt",35.6412760008938,-77.360126
"7519",NA,20,"Pitt Agri. Center","PM 2.5","Pitt",35.6412760008938,-77.360126
"7520",NA,15,"Pitt Agri. Center","PM 2.5","Pitt",35.6412760008938,-77.360126
"7521",NA,25,"Pitt Agri. Center","PM 2.5","Pitt",35.6412760008938,-77.360126
"7522",NA,21,"Pitt Agri. Center","PM 2.5","Pitt",35.6412760008938,-77.360126
"7523",NA,22,"Pitt Agri. Center","PM 2.5","Pitt",35.6412760008938,-77.360126
"7524",NA,25,"Pitt Agri. Center","PM 2.5","Pitt",35.6412760008938,-77.360126
"7525",NA,30,"Pitt Agri. Center","PM 2.5","Pitt",35.6412760008938,-77.360126
"7526",NA,6,"Pitt Agri. Center","PM 2.5","Pitt",35.6412760008938,-77.360126
"7527",NA,16,"Pitt Agri. Center","PM 2.5","Pitt",35.6412760008938,-77.360126
"7528",NA,30,"Pitt Agri. Center","PM 2.5","Pitt",35.6412760008938,-77.360126
"7529",NA,29,"Pitt Agri. Center","PM 2.5","Pitt",35.6412760008938,-77.360126
"7530",NA,21,"Pitt Agri. Center","PM 2.5","Pitt",35.6412760008938,-77.360126
"7531",NA,20,"Pitt Agri. Center","PM 2.5","Pitt",35.6412760008938,-77.360126
"7532",NA,6,"Pitt Agri. Center","PM 2.5","Pitt",35.6412760008938,-77.360126
"7533",NA,15,"Pitt Agri. Center","PM 2.5","Pitt",35.6412760008938,-77.360126
"7534",NA,18,"Pitt Agri. Center","PM 2.5","Pitt",35.6412760008938,-77.360126
"7535",NA,20,"Pitt Agri. Center","PM 2.5","Pitt",35.6412760008938,-77.360126
"7536",NA,36,"Pitt Agri. Center","PM 2.5","Pitt",35.6412760008938,-77.360126
"7537",11-01-20,21,"Pitt Agri. Center","PM 2.5","Pitt",35.6412760008938,-77.360126
"7538",11-02-20,21,"Pitt Agri. Center","PM 2.5","Pitt",35.6412760008938,-77.360126
"7539",11-03-20,9,"Pitt Agri. Center","PM 2.5","Pitt",35.6412760008938,-77.360126
"7540",11-04-20,18,"Pitt Agri. Center","PM 2.5","Pitt",35.6412760008938,-77.360126
"7541",11-05-20,8,"Pitt Agri. Center","PM 2.5","Pitt",35.6412760008938,-77.360126
"7542",11-06-20,18,"Pitt Agri. Center","PM 2.5","Pitt",35.6412760008938,-77.360126
"7543",11-07-20,21,"Pitt Agri. Center","PM 2.5","Pitt",35.6412760008938,-77.360126
"7544",11-08-20,29,"Pitt Agri. Center","PM 2.5","Pitt",35.6412760008938,-77.360126
"7545",11-09-20,33,"Pitt Agri. Center","PM 2.5","Pitt",35.6412760008938,-77.360126
"7546",11-10-20,20,"Pitt Agri. Center","PM 2.5","Pitt",35.6412760008938,-77.360126
"7547",11-11-20,24,"Pitt Agri. Center","PM 2.5","Pitt",35.6412760008938,-77.360126
"7548",11-12-20,20,"Pitt Agri. Center","PM 2.5","Pitt",35.6412760008938,-77.360126
"7549",NA,14,"Pitt Agri. Center","PM 2.5","Pitt",35.6412760008938,-77.360126
"7550",NA,30,"Pitt Agri. Center","PM 2.5","Pitt",35.6412760008938,-77.360126
"7551",NA,14,"Pitt Agri. Center","PM 2.5","Pitt",35.6412760008938,-77.360126
"7552",NA,14,"Pitt Agri. Center","PM 2.5","Pitt",35.6412760008938,-77.360126
"7553",NA,40,"Pitt Agri. Center","PM 2.5","Pitt",35.6412760008938,-77.360126
"7554",NA,38,"Pitt Agri. Center","PM 2.5","Pitt",35.6412760008938,-77.360126
"7555",NA,39,"Pitt Agri. Center","PM 2.5","Pitt",35.6412760008938,-77.360126
"7556",NA,40,"Pitt Agri. Center","PM 2.5","Pitt",35.6412760008938,-77.360126
"7557",NA,25,"Pitt Agri. Center","PM 2.5","Pitt",35.6412760008938,-77.360126
"7558",NA,32,"Pitt Agri. Center","PM 2.5","Pitt",35.6412760008938,-77.360126
"7559",NA,11,"Pitt Agri. Center","PM 2.5","Pitt",35.6412760008938,-77.360126
"7560",NA,9,"Pitt Agri. Center","PM 2.5","Pitt",35.6412760008938,-77.360126
"7561",NA,30,"Pitt Agri. Center","PM 2.5","Pitt",35.6412760008938,-77.360126
"7562",NA,24,"Pitt Agri. Center","PM 2.5","Pitt",35.6412760008938,-77.360126
"7563",NA,8,"Pitt Agri. Center","PM 2.5","Pitt",35.6412760008938,-77.360126
"7564",NA,17,"Pitt Agri. Center","PM 2.5","Pitt",35.6412760008938,-77.360126
"7565",NA,29,"Pitt Agri. Center","PM 2.5","Pitt",35.6412760008938,-77.360126
"7566",NA,39,"Pitt Agri. Center","PM 2.5","Pitt",35.6412760008938,-77.360126
"7567",12-01-20,50,"Pitt Agri. Center","PM 2.5","Pitt",35.6412760008938,-77.360126
"7568",12-02-20,13,"Pitt Agri. Center","PM 2.5","Pitt",35.6412760008938,-77.360126
"7569",12-03-20,28,"Pitt Agri. Center","PM 2.5","Pitt",35.6412760008938,-77.360126
"7570",12-04-20,20,"Pitt Agri. Center","PM 2.5","Pitt",35.6412760008938,-77.360126
"7571",12-05-20,18,"Pitt Agri. Center","PM 2.5","Pitt",35.6412760008938,-77.360126
"7572",12-06-20,23,"Pitt Agri. Center","PM 2.5","Pitt",35.6412760008938,-77.360126
"7573",12-07-20,35,"Pitt Agri. Center","PM 2.5","Pitt",35.6412760008938,-77.360126
"7574",12-08-20,28,"Pitt Agri. Center","PM 2.5","Pitt",35.6412760008938,-77.360126
"7575",12-09-20,18,"Pitt Agri. Center","PM 2.5","Pitt",35.6412760008938,-77.360126
"7576",12-10-20,38,"Pitt Agri. Center","PM 2.5","Pitt",35.6412760008938,-77.360126
"7577",12-11-20,59,"Pitt Agri. Center","PM 2.5","Pitt",35.6412760008938,-77.360126
"7578",12-12-20,33,"Pitt Agri. Center","PM 2.5","Pitt",35.6412760008938,-77.360126
"7579",NA,41,"Pitt Agri. Center","PM 2.5","Pitt",35.6412760008938,-77.360126
"7580",NA,35,"Pitt Agri. Center","PM 2.5","Pitt",35.6412760008938,-77.360126
"7581",NA,6,"Pitt Agri. Center","PM 2.5","Pitt",35.6412760008938,-77.360126
"7582",NA,15,"Pitt Agri. Center","PM 2.5","Pitt",35.6412760008938,-77.360126
"7583",NA,11,"Pitt Agri. Center","PM 2.5","Pitt",35.6412760008938,-77.360126
"7584",NA,23,"Pitt Agri. Center","PM 2.5","Pitt",35.6412760008938,-77.360126
"7585",NA,34,"Pitt Agri. Center","PM 2.5","Pitt",35.6412760008938,-77.360126
"7586",NA,20,"Pitt Agri. Center","PM 2.5","Pitt",35.6412760008938,-77.360126
"7587",NA,10,"Pitt Agri. Center","PM 2.5","Pitt",35.6412760008938,-77.360126
"7588",NA,6,"Pitt Agri. Center","PM 2.5","Pitt",35.6412760008938,-77.360126
"7589",NA,15,"Pitt Agri. Center","PM 2.5","Pitt",35.6412760008938,-77.360126
"7590",NA,24,"Pitt Agri. Center","PM 2.5","Pitt",35.6412760008938,-77.360126
"7591",NA,32,"Pitt Agri. Center","PM 2.5","Pitt",35.6412760008938,-77.360126
"7592",NA,30,"Pitt Agri. Center","PM 2.5","Pitt",35.6412760008938,-77.360126
"7593",NA,27,"Pitt Agri. Center","PM 2.5","Pitt",35.6412760008938,-77.360126
"7594",NA,18,"Pitt Agri. Center","PM 2.5","Pitt",35.6412760008938,-77.360126
"7595",NA,13,"Pitt Agri. Center","PM 2.5","Pitt",35.6412760008938,-77.360126
"7596",NA,28,"Pitt Agri. Center","PM 2.5","Pitt",35.6412760008938,-77.360126
"7597",NA,28,"Pitt Agri. Center","PM 2.5","Pitt",35.6412760008938,-77.360126
"7598",1-01-20,35,"Bryson City","PM 2.5","Swain",35.434767,-83.442133
"7599",1-02-20,51,"Bryson City","PM 2.5","Swain",35.434767,-83.442133
"7600",1-03-20,44,"Bryson City","PM 2.5","Swain",35.434767,-83.442133
"7601",1-04-20,28,"Bryson City","PM 2.5","Swain",35.434767,-83.442133
"7602",1-05-20,30,"Bryson City","PM 2.5","Swain",35.434767,-83.442133
"7603",1-06-20,35,"Bryson City","PM 2.5","Swain",35.434767,-83.442133
"7604",1-07-20,54,"Bryson City","PM 2.5","Swain",35.434767,-83.442133
"7605",1-08-20,71,"Bryson City","PM 2.5","Swain",35.434767,-83.442133
"7606",1-09-20,78,"Bryson City","PM 2.5","Swain",35.434767,-83.442133
"7607",1-10-20,56,"Bryson City","PM 2.5","Swain",35.434767,-83.442133
"7608",1-11-20,17,"Bryson City","PM 2.5","Swain",35.434767,-83.442133
"7609",1-12-20,10,"Bryson City","PM 2.5","Swain",35.434767,-83.442133
"7610",NA,18,"Bryson City","PM 2.5","Swain",35.434767,-83.442133
"7611",NA,28,"Bryson City","PM 2.5","Swain",35.434767,-83.442133
"7612",NA,43,"Bryson City","PM 2.5","Swain",35.434767,-83.442133
"7613",NA,52,"Bryson City","PM 2.5","Swain",35.434767,-83.442133
"7614",NA,37,"Bryson City","PM 2.5","Swain",35.434767,-83.442133
"7615",NA,48,"Bryson City","PM 2.5","Swain",35.434767,-83.442133
"7616",NA,52,"Bryson City","PM 2.5","Swain",35.434767,-83.442133
"7617",NA,51,"Bryson City","PM 2.5","Swain",35.434767,-83.442133
"7618",NA,50,"Bryson City","PM 2.5","Swain",35.434767,-83.442133
"7619",NA,48,"Bryson City","PM 2.5","Swain",35.434767,-83.442133
"7620",NA,17,"Bryson City","PM 2.5","Swain",35.434767,-83.442133
"7621",NA,18,"Bryson City","PM 2.5","Swain",35.434767,-83.442133
"7622",NA,26,"Bryson City","PM 2.5","Swain",35.434767,-83.442133
"7623",NA,52,"Bryson City","PM 2.5","Swain",35.434767,-83.442133
"7624",NA,58,"Bryson City","PM 2.5","Swain",35.434767,-83.442133
"7625",NA,28,"Bryson City","PM 2.5","Swain",35.434767,-83.442133
"7626",NA,12,"Bryson City","PM 2.5","Swain",35.434767,-83.442133
"7627",NA,19,"Bryson City","PM 2.5","Swain",35.434767,-83.442133
"7628",NA,40,"Bryson City","PM 2.5","Swain",35.434767,-83.442133
"7629",2-01-20,55,"Bryson City","PM 2.5","Swain",35.434767,-83.442133
"7630",2-02-20,15,"Bryson City","PM 2.5","Swain",35.434767,-83.442133
"7631",2-03-20,28,"Bryson City","PM 2.5","Swain",35.434767,-83.442133
"7632",2-04-20,38,"Bryson City","PM 2.5","Swain",35.434767,-83.442133
"7633",2-05-20,25,"Bryson City","PM 2.5","Swain",35.434767,-83.442133
"7634",2-06-20,58,"Bryson City","PM 2.5","Swain",35.434767,-83.442133
"7635",2-07-20,29,"Bryson City","PM 2.5","Swain",35.434767,-83.442133
"7636",2-08-20,23,"Bryson City","PM 2.5","Swain",35.434767,-83.442133
"7637",2-09-20,33,"Bryson City","PM 2.5","Swain",35.434767,-83.442133
"7638",2-10-20,38,"Bryson City","PM 2.5","Swain",35.434767,-83.442133
"7639",2-11-20,20,"Bryson City","PM 2.5","Swain",35.434767,-83.442133
"7640",2-12-20,4,"Bryson City","PM 2.5","Swain",35.434767,-83.442133
"7641",NA,13,"Bryson City","PM 2.5","Swain",35.434767,-83.442133
"7642",NA,28,"Bryson City","PM 2.5","Swain",35.434767,-83.442133
"7643",NA,17,"Bryson City","PM 2.5","Swain",35.434767,-83.442133
"7644",NA,15,"Bryson City","PM 2.5","Swain",35.434767,-83.442133
"7645",NA,15,"Bryson City","PM 2.5","Swain",35.434767,-83.442133
"7646",NA,7,"Bryson City","PM 2.5","Swain",35.434767,-83.442133
"7647",NA,25,"Bryson City","PM 2.5","Swain",35.434767,-83.442133
"7648",NA,34,"Bryson City","PM 2.5","Swain",35.434767,-83.442133
"7649",NA,24,"Bryson City","PM 2.5","Swain",35.434767,-83.442133
"7650",NA,35,"Bryson City","PM 2.5","Swain",35.434767,-83.442133
"7651",NA,48,"Bryson City","PM 2.5","Swain",35.434767,-83.442133
"7652",NA,45,"Bryson City","PM 2.5","Swain",35.434767,-83.442133
"7653",NA,21,"Bryson City","PM 2.5","Swain",35.434767,-83.442133
"7654",NA,13,"Bryson City","PM 2.5","Swain",35.434767,-83.442133
"7655",NA,23,"Bryson City","PM 2.5","Swain",35.434767,-83.442133
"7656",NA,33,"Bryson City","PM 2.5","Swain",35.434767,-83.442133
"7657",3-01-20,16,"Bryson City","PM 2.5","Swain",35.434767,-83.442133
"7658",3-02-20,18,"Bryson City","PM 2.5","Swain",35.434767,-83.442133
"7659",3-03-20,23,"Bryson City","PM 2.5","Swain",35.434767,-83.442133
"7660",3-04-20,26,"Bryson City","PM 2.5","Swain",35.434767,-83.442133
"7661",3-05-20,57,"Bryson City","PM 2.5","Swain",35.434767,-83.442133
"7662",3-06-20,63,"Bryson City","PM 2.5","Swain",35.434767,-83.442133
"7663",3-07-20,23,"Bryson City","PM 2.5","Swain",35.434767,-83.442133
"7664",3-08-20,24,"Bryson City","PM 2.5","Swain",35.434767,-83.442133
"7665",3-09-20,35,"Bryson City","PM 2.5","Swain",35.434767,-83.442133
"7666",3-10-20,62,"Bryson City","PM 2.5","Swain",35.434767,-83.442133
"7667",3-11-20,54,"Bryson City","PM 2.5","Swain",35.434767,-83.442133
"7668",3-12-20,15,"Bryson City","PM 2.5","Swain",35.434767,-83.442133
"7669",NA,35,"Bryson City","PM 2.5","Swain",35.434767,-83.442133
"7670",NA,22,"Bryson City","PM 2.5","Swain",35.434767,-83.442133
"7671",NA,46,"Bryson City","PM 2.5","Swain",35.434767,-83.442133
"7672",NA,66,"Bryson City","PM 2.5","Swain",35.434767,-83.442133
"7673",NA,62,"Bryson City","PM 2.5","Swain",35.434767,-83.442133
"7674",NA,37,"Bryson City","PM 2.5","Swain",35.434767,-83.442133
"7675",NA,36,"Bryson City","PM 2.5","Swain",35.434767,-83.442133
"7676",NA,15,"Bryson City","PM 2.5","Swain",35.434767,-83.442133
"7677",NA,19,"Bryson City","PM 2.5","Swain",35.434767,-83.442133
"7678",NA,29,"Bryson City","PM 2.5","Swain",35.434767,-83.442133
"7679",NA,31,"Bryson City","PM 2.5","Swain",35.434767,-83.442133
"7680",NA,46,"Bryson City","PM 2.5","Swain",35.434767,-83.442133
"7681",NA,40,"Bryson City","PM 2.5","Swain",35.434767,-83.442133
"7682",NA,24,"Bryson City","PM 2.5","Swain",35.434767,-83.442133
"7683",NA,33,"Bryson City","PM 2.5","Swain",35.434767,-83.442133
"7684",NA,49,"Bryson City","PM 2.5","Swain",35.434767,-83.442133
"7685",NA,38,"Bryson City","PM 2.5","Swain",35.434767,-83.442133
"7686",NA,13,"Bryson City","PM 2.5","Swain",35.434767,-83.442133
"7687",NA,20,"Bryson City","PM 2.5","Swain",35.434767,-83.442133
"7688",4-01-20,30,"Bryson City","PM 2.5","Swain",35.434767,-83.442133
"7689",4-02-20,43,"Bryson City","PM 2.5","Swain",35.434767,-83.442133
"7690",4-03-20,50,"Bryson City","PM 2.5","Swain",35.434767,-83.442133
"7691",4-04-20,18,"Bryson City","PM 2.5","Swain",35.434767,-83.442133
"7692",4-05-20,28,"Bryson City","PM 2.5","Swain",35.434767,-83.442133
"7693",4-06-20,37,"Bryson City","PM 2.5","Swain",35.434767,-83.442133
"7694",4-07-20,20,"Bryson City","PM 2.5","Swain",35.434767,-83.442133
"7695",4-08-20,10,"Bryson City","PM 2.5","Swain",35.434767,-83.442133
"7696",4-09-20,19,"Bryson City","PM 2.5","Swain",35.434767,-83.442133
"7697",4-10-20,32,"Bryson City","PM 2.5","Swain",35.434767,-83.442133
"7698",4-11-20,27,"Bryson City","PM 2.5","Swain",35.434767,-83.442133
"7699",4-12-20,50,"Bryson City","PM 2.5","Swain",35.434767,-83.442133
"7700",NA,68,"Bryson City","PM 2.5","Swain",35.434767,-83.442133
"7701",NA,48,"Bryson City","PM 2.5","Swain",35.434767,-83.442133
"7702",NA,25,"Bryson City","PM 2.5","Swain",35.434767,-83.442133
"7703",NA,13,"Bryson City","PM 2.5","Swain",35.434767,-83.442133
"7704",NA,26,"Bryson City","PM 2.5","Swain",35.434767,-83.442133
"7705",NA,35,"Bryson City","PM 2.5","Swain",35.434767,-83.442133
"7706",NA,28,"Bryson City","PM 2.5","Swain",35.434767,-83.442133
"7707",NA,17,"Bryson City","PM 2.5","Swain",35.434767,-83.442133
"7708",NA,36,"Bryson City","PM 2.5","Swain",35.434767,-83.442133
"7709",NA,40,"Bryson City","PM 2.5","Swain",35.434767,-83.442133
"7710",NA,15,"Bryson City","PM 2.5","Swain",35.434767,-83.442133
"7711",NA,9,"Bryson City","PM 2.5","Swain",35.434767,-83.442133
"7712",NA,6,"Bryson City","PM 2.5","Swain",35.434767,-83.442133
"7713",NA,14,"Bryson City","PM 2.5","Swain",35.434767,-83.442133
"7714",NA,24,"Bryson City","PM 2.5","Swain",35.434767,-83.442133
"7715",NA,35,"Bryson City","PM 2.5","Swain",35.434767,-83.442133
"7716",NA,20,"Bryson City","PM 2.5","Swain",35.434767,-83.442133
"7717",NA,22,"Bryson City","PM 2.5","Swain",35.434767,-83.442133
"7718",5-01-20,30,"Bryson City","PM 2.5","Swain",35.434767,-83.442133
"7719",5-02-20,46,"Bryson City","PM 2.5","Swain",35.434767,-83.442133
"7720",5-03-20,51,"Bryson City","PM 2.5","Swain",35.434767,-83.442133
"7721",5-04-20,48,"Bryson City","PM 2.5","Swain",35.434767,-83.442133
"7722",5-05-20,57,"Bryson City","PM 2.5","Swain",35.434767,-83.442133
"7723",5-06-20,25,"Bryson City","PM 2.5","Swain",35.434767,-83.442133
"7724",5-07-20,33,"Bryson City","PM 2.5","Swain",35.434767,-83.442133
"7725",5-08-20,29,"Bryson City","PM 2.5","Swain",35.434767,-83.442133
"7726",5-09-20,30,"Bryson City","PM 2.5","Swain",35.434767,-83.442133
"7727",5-10-20,43,"Bryson City","PM 2.5","Swain",35.434767,-83.442133
"7728",5-11-20,42,"Bryson City","PM 2.5","Swain",35.434767,-83.442133
"7729",5-12-20,51,"Bryson City","PM 2.5","Swain",35.434767,-83.442133
"7730",NA,49,"Bryson City","PM 2.5","Swain",35.434767,-83.442133
"7731",NA,52,"Bryson City","PM 2.5","Swain",35.434767,-83.442133
"7732",NA,54,"Bryson City","PM 2.5","Swain",35.434767,-83.442133
"7733",NA,27,"Bryson City","PM 2.5","Swain",35.434767,-83.442133
"7734",NA,23,"Bryson City","PM 2.5","Swain",35.434767,-83.442133
"7735",NA,25,"Bryson City","PM 2.5","Swain",35.434767,-83.442133
"7736",NA,36,"Bryson City","PM 2.5","Swain",35.434767,-83.442133
"7737",NA,38,"Bryson City","PM 2.5","Swain",35.434767,-83.442133
"7738",NA,25,"Bryson City","PM 2.5","Swain",35.434767,-83.442133
"7739",NA,22,"Bryson City","PM 2.5","Swain",35.434767,-83.442133
"7740",NA,15,"Bryson City","PM 2.5","Swain",35.434767,-83.442133
"7741",NA,33,"Bryson City","PM 2.5","Swain",35.434767,-83.442133
"7742",NA,15,"Bryson City","PM 2.5","Swain",35.434767,-83.442133
"7743",NA,10,"Bryson City","PM 2.5","Swain",35.434767,-83.442133
"7744",NA,8,"Bryson City","PM 2.5","Swain",35.434767,-83.442133
"7745",NA,20,"Bryson City","PM 2.5","Swain",35.434767,-83.442133
"7746",6-01-20,18,"Bryson City","PM 2.5","Swain",35.434767,-83.442133
"7747",6-02-20,27,"Bryson City","PM 2.5","Swain",35.434767,-83.442133
"7748",6-03-20,32,"Bryson City","PM 2.5","Swain",35.434767,-83.442133
"7749",6-04-20,23,"Bryson City","PM 2.5","Swain",35.434767,-83.442133
"7750",6-05-20,26,"Bryson City","PM 2.5","Swain",35.434767,-83.442133
"7751",6-06-20,33,"Bryson City","PM 2.5","Swain",35.434767,-83.442133
"7752",6-07-20,41,"Bryson City","PM 2.5","Swain",35.434767,-83.442133
"7753",NA,23,"Bryson City","PM 2.5","Swain",35.434767,-83.442133
"7754",NA,23,"Bryson City","PM 2.5","Swain",35.434767,-83.442133
"7755",NA,25,"Bryson City","PM 2.5","Swain",35.434767,-83.442133
"7756",NA,21,"Bryson City","PM 2.5","Swain",35.434767,-83.442133
"7757",NA,15,"Bryson City","PM 2.5","Swain",35.434767,-83.442133
"7758",NA,19,"Bryson City","PM 2.5","Swain",35.434767,-83.442133
"7759",7-03-20,24,"Bryson City","PM 2.5","Swain",35.434767,-83.442133
"7760",7-04-20,51,"Bryson City","PM 2.5","Swain",35.434767,-83.442133
"7761",7-05-20,38,"Bryson City","PM 2.5","Swain",35.434767,-83.442133
"7762",7-06-20,32,"Bryson City","PM 2.5","Swain",35.434767,-83.442133
"7763",7-07-20,29,"Bryson City","PM 2.5","Swain",35.434767,-83.442133
"7764",7-08-20,33,"Bryson City","PM 2.5","Swain",35.434767,-83.442133
"7765",7-09-20,34,"Bryson City","PM 2.5","Swain",35.434767,-83.442133
"7766",7-10-20,36,"Bryson City","PM 2.5","Swain",35.434767,-83.442133
"7767",7-11-20,38,"Bryson City","PM 2.5","Swain",35.434767,-83.442133
"7768",7-12-20,47,"Bryson City","PM 2.5","Swain",35.434767,-83.442133
"7769",NA,43,"Bryson City","PM 2.5","Swain",35.434767,-83.442133
"7770",NA,46,"Bryson City","PM 2.5","Swain",35.434767,-83.442133
"7771",NA,36,"Bryson City","PM 2.5","Swain",35.434767,-83.442133
"7772",NA,30,"Bryson City","PM 2.5","Swain",35.434767,-83.442133
"7773",NA,26,"Bryson City","PM 2.5","Swain",35.434767,-83.442133
"7774",NA,32,"Bryson City","PM 2.5","Swain",35.434767,-83.442133
"7775",NA,36,"Bryson City","PM 2.5","Swain",35.434767,-83.442133
"7776",NA,44,"Bryson City","PM 2.5","Swain",35.434767,-83.442133
"7777",NA,22,"Bryson City","PM 2.5","Swain",35.434767,-83.442133
"7778",NA,26,"Bryson City","PM 2.5","Swain",35.434767,-83.442133
"7779",NA,20,"Bryson City","PM 2.5","Swain",35.434767,-83.442133
"7780",NA,21,"Bryson City","PM 2.5","Swain",35.434767,-83.442133
"7781",NA,25,"Bryson City","PM 2.5","Swain",35.434767,-83.442133
"7782",NA,38,"Bryson City","PM 2.5","Swain",35.434767,-83.442133
"7783",NA,44,"Bryson City","PM 2.5","Swain",35.434767,-83.442133
"7784",NA,40,"Bryson City","PM 2.5","Swain",35.434767,-83.442133
"7785",NA,36,"Bryson City","PM 2.5","Swain",35.434767,-83.442133
"7786",NA,40,"Bryson City","PM 2.5","Swain",35.434767,-83.442133
"7787",NA,27,"Bryson City","PM 2.5","Swain",35.434767,-83.442133
"7788",8-01-20,25,"Bryson City","PM 2.5","Swain",35.434767,-83.442133
"7789",8-02-20,7,"Bryson City","PM 2.5","Swain",35.434767,-83.442133
"7790",8-03-20,10,"Bryson City","PM 2.5","Swain",35.434767,-83.442133
"7791",8-04-20,15,"Bryson City","PM 2.5","Swain",35.434767,-83.442133
"7792",8-05-20,25,"Bryson City","PM 2.5","Swain",35.434767,-83.442133
"7793",8-06-20,27,"Bryson City","PM 2.5","Swain",35.434767,-83.442133
"7794",8-07-20,27,"Bryson City","PM 2.5","Swain",35.434767,-83.442133
"7795",8-08-20,27,"Bryson City","PM 2.5","Swain",35.434767,-83.442133
"7796",8-09-20,18,"Bryson City","PM 2.5","Swain",35.434767,-83.442133
"7797",8-10-20,19,"Bryson City","PM 2.5","Swain",35.434767,-83.442133
"7798",8-11-20,24,"Bryson City","PM 2.5","Swain",35.434767,-83.442133
"7799",8-12-20,41,"Bryson City","PM 2.5","Swain",35.434767,-83.442133
"7800",NA,45,"Bryson City","PM 2.5","Swain",35.434767,-83.442133
"7801",NA,47,"Bryson City","PM 2.5","Swain",35.434767,-83.442133
"7802",NA,54,"Bryson City","PM 2.5","Swain",35.434767,-83.442133
"7803",NA,59,"Bryson City","PM 2.5","Swain",35.434767,-83.442133
"7804",NA,54,"Bryson City","PM 2.5","Swain",35.434767,-83.442133
"7805",NA,31,"Bryson City","PM 2.5","Swain",35.434767,-83.442133
"7806",NA,24,"Bryson City","PM 2.5","Swain",35.434767,-83.442133
"7807",NA,29,"Bryson City","PM 2.5","Swain",35.434767,-83.442133
"7808",NA,52,"Bryson City","PM 2.5","Swain",35.434767,-83.442133
"7809",NA,37,"Bryson City","PM 2.5","Swain",35.434767,-83.442133
"7810",NA,53,"Bryson City","PM 2.5","Swain",35.434767,-83.442133
"7811",NA,39,"Bryson City","PM 2.5","Swain",35.434767,-83.442133
"7812",NA,43,"Bryson City","PM 2.5","Swain",35.434767,-83.442133
"7813",NA,30,"Bryson City","PM 2.5","Swain",35.434767,-83.442133
"7814",NA,21,"Bryson City","PM 2.5","Swain",35.434767,-83.442133
"7815",9-01-20,29,"Bryson City","PM 2.5","Swain",35.434767,-83.442133
"7816",9-02-20,28,"Bryson City","PM 2.5","Swain",35.434767,-83.442133
"7817",9-03-20,18,"Bryson City","PM 2.5","Swain",35.434767,-83.442133
"7818",9-04-20,22,"Bryson City","PM 2.5","Swain",35.434767,-83.442133
"7819",9-05-20,31,"Bryson City","PM 2.5","Swain",35.434767,-83.442133
"7820",9-06-20,30,"Bryson City","PM 2.5","Swain",35.434767,-83.442133
"7821",9-07-20,26,"Bryson City","PM 2.5","Swain",35.434767,-83.442133
"7822",9-08-20,28,"Bryson City","PM 2.5","Swain",35.434767,-83.442133
"7823",9-09-20,21,"Bryson City","PM 2.5","Swain",35.434767,-83.442133
"7824",9-10-20,18,"Bryson City","PM 2.5","Swain",35.434767,-83.442133
"7825",9-11-20,10,"Bryson City","PM 2.5","Swain",35.434767,-83.442133
"7826",9-12-20,20,"Bryson City","PM 2.5","Swain",35.434767,-83.442133
"7827",NA,22,"Bryson City","PM 2.5","Swain",35.434767,-83.442133
"7828",NA,14,"Bryson City","PM 2.5","Swain",35.434767,-83.442133
"7829",NA,13,"Bryson City","PM 2.5","Swain",35.434767,-83.442133
"7830",NA,9,"Bryson City","PM 2.5","Swain",35.434767,-83.442133
"7831",NA,10,"Bryson City","PM 2.5","Swain",35.434767,-83.442133
"7832",NA,22,"Bryson City","PM 2.5","Swain",35.434767,-83.442133
"7833",NA,32,"Bryson City","PM 2.5","Swain",35.434767,-83.442133
"7834",NA,44,"Bryson City","PM 2.5","Swain",35.434767,-83.442133
"7835",NA,48,"Bryson City","PM 2.5","Swain",35.434767,-83.442133
"7836",NA,43,"Bryson City","PM 2.5","Swain",35.434767,-83.442133
"7837",NA,43,"Bryson City","PM 2.5","Swain",35.434767,-83.442133
"7838",NA,30,"Bryson City","PM 2.5","Swain",35.434767,-83.442133
"7839",NA,27,"Bryson City","PM 2.5","Swain",35.434767,-83.442133
"7840",NA,23,"Bryson City","PM 2.5","Swain",35.434767,-83.442133
"7841",NA,20,"Bryson City","PM 2.5","Swain",35.434767,-83.442133
"7842",NA,22,"Bryson City","PM 2.5","Swain",35.434767,-83.442133
"7843",NA,24,"Bryson City","PM 2.5","Swain",35.434767,-83.442133
"7844",NA,25,"Bryson City","PM 2.5","Swain",35.434767,-83.442133
"7845",10-01-20,35,"Bryson City","PM 2.5","Swain",35.434767,-83.442133
"7846",10-02-20,36,"Bryson City","PM 2.5","Swain",35.434767,-83.442133
"7847",10-03-20,37,"Bryson City","PM 2.5","Swain",35.434767,-83.442133
"7848",10-04-20,30,"Bryson City","PM 2.5","Swain",35.434767,-83.442133
"7849",10-05-20,32,"Bryson City","PM 2.5","Swain",35.434767,-83.442133
"7850",10-06-20,37,"Bryson City","PM 2.5","Swain",35.434767,-83.442133
"7851",10-07-20,46,"Bryson City","PM 2.5","Swain",35.434767,-83.442133
"7852",10-08-20,36,"Bryson City","PM 2.5","Swain",35.434767,-83.442133
"7853",10-09-20,21,"Bryson City","PM 2.5","Swain",35.434767,-83.442133
"7854",10-10-20,17,"Bryson City","PM 2.5","Swain",35.434767,-83.442133
"7855",10-11-20,25,"Bryson City","PM 2.5","Swain",35.434767,-83.442133
"7856",10-12-20,22,"Bryson City","PM 2.5","Swain",35.434767,-83.442133
"7857",NA,27,"Bryson City","PM 2.5","Swain",35.434767,-83.442133
"7858",NA,36,"Bryson City","PM 2.5","Swain",35.434767,-83.442133
"7859",NA,40,"Bryson City","PM 2.5","Swain",35.434767,-83.442133
"7860",NA,30,"Bryson City","PM 2.5","Swain",35.434767,-83.442133
"7861",NA,24,"Bryson City","PM 2.5","Swain",35.434767,-83.442133
"7862",NA,25,"Bryson City","PM 2.5","Swain",35.434767,-83.442133
"7863",NA,38,"Bryson City","PM 2.5","Swain",35.434767,-83.442133
"7864",NA,33,"Bryson City","PM 2.5","Swain",35.434767,-83.442133
"7865",NA,22,"Bryson City","PM 2.5","Swain",35.434767,-83.442133
"7866",NA,23,"Bryson City","PM 2.5","Swain",35.434767,-83.442133
"7867",NA,36,"Bryson City","PM 2.5","Swain",35.434767,-83.442133
"7868",NA,35,"Bryson City","PM 2.5","Swain",35.434767,-83.442133
"7869",NA,43,"Bryson City","PM 2.5","Swain",35.434767,-83.442133
"7870",NA,32,"Bryson City","PM 2.5","Swain",35.434767,-83.442133
"7871",NA,30,"Bryson City","PM 2.5","Swain",35.434767,-83.442133
"7872",NA,33,"Bryson City","PM 2.5","Swain",35.434767,-83.442133
"7873",NA,21,"Bryson City","PM 2.5","Swain",35.434767,-83.442133
"7874",NA,26,"Bryson City","PM 2.5","Swain",35.434767,-83.442133
"7875",NA,43,"Bryson City","PM 2.5","Swain",35.434767,-83.442133
"7876",11-01-20,43,"Bryson City","PM 2.5","Swain",35.434767,-83.442133
"7877",11-02-20,17,"Bryson City","PM 2.5","Swain",35.434767,-83.442133
"7878",11-03-20,29,"Bryson City","PM 2.5","Swain",35.434767,-83.442133
"7879",11-04-20,34,"Bryson City","PM 2.5","Swain",35.434767,-83.442133
"7880",11-05-20,25,"Bryson City","PM 2.5","Swain",35.434767,-83.442133
"7881",11-06-20,17,"Bryson City","PM 2.5","Swain",35.434767,-83.442133
"7882",11-07-20,24,"Bryson City","PM 2.5","Swain",35.434767,-83.442133
"7883",11-08-20,40,"Bryson City","PM 2.5","Swain",35.434767,-83.442133
"7884",11-09-20,23,"Bryson City","PM 2.5","Swain",35.434767,-83.442133
"7885",11-10-20,32,"Bryson City","PM 2.5","Swain",35.434767,-83.442133
"7886",11-11-20,49,"Bryson City","PM 2.5","Swain",35.434767,-83.442133
"7887",11-12-20,36,"Bryson City","PM 2.5","Swain",35.434767,-83.442133
"7888",NA,16,"Bryson City","PM 2.5","Swain",35.434767,-83.442133
"7889",NA,17,"Bryson City","PM 2.5","Swain",35.434767,-83.442133
"7890",NA,14,"Bryson City","PM 2.5","Swain",35.434767,-83.442133
"7891",NA,26,"Bryson City","PM 2.5","Swain",35.434767,-83.442133
"7892",NA,43,"Bryson City","PM 2.5","Swain",35.434767,-83.442133
"7893",NA,52,"Bryson City","PM 2.5","Swain",35.434767,-83.442133
"7894",NA,52,"Bryson City","PM 2.5","Swain",35.434767,-83.442133
"7895",NA,29,"Bryson City","PM 2.5","Swain",35.434767,-83.442133
"7896",NA,33,"Bryson City","PM 2.5","Swain",35.434767,-83.442133
"7897",NA,47,"Bryson City","PM 2.5","Swain",35.434767,-83.442133
"7898",NA,55,"Bryson City","PM 2.5","Swain",35.434767,-83.442133
"7899",NA,26,"Bryson City","PM 2.5","Swain",35.434767,-83.442133
"7900",NA,28,"Bryson City","PM 2.5","Swain",35.434767,-83.442133
"7901",NA,20,"Bryson City","PM 2.5","Swain",35.434767,-83.442133
"7902",NA,25,"Bryson City","PM 2.5","Swain",35.434767,-83.442133
"7903",NA,28,"Bryson City","PM 2.5","Swain",35.434767,-83.442133
"7904",NA,56,"Bryson City","PM 2.5","Swain",35.434767,-83.442133
"7905",NA,59,"Bryson City","PM 2.5","Swain",35.434767,-83.442133
"7906",12-01-20,35,"Bryson City","PM 2.5","Swain",35.434767,-83.442133
"7907",12-02-20,28,"Bryson City","PM 2.5","Swain",35.434767,-83.442133
"7908",12-03-20,28,"Bryson City","PM 2.5","Swain",35.434767,-83.442133
"7909",12-04-20,20,"Bryson City","PM 2.5","Swain",35.434767,-83.442133
"7910",12-05-20,20,"Bryson City","PM 2.5","Swain",35.434767,-83.442133
"7911",12-06-20,42,"Bryson City","PM 2.5","Swain",35.434767,-83.442133
"7912",12-07-20,32,"Bryson City","PM 2.5","Swain",35.434767,-83.442133
"7913",12-08-20,33,"Bryson City","PM 2.5","Swain",35.434767,-83.442133
"7914",12-09-20,20,"Bryson City","PM 2.5","Swain",35.434767,-83.442133
"7915",12-10-20,25,"Bryson City","PM 2.5","Swain",35.434767,-83.442133
"7916",12-11-20,24,"Bryson City","PM 2.5","Swain",35.434767,-83.442133
"7917",NA,18,"Bryson City","PM 2.5","Swain",35.434767,-83.442133
"7918",NA,18,"Bryson City","PM 2.5","Swain",35.434767,-83.442133
"7919",NA,17,"Bryson City","PM 2.5","Swain",35.434767,-83.442133
"7920",NA,17,"Bryson City","PM 2.5","Swain",35.434767,-83.442133
"7921",NA,33,"Bryson City","PM 2.5","Swain",35.434767,-83.442133
"7922",NA,52,"Bryson City","PM 2.5","Swain",35.434767,-83.442133
"7923",NA,51,"Bryson City","PM 2.5","Swain",35.434767,-83.442133
"7924",NA,19,"Bryson City","PM 2.5","Swain",35.434767,-83.442133
"7925",NA,24,"Bryson City","PM 2.5","Swain",35.434767,-83.442133
"7926",NA,39,"Bryson City","PM 2.5","Swain",35.434767,-83.442133
"7927",NA,20,"Bryson City","PM 2.5","Swain",35.434767,-83.442133
"7928",NA,47,"Bryson City","PM 2.5","Swain",35.434767,-83.442133
"7929",NA,59,"Bryson City","PM 2.5","Swain",35.434767,-83.442133
"7930",NA,34,"Bryson City","PM 2.5","Swain",35.434767,-83.442133
"7931",NA,22,"Bryson City","PM 2.5","Swain",35.434767,-83.442133
"7932",NA,23,"Bryson City","PM 2.5","Swain",35.434767,-83.442133
"7933",NA,42,"Bryson City","PM 2.5","Swain",35.434767,-83.442133
"7934",NA,42,"Bryson City","PM 2.5","Swain",35.434767,-83.442133
"7935",1-02-20,30,"Millbrook School","PM 2.5","Wake",35.856111,-78.574167
"7936",1-05-20,25,"Millbrook School","PM 2.5","Wake",35.856111,-78.574167
"7937",1-08-20,33,"Millbrook School","PM 2.5","Wake",35.856111,-78.574167
"7938",1-11-20,29,"Millbrook School","PM 2.5","Wake",35.856111,-78.574167
"7939",NA,12,"Millbrook School","PM 2.5","Wake",35.856111,-78.574167
"7940",NA,51,"Millbrook School","PM 2.5","Wake",35.856111,-78.574167
"7941",NA,45,"Millbrook School","PM 2.5","Wake",35.856111,-78.574167
"7942",NA,17,"Millbrook School","PM 2.5","Wake",35.856111,-78.574167
"7943",NA,42,"Millbrook School","PM 2.5","Wake",35.856111,-78.574167
"7944",NA,6,"Millbrook School","PM 2.5","Wake",35.856111,-78.574167
"7945",2-01-20,24,"Millbrook School","PM 2.5","Wake",35.856111,-78.574167
"7946",2-04-20,15,"Millbrook School","PM 2.5","Wake",35.856111,-78.574167
"7947",2-07-20,21,"Millbrook School","PM 2.5","Wake",35.856111,-78.574167
"7948",2-10-20,30,"Millbrook School","PM 2.5","Wake",35.856111,-78.574167
"7949",NA,23,"Millbrook School","PM 2.5","Wake",35.856111,-78.574167
"7950",NA,21,"Millbrook School","PM 2.5","Wake",35.856111,-78.574167
"7951",NA,36,"Millbrook School","PM 2.5","Wake",35.856111,-78.574167
"7952",NA,32,"Millbrook School","PM 2.5","Wake",35.856111,-78.574167
"7953",NA,26,"Millbrook School","PM 2.5","Wake",35.856111,-78.574167
"7954",NA,32,"Millbrook School","PM 2.5","Wake",35.856111,-78.574167
"7955",3-03-20,8,"Millbrook School","PM 2.5","Wake",35.856111,-78.574167
"7956",3-06-20,24,"Millbrook School","PM 2.5","Wake",35.856111,-78.574167
"7957",3-09-20,25,"Millbrook School","PM 2.5","Wake",35.856111,-78.574167
"7958",3-12-20,31,"Millbrook School","PM 2.5","Wake",35.856111,-78.574167
"7959",NA,29,"Millbrook School","PM 2.5","Wake",35.856111,-78.574167
"7960",NA,24,"Millbrook School","PM 2.5","Wake",35.856111,-78.574167
"7961",NA,10,"Millbrook School","PM 2.5","Wake",35.856111,-78.574167
"7962",NA,20,"Millbrook School","PM 2.5","Wake",35.856111,-78.574167
"7963",NA,33,"Millbrook School","PM 2.5","Wake",35.856111,-78.574167
"7964",NA,20,"Millbrook School","PM 2.5","Wake",35.856111,-78.574167
"7965",4-02-20,32,"Millbrook School","PM 2.5","Wake",35.856111,-78.574167
"7966",4-05-20,20,"Millbrook School","PM 2.5","Wake",35.856111,-78.574167
"7967",4-08-20,21,"Millbrook School","PM 2.5","Wake",35.856111,-78.574167
"7968",4-11-20,45,"Millbrook School","PM 2.5","Wake",35.856111,-78.574167
"7969",NA,50,"Millbrook School","PM 2.5","Wake",35.856111,-78.574167
"7970",NA,16,"Millbrook School","PM 2.5","Wake",35.856111,-78.574167
"7971",NA,19,"Millbrook School","PM 2.5","Wake",35.856111,-78.574167
"7972",NA,20,"Millbrook School","PM 2.5","Wake",35.856111,-78.574167
"7973",NA,21,"Millbrook School","PM 2.5","Wake",35.856111,-78.574167
"7974",NA,17,"Millbrook School","PM 2.5","Wake",35.856111,-78.574167
"7975",5-02-20,45,"Millbrook School","PM 2.5","Wake",35.856111,-78.574167
"7976",5-05-20,39,"Millbrook School","PM 2.5","Wake",35.856111,-78.574167
"7977",5-08-20,29,"Millbrook School","PM 2.5","Wake",35.856111,-78.574167
"7978",5-11-20,48,"Millbrook School","PM 2.5","Wake",35.856111,-78.574167
"7979",NA,49,"Millbrook School","PM 2.5","Wake",35.856111,-78.574167
"7980",NA,18,"Millbrook School","PM 2.5","Wake",35.856111,-78.574167
"7981",NA,29,"Millbrook School","PM 2.5","Wake",35.856111,-78.574167
"7982",NA,28,"Millbrook School","PM 2.5","Wake",35.856111,-78.574167
"7983",NA,26,"Millbrook School","PM 2.5","Wake",35.856111,-78.574167
"7984",NA,19,"Millbrook School","PM 2.5","Wake",35.856111,-78.574167
"7985",6-01-20,28,"Millbrook School","PM 2.5","Wake",35.856111,-78.574167
"7986",6-04-20,21,"Millbrook School","PM 2.5","Wake",35.856111,-78.574167
"7987",6-07-20,42,"Millbrook School","PM 2.5","Wake",35.856111,-78.574167
"7988",6-10-20,37,"Millbrook School","PM 2.5","Wake",35.856111,-78.574167
"7989",NA,34,"Millbrook School","PM 2.5","Wake",35.856111,-78.574167
"7990",NA,46,"Millbrook School","PM 2.5","Wake",35.856111,-78.574167
"7991",NA,55,"Millbrook School","PM 2.5","Wake",35.856111,-78.574167
"7992",NA,40,"Millbrook School","PM 2.5","Wake",35.856111,-78.574167
"7993",NA,40,"Millbrook School","PM 2.5","Wake",35.856111,-78.574167
"7994",NA,30,"Millbrook School","PM 2.5","Wake",35.856111,-78.574167
"7995",7-01-20,35,"Millbrook School","PM 2.5","Wake",35.856111,-78.574167
"7996",7-04-20,38,"Millbrook School","PM 2.5","Wake",35.856111,-78.574167
"7997",7-07-20,30,"Millbrook School","PM 2.5","Wake",35.856111,-78.574167
"7998",7-10-20,45,"Millbrook School","PM 2.5","Wake",35.856111,-78.574167
"7999",NA,45,"Millbrook School","PM 2.5","Wake",35.856111,-78.574167
"8000",NA,52,"Millbrook School","PM 2.5","Wake",35.856111,-78.574167
"8001",NA,32,"Millbrook School","PM 2.5","Wake",35.856111,-78.574167
"8002",NA,25,"Millbrook School","PM 2.5","Wake",35.856111,-78.574167
"8003",NA,29,"Millbrook School","PM 2.5","Wake",35.856111,-78.574167
"8004",NA,43,"Millbrook School","PM 2.5","Wake",35.856111,-78.574167
"8005",NA,27,"Millbrook School","PM 2.5","Wake",35.856111,-78.574167
"8006",8-03-20,15,"Millbrook School","PM 2.5","Wake",35.856111,-78.574167
"8007",8-06-20,40,"Millbrook School","PM 2.5","Wake",35.856111,-78.574167
"8008",8-09-20,33,"Millbrook School","PM 2.5","Wake",35.856111,-78.574167
"8009",8-12-20,30,"Millbrook School","PM 2.5","Wake",35.856111,-78.574167
"8010",NA,51,"Millbrook School","PM 2.5","Wake",35.856111,-78.574167
"8011",NA,27,"Millbrook School","PM 2.5","Wake",35.856111,-78.574167
"8012",NA,26,"Millbrook School","PM 2.5","Wake",35.856111,-78.574167
"8013",NA,33,"Millbrook School","PM 2.5","Wake",35.856111,-78.574167
"8014",NA,56,"Millbrook School","PM 2.5","Wake",35.856111,-78.574167
"8015",NA,41,"Millbrook School","PM 2.5","Wake",35.856111,-78.574167
"8016",9-02-20,29,"Millbrook School","PM 2.5","Wake",35.856111,-78.574167
"8017",9-05-20,33,"Millbrook School","PM 2.5","Wake",35.856111,-78.574167
"8018",9-08-20,35,"Millbrook School","PM 2.5","Wake",35.856111,-78.574167
"8019",9-11-20,18,"Millbrook School","PM 2.5","Wake",35.856111,-78.574167
"8020",NA,33,"Millbrook School","PM 2.5","Wake",35.856111,-78.574167
"8021",NA,52,"Millbrook School","PM 2.5","Wake",35.856111,-78.574167
"8022",NA,39,"Millbrook School","PM 2.5","Wake",35.856111,-78.574167
"8023",NA,46,"Millbrook School","PM 2.5","Wake",35.856111,-78.574167
"8024",NA,28,"Millbrook School","PM 2.5","Wake",35.856111,-78.574167
"8025",NA,23,"Millbrook School","PM 2.5","Wake",35.856111,-78.574167
"8026",10-02-20,43,"Millbrook School","PM 2.5","Wake",35.856111,-78.574167
"8027",10-05-20,47,"Millbrook School","PM 2.5","Wake",35.856111,-78.574167
"8028",10-08-20,22,"Millbrook School","PM 2.5","Wake",35.856111,-78.574167
"8029",10-11-20,17,"Millbrook School","PM 2.5","Wake",35.856111,-78.574167
"8030",NA,30,"Millbrook School","PM 2.5","Wake",35.856111,-78.574167
"8031",NA,18,"Millbrook School","PM 2.5","Wake",35.856111,-78.574167
"8032",NA,36,"Millbrook School","PM 2.5","Wake",35.856111,-78.574167
"8033",NA,34,"Millbrook School","PM 2.5","Wake",35.856111,-78.574167
"8034",NA,21,"Millbrook School","PM 2.5","Wake",35.856111,-78.574167
"8035",NA,18,"Millbrook School","PM 2.5","Wake",35.856111,-78.574167
"8036",11-01-20,22,"Millbrook School","PM 2.5","Wake",35.856111,-78.574167
"8037",11-04-20,24,"Millbrook School","PM 2.5","Wake",35.856111,-78.574167
"8038",11-07-20,25,"Millbrook School","PM 2.5","Wake",35.856111,-78.574167
"8039",11-10-20,16,"Millbrook School","PM 2.5","Wake",35.856111,-78.574167
"8040",NA,14,"Millbrook School","PM 2.5","Wake",35.856111,-78.574167
"8041",NA,23,"Millbrook School","PM 2.5","Wake",35.856111,-78.574167
"8042",NA,57,"Millbrook School","PM 2.5","Wake",35.856111,-78.574167
"8043",NA,40,"Millbrook School","PM 2.5","Wake",35.856111,-78.574167
"8044",NA,40,"Millbrook School","PM 2.5","Wake",35.856111,-78.574167
"8045",NA,23,"Millbrook School","PM 2.5","Wake",35.856111,-78.574167
"8046",12-01-20,47,"Millbrook School","PM 2.5","Wake",35.856111,-78.574167
"8047",12-04-20,8,"Millbrook School","PM 2.5","Wake",35.856111,-78.574167
"8048",12-07-20,32,"Millbrook School","PM 2.5","Wake",35.856111,-78.574167
"8049",12-10-20,27,"Millbrook School","PM 2.5","Wake",35.856111,-78.574167
"8050",NA,53,"Millbrook School","PM 2.5","Wake",35.856111,-78.574167
"8051",NA,16,"Millbrook School","PM 2.5","Wake",35.856111,-78.574167
"8052",NA,43,"Millbrook School","PM 2.5","Wake",35.856111,-78.574167
"8053",NA,7,"Millbrook School","PM 2.5","Wake",35.856111,-78.574167
"8054",NA,41,"Millbrook School","PM 2.5","Wake",35.856111,-78.574167
"8055",NA,16,"Millbrook School","PM 2.5","Wake",35.856111,-78.574167
"8056",NA,48,"Millbrook School","PM 2.5","Wake",35.856111,-78.574167
"8057",1-01-20,28,"Millbrook School","PM 2.5","Wake",35.856111,-78.574167
"8058",1-02-20,47,"Millbrook School","PM 2.5","Wake",35.856111,-78.574167
"8059",1-03-20,61,"Millbrook School","PM 2.5","Wake",35.856111,-78.574167
"8060",1-04-20,39,"Millbrook School","PM 2.5","Wake",35.856111,-78.574167
"8061",1-05-20,39,"Millbrook School","PM 2.5","Wake",35.856111,-78.574167
"8062",1-06-20,33,"Millbrook School","PM 2.5","Wake",35.856111,-78.574167
"8063",1-07-20,48,"Millbrook School","PM 2.5","Wake",35.856111,-78.574167
"8064",1-08-20,52,"Millbrook School","PM 2.5","Wake",35.856111,-78.574167
"8065",1-09-20,35,"Millbrook School","PM 2.5","Wake",35.856111,-78.574167
"8066",1-10-20,22,"Millbrook School","PM 2.5","Wake",35.856111,-78.574167
"8067",1-11-20,17,"Millbrook School","PM 2.5","Wake",35.856111,-78.574167
"8068",1-12-20,0,"Millbrook School","PM 2.5","Wake",35.856111,-78.574167
"8069",NA,24,"Millbrook School","PM 2.5","Wake",35.856111,-78.574167
"8070",NA,27,"Millbrook School","PM 2.5","Wake",35.856111,-78.574167
"8071",NA,35,"Millbrook School","PM 2.5","Wake",35.856111,-78.574167
"8072",NA,58,"Millbrook School","PM 2.5","Wake",35.856111,-78.574167
"8073",NA,61,"Millbrook School","PM 2.5","Wake",35.856111,-78.574167
"8074",NA,54,"Millbrook School","PM 2.5","Wake",35.856111,-78.574167
"8075",NA,55,"Millbrook School","PM 2.5","Wake",35.856111,-78.574167
"8076",NA,55,"Millbrook School","PM 2.5","Wake",35.856111,-78.574167
"8077",NA,51,"Millbrook School","PM 2.5","Wake",35.856111,-78.574167
"8078",NA,59,"Millbrook School","PM 2.5","Wake",35.856111,-78.574167
"8079",NA,24,"Millbrook School","PM 2.5","Wake",35.856111,-78.574167
"8080",NA,20,"Millbrook School","PM 2.5","Wake",35.856111,-78.574167
"8081",NA,35,"Millbrook School","PM 2.5","Wake",35.856111,-78.574167
"8082",NA,53,"Millbrook School","PM 2.5","Wake",35.856111,-78.574167
"8083",NA,37,"Millbrook School","PM 2.5","Wake",35.856111,-78.574167
"8084",NA,22,"Millbrook School","PM 2.5","Wake",35.856111,-78.574167
"8085",NA,14,"Millbrook School","PM 2.5","Wake",35.856111,-78.574167
"8086",NA,26,"Millbrook School","PM 2.5","Wake",35.856111,-78.574167
"8087",NA,29,"Millbrook School","PM 2.5","Wake",35.856111,-78.574167
"8088",2-01-20,32,"Millbrook School","PM 2.5","Wake",35.856111,-78.574167
"8089",2-02-20,25,"Millbrook School","PM 2.5","Wake",35.856111,-78.574167
"8090",2-03-20,32,"Millbrook School","PM 2.5","Wake",35.856111,-78.574167
"8091",2-04-20,33,"Millbrook School","PM 2.5","Wake",35.856111,-78.574167
"8092",2-05-20,30,"Millbrook School","PM 2.5","Wake",35.856111,-78.574167
"8093",2-06-20,45,"Millbrook School","PM 2.5","Wake",35.856111,-78.574167
"8094",2-07-20,30,"Millbrook School","PM 2.5","Wake",35.856111,-78.574167
"8095",2-08-20,36,"Millbrook School","PM 2.5","Wake",35.856111,-78.574167
"8096",2-09-20,49,"Millbrook School","PM 2.5","Wake",35.856111,-78.574167
"8097",2-10-20,40,"Millbrook School","PM 2.5","Wake",35.856111,-78.574167
"8098",2-11-20,30,"Millbrook School","PM 2.5","Wake",35.856111,-78.574167
"8099",2-12-20,20,"Millbrook School","PM 2.5","Wake",35.856111,-78.574167
"8100",NA,33,"Millbrook School","PM 2.5","Wake",35.856111,-78.574167
"8101",NA,48,"Millbrook School","PM 2.5","Wake",35.856111,-78.574167
"8102",NA,32,"Millbrook School","PM 2.5","Wake",35.856111,-78.574167
"8103",NA,31,"Millbrook School","PM 2.5","Wake",35.856111,-78.574167
"8104",NA,31,"Millbrook School","PM 2.5","Wake",35.856111,-78.574167
"8105",NA,21,"Millbrook School","PM 2.5","Wake",35.856111,-78.574167
"8106",NA,41,"Millbrook School","PM 2.5","Wake",35.856111,-78.574167
"8107",NA,61,"Millbrook School","PM 2.5","Wake",35.856111,-78.574167
"8108",NA,28,"Millbrook School","PM 2.5","Wake",35.856111,-78.574167
"8109",NA,37,"Millbrook School","PM 2.5","Wake",35.856111,-78.574167
"8110",NA,48,"Millbrook School","PM 2.5","Wake",35.856111,-78.574167
"8111",NA,38,"Millbrook School","PM 2.5","Wake",35.856111,-78.574167
"8112",NA,35,"Millbrook School","PM 2.5","Wake",35.856111,-78.574167
"8113",NA,22,"Millbrook School","PM 2.5","Wake",35.856111,-78.574167
"8114",NA,29,"Millbrook School","PM 2.5","Wake",35.856111,-78.574167
"8115",NA,43,"Millbrook School","PM 2.5","Wake",35.856111,-78.574167
"8116",3-01-20,37,"Millbrook School","PM 2.5","Wake",35.856111,-78.574167
"8117",3-02-20,18,"Millbrook School","PM 2.5","Wake",35.856111,-78.574167
"8118",3-03-20,18,"Millbrook School","PM 2.5","Wake",35.856111,-78.574167
"8119",3-04-20,22,"Millbrook School","PM 2.5","Wake",35.856111,-78.574167
"8120",3-05-20,28,"Millbrook School","PM 2.5","Wake",35.856111,-78.574167
"8121",3-06-20,38,"Millbrook School","PM 2.5","Wake",35.856111,-78.574167
"8122",3-07-20,30,"Millbrook School","PM 2.5","Wake",35.856111,-78.574167
"8123",3-08-20,28,"Millbrook School","PM 2.5","Wake",35.856111,-78.574167
"8124",3-09-20,36,"Millbrook School","PM 2.5","Wake",35.856111,-78.574167
"8125",3-10-20,69,"Millbrook School","PM 2.5","Wake",35.856111,-78.574167
"8126",3-11-20,56,"Millbrook School","PM 2.5","Wake",35.856111,-78.574167
"8127",3-12-20,33,"Millbrook School","PM 2.5","Wake",35.856111,-78.574167
"8128",NA,31,"Millbrook School","PM 2.5","Wake",35.856111,-78.574167
"8129",NA,26,"Millbrook School","PM 2.5","Wake",35.856111,-78.574167
"8130",NA,39,"Millbrook School","PM 2.5","Wake",35.856111,-78.574167
"8131",NA,49,"Millbrook School","PM 2.5","Wake",35.856111,-78.574167
"8132",NA,54,"Millbrook School","PM 2.5","Wake",35.856111,-78.574167
"8133",NA,36,"Millbrook School","PM 2.5","Wake",35.856111,-78.574167
"8134",NA,38,"Millbrook School","PM 2.5","Wake",35.856111,-78.574167
"8135",NA,23,"Millbrook School","PM 2.5","Wake",35.856111,-78.574167
"8136",NA,20,"Millbrook School","PM 2.5","Wake",35.856111,-78.574167
"8137",NA,22,"Millbrook School","PM 2.5","Wake",35.856111,-78.574167
"8138",NA,30,"Millbrook School","PM 2.5","Wake",35.856111,-78.574167
"8139",NA,35,"Millbrook School","PM 2.5","Wake",35.856111,-78.574167
"8140",NA,26,"Millbrook School","PM 2.5","Wake",35.856111,-78.574167
"8141",NA,29,"Millbrook School","PM 2.5","Wake",35.856111,-78.574167
"8142",NA,42,"Millbrook School","PM 2.5","Wake",35.856111,-78.574167
"8143",NA,54,"Millbrook School","PM 2.5","Wake",35.856111,-78.574167
"8144",NA,56,"Millbrook School","PM 2.5","Wake",35.856111,-78.574167
"8145",NA,30,"Millbrook School","PM 2.5","Wake",35.856111,-78.574167
"8146",NA,20,"Millbrook School","PM 2.5","Wake",35.856111,-78.574167
"8147",4-01-20,41,"Millbrook School","PM 2.5","Wake",35.856111,-78.574167
"8148",4-02-20,42,"Millbrook School","PM 2.5","Wake",35.856111,-78.574167
"8149",4-03-20,49,"Millbrook School","PM 2.5","Wake",35.856111,-78.574167
"8150",4-04-20,32,"Millbrook School","PM 2.5","Wake",35.856111,-78.574167
"8151",4-05-20,30,"Millbrook School","PM 2.5","Wake",35.856111,-78.574167
"8152",4-06-20,48,"Millbrook School","PM 2.5","Wake",35.856111,-78.574167
"8153",4-07-20,43,"Millbrook School","PM 2.5","Wake",35.856111,-78.574167
"8154",4-08-20,28,"Millbrook School","PM 2.5","Wake",35.856111,-78.574167
"8155",4-09-20,37,"Millbrook School","PM 2.5","Wake",35.856111,-78.574167
"8156",4-10-20,42,"Millbrook School","PM 2.5","Wake",35.856111,-78.574167
"8157",4-11-20,55,"Millbrook School","PM 2.5","Wake",35.856111,-78.574167
"8158",4-12-20,53,"Millbrook School","PM 2.5","Wake",35.856111,-78.574167
"8159",NA,49,"Millbrook School","PM 2.5","Wake",35.856111,-78.574167
"8160",NA,55,"Millbrook School","PM 2.5","Wake",35.856111,-78.574167
"8161",NA,31,"Millbrook School","PM 2.5","Wake",35.856111,-78.574167
"8162",NA,17,"Millbrook School","PM 2.5","Wake",35.856111,-78.574167
"8163",NA,24,"Millbrook School","PM 2.5","Wake",35.856111,-78.574167
"8164",NA,52,"Millbrook School","PM 2.5","Wake",35.856111,-78.574167
"8165",NA,38,"Millbrook School","PM 2.5","Wake",35.856111,-78.574167
"8166",NA,28,"Millbrook School","PM 2.5","Wake",35.856111,-78.574167
"8167",NA,45,"Millbrook School","PM 2.5","Wake",35.856111,-78.574167
"8168",NA,38,"Millbrook School","PM 2.5","Wake",35.856111,-78.574167
"8169",NA,25,"Millbrook School","PM 2.5","Wake",35.856111,-78.574167
"8170",NA,20,"Millbrook School","PM 2.5","Wake",35.856111,-78.574167
"8171",NA,31,"Millbrook School","PM 2.5","Wake",35.856111,-78.574167
"8172",NA,25,"Millbrook School","PM 2.5","Wake",35.856111,-78.574167
"8173",NA,22,"Millbrook School","PM 2.5","Wake",35.856111,-78.574167
"8174",NA,40,"Millbrook School","PM 2.5","Wake",35.856111,-78.574167
"8175",NA,26,"Millbrook School","PM 2.5","Wake",35.856111,-78.574167
"8176",NA,32,"Millbrook School","PM 2.5","Wake",35.856111,-78.574167
"8177",5-01-20,41,"Millbrook School","PM 2.5","Wake",35.856111,-78.574167
"8178",5-02-20,56,"Millbrook School","PM 2.5","Wake",35.856111,-78.574167
"8179",5-03-20,49,"Millbrook School","PM 2.5","Wake",35.856111,-78.574167
"8180",5-04-20,40,"Millbrook School","PM 2.5","Wake",35.856111,-78.574167
"8181",5-05-20,47,"Millbrook School","PM 2.5","Wake",35.856111,-78.574167
"8182",5-06-20,38,"Millbrook School","PM 2.5","Wake",35.856111,-78.574167
"8183",5-07-20,38,"Millbrook School","PM 2.5","Wake",35.856111,-78.574167
"8184",5-08-20,37,"Millbrook School","PM 2.5","Wake",35.856111,-78.574167
"8185",5-09-20,30,"Millbrook School","PM 2.5","Wake",35.856111,-78.574167
"8186",5-10-20,45,"Millbrook School","PM 2.5","Wake",35.856111,-78.574167
"8187",5-11-20,53,"Millbrook School","PM 2.5","Wake",35.856111,-78.574167
"8188",5-12-20,58,"Millbrook School","PM 2.5","Wake",35.856111,-78.574167
"8189",NA,60,"Millbrook School","PM 2.5","Wake",35.856111,-78.574167
"8190",NA,54,"Millbrook School","PM 2.5","Wake",35.856111,-78.574167
"8191",NA,23,"Millbrook School","PM 2.5","Wake",35.856111,-78.574167
"8192",NA,18,"Millbrook School","PM 2.5","Wake",35.856111,-78.574167
"8193",NA,15,"Millbrook School","PM 2.5","Wake",35.856111,-78.574167
"8194",NA,13,"Millbrook School","PM 2.5","Wake",35.856111,-78.574167
"8195",NA,11,"Millbrook School","PM 2.5","Wake",35.856111,-78.574167
"8196",NA,33,"Millbrook School","PM 2.5","Wake",35.856111,-78.574167
"8197",NA,42,"Millbrook School","PM 2.5","Wake",35.856111,-78.574167
"8198",NA,40,"Millbrook School","PM 2.5","Wake",35.856111,-78.574167
"8199",NA,30,"Millbrook School","PM 2.5","Wake",35.856111,-78.574167
"8200",NA,36,"Millbrook School","PM 2.5","Wake",35.856111,-78.574167
"8201",NA,39,"Millbrook School","PM 2.5","Wake",35.856111,-78.574167
"8202",NA,25,"Millbrook School","PM 2.5","Wake",35.856111,-78.574167
"8203",NA,27,"Millbrook School","PM 2.5","Wake",35.856111,-78.574167
"8204",NA,13,"Millbrook School","PM 2.5","Wake",35.856111,-78.574167
"8205",NA,20,"Millbrook School","PM 2.5","Wake",35.856111,-78.574167
"8206",NA,21,"Millbrook School","PM 2.5","Wake",35.856111,-78.574167
"8207",NA,26,"Millbrook School","PM 2.5","Wake",35.856111,-78.574167
"8208",6-01-20,32,"Millbrook School","PM 2.5","Wake",35.856111,-78.574167
"8209",6-02-20,26,"Millbrook School","PM 2.5","Wake",35.856111,-78.574167
"8210",6-03-20,27,"Millbrook School","PM 2.5","Wake",35.856111,-78.574167
"8211",6-04-20,19,"Millbrook School","PM 2.5","Wake",35.856111,-78.574167
"8212",6-05-20,42,"Millbrook School","PM 2.5","Wake",35.856111,-78.574167
"8213",6-06-20,49,"Millbrook School","PM 2.5","Wake",35.856111,-78.574167
"8214",6-07-20,46,"Millbrook School","PM 2.5","Wake",35.856111,-78.574167
"8215",6-08-20,49,"Millbrook School","PM 2.5","Wake",35.856111,-78.574167
"8216",6-09-20,48,"Millbrook School","PM 2.5","Wake",35.856111,-78.574167
"8217",6-10-20,40,"Millbrook School","PM 2.5","Wake",35.856111,-78.574167
"8218",6-11-20,43,"Millbrook School","PM 2.5","Wake",35.856111,-78.574167
"8219",6-12-20,29,"Millbrook School","PM 2.5","Wake",35.856111,-78.574167
"8220",NA,37,"Millbrook School","PM 2.5","Wake",35.856111,-78.574167
"8221",NA,46,"Millbrook School","PM 2.5","Wake",35.856111,-78.574167
"8222",NA,52,"Millbrook School","PM 2.5","Wake",35.856111,-78.574167
"8223",NA,51,"Millbrook School","PM 2.5","Wake",35.856111,-78.574167
"8224",NA,48,"Millbrook School","PM 2.5","Wake",35.856111,-78.574167
"8225",NA,61,"Millbrook School","PM 2.5","Wake",35.856111,-78.574167
"8226",NA,59,"Millbrook School","PM 2.5","Wake",35.856111,-78.574167
"8227",NA,35,"Millbrook School","PM 2.5","Wake",35.856111,-78.574167
"8228",NA,51,"Millbrook School","PM 2.5","Wake",35.856111,-78.574167
"8229",NA,43,"Millbrook School","PM 2.5","Wake",35.856111,-78.574167
"8230",NA,36,"Millbrook School","PM 2.5","Wake",35.856111,-78.574167
"8231",NA,35,"Millbrook School","PM 2.5","Wake",35.856111,-78.574167
"8232",NA,40,"Millbrook School","PM 2.5","Wake",35.856111,-78.574167
"8233",NA,31,"Millbrook School","PM 2.5","Wake",35.856111,-78.574167
"8234",NA,32,"Millbrook School","PM 2.5","Wake",35.856111,-78.574167
"8235",NA,30,"Millbrook School","PM 2.5","Wake",35.856111,-78.574167
"8236",NA,41,"Millbrook School","PM 2.5","Wake",35.856111,-78.574167
"8237",NA,53,"Millbrook School","PM 2.5","Wake",35.856111,-78.574167
"8238",7-01-20,34,"Millbrook School","PM 2.5","Wake",35.856111,-78.574167
"8239",7-02-20,35,"Millbrook School","PM 2.5","Wake",35.856111,-78.574167
"8240",7-03-20,49,"Millbrook School","PM 2.5","Wake",35.856111,-78.574167
"8241",7-04-20,41,"Millbrook School","PM 2.5","Wake",35.856111,-78.574167
"8242",7-05-20,25,"Millbrook School","PM 2.5","Wake",35.856111,-78.574167
"8243",7-06-20,22,"Millbrook School","PM 2.5","Wake",35.856111,-78.574167
"8244",7-07-20,24,"Millbrook School","PM 2.5","Wake",35.856111,-78.574167
"8245",7-08-20,23,"Millbrook School","PM 2.5","Wake",35.856111,-78.574167
"8246",7-09-20,25,"Millbrook School","PM 2.5","Wake",35.856111,-78.574167
"8247",7-10-20,41,"Millbrook School","PM 2.5","Wake",35.856111,-78.574167
"8248",7-11-20,59,"Millbrook School","PM 2.5","Wake",35.856111,-78.574167
"8249",7-12-20,45,"Millbrook School","PM 2.5","Wake",35.856111,-78.574167
"8250",NA,44,"Millbrook School","PM 2.5","Wake",35.856111,-78.574167
"8251",NA,30,"Millbrook School","PM 2.5","Wake",35.856111,-78.574167
"8252",NA,41,"Millbrook School","PM 2.5","Wake",35.856111,-78.574167
"8253",NA,51,"Millbrook School","PM 2.5","Wake",35.856111,-78.574167
"8254",NA,42,"Millbrook School","PM 2.5","Wake",35.856111,-78.574167
"8255",NA,23,"Millbrook School","PM 2.5","Wake",35.856111,-78.574167
"8256",NA,38,"Millbrook School","PM 2.5","Wake",35.856111,-78.574167
"8257",NA,33,"Millbrook School","PM 2.5","Wake",35.856111,-78.574167
"8258",NA,21,"Millbrook School","PM 2.5","Wake",35.856111,-78.574167
"8259",NA,22,"Millbrook School","PM 2.5","Wake",35.856111,-78.574167
"8260",NA,26,"Millbrook School","PM 2.5","Wake",35.856111,-78.574167
"8261",NA,17,"Millbrook School","PM 2.5","Wake",35.856111,-78.574167
"8262",NA,20,"Millbrook School","PM 2.5","Wake",35.856111,-78.574167
"8263",8-04-20,29,"Millbrook School","PM 2.5","Wake",35.856111,-78.574167
"8264",8-05-20,37,"Millbrook School","PM 2.5","Wake",35.856111,-78.574167
"8265",8-06-20,46,"Millbrook School","PM 2.5","Wake",35.856111,-78.574167
"8266",8-07-20,39,"Millbrook School","PM 2.5","Wake",35.856111,-78.574167
"8267",8-08-20,26,"Millbrook School","PM 2.5","Wake",35.856111,-78.574167
"8268",8-09-20,40,"Millbrook School","PM 2.5","Wake",35.856111,-78.574167
"8269",8-10-20,53,"Millbrook School","PM 2.5","Wake",35.856111,-78.574167
"8270",8-11-20,48,"Millbrook School","PM 2.5","Wake",35.856111,-78.574167
"8271",8-12-20,36,"Millbrook School","PM 2.5","Wake",35.856111,-78.574167
"8272",NA,38,"Millbrook School","PM 2.5","Wake",35.856111,-78.574167
"8273",NA,45,"Millbrook School","PM 2.5","Wake",35.856111,-78.574167
"8274",NA,54,"Millbrook School","PM 2.5","Wake",35.856111,-78.574167
"8275",NA,60,"Millbrook School","PM 2.5","Wake",35.856111,-78.574167
"8276",NA,54,"Millbrook School","PM 2.5","Wake",35.856111,-78.574167
"8277",NA,32,"Millbrook School","PM 2.5","Wake",35.856111,-78.574167
"8278",NA,35,"Millbrook School","PM 2.5","Wake",35.856111,-78.574167
"8279",NA,34,"Millbrook School","PM 2.5","Wake",35.856111,-78.574167
"8280",NA,32,"Millbrook School","PM 2.5","Wake",35.856111,-78.574167
"8281",NA,33,"Millbrook School","PM 2.5","Wake",35.856111,-78.574167
"8282",NA,56,"Millbrook School","PM 2.5","Wake",35.856111,-78.574167
"8283",NA,48,"Millbrook School","PM 2.5","Wake",35.856111,-78.574167
"8284",NA,42,"Millbrook School","PM 2.5","Wake",35.856111,-78.574167
"8285",NA,55,"Millbrook School","PM 2.5","Wake",35.856111,-78.574167
"8286",NA,62,"Millbrook School","PM 2.5","Wake",35.856111,-78.574167
"8287",NA,56,"Millbrook School","PM 2.5","Wake",35.856111,-78.574167
"8288",NA,45,"Millbrook School","PM 2.5","Wake",35.856111,-78.574167
"8289",NA,49,"Millbrook School","PM 2.5","Wake",35.856111,-78.574167
"8290",NA,33,"Millbrook School","PM 2.5","Wake",35.856111,-78.574167
"8291",9-01-20,38,"Millbrook School","PM 2.5","Wake",35.856111,-78.574167
"8292",9-02-20,34,"Millbrook School","PM 2.5","Wake",35.856111,-78.574167
"8293",9-03-20,33,"Millbrook School","PM 2.5","Wake",35.856111,-78.574167
"8294",9-04-20,43,"Millbrook School","PM 2.5","Wake",35.856111,-78.574167
"8295",9-05-20,40,"Millbrook School","PM 2.5","Wake",35.856111,-78.574167
"8296",9-06-20,33,"Millbrook School","PM 2.5","Wake",35.856111,-78.574167
"8297",9-07-20,40,"Millbrook School","PM 2.5","Wake",35.856111,-78.574167
"8298",9-08-20,46,"Millbrook School","PM 2.5","Wake",35.856111,-78.574167
"8299",9-09-20,34,"Millbrook School","PM 2.5","Wake",35.856111,-78.574167
"8300",9-10-20,25,"Millbrook School","PM 2.5","Wake",35.856111,-78.574167
"8301",9-11-20,22,"Millbrook School","PM 2.5","Wake",35.856111,-78.574167
"8302",NA,35,"Millbrook School","PM 2.5","Wake",35.856111,-78.574167
"8303",NA,56,"Millbrook School","PM 2.5","Wake",35.856111,-78.574167
"8304",NA,48,"Millbrook School","PM 2.5","Wake",35.856111,-78.574167
"8305",NA,57,"Millbrook School","PM 2.5","Wake",35.856111,-78.574167
"8306",NA,52,"Millbrook School","PM 2.5","Wake",35.856111,-78.574167
"8307",NA,29,"Millbrook School","PM 2.5","Wake",35.856111,-78.574167
"8308",NA,30,"Millbrook School","PM 2.5","Wake",35.856111,-78.574167
"8309",NA,38,"Millbrook School","PM 2.5","Wake",35.856111,-78.574167
"8310",NA,27,"Millbrook School","PM 2.5","Wake",35.856111,-78.574167
"8311",NA,21,"Millbrook School","PM 2.5","Wake",35.856111,-78.574167
"8312",NA,31,"Millbrook School","PM 2.5","Wake",35.856111,-78.574167
"8313",NA,38,"Millbrook School","PM 2.5","Wake",35.856111,-78.574167
"8314",10-01-20,42,"Millbrook School","PM 2.5","Wake",35.856111,-78.574167
"8315",10-02-20,49,"Millbrook School","PM 2.5","Wake",35.856111,-78.574167
"8316",10-03-20,52,"Millbrook School","PM 2.5","Wake",35.856111,-78.574167
"8317",10-04-20,52,"Millbrook School","PM 2.5","Wake",35.856111,-78.574167
"8318",10-05-20,52,"Millbrook School","PM 2.5","Wake",35.856111,-78.574167
"8319",10-06-20,53,"Millbrook School","PM 2.5","Wake",35.856111,-78.574167
"8320",10-07-20,51,"Millbrook School","PM 2.5","Wake",35.856111,-78.574167
"8321",10-08-20,27,"Millbrook School","PM 2.5","Wake",35.856111,-78.574167
"8322",10-09-20,22,"Millbrook School","PM 2.5","Wake",35.856111,-78.574167
"8323",10-10-20,25,"Millbrook School","PM 2.5","Wake",35.856111,-78.574167
"8324",10-11-20,18,"Millbrook School","PM 2.5","Wake",35.856111,-78.574167
"8325",10-12-20,36,"Millbrook School","PM 2.5","Wake",35.856111,-78.574167
"8326",NA,40,"Millbrook School","PM 2.5","Wake",35.856111,-78.574167
"8327",NA,43,"Millbrook School","PM 2.5","Wake",35.856111,-78.574167
"8328",NA,43,"Millbrook School","PM 2.5","Wake",35.856111,-78.574167
"8329",NA,37,"Millbrook School","PM 2.5","Wake",35.856111,-78.574167
"8330",NA,30,"Millbrook School","PM 2.5","Wake",35.856111,-78.574167
"8331",NA,35,"Millbrook School","PM 2.5","Wake",35.856111,-78.574167
"8332",NA,50,"Millbrook School","PM 2.5","Wake",35.856111,-78.574167
"8333",NA,51,"Millbrook School","PM 2.5","Wake",35.856111,-78.574167
"8334",NA,26,"Millbrook School","PM 2.5","Wake",35.856111,-78.574167
"8335",NA,38,"Millbrook School","PM 2.5","Wake",35.856111,-78.574167
"8336",NA,51,"Millbrook School","PM 2.5","Wake",35.856111,-78.574167
"8337",NA,45,"Millbrook School","PM 2.5","Wake",35.856111,-78.574167
"8338",NA,43,"Millbrook School","PM 2.5","Wake",35.856111,-78.574167
"8339",NA,38,"Millbrook School","PM 2.5","Wake",35.856111,-78.574167
"8340",NA,33,"Millbrook School","PM 2.5","Wake",35.856111,-78.574167
"8341",NA,37,"Millbrook School","PM 2.5","Wake",35.856111,-78.574167
"8342",NA,33,"Millbrook School","PM 2.5","Wake",35.856111,-78.574167
"8343",NA,44,"Millbrook School","PM 2.5","Wake",35.856111,-78.574167
"8344",NA,55,"Millbrook School","PM 2.5","Wake",35.856111,-78.574167
"8345",11-01-20,35,"Millbrook School","PM 2.5","Wake",35.856111,-78.574167
"8346",11-02-20,33,"Millbrook School","PM 2.5","Wake",35.856111,-78.574167
"8347",11-03-20,34,"Millbrook School","PM 2.5","Wake",35.856111,-78.574167
"8348",11-04-20,44,"Millbrook School","PM 2.5","Wake",35.856111,-78.574167
"8349",11-05-20,34,"Millbrook School","PM 2.5","Wake",35.856111,-78.574167
"8350",11-06-20,40,"Millbrook School","PM 2.5","Wake",35.856111,-78.574167
"8351",11-07-20,41,"Millbrook School","PM 2.5","Wake",35.856111,-78.574167
"8352",11-08-20,55,"Millbrook School","PM 2.5","Wake",35.856111,-78.574167
"8353",11-09-20,48,"Millbrook School","PM 2.5","Wake",35.856111,-78.574167
"8354",11-10-20,36,"Millbrook School","PM 2.5","Wake",35.856111,-78.574167
"8355",11-11-20,49,"Millbrook School","PM 2.5","Wake",35.856111,-78.574167
"8356",11-12-20,50,"Millbrook School","PM 2.5","Wake",35.856111,-78.574167
"8357",NA,33,"Millbrook School","PM 2.5","Wake",35.856111,-78.574167
"8358",NA,54,"Millbrook School","PM 2.5","Wake",35.856111,-78.574167
"8359",NA,40,"Millbrook School","PM 2.5","Wake",35.856111,-78.574167
"8360",NA,46,"Millbrook School","PM 2.5","Wake",35.856111,-78.574167
"8361",NA,58,"Millbrook School","PM 2.5","Wake",35.856111,-78.574167
"8362",NA,70,"Millbrook School","PM 2.5","Wake",35.856111,-78.574167
"8363",NA,68,"Millbrook School","PM 2.5","Wake",35.856111,-78.574167
"8364",NA,56,"Millbrook School","PM 2.5","Wake",35.856111,-78.574167
"8365",NA,43,"Millbrook School","PM 2.5","Wake",35.856111,-78.574167
"8366",NA,59,"Millbrook School","PM 2.5","Wake",35.856111,-78.574167
"8367",NA,45,"Millbrook School","PM 2.5","Wake",35.856111,-78.574167
"8368",NA,40,"Millbrook School","PM 2.5","Wake",35.856111,-78.574167
"8369",NA,58,"Millbrook School","PM 2.5","Wake",35.856111,-78.574167
"8370",NA,49,"Millbrook School","PM 2.5","Wake",35.856111,-78.574167
"8371",NA,32,"Millbrook School","PM 2.5","Wake",35.856111,-78.574167
"8372",NA,45,"Millbrook School","PM 2.5","Wake",35.856111,-78.574167
"8373",NA,54,"Millbrook School","PM 2.5","Wake",35.856111,-78.574167
"8374",NA,60,"Millbrook School","PM 2.5","Wake",35.856111,-78.574167
"8375",12-01-20,63,"Millbrook School","PM 2.5","Wake",35.856111,-78.574167
"8376",12-02-20,33,"Millbrook School","PM 2.5","Wake",35.856111,-78.574167
"8377",12-03-20,56,"Millbrook School","PM 2.5","Wake",35.856111,-78.574167
"8378",12-04-20,30,"Millbrook School","PM 2.5","Wake",35.856111,-78.574167
"8379",12-05-20,35,"Millbrook School","PM 2.5","Wake",35.856111,-78.574167
"8380",12-06-20,45,"Millbrook School","PM 2.5","Wake",35.856111,-78.574167
"8381",12-07-20,54,"Millbrook School","PM 2.5","Wake",35.856111,-78.574167
"8382",12-08-20,60,"Millbrook School","PM 2.5","Wake",35.856111,-78.574167
"8383",12-09-20,43,"Millbrook School","PM 2.5","Wake",35.856111,-78.574167
"8384",12-10-20,51,"Millbrook School","PM 2.5","Wake",35.856111,-78.574167
"8385",12-11-20,66,"Millbrook School","PM 2.5","Wake",35.856111,-78.574167
"8386",12-12-20,60,"Millbrook School","PM 2.5","Wake",35.856111,-78.574167
"8387",NA,67,"Millbrook School","PM 2.5","Wake",35.856111,-78.574167
"8388",NA,58,"Millbrook School","PM 2.5","Wake",35.856111,-78.574167
"8389",NA,38,"Millbrook School","PM 2.5","Wake",35.856111,-78.574167
"8390",NA,40,"Millbrook School","PM 2.5","Wake",35.856111,-78.574167
"8391",NA,32,"Millbrook School","PM 2.5","Wake",35.856111,-78.574167
"8392",NA,53,"Millbrook School","PM 2.5","Wake",35.856111,-78.574167
"8393",NA,61,"Millbrook School","PM 2.5","Wake",35.856111,-78.574167
"8394",NA,50,"Millbrook School","PM 2.5","Wake",35.856111,-78.574167
"8395",NA,35,"Millbrook School","PM 2.5","Wake",35.856111,-78.574167
"8396",NA,30,"Millbrook School","PM 2.5","Wake",35.856111,-78.574167
"8397",NA,51,"Millbrook School","PM 2.5","Wake",35.856111,-78.574167
"8398",NA,51,"Millbrook School","PM 2.5","Wake",35.856111,-78.574167
"8399",NA,62,"Millbrook School","PM 2.5","Wake",35.856111,-78.574167
"8400",NA,63,"Millbrook School","PM 2.5","Wake",35.856111,-78.574167
"8401",NA,57,"Millbrook School","PM 2.5","Wake",35.856111,-78.574167
"8402",NA,33,"Millbrook School","PM 2.5","Wake",35.856111,-78.574167
"8403",NA,39,"Millbrook School","PM 2.5","Wake",35.856111,-78.574167
"8404",NA,59,"Millbrook School","PM 2.5","Wake",35.856111,-78.574167
"8405",NA,59,"Millbrook School","PM 2.5","Wake",35.856111,-78.574167
"8406",4-01-20,37,"Millbrook School","PM 2.5","Wake",35.856111,-78.574167
"8407",4-02-20,40,"Millbrook School","PM 2.5","Wake",35.856111,-78.574167
"8408",4-03-20,56,"Millbrook School","PM 2.5","Wake",35.856111,-78.574167
"8409",4-04-20,28,"Millbrook School","PM 2.5","Wake",35.856111,-78.574167
"8410",4-05-20,28,"Millbrook School","PM 2.5","Wake",35.856111,-78.574167
"8411",4-06-20,55,"Millbrook School","PM 2.5","Wake",35.856111,-78.574167
"8412",4-07-20,43,"Millbrook School","PM 2.5","Wake",35.856111,-78.574167
"8413",4-08-20,27,"Millbrook School","PM 2.5","Wake",35.856111,-78.574167
"8414",4-09-20,33,"Millbrook School","PM 2.5","Wake",35.856111,-78.574167
"8415",4-10-20,48,"Millbrook School","PM 2.5","Wake",35.856111,-78.574167
"8416",4-11-20,62,"Millbrook School","PM 2.5","Wake",35.856111,-78.574167
"8417",4-12-20,56,"Millbrook School","PM 2.5","Wake",35.856111,-78.574167
"8418",NA,52,"Millbrook School","PM 2.5","Wake",35.856111,-78.574167
"8419",NA,58,"Millbrook School","PM 2.5","Wake",35.856111,-78.574167
"8420",NA,36,"Millbrook School","PM 2.5","Wake",35.856111,-78.574167
"8421",NA,18,"Millbrook School","PM 2.5","Wake",35.856111,-78.574167
"8422",NA,23,"Millbrook School","PM 2.5","Wake",35.856111,-78.574167
"8423",NA,55,"Millbrook School","PM 2.5","Wake",35.856111,-78.574167
"8424",NA,38,"Millbrook School","PM 2.5","Wake",35.856111,-78.574167
"8425",NA,25,"Millbrook School","PM 2.5","Wake",35.856111,-78.574167
"8426",NA,38,"Millbrook School","PM 2.5","Wake",35.856111,-78.574167
"8427",NA,29,"Millbrook School","PM 2.5","Wake",35.856111,-78.574167
"8428",NA,23,"Millbrook School","PM 2.5","Wake",35.856111,-78.574167
"8429",NA,19,"Millbrook School","PM 2.5","Wake",35.856111,-78.574167
"8430",NA,35,"Millbrook School","PM 2.5","Wake",35.856111,-78.574167
"8431",NA,22,"Millbrook School","PM 2.5","Wake",35.856111,-78.574167
"8432",NA,23,"Millbrook School","PM 2.5","Wake",35.856111,-78.574167
"8433",NA,40,"Millbrook School","PM 2.5","Wake",35.856111,-78.574167
"8434",NA,23,"Millbrook School","PM 2.5","Wake",35.856111,-78.574167
"8435",NA,33,"Millbrook School","PM 2.5","Wake",35.856111,-78.574167
"8436",5-01-20,40,"Millbrook School","PM 2.5","Wake",35.856111,-78.574167
"8437",5-02-20,55,"Millbrook School","PM 2.5","Wake",35.856111,-78.574167
"8438",5-03-20,46,"Millbrook School","PM 2.5","Wake",35.856111,-78.574167
"8439",5-10-20,51,"Millbrook School","PM 2.5","Wake",35.856111,-78.574167
"8440",5-11-20,55,"Millbrook School","PM 2.5","Wake",35.856111,-78.574167
"8441",5-12-20,62,"Millbrook School","PM 2.5","Wake",35.856111,-78.574167
"8442",NA,64,"Millbrook School","PM 2.5","Wake",35.856111,-78.574167
"8443",NA,56,"Millbrook School","PM 2.5","Wake",35.856111,-78.574167
"8444",NA,23,"Millbrook School","PM 2.5","Wake",35.856111,-78.574167
"8445",NA,25,"Millbrook School","PM 2.5","Wake",35.856111,-78.574167
"8446",NA,22,"Millbrook School","PM 2.5","Wake",35.856111,-78.574167
"8447",NA,23,"Millbrook School","PM 2.5","Wake",35.856111,-78.574167
"8448",NA,16,"Millbrook School","PM 2.5","Wake",35.856111,-78.574167
"8449",NA,34,"Millbrook School","PM 2.5","Wake",35.856111,-78.574167
"8450",NA,40,"Millbrook School","PM 2.5","Wake",35.856111,-78.574167
"8451",NA,38,"Millbrook School","PM 2.5","Wake",35.856111,-78.574167
"8452",NA,30,"Millbrook School","PM 2.5","Wake",35.856111,-78.574167
"8453",NA,33,"Millbrook School","PM 2.5","Wake",35.856111,-78.574167
"8454",NA,39,"Millbrook School","PM 2.5","Wake",35.856111,-78.574167
"8455",NA,31,"Millbrook School","PM 2.5","Wake",35.856111,-78.574167
"8456",NA,27,"Millbrook School","PM 2.5","Wake",35.856111,-78.574167
"8457",NA,18,"Millbrook School","PM 2.5","Wake",35.856111,-78.574167
"8458",NA,23,"Millbrook School","PM 2.5","Wake",35.856111,-78.574167
"8459",NA,28,"Millbrook School","PM 2.5","Wake",35.856111,-78.574167
"8460",NA,31,"Millbrook School","PM 2.5","Wake",35.856111,-78.574167
"8461",6-01-20,35,"Millbrook School","PM 2.5","Wake",35.856111,-78.574167
"8462",6-02-20,29,"Millbrook School","PM 2.5","Wake",35.856111,-78.574167
"8463",6-03-20,30,"Millbrook School","PM 2.5","Wake",35.856111,-78.574167
"8464",6-04-20,24,"Millbrook School","PM 2.5","Wake",35.856111,-78.574167
"8465",6-05-20,32,"Millbrook School","PM 2.5","Wake",35.856111,-78.574167
"8466",6-06-20,38,"Millbrook School","PM 2.5","Wake",35.856111,-78.574167
"8467",6-07-20,46,"Millbrook School","PM 2.5","Wake",35.856111,-78.574167
"8468",6-08-20,50,"Millbrook School","PM 2.5","Wake",35.856111,-78.574167
"8469",6-09-20,52,"Millbrook School","PM 2.5","Wake",35.856111,-78.574167
"8470",6-10-20,46,"Millbrook School","PM 2.5","Wake",35.856111,-78.574167
"8471",6-11-20,48,"Millbrook School","PM 2.5","Wake",35.856111,-78.574167
"8472",6-12-20,33,"Millbrook School","PM 2.5","Wake",35.856111,-78.574167
"8473",NA,41,"Millbrook School","PM 2.5","Wake",35.856111,-78.574167
"8474",NA,49,"Millbrook School","PM 2.5","Wake",35.856111,-78.574167
"8475",NA,50,"Millbrook School","PM 2.5","Wake",35.856111,-78.574167
"8476",NA,47,"Millbrook School","PM 2.5","Wake",35.856111,-78.574167
"8477",NA,50,"Millbrook School","PM 2.5","Wake",35.856111,-78.574167
"8478",NA,64,"Millbrook School","PM 2.5","Wake",35.856111,-78.574167
"8479",NA,61,"Millbrook School","PM 2.5","Wake",35.856111,-78.574167
"8480",NA,41,"Millbrook School","PM 2.5","Wake",35.856111,-78.574167
"8481",NA,52,"Millbrook School","PM 2.5","Wake",35.856111,-78.574167
"8482",NA,46,"Millbrook School","PM 2.5","Wake",35.856111,-78.574167
"8483",NA,41,"Millbrook School","PM 2.5","Wake",35.856111,-78.574167
"8484",NA,38,"Millbrook School","PM 2.5","Wake",35.856111,-78.574167
"8485",NA,44,"Millbrook School","PM 2.5","Wake",35.856111,-78.574167
"8486",NA,34,"Millbrook School","PM 2.5","Wake",35.856111,-78.574167
"8487",NA,37,"Millbrook School","PM 2.5","Wake",35.856111,-78.574167
"8488",NA,35,"Millbrook School","PM 2.5","Wake",35.856111,-78.574167
"8489",NA,51,"Millbrook School","PM 2.5","Wake",35.856111,-78.574167
"8490",NA,55,"Millbrook School","PM 2.5","Wake",35.856111,-78.574167
"8491",7-01-20,40,"Millbrook School","PM 2.5","Wake",35.856111,-78.574167
"8492",7-02-20,42,"Millbrook School","PM 2.5","Wake",35.856111,-78.574167
"8493",7-03-20,55,"Millbrook School","PM 2.5","Wake",35.856111,-78.574167
"8494",7-04-20,44,"Millbrook School","PM 2.5","Wake",35.856111,-78.574167
"8495",7-05-20,28,"Millbrook School","PM 2.5","Wake",35.856111,-78.574167
"8496",7-06-20,29,"Millbrook School","PM 2.5","Wake",35.856111,-78.574167
"8497",7-07-20,31,"Millbrook School","PM 2.5","Wake",35.856111,-78.574167
"8498",7-08-20,22,"Millbrook School","PM 2.5","Wake",35.856111,-78.574167
"8499",7-09-20,20,"Millbrook School","PM 2.5","Wake",35.856111,-78.574167
"8500",7-10-20,50,"Millbrook School","PM 2.5","Wake",35.856111,-78.574167
"8501",7-11-20,64,"Millbrook School","PM 2.5","Wake",35.856111,-78.574167
"8502",7-12-20,55,"Millbrook School","PM 2.5","Wake",35.856111,-78.574167
"8503",NA,54,"Millbrook School","PM 2.5","Wake",35.856111,-78.574167
"8504",NA,39,"Millbrook School","PM 2.5","Wake",35.856111,-78.574167
"8505",NA,52,"Millbrook School","PM 2.5","Wake",35.856111,-78.574167
"8506",NA,57,"Millbrook School","PM 2.5","Wake",35.856111,-78.574167
"8507",NA,50,"Millbrook School","PM 2.5","Wake",35.856111,-78.574167
"8508",NA,30,"Millbrook School","PM 2.5","Wake",35.856111,-78.574167
"8509",NA,35,"Millbrook School","PM 2.5","Wake",35.856111,-78.574167
"8510",NA,41,"Millbrook School","PM 2.5","Wake",35.856111,-78.574167
"8511",NA,28,"Millbrook School","PM 2.5","Wake",35.856111,-78.574167
"8512",NA,29,"Millbrook School","PM 2.5","Wake",35.856111,-78.574167
"8513",NA,33,"Millbrook School","PM 2.5","Wake",35.856111,-78.574167
"8514",NA,26,"Millbrook School","PM 2.5","Wake",35.856111,-78.574167
"8515",NA,33,"Millbrook School","PM 2.5","Wake",35.856111,-78.574167
"8516",NA,41,"Millbrook School","PM 2.5","Wake",35.856111,-78.574167
"8517",NA,48,"Millbrook School","PM 2.5","Wake",35.856111,-78.574167
"8518",NA,48,"Millbrook School","PM 2.5","Wake",35.856111,-78.574167
"8519",NA,42,"Millbrook School","PM 2.5","Wake",35.856111,-78.574167
"8520",NA,24,"Millbrook School","PM 2.5","Wake",35.856111,-78.574167
"8521",NA,34,"Millbrook School","PM 2.5","Wake",35.856111,-78.574167
"8522",8-01-20,31,"Millbrook School","PM 2.5","Wake",35.856111,-78.574167
"8523",8-02-20,35,"Millbrook School","PM 2.5","Wake",35.856111,-78.574167
"8524",8-03-20,20,"Millbrook School","PM 2.5","Wake",35.856111,-78.574167
"8525",8-04-20,30,"Millbrook School","PM 2.5","Wake",35.856111,-78.574167
"8526",8-05-20,34,"Millbrook School","PM 2.5","Wake",35.856111,-78.574167
"8527",8-06-20,46,"Millbrook School","PM 2.5","Wake",35.856111,-78.574167
"8528",8-07-20,39,"Millbrook School","PM 2.5","Wake",35.856111,-78.574167
"8529",8-08-20,29,"Millbrook School","PM 2.5","Wake",35.856111,-78.574167
"8530",8-09-20,41,"Millbrook School","PM 2.5","Wake",35.856111,-78.574167
"8531",8-10-20,55,"Millbrook School","PM 2.5","Wake",35.856111,-78.574167
"8532",8-11-20,48,"Millbrook School","PM 2.5","Wake",35.856111,-78.574167
"8533",8-12-20,38,"Millbrook School","PM 2.5","Wake",35.856111,-78.574167
"8534",NA,40,"Millbrook School","PM 2.5","Wake",35.856111,-78.574167
"8535",NA,45,"Millbrook School","PM 2.5","Wake",35.856111,-78.574167
"8536",NA,56,"Millbrook School","PM 2.5","Wake",35.856111,-78.574167
"8537",NA,63,"Millbrook School","PM 2.5","Wake",35.856111,-78.574167
"8538",NA,52,"Millbrook School","PM 2.5","Wake",35.856111,-78.574167
"8539",NA,31,"Millbrook School","PM 2.5","Wake",35.856111,-78.574167
"8540",NA,35,"Millbrook School","PM 2.5","Wake",35.856111,-78.574167
"8541",NA,32,"Millbrook School","PM 2.5","Wake",35.856111,-78.574167
"8542",NA,34,"Millbrook School","PM 2.5","Wake",35.856111,-78.574167
"8543",NA,33,"Millbrook School","PM 2.5","Wake",35.856111,-78.574167
"8544",NA,56,"Millbrook School","PM 2.5","Wake",35.856111,-78.574167
"8545",NA,40,"Millbrook School","PM 2.5","Wake",35.856111,-78.574167
"8546",NA,38,"Millbrook School","PM 2.5","Wake",35.856111,-78.574167
"8547",NA,53,"Millbrook School","PM 2.5","Wake",35.856111,-78.574167
"8548",NA,59,"Millbrook School","PM 2.5","Wake",35.856111,-78.574167
"8549",NA,54,"Millbrook School","PM 2.5","Wake",35.856111,-78.574167
"8550",NA,43,"Millbrook School","PM 2.5","Wake",35.856111,-78.574167
"8551",NA,48,"Millbrook School","PM 2.5","Wake",35.856111,-78.574167
"8552",NA,37,"Millbrook School","PM 2.5","Wake",35.856111,-78.574167
"8553",9-01-20,37,"Millbrook School","PM 2.5","Wake",35.856111,-78.574167
"8554",9-02-20,35,"Millbrook School","PM 2.5","Wake",35.856111,-78.574167
"8555",9-03-20,35,"Millbrook School","PM 2.5","Wake",35.856111,-78.574167
"8556",9-04-20,46,"Millbrook School","PM 2.5","Wake",35.856111,-78.574167
"8557",9-05-20,42,"Millbrook School","PM 2.5","Wake",35.856111,-78.574167
"8558",9-06-20,36,"Millbrook School","PM 2.5","Wake",35.856111,-78.574167
"8559",9-07-20,43,"Millbrook School","PM 2.5","Wake",35.856111,-78.574167
"8560",9-08-20,45,"Millbrook School","PM 2.5","Wake",35.856111,-78.574167
"8561",9-09-20,35,"Millbrook School","PM 2.5","Wake",35.856111,-78.574167
"8562",9-10-20,26,"Millbrook School","PM 2.5","Wake",35.856111,-78.574167
"8563",9-11-20,22,"Millbrook School","PM 2.5","Wake",35.856111,-78.574167
"8564",NA,60,"Millbrook School","PM 2.5","Wake",35.856111,-78.574167
"8565",NA,54,"Millbrook School","PM 2.5","Wake",35.856111,-78.574167
"8566",NA,31,"Millbrook School","PM 2.5","Wake",35.856111,-78.574167
"8567",NA,39,"Millbrook School","PM 2.5","Wake",35.856111,-78.574167
"8568",NA,38,"Millbrook School","PM 2.5","Wake",35.856111,-78.574167
"8569",NA,29,"Millbrook School","PM 2.5","Wake",35.856111,-78.574167
"8570",NA,24,"Millbrook School","PM 2.5","Wake",35.856111,-78.574167
"8571",NA,25,"Millbrook School","PM 2.5","Wake",35.856111,-78.574167
"8572",NA,33,"Millbrook School","PM 2.5","Wake",35.856111,-78.574167
"8573",10-01-20,43,"Millbrook School","PM 2.5","Wake",35.856111,-78.574167
"8574",10-02-20,48,"Millbrook School","PM 2.5","Wake",35.856111,-78.574167
"8575",10-03-20,49,"Millbrook School","PM 2.5","Wake",35.856111,-78.574167
"8576",10-04-20,53,"Millbrook School","PM 2.5","Wake",35.856111,-78.574167
"8577",10-05-20,55,"Millbrook School","PM 2.5","Wake",35.856111,-78.574167
"8578",10-06-20,51,"Millbrook School","PM 2.5","Wake",35.856111,-78.574167
"8579",10-07-20,49,"Millbrook School","PM 2.5","Wake",35.856111,-78.574167
"8580",10-08-20,29,"Millbrook School","PM 2.5","Wake",35.856111,-78.574167
"8581",10-09-20,24,"Millbrook School","PM 2.5","Wake",35.856111,-78.574167
"8582",10-10-20,32,"Millbrook School","PM 2.5","Wake",35.856111,-78.574167
"8583",10-11-20,23,"Millbrook School","PM 2.5","Wake",35.856111,-78.574167
"8584",10-12-20,28,"Millbrook School","PM 2.5","Wake",35.856111,-78.574167
"8585",NA,26,"Millbrook School","PM 2.5","Wake",35.856111,-78.574167
"8586",NA,36,"Millbrook School","PM 2.5","Wake",35.856111,-78.574167
"8587",NA,38,"Millbrook School","PM 2.5","Wake",35.856111,-78.574167
"8588",NA,33,"Millbrook School","PM 2.5","Wake",35.856111,-78.574167
"8589",NA,22,"Millbrook School","PM 2.5","Wake",35.856111,-78.574167
"8590",NA,26,"Millbrook School","PM 2.5","Wake",35.856111,-78.574167
"8591",NA,40,"Millbrook School","PM 2.5","Wake",35.856111,-78.574167
"8592",NA,41,"Millbrook School","PM 2.5","Wake",35.856111,-78.574167
"8593",NA,15,"Millbrook School","PM 2.5","Wake",35.856111,-78.574167
"8594",NA,25,"Millbrook School","PM 2.5","Wake",35.856111,-78.574167
"8595",NA,39,"Millbrook School","PM 2.5","Wake",35.856111,-78.574167
"8596",NA,30,"Millbrook School","PM 2.5","Wake",35.856111,-78.574167
"8597",NA,33,"Millbrook School","PM 2.5","Wake",35.856111,-78.574167
"8598",NA,28,"Millbrook School","PM 2.5","Wake",35.856111,-78.574167
"8599",NA,22,"Millbrook School","PM 2.5","Wake",35.856111,-78.574167
"8600",NA,27,"Millbrook School","PM 2.5","Wake",35.856111,-78.574167
"8601",NA,23,"Millbrook School","PM 2.5","Wake",35.856111,-78.574167
"8602",NA,33,"Millbrook School","PM 2.5","Wake",35.856111,-78.574167
"8603",NA,50,"Millbrook School","PM 2.5","Wake",35.856111,-78.574167
"8604",11-01-20,30,"Millbrook School","PM 2.5","Wake",35.856111,-78.574167
"8605",11-02-20,27,"Millbrook School","PM 2.5","Wake",35.856111,-78.574167
"8606",11-03-20,25,"Millbrook School","PM 2.5","Wake",35.856111,-78.574167
"8607",11-04-20,34,"Millbrook School","PM 2.5","Wake",35.856111,-78.574167
"8608",11-05-20,35,"Millbrook School","PM 2.5","Wake",35.856111,-78.574167
"8609",11-06-20,34,"Millbrook School","PM 2.5","Wake",35.856111,-78.574167
"8610",11-09-20,39,"Millbrook School","PM 2.5","Wake",35.856111,-78.574167
"8611",11-10-20,25,"Millbrook School","PM 2.5","Wake",35.856111,-78.574167
"8612",11-11-20,38,"Millbrook School","PM 2.5","Wake",35.856111,-78.574167
"8613",11-12-20,36,"Millbrook School","PM 2.5","Wake",35.856111,-78.574167
"8614",NA,24,"Millbrook School","PM 2.5","Wake",35.856111,-78.574167
"8615",NA,44,"Millbrook School","PM 2.5","Wake",35.856111,-78.574167
"8616",NA,18,"Millbrook School","PM 2.5","Wake",35.856111,-78.574167
"8617",NA,31,"Millbrook School","PM 2.5","Wake",35.856111,-78.574167
"8618",NA,54,"Millbrook School","PM 2.5","Wake",35.856111,-78.574167
"8619",NA,69,"Millbrook School","PM 2.5","Wake",35.856111,-78.574167
"8620",NA,66,"Millbrook School","PM 2.5","Wake",35.856111,-78.574167
"8621",NA,53,"Millbrook School","PM 2.5","Wake",35.856111,-78.574167
"8622",NA,35,"Millbrook School","PM 2.5","Wake",35.856111,-78.574167
"8623",NA,55,"Millbrook School","PM 2.5","Wake",35.856111,-78.574167
"8624",NA,27,"Millbrook School","PM 2.5","Wake",35.856111,-78.574167
"8625",NA,25,"Millbrook School","PM 2.5","Wake",35.856111,-78.574167
"8626",NA,56,"Millbrook School","PM 2.5","Wake",35.856111,-78.574167
"8627",NA,36,"Millbrook School","PM 2.5","Wake",35.856111,-78.574167
"8628",NA,15,"Millbrook School","PM 2.5","Wake",35.856111,-78.574167
"8629",NA,33,"Millbrook School","PM 2.5","Wake",35.856111,-78.574167
"8630",NA,46,"Millbrook School","PM 2.5","Wake",35.856111,-78.574167
"8631",NA,50,"Millbrook School","PM 2.5","Wake",35.856111,-78.574167
"8632",12-12-20,51,"Millbrook School","PM 2.5","Wake",35.856111,-78.574167
"8633",NA,62,"Millbrook School","PM 2.5","Wake",35.856111,-78.574167
"8634",NA,50,"Millbrook School","PM 2.5","Wake",35.856111,-78.574167
"8635",NA,30,"Millbrook School","PM 2.5","Wake",35.856111,-78.574167
"8636",NA,29,"Millbrook School","PM 2.5","Wake",35.856111,-78.574167
"8637",NA,16,"Millbrook School","PM 2.5","Wake",35.856111,-78.574167
"8638",NA,38,"Millbrook School","PM 2.5","Wake",35.856111,-78.574167
"8639",NA,58,"Millbrook School","PM 2.5","Wake",35.856111,-78.574167
"8640",NA,41,"Millbrook School","PM 2.5","Wake",35.856111,-78.574167
"8641",NA,19,"Millbrook School","PM 2.5","Wake",35.856111,-78.574167
"8642",NA,10,"Millbrook School","PM 2.5","Wake",35.856111,-78.574167
"8643",NA,34,"Millbrook School","PM 2.5","Wake",35.856111,-78.574167
"8644",NA,38,"Millbrook School","PM 2.5","Wake",35.856111,-78.574167
"8645",NA,52,"Millbrook School","PM 2.5","Wake",35.856111,-78.574167
"8646",NA,59,"Millbrook School","PM 2.5","Wake",35.856111,-78.574167
"8647",NA,46,"Millbrook School","PM 2.5","Wake",35.856111,-78.574167
"8648",NA,24,"Millbrook School","PM 2.5","Wake",35.856111,-78.574167
"8649",NA,28,"Millbrook School","PM 2.5","Wake",35.856111,-78.574167
"8650",NA,55,"Millbrook School","PM 2.5","Wake",35.856111,-78.574167
"8651",NA,57,"Millbrook School","PM 2.5","Wake",35.856111,-78.574167
"8652",1-01-20,15,"Triple Oak","PM 2.5","Wake",35.8652,-78.8197
"8653",1-02-20,29,"Triple Oak","PM 2.5","Wake",35.8652,-78.8197
"8654",1-03-20,48,"Triple Oak","PM 2.5","Wake",35.8652,-78.8197
"8655",1-04-20,26,"Triple Oak","PM 2.5","Wake",35.8652,-78.8197
"8656",1-05-20,31,"Triple Oak","PM 2.5","Wake",35.8652,-78.8197
"8657",1-06-20,19,"Triple Oak","PM 2.5","Wake",35.8652,-78.8197
"8658",1-07-20,27,"Triple Oak","PM 2.5","Wake",35.8652,-78.8197
"8659",1-08-20,51,"Triple Oak","PM 2.5","Wake",35.8652,-78.8197
"8660",1-09-20,48,"Triple Oak","PM 2.5","Wake",35.8652,-78.8197
"8661",1-10-20,32,"Triple Oak","PM 2.5","Wake",35.8652,-78.8197
"8662",1-11-20,36,"Triple Oak","PM 2.5","Wake",35.8652,-78.8197
"8663",1-12-20,20,"Triple Oak","PM 2.5","Wake",35.8652,-78.8197
"8664",NA,5,"Triple Oak","PM 2.5","Wake",35.8652,-78.8197
"8665",NA,10,"Triple Oak","PM 2.5","Wake",35.8652,-78.8197
"8666",NA,26,"Triple Oak","PM 2.5","Wake",35.8652,-78.8197
"8667",NA,55,"Triple Oak","PM 2.5","Wake",35.8652,-78.8197
"8668",NA,47,"Triple Oak","PM 2.5","Wake",35.8652,-78.8197
"8669",NA,36,"Triple Oak","PM 2.5","Wake",35.8652,-78.8197
"8670",NA,55,"Triple Oak","PM 2.5","Wake",35.8652,-78.8197
"8671",NA,49,"Triple Oak","PM 2.5","Wake",35.8652,-78.8197
"8672",NA,38,"Triple Oak","PM 2.5","Wake",35.8652,-78.8197
"8673",NA,55,"Triple Oak","PM 2.5","Wake",35.8652,-78.8197
"8674",NA,13,"Triple Oak","PM 2.5","Wake",35.8652,-78.8197
"8675",NA,15,"Triple Oak","PM 2.5","Wake",35.8652,-78.8197
"8676",NA,28,"Triple Oak","PM 2.5","Wake",35.8652,-78.8197
"8677",NA,44,"Triple Oak","PM 2.5","Wake",35.8652,-78.8197
"8678",NA,30,"Triple Oak","PM 2.5","Wake",35.8652,-78.8197
"8679",NA,21,"Triple Oak","PM 2.5","Wake",35.8652,-78.8197
"8680",NA,32,"Triple Oak","PM 2.5","Wake",35.8652,-78.8197
"8681",2-01-20,47,"Triple Oak","PM 2.5","Wake",35.8652,-78.8197
"8682",2-02-20,10,"Triple Oak","PM 2.5","Wake",35.8652,-78.8197
"8683",2-03-20,33,"Triple Oak","PM 2.5","Wake",35.8652,-78.8197
"8684",2-04-20,25,"Triple Oak","PM 2.5","Wake",35.8652,-78.8197
"8685",2-05-20,26,"Triple Oak","PM 2.5","Wake",35.8652,-78.8197
"8686",2-06-20,49,"Triple Oak","PM 2.5","Wake",35.8652,-78.8197
"8687",2-07-20,34,"Triple Oak","PM 2.5","Wake",35.8652,-78.8197
"8688",2-08-20,27,"Triple Oak","PM 2.5","Wake",35.8652,-78.8197
"8689",2-09-20,51,"Triple Oak","PM 2.5","Wake",35.8652,-78.8197
"8690",2-10-20,42,"Triple Oak","PM 2.5","Wake",35.8652,-78.8197
"8691",2-11-20,27,"Triple Oak","PM 2.5","Wake",35.8652,-78.8197
"8692",2-12-20,14,"Triple Oak","PM 2.5","Wake",35.8652,-78.8197
"8693",NA,26,"Triple Oak","PM 2.5","Wake",35.8652,-78.8197
"8694",NA,54,"Triple Oak","PM 2.5","Wake",35.8652,-78.8197
"8695",NA,39,"Triple Oak","PM 2.5","Wake",35.8652,-78.8197
"8696",NA,23,"Triple Oak","PM 2.5","Wake",35.8652,-78.8197
"8697",NA,25,"Triple Oak","PM 2.5","Wake",35.8652,-78.8197
"8698",NA,11,"Triple Oak","PM 2.5","Wake",35.8652,-78.8197
"8699",NA,42,"Triple Oak","PM 2.5","Wake",35.8652,-78.8197
"8700",NA,54,"Triple Oak","PM 2.5","Wake",35.8652,-78.8197
"8701",NA,36,"Triple Oak","PM 2.5","Wake",35.8652,-78.8197
"8702",NA,42,"Triple Oak","PM 2.5","Wake",35.8652,-78.8197
"8703",NA,56,"Triple Oak","PM 2.5","Wake",35.8652,-78.8197
"8704",NA,43,"Triple Oak","PM 2.5","Wake",35.8652,-78.8197
"8705",NA,26,"Triple Oak","PM 2.5","Wake",35.8652,-78.8197
"8706",NA,23,"Triple Oak","PM 2.5","Wake",35.8652,-78.8197
"8707",NA,23,"Triple Oak","PM 2.5","Wake",35.8652,-78.8197
"8708",NA,39,"Triple Oak","PM 2.5","Wake",35.8652,-78.8197
"8709",3-01-20,39,"Triple Oak","PM 2.5","Wake",35.8652,-78.8197
"8710",3-02-20,7,"Triple Oak","PM 2.5","Wake",35.8652,-78.8197
"8711",3-03-20,9,"Triple Oak","PM 2.5","Wake",35.8652,-78.8197
"8712",3-04-20,16,"Triple Oak","PM 2.5","Wake",35.8652,-78.8197
"8713",3-05-20,18,"Triple Oak","PM 2.5","Wake",35.8652,-78.8197
"8714",3-06-20,32,"Triple Oak","PM 2.5","Wake",35.8652,-78.8197
"8715",3-07-20,20,"Triple Oak","PM 2.5","Wake",35.8652,-78.8197
"8716",3-08-20,27,"Triple Oak","PM 2.5","Wake",35.8652,-78.8197
"8717",3-09-20,30,"Triple Oak","PM 2.5","Wake",35.8652,-78.8197
"8718",3-10-20,68,"Triple Oak","PM 2.5","Wake",35.8652,-78.8197
"8719",3-11-20,56,"Triple Oak","PM 2.5","Wake",35.8652,-78.8197
"8720",3-12-20,27,"Triple Oak","PM 2.5","Wake",35.8652,-78.8197
"8721",NA,26,"Triple Oak","PM 2.5","Wake",35.8652,-78.8197
"8722",NA,18,"Triple Oak","PM 2.5","Wake",35.8652,-78.8197
"8723",NA,36,"Triple Oak","PM 2.5","Wake",35.8652,-78.8197
"8724",NA,48,"Triple Oak","PM 2.5","Wake",35.8652,-78.8197
"8725",NA,52,"Triple Oak","PM 2.5","Wake",35.8652,-78.8197
"8726",NA,25,"Triple Oak","PM 2.5","Wake",35.8652,-78.8197
"8727",NA,35,"Triple Oak","PM 2.5","Wake",35.8652,-78.8197
"8728",NA,9,"Triple Oak","PM 2.5","Wake",35.8652,-78.8197
"8729",NA,10,"Triple Oak","PM 2.5","Wake",35.8652,-78.8197
"8730",NA,15,"Triple Oak","PM 2.5","Wake",35.8652,-78.8197
"8731",NA,24,"Triple Oak","PM 2.5","Wake",35.8652,-78.8197
"8732",NA,27,"Triple Oak","PM 2.5","Wake",35.8652,-78.8197
"8733",NA,12,"Triple Oak","PM 2.5","Wake",35.8652,-78.8197
"8734",NA,18,"Triple Oak","PM 2.5","Wake",35.8652,-78.8197
"8735",NA,28,"Triple Oak","PM 2.5","Wake",35.8652,-78.8197
"8736",NA,61,"Triple Oak","PM 2.5","Wake",35.8652,-78.8197
"8737",NA,59,"Triple Oak","PM 2.5","Wake",35.8652,-78.8197
"8738",NA,36,"Triple Oak","PM 2.5","Wake",35.8652,-78.8197
"8739",NA,23,"Triple Oak","PM 2.5","Wake",35.8652,-78.8197
"8740",4-01-20,41,"Triple Oak","PM 2.5","Wake",35.8652,-78.8197
"8741",4-02-20,48,"Triple Oak","PM 2.5","Wake",35.8652,-78.8197
"8742",4-03-20,65,"Triple Oak","PM 2.5","Wake",35.8652,-78.8197
"8743",4-04-20,28,"Triple Oak","PM 2.5","Wake",35.8652,-78.8197
"8744",4-05-20,24,"Triple Oak","PM 2.5","Wake",35.8652,-78.8197
"8745",4-06-20,56,"Triple Oak","PM 2.5","Wake",35.8652,-78.8197
"8746",4-07-20,62,"Triple Oak","PM 2.5","Wake",35.8652,-78.8197
"8747",4-08-20,31,"Triple Oak","PM 2.5","Wake",35.8652,-78.8197
"8748",4-09-20,51,"Triple Oak","PM 2.5","Wake",35.8652,-78.8197
"8749",4-10-20,53,"Triple Oak","PM 2.5","Wake",35.8652,-78.8197
"8750",4-11-20,60,"Triple Oak","PM 2.5","Wake",35.8652,-78.8197
"8751",4-12-20,52,"Triple Oak","PM 2.5","Wake",35.8652,-78.8197
"8752",NA,58,"Triple Oak","PM 2.5","Wake",35.8652,-78.8197
"8753",NA,57,"Triple Oak","PM 2.5","Wake",35.8652,-78.8197
"8754",NA,68,"Triple Oak","PM 2.5","Wake",35.8652,-78.8197
"8755",NA,13,"Triple Oak","PM 2.5","Wake",35.8652,-78.8197
"8756",NA,35,"Triple Oak","PM 2.5","Wake",35.8652,-78.8197
"8757",NA,17,"Triple Oak","PM 2.5","Wake",35.8652,-78.8197
"8758",NA,28,"Triple Oak","PM 2.5","Wake",35.8652,-78.8197
"8759",NA,23,"Triple Oak","PM 2.5","Wake",35.8652,-78.8197
"8760",NA,15,"Triple Oak","PM 2.5","Wake",35.8652,-78.8197
"8761",NA,10,"Triple Oak","PM 2.5","Wake",35.8652,-78.8197
"8762",5-02-20,48,"Triple Oak","PM 2.5","Wake",35.8652,-78.8197
"8763",5-03-20,44,"Triple Oak","PM 2.5","Wake",35.8652,-78.8197
"8764",5-04-20,42,"Triple Oak","PM 2.5","Wake",35.8652,-78.8197
"8765",5-05-20,40,"Triple Oak","PM 2.5","Wake",35.8652,-78.8197
"8766",5-06-20,32,"Triple Oak","PM 2.5","Wake",35.8652,-78.8197
"8767",5-07-20,28,"Triple Oak","PM 2.5","Wake",35.8652,-78.8197
"8768",5-08-20,38,"Triple Oak","PM 2.5","Wake",35.8652,-78.8197
"8769",5-11-20,51,"Triple Oak","PM 2.5","Wake",35.8652,-78.8197
"8770",5-12-20,55,"Triple Oak","PM 2.5","Wake",35.8652,-78.8197
"8771",NA,56,"Triple Oak","PM 2.5","Wake",35.8652,-78.8197
"8772",NA,54,"Triple Oak","PM 2.5","Wake",35.8652,-78.8197
"8773",NA,25,"Triple Oak","PM 2.5","Wake",35.8652,-78.8197
"8774",NA,27,"Triple Oak","PM 2.5","Wake",35.8652,-78.8197
"8775",NA,21,"Triple Oak","PM 2.5","Wake",35.8652,-78.8197
"8776",NA,25,"Triple Oak","PM 2.5","Wake",35.8652,-78.8197
"8777",NA,13,"Triple Oak","PM 2.5","Wake",35.8652,-78.8197
"8778",NA,29,"Triple Oak","PM 2.5","Wake",35.8652,-78.8197
"8779",NA,38,"Triple Oak","PM 2.5","Wake",35.8652,-78.8197
"8780",NA,38,"Triple Oak","PM 2.5","Wake",35.8652,-78.8197
"8781",NA,25,"Triple Oak","PM 2.5","Wake",35.8652,-78.8197
"8782",NA,30,"Triple Oak","PM 2.5","Wake",35.8652,-78.8197
"8783",NA,34,"Triple Oak","PM 2.5","Wake",35.8652,-78.8197
"8784",NA,25,"Triple Oak","PM 2.5","Wake",35.8652,-78.8197
"8785",NA,23,"Triple Oak","PM 2.5","Wake",35.8652,-78.8197
"8786",NA,15,"Triple Oak","PM 2.5","Wake",35.8652,-78.8197
"8787",NA,20,"Triple Oak","PM 2.5","Wake",35.8652,-78.8197
"8788",NA,24,"Triple Oak","PM 2.5","Wake",35.8652,-78.8197
"8789",NA,28,"Triple Oak","PM 2.5","Wake",35.8652,-78.8197
"8790",6-01-20,35,"Triple Oak","PM 2.5","Wake",35.8652,-78.8197
"8791",6-02-20,28,"Triple Oak","PM 2.5","Wake",35.8652,-78.8197
"8792",6-03-20,27,"Triple Oak","PM 2.5","Wake",35.8652,-78.8197
"8793",6-04-20,23,"Triple Oak","PM 2.5","Wake",35.8652,-78.8197
"8794",6-05-20,33,"Triple Oak","PM 2.5","Wake",35.8652,-78.8197
"8795",6-06-20,45,"Triple Oak","PM 2.5","Wake",35.8652,-78.8197
"8796",6-07-20,45,"Triple Oak","PM 2.5","Wake",35.8652,-78.8197
"8797",6-08-20,48,"Triple Oak","PM 2.5","Wake",35.8652,-78.8197
"8798",6-09-20,42,"Triple Oak","PM 2.5","Wake",35.8652,-78.8197
"8799",6-10-20,40,"Triple Oak","PM 2.5","Wake",35.8652,-78.8197
"8800",6-11-20,37,"Triple Oak","PM 2.5","Wake",35.8652,-78.8197
"8801",6-12-20,30,"Triple Oak","PM 2.5","Wake",35.8652,-78.8197
"8802",NA,35,"Triple Oak","PM 2.5","Wake",35.8652,-78.8197
"8803",NA,47,"Triple Oak","PM 2.5","Wake",35.8652,-78.8197
"8804",NA,48,"Triple Oak","PM 2.5","Wake",35.8652,-78.8197
"8805",NA,47,"Triple Oak","PM 2.5","Wake",35.8652,-78.8197
"8806",NA,47,"Triple Oak","PM 2.5","Wake",35.8652,-78.8197
"8807",NA,59,"Triple Oak","PM 2.5","Wake",35.8652,-78.8197
"8808",NA,57,"Triple Oak","PM 2.5","Wake",35.8652,-78.8197
"8809",NA,40,"Triple Oak","PM 2.5","Wake",35.8652,-78.8197
"8810",NA,33,"Triple Oak","PM 2.5","Wake",35.8652,-78.8197
"8811",NA,46,"Triple Oak","PM 2.5","Wake",35.8652,-78.8197
"8812",NA,52,"Triple Oak","PM 2.5","Wake",35.8652,-78.8197
"8813",7-01-20,32,"Triple Oak","PM 2.5","Wake",35.8652,-78.8197
"8814",7-02-20,40,"Triple Oak","PM 2.5","Wake",35.8652,-78.8197
"8815",7-03-20,48,"Triple Oak","PM 2.5","Wake",35.8652,-78.8197
"8816",7-04-20,39,"Triple Oak","PM 2.5","Wake",35.8652,-78.8197
"8817",7-05-20,29,"Triple Oak","PM 2.5","Wake",35.8652,-78.8197
"8818",7-06-20,28,"Triple Oak","PM 2.5","Wake",35.8652,-78.8197
"8819",7-07-20,24,"Triple Oak","PM 2.5","Wake",35.8652,-78.8197
"8820",7-08-20,15,"Triple Oak","PM 2.5","Wake",35.8652,-78.8197
"8821",7-09-20,19,"Triple Oak","PM 2.5","Wake",35.8652,-78.8197
"8822",7-10-20,40,"Triple Oak","PM 2.5","Wake",35.8652,-78.8197
"8823",7-11-20,57,"Triple Oak","PM 2.5","Wake",35.8652,-78.8197
"8824",7-12-20,48,"Triple Oak","PM 2.5","Wake",35.8652,-78.8197
"8825",NA,43,"Triple Oak","PM 2.5","Wake",35.8652,-78.8197
"8826",NA,33,"Triple Oak","PM 2.5","Wake",35.8652,-78.8197
"8827",NA,42,"Triple Oak","PM 2.5","Wake",35.8652,-78.8197
"8828",NA,52,"Triple Oak","PM 2.5","Wake",35.8652,-78.8197
"8829",NA,48,"Triple Oak","PM 2.5","Wake",35.8652,-78.8197
"8830",NA,24,"Triple Oak","PM 2.5","Wake",35.8652,-78.8197
"8831",NA,30,"Triple Oak","PM 2.5","Wake",35.8652,-78.8197
"8832",NA,33,"Triple Oak","PM 2.5","Wake",35.8652,-78.8197
"8833",NA,20,"Triple Oak","PM 2.5","Wake",35.8652,-78.8197
"8834",NA,25,"Triple Oak","PM 2.5","Wake",35.8652,-78.8197
"8835",NA,35,"Triple Oak","PM 2.5","Wake",35.8652,-78.8197
"8836",NA,24,"Triple Oak","PM 2.5","Wake",35.8652,-78.8197
"8837",NA,28,"Triple Oak","PM 2.5","Wake",35.8652,-78.8197
"8838",NA,34,"Triple Oak","PM 2.5","Wake",35.8652,-78.8197
"8839",NA,47,"Triple Oak","PM 2.5","Wake",35.8652,-78.8197
"8840",NA,46,"Triple Oak","PM 2.5","Wake",35.8652,-78.8197
"8841",NA,38,"Triple Oak","PM 2.5","Wake",35.8652,-78.8197
"8842",NA,24,"Triple Oak","PM 2.5","Wake",35.8652,-78.8197
"8843",NA,26,"Triple Oak","PM 2.5","Wake",35.8652,-78.8197
"8844",8-01-20,28,"Triple Oak","PM 2.5","Wake",35.8652,-78.8197
"8845",8-02-20,27,"Triple Oak","PM 2.5","Wake",35.8652,-78.8197
"8846",8-03-20,16,"Triple Oak","PM 2.5","Wake",35.8652,-78.8197
"8847",8-04-20,23,"Triple Oak","PM 2.5","Wake",35.8652,-78.8197
"8848",8-05-20,30,"Triple Oak","PM 2.5","Wake",35.8652,-78.8197
"8849",8-06-20,39,"Triple Oak","PM 2.5","Wake",35.8652,-78.8197
"8850",8-07-20,35,"Triple Oak","PM 2.5","Wake",35.8652,-78.8197
"8851",8-08-20,27,"Triple Oak","PM 2.5","Wake",35.8652,-78.8197
"8852",8-09-20,33,"Triple Oak","PM 2.5","Wake",35.8652,-78.8197
"8853",8-10-20,50,"Triple Oak","PM 2.5","Wake",35.8652,-78.8197
"8854",8-11-20,39,"Triple Oak","PM 2.5","Wake",35.8652,-78.8197
"8855",8-12-20,30,"Triple Oak","PM 2.5","Wake",35.8652,-78.8197
"8856",NA,27,"Triple Oak","PM 2.5","Wake",35.8652,-78.8197
"8857",NA,30,"Triple Oak","PM 2.5","Wake",35.8652,-78.8197
"8858",NA,47,"Triple Oak","PM 2.5","Wake",35.8652,-78.8197
"8859",NA,57,"Triple Oak","PM 2.5","Wake",35.8652,-78.8197
"8860",NA,47,"Triple Oak","PM 2.5","Wake",35.8652,-78.8197
"8861",NA,26,"Triple Oak","PM 2.5","Wake",35.8652,-78.8197
"8862",NA,26,"Triple Oak","PM 2.5","Wake",35.8652,-78.8197
"8863",NA,30,"Triple Oak","PM 2.5","Wake",35.8652,-78.8197
"8864",NA,30,"Triple Oak","PM 2.5","Wake",35.8652,-78.8197
"8865",NA,42,"Triple Oak","PM 2.5","Wake",35.8652,-78.8197
"8866",NA,31,"Triple Oak","PM 2.5","Wake",35.8652,-78.8197
"8867",NA,29,"Triple Oak","PM 2.5","Wake",35.8652,-78.8197
"8868",NA,41,"Triple Oak","PM 2.5","Wake",35.8652,-78.8197
"8869",NA,56,"Triple Oak","PM 2.5","Wake",35.8652,-78.8197
"8870",NA,53,"Triple Oak","PM 2.5","Wake",35.8652,-78.8197
"8871",NA,40,"Triple Oak","PM 2.5","Wake",35.8652,-78.8197
"8872",NA,45,"Triple Oak","PM 2.5","Wake",35.8652,-78.8197
"8873",NA,26,"Triple Oak","PM 2.5","Wake",35.8652,-78.8197
"8874",9-01-20,35,"Triple Oak","PM 2.5","Wake",35.8652,-78.8197
"8875",9-02-20,24,"Triple Oak","PM 2.5","Wake",35.8652,-78.8197
"8876",9-03-20,22,"Triple Oak","PM 2.5","Wake",35.8652,-78.8197
"8877",9-04-20,39,"Triple Oak","PM 2.5","Wake",35.8652,-78.8197
"8878",9-05-20,34,"Triple Oak","PM 2.5","Wake",35.8652,-78.8197
"8879",9-06-20,33,"Triple Oak","PM 2.5","Wake",35.8652,-78.8197
"8880",9-07-20,35,"Triple Oak","PM 2.5","Wake",35.8652,-78.8197
"8881",9-08-20,33,"Triple Oak","PM 2.5","Wake",35.8652,-78.8197
"8882",9-09-20,23,"Triple Oak","PM 2.5","Wake",35.8652,-78.8197
"8883",9-10-20,23,"Triple Oak","PM 2.5","Wake",35.8652,-78.8197
"8884",NA,43,"Triple Oak","PM 2.5","Wake",35.8652,-78.8197
"8885",NA,57,"Triple Oak","PM 2.5","Wake",35.8652,-78.8197
"8886",NA,45,"Triple Oak","PM 2.5","Wake",35.8652,-78.8197
"8887",NA,23,"Triple Oak","PM 2.5","Wake",35.8652,-78.8197
"8888",NA,31,"Triple Oak","PM 2.5","Wake",35.8652,-78.8197
"8889",NA,36,"Triple Oak","PM 2.5","Wake",35.8652,-78.8197
"8890",NA,32,"Triple Oak","PM 2.5","Wake",35.8652,-78.8197
"8891",NA,21,"Triple Oak","PM 2.5","Wake",35.8652,-78.8197
"8892",NA,21,"Triple Oak","PM 2.5","Wake",35.8652,-78.8197
"8893",NA,25,"Triple Oak","PM 2.5","Wake",35.8652,-78.8197
"8894",10-01-20,36,"Triple Oak","PM 2.5","Wake",35.8652,-78.8197
"8895",10-02-20,38,"Triple Oak","PM 2.5","Wake",35.8652,-78.8197
"8896",10-03-20,42,"Triple Oak","PM 2.5","Wake",35.8652,-78.8197
"8897",10-04-20,43,"Triple Oak","PM 2.5","Wake",35.8652,-78.8197
"8898",10-05-20,46,"Triple Oak","PM 2.5","Wake",35.8652,-78.8197
"8899",10-06-20,43,"Triple Oak","PM 2.5","Wake",35.8652,-78.8197
"8900",10-07-20,39,"Triple Oak","PM 2.5","Wake",35.8652,-78.8197
"8901",10-08-20,25,"Triple Oak","PM 2.5","Wake",35.8652,-78.8197
"8902",10-09-20,19,"Triple Oak","PM 2.5","Wake",35.8652,-78.8197
"8903",10-10-20,27,"Triple Oak","PM 2.5","Wake",35.8652,-78.8197
"8904",10-11-20,17,"Triple Oak","PM 2.5","Wake",35.8652,-78.8197
"8905",10-12-20,20,"Triple Oak","PM 2.5","Wake",35.8652,-78.8197
"8906",NA,18,"Triple Oak","PM 2.5","Wake",35.8652,-78.8197
"8907",NA,27,"Triple Oak","PM 2.5","Wake",35.8652,-78.8197
"8908",NA,44,"Triple Oak","PM 2.5","Wake",35.8652,-78.8197
"8909",NA,35,"Triple Oak","PM 2.5","Wake",35.8652,-78.8197
"8910",NA,19,"Triple Oak","PM 2.5","Wake",35.8652,-78.8197
"8911",NA,17,"Triple Oak","PM 2.5","Wake",35.8652,-78.8197
"8912",NA,28,"Triple Oak","PM 2.5","Wake",35.8652,-78.8197
"8913",NA,34,"Triple Oak","PM 2.5","Wake",35.8652,-78.8197
"8914",NA,3,"Triple Oak","PM 2.5","Wake",35.8652,-78.8197
"8915",NA,14,"Triple Oak","PM 2.5","Wake",35.8652,-78.8197
"8916",NA,29,"Triple Oak","PM 2.5","Wake",35.8652,-78.8197
"8917",NA,21,"Triple Oak","PM 2.5","Wake",35.8652,-78.8197
"8918",NA,19,"Triple Oak","PM 2.5","Wake",35.8652,-78.8197
"8919",NA,17,"Triple Oak","PM 2.5","Wake",35.8652,-78.8197
"8920",NA,10,"Triple Oak","PM 2.5","Wake",35.8652,-78.8197
"8921",NA,15,"Triple Oak","PM 2.5","Wake",35.8652,-78.8197
"8922",NA,16,"Triple Oak","PM 2.5","Wake",35.8652,-78.8197
"8923",NA,24,"Triple Oak","PM 2.5","Wake",35.8652,-78.8197
"8924",NA,39,"Triple Oak","PM 2.5","Wake",35.8652,-78.8197
"8925",11-01-20,24,"Triple Oak","PM 2.5","Wake",35.8652,-78.8197
"8926",11-02-20,18,"Triple Oak","PM 2.5","Wake",35.8652,-78.8197
"8927",11-03-20,13,"Triple Oak","PM 2.5","Wake",35.8652,-78.8197
"8928",11-04-20,19,"Triple Oak","PM 2.5","Wake",35.8652,-78.8197
"8929",11-05-20,19,"Triple Oak","PM 2.5","Wake",35.8652,-78.8197
"8930",11-06-20,31,"Triple Oak","PM 2.5","Wake",35.8652,-78.8197
"8931",11-07-20,26,"Triple Oak","PM 2.5","Wake",35.8652,-78.8197
"8932",11-08-20,35,"Triple Oak","PM 2.5","Wake",35.8652,-78.8197
"8933",11-09-20,26,"Triple Oak","PM 2.5","Wake",35.8652,-78.8197
"8934",11-10-20,13,"Triple Oak","PM 2.5","Wake",35.8652,-78.8197
"8935",11-11-20,21,"Triple Oak","PM 2.5","Wake",35.8652,-78.8197
"8936",11-12-20,27,"Triple Oak","PM 2.5","Wake",35.8652,-78.8197
"8937",NA,12,"Triple Oak","PM 2.5","Wake",35.8652,-78.8197
"8938",NA,24,"Triple Oak","PM 2.5","Wake",35.8652,-78.8197
"8939",NA,12,"Triple Oak","PM 2.5","Wake",35.8652,-78.8197
"8940",NA,15,"Triple Oak","PM 2.5","Wake",35.8652,-78.8197
"8941",NA,33,"Triple Oak","PM 2.5","Wake",35.8652,-78.8197
"8942",NA,45,"Triple Oak","PM 2.5","Wake",35.8652,-78.8197
"8943",NA,57,"Triple Oak","PM 2.5","Wake",35.8652,-78.8197
"8944",NA,37,"Triple Oak","PM 2.5","Wake",35.8652,-78.8197
"8945",NA,22,"Triple Oak","PM 2.5","Wake",35.8652,-78.8197
"8946",NA,35,"Triple Oak","PM 2.5","Wake",35.8652,-78.8197
"8947",NA,21,"Triple Oak","PM 2.5","Wake",35.8652,-78.8197
"8948",NA,16,"Triple Oak","PM 2.5","Wake",35.8652,-78.8197
"8949",NA,35,"Triple Oak","PM 2.5","Wake",35.8652,-78.8197
"8950",NA,22,"Triple Oak","PM 2.5","Wake",35.8652,-78.8197
"8951",NA,10,"Triple Oak","PM 2.5","Wake",35.8652,-78.8197
"8952",NA,21,"Triple Oak","PM 2.5","Wake",35.8652,-78.8197
"8953",NA,29,"Triple Oak","PM 2.5","Wake",35.8652,-78.8197
"8954",NA,38,"Triple Oak","PM 2.5","Wake",35.8652,-78.8197
"8955",12-01-20,46,"Triple Oak","PM 2.5","Wake",35.8652,-78.8197
"8956",12-02-20,16,"Triple Oak","PM 2.5","Wake",35.8652,-78.8197
"8957",12-03-20,34,"Triple Oak","PM 2.5","Wake",35.8652,-78.8197
"8958",12-04-20,13,"Triple Oak","PM 2.5","Wake",35.8652,-78.8197
"8959",12-05-20,10,"Triple Oak","PM 2.5","Wake",35.8652,-78.8197
"8960",12-06-20,20,"Triple Oak","PM 2.5","Wake",35.8652,-78.8197
"8961",12-07-20,32,"Triple Oak","PM 2.5","Wake",35.8652,-78.8197
"8962",12-08-20,35,"Triple Oak","PM 2.5","Wake",35.8652,-78.8197
"8963",12-11-20,43,"Triple Oak","PM 2.5","Wake",35.8652,-78.8197
"8964",12-12-20,43,"Triple Oak","PM 2.5","Wake",35.8652,-78.8197
"8965",NA,57,"Triple Oak","PM 2.5","Wake",35.8652,-78.8197
"8966",NA,45,"Triple Oak","PM 2.5","Wake",35.8652,-78.8197
"8967",NA,13,"Triple Oak","PM 2.5","Wake",35.8652,-78.8197
"8968",NA,18,"Triple Oak","PM 2.5","Wake",35.8652,-78.8197
"8969",NA,13,"Triple Oak","PM 2.5","Wake",35.8652,-78.8197
"8970",NA,22,"Triple Oak","PM 2.5","Wake",35.8652,-78.8197
"8971",NA,37,"Triple Oak","PM 2.5","Wake",35.8652,-78.8197
"8972",NA,28,"Triple Oak","PM 2.5","Wake",35.8652,-78.8197
"8973",NA,13,"Triple Oak","PM 2.5","Wake",35.8652,-78.8197
"8974",NA,5,"Triple Oak","PM 2.5","Wake",35.8652,-78.8197
"8975",NA,19,"Triple Oak","PM 2.5","Wake",35.8652,-78.8197
"8976",NA,12,"Triple Oak","PM 2.5","Wake",35.8652,-78.8197
"8977",NA,22,"Triple Oak","PM 2.5","Wake",35.8652,-78.8197
"8978",NA,36,"Triple Oak","PM 2.5","Wake",35.8652,-78.8197
"8979",NA,31,"Triple Oak","PM 2.5","Wake",35.8652,-78.8197
"8980",NA,15,"Triple Oak","PM 2.5","Wake",35.8652,-78.8197
"8981",NA,13,"Triple Oak","PM 2.5","Wake",35.8652,-78.8197
"8982",NA,27,"Triple Oak","PM 2.5","Wake",35.8652,-78.8197
"8983",NA,37,"Triple Oak","PM 2.5","Wake",35.8652,-78.8197
