"","Date","DAILY_AQI_VALUE","Site.Name","AQS_PARAMETER_DESC","COUNTY","SITE_LATITUDE","SITE_LONGITUDE"
"1",1-03-20,7,"Linville Falls","PM 2.5","Avery",35.972347,-81.933072
"2",1-06-20,4,"Linville Falls","PM 2.5","Avery",35.972347,-81.933072
"3",1-09-20,5,"Linville Falls","PM 2.5","Avery",35.972347,-81.933072
"4",1-12-20,26,"Linville Falls","PM 2.5","Avery",35.972347,-81.933072
"5",NA,11,"Linville Falls","PM 2.5","Avery",35.972347,-81.933072
"6",NA,5,"Linville Falls","PM 2.5","Avery",35.972347,-81.933072
"7",NA,6,"Linville Falls","PM 2.5","Avery",35.972347,-81.933072
"8",NA,6,"Linville Falls","PM 2.5","Avery",35.972347,-81.933072
"9",NA,15,"Linville Falls","PM 2.5","Avery",35.972347,-81.933072
"10",NA,7,"Linville Falls","PM 2.5","Avery",35.972347,-81.933072
"11",2-02-20,14,"Linville Falls","PM 2.5","Avery",35.972347,-81.933072
"12",2-05-20,20,"Linville Falls","PM 2.5","Avery",35.972347,-81.933072
"13",2-08-20,8,"Linville Falls","PM 2.5","Avery",35.972347,-81.933072
"14",2-11-20,10,"Linville Falls","PM 2.5","Avery",35.972347,-81.933072
"15",NA,8,"Linville Falls","PM 2.5","Avery",35.972347,-81.933072
"16",NA,10,"Linville Falls","PM 2.5","Avery",35.972347,-81.933072
"17",NA,3,"Linville Falls","PM 2.5","Avery",35.972347,-81.933072
"18",NA,1,"Linville Falls","PM 2.5","Avery",35.972347,-81.933072
"19",NA,11,"Linville Falls","PM 2.5","Avery",35.972347,-81.933072
"20",1-03-20,11,"Board Of Ed. Bldg.","PM 2.5","Buncombe",35.6062000008935,-82.5844
"21",1-09-20,6,"Board Of Ed. Bldg.","PM 2.5","Buncombe",35.6062000008935,-82.5844
"22",NA,15,"Board Of Ed. Bldg.","PM 2.5","Buncombe",35.6062000008935,-82.5844
"23",NA,18,"Board Of Ed. Bldg.","PM 2.5","Buncombe",35.6062000008935,-82.5844
"24",NA,58,"Board Of Ed. Bldg.","PM 2.5","Buncombe",35.6062000008935,-82.5844
"25",2-02-20,44,"Board Of Ed. Bldg.","PM 2.5","Buncombe",35.6062000008935,-82.5844
"26",2-08-20,13,"Board Of Ed. Bldg.","PM 2.5","Buncombe",35.6062000008935,-82.5844
"27",NA,24,"Board Of Ed. Bldg.","PM 2.5","Buncombe",35.6062000008935,-82.5844
"28",NA,9,"Board Of Ed. Bldg.","PM 2.5","Buncombe",35.6062000008935,-82.5844
"29",NA,36,"Board Of Ed. Bldg.","PM 2.5","Buncombe",35.6062000008935,-82.5844
"30",3-04-20,21,"Board Of Ed. Bldg.","PM 2.5","Buncombe",35.6062000008935,-82.5844
"31",3-10-20,18,"Board Of Ed. Bldg.","PM 2.5","Buncombe",35.6062000008935,-82.5844
"32",NA,13,"Board Of Ed. Bldg.","PM 2.5","Buncombe",35.6062000008935,-82.5844
"33",NA,16,"Board Of Ed. Bldg.","PM 2.5","Buncombe",35.6062000008935,-82.5844
"34",NA,30,"Board Of Ed. Bldg.","PM 2.5","Buncombe",35.6062000008935,-82.5844
"35",4-09-20,13,"Board Of Ed. Bldg.","PM 2.5","Buncombe",35.6062000008935,-82.5844
"36",NA,8,"Board Of Ed. Bldg.","PM 2.5","Buncombe",35.6062000008935,-82.5844
"37",NA,6,"Board Of Ed. Bldg.","PM 2.5","Buncombe",35.6062000008935,-82.5844
"38",NA,20,"Board Of Ed. Bldg.","PM 2.5","Buncombe",35.6062000008935,-82.5844
"39",5-03-20,29,"Board Of Ed. Bldg.","PM 2.5","Buncombe",35.6062000008935,-82.5844
"40",NA,30,"Board Of Ed. Bldg.","PM 2.5","Buncombe",35.6062000008935,-82.5844
"41",NA,46,"Board Of Ed. Bldg.","PM 2.5","Buncombe",35.6062000008935,-82.5844
"42",6-02-20,51,"Board Of Ed. Bldg.","PM 2.5","Buncombe",35.6062000008935,-82.5844
"43",6-08-20,11,"Board Of Ed. Bldg.","PM 2.5","Buncombe",35.6062000008935,-82.5844
"44",NA,21,"Board Of Ed. Bldg.","PM 2.5","Buncombe",35.6062000008935,-82.5844
"45",NA,20,"Board Of Ed. Bldg.","PM 2.5","Buncombe",35.6062000008935,-82.5844
"46",NA,29,"Board Of Ed. Bldg.","PM 2.5","Buncombe",35.6062000008935,-82.5844
"47",7-02-20,37,"Board Of Ed. Bldg.","PM 2.5","Buncombe",35.6062000008935,-82.5844
"48",7-08-20,40,"Board Of Ed. Bldg.","PM 2.5","Buncombe",35.6062000008935,-82.5844
"49",NA,18,"Board Of Ed. Bldg.","PM 2.5","Buncombe",35.6062000008935,-82.5844
"50",NA,25,"Board Of Ed. Bldg.","PM 2.5","Buncombe",35.6062000008935,-82.5844
"51",NA,36,"Board Of Ed. Bldg.","PM 2.5","Buncombe",35.6062000008935,-82.5844
"52",8-07-20,35,"Board Of Ed. Bldg.","PM 2.5","Buncombe",35.6062000008935,-82.5844
"53",NA,46,"Board Of Ed. Bldg.","PM 2.5","Buncombe",35.6062000008935,-82.5844
"54",NA,38,"Board Of Ed. Bldg.","PM 2.5","Buncombe",35.6062000008935,-82.5844
"55",NA,19,"Board Of Ed. Bldg.","PM 2.5","Buncombe",35.6062000008935,-82.5844
"56",NA,39,"Board Of Ed. Bldg.","PM 2.5","Buncombe",35.6062000008935,-82.5844
"57",9-06-20,32,"Board Of Ed. Bldg.","PM 2.5","Buncombe",35.6062000008935,-82.5844
"58",9-12-20,45,"Board Of Ed. Bldg.","PM 2.5","Buncombe",35.6062000008935,-82.5844
"59",NA,36,"Board Of Ed. Bldg.","PM 2.5","Buncombe",35.6062000008935,-82.5844
"60",NA,28,"Board Of Ed. Bldg.","PM 2.5","Buncombe",35.6062000008935,-82.5844
"61",NA,46,"Board Of Ed. Bldg.","PM 2.5","Buncombe",35.6062000008935,-82.5844
"62",1-01-20,6,"Board Of Ed. Bldg.","PM 2.5","Buncombe",35.6062000008935,-82.5844
"63",1-02-20,23,"Board Of Ed. Bldg.","PM 2.5","Buncombe",35.6062000008935,-82.5844
"64",1-03-20,10,"Board Of Ed. Bldg.","PM 2.5","Buncombe",35.6062000008935,-82.5844
"65",1-04-20,10,"Board Of Ed. Bldg.","PM 2.5","Buncombe",35.6062000008935,-82.5844
"66",1-05-20,5,"Board Of Ed. Bldg.","PM 2.5","Buncombe",35.6062000008935,-82.5844
"67",1-06-20,18,"Board Of Ed. Bldg.","PM 2.5","Buncombe",35.6062000008935,-82.5844
"68",1-07-20,31,"Board Of Ed. Bldg.","PM 2.5","Buncombe",35.6062000008935,-82.5844
"69",1-08-20,26,"Board Of Ed. Bldg.","PM 2.5","Buncombe",35.6062000008935,-82.5844
"70",1-09-20,0,"Board Of Ed. Bldg.","PM 2.5","Buncombe",35.6062000008935,-82.5844
"71",1-10-20,14,"Board Of Ed. Bldg.","PM 2.5","Buncombe",35.6062000008935,-82.5844
"72",1-11-20,27,"Board Of Ed. Bldg.","PM 2.5","Buncombe",35.6062000008935,-82.5844
"73",1-12-20,37,"Board Of Ed. Bldg.","PM 2.5","Buncombe",35.6062000008935,-82.5844
"74",NA,23,"Board Of Ed. Bldg.","PM 2.5","Buncombe",35.6062000008935,-82.5844
"75",NA,5,"Board Of Ed. Bldg.","PM 2.5","Buncombe",35.6062000008935,-82.5844
"76",NA,10,"Board Of Ed. Bldg.","PM 2.5","Buncombe",35.6062000008935,-82.5844
"77",NA,19,"Board Of Ed. Bldg.","PM 2.5","Buncombe",35.6062000008935,-82.5844
"78",NA,35,"Board Of Ed. Bldg.","PM 2.5","Buncombe",35.6062000008935,-82.5844
"79",NA,31,"Board Of Ed. Bldg.","PM 2.5","Buncombe",35.6062000008935,-82.5844
"80",NA,22,"Board Of Ed. Bldg.","PM 2.5","Buncombe",35.6062000008935,-82.5844
"81",NA,3,"Board Of Ed. Bldg.","PM 2.5","Buncombe",35.6062000008935,-82.5844
"82",NA,10,"Board Of Ed. Bldg.","PM 2.5","Buncombe",35.6062000008935,-82.5844
"83",NA,24,"Board Of Ed. Bldg.","PM 2.5","Buncombe",35.6062000008935,-82.5844
"84",NA,14,"Board Of Ed. Bldg.","PM 2.5","Buncombe",35.6062000008935,-82.5844
"85",NA,3,"Board Of Ed. Bldg.","PM 2.5","Buncombe",35.6062000008935,-82.5844
"86",NA,20,"Board Of Ed. Bldg.","PM 2.5","Buncombe",35.6062000008935,-82.5844
"87",NA,32,"Board Of Ed. Bldg.","PM 2.5","Buncombe",35.6062000008935,-82.5844
"88",NA,58,"Board Of Ed. Bldg.","PM 2.5","Buncombe",35.6062000008935,-82.5844
"89",NA,55,"Board Of Ed. Bldg.","PM 2.5","Buncombe",35.6062000008935,-82.5844
"90",NA,28,"Board Of Ed. Bldg.","PM 2.5","Buncombe",35.6062000008935,-82.5844
"91",NA,10,"Board Of Ed. Bldg.","PM 2.5","Buncombe",35.6062000008935,-82.5844
"92",NA,22,"Board Of Ed. Bldg.","PM 2.5","Buncombe",35.6062000008935,-82.5844
"93",2-01-20,52,"Board Of Ed. Bldg.","PM 2.5","Buncombe",35.6062000008935,-82.5844
"94",2-02-20,43,"Board Of Ed. Bldg.","PM 2.5","Buncombe",35.6062000008935,-82.5844
"95",2-03-20,63,"Board Of Ed. Bldg.","PM 2.5","Buncombe",35.6062000008935,-82.5844
"96",2-04-20,54,"Board Of Ed. Bldg.","PM 2.5","Buncombe",35.6062000008935,-82.5844
"97",2-05-20,41,"Board Of Ed. Bldg.","PM 2.5","Buncombe",35.6062000008935,-82.5844
"98",2-06-20,38,"Board Of Ed. Bldg.","PM 2.5","Buncombe",35.6062000008935,-82.5844
"99",2-07-20,19,"Board Of Ed. Bldg.","PM 2.5","Buncombe",35.6062000008935,-82.5844
"100",2-08-20,7,"Board Of Ed. Bldg.","PM 2.5","Buncombe",35.6062000008935,-82.5844
"101",2-09-20,11,"Board Of Ed. Bldg.","PM 2.5","Buncombe",35.6062000008935,-82.5844
"102",2-10-20,28,"Board Of Ed. Bldg.","PM 2.5","Buncombe",35.6062000008935,-82.5844
"103",2-11-20,39,"Board Of Ed. Bldg.","PM 2.5","Buncombe",35.6062000008935,-82.5844
"104",2-12-20,3,"Board Of Ed. Bldg.","PM 2.5","Buncombe",35.6062000008935,-82.5844
"105",NA,0,"Board Of Ed. Bldg.","PM 2.5","Buncombe",35.6062000008935,-82.5844
"106",NA,23,"Board Of Ed. Bldg.","PM 2.5","Buncombe",35.6062000008935,-82.5844
"107",NA,30,"Board Of Ed. Bldg.","PM 2.5","Buncombe",35.6062000008935,-82.5844
"108",NA,10,"Board Of Ed. Bldg.","PM 2.5","Buncombe",35.6062000008935,-82.5844
"109",NA,15,"Board Of Ed. Bldg.","PM 2.5","Buncombe",35.6062000008935,-82.5844
"110",NA,8,"Board Of Ed. Bldg.","PM 2.5","Buncombe",35.6062000008935,-82.5844
"111",NA,28,"Board Of Ed. Bldg.","PM 2.5","Buncombe",35.6062000008935,-82.5844
"112",NA,2,"Board Of Ed. Bldg.","PM 2.5","Buncombe",35.6062000008935,-82.5844
"113",NA,10,"Board Of Ed. Bldg.","PM 2.5","Buncombe",35.6062000008935,-82.5844
"114",NA,1,"Board Of Ed. Bldg.","PM 2.5","Buncombe",35.6062000008935,-82.5844
"115",NA,1,"Board Of Ed. Bldg.","PM 2.5","Buncombe",35.6062000008935,-82.5844
"116",NA,0,"Board Of Ed. Bldg.","PM 2.5","Buncombe",35.6062000008935,-82.5844
"117",NA,4,"Board Of Ed. Bldg.","PM 2.5","Buncombe",35.6062000008935,-82.5844
"118",NA,34,"Board Of Ed. Bldg.","PM 2.5","Buncombe",35.6062000008935,-82.5844
"119",NA,51,"Board Of Ed. Bldg.","PM 2.5","Buncombe",35.6062000008935,-82.5844
"120",NA,38,"Board Of Ed. Bldg.","PM 2.5","Buncombe",35.6062000008935,-82.5844
"121",3-01-20,22,"Board Of Ed. Bldg.","PM 2.5","Buncombe",35.6062000008935,-82.5844
"122",3-02-20,9,"Board Of Ed. Bldg.","PM 2.5","Buncombe",35.6062000008935,-82.5844
"123",3-03-20,25,"Board Of Ed. Bldg.","PM 2.5","Buncombe",35.6062000008935,-82.5844
"124",3-04-20,10,"Board Of Ed. Bldg.","PM 2.5","Buncombe",35.6062000008935,-82.5844
"125",3-05-20,12,"Board Of Ed. Bldg.","PM 2.5","Buncombe",35.6062000008935,-82.5844
"126",3-06-20,16,"Board Of Ed. Bldg.","PM 2.5","Buncombe",35.6062000008935,-82.5844
"127",3-07-20,27,"Board Of Ed. Bldg.","PM 2.5","Buncombe",35.6062000008935,-82.5844
"128",3-08-20,42,"Board Of Ed. Bldg.","PM 2.5","Buncombe",35.6062000008935,-82.5844
"129",3-09-20,48,"Board Of Ed. Bldg.","PM 2.5","Buncombe",35.6062000008935,-82.5844
"130",3-10-20,17,"Board Of Ed. Bldg.","PM 2.5","Buncombe",35.6062000008935,-82.5844
"131",3-11-20,10,"Board Of Ed. Bldg.","PM 2.5","Buncombe",35.6062000008935,-82.5844
"132",3-12-20,17,"Board Of Ed. Bldg.","PM 2.5","Buncombe",35.6062000008935,-82.5844
"133",NA,24,"Board Of Ed. Bldg.","PM 2.5","Buncombe",35.6062000008935,-82.5844
"134",NA,33,"Board Of Ed. Bldg.","PM 2.5","Buncombe",35.6062000008935,-82.5844
"135",NA,14,"Board Of Ed. Bldg.","PM 2.5","Buncombe",35.6062000008935,-82.5844
"136",NA,8,"Board Of Ed. Bldg.","PM 2.5","Buncombe",35.6062000008935,-82.5844
"137",NA,15,"Board Of Ed. Bldg.","PM 2.5","Buncombe",35.6062000008935,-82.5844
"138",NA,23,"Board Of Ed. Bldg.","PM 2.5","Buncombe",35.6062000008935,-82.5844
"139",NA,20,"Board Of Ed. Bldg.","PM 2.5","Buncombe",35.6062000008935,-82.5844
"140",NA,33,"Board Of Ed. Bldg.","PM 2.5","Buncombe",35.6062000008935,-82.5844
"141",NA,31,"Board Of Ed. Bldg.","PM 2.5","Buncombe",35.6062000008935,-82.5844
"142",NA,14,"Board Of Ed. Bldg.","PM 2.5","Buncombe",35.6062000008935,-82.5844
"143",NA,8,"Board Of Ed. Bldg.","PM 2.5","Buncombe",35.6062000008935,-82.5844
"144",NA,56,"Board Of Ed. Bldg.","PM 2.5","Buncombe",35.6062000008935,-82.5844
"145",NA,67,"Board Of Ed. Bldg.","PM 2.5","Buncombe",35.6062000008935,-82.5844
"146",NA,16,"Board Of Ed. Bldg.","PM 2.5","Buncombe",35.6062000008935,-82.5844
"147",NA,25,"Board Of Ed. Bldg.","PM 2.5","Buncombe",35.6062000008935,-82.5844
"148",NA,35,"Board Of Ed. Bldg.","PM 2.5","Buncombe",35.6062000008935,-82.5844
"149",NA,47,"Board Of Ed. Bldg.","PM 2.5","Buncombe",35.6062000008935,-82.5844
"150",NA,56,"Board Of Ed. Bldg.","PM 2.5","Buncombe",35.6062000008935,-82.5844
"151",NA,7,"Board Of Ed. Bldg.","PM 2.5","Buncombe",35.6062000008935,-82.5844
"152",4-01-20,12,"Board Of Ed. Bldg.","PM 2.5","Buncombe",35.6062000008935,-82.5844
"153",4-02-20,25,"Board Of Ed. Bldg.","PM 2.5","Buncombe",35.6062000008935,-82.5844
"154",4-03-20,41,"Board Of Ed. Bldg.","PM 2.5","Buncombe",35.6062000008935,-82.5844
"155",4-04-20,43,"Board Of Ed. Bldg.","PM 2.5","Buncombe",35.6062000008935,-82.5844
"156",4-05-20,28,"Board Of Ed. Bldg.","PM 2.5","Buncombe",35.6062000008935,-82.5844
"157",4-06-20,25,"Board Of Ed. Bldg.","PM 2.5","Buncombe",35.6062000008935,-82.5844
"158",4-07-20,31,"Board Of Ed. Bldg.","PM 2.5","Buncombe",35.6062000008935,-82.5844
"159",4-08-20,28,"Board Of Ed. Bldg.","PM 2.5","Buncombe",35.6062000008935,-82.5844
"160",4-09-20,10,"Board Of Ed. Bldg.","PM 2.5","Buncombe",35.6062000008935,-82.5844
"161",4-10-20,17,"Board Of Ed. Bldg.","PM 2.5","Buncombe",35.6062000008935,-82.5844
"162",4-11-20,30,"Board Of Ed. Bldg.","PM 2.5","Buncombe",35.6062000008935,-82.5844
"163",4-12-20,20,"Board Of Ed. Bldg.","PM 2.5","Buncombe",35.6062000008935,-82.5844
"164",NA,33,"Board Of Ed. Bldg.","PM 2.5","Buncombe",35.6062000008935,-82.5844
"165",NA,19,"Board Of Ed. Bldg.","PM 2.5","Buncombe",35.6062000008935,-82.5844
"166",NA,4,"Board Of Ed. Bldg.","PM 2.5","Buncombe",35.6062000008935,-82.5844
"167",NA,16,"Board Of Ed. Bldg.","PM 2.5","Buncombe",35.6062000008935,-82.5844
"168",NA,35,"Board Of Ed. Bldg.","PM 2.5","Buncombe",35.6062000008935,-82.5844
"169",NA,47,"Board Of Ed. Bldg.","PM 2.5","Buncombe",35.6062000008935,-82.5844
"170",NA,14,"Board Of Ed. Bldg.","PM 2.5","Buncombe",35.6062000008935,-82.5844
"171",NA,4,"Board Of Ed. Bldg.","PM 2.5","Buncombe",35.6062000008935,-82.5844
"172",NA,4,"Board Of Ed. Bldg.","PM 2.5","Buncombe",35.6062000008935,-82.5844
"173",NA,12,"Board Of Ed. Bldg.","PM 2.5","Buncombe",35.6062000008935,-82.5844
"174",NA,25,"Board Of Ed. Bldg.","PM 2.5","Buncombe",35.6062000008935,-82.5844
"175",NA,33,"Board Of Ed. Bldg.","PM 2.5","Buncombe",35.6062000008935,-82.5844
"176",NA,38,"Board Of Ed. Bldg.","PM 2.5","Buncombe",35.6062000008935,-82.5844
"177",NA,26,"Board Of Ed. Bldg.","PM 2.5","Buncombe",35.6062000008935,-82.5844
"178",NA,21,"Board Of Ed. Bldg.","PM 2.5","Buncombe",35.6062000008935,-82.5844
"179",NA,31,"Board Of Ed. Bldg.","PM 2.5","Buncombe",35.6062000008935,-82.5844
"180",NA,45,"Board Of Ed. Bldg.","PM 2.5","Buncombe",35.6062000008935,-82.5844
"181",NA,54,"Board Of Ed. Bldg.","PM 2.5","Buncombe",35.6062000008935,-82.5844
"182",5-01-20,40,"Board Of Ed. Bldg.","PM 2.5","Buncombe",35.6062000008935,-82.5844
"183",5-02-20,39,"Board Of Ed. Bldg.","PM 2.5","Buncombe",35.6062000008935,-82.5844
"184",5-03-20,36,"Board Of Ed. Bldg.","PM 2.5","Buncombe",35.6062000008935,-82.5844
"185",5-04-20,28,"Board Of Ed. Bldg.","PM 2.5","Buncombe",35.6062000008935,-82.5844
"186",5-05-20,13,"Board Of Ed. Bldg.","PM 2.5","Buncombe",35.6062000008935,-82.5844
"187",5-10-20,20,"Board Of Ed. Bldg.","PM 2.5","Buncombe",35.6062000008935,-82.5844
"188",5-11-20,24,"Board Of Ed. Bldg.","PM 2.5","Buncombe",35.6062000008935,-82.5844
"189",5-12-20,9,"Board Of Ed. Bldg.","PM 2.5","Buncombe",35.6062000008935,-82.5844
"190",NA,11,"Board Of Ed. Bldg.","PM 2.5","Buncombe",35.6062000008935,-82.5844
"191",NA,20,"Board Of Ed. Bldg.","PM 2.5","Buncombe",35.6062000008935,-82.5844
"192",NA,31,"Board Of Ed. Bldg.","PM 2.5","Buncombe",35.6062000008935,-82.5844
"193",NA,29,"Board Of Ed. Bldg.","PM 2.5","Buncombe",35.6062000008935,-82.5844
"194",NA,52,"Board Of Ed. Bldg.","PM 2.5","Buncombe",35.6062000008935,-82.5844
"195",NA,54,"Board Of Ed. Bldg.","PM 2.5","Buncombe",35.6062000008935,-82.5844
"196",NA,45,"Board Of Ed. Bldg.","PM 2.5","Buncombe",35.6062000008935,-82.5844
"197",NA,53,"Board Of Ed. Bldg.","PM 2.5","Buncombe",35.6062000008935,-82.5844
"198",NA,48,"Board Of Ed. Bldg.","PM 2.5","Buncombe",35.6062000008935,-82.5844
"199",NA,43,"Board Of Ed. Bldg.","PM 2.5","Buncombe",35.6062000008935,-82.5844
"200",NA,49,"Board Of Ed. Bldg.","PM 2.5","Buncombe",35.6062000008935,-82.5844
"201",NA,46,"Board Of Ed. Bldg.","PM 2.5","Buncombe",35.6062000008935,-82.5844
"202",NA,44,"Board Of Ed. Bldg.","PM 2.5","Buncombe",35.6062000008935,-82.5844
"203",NA,28,"Board Of Ed. Bldg.","PM 2.5","Buncombe",35.6062000008935,-82.5844
"204",6-01-20,25,"Board Of Ed. Bldg.","PM 2.5","Buncombe",35.6062000008935,-82.5844
"205",6-02-20,50,"Board Of Ed. Bldg.","PM 2.5","Buncombe",35.6062000008935,-82.5844
"206",6-03-20,45,"Board Of Ed. Bldg.","PM 2.5","Buncombe",35.6062000008935,-82.5844
"207",6-04-20,48,"Board Of Ed. Bldg.","PM 2.5","Buncombe",35.6062000008935,-82.5844
"208",6-05-20,60,"Board Of Ed. Bldg.","PM 2.5","Buncombe",35.6062000008935,-82.5844
"209",6-06-20,53,"Board Of Ed. Bldg.","PM 2.5","Buncombe",35.6062000008935,-82.5844
"210",6-07-20,12,"Board Of Ed. Bldg.","PM 2.5","Buncombe",35.6062000008935,-82.5844
"211",6-08-20,10,"Board Of Ed. Bldg.","PM 2.5","Buncombe",35.6062000008935,-82.5844
"212",6-09-20,3,"Board Of Ed. Bldg.","PM 2.5","Buncombe",35.6062000008935,-82.5844
"213",6-10-20,9,"Board Of Ed. Bldg.","PM 2.5","Buncombe",35.6062000008935,-82.5844
"214",6-11-20,21,"Board Of Ed. Bldg.","PM 2.5","Buncombe",35.6062000008935,-82.5844
"215",6-12-20,23,"Board Of Ed. Bldg.","PM 2.5","Buncombe",35.6062000008935,-82.5844
"216",NA,18,"Board Of Ed. Bldg.","PM 2.5","Buncombe",35.6062000008935,-82.5844
"217",NA,18,"Board Of Ed. Bldg.","PM 2.5","Buncombe",35.6062000008935,-82.5844
"218",NA,37,"Board Of Ed. Bldg.","PM 2.5","Buncombe",35.6062000008935,-82.5844
"219",NA,41,"Board Of Ed. Bldg.","PM 2.5","Buncombe",35.6062000008935,-82.5844
"220",NA,36,"Board Of Ed. Bldg.","PM 2.5","Buncombe",35.6062000008935,-82.5844
"221",NA,18,"Board Of Ed. Bldg.","PM 2.5","Buncombe",35.6062000008935,-82.5844
"222",NA,21,"Board Of Ed. Bldg.","PM 2.5","Buncombe",35.6062000008935,-82.5844
"223",NA,18,"Board Of Ed. Bldg.","PM 2.5","Buncombe",35.6062000008935,-82.5844
"224",NA,20,"Board Of Ed. Bldg.","PM 2.5","Buncombe",35.6062000008935,-82.5844
"225",NA,13,"Board Of Ed. Bldg.","PM 2.5","Buncombe",35.6062000008935,-82.5844
"226",NA,24,"Board Of Ed. Bldg.","PM 2.5","Buncombe",35.6062000008935,-82.5844
"227",NA,45,"Board Of Ed. Bldg.","PM 2.5","Buncombe",35.6062000008935,-82.5844
"228",NA,20,"Board Of Ed. Bldg.","PM 2.5","Buncombe",35.6062000008935,-82.5844
"229",NA,26,"Board Of Ed. Bldg.","PM 2.5","Buncombe",35.6062000008935,-82.5844
"230",NA,26,"Board Of Ed. Bldg.","PM 2.5","Buncombe",35.6062000008935,-82.5844
"231",NA,39,"Board Of Ed. Bldg.","PM 2.5","Buncombe",35.6062000008935,-82.5844
"232",NA,43,"Board Of Ed. Bldg.","PM 2.5","Buncombe",35.6062000008935,-82.5844
"233",NA,43,"Board Of Ed. Bldg.","PM 2.5","Buncombe",35.6062000008935,-82.5844
"234",7-01-20,34,"Board Of Ed. Bldg.","PM 2.5","Buncombe",35.6062000008935,-82.5844
"235",7-02-20,37,"Board Of Ed. Bldg.","PM 2.5","Buncombe",35.6062000008935,-82.5844
"236",7-03-20,27,"Board Of Ed. Bldg.","PM 2.5","Buncombe",35.6062000008935,-82.5844
"237",7-04-20,35,"Board Of Ed. Bldg.","PM 2.5","Buncombe",35.6062000008935,-82.5844
"238",7-05-20,45,"Board Of Ed. Bldg.","PM 2.5","Buncombe",35.6062000008935,-82.5844
"239",7-06-20,42,"Board Of Ed. Bldg.","PM 2.5","Buncombe",35.6062000008935,-82.5844
"240",7-07-20,45,"Board Of Ed. Bldg.","PM 2.5","Buncombe",35.6062000008935,-82.5844
"241",7-08-20,35,"Board Of Ed. Bldg.","PM 2.5","Buncombe",35.6062000008935,-82.5844
"242",7-09-20,31,"Board Of Ed. Bldg.","PM 2.5","Buncombe",35.6062000008935,-82.5844
"243",7-10-20,43,"Board Of Ed. Bldg.","PM 2.5","Buncombe",35.6062000008935,-82.5844
"244",7-11-20,27,"Board Of Ed. Bldg.","PM 2.5","Buncombe",35.6062000008935,-82.5844
"245",7-12-20,27,"Board Of Ed. Bldg.","PM 2.5","Buncombe",35.6062000008935,-82.5844
"246",NA,24,"Board Of Ed. Bldg.","PM 2.5","Buncombe",35.6062000008935,-82.5844
"247",NA,11,"Board Of Ed. Bldg.","PM 2.5","Buncombe",35.6062000008935,-82.5844
"248",NA,25,"Board Of Ed. Bldg.","PM 2.5","Buncombe",35.6062000008935,-82.5844
"249",NA,45,"Board Of Ed. Bldg.","PM 2.5","Buncombe",35.6062000008935,-82.5844
"250",NA,48,"Board Of Ed. Bldg.","PM 2.5","Buncombe",35.6062000008935,-82.5844
"251",NA,23,"Board Of Ed. Bldg.","PM 2.5","Buncombe",35.6062000008935,-82.5844
"252",NA,29,"Board Of Ed. Bldg.","PM 2.5","Buncombe",35.6062000008935,-82.5844
"253",NA,27,"Board Of Ed. Bldg.","PM 2.5","Buncombe",35.6062000008935,-82.5844
"254",NA,34,"Board Of Ed. Bldg.","PM 2.5","Buncombe",35.6062000008935,-82.5844
"255",NA,23,"Board Of Ed. Bldg.","PM 2.5","Buncombe",35.6062000008935,-82.5844
"256",NA,15,"Board Of Ed. Bldg.","PM 2.5","Buncombe",35.6062000008935,-82.5844
"257",NA,26,"Board Of Ed. Bldg.","PM 2.5","Buncombe",35.6062000008935,-82.5844
"258",NA,27,"Board Of Ed. Bldg.","PM 2.5","Buncombe",35.6062000008935,-82.5844
"259",NA,37,"Board Of Ed. Bldg.","PM 2.5","Buncombe",35.6062000008935,-82.5844
"260",NA,51,"Board Of Ed. Bldg.","PM 2.5","Buncombe",35.6062000008935,-82.5844
"261",NA,44,"Board Of Ed. Bldg.","PM 2.5","Buncombe",35.6062000008935,-82.5844
"262",NA,43,"Board Of Ed. Bldg.","PM 2.5","Buncombe",35.6062000008935,-82.5844
"263",NA,46,"Board Of Ed. Bldg.","PM 2.5","Buncombe",35.6062000008935,-82.5844
"264",NA,48,"Board Of Ed. Bldg.","PM 2.5","Buncombe",35.6062000008935,-82.5844
"265",8-01-20,43,"Board Of Ed. Bldg.","PM 2.5","Buncombe",35.6062000008935,-82.5844
"266",8-02-20,32,"Board Of Ed. Bldg.","PM 2.5","Buncombe",35.6062000008935,-82.5844
"267",8-03-20,34,"Board Of Ed. Bldg.","PM 2.5","Buncombe",35.6062000008935,-82.5844
"268",8-04-20,25,"Board Of Ed. Bldg.","PM 2.5","Buncombe",35.6062000008935,-82.5844
"269",8-05-20,26,"Board Of Ed. Bldg.","PM 2.5","Buncombe",35.6062000008935,-82.5844
"270",8-06-20,36,"Board Of Ed. Bldg.","PM 2.5","Buncombe",35.6062000008935,-82.5844
"271",8-07-20,33,"Board Of Ed. Bldg.","PM 2.5","Buncombe",35.6062000008935,-82.5844
"272",8-08-20,33,"Board Of Ed. Bldg.","PM 2.5","Buncombe",35.6062000008935,-82.5844
"273",8-09-20,38,"Board Of Ed. Bldg.","PM 2.5","Buncombe",35.6062000008935,-82.5844
"274",8-10-20,45,"Board Of Ed. Bldg.","PM 2.5","Buncombe",35.6062000008935,-82.5844
"275",8-11-20,37,"Board Of Ed. Bldg.","PM 2.5","Buncombe",35.6062000008935,-82.5844
"276",8-12-20,43,"Board Of Ed. Bldg.","PM 2.5","Buncombe",35.6062000008935,-82.5844
"277",NA,47,"Board Of Ed. Bldg.","PM 2.5","Buncombe",35.6062000008935,-82.5844
"278",NA,19,"Board Of Ed. Bldg.","PM 2.5","Buncombe",35.6062000008935,-82.5844
"279",NA,22,"Board Of Ed. Bldg.","PM 2.5","Buncombe",35.6062000008935,-82.5844
"280",NA,36,"Board Of Ed. Bldg.","PM 2.5","Buncombe",35.6062000008935,-82.5844
"281",NA,32,"Board Of Ed. Bldg.","PM 2.5","Buncombe",35.6062000008935,-82.5844
"282",NA,32,"Board Of Ed. Bldg.","PM 2.5","Buncombe",35.6062000008935,-82.5844
"283",NA,33,"Board Of Ed. Bldg.","PM 2.5","Buncombe",35.6062000008935,-82.5844
"284",NA,26,"Board Of Ed. Bldg.","PM 2.5","Buncombe",35.6062000008935,-82.5844
"285",NA,21,"Board Of Ed. Bldg.","PM 2.5","Buncombe",35.6062000008935,-82.5844
"286",NA,26,"Board Of Ed. Bldg.","PM 2.5","Buncombe",35.6062000008935,-82.5844
"287",NA,15,"Board Of Ed. Bldg.","PM 2.5","Buncombe",35.6062000008935,-82.5844
"288",NA,13,"Board Of Ed. Bldg.","PM 2.5","Buncombe",35.6062000008935,-82.5844
"289",NA,15,"Board Of Ed. Bldg.","PM 2.5","Buncombe",35.6062000008935,-82.5844
"290",NA,21,"Board Of Ed. Bldg.","PM 2.5","Buncombe",35.6062000008935,-82.5844
"291",NA,15,"Board Of Ed. Bldg.","PM 2.5","Buncombe",35.6062000008935,-82.5844
"292",NA,13,"Board Of Ed. Bldg.","PM 2.5","Buncombe",35.6062000008935,-82.5844
"293",NA,15,"Board Of Ed. Bldg.","PM 2.5","Buncombe",35.6062000008935,-82.5844
"294",NA,20,"Board Of Ed. Bldg.","PM 2.5","Buncombe",35.6062000008935,-82.5844
"295",NA,32,"Board Of Ed. Bldg.","PM 2.5","Buncombe",35.6062000008935,-82.5844
"296",9-01-20,38,"Board Of Ed. Bldg.","PM 2.5","Buncombe",35.6062000008935,-82.5844
"297",9-02-20,32,"Board Of Ed. Bldg.","PM 2.5","Buncombe",35.6062000008935,-82.5844
"298",9-03-20,33,"Board Of Ed. Bldg.","PM 2.5","Buncombe",35.6062000008935,-82.5844
"299",9-04-20,30,"Board Of Ed. Bldg.","PM 2.5","Buncombe",35.6062000008935,-82.5844
"300",9-05-20,35,"Board Of Ed. Bldg.","PM 2.5","Buncombe",35.6062000008935,-82.5844
"301",9-06-20,25,"Board Of Ed. Bldg.","PM 2.5","Buncombe",35.6062000008935,-82.5844
"302",9-07-20,30,"Board Of Ed. Bldg.","PM 2.5","Buncombe",35.6062000008935,-82.5844
"303",9-08-20,29,"Board Of Ed. Bldg.","PM 2.5","Buncombe",35.6062000008935,-82.5844
"304",9-09-20,20,"Board Of Ed. Bldg.","PM 2.5","Buncombe",35.6062000008935,-82.5844
"305",9-10-20,45,"Board Of Ed. Bldg.","PM 2.5","Buncombe",35.6062000008935,-82.5844
"306",9-11-20,50,"Board Of Ed. Bldg.","PM 2.5","Buncombe",35.6062000008935,-82.5844
"307",9-12-20,39,"Board Of Ed. Bldg.","PM 2.5","Buncombe",35.6062000008935,-82.5844
"308",NA,39,"Board Of Ed. Bldg.","PM 2.5","Buncombe",35.6062000008935,-82.5844
"309",NA,43,"Board Of Ed. Bldg.","PM 2.5","Buncombe",35.6062000008935,-82.5844
"310",NA,23,"Board Of Ed. Bldg.","PM 2.5","Buncombe",35.6062000008935,-82.5844
"311",NA,18,"Board Of Ed. Bldg.","PM 2.5","Buncombe",35.6062000008935,-82.5844
"312",NA,38,"Board Of Ed. Bldg.","PM 2.5","Buncombe",35.6062000008935,-82.5844
"313",NA,34,"Board Of Ed. Bldg.","PM 2.5","Buncombe",35.6062000008935,-82.5844
"314",NA,20,"Board Of Ed. Bldg.","PM 2.5","Buncombe",35.6062000008935,-82.5844
"315",NA,33,"Board Of Ed. Bldg.","PM 2.5","Buncombe",35.6062000008935,-82.5844
"316",NA,33,"Board Of Ed. Bldg.","PM 2.5","Buncombe",35.6062000008935,-82.5844
"317",NA,36,"Board Of Ed. Bldg.","PM 2.5","Buncombe",35.6062000008935,-82.5844
"318",NA,28,"Board Of Ed. Bldg.","PM 2.5","Buncombe",35.6062000008935,-82.5844
"319",NA,20,"Board Of Ed. Bldg.","PM 2.5","Buncombe",35.6062000008935,-82.5844
"320",NA,21,"Board Of Ed. Bldg.","PM 2.5","Buncombe",35.6062000008935,-82.5844
"321",NA,27,"Board Of Ed. Bldg.","PM 2.5","Buncombe",35.6062000008935,-82.5844
"322",NA,27,"Board Of Ed. Bldg.","PM 2.5","Buncombe",35.6062000008935,-82.5844
"323",NA,32,"Board Of Ed. Bldg.","PM 2.5","Buncombe",35.6062000008935,-82.5844
"324",NA,35,"Board Of Ed. Bldg.","PM 2.5","Buncombe",35.6062000008935,-82.5844
"325",NA,38,"Board Of Ed. Bldg.","PM 2.5","Buncombe",35.6062000008935,-82.5844
"326",10-01-20,51,"Board Of Ed. Bldg.","PM 2.5","Buncombe",35.6062000008935,-82.5844
"327",10-02-20,42,"Board Of Ed. Bldg.","PM 2.5","Buncombe",35.6062000008935,-82.5844
"328",10-03-20,40,"Board Of Ed. Bldg.","PM 2.5","Buncombe",35.6062000008935,-82.5844
"329",10-04-20,30,"Board Of Ed. Bldg.","PM 2.5","Buncombe",35.6062000008935,-82.5844
"330",10-05-20,20,"Board Of Ed. Bldg.","PM 2.5","Buncombe",35.6062000008935,-82.5844
"331",10-06-20,8,"Board Of Ed. Bldg.","PM 2.5","Buncombe",35.6062000008935,-82.5844
"332",10-07-20,14,"Board Of Ed. Bldg.","PM 2.5","Buncombe",35.6062000008935,-82.5844
"333",10-08-20,2,"Board Of Ed. Bldg.","PM 2.5","Buncombe",35.6062000008935,-82.5844
"334",10-09-20,5,"Board Of Ed. Bldg.","PM 2.5","Buncombe",35.6062000008935,-82.5844
"335",10-10-20,19,"Board Of Ed. Bldg.","PM 2.5","Buncombe",35.6062000008935,-82.5844
"336",10-11-20,0,"Board Of Ed. Bldg.","PM 2.5","Buncombe",35.6062000008935,-82.5844
"337",10-12-20,9,"Board Of Ed. Bldg.","PM 2.5","Buncombe",35.6062000008935,-82.5844
"338",NA,11,"Board Of Ed. Bldg.","PM 2.5","Buncombe",35.6062000008935,-82.5844
"339",NA,8,"Board Of Ed. Bldg.","PM 2.5","Buncombe",35.6062000008935,-82.5844
"340",NA,18,"Board Of Ed. Bldg.","PM 2.5","Buncombe",35.6062000008935,-82.5844
"341",NA,13,"Board Of Ed. Bldg.","PM 2.5","Buncombe",35.6062000008935,-82.5844
"342",NA,5,"Board Of Ed. Bldg.","PM 2.5","Buncombe",35.6062000008935,-82.5844
"343",NA,9,"Board Of Ed. Bldg.","PM 2.5","Buncombe",35.6062000008935,-82.5844
"344",NA,15,"Board Of Ed. Bldg.","PM 2.5","Buncombe",35.6062000008935,-82.5844
"345",NA,0,"Board Of Ed. Bldg.","PM 2.5","Buncombe",35.6062000008935,-82.5844
"346",NA,15,"Board Of Ed. Bldg.","PM 2.5","Buncombe",35.6062000008935,-82.5844
"347",NA,8,"Board Of Ed. Bldg.","PM 2.5","Buncombe",35.6062000008935,-82.5844
"348",NA,7,"Board Of Ed. Bldg.","PM 2.5","Buncombe",35.6062000008935,-82.5844
"349",NA,21,"Board Of Ed. Bldg.","PM 2.5","Buncombe",35.6062000008935,-82.5844
"350",NA,35,"Board Of Ed. Bldg.","PM 2.5","Buncombe",35.6062000008935,-82.5844
"351",NA,14,"Board Of Ed. Bldg.","PM 2.5","Buncombe",35.6062000008935,-82.5844
"352",NA,1,"Board Of Ed. Bldg.","PM 2.5","Buncombe",35.6062000008935,-82.5844
"353",NA,10,"Board Of Ed. Bldg.","PM 2.5","Buncombe",35.6062000008935,-82.5844
"354",NA,34,"Board Of Ed. Bldg.","PM 2.5","Buncombe",35.6062000008935,-82.5844
"355",NA,11,"Board Of Ed. Bldg.","PM 2.5","Buncombe",35.6062000008935,-82.5844
"356",NA,0,"Board Of Ed. Bldg.","PM 2.5","Buncombe",35.6062000008935,-82.5844
"357",11-01-20,7,"Board Of Ed. Bldg.","PM 2.5","Buncombe",35.6062000008935,-82.5844
"358",11-02-20,19,"Board Of Ed. Bldg.","PM 2.5","Buncombe",35.6062000008935,-82.5844
"359",11-03-20,14,"Board Of Ed. Bldg.","PM 2.5","Buncombe",35.6062000008935,-82.5844
"360",11-04-20,25,"Board Of Ed. Bldg.","PM 2.5","Buncombe",35.6062000008935,-82.5844
"361",11-05-20,35,"Board Of Ed. Bldg.","PM 2.5","Buncombe",35.6062000008935,-82.5844
"362",11-06-20,29,"Board Of Ed. Bldg.","PM 2.5","Buncombe",35.6062000008935,-82.5844
"363",11-07-20,25,"Board Of Ed. Bldg.","PM 2.5","Buncombe",35.6062000008935,-82.5844
"364",11-08-20,8,"Board Of Ed. Bldg.","PM 2.5","Buncombe",35.6062000008935,-82.5844
"365",11-09-20,28,"Board Of Ed. Bldg.","PM 2.5","Buncombe",35.6062000008935,-82.5844
"366",11-10-20,45,"Board Of Ed. Bldg.","PM 2.5","Buncombe",35.6062000008935,-82.5844
"367",11-11-20,44,"Board Of Ed. Bldg.","PM 2.5","Buncombe",35.6062000008935,-82.5844
"368",11-12-20,3,"Board Of Ed. Bldg.","PM 2.5","Buncombe",35.6062000008935,-82.5844
"369",NA,11,"Board Of Ed. Bldg.","PM 2.5","Buncombe",35.6062000008935,-82.5844
"370",NA,29,"Board Of Ed. Bldg.","PM 2.5","Buncombe",35.6062000008935,-82.5844
"371",NA,22,"Board Of Ed. Bldg.","PM 2.5","Buncombe",35.6062000008935,-82.5844
"372",NA,21,"Board Of Ed. Bldg.","PM 2.5","Buncombe",35.6062000008935,-82.5844
"373",NA,17,"Board Of Ed. Bldg.","PM 2.5","Buncombe",35.6062000008935,-82.5844
"374",NA,22,"Board Of Ed. Bldg.","PM 2.5","Buncombe",35.6062000008935,-82.5844
"375",NA,33,"Board Of Ed. Bldg.","PM 2.5","Buncombe",35.6062000008935,-82.5844
"376",NA,15,"Board Of Ed. Bldg.","PM 2.5","Buncombe",35.6062000008935,-82.5844
"377",NA,29,"Board Of Ed. Bldg.","PM 2.5","Buncombe",35.6062000008935,-82.5844
"378",NA,35,"Board Of Ed. Bldg.","PM 2.5","Buncombe",35.6062000008935,-82.5844
"379",NA,13,"Board Of Ed. Bldg.","PM 2.5","Buncombe",35.6062000008935,-82.5844
"380",NA,0,"Board Of Ed. Bldg.","PM 2.5","Buncombe",35.6062000008935,-82.5844
"381",NA,10,"Board Of Ed. Bldg.","PM 2.5","Buncombe",35.6062000008935,-82.5844
"382",NA,38,"Board Of Ed. Bldg.","PM 2.5","Buncombe",35.6062000008935,-82.5844
"383",NA,15,"Board Of Ed. Bldg.","PM 2.5","Buncombe",35.6062000008935,-82.5844
"384",NA,3,"Board Of Ed. Bldg.","PM 2.5","Buncombe",35.6062000008935,-82.5844
"385",NA,5,"Board Of Ed. Bldg.","PM 2.5","Buncombe",35.6062000008935,-82.5844
"386",NA,26,"Board Of Ed. Bldg.","PM 2.5","Buncombe",35.6062000008935,-82.5844
"387",12-01-20,10,"Board Of Ed. Bldg.","PM 2.5","Buncombe",35.6062000008935,-82.5844
"388",12-02-20,0,"Board Of Ed. Bldg.","PM 2.5","Buncombe",35.6062000008935,-82.5844
"389",12-03-20,0,"Board Of Ed. Bldg.","PM 2.5","Buncombe",35.6062000008935,-82.5844
"390",12-04-20,6,"Board Of Ed. Bldg.","PM 2.5","Buncombe",35.6062000008935,-82.5844
"391",12-05-20,6,"Board Of Ed. Bldg.","PM 2.5","Buncombe",35.6062000008935,-82.5844
"392",12-06-20,38,"Board Of Ed. Bldg.","PM 2.5","Buncombe",35.6062000008935,-82.5844
"393",12-07-20,44,"Board Of Ed. Bldg.","PM 2.5","Buncombe",35.6062000008935,-82.5844
"394",12-08-20,27,"Board Of Ed. Bldg.","PM 2.5","Buncombe",35.6062000008935,-82.5844
"395",12-09-20,8,"Board Of Ed. Bldg.","PM 2.5","Buncombe",35.6062000008935,-82.5844
"396",12-10-20,6,"Board Of Ed. Bldg.","PM 2.5","Buncombe",35.6062000008935,-82.5844
"397",12-11-20,0,"Board Of Ed. Bldg.","PM 2.5","Buncombe",35.6062000008935,-82.5844
"398",12-12-20,20,"Board Of Ed. Bldg.","PM 2.5","Buncombe",35.6062000008935,-82.5844
"399",NA,10,"Board Of Ed. Bldg.","PM 2.5","Buncombe",35.6062000008935,-82.5844
"400",NA,1,"Board Of Ed. Bldg.","PM 2.5","Buncombe",35.6062000008935,-82.5844
"401",NA,18,"Board Of Ed. Bldg.","PM 2.5","Buncombe",35.6062000008935,-82.5844
"402",NA,28,"Board Of Ed. Bldg.","PM 2.5","Buncombe",35.6062000008935,-82.5844
"403",NA,2,"Board Of Ed. Bldg.","PM 2.5","Buncombe",35.6062000008935,-82.5844
"404",NA,5,"Board Of Ed. Bldg.","PM 2.5","Buncombe",35.6062000008935,-82.5844
"405",NA,16,"Board Of Ed. Bldg.","PM 2.5","Buncombe",35.6062000008935,-82.5844
"406",NA,46,"Board Of Ed. Bldg.","PM 2.5","Buncombe",35.6062000008935,-82.5844
"407",NA,31,"Board Of Ed. Bldg.","PM 2.5","Buncombe",35.6062000008935,-82.5844
"408",NA,56,"Board Of Ed. Bldg.","PM 2.5","Buncombe",35.6062000008935,-82.5844
"409",NA,0,"Board Of Ed. Bldg.","PM 2.5","Buncombe",35.6062000008935,-82.5844
"410",NA,9,"Board Of Ed. Bldg.","PM 2.5","Buncombe",35.6062000008935,-82.5844
"411",NA,14,"Board Of Ed. Bldg.","PM 2.5","Buncombe",35.6062000008935,-82.5844
"412",NA,5,"Board Of Ed. Bldg.","PM 2.5","Buncombe",35.6062000008935,-82.5844
"413",NA,2,"Board Of Ed. Bldg.","PM 2.5","Buncombe",35.6062000008935,-82.5844
"414",NA,0,"Board Of Ed. Bldg.","PM 2.5","Buncombe",35.6062000008935,-82.5844
"415",1-03-20,26,"Hickory Water Tower","PM 2.5","Catawba",35.728889,-81.365556
"416",1-09-20,9,"Hickory Water Tower","PM 2.5","Catawba",35.728889,-81.365556
"417",NA,20,"Hickory Water Tower","PM 2.5","Catawba",35.728889,-81.365556
"418",NA,17,"Hickory Water Tower","PM 2.5","Catawba",35.728889,-81.365556
"419",NA,45,"Hickory Water Tower","PM 2.5","Catawba",35.728889,-81.365556
"420",2-02-20,52,"Hickory Water Tower","PM 2.5","Catawba",35.728889,-81.365556
"421",2-08-20,19,"Hickory Water Tower","PM 2.5","Catawba",35.728889,-81.365556
"422",NA,14,"Hickory Water Tower","PM 2.5","Catawba",35.728889,-81.365556
"423",NA,10,"Hickory Water Tower","PM 2.5","Catawba",35.728889,-81.365556
"424",NA,29,"Hickory Water Tower","PM 2.5","Catawba",35.728889,-81.365556
"425",3-04-20,17,"Hickory Water Tower","PM 2.5","Catawba",35.728889,-81.365556
"426",3-10-20,23,"Hickory Water Tower","PM 2.5","Catawba",35.728889,-81.365556
"427",NA,14,"Hickory Water Tower","PM 2.5","Catawba",35.728889,-81.365556
"428",NA,16,"Hickory Water Tower","PM 2.5","Catawba",35.728889,-81.365556
"429",4-09-20,22,"Hickory Water Tower","PM 2.5","Catawba",35.728889,-81.365556
"430",NA,10,"Hickory Water Tower","PM 2.5","Catawba",35.728889,-81.365556
"431",NA,9,"Hickory Water Tower","PM 2.5","Catawba",35.728889,-81.365556
"432",NA,23,"Hickory Water Tower","PM 2.5","Catawba",35.728889,-81.365556
"433",5-03-20,28,"Hickory Water Tower","PM 2.5","Catawba",35.728889,-81.365556
"434",NA,35,"Hickory Water Tower","PM 2.5","Catawba",35.728889,-81.365556
"435",NA,39,"Hickory Water Tower","PM 2.5","Catawba",35.728889,-81.365556
"436",6-02-20,53,"Hickory Water Tower","PM 2.5","Catawba",35.728889,-81.365556
"437",6-08-20,18,"Hickory Water Tower","PM 2.5","Catawba",35.728889,-81.365556
"438",NA,21,"Hickory Water Tower","PM 2.5","Catawba",35.728889,-81.365556
"439",NA,37,"Hickory Water Tower","PM 2.5","Catawba",35.728889,-81.365556
"440",NA,49,"Hickory Water Tower","PM 2.5","Catawba",35.728889,-81.365556
"441",NA,14,"Hickory Water Tower","PM 2.5","Catawba",35.728889,-81.365556
"442",NA,25,"Hickory Water Tower","PM 2.5","Catawba",35.728889,-81.365556
"443",NA,38,"Hickory Water Tower","PM 2.5","Catawba",35.728889,-81.365556
"444",NA,44,"Hickory Water Tower","PM 2.5","Catawba",35.728889,-81.365556
"445",NA,45,"Hickory Water Tower","PM 2.5","Catawba",35.728889,-81.365556
"446",NA,48,"Hickory Water Tower","PM 2.5","Catawba",35.728889,-81.365556
"447",7-01-20,42,"Hickory Water Tower","PM 2.5","Catawba",35.728889,-81.365556
"448",7-02-20,41,"Hickory Water Tower","PM 2.5","Catawba",35.728889,-81.365556
"449",7-03-20,33,"Hickory Water Tower","PM 2.5","Catawba",35.728889,-81.365556
"450",7-04-20,35,"Hickory Water Tower","PM 2.5","Catawba",35.728889,-81.365556
"451",7-05-20,60,"Hickory Water Tower","PM 2.5","Catawba",35.728889,-81.365556
"452",7-06-20,38,"Hickory Water Tower","PM 2.5","Catawba",35.728889,-81.365556
"453",7-07-20,44,"Hickory Water Tower","PM 2.5","Catawba",35.728889,-81.365556
"454",7-08-20,31,"Hickory Water Tower","PM 2.5","Catawba",35.728889,-81.365556
"455",7-09-20,38,"Hickory Water Tower","PM 2.5","Catawba",35.728889,-81.365556
"456",7-10-20,46,"Hickory Water Tower","PM 2.5","Catawba",35.728889,-81.365556
"457",7-11-20,29,"Hickory Water Tower","PM 2.5","Catawba",35.728889,-81.365556
"458",7-12-20,22,"Hickory Water Tower","PM 2.5","Catawba",35.728889,-81.365556
"459",NA,32,"Hickory Water Tower","PM 2.5","Catawba",35.728889,-81.365556
"460",NA,28,"Hickory Water Tower","PM 2.5","Catawba",35.728889,-81.365556
"461",NA,41,"Hickory Water Tower","PM 2.5","Catawba",35.728889,-81.365556
"462",NA,46,"Hickory Water Tower","PM 2.5","Catawba",35.728889,-81.365556
"463",NA,45,"Hickory Water Tower","PM 2.5","Catawba",35.728889,-81.365556
"464",NA,19,"Hickory Water Tower","PM 2.5","Catawba",35.728889,-81.365556
"465",NA,30,"Hickory Water Tower","PM 2.5","Catawba",35.728889,-81.365556
"466",NA,23,"Hickory Water Tower","PM 2.5","Catawba",35.728889,-81.365556
"467",NA,29,"Hickory Water Tower","PM 2.5","Catawba",35.728889,-81.365556
"468",NA,23,"Hickory Water Tower","PM 2.5","Catawba",35.728889,-81.365556
"469",NA,18,"Hickory Water Tower","PM 2.5","Catawba",35.728889,-81.365556
"470",NA,27,"Hickory Water Tower","PM 2.5","Catawba",35.728889,-81.365556
"471",NA,31,"Hickory Water Tower","PM 2.5","Catawba",35.728889,-81.365556
"472",NA,38,"Hickory Water Tower","PM 2.5","Catawba",35.728889,-81.365556
"473",NA,44,"Hickory Water Tower","PM 2.5","Catawba",35.728889,-81.365556
"474",NA,44,"Hickory Water Tower","PM 2.5","Catawba",35.728889,-81.365556
"475",NA,48,"Hickory Water Tower","PM 2.5","Catawba",35.728889,-81.365556
"476",NA,48,"Hickory Water Tower","PM 2.5","Catawba",35.728889,-81.365556
"477",NA,48,"Hickory Water Tower","PM 2.5","Catawba",35.728889,-81.365556
"478",8-01-20,38,"Hickory Water Tower","PM 2.5","Catawba",35.728889,-81.365556
"479",8-02-20,40,"Hickory Water Tower","PM 2.5","Catawba",35.728889,-81.365556
"480",8-03-20,26,"Hickory Water Tower","PM 2.5","Catawba",35.728889,-81.365556
"481",8-04-20,27,"Hickory Water Tower","PM 2.5","Catawba",35.728889,-81.365556
"482",8-05-20,35,"Hickory Water Tower","PM 2.5","Catawba",35.728889,-81.365556
"483",8-06-20,39,"Hickory Water Tower","PM 2.5","Catawba",35.728889,-81.365556
"484",8-07-20,28,"Hickory Water Tower","PM 2.5","Catawba",35.728889,-81.365556
"485",8-08-20,23,"Hickory Water Tower","PM 2.5","Catawba",35.728889,-81.365556
"486",8-09-20,31,"Hickory Water Tower","PM 2.5","Catawba",35.728889,-81.365556
"487",8-10-20,35,"Hickory Water Tower","PM 2.5","Catawba",35.728889,-81.365556
"488",8-11-20,38,"Hickory Water Tower","PM 2.5","Catawba",35.728889,-81.365556
"489",8-12-20,53,"Hickory Water Tower","PM 2.5","Catawba",35.728889,-81.365556
"490",NA,53,"Hickory Water Tower","PM 2.5","Catawba",35.728889,-81.365556
"491",NA,23,"Hickory Water Tower","PM 2.5","Catawba",35.728889,-81.365556
"492",NA,28,"Hickory Water Tower","PM 2.5","Catawba",35.728889,-81.365556
"493",NA,40,"Hickory Water Tower","PM 2.5","Catawba",35.728889,-81.365556
"494",NA,40,"Hickory Water Tower","PM 2.5","Catawba",35.728889,-81.365556
"495",NA,34,"Hickory Water Tower","PM 2.5","Catawba",35.728889,-81.365556
"496",NA,40,"Hickory Water Tower","PM 2.5","Catawba",35.728889,-81.365556
"497",NA,30,"Hickory Water Tower","PM 2.5","Catawba",35.728889,-81.365556
"498",NA,25,"Hickory Water Tower","PM 2.5","Catawba",35.728889,-81.365556
"499",NA,32,"Hickory Water Tower","PM 2.5","Catawba",35.728889,-81.365556
"500",NA,20,"Hickory Water Tower","PM 2.5","Catawba",35.728889,-81.365556
"501",NA,25,"Hickory Water Tower","PM 2.5","Catawba",35.728889,-81.365556
"502",NA,24,"Hickory Water Tower","PM 2.5","Catawba",35.728889,-81.365556
"503",NA,25,"Hickory Water Tower","PM 2.5","Catawba",35.728889,-81.365556
"504",NA,24,"Hickory Water Tower","PM 2.5","Catawba",35.728889,-81.365556
"505",NA,18,"Hickory Water Tower","PM 2.5","Catawba",35.728889,-81.365556
"506",NA,18,"Hickory Water Tower","PM 2.5","Catawba",35.728889,-81.365556
"507",NA,38,"Hickory Water Tower","PM 2.5","Catawba",35.728889,-81.365556
"508",NA,38,"Hickory Water Tower","PM 2.5","Catawba",35.728889,-81.365556
"509",9-01-20,45,"Hickory Water Tower","PM 2.5","Catawba",35.728889,-81.365556
"510",9-02-20,36,"Hickory Water Tower","PM 2.5","Catawba",35.728889,-81.365556
"511",9-03-20,41,"Hickory Water Tower","PM 2.5","Catawba",35.728889,-81.365556
"512",9-04-20,48,"Hickory Water Tower","PM 2.5","Catawba",35.728889,-81.365556
"513",9-05-20,29,"Hickory Water Tower","PM 2.5","Catawba",35.728889,-81.365556
"514",9-06-20,30,"Hickory Water Tower","PM 2.5","Catawba",35.728889,-81.365556
"515",9-07-20,30,"Hickory Water Tower","PM 2.5","Catawba",35.728889,-81.365556
"516",9-08-20,35,"Hickory Water Tower","PM 2.5","Catawba",35.728889,-81.365556
"517",9-09-20,42,"Hickory Water Tower","PM 2.5","Catawba",35.728889,-81.365556
"518",9-10-20,71,"Hickory Water Tower","PM 2.5","Catawba",35.728889,-81.365556
"519",9-11-20,62,"Hickory Water Tower","PM 2.5","Catawba",35.728889,-81.365556
"520",9-12-20,53,"Hickory Water Tower","PM 2.5","Catawba",35.728889,-81.365556
"521",NA,54,"Hickory Water Tower","PM 2.5","Catawba",35.728889,-81.365556
"522",NA,32,"Hickory Water Tower","PM 2.5","Catawba",35.728889,-81.365556
"523",NA,35,"Hickory Water Tower","PM 2.5","Catawba",35.728889,-81.365556
"524",NA,22,"Hickory Water Tower","PM 2.5","Catawba",35.728889,-81.365556
"525",NA,40,"Hickory Water Tower","PM 2.5","Catawba",35.728889,-81.365556
"526",NA,28,"Hickory Water Tower","PM 2.5","Catawba",35.728889,-81.365556
"527",NA,25,"Hickory Water Tower","PM 2.5","Catawba",35.728889,-81.365556
"528",NA,27,"Hickory Water Tower","PM 2.5","Catawba",35.728889,-81.365556
"529",NA,38,"Hickory Water Tower","PM 2.5","Catawba",35.728889,-81.365556
"530",NA,40,"Hickory Water Tower","PM 2.5","Catawba",35.728889,-81.365556
"531",NA,31,"Hickory Water Tower","PM 2.5","Catawba",35.728889,-81.365556
"532",NA,27,"Hickory Water Tower","PM 2.5","Catawba",35.728889,-81.365556
"533",NA,28,"Hickory Water Tower","PM 2.5","Catawba",35.728889,-81.365556
"534",NA,29,"Hickory Water Tower","PM 2.5","Catawba",35.728889,-81.365556
"535",NA,41,"Hickory Water Tower","PM 2.5","Catawba",35.728889,-81.365556
"536",NA,49,"Hickory Water Tower","PM 2.5","Catawba",35.728889,-81.365556
"537",NA,42,"Hickory Water Tower","PM 2.5","Catawba",35.728889,-81.365556
"538",NA,56,"Hickory Water Tower","PM 2.5","Catawba",35.728889,-81.365556
"539",10-01-20,59,"Hickory Water Tower","PM 2.5","Catawba",35.728889,-81.365556
"540",10-02-20,53,"Hickory Water Tower","PM 2.5","Catawba",35.728889,-81.365556
"541",10-03-20,38,"Hickory Water Tower","PM 2.5","Catawba",35.728889,-81.365556
"542",10-04-20,33,"Hickory Water Tower","PM 2.5","Catawba",35.728889,-81.365556
"543",10-05-20,15,"Hickory Water Tower","PM 2.5","Catawba",35.728889,-81.365556
"544",10-06-20,22,"Hickory Water Tower","PM 2.5","Catawba",35.728889,-81.365556
"545",10-07-20,23,"Hickory Water Tower","PM 2.5","Catawba",35.728889,-81.365556
"546",10-08-20,14,"Hickory Water Tower","PM 2.5","Catawba",35.728889,-81.365556
"547",10-09-20,17,"Hickory Water Tower","PM 2.5","Catawba",35.728889,-81.365556
"548",10-10-20,20,"Hickory Water Tower","PM 2.5","Catawba",35.728889,-81.365556
"549",10-11-20,21,"Hickory Water Tower","PM 2.5","Catawba",35.728889,-81.365556
"550",10-12-20,24,"Hickory Water Tower","PM 2.5","Catawba",35.728889,-81.365556
"551",NA,13,"Hickory Water Tower","PM 2.5","Catawba",35.728889,-81.365556
"552",NA,15,"Hickory Water Tower","PM 2.5","Catawba",35.728889,-81.365556
"553",NA,22,"Hickory Water Tower","PM 2.5","Catawba",35.728889,-81.365556
"554",NA,18,"Hickory Water Tower","PM 2.5","Catawba",35.728889,-81.365556
"555",NA,9,"Hickory Water Tower","PM 2.5","Catawba",35.728889,-81.365556
"556",NA,14,"Hickory Water Tower","PM 2.5","Catawba",35.728889,-81.365556
"557",NA,33,"Hickory Water Tower","PM 2.5","Catawba",35.728889,-81.365556
"558",NA,8,"Hickory Water Tower","PM 2.5","Catawba",35.728889,-81.365556
"559",NA,22,"Hickory Water Tower","PM 2.5","Catawba",35.728889,-81.365556
"560",NA,18,"Hickory Water Tower","PM 2.5","Catawba",35.728889,-81.365556
"561",NA,10,"Hickory Water Tower","PM 2.5","Catawba",35.728889,-81.365556
"562",NA,23,"Hickory Water Tower","PM 2.5","Catawba",35.728889,-81.365556
"563",NA,32,"Hickory Water Tower","PM 2.5","Catawba",35.728889,-81.365556
"564",NA,26,"Hickory Water Tower","PM 2.5","Catawba",35.728889,-81.365556
"565",NA,4,"Hickory Water Tower","PM 2.5","Catawba",35.728889,-81.365556
"566",NA,21,"Hickory Water Tower","PM 2.5","Catawba",35.728889,-81.365556
"567",NA,52,"Hickory Water Tower","PM 2.5","Catawba",35.728889,-81.365556
"568",NA,33,"Hickory Water Tower","PM 2.5","Catawba",35.728889,-81.365556
"569",NA,11,"Hickory Water Tower","PM 2.5","Catawba",35.728889,-81.365556
"570",1-01-20,17,"Hickory Water Tower","PM 2.5","Catawba",35.728889,-81.365556
"571",1-02-20,25,"Hickory Water Tower","PM 2.5","Catawba",35.728889,-81.365556
"572",1-03-20,24,"Hickory Water Tower","PM 2.5","Catawba",35.728889,-81.365556
"573",1-04-20,20,"Hickory Water Tower","PM 2.5","Catawba",35.728889,-81.365556
"574",1-05-20,18,"Hickory Water Tower","PM 2.5","Catawba",35.728889,-81.365556
"575",1-06-20,16,"Hickory Water Tower","PM 2.5","Catawba",35.728889,-81.365556
"576",1-07-20,35,"Hickory Water Tower","PM 2.5","Catawba",35.728889,-81.365556
"577",1-08-20,41,"Hickory Water Tower","PM 2.5","Catawba",35.728889,-81.365556
"578",1-09-20,7,"Hickory Water Tower","PM 2.5","Catawba",35.728889,-81.365556
"579",1-10-20,18,"Hickory Water Tower","PM 2.5","Catawba",35.728889,-81.365556
"580",1-11-20,33,"Hickory Water Tower","PM 2.5","Catawba",35.728889,-81.365556
"581",1-12-20,53,"Hickory Water Tower","PM 2.5","Catawba",35.728889,-81.365556
"582",NA,19,"Hickory Water Tower","PM 2.5","Catawba",35.728889,-81.365556
"583",NA,20,"Hickory Water Tower","PM 2.5","Catawba",35.728889,-81.365556
"584",NA,20,"Hickory Water Tower","PM 2.5","Catawba",35.728889,-81.365556
"585",NA,35,"Hickory Water Tower","PM 2.5","Catawba",35.728889,-81.365556
"586",NA,47,"Hickory Water Tower","PM 2.5","Catawba",35.728889,-81.365556
"587",NA,60,"Hickory Water Tower","PM 2.5","Catawba",35.728889,-81.365556
"588",NA,55,"Hickory Water Tower","PM 2.5","Catawba",35.728889,-81.365556
"589",NA,5,"Hickory Water Tower","PM 2.5","Catawba",35.728889,-81.365556
"590",NA,13,"Hickory Water Tower","PM 2.5","Catawba",35.728889,-81.365556
"591",NA,38,"Hickory Water Tower","PM 2.5","Catawba",35.728889,-81.365556
"592",NA,56,"Hickory Water Tower","PM 2.5","Catawba",35.728889,-81.365556
"593",NA,9,"Hickory Water Tower","PM 2.5","Catawba",35.728889,-81.365556
"594",NA,23,"Hickory Water Tower","PM 2.5","Catawba",35.728889,-81.365556
"595",NA,44,"Hickory Water Tower","PM 2.5","Catawba",35.728889,-81.365556
"596",NA,43,"Hickory Water Tower","PM 2.5","Catawba",35.728889,-81.365556
"597",NA,51,"Hickory Water Tower","PM 2.5","Catawba",35.728889,-81.365556
"598",NA,26,"Hickory Water Tower","PM 2.5","Catawba",35.728889,-81.365556
"599",NA,11,"Hickory Water Tower","PM 2.5","Catawba",35.728889,-81.365556
"600",NA,28,"Hickory Water Tower","PM 2.5","Catawba",35.728889,-81.365556
"601",2-01-20,59,"Hickory Water Tower","PM 2.5","Catawba",35.728889,-81.365556
"602",2-02-20,54,"Hickory Water Tower","PM 2.5","Catawba",35.728889,-81.365556
"603",2-03-20,59,"Hickory Water Tower","PM 2.5","Catawba",35.728889,-81.365556
"604",2-04-20,52,"Hickory Water Tower","PM 2.5","Catawba",35.728889,-81.365556
"605",2-05-20,39,"Hickory Water Tower","PM 2.5","Catawba",35.728889,-81.365556
"606",2-06-20,49,"Hickory Water Tower","PM 2.5","Catawba",35.728889,-81.365556
"607",2-07-20,27,"Hickory Water Tower","PM 2.5","Catawba",35.728889,-81.365556
"608",2-08-20,15,"Hickory Water Tower","PM 2.5","Catawba",35.728889,-81.365556
"609",2-09-20,18,"Hickory Water Tower","PM 2.5","Catawba",35.728889,-81.365556
"610",2-10-20,44,"Hickory Water Tower","PM 2.5","Catawba",35.728889,-81.365556
"611",2-11-20,43,"Hickory Water Tower","PM 2.5","Catawba",35.728889,-81.365556
"612",2-12-20,10,"Hickory Water Tower","PM 2.5","Catawba",35.728889,-81.365556
"613",NA,3,"Hickory Water Tower","PM 2.5","Catawba",35.728889,-81.365556
"614",NA,15,"Hickory Water Tower","PM 2.5","Catawba",35.728889,-81.365556
"615",NA,39,"Hickory Water Tower","PM 2.5","Catawba",35.728889,-81.365556
"616",NA,20,"Hickory Water Tower","PM 2.5","Catawba",35.728889,-81.365556
"617",NA,29,"Hickory Water Tower","PM 2.5","Catawba",35.728889,-81.365556
"618",NA,17,"Hickory Water Tower","PM 2.5","Catawba",35.728889,-81.365556
"619",NA,25,"Hickory Water Tower","PM 2.5","Catawba",35.728889,-81.365556
"620",NA,10,"Hickory Water Tower","PM 2.5","Catawba",35.728889,-81.365556
"621",NA,28,"Hickory Water Tower","PM 2.5","Catawba",35.728889,-81.365556
"622",NA,11,"Hickory Water Tower","PM 2.5","Catawba",35.728889,-81.365556
"623",NA,3,"Hickory Water Tower","PM 2.5","Catawba",35.728889,-81.365556
"624",NA,7,"Hickory Water Tower","PM 2.5","Catawba",35.728889,-81.365556
"625",NA,7,"Hickory Water Tower","PM 2.5","Catawba",35.728889,-81.365556
"626",NA,33,"Hickory Water Tower","PM 2.5","Catawba",35.728889,-81.365556
"627",NA,57,"Hickory Water Tower","PM 2.5","Catawba",35.728889,-81.365556
"628",NA,54,"Hickory Water Tower","PM 2.5","Catawba",35.728889,-81.365556
"629",3-01-20,13,"Hickory Water Tower","PM 2.5","Catawba",35.728889,-81.365556
"630",3-02-20,19,"Hickory Water Tower","PM 2.5","Catawba",35.728889,-81.365556
"631",3-03-20,25,"Hickory Water Tower","PM 2.5","Catawba",35.728889,-81.365556
"632",3-04-20,10,"Hickory Water Tower","PM 2.5","Catawba",35.728889,-81.365556
"633",3-05-20,14,"Hickory Water Tower","PM 2.5","Catawba",35.728889,-81.365556
"634",3-06-20,15,"Hickory Water Tower","PM 2.5","Catawba",35.728889,-81.365556
"635",3-07-20,27,"Hickory Water Tower","PM 2.5","Catawba",35.728889,-81.365556
"636",3-08-20,55,"Hickory Water Tower","PM 2.5","Catawba",35.728889,-81.365556
"637",3-09-20,57,"Hickory Water Tower","PM 2.5","Catawba",35.728889,-81.365556
"638",3-10-20,22,"Hickory Water Tower","PM 2.5","Catawba",35.728889,-81.365556
"639",3-11-20,11,"Hickory Water Tower","PM 2.5","Catawba",35.728889,-81.365556
"640",3-12-20,20,"Hickory Water Tower","PM 2.5","Catawba",35.728889,-81.365556
"641",NA,41,"Hickory Water Tower","PM 2.5","Catawba",35.728889,-81.365556
"642",NA,46,"Hickory Water Tower","PM 2.5","Catawba",35.728889,-81.365556
"643",NA,28,"Hickory Water Tower","PM 2.5","Catawba",35.728889,-81.365556
"644",NA,8,"Hickory Water Tower","PM 2.5","Catawba",35.728889,-81.365556
"645",NA,27,"Hickory Water Tower","PM 2.5","Catawba",35.728889,-81.365556
"646",NA,0,"Hickory Water Tower","PM 2.5","Catawba",35.728889,-81.365556
"647",NA,0,"Hickory Water Tower","PM 2.5","Catawba",35.728889,-81.365556
"648",NA,0,"Hickory Water Tower","PM 2.5","Catawba",35.728889,-81.365556
"649",NA,4,"Hickory Water Tower","PM 2.5","Catawba",35.728889,-81.365556
"650",NA,15,"Hickory Water Tower","PM 2.5","Catawba",35.728889,-81.365556
"651",NA,52,"Hickory Water Tower","PM 2.5","Catawba",35.728889,-81.365556
"652",NA,61,"Hickory Water Tower","PM 2.5","Catawba",35.728889,-81.365556
"653",NA,47,"Hickory Water Tower","PM 2.5","Catawba",35.728889,-81.365556
"654",NA,37,"Hickory Water Tower","PM 2.5","Catawba",35.728889,-81.365556
"655",NA,38,"Hickory Water Tower","PM 2.5","Catawba",35.728889,-81.365556
"656",NA,52,"Hickory Water Tower","PM 2.5","Catawba",35.728889,-81.365556
"657",NA,58,"Hickory Water Tower","PM 2.5","Catawba",35.728889,-81.365556
"658",NA,18,"Hickory Water Tower","PM 2.5","Catawba",35.728889,-81.365556
"659",4-01-20,23,"Hickory Water Tower","PM 2.5","Catawba",35.728889,-81.365556
"660",4-02-20,35,"Hickory Water Tower","PM 2.5","Catawba",35.728889,-81.365556
"661",4-03-20,43,"Hickory Water Tower","PM 2.5","Catawba",35.728889,-81.365556
"662",4-04-20,48,"Hickory Water Tower","PM 2.5","Catawba",35.728889,-81.365556
"663",4-05-20,30,"Hickory Water Tower","PM 2.5","Catawba",35.728889,-81.365556
"664",4-06-20,33,"Hickory Water Tower","PM 2.5","Catawba",35.728889,-81.365556
"665",4-07-20,44,"Hickory Water Tower","PM 2.5","Catawba",35.728889,-81.365556
"666",4-08-20,36,"Hickory Water Tower","PM 2.5","Catawba",35.728889,-81.365556
"667",4-09-20,22,"Hickory Water Tower","PM 2.5","Catawba",35.728889,-81.365556
"668",4-10-20,29,"Hickory Water Tower","PM 2.5","Catawba",35.728889,-81.365556
"669",4-11-20,38,"Hickory Water Tower","PM 2.5","Catawba",35.728889,-81.365556
"670",4-12-20,28,"Hickory Water Tower","PM 2.5","Catawba",35.728889,-81.365556
"671",NA,33,"Hickory Water Tower","PM 2.5","Catawba",35.728889,-81.365556
"672",NA,32,"Hickory Water Tower","PM 2.5","Catawba",35.728889,-81.365556
"673",NA,6,"Hickory Water Tower","PM 2.5","Catawba",35.728889,-81.365556
"674",NA,22,"Hickory Water Tower","PM 2.5","Catawba",35.728889,-81.365556
"675",NA,45,"Hickory Water Tower","PM 2.5","Catawba",35.728889,-81.365556
"676",NA,41,"Hickory Water Tower","PM 2.5","Catawba",35.728889,-81.365556
"677",NA,27,"Hickory Water Tower","PM 2.5","Catawba",35.728889,-81.365556
"678",NA,4,"Hickory Water Tower","PM 2.5","Catawba",35.728889,-81.365556
"679",NA,12,"Hickory Water Tower","PM 2.5","Catawba",35.728889,-81.365556
"680",NA,23,"Hickory Water Tower","PM 2.5","Catawba",35.728889,-81.365556
"681",NA,33,"Hickory Water Tower","PM 2.5","Catawba",35.728889,-81.365556
"682",NA,34,"Hickory Water Tower","PM 2.5","Catawba",35.728889,-81.365556
"683",NA,55,"Hickory Water Tower","PM 2.5","Catawba",35.728889,-81.365556
"684",NA,28,"Hickory Water Tower","PM 2.5","Catawba",35.728889,-81.365556
"685",NA,27,"Hickory Water Tower","PM 2.5","Catawba",35.728889,-81.365556
"686",NA,40,"Hickory Water Tower","PM 2.5","Catawba",35.728889,-81.365556
"687",NA,40,"Hickory Water Tower","PM 2.5","Catawba",35.728889,-81.365556
"688",NA,57,"Hickory Water Tower","PM 2.5","Catawba",35.728889,-81.365556
"689",5-01-20,49,"Hickory Water Tower","PM 2.5","Catawba",35.728889,-81.365556
"690",5-02-20,38,"Hickory Water Tower","PM 2.5","Catawba",35.728889,-81.365556
"691",5-03-20,33,"Hickory Water Tower","PM 2.5","Catawba",35.728889,-81.365556
"692",5-04-20,31,"Hickory Water Tower","PM 2.5","Catawba",35.728889,-81.365556
"693",5-05-20,14,"Hickory Water Tower","PM 2.5","Catawba",35.728889,-81.365556
"694",5-06-20,22,"Hickory Water Tower","PM 2.5","Catawba",35.728889,-81.365556
"695",5-07-20,34,"Hickory Water Tower","PM 2.5","Catawba",35.728889,-81.365556
"696",5-08-20,36,"Hickory Water Tower","PM 2.5","Catawba",35.728889,-81.365556
"697",5-09-20,28,"Hickory Water Tower","PM 2.5","Catawba",35.728889,-81.365556
"698",5-10-20,29,"Hickory Water Tower","PM 2.5","Catawba",35.728889,-81.365556
"699",5-11-20,27,"Hickory Water Tower","PM 2.5","Catawba",35.728889,-81.365556
"700",5-12-20,18,"Hickory Water Tower","PM 2.5","Catawba",35.728889,-81.365556
"701",NA,12,"Hickory Water Tower","PM 2.5","Catawba",35.728889,-81.365556
"702",NA,18,"Hickory Water Tower","PM 2.5","Catawba",35.728889,-81.365556
"703",NA,28,"Hickory Water Tower","PM 2.5","Catawba",35.728889,-81.365556
"704",NA,38,"Hickory Water Tower","PM 2.5","Catawba",35.728889,-81.365556
"705",NA,44,"Hickory Water Tower","PM 2.5","Catawba",35.728889,-81.365556
"706",NA,53,"Hickory Water Tower","PM 2.5","Catawba",35.728889,-81.365556
"707",NA,54,"Hickory Water Tower","PM 2.5","Catawba",35.728889,-81.365556
"708",NA,38,"Hickory Water Tower","PM 2.5","Catawba",35.728889,-81.365556
"709",NA,35,"Hickory Water Tower","PM 2.5","Catawba",35.728889,-81.365556
"710",NA,55,"Hickory Water Tower","PM 2.5","Catawba",35.728889,-81.365556
"711",NA,59,"Hickory Water Tower","PM 2.5","Catawba",35.728889,-81.365556
"712",NA,51,"Hickory Water Tower","PM 2.5","Catawba",35.728889,-81.365556
"713",NA,54,"Hickory Water Tower","PM 2.5","Catawba",35.728889,-81.365556
"714",NA,52,"Hickory Water Tower","PM 2.5","Catawba",35.728889,-81.365556
"715",NA,42,"Hickory Water Tower","PM 2.5","Catawba",35.728889,-81.365556
"716",NA,51,"Hickory Water Tower","PM 2.5","Catawba",35.728889,-81.365556
"717",NA,48,"Hickory Water Tower","PM 2.5","Catawba",35.728889,-81.365556
"718",NA,52,"Hickory Water Tower","PM 2.5","Catawba",35.728889,-81.365556
"719",NA,34,"Hickory Water Tower","PM 2.5","Catawba",35.728889,-81.365556
"720",6-01-20,26,"Hickory Water Tower","PM 2.5","Catawba",35.728889,-81.365556
"721",6-02-20,54,"Hickory Water Tower","PM 2.5","Catawba",35.728889,-81.365556
"722",6-03-20,56,"Hickory Water Tower","PM 2.5","Catawba",35.728889,-81.365556
"723",6-04-20,42,"Hickory Water Tower","PM 2.5","Catawba",35.728889,-81.365556
"724",6-05-20,59,"Hickory Water Tower","PM 2.5","Catawba",35.728889,-81.365556
"725",6-06-20,55,"Hickory Water Tower","PM 2.5","Catawba",35.728889,-81.365556
"726",6-07-20,33,"Hickory Water Tower","PM 2.5","Catawba",35.728889,-81.365556
"727",6-08-20,21,"Hickory Water Tower","PM 2.5","Catawba",35.728889,-81.365556
"728",6-09-20,19,"Hickory Water Tower","PM 2.5","Catawba",35.728889,-81.365556
"729",6-10-20,22,"Hickory Water Tower","PM 2.5","Catawba",35.728889,-81.365556
"730",6-11-20,18,"Hickory Water Tower","PM 2.5","Catawba",35.728889,-81.365556
"731",6-12-20,25,"Hickory Water Tower","PM 2.5","Catawba",35.728889,-81.365556
"732",NA,22,"Hickory Water Tower","PM 2.5","Catawba",35.728889,-81.365556
"733",NA,22,"Hickory Water Tower","PM 2.5","Catawba",35.728889,-81.365556
"734",NA,39,"Hickory Water Tower","PM 2.5","Catawba",35.728889,-81.365556
"735",NA,50,"Hickory Water Tower","PM 2.5","Catawba",35.728889,-81.365556
"736",NA,48,"Hickory Water Tower","PM 2.5","Catawba",35.728889,-81.365556
"737",NA,27,"Hickory Water Tower","PM 2.5","Catawba",35.728889,-81.365556
"738",NA,27,"Hickory Water Tower","PM 2.5","Catawba",35.728889,-81.365556
"739",NA,25,"Hickory Water Tower","PM 2.5","Catawba",35.728889,-81.365556
"740",NA,19,"Hickory Water Tower","PM 2.5","Catawba",35.728889,-81.365556
"741",NA,27,"Hickory Water Tower","PM 2.5","Catawba",35.728889,-81.365556
"742",NA,38,"Hickory Water Tower","PM 2.5","Catawba",35.728889,-81.365556
"743",NA,51,"Hickory Water Tower","PM 2.5","Catawba",35.728889,-81.365556
"744",NA,20,"Hickory Water Tower","PM 2.5","Catawba",35.728889,-81.365556
"745",NA,32,"Hickory Water Tower","PM 2.5","Catawba",35.728889,-81.365556
"746",NA,42,"Hickory Water Tower","PM 2.5","Catawba",35.728889,-81.365556
"747",NA,51,"Hickory Water Tower","PM 2.5","Catawba",35.728889,-81.365556
"748",NA,50,"Hickory Water Tower","PM 2.5","Catawba",35.728889,-81.365556
"749",NA,50,"Hickory Water Tower","PM 2.5","Catawba",35.728889,-81.365556
"750",7-01-20,45,"Hickory Water Tower","PM 2.5","Catawba",35.728889,-81.365556
"751",7-02-20,49,"Hickory Water Tower","PM 2.5","Catawba",35.728889,-81.365556
"752",7-03-20,34,"Hickory Water Tower","PM 2.5","Catawba",35.728889,-81.365556
"753",7-04-20,41,"Hickory Water Tower","PM 2.5","Catawba",35.728889,-81.365556
"754",7-05-20,62,"Hickory Water Tower","PM 2.5","Catawba",35.728889,-81.365556
"755",7-06-20,43,"Hickory Water Tower","PM 2.5","Catawba",35.728889,-81.365556
"756",7-07-20,42,"Hickory Water Tower","PM 2.5","Catawba",35.728889,-81.365556
"757",7-08-20,36,"Hickory Water Tower","PM 2.5","Catawba",35.728889,-81.365556
"758",7-09-20,43,"Hickory Water Tower","PM 2.5","Catawba",35.728889,-81.365556
"759",7-10-20,48,"Hickory Water Tower","PM 2.5","Catawba",35.728889,-81.365556
"760",7-11-20,38,"Hickory Water Tower","PM 2.5","Catawba",35.728889,-81.365556
"761",7-12-20,30,"Hickory Water Tower","PM 2.5","Catawba",35.728889,-81.365556
"762",NA,38,"Hickory Water Tower","PM 2.5","Catawba",35.728889,-81.365556
"763",NA,31,"Hickory Water Tower","PM 2.5","Catawba",35.728889,-81.365556
"764",NA,45,"Hickory Water Tower","PM 2.5","Catawba",35.728889,-81.365556
"765",NA,48,"Hickory Water Tower","PM 2.5","Catawba",35.728889,-81.365556
"766",NA,46,"Hickory Water Tower","PM 2.5","Catawba",35.728889,-81.365556
"767",NA,28,"Hickory Water Tower","PM 2.5","Catawba",35.728889,-81.365556
"768",NA,33,"Hickory Water Tower","PM 2.5","Catawba",35.728889,-81.365556
"769",NA,31,"Hickory Water Tower","PM 2.5","Catawba",35.728889,-81.365556
"770",NA,34,"Hickory Water Tower","PM 2.5","Catawba",35.728889,-81.365556
"771",NA,26,"Hickory Water Tower","PM 2.5","Catawba",35.728889,-81.365556
"772",NA,20,"Hickory Water Tower","PM 2.5","Catawba",35.728889,-81.365556
"773",NA,33,"Hickory Water Tower","PM 2.5","Catawba",35.728889,-81.365556
"774",NA,34,"Hickory Water Tower","PM 2.5","Catawba",35.728889,-81.365556
"775",NA,44,"Hickory Water Tower","PM 2.5","Catawba",35.728889,-81.365556
"776",NA,49,"Hickory Water Tower","PM 2.5","Catawba",35.728889,-81.365556
"777",NA,52,"Hickory Water Tower","PM 2.5","Catawba",35.728889,-81.365556
"778",NA,45,"Hickory Water Tower","PM 2.5","Catawba",35.728889,-81.365556
"779",NA,52,"Hickory Water Tower","PM 2.5","Catawba",35.728889,-81.365556
"780",NA,53,"Hickory Water Tower","PM 2.5","Catawba",35.728889,-81.365556
"781",8-01-20,45,"Hickory Water Tower","PM 2.5","Catawba",35.728889,-81.365556
"782",8-02-20,42,"Hickory Water Tower","PM 2.5","Catawba",35.728889,-81.365556
"783",8-03-20,30,"Hickory Water Tower","PM 2.5","Catawba",35.728889,-81.365556
"784",8-04-20,31,"Hickory Water Tower","PM 2.5","Catawba",35.728889,-81.365556
"785",8-05-20,38,"Hickory Water Tower","PM 2.5","Catawba",35.728889,-81.365556
"786",8-06-20,45,"Hickory Water Tower","PM 2.5","Catawba",35.728889,-81.365556
"787",8-07-20,33,"Hickory Water Tower","PM 2.5","Catawba",35.728889,-81.365556
"788",8-08-20,33,"Hickory Water Tower","PM 2.5","Catawba",35.728889,-81.365556
"789",8-09-20,35,"Hickory Water Tower","PM 2.5","Catawba",35.728889,-81.365556
"790",8-10-20,38,"Hickory Water Tower","PM 2.5","Catawba",35.728889,-81.365556
"791",8-11-20,43,"Hickory Water Tower","PM 2.5","Catawba",35.728889,-81.365556
"792",8-12-20,54,"Hickory Water Tower","PM 2.5","Catawba",35.728889,-81.365556
"793",NA,53,"Hickory Water Tower","PM 2.5","Catawba",35.728889,-81.365556
"794",NA,25,"Hickory Water Tower","PM 2.5","Catawba",35.728889,-81.365556
"795",NA,35,"Hickory Water Tower","PM 2.5","Catawba",35.728889,-81.365556
"796",NA,43,"Hickory Water Tower","PM 2.5","Catawba",35.728889,-81.365556
"797",NA,42,"Hickory Water Tower","PM 2.5","Catawba",35.728889,-81.365556
"798",NA,36,"Hickory Water Tower","PM 2.5","Catawba",35.728889,-81.365556
"799",NA,42,"Hickory Water Tower","PM 2.5","Catawba",35.728889,-81.365556
"800",NA,33,"Hickory Water Tower","PM 2.5","Catawba",35.728889,-81.365556
"801",NA,23,"Hickory Water Tower","PM 2.5","Catawba",35.728889,-81.365556
"802",NA,33,"Hickory Water Tower","PM 2.5","Catawba",35.728889,-81.365556
"803",NA,20,"Hickory Water Tower","PM 2.5","Catawba",35.728889,-81.365556
"804",NA,28,"Hickory Water Tower","PM 2.5","Catawba",35.728889,-81.365556
"805",NA,24,"Hickory Water Tower","PM 2.5","Catawba",35.728889,-81.365556
"806",NA,28,"Hickory Water Tower","PM 2.5","Catawba",35.728889,-81.365556
"807",NA,28,"Hickory Water Tower","PM 2.5","Catawba",35.728889,-81.365556
"808",NA,22,"Hickory Water Tower","PM 2.5","Catawba",35.728889,-81.365556
"809",NA,23,"Hickory Water Tower","PM 2.5","Catawba",35.728889,-81.365556
"810",NA,35,"Hickory Water Tower","PM 2.5","Catawba",35.728889,-81.365556
"811",NA,41,"Hickory Water Tower","PM 2.5","Catawba",35.728889,-81.365556
"812",9-01-20,46,"Hickory Water Tower","PM 2.5","Catawba",35.728889,-81.365556
"813",9-02-20,37,"Hickory Water Tower","PM 2.5","Catawba",35.728889,-81.365556
"814",9-03-20,43,"Hickory Water Tower","PM 2.5","Catawba",35.728889,-81.365556
"815",9-04-20,48,"Hickory Water Tower","PM 2.5","Catawba",35.728889,-81.365556
"816",9-05-20,32,"Hickory Water Tower","PM 2.5","Catawba",35.728889,-81.365556
"817",9-06-20,32,"Hickory Water Tower","PM 2.5","Catawba",35.728889,-81.365556
"818",9-07-20,34,"Hickory Water Tower","PM 2.5","Catawba",35.728889,-81.365556
"819",9-08-20,40,"Hickory Water Tower","PM 2.5","Catawba",35.728889,-81.365556
"820",9-09-20,44,"Hickory Water Tower","PM 2.5","Catawba",35.728889,-81.365556
"821",9-10-20,70,"Hickory Water Tower","PM 2.5","Catawba",35.728889,-81.365556
"822",9-11-20,64,"Hickory Water Tower","PM 2.5","Catawba",35.728889,-81.365556
"823",9-12-20,57,"Hickory Water Tower","PM 2.5","Catawba",35.728889,-81.365556
"824",NA,54,"Hickory Water Tower","PM 2.5","Catawba",35.728889,-81.365556
"825",NA,35,"Hickory Water Tower","PM 2.5","Catawba",35.728889,-81.365556
"826",NA,38,"Hickory Water Tower","PM 2.5","Catawba",35.728889,-81.365556
"827",NA,28,"Hickory Water Tower","PM 2.5","Catawba",35.728889,-81.365556
"828",NA,42,"Hickory Water Tower","PM 2.5","Catawba",35.728889,-81.365556
"829",NA,32,"Hickory Water Tower","PM 2.5","Catawba",35.728889,-81.365556
"830",NA,25,"Hickory Water Tower","PM 2.5","Catawba",35.728889,-81.365556
"831",NA,28,"Hickory Water Tower","PM 2.5","Catawba",35.728889,-81.365556
"832",NA,41,"Hickory Water Tower","PM 2.5","Catawba",35.728889,-81.365556
"833",NA,42,"Hickory Water Tower","PM 2.5","Catawba",35.728889,-81.365556
"834",NA,34,"Hickory Water Tower","PM 2.5","Catawba",35.728889,-81.365556
"835",NA,31,"Hickory Water Tower","PM 2.5","Catawba",35.728889,-81.365556
"836",NA,28,"Hickory Water Tower","PM 2.5","Catawba",35.728889,-81.365556
"837",NA,33,"Hickory Water Tower","PM 2.5","Catawba",35.728889,-81.365556
"838",NA,42,"Hickory Water Tower","PM 2.5","Catawba",35.728889,-81.365556
"839",NA,53,"Hickory Water Tower","PM 2.5","Catawba",35.728889,-81.365556
"840",NA,43,"Hickory Water Tower","PM 2.5","Catawba",35.728889,-81.365556
"841",NA,59,"Hickory Water Tower","PM 2.5","Catawba",35.728889,-81.365556
"842",10-01-20,60,"Hickory Water Tower","PM 2.5","Catawba",35.728889,-81.365556
"843",10-02-20,54,"Hickory Water Tower","PM 2.5","Catawba",35.728889,-81.365556
"844",10-03-20,49,"Hickory Water Tower","PM 2.5","Catawba",35.728889,-81.365556
"845",10-04-20,32,"Hickory Water Tower","PM 2.5","Catawba",35.728889,-81.365556
"846",10-05-20,25,"Hickory Water Tower","PM 2.5","Catawba",35.728889,-81.365556
"847",10-06-20,26,"Hickory Water Tower","PM 2.5","Catawba",35.728889,-81.365556
"848",10-07-20,25,"Hickory Water Tower","PM 2.5","Catawba",35.728889,-81.365556
"849",10-08-20,19,"Hickory Water Tower","PM 2.5","Catawba",35.728889,-81.365556
"850",10-09-20,20,"Hickory Water Tower","PM 2.5","Catawba",35.728889,-81.365556
"851",10-10-20,24,"Hickory Water Tower","PM 2.5","Catawba",35.728889,-81.365556
"852",10-11-20,20,"Hickory Water Tower","PM 2.5","Catawba",35.728889,-81.365556
"853",10-12-20,31,"Hickory Water Tower","PM 2.5","Catawba",35.728889,-81.365556
"854",NA,22,"Hickory Water Tower","PM 2.5","Catawba",35.728889,-81.365556
"855",NA,18,"Hickory Water Tower","PM 2.5","Catawba",35.728889,-81.365556
"856",NA,29,"Hickory Water Tower","PM 2.5","Catawba",35.728889,-81.365556
"857",NA,19,"Hickory Water Tower","PM 2.5","Catawba",35.728889,-81.365556
"858",NA,13,"Hickory Water Tower","PM 2.5","Catawba",35.728889,-81.365556
"859",NA,18,"Hickory Water Tower","PM 2.5","Catawba",35.728889,-81.365556
"860",NA,35,"Hickory Water Tower","PM 2.5","Catawba",35.728889,-81.365556
"861",NA,13,"Hickory Water Tower","PM 2.5","Catawba",35.728889,-81.365556
"862",NA,29,"Hickory Water Tower","PM 2.5","Catawba",35.728889,-81.365556
"863",NA,20,"Hickory Water Tower","PM 2.5","Catawba",35.728889,-81.365556
"864",NA,14,"Hickory Water Tower","PM 2.5","Catawba",35.728889,-81.365556
"865",NA,24,"Hickory Water Tower","PM 2.5","Catawba",35.728889,-81.365556
"866",NA,34,"Hickory Water Tower","PM 2.5","Catawba",35.728889,-81.365556
"867",NA,30,"Hickory Water Tower","PM 2.5","Catawba",35.728889,-81.365556
"868",NA,12,"Hickory Water Tower","PM 2.5","Catawba",35.728889,-81.365556
"869",NA,20,"Hickory Water Tower","PM 2.5","Catawba",35.728889,-81.365556
"870",NA,55,"Hickory Water Tower","PM 2.5","Catawba",35.728889,-81.365556
"871",NA,32,"Hickory Water Tower","PM 2.5","Catawba",35.728889,-81.365556
"872",NA,14,"Hickory Water Tower","PM 2.5","Catawba",35.728889,-81.365556
"873",11-01-20,15,"Hickory Water Tower","PM 2.5","Catawba",35.728889,-81.365556
"874",11-02-20,27,"Hickory Water Tower","PM 2.5","Catawba",35.728889,-81.365556
"875",11-03-20,27,"Hickory Water Tower","PM 2.5","Catawba",35.728889,-81.365556
"876",11-04-20,38,"Hickory Water Tower","PM 2.5","Catawba",35.728889,-81.365556
"877",11-05-20,41,"Hickory Water Tower","PM 2.5","Catawba",35.728889,-81.365556
"878",11-06-20,38,"Hickory Water Tower","PM 2.5","Catawba",35.728889,-81.365556
"879",11-07-20,52,"Hickory Water Tower","PM 2.5","Catawba",35.728889,-81.365556
"880",11-08-20,10,"Hickory Water Tower","PM 2.5","Catawba",35.728889,-81.365556
"881",11-09-20,42,"Hickory Water Tower","PM 2.5","Catawba",35.728889,-81.365556
"882",11-10-20,47,"Hickory Water Tower","PM 2.5","Catawba",35.728889,-81.365556
"883",11-11-20,53,"Hickory Water Tower","PM 2.5","Catawba",35.728889,-81.365556
"884",11-12-20,20,"Hickory Water Tower","PM 2.5","Catawba",35.728889,-81.365556
"885",NA,25,"Hickory Water Tower","PM 2.5","Catawba",35.728889,-81.365556
"886",NA,54,"Hickory Water Tower","PM 2.5","Catawba",35.728889,-81.365556
"887",NA,44,"Hickory Water Tower","PM 2.5","Catawba",35.728889,-81.365556
"888",NA,22,"Hickory Water Tower","PM 2.5","Catawba",35.728889,-81.365556
"889",NA,13,"Hickory Water Tower","PM 2.5","Catawba",35.728889,-81.365556
"890",NA,22,"Hickory Water Tower","PM 2.5","Catawba",35.728889,-81.365556
"891",NA,46,"Hickory Water Tower","PM 2.5","Catawba",35.728889,-81.365556
"892",NA,27,"Hickory Water Tower","PM 2.5","Catawba",35.728889,-81.365556
"893",NA,40,"Hickory Water Tower","PM 2.5","Catawba",35.728889,-81.365556
"894",NA,61,"Hickory Water Tower","PM 2.5","Catawba",35.728889,-81.365556
"895",NA,33,"Hickory Water Tower","PM 2.5","Catawba",35.728889,-81.365556
"896",NA,4,"Hickory Water Tower","PM 2.5","Catawba",35.728889,-81.365556
"897",NA,26,"Hickory Water Tower","PM 2.5","Catawba",35.728889,-81.365556
"898",NA,51,"Hickory Water Tower","PM 2.5","Catawba",35.728889,-81.365556
"899",NA,49,"Hickory Water Tower","PM 2.5","Catawba",35.728889,-81.365556
"900",NA,12,"Hickory Water Tower","PM 2.5","Catawba",35.728889,-81.365556
"901",NA,24,"Hickory Water Tower","PM 2.5","Catawba",35.728889,-81.365556
"902",NA,58,"Hickory Water Tower","PM 2.5","Catawba",35.728889,-81.365556
"903",12-01-20,29,"Hickory Water Tower","PM 2.5","Catawba",35.728889,-81.365556
"904",12-02-20,3,"Hickory Water Tower","PM 2.5","Catawba",35.728889,-81.365556
"905",12-03-20,9,"Hickory Water Tower","PM 2.5","Catawba",35.728889,-81.365556
"906",12-04-20,14,"Hickory Water Tower","PM 2.5","Catawba",35.728889,-81.365556
"907",12-06-20,54,"Hickory Water Tower","PM 2.5","Catawba",35.728889,-81.365556
"908",12-07-20,54,"Hickory Water Tower","PM 2.5","Catawba",35.728889,-81.365556
"909",12-08-20,33,"Hickory Water Tower","PM 2.5","Catawba",35.728889,-81.365556
"910",12-09-20,46,"Hickory Water Tower","PM 2.5","Catawba",35.728889,-81.365556
"911",12-10-20,30,"Hickory Water Tower","PM 2.5","Catawba",35.728889,-81.365556
"912",12-11-20,9,"Hickory Water Tower","PM 2.5","Catawba",35.728889,-81.365556
"913",12-12-20,40,"Hickory Water Tower","PM 2.5","Catawba",35.728889,-81.365556
"914",NA,27,"Hickory Water Tower","PM 2.5","Catawba",35.728889,-81.365556
"915",NA,5,"Hickory Water Tower","PM 2.5","Catawba",35.728889,-81.365556
"916",NA,21,"Hickory Water Tower","PM 2.5","Catawba",35.728889,-81.365556
"917",NA,49,"Hickory Water Tower","PM 2.5","Catawba",35.728889,-81.365556
"918",NA,29,"Hickory Water Tower","PM 2.5","Catawba",35.728889,-81.365556
"919",NA,0,"Hickory Water Tower","PM 2.5","Catawba",35.728889,-81.365556
"920",NA,38,"Hickory Water Tower","PM 2.5","Catawba",35.728889,-81.365556
"921",NA,54,"Hickory Water Tower","PM 2.5","Catawba",35.728889,-81.365556
"922",NA,59,"Hickory Water Tower","PM 2.5","Catawba",35.728889,-81.365556
"923",NA,67,"Hickory Water Tower","PM 2.5","Catawba",35.728889,-81.365556
"924",NA,21,"Hickory Water Tower","PM 2.5","Catawba",35.728889,-81.365556
"925",NA,14,"Hickory Water Tower","PM 2.5","Catawba",35.728889,-81.365556
"926",NA,52,"Hickory Water Tower","PM 2.5","Catawba",35.728889,-81.365556
"927",NA,56,"Hickory Water Tower","PM 2.5","Catawba",35.728889,-81.365556
"928",NA,63,"Hickory Water Tower","PM 2.5","Catawba",35.728889,-81.365556
"929",NA,69,"Hickory Water Tower","PM 2.5","Catawba",35.728889,-81.365556
"930",NA,43,"Hickory Water Tower","PM 2.5","Catawba",35.728889,-81.365556
"931",NA,10,"Hickory Water Tower","PM 2.5","Catawba",35.728889,-81.365556
"932",NA,8,"Hickory Water Tower","PM 2.5","Catawba",35.728889,-81.365556
"933",1-03-20,23,"William Owen School","PM 2.5","Cumberland",35.041416,-78.953112
"934",1-09-20,26,"William Owen School","PM 2.5","Cumberland",35.041416,-78.953112
"935",NA,17,"William Owen School","PM 2.5","Cumberland",35.041416,-78.953112
"936",NA,69,"William Owen School","PM 2.5","Cumberland",35.041416,-78.953112
"937",2-02-20,56,"William Owen School","PM 2.5","Cumberland",35.041416,-78.953112
"938",2-08-20,33,"William Owen School","PM 2.5","Cumberland",35.041416,-78.953112
"939",NA,15,"William Owen School","PM 2.5","Cumberland",35.041416,-78.953112
"940",NA,14,"William Owen School","PM 2.5","Cumberland",35.041416,-78.953112
"941",NA,37,"William Owen School","PM 2.5","Cumberland",35.041416,-78.953112
"942",3-04-20,30,"William Owen School","PM 2.5","Cumberland",35.041416,-78.953112
"943",3-10-20,33,"William Owen School","PM 2.5","Cumberland",35.041416,-78.953112
"944",4-09-20,26,"William Owen School","PM 2.5","Cumberland",35.041416,-78.953112
"945",NA,18,"William Owen School","PM 2.5","Cumberland",35.041416,-78.953112
"946",NA,13,"William Owen School","PM 2.5","Cumberland",35.041416,-78.953112
"947",NA,28,"William Owen School","PM 2.5","Cumberland",35.041416,-78.953112
"948",NA,45,"William Owen School","PM 2.5","Cumberland",35.041416,-78.953112
"949",NA,38,"William Owen School","PM 2.5","Cumberland",35.041416,-78.953112
"950",NA,34,"William Owen School","PM 2.5","Cumberland",35.041416,-78.953112
"951",6-02-20,43,"William Owen School","PM 2.5","Cumberland",35.041416,-78.953112
"952",6-08-20,25,"William Owen School","PM 2.5","Cumberland",35.041416,-78.953112
"953",NA,28,"William Owen School","PM 2.5","Cumberland",35.041416,-78.953112
"954",NA,30,"William Owen School","PM 2.5","Cumberland",35.041416,-78.953112
"955",NA,33,"William Owen School","PM 2.5","Cumberland",35.041416,-78.953112
"956",7-02-20,49,"William Owen School","PM 2.5","Cumberland",35.041416,-78.953112
"957",7-08-20,42,"William Owen School","PM 2.5","Cumberland",35.041416,-78.953112
"958",NA,34,"William Owen School","PM 2.5","Cumberland",35.041416,-78.953112
"959",NA,29,"William Owen School","PM 2.5","Cumberland",35.041416,-78.953112
"960",NA,34,"William Owen School","PM 2.5","Cumberland",35.041416,-78.953112
"961",8-01-20,43,"William Owen School","PM 2.5","Cumberland",35.041416,-78.953112
"962",8-07-20,47,"William Owen School","PM 2.5","Cumberland",35.041416,-78.953112
"963",NA,45,"William Owen School","PM 2.5","Cumberland",35.041416,-78.953112
"964",NA,36,"William Owen School","PM 2.5","Cumberland",35.041416,-78.953112
"965",NA,20,"William Owen School","PM 2.5","Cumberland",35.041416,-78.953112
"966",NA,46,"William Owen School","PM 2.5","Cumberland",35.041416,-78.953112
"967",9-10-20,42,"William Owen School","PM 2.5","Cumberland",35.041416,-78.953112
"968",NA,26,"William Owen School","PM 2.5","Cumberland",35.041416,-78.953112
"969",NA,9,"William Owen School","PM 2.5","Cumberland",35.041416,-78.953112
"970",NA,36,"William Owen School","PM 2.5","Cumberland",35.041416,-78.953112
"971",NA,54,"William Owen School","PM 2.5","Cumberland",35.041416,-78.953112
"972",1-03-20,26,"William Owen School","PM 2.5","Cumberland",35.041416,-78.953112
"973",1-09-20,2,"William Owen School","PM 2.5","Cumberland",35.041416,-78.953112
"974",NA,17,"William Owen School","PM 2.5","Cumberland",35.041416,-78.953112
"975",NA,68,"William Owen School","PM 2.5","Cumberland",35.041416,-78.953112
"976",2-02-20,58,"William Owen School","PM 2.5","Cumberland",35.041416,-78.953112
"977",NA,15,"William Owen School","PM 2.5","Cumberland",35.041416,-78.953112
"978",NA,14,"William Owen School","PM 2.5","Cumberland",35.041416,-78.953112
"979",NA,36,"William Owen School","PM 2.5","Cumberland",35.041416,-78.953112
"980",3-04-20,28,"William Owen School","PM 2.5","Cumberland",35.041416,-78.953112
"981",3-10-20,33,"William Owen School","PM 2.5","Cumberland",35.041416,-78.953112
"982",4-09-20,26,"William Owen School","PM 2.5","Cumberland",35.041416,-78.953112
"983",NA,18,"William Owen School","PM 2.5","Cumberland",35.041416,-78.953112
"984",NA,13,"William Owen School","PM 2.5","Cumberland",35.041416,-78.953112
"985",NA,27,"William Owen School","PM 2.5","Cumberland",35.041416,-78.953112
"986",NA,40,"William Owen School","PM 2.5","Cumberland",35.041416,-78.953112
"987",NA,48,"William Owen School","PM 2.5","Cumberland",35.041416,-78.953112
"988",6-02-20,43,"William Owen School","PM 2.5","Cumberland",35.041416,-78.953112
"989",6-08-20,25,"William Owen School","PM 2.5","Cumberland",35.041416,-78.953112
"990",NA,29,"William Owen School","PM 2.5","Cumberland",35.041416,-78.953112
"991",NA,30,"William Owen School","PM 2.5","Cumberland",35.041416,-78.953112
"992",NA,34,"William Owen School","PM 2.5","Cumberland",35.041416,-78.953112
"993",7-02-20,49,"William Owen School","PM 2.5","Cumberland",35.041416,-78.953112
"994",7-08-20,42,"William Owen School","PM 2.5","Cumberland",35.041416,-78.953112
"995",NA,33,"William Owen School","PM 2.5","Cumberland",35.041416,-78.953112
"996",NA,30,"William Owen School","PM 2.5","Cumberland",35.041416,-78.953112
"997",NA,34,"William Owen School","PM 2.5","Cumberland",35.041416,-78.953112
"998",8-01-20,44,"William Owen School","PM 2.5","Cumberland",35.041416,-78.953112
"999",8-07-20,48,"William Owen School","PM 2.5","Cumberland",35.041416,-78.953112
"1000",NA,45,"William Owen School","PM 2.5","Cumberland",35.041416,-78.953112
"1001",NA,36,"William Owen School","PM 2.5","Cumberland",35.041416,-78.953112
"1002",NA,20,"William Owen School","PM 2.5","Cumberland",35.041416,-78.953112
"1003",NA,43,"William Owen School","PM 2.5","Cumberland",35.041416,-78.953112
"1004",9-10-20,42,"William Owen School","PM 2.5","Cumberland",35.041416,-78.953112
"1005",NA,28,"William Owen School","PM 2.5","Cumberland",35.041416,-78.953112
"1006",NA,21,"William Owen School","PM 2.5","Cumberland",35.041416,-78.953112
"1007",NA,35,"William Owen School","PM 2.5","Cumberland",35.041416,-78.953112
"1008",NA,54,"William Owen School","PM 2.5","Cumberland",35.041416,-78.953112
"1009",1-01-20,16,"William Owen School","PM 2.5","Cumberland",35.041416,-78.953112
"1010",1-02-20,17,"William Owen School","PM 2.5","Cumberland",35.041416,-78.953112
"1011",1-03-20,21,"William Owen School","PM 2.5","Cumberland",35.041416,-78.953112
"1012",1-04-20,23,"William Owen School","PM 2.5","Cumberland",35.041416,-78.953112
"1013",1-05-20,8,"William Owen School","PM 2.5","Cumberland",35.041416,-78.953112
"1014",1-06-20,16,"William Owen School","PM 2.5","Cumberland",35.041416,-78.953112
"1015",1-07-20,32,"William Owen School","PM 2.5","Cumberland",35.041416,-78.953112
"1016",1-08-20,3,"William Owen School","PM 2.5","Cumberland",35.041416,-78.953112
"1017",1-09-20,25,"William Owen School","PM 2.5","Cumberland",35.041416,-78.953112
"1018",1-10-20,23,"William Owen School","PM 2.5","Cumberland",35.041416,-78.953112
"1019",1-11-20,25,"William Owen School","PM 2.5","Cumberland",35.041416,-78.953112
"1020",1-12-20,41,"William Owen School","PM 2.5","Cumberland",35.041416,-78.953112
"1021",NA,10,"William Owen School","PM 2.5","Cumberland",35.041416,-78.953112
"1022",NA,21,"William Owen School","PM 2.5","Cumberland",35.041416,-78.953112
"1023",NA,54,"William Owen School","PM 2.5","Cumberland",35.041416,-78.953112
"1024",NA,59,"William Owen School","PM 2.5","Cumberland",35.041416,-78.953112
"1025",NA,55,"William Owen School","PM 2.5","Cumberland",35.041416,-78.953112
"1026",NA,56,"William Owen School","PM 2.5","Cumberland",35.041416,-78.953112
"1027",NA,39,"William Owen School","PM 2.5","Cumberland",35.041416,-78.953112
"1028",NA,10,"William Owen School","PM 2.5","Cumberland",35.041416,-78.953112
"1029",NA,11,"William Owen School","PM 2.5","Cumberland",35.041416,-78.953112
"1030",NA,28,"William Owen School","PM 2.5","Cumberland",35.041416,-78.953112
"1031",NA,32,"William Owen School","PM 2.5","Cumberland",35.041416,-78.953112
"1032",NA,2,"William Owen School","PM 2.5","Cumberland",35.041416,-78.953112
"1033",NA,29,"William Owen School","PM 2.5","Cumberland",35.041416,-78.953112
"1034",NA,61,"William Owen School","PM 2.5","Cumberland",35.041416,-78.953112
"1035",NA,71,"William Owen School","PM 2.5","Cumberland",35.041416,-78.953112
"1036",NA,30,"William Owen School","PM 2.5","Cumberland",35.041416,-78.953112
"1037",NA,29,"William Owen School","PM 2.5","Cumberland",35.041416,-78.953112
"1038",NA,19,"William Owen School","PM 2.5","Cumberland",35.041416,-78.953112
"1039",NA,25,"William Owen School","PM 2.5","Cumberland",35.041416,-78.953112
"1040",2-01-20,44,"William Owen School","PM 2.5","Cumberland",35.041416,-78.953112
"1041",2-02-20,56,"William Owen School","PM 2.5","Cumberland",35.041416,-78.953112
"1042",2-03-20,51,"William Owen School","PM 2.5","Cumberland",35.041416,-78.953112
"1043",2-04-20,42,"William Owen School","PM 2.5","Cumberland",35.041416,-78.953112
"1044",2-05-20,46,"William Owen School","PM 2.5","Cumberland",35.041416,-78.953112
"1045",2-06-20,56,"William Owen School","PM 2.5","Cumberland",35.041416,-78.953112
"1046",2-07-20,46,"William Owen School","PM 2.5","Cumberland",35.041416,-78.953112
"1047",2-08-20,25,"William Owen School","PM 2.5","Cumberland",35.041416,-78.953112
"1048",2-09-20,14,"William Owen School","PM 2.5","Cumberland",35.041416,-78.953112
"1049",2-10-20,25,"William Owen School","PM 2.5","Cumberland",35.041416,-78.953112
"1050",2-11-20,28,"William Owen School","PM 2.5","Cumberland",35.041416,-78.953112
"1051",2-12-20,24,"William Owen School","PM 2.5","Cumberland",35.041416,-78.953112
"1052",NA,5,"William Owen School","PM 2.5","Cumberland",35.041416,-78.953112
"1053",NA,15,"William Owen School","PM 2.5","Cumberland",35.041416,-78.953112
"1054",NA,34,"William Owen School","PM 2.5","Cumberland",35.041416,-78.953112
"1055",NA,20,"William Owen School","PM 2.5","Cumberland",35.041416,-78.953112
"1056",NA,29,"William Owen School","PM 2.5","Cumberland",35.041416,-78.953112
"1057",NA,10,"William Owen School","PM 2.5","Cumberland",35.041416,-78.953112
"1058",NA,19,"William Owen School","PM 2.5","Cumberland",35.041416,-78.953112
"1059",NA,15,"William Owen School","PM 2.5","Cumberland",35.041416,-78.953112
"1060",NA,21,"William Owen School","PM 2.5","Cumberland",35.041416,-78.953112
"1061",NA,18,"William Owen School","PM 2.5","Cumberland",35.041416,-78.953112
"1062",NA,5,"William Owen School","PM 2.5","Cumberland",35.041416,-78.953112
"1063",NA,13,"William Owen School","PM 2.5","Cumberland",35.041416,-78.953112
"1064",NA,12,"William Owen School","PM 2.5","Cumberland",35.041416,-78.953112
"1065",NA,34,"William Owen School","PM 2.5","Cumberland",35.041416,-78.953112
"1066",NA,38,"William Owen School","PM 2.5","Cumberland",35.041416,-78.953112
"1067",NA,50,"William Owen School","PM 2.5","Cumberland",35.041416,-78.953112
"1068",3-01-20,41,"William Owen School","PM 2.5","Cumberland",35.041416,-78.953112
"1069",3-02-20,15,"William Owen School","PM 2.5","Cumberland",35.041416,-78.953112
"1070",3-03-20,23,"William Owen School","PM 2.5","Cumberland",35.041416,-78.953112
"1071",3-04-20,25,"William Owen School","PM 2.5","Cumberland",35.041416,-78.953112
"1072",3-05-20,19,"William Owen School","PM 2.5","Cumberland",35.041416,-78.953112
"1073",3-06-20,28,"William Owen School","PM 2.5","Cumberland",35.041416,-78.953112
"1074",3-07-20,34,"William Owen School","PM 2.5","Cumberland",35.041416,-78.953112
"1075",3-08-20,47,"William Owen School","PM 2.5","Cumberland",35.041416,-78.953112
"1076",3-09-20,43,"William Owen School","PM 2.5","Cumberland",35.041416,-78.953112
"1077",3-10-20,31,"William Owen School","PM 2.5","Cumberland",35.041416,-78.953112
"1078",3-11-20,11,"William Owen School","PM 2.5","Cumberland",35.041416,-78.953112
"1079",3-12-20,19,"William Owen School","PM 2.5","Cumberland",35.041416,-78.953112
"1080",NA,38,"William Owen School","PM 2.5","Cumberland",35.041416,-78.953112
"1081",NA,33,"William Owen School","PM 2.5","Cumberland",35.041416,-78.953112
"1082",NA,25,"William Owen School","PM 2.5","Cumberland",35.041416,-78.953112
"1083",NA,16,"William Owen School","PM 2.5","Cumberland",35.041416,-78.953112
"1084",NA,31,"William Owen School","PM 2.5","Cumberland",35.041416,-78.953112
"1085",NA,37,"William Owen School","PM 2.5","Cumberland",35.041416,-78.953112
"1086",NA,29,"William Owen School","PM 2.5","Cumberland",35.041416,-78.953112
"1087",NA,30,"William Owen School","PM 2.5","Cumberland",35.041416,-78.953112
"1088",NA,14,"William Owen School","PM 2.5","Cumberland",35.041416,-78.953112
"1089",NA,15,"William Owen School","PM 2.5","Cumberland",35.041416,-78.953112
"1090",NA,18,"William Owen School","PM 2.5","Cumberland",35.041416,-78.953112
"1091",NA,41,"William Owen School","PM 2.5","Cumberland",35.041416,-78.953112
"1092",NA,35,"William Owen School","PM 2.5","Cumberland",35.041416,-78.953112
"1093",NA,29,"William Owen School","PM 2.5","Cumberland",35.041416,-78.953112
"1094",NA,16,"William Owen School","PM 2.5","Cumberland",35.041416,-78.953112
"1095",NA,18,"William Owen School","PM 2.5","Cumberland",35.041416,-78.953112
"1096",NA,31,"William Owen School","PM 2.5","Cumberland",35.041416,-78.953112
"1097",NA,31,"William Owen School","PM 2.5","Cumberland",35.041416,-78.953112
"1098",NA,14,"William Owen School","PM 2.5","Cumberland",35.041416,-78.953112
"1099",4-01-20,11,"William Owen School","PM 2.5","Cumberland",35.041416,-78.953112
"1100",4-02-20,20,"William Owen School","PM 2.5","Cumberland",35.041416,-78.953112
"1101",4-03-20,26,"William Owen School","PM 2.5","Cumberland",35.041416,-78.953112
"1102",4-04-20,32,"William Owen School","PM 2.5","Cumberland",35.041416,-78.953112
"1103",4-05-20,20,"William Owen School","PM 2.5","Cumberland",35.041416,-78.953112
"1104",4-06-20,22,"William Owen School","PM 2.5","Cumberland",35.041416,-78.953112
"1105",4-07-20,33,"William Owen School","PM 2.5","Cumberland",35.041416,-78.953112
"1106",4-08-20,28,"William Owen School","PM 2.5","Cumberland",35.041416,-78.953112
"1107",4-09-20,28,"William Owen School","PM 2.5","Cumberland",35.041416,-78.953112
"1108",4-10-20,23,"William Owen School","PM 2.5","Cumberland",35.041416,-78.953112
"1109",4-12-20,18,"William Owen School","PM 2.5","Cumberland",35.041416,-78.953112
"1110",NA,20,"William Owen School","PM 2.5","Cumberland",35.041416,-78.953112
"1111",NA,18,"William Owen School","PM 2.5","Cumberland",35.041416,-78.953112
"1112",NA,10,"William Owen School","PM 2.5","Cumberland",35.041416,-78.953112
"1113",NA,16,"William Owen School","PM 2.5","Cumberland",35.041416,-78.953112
"1114",NA,37,"William Owen School","PM 2.5","Cumberland",35.041416,-78.953112
"1115",NA,22,"William Owen School","PM 2.5","Cumberland",35.041416,-78.953112
"1116",NA,3,"William Owen School","PM 2.5","Cumberland",35.041416,-78.953112
"1117",NA,8,"William Owen School","PM 2.5","Cumberland",35.041416,-78.953112
"1118",NA,17,"William Owen School","PM 2.5","Cumberland",35.041416,-78.953112
"1119",NA,40,"William Owen School","PM 2.5","Cumberland",35.041416,-78.953112
"1120",NA,43,"William Owen School","PM 2.5","Cumberland",35.041416,-78.953112
"1121",NA,53,"William Owen School","PM 2.5","Cumberland",35.041416,-78.953112
"1122",NA,23,"William Owen School","PM 2.5","Cumberland",35.041416,-78.953112
"1123",NA,27,"William Owen School","PM 2.5","Cumberland",35.041416,-78.953112
"1124",NA,42,"William Owen School","PM 2.5","Cumberland",35.041416,-78.953112
"1125",NA,43,"William Owen School","PM 2.5","Cumberland",35.041416,-78.953112
"1126",NA,38,"William Owen School","PM 2.5","Cumberland",35.041416,-78.953112
"1127",5-01-20,28,"William Owen School","PM 2.5","Cumberland",35.041416,-78.953112
"1128",5-02-20,25,"William Owen School","PM 2.5","Cumberland",35.041416,-78.953112
"1129",5-03-20,20,"William Owen School","PM 2.5","Cumberland",35.041416,-78.953112
"1130",5-04-20,23,"William Owen School","PM 2.5","Cumberland",35.041416,-78.953112
"1131",5-05-20,16,"William Owen School","PM 2.5","Cumberland",35.041416,-78.953112
"1132",5-06-20,16,"William Owen School","PM 2.5","Cumberland",35.041416,-78.953112
"1133",5-07-20,15,"William Owen School","PM 2.5","Cumberland",35.041416,-78.953112
"1134",5-08-20,22,"William Owen School","PM 2.5","Cumberland",35.041416,-78.953112
"1135",5-09-20,18,"William Owen School","PM 2.5","Cumberland",35.041416,-78.953112
"1136",5-10-20,22,"William Owen School","PM 2.5","Cumberland",35.041416,-78.953112
"1137",5-11-20,23,"William Owen School","PM 2.5","Cumberland",35.041416,-78.953112
"1138",5-12-20,18,"William Owen School","PM 2.5","Cumberland",35.041416,-78.953112
"1139",NA,13,"William Owen School","PM 2.5","Cumberland",35.041416,-78.953112
"1140",NA,8,"William Owen School","PM 2.5","Cumberland",35.041416,-78.953112
"1141",NA,31,"William Owen School","PM 2.5","Cumberland",35.041416,-78.953112
"1142",NA,43,"William Owen School","PM 2.5","Cumberland",35.041416,-78.953112
"1143",NA,50,"William Owen School","PM 2.5","Cumberland",35.041416,-78.953112
"1144",NA,51,"William Owen School","PM 2.5","Cumberland",35.041416,-78.953112
"1145",NA,42,"William Owen School","PM 2.5","Cumberland",35.041416,-78.953112
"1146",NA,33,"William Owen School","PM 2.5","Cumberland",35.041416,-78.953112
"1147",NA,40,"William Owen School","PM 2.5","Cumberland",35.041416,-78.953112
"1148",NA,41,"William Owen School","PM 2.5","Cumberland",35.041416,-78.953112
"1149",NA,51,"William Owen School","PM 2.5","Cumberland",35.041416,-78.953112
"1150",NA,53,"William Owen School","PM 2.5","Cumberland",35.041416,-78.953112
"1151",NA,48,"William Owen School","PM 2.5","Cumberland",35.041416,-78.953112
"1152",NA,55,"William Owen School","PM 2.5","Cumberland",35.041416,-78.953112
"1153",NA,49,"William Owen School","PM 2.5","Cumberland",35.041416,-78.953112
"1154",NA,60,"William Owen School","PM 2.5","Cumberland",35.041416,-78.953112
"1155",NA,53,"William Owen School","PM 2.5","Cumberland",35.041416,-78.953112
"1156",6-01-20,29,"William Owen School","PM 2.5","Cumberland",35.041416,-78.953112
"1157",6-02-20,45,"William Owen School","PM 2.5","Cumberland",35.041416,-78.953112
"1158",6-03-20,55,"William Owen School","PM 2.5","Cumberland",35.041416,-78.953112
"1159",6-04-20,45,"William Owen School","PM 2.5","Cumberland",35.041416,-78.953112
"1160",6-05-20,50,"William Owen School","PM 2.5","Cumberland",35.041416,-78.953112
"1161",6-06-20,52,"William Owen School","PM 2.5","Cumberland",35.041416,-78.953112
"1162",6-07-20,47,"William Owen School","PM 2.5","Cumberland",35.041416,-78.953112
"1163",6-08-20,23,"William Owen School","PM 2.5","Cumberland",35.041416,-78.953112
"1164",6-09-20,19,"William Owen School","PM 2.5","Cumberland",35.041416,-78.953112
"1165",6-10-20,14,"William Owen School","PM 2.5","Cumberland",35.041416,-78.953112
"1166",6-11-20,16,"William Owen School","PM 2.5","Cumberland",35.041416,-78.953112
"1167",6-12-20,22,"William Owen School","PM 2.5","Cumberland",35.041416,-78.953112
"1168",NA,20,"William Owen School","PM 2.5","Cumberland",35.041416,-78.953112
"1169",NA,21,"William Owen School","PM 2.5","Cumberland",35.041416,-78.953112
"1170",NA,38,"William Owen School","PM 2.5","Cumberland",35.041416,-78.953112
"1171",NA,34,"William Owen School","PM 2.5","Cumberland",35.041416,-78.953112
"1172",NA,29,"William Owen School","PM 2.5","Cumberland",35.041416,-78.953112
"1173",NA,15,"William Owen School","PM 2.5","Cumberland",35.041416,-78.953112
"1174",NA,23,"William Owen School","PM 2.5","Cumberland",35.041416,-78.953112
"1175",NA,28,"William Owen School","PM 2.5","Cumberland",35.041416,-78.953112
"1176",NA,21,"William Owen School","PM 2.5","Cumberland",35.041416,-78.953112
"1177",NA,36,"William Owen School","PM 2.5","Cumberland",35.041416,-78.953112
"1178",NA,31,"William Owen School","PM 2.5","Cumberland",35.041416,-78.953112
"1179",NA,49,"William Owen School","PM 2.5","Cumberland",35.041416,-78.953112
"1180",NA,26,"William Owen School","PM 2.5","Cumberland",35.041416,-78.953112
"1181",NA,31,"William Owen School","PM 2.5","Cumberland",35.041416,-78.953112
"1182",NA,44,"William Owen School","PM 2.5","Cumberland",35.041416,-78.953112
"1183",NA,46,"William Owen School","PM 2.5","Cumberland",35.041416,-78.953112
"1184",NA,41,"William Owen School","PM 2.5","Cumberland",35.041416,-78.953112
"1185",NA,40,"William Owen School","PM 2.5","Cumberland",35.041416,-78.953112
"1186",7-01-20,35,"William Owen School","PM 2.5","Cumberland",35.041416,-78.953112
"1187",7-02-20,52,"William Owen School","PM 2.5","Cumberland",35.041416,-78.953112
"1188",7-03-20,41,"William Owen School","PM 2.5","Cumberland",35.041416,-78.953112
"1189",7-04-20,52,"William Owen School","PM 2.5","Cumberland",35.041416,-78.953112
"1190",7-05-20,30,"William Owen School","PM 2.5","Cumberland",35.041416,-78.953112
"1191",7-06-20,32,"William Owen School","PM 2.5","Cumberland",35.041416,-78.953112
"1192",7-07-20,36,"William Owen School","PM 2.5","Cumberland",35.041416,-78.953112
"1193",7-08-20,38,"William Owen School","PM 2.5","Cumberland",35.041416,-78.953112
"1194",7-09-20,28,"William Owen School","PM 2.5","Cumberland",35.041416,-78.953112
"1195",7-10-20,26,"William Owen School","PM 2.5","Cumberland",35.041416,-78.953112
"1196",7-11-20,29,"William Owen School","PM 2.5","Cumberland",35.041416,-78.953112
"1197",7-12-20,32,"William Owen School","PM 2.5","Cumberland",35.041416,-78.953112
"1198",NA,29,"William Owen School","PM 2.5","Cumberland",35.041416,-78.953112
"1199",NA,28,"William Owen School","PM 2.5","Cumberland",35.041416,-78.953112
"1200",NA,47,"William Owen School","PM 2.5","Cumberland",35.041416,-78.953112
"1201",NA,61,"William Owen School","PM 2.5","Cumberland",35.041416,-78.953112
"1202",NA,60,"William Owen School","PM 2.5","Cumberland",35.041416,-78.953112
"1203",NA,44,"William Owen School","PM 2.5","Cumberland",35.041416,-78.953112
"1204",NA,35,"William Owen School","PM 2.5","Cumberland",35.041416,-78.953112
"1205",NA,28,"William Owen School","PM 2.5","Cumberland",35.041416,-78.953112
"1206",NA,32,"William Owen School","PM 2.5","Cumberland",35.041416,-78.953112
"1207",NA,30,"William Owen School","PM 2.5","Cumberland",35.041416,-78.953112
"1208",NA,15,"William Owen School","PM 2.5","Cumberland",35.041416,-78.953112
"1209",NA,29,"William Owen School","PM 2.5","Cumberland",35.041416,-78.953112
"1210",NA,30,"William Owen School","PM 2.5","Cumberland",35.041416,-78.953112
"1211",NA,34,"William Owen School","PM 2.5","Cumberland",35.041416,-78.953112
"1212",NA,36,"William Owen School","PM 2.5","Cumberland",35.041416,-78.953112
"1213",NA,36,"William Owen School","PM 2.5","Cumberland",35.041416,-78.953112
"1214",NA,38,"William Owen School","PM 2.5","Cumberland",35.041416,-78.953112
"1215",NA,30,"William Owen School","PM 2.5","Cumberland",35.041416,-78.953112
"1216",NA,26,"William Owen School","PM 2.5","Cumberland",35.041416,-78.953112
"1217",8-01-20,41,"William Owen School","PM 2.5","Cumberland",35.041416,-78.953112
"1218",8-02-20,30,"William Owen School","PM 2.5","Cumberland",35.041416,-78.953112
"1219",8-03-20,20,"William Owen School","PM 2.5","Cumberland",35.041416,-78.953112
"1220",8-04-20,25,"William Owen School","PM 2.5","Cumberland",35.041416,-78.953112
"1221",8-05-20,28,"William Owen School","PM 2.5","Cumberland",35.041416,-78.953112
"1222",8-06-20,33,"William Owen School","PM 2.5","Cumberland",35.041416,-78.953112
"1223",8-07-20,46,"William Owen School","PM 2.5","Cumberland",35.041416,-78.953112
"1224",8-08-20,37,"William Owen School","PM 2.5","Cumberland",35.041416,-78.953112
"1225",8-09-20,46,"William Owen School","PM 2.5","Cumberland",35.041416,-78.953112
"1226",8-10-20,54,"William Owen School","PM 2.5","Cumberland",35.041416,-78.953112
"1227",8-11-20,47,"William Owen School","PM 2.5","Cumberland",35.041416,-78.953112
"1228",8-12-20,35,"William Owen School","PM 2.5","Cumberland",35.041416,-78.953112
"1229",NA,40,"William Owen School","PM 2.5","Cumberland",35.041416,-78.953112
"1230",NA,23,"William Owen School","PM 2.5","Cumberland",35.041416,-78.953112
"1231",NA,35,"William Owen School","PM 2.5","Cumberland",35.041416,-78.953112
"1232",NA,21,"William Owen School","PM 2.5","Cumberland",35.041416,-78.953112
"1233",NA,16,"William Owen School","PM 2.5","Cumberland",35.041416,-78.953112
"1234",NA,23,"William Owen School","PM 2.5","Cumberland",35.041416,-78.953112
"1235",NA,33,"William Owen School","PM 2.5","Cumberland",35.041416,-78.953112
"1236",NA,40,"William Owen School","PM 2.5","Cumberland",35.041416,-78.953112
"1237",NA,31,"William Owen School","PM 2.5","Cumberland",35.041416,-78.953112
"1238",NA,32,"William Owen School","PM 2.5","Cumberland",35.041416,-78.953112
"1239",NA,25,"William Owen School","PM 2.5","Cumberland",35.041416,-78.953112
"1240",NA,15,"William Owen School","PM 2.5","Cumberland",35.041416,-78.953112
"1241",NA,17,"William Owen School","PM 2.5","Cumberland",35.041416,-78.953112
"1242",NA,11,"William Owen School","PM 2.5","Cumberland",35.041416,-78.953112
"1243",NA,20,"William Owen School","PM 2.5","Cumberland",35.041416,-78.953112
"1244",NA,26,"William Owen School","PM 2.5","Cumberland",35.041416,-78.953112
"1245",NA,21,"William Owen School","PM 2.5","Cumberland",35.041416,-78.953112
"1246",NA,33,"William Owen School","PM 2.5","Cumberland",35.041416,-78.953112
"1247",NA,40,"William Owen School","PM 2.5","Cumberland",35.041416,-78.953112
"1248",9-01-20,24,"William Owen School","PM 2.5","Cumberland",35.041416,-78.953112
"1249",9-02-20,13,"William Owen School","PM 2.5","Cumberland",35.041416,-78.953112
"1250",9-03-20,18,"William Owen School","PM 2.5","Cumberland",35.041416,-78.953112
"1251",9-07-20,46,"William Owen School","PM 2.5","Cumberland",35.041416,-78.953112
"1252",9-08-20,56,"William Owen School","PM 2.5","Cumberland",35.041416,-78.953112
"1253",9-09-20,55,"William Owen School","PM 2.5","Cumberland",35.041416,-78.953112
"1254",9-10-20,39,"William Owen School","PM 2.5","Cumberland",35.041416,-78.953112
"1255",9-11-20,49,"William Owen School","PM 2.5","Cumberland",35.041416,-78.953112
"1256",9-12-20,52,"William Owen School","PM 2.5","Cumberland",35.041416,-78.953112
"1257",NA,46,"William Owen School","PM 2.5","Cumberland",35.041416,-78.953112
"1258",NA,23,"William Owen School","PM 2.5","Cumberland",35.041416,-78.953112
"1259",NA,23,"William Owen School","PM 2.5","Cumberland",35.041416,-78.953112
"1260",NA,30,"William Owen School","PM 2.5","Cumberland",35.041416,-78.953112
"1261",NA,29,"William Owen School","PM 2.5","Cumberland",35.041416,-78.953112
"1262",NA,13,"William Owen School","PM 2.5","Cumberland",35.041416,-78.953112
"1263",NA,18,"William Owen School","PM 2.5","Cumberland",35.041416,-78.953112
"1264",NA,29,"William Owen School","PM 2.5","Cumberland",35.041416,-78.953112
"1265",NA,63,"William Owen School","PM 2.5","Cumberland",35.041416,-78.953112
"1266",NA,41,"William Owen School","PM 2.5","Cumberland",35.041416,-78.953112
"1267",NA,31,"William Owen School","PM 2.5","Cumberland",35.041416,-78.953112
"1268",NA,31,"William Owen School","PM 2.5","Cumberland",35.041416,-78.953112
"1269",NA,46,"William Owen School","PM 2.5","Cumberland",35.041416,-78.953112
"1270",NA,53,"William Owen School","PM 2.5","Cumberland",35.041416,-78.953112
"1271",NA,53,"William Owen School","PM 2.5","Cumberland",35.041416,-78.953112
"1272",NA,35,"William Owen School","PM 2.5","Cumberland",35.041416,-78.953112
"1273",NA,51,"William Owen School","PM 2.5","Cumberland",35.041416,-78.953112
"1274",NA,54,"William Owen School","PM 2.5","Cumberland",35.041416,-78.953112
"1275",10-01-20,35,"William Owen School","PM 2.5","Cumberland",35.041416,-78.953112
"1276",10-02-20,56,"William Owen School","PM 2.5","Cumberland",35.041416,-78.953112
"1277",10-03-20,59,"William Owen School","PM 2.5","Cumberland",35.041416,-78.953112
"1278",10-04-20,56,"William Owen School","PM 2.5","Cumberland",35.041416,-78.953112
"1279",10-05-20,13,"William Owen School","PM 2.5","Cumberland",35.041416,-78.953112
"1280",10-06-20,17,"William Owen School","PM 2.5","Cumberland",35.041416,-78.953112
"1281",10-07-20,16,"William Owen School","PM 2.5","Cumberland",35.041416,-78.953112
"1282",10-08-20,10,"William Owen School","PM 2.5","Cumberland",35.041416,-78.953112
"1283",10-09-20,11,"William Owen School","PM 2.5","Cumberland",35.041416,-78.953112
"1284",10-10-20,7,"William Owen School","PM 2.5","Cumberland",35.041416,-78.953112
"1285",10-11-20,24,"William Owen School","PM 2.5","Cumberland",35.041416,-78.953112
"1286",10-12-20,44,"William Owen School","PM 2.5","Cumberland",35.041416,-78.953112
"1287",NA,23,"William Owen School","PM 2.5","Cumberland",35.041416,-78.953112
"1288",NA,23,"William Owen School","PM 2.5","Cumberland",35.041416,-78.953112
"1289",NA,28,"William Owen School","PM 2.5","Cumberland",35.041416,-78.953112
"1290",NA,22,"William Owen School","PM 2.5","Cumberland",35.041416,-78.953112
"1291",NA,7,"William Owen School","PM 2.5","Cumberland",35.041416,-78.953112
"1292",NA,16,"William Owen School","PM 2.5","Cumberland",35.041416,-78.953112
"1293",NA,32,"William Owen School","PM 2.5","Cumberland",35.041416,-78.953112
"1294",NA,4,"William Owen School","PM 2.5","Cumberland",35.041416,-78.953112
"1295",NA,9,"William Owen School","PM 2.5","Cumberland",35.041416,-78.953112
"1296",NA,18,"William Owen School","PM 2.5","Cumberland",35.041416,-78.953112
"1297",NA,19,"William Owen School","PM 2.5","Cumberland",35.041416,-78.953112
"1298",NA,27,"William Owen School","PM 2.5","Cumberland",35.041416,-78.953112
"1299",NA,24,"William Owen School","PM 2.5","Cumberland",35.041416,-78.953112
"1300",NA,25,"William Owen School","PM 2.5","Cumberland",35.041416,-78.953112
"1301",NA,20,"William Owen School","PM 2.5","Cumberland",35.041416,-78.953112
"1302",NA,22,"William Owen School","PM 2.5","Cumberland",35.041416,-78.953112
"1303",NA,22,"William Owen School","PM 2.5","Cumberland",35.041416,-78.953112
"1304",NA,24,"William Owen School","PM 2.5","Cumberland",35.041416,-78.953112
"1305",NA,13,"William Owen School","PM 2.5","Cumberland",35.041416,-78.953112
"1306",11-01-20,11,"William Owen School","PM 2.5","Cumberland",35.041416,-78.953112
"1307",11-02-20,39,"William Owen School","PM 2.5","Cumberland",35.041416,-78.953112
"1308",11-05-20,42,"William Owen School","PM 2.5","Cumberland",35.041416,-78.953112
"1309",11-06-20,33,"William Owen School","PM 2.5","Cumberland",35.041416,-78.953112
"1310",11-07-20,34,"William Owen School","PM 2.5","Cumberland",35.041416,-78.953112
"1311",11-08-20,10,"William Owen School","PM 2.5","Cumberland",35.041416,-78.953112
"1312",11-09-20,23,"William Owen School","PM 2.5","Cumberland",35.041416,-78.953112
"1313",11-10-20,45,"William Owen School","PM 2.5","Cumberland",35.041416,-78.953112
"1314",11-11-20,45,"William Owen School","PM 2.5","Cumberland",35.041416,-78.953112
"1315",11-12-20,23,"William Owen School","PM 2.5","Cumberland",35.041416,-78.953112
"1316",NA,11,"William Owen School","PM 2.5","Cumberland",35.041416,-78.953112
"1317",NA,27,"William Owen School","PM 2.5","Cumberland",35.041416,-78.953112
"1318",NA,21,"William Owen School","PM 2.5","Cumberland",35.041416,-78.953112
"1319",NA,23,"William Owen School","PM 2.5","Cumberland",35.041416,-78.953112
"1320",NA,11,"William Owen School","PM 2.5","Cumberland",35.041416,-78.953112
"1321",NA,13,"William Owen School","PM 2.5","Cumberland",35.041416,-78.953112
"1322",NA,33,"William Owen School","PM 2.5","Cumberland",35.041416,-78.953112
"1323",NA,41,"William Owen School","PM 2.5","Cumberland",35.041416,-78.953112
"1324",NA,43,"William Owen School","PM 2.5","Cumberland",35.041416,-78.953112
"1325",NA,45,"William Owen School","PM 2.5","Cumberland",35.041416,-78.953112
"1326",NA,53,"William Owen School","PM 2.5","Cumberland",35.041416,-78.953112
"1327",NA,13,"William Owen School","PM 2.5","Cumberland",35.041416,-78.953112
"1328",NA,33,"William Owen School","PM 2.5","Cumberland",35.041416,-78.953112
"1329",NA,52,"William Owen School","PM 2.5","Cumberland",35.041416,-78.953112
"1330",NA,46,"William Owen School","PM 2.5","Cumberland",35.041416,-78.953112
"1331",12-03-20,7,"William Owen School","PM 2.5","Cumberland",35.041416,-78.953112
"1332",12-04-20,15,"William Owen School","PM 2.5","Cumberland",35.041416,-78.953112
"1333",12-05-20,37,"William Owen School","PM 2.5","Cumberland",35.041416,-78.953112
"1334",12-06-20,70,"William Owen School","PM 2.5","Cumberland",35.041416,-78.953112
"1335",12-07-20,45,"William Owen School","PM 2.5","Cumberland",35.041416,-78.953112
"1336",12-08-20,23,"William Owen School","PM 2.5","Cumberland",35.041416,-78.953112
"1337",12-09-20,20,"William Owen School","PM 2.5","Cumberland",35.041416,-78.953112
"1338",12-10-20,25,"William Owen School","PM 2.5","Cumberland",35.041416,-78.953112
"1339",12-11-20,2,"William Owen School","PM 2.5","Cumberland",35.041416,-78.953112
"1340",12-12-20,17,"William Owen School","PM 2.5","Cumberland",35.041416,-78.953112
"1341",NA,15,"William Owen School","PM 2.5","Cumberland",35.041416,-78.953112
"1342",NA,3,"William Owen School","PM 2.5","Cumberland",35.041416,-78.953112
"1343",NA,23,"William Owen School","PM 2.5","Cumberland",35.041416,-78.953112
"1344",NA,38,"William Owen School","PM 2.5","Cumberland",35.041416,-78.953112
"1345",NA,11,"William Owen School","PM 2.5","Cumberland",35.041416,-78.953112
"1346",NA,6,"William Owen School","PM 2.5","Cumberland",35.041416,-78.953112
"1347",NA,25,"William Owen School","PM 2.5","Cumberland",35.041416,-78.953112
"1348",NA,54,"William Owen School","PM 2.5","Cumberland",35.041416,-78.953112
"1349",NA,50,"William Owen School","PM 2.5","Cumberland",35.041416,-78.953112
"1350",NA,58,"William Owen School","PM 2.5","Cumberland",35.041416,-78.953112
"1351",NA,32,"William Owen School","PM 2.5","Cumberland",35.041416,-78.953112
"1352",NA,15,"William Owen School","PM 2.5","Cumberland",35.041416,-78.953112
"1353",NA,40,"William Owen School","PM 2.5","Cumberland",35.041416,-78.953112
"1354",NA,44,"William Owen School","PM 2.5","Cumberland",35.041416,-78.953112
"1355",NA,32,"William Owen School","PM 2.5","Cumberland",35.041416,-78.953112
"1356",NA,52,"William Owen School","PM 2.5","Cumberland",35.041416,-78.953112
"1357",NA,19,"William Owen School","PM 2.5","Cumberland",35.041416,-78.953112
"1358",NA,8,"William Owen School","PM 2.5","Cumberland",35.041416,-78.953112
"1359",NA,13,"William Owen School","PM 2.5","Cumberland",35.041416,-78.953112
"1360",1-03-20,28,"Lexington water tower","PM 2.5","Davidson",35.8145,-80.2627
"1361",1-09-20,10,"Lexington water tower","PM 2.5","Davidson",35.8145,-80.2627
"1362",NA,43,"Lexington water tower","PM 2.5","Davidson",35.8145,-80.2627
"1363",NA,17,"Lexington water tower","PM 2.5","Davidson",35.8145,-80.2627
"1364",NA,62,"Lexington water tower","PM 2.5","Davidson",35.8145,-80.2627
"1365",2-02-20,58,"Lexington water tower","PM 2.5","Davidson",35.8145,-80.2627
"1366",2-08-20,27,"Lexington water tower","PM 2.5","Davidson",35.8145,-80.2627
"1367",NA,20,"Lexington water tower","PM 2.5","Davidson",35.8145,-80.2627
"1368",NA,12,"Lexington water tower","PM 2.5","Davidson",35.8145,-80.2627
"1369",NA,35,"Lexington water tower","PM 2.5","Davidson",35.8145,-80.2627
"1370",3-04-20,17,"Lexington water tower","PM 2.5","Davidson",35.8145,-80.2627
"1371",3-10-20,30,"Lexington water tower","PM 2.5","Davidson",35.8145,-80.2627
"1372",NA,18,"Lexington water tower","PM 2.5","Davidson",35.8145,-80.2627
"1373",4-09-20,25,"Lexington water tower","PM 2.5","Davidson",35.8145,-80.2627
"1374",NA,12,"Lexington water tower","PM 2.5","Davidson",35.8145,-80.2627
"1375",NA,10,"Lexington water tower","PM 2.5","Davidson",35.8145,-80.2627
"1376",NA,26,"Lexington water tower","PM 2.5","Davidson",35.8145,-80.2627
"1377",5-03-20,29,"Lexington water tower","PM 2.5","Davidson",35.8145,-80.2627
"1378",NA,35,"Lexington water tower","PM 2.5","Davidson",35.8145,-80.2627
"1379",NA,37,"Lexington water tower","PM 2.5","Davidson",35.8145,-80.2627
"1380",6-02-20,51,"Lexington water tower","PM 2.5","Davidson",35.8145,-80.2627
"1381",6-08-20,16,"Lexington water tower","PM 2.5","Davidson",35.8145,-80.2627
"1382",NA,16,"Lexington water tower","PM 2.5","Davidson",35.8145,-80.2627
"1383",NA,33,"Lexington water tower","PM 2.5","Davidson",35.8145,-80.2627
"1384",NA,30,"Lexington water tower","PM 2.5","Davidson",35.8145,-80.2627
"1385",7-02-20,47,"Lexington water tower","PM 2.5","Davidson",35.8145,-80.2627
"1386",7-08-20,38,"Lexington water tower","PM 2.5","Davidson",35.8145,-80.2627
"1387",NA,36,"Lexington water tower","PM 2.5","Davidson",35.8145,-80.2627
"1388",NA,28,"Lexington water tower","PM 2.5","Davidson",35.8145,-80.2627
"1389",NA,40,"Lexington water tower","PM 2.5","Davidson",35.8145,-80.2627
"1390",8-01-20,39,"Lexington water tower","PM 2.5","Davidson",35.8145,-80.2627
"1391",8-07-20,39,"Lexington water tower","PM 2.5","Davidson",35.8145,-80.2627
"1392",NA,45,"Lexington water tower","PM 2.5","Davidson",35.8145,-80.2627
"1393",NA,40,"Lexington water tower","PM 2.5","Davidson",35.8145,-80.2627
"1394",NA,24,"Lexington water tower","PM 2.5","Davidson",35.8145,-80.2627
"1395",NA,43,"Lexington water tower","PM 2.5","Davidson",35.8145,-80.2627
"1396",9-06-20,32,"Lexington water tower","PM 2.5","Davidson",35.8145,-80.2627
"1397",9-12-20,60,"Lexington water tower","PM 2.5","Davidson",35.8145,-80.2627
"1398",NA,30,"Lexington water tower","PM 2.5","Davidson",35.8145,-80.2627
"1399",NA,32,"Lexington water tower","PM 2.5","Davidson",35.8145,-80.2627
"1400",NA,65,"Lexington water tower","PM 2.5","Davidson",35.8145,-80.2627
"1401",1-01-20,35,"Lexington water tower","PM 2.5","Davidson",35.8145,-80.2627
"1402",1-02-20,27,"Lexington water tower","PM 2.5","Davidson",35.8145,-80.2627
"1403",1-03-20,36,"Lexington water tower","PM 2.5","Davidson",35.8145,-80.2627
"1404",1-04-20,28,"Lexington water tower","PM 2.5","Davidson",35.8145,-80.2627
"1405",1-05-20,11,"Lexington water tower","PM 2.5","Davidson",35.8145,-80.2627
"1406",1-06-20,33,"Lexington water tower","PM 2.5","Davidson",35.8145,-80.2627
"1407",1-07-20,35,"Lexington water tower","PM 2.5","Davidson",35.8145,-80.2627
"1408",1-08-20,47,"Lexington water tower","PM 2.5","Davidson",35.8145,-80.2627
"1409",1-09-20,16,"Lexington water tower","PM 2.5","Davidson",35.8145,-80.2627
"1410",1-10-20,23,"Lexington water tower","PM 2.5","Davidson",35.8145,-80.2627
"1411",1-11-20,44,"Lexington water tower","PM 2.5","Davidson",35.8145,-80.2627
"1412",1-12-20,54,"Lexington water tower","PM 2.5","Davidson",35.8145,-80.2627
"1413",NA,18,"Lexington water tower","PM 2.5","Davidson",35.8145,-80.2627
"1414",NA,32,"Lexington water tower","PM 2.5","Davidson",35.8145,-80.2627
"1415",NA,53,"Lexington water tower","PM 2.5","Davidson",35.8145,-80.2627
"1416",NA,53,"Lexington water tower","PM 2.5","Davidson",35.8145,-80.2627
"1417",NA,46,"Lexington water tower","PM 2.5","Davidson",35.8145,-80.2627
"1418",NA,62,"Lexington water tower","PM 2.5","Davidson",35.8145,-80.2627
"1419",NA,49,"Lexington water tower","PM 2.5","Davidson",35.8145,-80.2627
"1420",NA,18,"Lexington water tower","PM 2.5","Davidson",35.8145,-80.2627
"1421",NA,20,"Lexington water tower","PM 2.5","Davidson",35.8145,-80.2627
"1422",NA,43,"Lexington water tower","PM 2.5","Davidson",35.8145,-80.2627
"1423",NA,43,"Lexington water tower","PM 2.5","Davidson",35.8145,-80.2627
"1424",NA,18,"Lexington water tower","PM 2.5","Davidson",35.8145,-80.2627
"1425",NA,43,"Lexington water tower","PM 2.5","Davidson",35.8145,-80.2627
"1426",NA,60,"Lexington water tower","PM 2.5","Davidson",35.8145,-80.2627
"1427",NA,66,"Lexington water tower","PM 2.5","Davidson",35.8145,-80.2627
"1428",NA,45,"Lexington water tower","PM 2.5","Davidson",35.8145,-80.2627
"1429",NA,40,"Lexington water tower","PM 2.5","Davidson",35.8145,-80.2627
"1430",NA,24,"Lexington water tower","PM 2.5","Davidson",35.8145,-80.2627
"1431",NA,36,"Lexington water tower","PM 2.5","Davidson",35.8145,-80.2627
"1432",2-01-20,53,"Lexington water tower","PM 2.5","Davidson",35.8145,-80.2627
"1433",2-02-20,62,"Lexington water tower","PM 2.5","Davidson",35.8145,-80.2627
"1434",2-03-20,73,"Lexington water tower","PM 2.5","Davidson",35.8145,-80.2627
"1435",2-04-20,56,"Lexington water tower","PM 2.5","Davidson",35.8145,-80.2627
"1436",2-05-20,54,"Lexington water tower","PM 2.5","Davidson",35.8145,-80.2627
"1437",2-06-20,54,"Lexington water tower","PM 2.5","Davidson",35.8145,-80.2627
"1438",2-07-20,33,"Lexington water tower","PM 2.5","Davidson",35.8145,-80.2627
"1439",2-08-20,36,"Lexington water tower","PM 2.5","Davidson",35.8145,-80.2627
"1440",2-09-20,24,"Lexington water tower","PM 2.5","Davidson",35.8145,-80.2627
"1441",2-10-20,45,"Lexington water tower","PM 2.5","Davidson",35.8145,-80.2627
"1442",2-11-20,50,"Lexington water tower","PM 2.5","Davidson",35.8145,-80.2627
"1443",2-12-20,12,"Lexington water tower","PM 2.5","Davidson",35.8145,-80.2627
"1444",NA,16,"Lexington water tower","PM 2.5","Davidson",35.8145,-80.2627
"1445",NA,26,"Lexington water tower","PM 2.5","Davidson",35.8145,-80.2627
"1446",NA,48,"Lexington water tower","PM 2.5","Davidson",35.8145,-80.2627
"1447",NA,37,"Lexington water tower","PM 2.5","Davidson",35.8145,-80.2627
"1448",NA,34,"Lexington water tower","PM 2.5","Davidson",35.8145,-80.2627
"1449",NA,17,"Lexington water tower","PM 2.5","Davidson",35.8145,-80.2627
"1450",NA,28,"Lexington water tower","PM 2.5","Davidson",35.8145,-80.2627
"1451",NA,18,"Lexington water tower","PM 2.5","Davidson",35.8145,-80.2627
"1452",NA,27,"Lexington water tower","PM 2.5","Davidson",35.8145,-80.2627
"1453",NA,20,"Lexington water tower","PM 2.5","Davidson",35.8145,-80.2627
"1454",NA,12,"Lexington water tower","PM 2.5","Davidson",35.8145,-80.2627
"1455",NA,15,"Lexington water tower","PM 2.5","Davidson",35.8145,-80.2627
"1456",NA,10,"Lexington water tower","PM 2.5","Davidson",35.8145,-80.2627
"1457",NA,37,"Lexington water tower","PM 2.5","Davidson",35.8145,-80.2627
"1458",NA,53,"Lexington water tower","PM 2.5","Davidson",35.8145,-80.2627
"1459",NA,54,"Lexington water tower","PM 2.5","Davidson",35.8145,-80.2627
"1460",3-01-20,27,"Lexington water tower","PM 2.5","Davidson",35.8145,-80.2627
"1461",3-02-20,22,"Lexington water tower","PM 2.5","Davidson",35.8145,-80.2627
"1462",3-03-20,34,"Lexington water tower","PM 2.5","Davidson",35.8145,-80.2627
"1463",3-04-20,24,"Lexington water tower","PM 2.5","Davidson",35.8145,-80.2627
"1464",3-05-20,20,"Lexington water tower","PM 2.5","Davidson",35.8145,-80.2627
"1465",3-06-20,21,"Lexington water tower","PM 2.5","Davidson",35.8145,-80.2627
"1466",3-07-20,45,"Lexington water tower","PM 2.5","Davidson",35.8145,-80.2627
"1467",3-08-20,52,"Lexington water tower","PM 2.5","Davidson",35.8145,-80.2627
"1468",3-09-20,57,"Lexington water tower","PM 2.5","Davidson",35.8145,-80.2627
"1469",3-10-20,34,"Lexington water tower","PM 2.5","Davidson",35.8145,-80.2627
"1470",3-11-20,18,"Lexington water tower","PM 2.5","Davidson",35.8145,-80.2627
"1471",3-12-20,24,"Lexington water tower","PM 2.5","Davidson",35.8145,-80.2627
"1472",NA,52,"Lexington water tower","PM 2.5","Davidson",35.8145,-80.2627
"1473",NA,29,"Lexington water tower","PM 2.5","Davidson",35.8145,-80.2627
"1474",NA,41,"Lexington water tower","PM 2.5","Davidson",35.8145,-80.2627
"1475",NA,15,"Lexington water tower","PM 2.5","Davidson",35.8145,-80.2627
"1476",NA,23,"Lexington water tower","PM 2.5","Davidson",35.8145,-80.2627
"1477",NA,31,"Lexington water tower","PM 2.5","Davidson",35.8145,-80.2627
"1478",NA,33,"Lexington water tower","PM 2.5","Davidson",35.8145,-80.2627
"1479",NA,43,"Lexington water tower","PM 2.5","Davidson",35.8145,-80.2627
"1480",NA,32,"Lexington water tower","PM 2.5","Davidson",35.8145,-80.2627
"1481",NA,25,"Lexington water tower","PM 2.5","Davidson",35.8145,-80.2627
"1482",NA,22,"Lexington water tower","PM 2.5","Davidson",35.8145,-80.2627
"1483",NA,54,"Lexington water tower","PM 2.5","Davidson",35.8145,-80.2627
"1484",NA,55,"Lexington water tower","PM 2.5","Davidson",35.8145,-80.2627
"1485",NA,40,"Lexington water tower","PM 2.5","Davidson",35.8145,-80.2627
"1486",NA,20,"Lexington water tower","PM 2.5","Davidson",35.8145,-80.2627
"1487",NA,40,"Lexington water tower","PM 2.5","Davidson",35.8145,-80.2627
"1488",NA,55,"Lexington water tower","PM 2.5","Davidson",35.8145,-80.2627
"1489",NA,59,"Lexington water tower","PM 2.5","Davidson",35.8145,-80.2627
"1490",NA,31,"Lexington water tower","PM 2.5","Davidson",35.8145,-80.2627
"1491",4-01-20,19,"Lexington water tower","PM 2.5","Davidson",35.8145,-80.2627
"1492",4-02-20,38,"Lexington water tower","PM 2.5","Davidson",35.8145,-80.2627
"1493",4-03-20,40,"Lexington water tower","PM 2.5","Davidson",35.8145,-80.2627
"1494",4-04-20,54,"Lexington water tower","PM 2.5","Davidson",35.8145,-80.2627
"1495",4-05-20,31,"Lexington water tower","PM 2.5","Davidson",35.8145,-80.2627
"1496",4-06-20,29,"Lexington water tower","PM 2.5","Davidson",35.8145,-80.2627
"1497",4-07-20,51,"Lexington water tower","PM 2.5","Davidson",35.8145,-80.2627
"1498",4-08-20,47,"Lexington water tower","PM 2.5","Davidson",35.8145,-80.2627
"1499",4-09-20,28,"Lexington water tower","PM 2.5","Davidson",35.8145,-80.2627
"1500",4-10-20,27,"Lexington water tower","PM 2.5","Davidson",35.8145,-80.2627
"1501",4-11-20,36,"Lexington water tower","PM 2.5","Davidson",35.8145,-80.2627
"1502",4-12-20,30,"Lexington water tower","PM 2.5","Davidson",35.8145,-80.2627
"1503",NA,33,"Lexington water tower","PM 2.5","Davidson",35.8145,-80.2627
"1504",NA,33,"Lexington water tower","PM 2.5","Davidson",35.8145,-80.2627
"1505",NA,14,"Lexington water tower","PM 2.5","Davidson",35.8145,-80.2627
"1506",NA,16,"Lexington water tower","PM 2.5","Davidson",35.8145,-80.2627
"1507",NA,47,"Lexington water tower","PM 2.5","Davidson",35.8145,-80.2627
"1508",NA,43,"Lexington water tower","PM 2.5","Davidson",35.8145,-80.2627
"1509",NA,32,"Lexington water tower","PM 2.5","Davidson",35.8145,-80.2627
"1510",NA,15,"Lexington water tower","PM 2.5","Davidson",35.8145,-80.2627
"1511",NA,14,"Lexington water tower","PM 2.5","Davidson",35.8145,-80.2627
"1512",NA,15,"Lexington water tower","PM 2.5","Davidson",35.8145,-80.2627
"1513",NA,33,"Lexington water tower","PM 2.5","Davidson",35.8145,-80.2627
"1514",NA,37,"Lexington water tower","PM 2.5","Davidson",35.8145,-80.2627
"1515",NA,56,"Lexington water tower","PM 2.5","Davidson",35.8145,-80.2627
"1516",NA,40,"Lexington water tower","PM 2.5","Davidson",35.8145,-80.2627
"1517",NA,29,"Lexington water tower","PM 2.5","Davidson",35.8145,-80.2627
"1518",NA,54,"Lexington water tower","PM 2.5","Davidson",35.8145,-80.2627
"1519",NA,39,"Lexington water tower","PM 2.5","Davidson",35.8145,-80.2627
"1520",NA,56,"Lexington water tower","PM 2.5","Davidson",35.8145,-80.2627
"1521",5-01-20,51,"Lexington water tower","PM 2.5","Davidson",35.8145,-80.2627
"1522",5-02-20,42,"Lexington water tower","PM 2.5","Davidson",35.8145,-80.2627
"1523",5-03-20,40,"Lexington water tower","PM 2.5","Davidson",35.8145,-80.2627
"1524",5-04-20,38,"Lexington water tower","PM 2.5","Davidson",35.8145,-80.2627
"1525",5-05-20,19,"Lexington water tower","PM 2.5","Davidson",35.8145,-80.2627
"1526",5-06-20,26,"Lexington water tower","PM 2.5","Davidson",35.8145,-80.2627
"1527",5-07-20,35,"Lexington water tower","PM 2.5","Davidson",35.8145,-80.2627
"1528",5-08-20,43,"Lexington water tower","PM 2.5","Davidson",35.8145,-80.2627
"1529",5-09-20,29,"Lexington water tower","PM 2.5","Davidson",35.8145,-80.2627
"1530",5-10-20,26,"Lexington water tower","PM 2.5","Davidson",35.8145,-80.2627
"1531",5-11-20,31,"Lexington water tower","PM 2.5","Davidson",35.8145,-80.2627
"1532",5-12-20,22,"Lexington water tower","PM 2.5","Davidson",35.8145,-80.2627
"1533",NA,20,"Lexington water tower","PM 2.5","Davidson",35.8145,-80.2627
"1534",NA,17,"Lexington water tower","PM 2.5","Davidson",35.8145,-80.2627
"1535",NA,31,"Lexington water tower","PM 2.5","Davidson",35.8145,-80.2627
"1536",NA,44,"Lexington water tower","PM 2.5","Davidson",35.8145,-80.2627
"1537",NA,50,"Lexington water tower","PM 2.5","Davidson",35.8145,-80.2627
"1538",NA,53,"Lexington water tower","PM 2.5","Davidson",35.8145,-80.2627
"1539",NA,52,"Lexington water tower","PM 2.5","Davidson",35.8145,-80.2627
"1540",NA,63,"Lexington water tower","PM 2.5","Davidson",35.8145,-80.2627
"1541",NA,54,"Lexington water tower","PM 2.5","Davidson",35.8145,-80.2627
"1542",NA,38,"Lexington water tower","PM 2.5","Davidson",35.8145,-80.2627
"1543",NA,51,"Lexington water tower","PM 2.5","Davidson",35.8145,-80.2627
"1544",NA,50,"Lexington water tower","PM 2.5","Davidson",35.8145,-80.2627
"1545",NA,47,"Lexington water tower","PM 2.5","Davidson",35.8145,-80.2627
"1546",NA,40,"Lexington water tower","PM 2.5","Davidson",35.8145,-80.2627
"1547",6-01-20,30,"Lexington water tower","PM 2.5","Davidson",35.8145,-80.2627
"1548",6-02-20,52,"Lexington water tower","PM 2.5","Davidson",35.8145,-80.2627
"1549",6-03-20,53,"Lexington water tower","PM 2.5","Davidson",35.8145,-80.2627
"1550",6-04-20,35,"Lexington water tower","PM 2.5","Davidson",35.8145,-80.2627
"1551",6-05-20,58,"Lexington water tower","PM 2.5","Davidson",35.8145,-80.2627
"1552",6-06-20,61,"Lexington water tower","PM 2.5","Davidson",35.8145,-80.2627
"1553",6-07-20,35,"Lexington water tower","PM 2.5","Davidson",35.8145,-80.2627
"1554",6-08-20,19,"Lexington water tower","PM 2.5","Davidson",35.8145,-80.2627
"1555",6-09-20,17,"Lexington water tower","PM 2.5","Davidson",35.8145,-80.2627
"1556",6-10-20,26,"Lexington water tower","PM 2.5","Davidson",35.8145,-80.2627
"1557",6-11-20,20,"Lexington water tower","PM 2.5","Davidson",35.8145,-80.2627
"1558",6-12-20,25,"Lexington water tower","PM 2.5","Davidson",35.8145,-80.2627
"1559",NA,22,"Lexington water tower","PM 2.5","Davidson",35.8145,-80.2627
"1560",NA,15,"Lexington water tower","PM 2.5","Davidson",35.8145,-80.2627
"1561",NA,38,"Lexington water tower","PM 2.5","Davidson",35.8145,-80.2627
"1562",NA,44,"Lexington water tower","PM 2.5","Davidson",35.8145,-80.2627
"1563",NA,51,"Lexington water tower","PM 2.5","Davidson",35.8145,-80.2627
"1564",NA,24,"Lexington water tower","PM 2.5","Davidson",35.8145,-80.2627
"1565",NA,28,"Lexington water tower","PM 2.5","Davidson",35.8145,-80.2627
"1566",NA,40,"Lexington water tower","PM 2.5","Davidson",35.8145,-80.2627
"1567",NA,20,"Lexington water tower","PM 2.5","Davidson",35.8145,-80.2627
"1568",NA,33,"Lexington water tower","PM 2.5","Davidson",35.8145,-80.2627
"1569",NA,45,"Lexington water tower","PM 2.5","Davidson",35.8145,-80.2627
"1570",NA,54,"Lexington water tower","PM 2.5","Davidson",35.8145,-80.2627
"1571",NA,27,"Lexington water tower","PM 2.5","Davidson",35.8145,-80.2627
"1572",NA,31,"Lexington water tower","PM 2.5","Davidson",35.8145,-80.2627
"1573",NA,45,"Lexington water tower","PM 2.5","Davidson",35.8145,-80.2627
"1574",NA,57,"Lexington water tower","PM 2.5","Davidson",35.8145,-80.2627
"1575",NA,60,"Lexington water tower","PM 2.5","Davidson",35.8145,-80.2627
"1576",NA,53,"Lexington water tower","PM 2.5","Davidson",35.8145,-80.2627
"1577",7-01-20,48,"Lexington water tower","PM 2.5","Davidson",35.8145,-80.2627
"1578",7-02-20,52,"Lexington water tower","PM 2.5","Davidson",35.8145,-80.2627
"1579",7-03-20,43,"Lexington water tower","PM 2.5","Davidson",35.8145,-80.2627
"1580",7-04-20,57,"Lexington water tower","PM 2.5","Davidson",35.8145,-80.2627
"1581",7-05-20,53,"Lexington water tower","PM 2.5","Davidson",35.8145,-80.2627
"1582",7-06-20,52,"Lexington water tower","PM 2.5","Davidson",35.8145,-80.2627
"1583",7-07-20,51,"Lexington water tower","PM 2.5","Davidson",35.8145,-80.2627
"1584",7-08-20,45,"Lexington water tower","PM 2.5","Davidson",35.8145,-80.2627
"1585",7-09-20,36,"Lexington water tower","PM 2.5","Davidson",35.8145,-80.2627
"1586",7-10-20,42,"Lexington water tower","PM 2.5","Davidson",35.8145,-80.2627
"1587",7-11-20,42,"Lexington water tower","PM 2.5","Davidson",35.8145,-80.2627
"1588",7-12-20,33,"Lexington water tower","PM 2.5","Davidson",35.8145,-80.2627
"1589",NA,44,"Lexington water tower","PM 2.5","Davidson",35.8145,-80.2627
"1590",NA,36,"Lexington water tower","PM 2.5","Davidson",35.8145,-80.2627
"1591",NA,52,"Lexington water tower","PM 2.5","Davidson",35.8145,-80.2627
"1592",NA,61,"Lexington water tower","PM 2.5","Davidson",35.8145,-80.2627
"1593",NA,61,"Lexington water tower","PM 2.5","Davidson",35.8145,-80.2627
"1594",NA,29,"Lexington water tower","PM 2.5","Davidson",35.8145,-80.2627
"1595",NA,42,"Lexington water tower","PM 2.5","Davidson",35.8145,-80.2627
"1596",NA,35,"Lexington water tower","PM 2.5","Davidson",35.8145,-80.2627
"1597",NA,43,"Lexington water tower","PM 2.5","Davidson",35.8145,-80.2627
"1598",NA,32,"Lexington water tower","PM 2.5","Davidson",35.8145,-80.2627
"1599",NA,25,"Lexington water tower","PM 2.5","Davidson",35.8145,-80.2627
"1600",NA,30,"Lexington water tower","PM 2.5","Davidson",35.8145,-80.2627
"1601",NA,35,"Lexington water tower","PM 2.5","Davidson",35.8145,-80.2627
"1602",NA,47,"Lexington water tower","PM 2.5","Davidson",35.8145,-80.2627
"1603",NA,57,"Lexington water tower","PM 2.5","Davidson",35.8145,-80.2627
"1604",NA,56,"Lexington water tower","PM 2.5","Davidson",35.8145,-80.2627
"1605",NA,56,"Lexington water tower","PM 2.5","Davidson",35.8145,-80.2627
"1606",NA,52,"Lexington water tower","PM 2.5","Davidson",35.8145,-80.2627
"1607",NA,51,"Lexington water tower","PM 2.5","Davidson",35.8145,-80.2627
"1608",8-01-20,50,"Lexington water tower","PM 2.5","Davidson",35.8145,-80.2627
"1609",8-02-20,35,"Lexington water tower","PM 2.5","Davidson",35.8145,-80.2627
"1610",8-03-20,46,"Lexington water tower","PM 2.5","Davidson",35.8145,-80.2627
"1611",8-04-20,45,"Lexington water tower","PM 2.5","Davidson",35.8145,-80.2627
"1612",8-05-20,42,"Lexington water tower","PM 2.5","Davidson",35.8145,-80.2627
"1613",8-06-20,48,"Lexington water tower","PM 2.5","Davidson",35.8145,-80.2627
"1614",8-07-20,43,"Lexington water tower","PM 2.5","Davidson",35.8145,-80.2627
"1615",8-08-20,35,"Lexington water tower","PM 2.5","Davidson",35.8145,-80.2627
"1616",NA,27,"Lexington water tower","PM 2.5","Davidson",35.8145,-80.2627
"1617",NA,39,"Lexington water tower","PM 2.5","Davidson",35.8145,-80.2627
"1618",NA,40,"Lexington water tower","PM 2.5","Davidson",35.8145,-80.2627
"1619",NA,39,"Lexington water tower","PM 2.5","Davidson",35.8145,-80.2627
"1620",NA,33,"Lexington water tower","PM 2.5","Davidson",35.8145,-80.2627
"1621",NA,38,"Lexington water tower","PM 2.5","Davidson",35.8145,-80.2627
"1622",NA,28,"Lexington water tower","PM 2.5","Davidson",35.8145,-80.2627
"1623",NA,25,"Lexington water tower","PM 2.5","Davidson",35.8145,-80.2627
"1624",NA,34,"Lexington water tower","PM 2.5","Davidson",35.8145,-80.2627
"1625",NA,23,"Lexington water tower","PM 2.5","Davidson",35.8145,-80.2627
"1626",NA,21,"Lexington water tower","PM 2.5","Davidson",35.8145,-80.2627
"1627",NA,16,"Lexington water tower","PM 2.5","Davidson",35.8145,-80.2627
"1628",NA,15,"Lexington water tower","PM 2.5","Davidson",35.8145,-80.2627
"1629",NA,13,"Lexington water tower","PM 2.5","Davidson",35.8145,-80.2627
"1630",NA,22,"Lexington water tower","PM 2.5","Davidson",35.8145,-80.2627
"1631",NA,18,"Lexington water tower","PM 2.5","Davidson",35.8145,-80.2627
"1632",NA,28,"Lexington water tower","PM 2.5","Davidson",35.8145,-80.2627
"1633",NA,38,"Lexington water tower","PM 2.5","Davidson",35.8145,-80.2627
"1634",9-01-20,33,"Lexington water tower","PM 2.5","Davidson",35.8145,-80.2627
"1635",9-02-20,18,"Lexington water tower","PM 2.5","Davidson",35.8145,-80.2627
"1636",9-03-20,32,"Lexington water tower","PM 2.5","Davidson",35.8145,-80.2627
"1637",9-04-20,35,"Lexington water tower","PM 2.5","Davidson",35.8145,-80.2627
"1638",9-05-20,25,"Lexington water tower","PM 2.5","Davidson",35.8145,-80.2627
"1639",9-06-20,24,"Lexington water tower","PM 2.5","Davidson",35.8145,-80.2627
"1640",9-07-20,32,"Lexington water tower","PM 2.5","Davidson",35.8145,-80.2627
"1641",9-08-20,36,"Lexington water tower","PM 2.5","Davidson",35.8145,-80.2627
"1642",9-09-20,57,"Lexington water tower","PM 2.5","Davidson",35.8145,-80.2627
"1643",9-10-20,56,"Lexington water tower","PM 2.5","Davidson",35.8145,-80.2627
"1644",9-11-20,57,"Lexington water tower","PM 2.5","Davidson",35.8145,-80.2627
"1645",9-12-20,57,"Lexington water tower","PM 2.5","Davidson",35.8145,-80.2627
"1646",NA,49,"Lexington water tower","PM 2.5","Davidson",35.8145,-80.2627
"1647",NA,21,"Lexington water tower","PM 2.5","Davidson",35.8145,-80.2627
"1648",NA,35,"Lexington water tower","PM 2.5","Davidson",35.8145,-80.2627
"1649",NA,38,"Lexington water tower","PM 2.5","Davidson",35.8145,-80.2627
"1650",NA,44,"Lexington water tower","PM 2.5","Davidson",35.8145,-80.2627
"1651",NA,23,"Lexington water tower","PM 2.5","Davidson",35.8145,-80.2627
"1652",NA,25,"Lexington water tower","PM 2.5","Davidson",35.8145,-80.2627
"1653",NA,26,"Lexington water tower","PM 2.5","Davidson",35.8145,-80.2627
"1654",NA,35,"Lexington water tower","PM 2.5","Davidson",35.8145,-80.2627
"1655",NA,36,"Lexington water tower","PM 2.5","Davidson",35.8145,-80.2627
"1656",NA,31,"Lexington water tower","PM 2.5","Davidson",35.8145,-80.2627
"1657",NA,26,"Lexington water tower","PM 2.5","Davidson",35.8145,-80.2627
"1658",NA,33,"Lexington water tower","PM 2.5","Davidson",35.8145,-80.2627
"1659",NA,38,"Lexington water tower","PM 2.5","Davidson",35.8145,-80.2627
"1660",NA,44,"Lexington water tower","PM 2.5","Davidson",35.8145,-80.2627
"1661",NA,47,"Lexington water tower","PM 2.5","Davidson",35.8145,-80.2627
"1662",NA,49,"Lexington water tower","PM 2.5","Davidson",35.8145,-80.2627
"1663",NA,63,"Lexington water tower","PM 2.5","Davidson",35.8145,-80.2627
"1664",10-01-20,63,"Lexington water tower","PM 2.5","Davidson",35.8145,-80.2627
"1665",10-02-20,57,"Lexington water tower","PM 2.5","Davidson",35.8145,-80.2627
"1666",10-03-20,48,"Lexington water tower","PM 2.5","Davidson",35.8145,-80.2627
"1667",10-04-20,36,"Lexington water tower","PM 2.5","Davidson",35.8145,-80.2627
"1668",10-05-20,13,"Lexington water tower","PM 2.5","Davidson",35.8145,-80.2627
"1669",10-06-20,20,"Lexington water tower","PM 2.5","Davidson",35.8145,-80.2627
"1670",10-07-20,13,"Lexington water tower","PM 2.5","Davidson",35.8145,-80.2627
"1671",10-08-20,12,"Lexington water tower","PM 2.5","Davidson",35.8145,-80.2627
"1672",10-09-20,13,"Lexington water tower","PM 2.5","Davidson",35.8145,-80.2627
"1673",10-10-20,19,"Lexington water tower","PM 2.5","Davidson",35.8145,-80.2627
"1674",10-11-20,20,"Lexington water tower","PM 2.5","Davidson",35.8145,-80.2627
"1675",10-12-20,34,"Lexington water tower","PM 2.5","Davidson",35.8145,-80.2627
"1676",NA,27,"Lexington water tower","PM 2.5","Davidson",35.8145,-80.2627
"1677",NA,17,"Lexington water tower","PM 2.5","Davidson",35.8145,-80.2627
"1678",NA,25,"Lexington water tower","PM 2.5","Davidson",35.8145,-80.2627
"1679",NA,9,"Lexington water tower","PM 2.5","Davidson",35.8145,-80.2627
"1680",NA,6,"Lexington water tower","PM 2.5","Davidson",35.8145,-80.2627
"1681",NA,17,"Lexington water tower","PM 2.5","Davidson",35.8145,-80.2627
"1682",NA,32,"Lexington water tower","PM 2.5","Davidson",35.8145,-80.2627
"1683",NA,5,"Lexington water tower","PM 2.5","Davidson",35.8145,-80.2627
"1684",NA,14,"Lexington water tower","PM 2.5","Davidson",35.8145,-80.2627
"1685",NA,13,"Lexington water tower","PM 2.5","Davidson",35.8145,-80.2627
"1686",NA,17,"Lexington water tower","PM 2.5","Davidson",35.8145,-80.2627
"1687",NA,33,"Lexington water tower","PM 2.5","Davidson",35.8145,-80.2627
"1688",NA,40,"Lexington water tower","PM 2.5","Davidson",35.8145,-80.2627
"1689",NA,29,"Lexington water tower","PM 2.5","Davidson",35.8145,-80.2627
"1690",NA,5,"Lexington water tower","PM 2.5","Davidson",35.8145,-80.2627
"1691",NA,18,"Lexington water tower","PM 2.5","Davidson",35.8145,-80.2627
"1692",NA,32,"Lexington water tower","PM 2.5","Davidson",35.8145,-80.2627
"1693",NA,23,"Lexington water tower","PM 2.5","Davidson",35.8145,-80.2627
"1694",NA,8,"Lexington water tower","PM 2.5","Davidson",35.8145,-80.2627
"1695",11-01-20,13,"Lexington water tower","PM 2.5","Davidson",35.8145,-80.2627
"1696",11-02-20,25,"Lexington water tower","PM 2.5","Davidson",35.8145,-80.2627
"1697",11-03-20,26,"Lexington water tower","PM 2.5","Davidson",35.8145,-80.2627
"1698",11-04-20,44,"Lexington water tower","PM 2.5","Davidson",35.8145,-80.2627
"1699",11-05-20,48,"Lexington water tower","PM 2.5","Davidson",35.8145,-80.2627
"1700",11-06-20,32,"Lexington water tower","PM 2.5","Davidson",35.8145,-80.2627
"1701",11-07-20,52,"Lexington water tower","PM 2.5","Davidson",35.8145,-80.2627
"1702",11-08-20,12,"Lexington water tower","PM 2.5","Davidson",35.8145,-80.2627
"1703",11-09-20,43,"Lexington water tower","PM 2.5","Davidson",35.8145,-80.2627
"1704",11-10-20,64,"Lexington water tower","PM 2.5","Davidson",35.8145,-80.2627
"1705",11-11-20,43,"Lexington water tower","PM 2.5","Davidson",35.8145,-80.2627
"1706",11-12-20,16,"Lexington water tower","PM 2.5","Davidson",35.8145,-80.2627
"1707",NA,25,"Lexington water tower","PM 2.5","Davidson",35.8145,-80.2627
"1708",NA,58,"Lexington water tower","PM 2.5","Davidson",35.8145,-80.2627
"1709",NA,36,"Lexington water tower","PM 2.5","Davidson",35.8145,-80.2627
"1710",NA,25,"Lexington water tower","PM 2.5","Davidson",35.8145,-80.2627
"1711",NA,11,"Lexington water tower","PM 2.5","Davidson",35.8145,-80.2627
"1712",NA,12,"Lexington water tower","PM 2.5","Davidson",35.8145,-80.2627
"1713",NA,52,"Lexington water tower","PM 2.5","Davidson",35.8145,-80.2627
"1714",NA,39,"Lexington water tower","PM 2.5","Davidson",35.8145,-80.2627
"1715",NA,38,"Lexington water tower","PM 2.5","Davidson",35.8145,-80.2627
"1716",NA,64,"Lexington water tower","PM 2.5","Davidson",35.8145,-80.2627
"1717",NA,26,"Lexington water tower","PM 2.5","Davidson",35.8145,-80.2627
"1718",NA,5,"Lexington water tower","PM 2.5","Davidson",35.8145,-80.2627
"1719",NA,35,"Lexington water tower","PM 2.5","Davidson",35.8145,-80.2627
"1720",NA,54,"Lexington water tower","PM 2.5","Davidson",35.8145,-80.2627
"1721",NA,51,"Lexington water tower","PM 2.5","Davidson",35.8145,-80.2627
"1722",NA,8,"Lexington water tower","PM 2.5","Davidson",35.8145,-80.2627
"1723",NA,23,"Lexington water tower","PM 2.5","Davidson",35.8145,-80.2627
"1724",NA,53,"Lexington water tower","PM 2.5","Davidson",35.8145,-80.2627
"1725",12-01-20,33,"Lexington water tower","PM 2.5","Davidson",35.8145,-80.2627
"1726",12-02-20,4,"Lexington water tower","PM 2.5","Davidson",35.8145,-80.2627
"1727",12-03-20,5,"Lexington water tower","PM 2.5","Davidson",35.8145,-80.2627
"1728",12-04-20,18,"Lexington water tower","PM 2.5","Davidson",35.8145,-80.2627
"1729",12-05-20,25,"Lexington water tower","PM 2.5","Davidson",35.8145,-80.2627
"1730",12-06-20,63,"Lexington water tower","PM 2.5","Davidson",35.8145,-80.2627
"1731",12-07-20,51,"Lexington water tower","PM 2.5","Davidson",35.8145,-80.2627
"1732",12-08-20,39,"Lexington water tower","PM 2.5","Davidson",35.8145,-80.2627
"1733",12-09-20,46,"Lexington water tower","PM 2.5","Davidson",35.8145,-80.2627
"1734",12-10-20,28,"Lexington water tower","PM 2.5","Davidson",35.8145,-80.2627
"1735",12-11-20,20,"Lexington water tower","PM 2.5","Davidson",35.8145,-80.2627
"1736",12-12-20,35,"Lexington water tower","PM 2.5","Davidson",35.8145,-80.2627
"1737",NA,17,"Lexington water tower","PM 2.5","Davidson",35.8145,-80.2627
"1738",NA,6,"Lexington water tower","PM 2.5","Davidson",35.8145,-80.2627
"1739",NA,25,"Lexington water tower","PM 2.5","Davidson",35.8145,-80.2627
"1740",NA,43,"Lexington water tower","PM 2.5","Davidson",35.8145,-80.2627
"1741",NA,10,"Lexington water tower","PM 2.5","Davidson",35.8145,-80.2627
"1742",NA,13,"Lexington water tower","PM 2.5","Davidson",35.8145,-80.2627
"1743",NA,38,"Lexington water tower","PM 2.5","Davidson",35.8145,-80.2627
"1744",NA,56,"Lexington water tower","PM 2.5","Davidson",35.8145,-80.2627
"1745",NA,59,"Lexington water tower","PM 2.5","Davidson",35.8145,-80.2627
"1746",NA,91,"Lexington water tower","PM 2.5","Davidson",35.8145,-80.2627
"1747",NA,43,"Lexington water tower","PM 2.5","Davidson",35.8145,-80.2627
"1748",NA,20,"Lexington water tower","PM 2.5","Davidson",35.8145,-80.2627
"1749",NA,51,"Lexington water tower","PM 2.5","Davidson",35.8145,-80.2627
"1750",NA,71,"Lexington water tower","PM 2.5","Davidson",35.8145,-80.2627
"1751",NA,74,"Lexington water tower","PM 2.5","Davidson",35.8145,-80.2627
"1752",NA,79,"Lexington water tower","PM 2.5","Davidson",35.8145,-80.2627
"1753",NA,40,"Lexington water tower","PM 2.5","Davidson",35.8145,-80.2627
"1754",NA,10,"Lexington water tower","PM 2.5","Davidson",35.8145,-80.2627
"1755",NA,15,"Lexington water tower","PM 2.5","Davidson",35.8145,-80.2627
"1756",1-03-20,25,"Durham Armory","PM 2.5","Durham",36.0329550008979,-78.904037
"1757",1-06-20,21,"Durham Armory","PM 2.5","Durham",36.0329550008979,-78.904037
"1758",1-09-20,11,"Durham Armory","PM 2.5","Durham",36.0329550008979,-78.904037
"1759",1-12-20,35,"Durham Armory","PM 2.5","Durham",36.0329550008979,-78.904037
"1760",NA,43,"Durham Armory","PM 2.5","Durham",36.0329550008979,-78.904037
"1761",NA,33,"Durham Armory","PM 2.5","Durham",36.0329550008979,-78.904037
"1762",NA,12,"Durham Armory","PM 2.5","Durham",36.0329550008979,-78.904037
"1763",NA,13,"Durham Armory","PM 2.5","Durham",36.0329550008979,-78.904037
"1764",NA,46,"Durham Armory","PM 2.5","Durham",36.0329550008979,-78.904037
"1765",NA,18,"Durham Armory","PM 2.5","Durham",36.0329550008979,-78.904037
"1766",2-02-20,49,"Durham Armory","PM 2.5","Durham",36.0329550008979,-78.904037
"1767",2-05-20,38,"Durham Armory","PM 2.5","Durham",36.0329550008979,-78.904037
"1768",2-08-20,33,"Durham Armory","PM 2.5","Durham",36.0329550008979,-78.904037
"1769",2-11-20,28,"Durham Armory","PM 2.5","Durham",36.0329550008979,-78.904037
"1770",NA,14,"Durham Armory","PM 2.5","Durham",36.0329550008979,-78.904037
"1771",NA,27,"Durham Armory","PM 2.5","Durham",36.0329550008979,-78.904037
"1772",NA,12,"Durham Armory","PM 2.5","Durham",36.0329550008979,-78.904037
"1773",NA,9,"Durham Armory","PM 2.5","Durham",36.0329550008979,-78.904037
"1774",NA,32,"Durham Armory","PM 2.5","Durham",36.0329550008979,-78.904037
"1775",3-01-20,25,"Durham Armory","PM 2.5","Durham",36.0329550008979,-78.904037
"1776",3-04-20,28,"Durham Armory","PM 2.5","Durham",36.0329550008979,-78.904037
"1777",3-07-20,29,"Durham Armory","PM 2.5","Durham",36.0329550008979,-78.904037
"1778",3-10-20,39,"Durham Armory","PM 2.5","Durham",36.0329550008979,-78.904037
"1779",NA,30,"Durham Armory","PM 2.5","Durham",36.0329550008979,-78.904037
"1780",NA,15,"Durham Armory","PM 2.5","Durham",36.0329550008979,-78.904037
"1781",NA,25,"Durham Armory","PM 2.5","Durham",36.0329550008979,-78.904037
"1782",NA,17,"Durham Armory","PM 2.5","Durham",36.0329550008979,-78.904037
"1783",NA,42,"Durham Armory","PM 2.5","Durham",36.0329550008979,-78.904037
"1784",NA,24,"Durham Armory","PM 2.5","Durham",36.0329550008979,-78.904037
"1785",NA,16,"Durham Armory","PM 2.5","Durham",36.0329550008979,-78.904037
"1786",4-12-20,18,"Durham Armory","PM 2.5","Durham",36.0329550008979,-78.904037
"1787",NA,13,"Durham Armory","PM 2.5","Durham",36.0329550008979,-78.904037
"1788",NA,35,"Durham Armory","PM 2.5","Durham",36.0329550008979,-78.904037
"1789",NA,12,"Durham Armory","PM 2.5","Durham",36.0329550008979,-78.904037
"1790",NA,50,"Durham Armory","PM 2.5","Durham",36.0329550008979,-78.904037
"1791",NA,28,"Durham Armory","PM 2.5","Durham",36.0329550008979,-78.904037
"1792",NA,52,"Durham Armory","PM 2.5","Durham",36.0329550008979,-78.904037
"1793",NA,31,"Durham Armory","PM 2.5","Durham",36.0329550008979,-78.904037
"1794",NA,48,"Durham Armory","PM 2.5","Durham",36.0329550008979,-78.904037
"1795",6-02-20,44,"Durham Armory","PM 2.5","Durham",36.0329550008979,-78.904037
"1796",6-05-20,51,"Durham Armory","PM 2.5","Durham",36.0329550008979,-78.904037
"1797",6-08-20,21,"Durham Armory","PM 2.5","Durham",36.0329550008979,-78.904037
"1798",6-11-20,15,"Durham Armory","PM 2.5","Durham",36.0329550008979,-78.904037
"1799",NA,15,"Durham Armory","PM 2.5","Durham",36.0329550008979,-78.904037
"1800",NA,52,"Durham Armory","PM 2.5","Durham",36.0329550008979,-78.904037
"1801",NA,31,"Durham Armory","PM 2.5","Durham",36.0329550008979,-78.904037
"1802",NA,39,"Durham Armory","PM 2.5","Durham",36.0329550008979,-78.904037
"1803",NA,34,"Durham Armory","PM 2.5","Durham",36.0329550008979,-78.904037
"1804",NA,54,"Durham Armory","PM 2.5","Durham",36.0329550008979,-78.904037
"1805",7-02-20,43,"Durham Armory","PM 2.5","Durham",36.0329550008979,-78.904037
"1806",7-05-20,43,"Durham Armory","PM 2.5","Durham",36.0329550008979,-78.904037
"1807",7-08-20,35,"Durham Armory","PM 2.5","Durham",36.0329550008979,-78.904037
"1808",7-11-20,32,"Durham Armory","PM 2.5","Durham",36.0329550008979,-78.904037
"1809",NA,43,"Durham Armory","PM 2.5","Durham",36.0329550008979,-78.904037
"1810",NA,60,"Durham Armory","PM 2.5","Durham",36.0329550008979,-78.904037
"1811",NA,36,"Durham Armory","PM 2.5","Durham",36.0329550008979,-78.904037
"1812",NA,18,"Durham Armory","PM 2.5","Durham",36.0329550008979,-78.904037
"1813",NA,40,"Durham Armory","PM 2.5","Durham",36.0329550008979,-78.904037
"1814",NA,52,"Durham Armory","PM 2.5","Durham",36.0329550008979,-78.904037
"1815",8-01-20,37,"Durham Armory","PM 2.5","Durham",36.0329550008979,-78.904037
"1816",8-04-20,35,"Durham Armory","PM 2.5","Durham",36.0329550008979,-78.904037
"1817",8-07-20,46,"Durham Armory","PM 2.5","Durham",36.0329550008979,-78.904037
"1818",8-10-20,43,"Durham Armory","PM 2.5","Durham",36.0329550008979,-78.904037
"1819",NA,39,"Durham Armory","PM 2.5","Durham",36.0329550008979,-78.904037
"1820",NA,26,"Durham Armory","PM 2.5","Durham",36.0329550008979,-78.904037
"1821",NA,41,"Durham Armory","PM 2.5","Durham",36.0329550008979,-78.904037
"1822",NA,33,"Durham Armory","PM 2.5","Durham",36.0329550008979,-78.904037
"1823",NA,22,"Durham Armory","PM 2.5","Durham",36.0329550008979,-78.904037
"1824",NA,23,"Durham Armory","PM 2.5","Durham",36.0329550008979,-78.904037
"1825",NA,35,"Durham Armory","PM 2.5","Durham",36.0329550008979,-78.904037
"1826",9-03-20,34,"Durham Armory","PM 2.5","Durham",36.0329550008979,-78.904037
"1827",9-07-20,36,"Durham Armory","PM 2.5","Durham",36.0329550008979,-78.904037
"1828",9-09-20,55,"Durham Armory","PM 2.5","Durham",36.0329550008979,-78.904037
"1829",9-12-20,58,"Durham Armory","PM 2.5","Durham",36.0329550008979,-78.904037
"1830",NA,38,"Durham Armory","PM 2.5","Durham",36.0329550008979,-78.904037
"1831",NA,21,"Durham Armory","PM 2.5","Durham",36.0329550008979,-78.904037
"1832",NA,40,"Durham Armory","PM 2.5","Durham",36.0329550008979,-78.904037
"1833",NA,31,"Durham Armory","PM 2.5","Durham",36.0329550008979,-78.904037
"1834",NA,45,"Durham Armory","PM 2.5","Durham",36.0329550008979,-78.904037
"1835",NA,47,"Durham Armory","PM 2.5","Durham",36.0329550008979,-78.904037
"1836",1-01-20,35,"Durham Armory","PM 2.5","Durham",36.0329550008979,-78.904037
"1837",1-02-20,38,"Durham Armory","PM 2.5","Durham",36.0329550008979,-78.904037
"1838",1-03-20,41,"Durham Armory","PM 2.5","Durham",36.0329550008979,-78.904037
"1839",1-04-20,37,"Durham Armory","PM 2.5","Durham",36.0329550008979,-78.904037
"1840",1-05-20,25,"Durham Armory","PM 2.5","Durham",36.0329550008979,-78.904037
"1841",1-06-20,35,"Durham Armory","PM 2.5","Durham",36.0329550008979,-78.904037
"1842",1-07-20,43,"Durham Armory","PM 2.5","Durham",36.0329550008979,-78.904037
"1843",1-08-20,43,"Durham Armory","PM 2.5","Durham",36.0329550008979,-78.904037
"1844",1-09-20,25,"Durham Armory","PM 2.5","Durham",36.0329550008979,-78.904037
"1845",1-10-20,29,"Durham Armory","PM 2.5","Durham",36.0329550008979,-78.904037
"1846",1-11-20,45,"Durham Armory","PM 2.5","Durham",36.0329550008979,-78.904037
"1847",1-12-20,54,"Durham Armory","PM 2.5","Durham",36.0329550008979,-78.904037
"1848",NA,28,"Durham Armory","PM 2.5","Durham",36.0329550008979,-78.904037
"1849",NA,44,"Durham Armory","PM 2.5","Durham",36.0329550008979,-78.904037
"1850",NA,57,"Durham Armory","PM 2.5","Durham",36.0329550008979,-78.904037
"1851",NA,54,"Durham Armory","PM 2.5","Durham",36.0329550008979,-78.904037
"1852",NA,47,"Durham Armory","PM 2.5","Durham",36.0329550008979,-78.904037
"1853",NA,54,"Durham Armory","PM 2.5","Durham",36.0329550008979,-78.904037
"1854",NA,52,"Durham Armory","PM 2.5","Durham",36.0329550008979,-78.904037
"1855",NA,32,"Durham Armory","PM 2.5","Durham",36.0329550008979,-78.904037
"1856",NA,31,"Durham Armory","PM 2.5","Durham",36.0329550008979,-78.904037
"1857",NA,40,"Durham Armory","PM 2.5","Durham",36.0329550008979,-78.904037
"1858",NA,41,"Durham Armory","PM 2.5","Durham",36.0329550008979,-78.904037
"1859",NA,20,"Durham Armory","PM 2.5","Durham",36.0329550008979,-78.904037
"1860",NA,40,"Durham Armory","PM 2.5","Durham",36.0329550008979,-78.904037
"1861",NA,55,"Durham Armory","PM 2.5","Durham",36.0329550008979,-78.904037
"1862",NA,57,"Durham Armory","PM 2.5","Durham",36.0329550008979,-78.904037
"1863",NA,39,"Durham Armory","PM 2.5","Durham",36.0329550008979,-78.904037
"1864",NA,50,"Durham Armory","PM 2.5","Durham",36.0329550008979,-78.904037
"1865",NA,37,"Durham Armory","PM 2.5","Durham",36.0329550008979,-78.904037
"1866",NA,42,"Durham Armory","PM 2.5","Durham",36.0329550008979,-78.904037
"1867",2-01-20,56,"Durham Armory","PM 2.5","Durham",36.0329550008979,-78.904037
"1868",2-02-20,59,"Durham Armory","PM 2.5","Durham",36.0329550008979,-78.904037
"1869",2-03-20,69,"Durham Armory","PM 2.5","Durham",36.0329550008979,-78.904037
"1870",2-04-20,67,"Durham Armory","PM 2.5","Durham",36.0329550008979,-78.904037
"1871",2-05-20,53,"Durham Armory","PM 2.5","Durham",36.0329550008979,-78.904037
"1872",2-06-20,59,"Durham Armory","PM 2.5","Durham",36.0329550008979,-78.904037
"1873",2-07-20,55,"Durham Armory","PM 2.5","Durham",36.0329550008979,-78.904037
"1874",2-08-20,50,"Durham Armory","PM 2.5","Durham",36.0329550008979,-78.904037
"1875",2-09-20,31,"Durham Armory","PM 2.5","Durham",36.0329550008979,-78.904037
"1876",2-10-20,45,"Durham Armory","PM 2.5","Durham",36.0329550008979,-78.904037
"1877",2-11-20,50,"Durham Armory","PM 2.5","Durham",36.0329550008979,-78.904037
"1878",2-12-20,23,"Durham Armory","PM 2.5","Durham",36.0329550008979,-78.904037
"1879",NA,27,"Durham Armory","PM 2.5","Durham",36.0329550008979,-78.904037
"1880",NA,30,"Durham Armory","PM 2.5","Durham",36.0329550008979,-78.904037
"1881",NA,48,"Durham Armory","PM 2.5","Durham",36.0329550008979,-78.904037
"1882",NA,43,"Durham Armory","PM 2.5","Durham",36.0329550008979,-78.904037
"1883",NA,46,"Durham Armory","PM 2.5","Durham",36.0329550008979,-78.904037
"1884",NA,32,"Durham Armory","PM 2.5","Durham",36.0329550008979,-78.904037
"1885",NA,37,"Durham Armory","PM 2.5","Durham",36.0329550008979,-78.904037
"1886",NA,29,"Durham Armory","PM 2.5","Durham",36.0329550008979,-78.904037
"1887",NA,28,"Durham Armory","PM 2.5","Durham",36.0329550008979,-78.904037
"1888",NA,39,"Durham Armory","PM 2.5","Durham",36.0329550008979,-78.904037
"1889",NA,29,"Durham Armory","PM 2.5","Durham",36.0329550008979,-78.904037
"1890",NA,27,"Durham Armory","PM 2.5","Durham",36.0329550008979,-78.904037
"1891",NA,22,"Durham Armory","PM 2.5","Durham",36.0329550008979,-78.904037
"1892",NA,45,"Durham Armory","PM 2.5","Durham",36.0329550008979,-78.904037
"1893",NA,56,"Durham Armory","PM 2.5","Durham",36.0329550008979,-78.904037
"1894",NA,58,"Durham Armory","PM 2.5","Durham",36.0329550008979,-78.904037
"1895",3-01-20,47,"Durham Armory","PM 2.5","Durham",36.0329550008979,-78.904037
"1896",3-02-20,27,"Durham Armory","PM 2.5","Durham",36.0329550008979,-78.904037
"1897",3-03-20,42,"Durham Armory","PM 2.5","Durham",36.0329550008979,-78.904037
"1898",3-04-20,43,"Durham Armory","PM 2.5","Durham",36.0329550008979,-78.904037
"1899",3-05-20,36,"Durham Armory","PM 2.5","Durham",36.0329550008979,-78.904037
"1900",3-06-20,37,"Durham Armory","PM 2.5","Durham",36.0329550008979,-78.904037
"1901",3-07-20,53,"Durham Armory","PM 2.5","Durham",36.0329550008979,-78.904037
"1902",3-08-20,54,"Durham Armory","PM 2.5","Durham",36.0329550008979,-78.904037
"1903",3-09-20,57,"Durham Armory","PM 2.5","Durham",36.0329550008979,-78.904037
"1904",3-10-20,54,"Durham Armory","PM 2.5","Durham",36.0329550008979,-78.904037
"1905",3-11-20,28,"Durham Armory","PM 2.5","Durham",36.0329550008979,-78.904037
"1906",3-12-20,26,"Durham Armory","PM 2.5","Durham",36.0329550008979,-78.904037
"1907",NA,44,"Durham Armory","PM 2.5","Durham",36.0329550008979,-78.904037
"1908",NA,55,"Durham Armory","PM 2.5","Durham",36.0329550008979,-78.904037
"1909",NA,44,"Durham Armory","PM 2.5","Durham",36.0329550008979,-78.904037
"1910",NA,25,"Durham Armory","PM 2.5","Durham",36.0329550008979,-78.904037
"1911",NA,35,"Durham Armory","PM 2.5","Durham",36.0329550008979,-78.904037
"1912",NA,44,"Durham Armory","PM 2.5","Durham",36.0329550008979,-78.904037
"1913",NA,43,"Durham Armory","PM 2.5","Durham",36.0329550008979,-78.904037
"1914",NA,46,"Durham Armory","PM 2.5","Durham",36.0329550008979,-78.904037
"1915",NA,37,"Durham Armory","PM 2.5","Durham",36.0329550008979,-78.904037
"1916",NA,17,"Durham Armory","PM 2.5","Durham",36.0329550008979,-78.904037
"1917",NA,23,"Durham Armory","PM 2.5","Durham",36.0329550008979,-78.904037
"1918",NA,51,"Durham Armory","PM 2.5","Durham",36.0329550008979,-78.904037
"1919",NA,55,"Durham Armory","PM 2.5","Durham",36.0329550008979,-78.904037
"1920",NA,20,"Durham Armory","PM 2.5","Durham",36.0329550008979,-78.904037
"1921",4-01-20,12,"Durham Armory","PM 2.5","Durham",36.0329550008979,-78.904037
"1922",4-02-20,29,"Durham Armory","PM 2.5","Durham",36.0329550008979,-78.904037
"1923",4-03-20,36,"Durham Armory","PM 2.5","Durham",36.0329550008979,-78.904037
"1924",4-04-20,48,"Durham Armory","PM 2.5","Durham",36.0329550008979,-78.904037
"1925",4-05-20,34,"Durham Armory","PM 2.5","Durham",36.0329550008979,-78.904037
"1926",4-06-20,22,"Durham Armory","PM 2.5","Durham",36.0329550008979,-78.904037
"1927",4-07-20,44,"Durham Armory","PM 2.5","Durham",36.0329550008979,-78.904037
"1928",4-08-20,28,"Durham Armory","PM 2.5","Durham",36.0329550008979,-78.904037
"1929",4-09-20,21,"Durham Armory","PM 2.5","Durham",36.0329550008979,-78.904037
"1930",4-10-20,25,"Durham Armory","PM 2.5","Durham",36.0329550008979,-78.904037
"1931",4-11-20,26,"Durham Armory","PM 2.5","Durham",36.0329550008979,-78.904037
"1932",4-12-20,20,"Durham Armory","PM 2.5","Durham",36.0329550008979,-78.904037
"1933",NA,12,"Durham Armory","PM 2.5","Durham",36.0329550008979,-78.904037
"1934",NA,15,"Durham Armory","PM 2.5","Durham",36.0329550008979,-78.904037
"1935",NA,14,"Durham Armory","PM 2.5","Durham",36.0329550008979,-78.904037
"1936",NA,15,"Durham Armory","PM 2.5","Durham",36.0329550008979,-78.904037
"1937",NA,34,"Durham Armory","PM 2.5","Durham",36.0329550008979,-78.904037
"1938",NA,40,"Durham Armory","PM 2.5","Durham",36.0329550008979,-78.904037
"1939",NA,8,"Durham Armory","PM 2.5","Durham",36.0329550008979,-78.904037
"1940",NA,13,"Durham Armory","PM 2.5","Durham",36.0329550008979,-78.904037
"1941",NA,12,"Durham Armory","PM 2.5","Durham",36.0329550008979,-78.904037
"1942",NA,15,"Durham Armory","PM 2.5","Durham",36.0329550008979,-78.904037
"1943",NA,27,"Durham Armory","PM 2.5","Durham",36.0329550008979,-78.904037
"1944",NA,53,"Durham Armory","PM 2.5","Durham",36.0329550008979,-78.904037
"1945",NA,53,"Durham Armory","PM 2.5","Durham",36.0329550008979,-78.904037
"1946",NA,34,"Durham Armory","PM 2.5","Durham",36.0329550008979,-78.904037
"1947",NA,18,"Durham Armory","PM 2.5","Durham",36.0329550008979,-78.904037
"1948",NA,42,"Durham Armory","PM 2.5","Durham",36.0329550008979,-78.904037
"1949",NA,38,"Durham Armory","PM 2.5","Durham",36.0329550008979,-78.904037
"1950",NA,45,"Durham Armory","PM 2.5","Durham",36.0329550008979,-78.904037
"1951",5-01-20,53,"Durham Armory","PM 2.5","Durham",36.0329550008979,-78.904037
"1952",5-02-20,28,"Durham Armory","PM 2.5","Durham",36.0329550008979,-78.904037
"1953",5-03-20,27,"Durham Armory","PM 2.5","Durham",36.0329550008979,-78.904037
"1954",5-04-20,20,"Durham Armory","PM 2.5","Durham",36.0329550008979,-78.904037
"1955",5-05-20,10,"Durham Armory","PM 2.5","Durham",36.0329550008979,-78.904037
"1956",5-06-20,10,"Durham Armory","PM 2.5","Durham",36.0329550008979,-78.904037
"1957",5-07-20,26,"Durham Armory","PM 2.5","Durham",36.0329550008979,-78.904037
"1958",5-08-20,28,"Durham Armory","PM 2.5","Durham",36.0329550008979,-78.904037
"1959",5-09-20,10,"Durham Armory","PM 2.5","Durham",36.0329550008979,-78.904037
"1960",5-10-20,16,"Durham Armory","PM 2.5","Durham",36.0329550008979,-78.904037
"1961",5-11-20,18,"Durham Armory","PM 2.5","Durham",36.0329550008979,-78.904037
"1962",5-12-20,11,"Durham Armory","PM 2.5","Durham",36.0329550008979,-78.904037
"1963",NA,12,"Durham Armory","PM 2.5","Durham",36.0329550008979,-78.904037
"1964",NA,15,"Durham Armory","PM 2.5","Durham",36.0329550008979,-78.904037
"1965",NA,20,"Durham Armory","PM 2.5","Durham",36.0329550008979,-78.904037
"1966",NA,30,"Durham Armory","PM 2.5","Durham",36.0329550008979,-78.904037
"1967",NA,47,"Durham Armory","PM 2.5","Durham",36.0329550008979,-78.904037
"1968",NA,48,"Durham Armory","PM 2.5","Durham",36.0329550008979,-78.904037
"1969",NA,53,"Durham Armory","PM 2.5","Durham",36.0329550008979,-78.904037
"1970",NA,28,"Durham Armory","PM 2.5","Durham",36.0329550008979,-78.904037
"1971",NA,27,"Durham Armory","PM 2.5","Durham",36.0329550008979,-78.904037
"1972",NA,28,"Durham Armory","PM 2.5","Durham",36.0329550008979,-78.904037
"1973",NA,41,"Durham Armory","PM 2.5","Durham",36.0329550008979,-78.904037
"1974",NA,49,"Durham Armory","PM 2.5","Durham",36.0329550008979,-78.904037
"1975",NA,44,"Durham Armory","PM 2.5","Durham",36.0329550008979,-78.904037
"1976",NA,50,"Durham Armory","PM 2.5","Durham",36.0329550008979,-78.904037
"1977",NA,27,"Durham Armory","PM 2.5","Durham",36.0329550008979,-78.904037
"1978",NA,48,"Durham Armory","PM 2.5","Durham",36.0329550008979,-78.904037
"1979",NA,48,"Durham Armory","PM 2.5","Durham",36.0329550008979,-78.904037
"1980",NA,48,"Durham Armory","PM 2.5","Durham",36.0329550008979,-78.904037
"1981",NA,48,"Durham Armory","PM 2.5","Durham",36.0329550008979,-78.904037
"1982",6-01-20,28,"Durham Armory","PM 2.5","Durham",36.0329550008979,-78.904037
"1983",6-02-20,48,"Durham Armory","PM 2.5","Durham",36.0329550008979,-78.904037
"1984",6-03-20,52,"Durham Armory","PM 2.5","Durham",36.0329550008979,-78.904037
"1985",6-04-20,31,"Durham Armory","PM 2.5","Durham",36.0329550008979,-78.904037
"1986",6-05-20,53,"Durham Armory","PM 2.5","Durham",36.0329550008979,-78.904037
"1987",6-06-20,49,"Durham Armory","PM 2.5","Durham",36.0329550008979,-78.904037
"1988",6-07-20,33,"Durham Armory","PM 2.5","Durham",36.0329550008979,-78.904037
"1989",6-08-20,18,"Durham Armory","PM 2.5","Durham",36.0329550008979,-78.904037
"1990",6-09-20,11,"Durham Armory","PM 2.5","Durham",36.0329550008979,-78.904037
"1991",6-10-20,11,"Durham Armory","PM 2.5","Durham",36.0329550008979,-78.904037
"1992",6-11-20,13,"Durham Armory","PM 2.5","Durham",36.0329550008979,-78.904037
"1993",6-12-20,21,"Durham Armory","PM 2.5","Durham",36.0329550008979,-78.904037
"1994",NA,16,"Durham Armory","PM 2.5","Durham",36.0329550008979,-78.904037
"1995",NA,11,"Durham Armory","PM 2.5","Durham",36.0329550008979,-78.904037
"1996",NA,39,"Durham Armory","PM 2.5","Durham",36.0329550008979,-78.904037
"1997",NA,38,"Durham Armory","PM 2.5","Durham",36.0329550008979,-78.904037
"1998",NA,48,"Durham Armory","PM 2.5","Durham",36.0329550008979,-78.904037
"1999",NA,24,"Durham Armory","PM 2.5","Durham",36.0329550008979,-78.904037
"2000",NA,16,"Durham Armory","PM 2.5","Durham",36.0329550008979,-78.904037
"2001",NA,24,"Durham Armory","PM 2.5","Durham",36.0329550008979,-78.904037
"2002",NA,12,"Durham Armory","PM 2.5","Durham",36.0329550008979,-78.904037
"2003",NA,31,"Durham Armory","PM 2.5","Durham",36.0329550008979,-78.904037
"2004",NA,39,"Durham Armory","PM 2.5","Durham",36.0329550008979,-78.904037
"2005",NA,48,"Durham Armory","PM 2.5","Durham",36.0329550008979,-78.904037
"2006",NA,21,"Durham Armory","PM 2.5","Durham",36.0329550008979,-78.904037
"2007",NA,30,"Durham Armory","PM 2.5","Durham",36.0329550008979,-78.904037
"2008",NA,45,"Durham Armory","PM 2.5","Durham",36.0329550008979,-78.904037
"2009",NA,52,"Durham Armory","PM 2.5","Durham",36.0329550008979,-78.904037
"2010",NA,52,"Durham Armory","PM 2.5","Durham",36.0329550008979,-78.904037
"2011",NA,45,"Durham Armory","PM 2.5","Durham",36.0329550008979,-78.904037
"2012",7-01-20,33,"Durham Armory","PM 2.5","Durham",36.0329550008979,-78.904037
"2013",7-02-20,36,"Durham Armory","PM 2.5","Durham",36.0329550008979,-78.904037
"2014",7-03-20,28,"Durham Armory","PM 2.5","Durham",36.0329550008979,-78.904037
"2015",7-09-20,23,"Durham Armory","PM 2.5","Durham",36.0329550008979,-78.904037
"2016",7-10-20,30,"Durham Armory","PM 2.5","Durham",36.0329550008979,-78.904037
"2017",7-11-20,24,"Durham Armory","PM 2.5","Durham",36.0329550008979,-78.904037
"2018",7-12-20,25,"Durham Armory","PM 2.5","Durham",36.0329550008979,-78.904037
"2019",NA,33,"Durham Armory","PM 2.5","Durham",36.0329550008979,-78.904037
"2020",NA,36,"Durham Armory","PM 2.5","Durham",36.0329550008979,-78.904037
"2021",NA,44,"Durham Armory","PM 2.5","Durham",36.0329550008979,-78.904037
"2022",NA,53,"Durham Armory","PM 2.5","Durham",36.0329550008979,-78.904037
"2023",NA,60,"Durham Armory","PM 2.5","Durham",36.0329550008979,-78.904037
"2024",NA,33,"Durham Armory","PM 2.5","Durham",36.0329550008979,-78.904037
"2025",NA,32,"Durham Armory","PM 2.5","Durham",36.0329550008979,-78.904037
"2026",NA,33,"Durham Armory","PM 2.5","Durham",36.0329550008979,-78.904037
"2027",NA,32,"Durham Armory","PM 2.5","Durham",36.0329550008979,-78.904037
"2028",NA,26,"Durham Armory","PM 2.5","Durham",36.0329550008979,-78.904037
"2029",NA,26,"Durham Armory","PM 2.5","Durham",36.0329550008979,-78.904037
"2030",NA,33,"Durham Armory","PM 2.5","Durham",36.0329550008979,-78.904037
"2031",NA,34,"Durham Armory","PM 2.5","Durham",36.0329550008979,-78.904037
"2032",NA,41,"Durham Armory","PM 2.5","Durham",36.0329550008979,-78.904037
"2033",NA,47,"Durham Armory","PM 2.5","Durham",36.0329550008979,-78.904037
"2034",NA,52,"Durham Armory","PM 2.5","Durham",36.0329550008979,-78.904037
"2035",NA,56,"Durham Armory","PM 2.5","Durham",36.0329550008979,-78.904037
"2036",NA,49,"Durham Armory","PM 2.5","Durham",36.0329550008979,-78.904037
"2037",NA,42,"Durham Armory","PM 2.5","Durham",36.0329550008979,-78.904037
"2038",8-01-20,38,"Durham Armory","PM 2.5","Durham",36.0329550008979,-78.904037
"2039",8-02-20,25,"Durham Armory","PM 2.5","Durham",36.0329550008979,-78.904037
"2040",8-03-20,24,"Durham Armory","PM 2.5","Durham",36.0329550008979,-78.904037
"2041",8-04-20,34,"Durham Armory","PM 2.5","Durham",36.0329550008979,-78.904037
"2042",8-05-20,27,"Durham Armory","PM 2.5","Durham",36.0329550008979,-78.904037
"2043",8-06-20,24,"Durham Armory","PM 2.5","Durham",36.0329550008979,-78.904037
"2044",8-07-20,40,"Durham Armory","PM 2.5","Durham",36.0329550008979,-78.904037
"2045",8-08-20,26,"Durham Armory","PM 2.5","Durham",36.0329550008979,-78.904037
"2046",8-09-20,35,"Durham Armory","PM 2.5","Durham",36.0329550008979,-78.904037
"2047",8-10-20,38,"Durham Armory","PM 2.5","Durham",36.0329550008979,-78.904037
"2048",8-11-20,36,"Durham Armory","PM 2.5","Durham",36.0329550008979,-78.904037
"2049",8-12-20,37,"Durham Armory","PM 2.5","Durham",36.0329550008979,-78.904037
"2050",NA,27,"Durham Armory","PM 2.5","Durham",36.0329550008979,-78.904037
"2051",NA,20,"Durham Armory","PM 2.5","Durham",36.0329550008979,-78.904037
"2052",NA,33,"Durham Armory","PM 2.5","Durham",36.0329550008979,-78.904037
"2053",NA,19,"Durham Armory","PM 2.5","Durham",36.0329550008979,-78.904037
"2054",NA,15,"Durham Armory","PM 2.5","Durham",36.0329550008979,-78.904037
"2055",NA,22,"Durham Armory","PM 2.5","Durham",36.0329550008979,-78.904037
"2056",NA,32,"Durham Armory","PM 2.5","Durham",36.0329550008979,-78.904037
"2057",NA,28,"Durham Armory","PM 2.5","Durham",36.0329550008979,-78.904037
"2058",NA,15,"Durham Armory","PM 2.5","Durham",36.0329550008979,-78.904037
"2059",NA,25,"Durham Armory","PM 2.5","Durham",36.0329550008979,-78.904037
"2060",NA,17,"Durham Armory","PM 2.5","Durham",36.0329550008979,-78.904037
"2061",NA,11,"Durham Armory","PM 2.5","Durham",36.0329550008979,-78.904037
"2062",NA,12,"Durham Armory","PM 2.5","Durham",36.0329550008979,-78.904037
"2063",NA,6,"Durham Armory","PM 2.5","Durham",36.0329550008979,-78.904037
"2064",NA,9,"Durham Armory","PM 2.5","Durham",36.0329550008979,-78.904037
"2065",NA,14,"Durham Armory","PM 2.5","Durham",36.0329550008979,-78.904037
"2066",NA,13,"Durham Armory","PM 2.5","Durham",36.0329550008979,-78.904037
"2067",NA,16,"Durham Armory","PM 2.5","Durham",36.0329550008979,-78.904037
"2068",NA,26,"Durham Armory","PM 2.5","Durham",36.0329550008979,-78.904037
"2069",9-01-20,24,"Durham Armory","PM 2.5","Durham",36.0329550008979,-78.904037
"2070",9-02-20,13,"Durham Armory","PM 2.5","Durham",36.0329550008979,-78.904037
"2071",9-03-20,17,"Durham Armory","PM 2.5","Durham",36.0329550008979,-78.904037
"2072",9-04-20,29,"Durham Armory","PM 2.5","Durham",36.0329550008979,-78.904037
"2073",9-07-20,33,"Durham Armory","PM 2.5","Durham",36.0329550008979,-78.904037
"2074",9-08-20,49,"Durham Armory","PM 2.5","Durham",36.0329550008979,-78.904037
"2075",9-09-20,52,"Durham Armory","PM 2.5","Durham",36.0329550008979,-78.904037
"2076",9-10-20,34,"Durham Armory","PM 2.5","Durham",36.0329550008979,-78.904037
"2077",9-11-20,42,"Durham Armory","PM 2.5","Durham",36.0329550008979,-78.904037
"2078",9-12-20,55,"Durham Armory","PM 2.5","Durham",36.0329550008979,-78.904037
"2079",NA,40,"Durham Armory","PM 2.5","Durham",36.0329550008979,-78.904037
"2080",NA,20,"Durham Armory","PM 2.5","Durham",36.0329550008979,-78.904037
"2081",NA,29,"Durham Armory","PM 2.5","Durham",36.0329550008979,-78.904037
"2082",NA,26,"Durham Armory","PM 2.5","Durham",36.0329550008979,-78.904037
"2083",NA,28,"Durham Armory","PM 2.5","Durham",36.0329550008979,-78.904037
"2084",NA,13,"Durham Armory","PM 2.5","Durham",36.0329550008979,-78.904037
"2085",NA,10,"Durham Armory","PM 2.5","Durham",36.0329550008979,-78.904037
"2086",NA,21,"Durham Armory","PM 2.5","Durham",36.0329550008979,-78.904037
"2087",NA,34,"Durham Armory","PM 2.5","Durham",36.0329550008979,-78.904037
"2088",NA,40,"Durham Armory","PM 2.5","Durham",36.0329550008979,-78.904037
"2089",NA,38,"Durham Armory","PM 2.5","Durham",36.0329550008979,-78.904037
"2090",NA,30,"Durham Armory","PM 2.5","Durham",36.0329550008979,-78.904037
"2091",NA,33,"Durham Armory","PM 2.5","Durham",36.0329550008979,-78.904037
"2092",NA,45,"Durham Armory","PM 2.5","Durham",36.0329550008979,-78.904037
"2093",NA,39,"Durham Armory","PM 2.5","Durham",36.0329550008979,-78.904037
"2094",NA,31,"Durham Armory","PM 2.5","Durham",36.0329550008979,-78.904037
"2095",NA,45,"Durham Armory","PM 2.5","Durham",36.0329550008979,-78.904037
"2096",NA,43,"Durham Armory","PM 2.5","Durham",36.0329550008979,-78.904037
"2097",10-01-20,37,"Durham Armory","PM 2.5","Durham",36.0329550008979,-78.904037
"2098",10-02-20,53,"Durham Armory","PM 2.5","Durham",36.0329550008979,-78.904037
"2099",10-03-20,45,"Durham Armory","PM 2.5","Durham",36.0329550008979,-78.904037
"2100",10-04-20,46,"Durham Armory","PM 2.5","Durham",36.0329550008979,-78.904037
"2101",10-05-20,11,"Durham Armory","PM 2.5","Durham",36.0329550008979,-78.904037
"2102",10-06-20,17,"Durham Armory","PM 2.5","Durham",36.0329550008979,-78.904037
"2103",10-07-20,12,"Durham Armory","PM 2.5","Durham",36.0329550008979,-78.904037
"2104",10-08-20,11,"Durham Armory","PM 2.5","Durham",36.0329550008979,-78.904037
"2105",10-09-20,10,"Durham Armory","PM 2.5","Durham",36.0329550008979,-78.904037
"2106",10-10-20,13,"Durham Armory","PM 2.5","Durham",36.0329550008979,-78.904037
"2107",10-11-20,10,"Durham Armory","PM 2.5","Durham",36.0329550008979,-78.904037
"2108",10-12-20,26,"Durham Armory","PM 2.5","Durham",36.0329550008979,-78.904037
"2109",NA,28,"Durham Armory","PM 2.5","Durham",36.0329550008979,-78.904037
"2110",NA,23,"Durham Armory","PM 2.5","Durham",36.0329550008979,-78.904037
"2111",NA,31,"Durham Armory","PM 2.5","Durham",36.0329550008979,-78.904037
"2112",NA,23,"Durham Armory","PM 2.5","Durham",36.0329550008979,-78.904037
"2113",NA,8,"Durham Armory","PM 2.5","Durham",36.0329550008979,-78.904037
"2114",NA,12,"Durham Armory","PM 2.5","Durham",36.0329550008979,-78.904037
"2115",NA,29,"Durham Armory","PM 2.5","Durham",36.0329550008979,-78.904037
"2116",NA,15,"Durham Armory","PM 2.5","Durham",36.0329550008979,-78.904037
"2117",NA,12,"Durham Armory","PM 2.5","Durham",36.0329550008979,-78.904037
"2118",NA,18,"Durham Armory","PM 2.5","Durham",36.0329550008979,-78.904037
"2119",NA,31,"Durham Armory","PM 2.5","Durham",36.0329550008979,-78.904037
"2120",NA,30,"Durham Armory","PM 2.5","Durham",36.0329550008979,-78.904037
"2121",NA,10,"Durham Armory","PM 2.5","Durham",36.0329550008979,-78.904037
"2122",NA,17,"Durham Armory","PM 2.5","Durham",36.0329550008979,-78.904037
"2123",NA,29,"Durham Armory","PM 2.5","Durham",36.0329550008979,-78.904037
"2124",NA,23,"Durham Armory","PM 2.5","Durham",36.0329550008979,-78.904037
"2125",NA,8,"Durham Armory","PM 2.5","Durham",36.0329550008979,-78.904037
"2126",11-01-20,9,"Durham Armory","PM 2.5","Durham",36.0329550008979,-78.904037
"2127",11-02-20,28,"Durham Armory","PM 2.5","Durham",36.0329550008979,-78.904037
"2128",11-03-20,19,"Durham Armory","PM 2.5","Durham",36.0329550008979,-78.904037
"2129",11-04-20,33,"Durham Armory","PM 2.5","Durham",36.0329550008979,-78.904037
"2130",11-05-20,36,"Durham Armory","PM 2.5","Durham",36.0329550008979,-78.904037
"2131",11-06-20,49,"Durham Armory","PM 2.5","Durham",36.0329550008979,-78.904037
"2132",11-07-20,40,"Durham Armory","PM 2.5","Durham",36.0329550008979,-78.904037
"2133",11-08-20,17,"Durham Armory","PM 2.5","Durham",36.0329550008979,-78.904037
"2134",11-09-20,31,"Durham Armory","PM 2.5","Durham",36.0329550008979,-78.904037
"2135",11-10-20,49,"Durham Armory","PM 2.5","Durham",36.0329550008979,-78.904037
"2136",11-11-20,41,"Durham Armory","PM 2.5","Durham",36.0329550008979,-78.904037
"2137",11-12-20,24,"Durham Armory","PM 2.5","Durham",36.0329550008979,-78.904037
"2138",NA,15,"Durham Armory","PM 2.5","Durham",36.0329550008979,-78.904037
"2139",NA,38,"Durham Armory","PM 2.5","Durham",36.0329550008979,-78.904037
"2140",NA,44,"Durham Armory","PM 2.5","Durham",36.0329550008979,-78.904037
"2141",NA,29,"Durham Armory","PM 2.5","Durham",36.0329550008979,-78.904037
"2142",NA,14,"Durham Armory","PM 2.5","Durham",36.0329550008979,-78.904037
"2143",NA,25,"Durham Armory","PM 2.5","Durham",36.0329550008979,-78.904037
"2144",NA,30,"Durham Armory","PM 2.5","Durham",36.0329550008979,-78.904037
"2145",NA,40,"Durham Armory","PM 2.5","Durham",36.0329550008979,-78.904037
"2146",NA,39,"Durham Armory","PM 2.5","Durham",36.0329550008979,-78.904037
"2147",NA,54,"Durham Armory","PM 2.5","Durham",36.0329550008979,-78.904037
"2148",NA,20,"Durham Armory","PM 2.5","Durham",36.0329550008979,-78.904037
"2149",NA,10,"Durham Armory","PM 2.5","Durham",36.0329550008979,-78.904037
"2150",NA,25,"Durham Armory","PM 2.5","Durham",36.0329550008979,-78.904037
"2151",NA,46,"Durham Armory","PM 2.5","Durham",36.0329550008979,-78.904037
"2152",NA,51,"Durham Armory","PM 2.5","Durham",36.0329550008979,-78.904037
"2153",NA,9,"Durham Armory","PM 2.5","Durham",36.0329550008979,-78.904037
"2154",NA,17,"Durham Armory","PM 2.5","Durham",36.0329550008979,-78.904037
"2155",NA,42,"Durham Armory","PM 2.5","Durham",36.0329550008979,-78.904037
"2156",12-01-20,25,"Durham Armory","PM 2.5","Durham",36.0329550008979,-78.904037
"2157",12-02-20,8,"Durham Armory","PM 2.5","Durham",36.0329550008979,-78.904037
"2158",12-03-20,7,"Durham Armory","PM 2.5","Durham",36.0329550008979,-78.904037
"2159",12-04-20,14,"Durham Armory","PM 2.5","Durham",36.0329550008979,-78.904037
"2160",12-05-20,25,"Durham Armory","PM 2.5","Durham",36.0329550008979,-78.904037
"2161",12-06-20,39,"Durham Armory","PM 2.5","Durham",36.0329550008979,-78.904037
"2162",12-07-20,40,"Durham Armory","PM 2.5","Durham",36.0329550008979,-78.904037
"2163",12-08-20,32,"Durham Armory","PM 2.5","Durham",36.0329550008979,-78.904037
"2164",12-09-20,35,"Durham Armory","PM 2.5","Durham",36.0329550008979,-78.904037
"2165",12-10-20,26,"Durham Armory","PM 2.5","Durham",36.0329550008979,-78.904037
"2166",12-11-20,12,"Durham Armory","PM 2.5","Durham",36.0329550008979,-78.904037
"2167",12-12-20,27,"Durham Armory","PM 2.5","Durham",36.0329550008979,-78.904037
"2168",NA,23,"Durham Armory","PM 2.5","Durham",36.0329550008979,-78.904037
"2169",NA,5,"Durham Armory","PM 2.5","Durham",36.0329550008979,-78.904037
"2170",NA,21,"Durham Armory","PM 2.5","Durham",36.0329550008979,-78.904037
"2171",NA,45,"Durham Armory","PM 2.5","Durham",36.0329550008979,-78.904037
"2172",NA,9,"Durham Armory","PM 2.5","Durham",36.0329550008979,-78.904037
"2173",NA,10,"Durham Armory","PM 2.5","Durham",36.0329550008979,-78.904037
"2174",NA,31,"Durham Armory","PM 2.5","Durham",36.0329550008979,-78.904037
"2175",NA,41,"Durham Armory","PM 2.5","Durham",36.0329550008979,-78.904037
"2176",NA,52,"Durham Armory","PM 2.5","Durham",36.0329550008979,-78.904037
"2177",NA,70,"Durham Armory","PM 2.5","Durham",36.0329550008979,-78.904037
"2178",NA,49,"Durham Armory","PM 2.5","Durham",36.0329550008979,-78.904037
"2179",NA,14,"Durham Armory","PM 2.5","Durham",36.0329550008979,-78.904037
"2180",NA,39,"Durham Armory","PM 2.5","Durham",36.0329550008979,-78.904037
"2181",NA,48,"Durham Armory","PM 2.5","Durham",36.0329550008979,-78.904037
"2182",NA,47,"Durham Armory","PM 2.5","Durham",36.0329550008979,-78.904037
"2183",NA,40,"Durham Armory","PM 2.5","Durham",36.0329550008979,-78.904037
"2184",NA,31,"Durham Armory","PM 2.5","Durham",36.0329550008979,-78.904037
"2185",NA,9,"Durham Armory","PM 2.5","Durham",36.0329550008979,-78.904037
"2186",NA,14,"Durham Armory","PM 2.5","Durham",36.0329550008979,-78.904037
"2187",1-01-20,8,"Leggett","PM 2.5","Edgecombe",35.988278,-77.5843
"2188",1-02-20,10,"Leggett","PM 2.5","Edgecombe",35.988278,-77.5843
"2189",1-03-20,15,"Leggett","PM 2.5","Edgecombe",35.988278,-77.5843
"2190",1-04-20,16,"Leggett","PM 2.5","Edgecombe",35.988278,-77.5843
"2191",1-05-20,3,"Leggett","PM 2.5","Edgecombe",35.988278,-77.5843
"2192",1-06-20,6,"Leggett","PM 2.5","Edgecombe",35.988278,-77.5843
"2193",1-07-20,10,"Leggett","PM 2.5","Edgecombe",35.988278,-77.5843
"2194",1-08-20,21,"Leggett","PM 2.5","Edgecombe",35.988278,-77.5843
"2195",1-09-20,2,"Leggett","PM 2.5","Edgecombe",35.988278,-77.5843
"2196",1-10-20,8,"Leggett","PM 2.5","Edgecombe",35.988278,-77.5843
"2197",1-11-20,11,"Leggett","PM 2.5","Edgecombe",35.988278,-77.5843
"2198",1-12-20,17,"Leggett","PM 2.5","Edgecombe",35.988278,-77.5843
"2199",NA,3,"Leggett","PM 2.5","Edgecombe",35.988278,-77.5843
"2200",NA,21,"Leggett","PM 2.5","Edgecombe",35.988278,-77.5843
"2201",NA,24,"Leggett","PM 2.5","Edgecombe",35.988278,-77.5843
"2202",NA,30,"Leggett","PM 2.5","Edgecombe",35.988278,-77.5843
"2203",NA,21,"Leggett","PM 2.5","Edgecombe",35.988278,-77.5843
"2204",NA,21,"Leggett","PM 2.5","Edgecombe",35.988278,-77.5843
"2205",NA,20,"Leggett","PM 2.5","Edgecombe",35.988278,-77.5843
"2206",NA,9,"Leggett","PM 2.5","Edgecombe",35.988278,-77.5843
"2207",NA,1,"Leggett","PM 2.5","Edgecombe",35.988278,-77.5843
"2208",NA,5,"Leggett","PM 2.5","Edgecombe",35.988278,-77.5843
"2209",NA,11,"Leggett","PM 2.5","Edgecombe",35.988278,-77.5843
"2210",NA,0,"Leggett","PM 2.5","Edgecombe",35.988278,-77.5843
"2211",NA,10,"Leggett","PM 2.5","Edgecombe",35.988278,-77.5843
"2212",NA,13,"Leggett","PM 2.5","Edgecombe",35.988278,-77.5843
"2213",NA,27,"Leggett","PM 2.5","Edgecombe",35.988278,-77.5843
"2214",NA,15,"Leggett","PM 2.5","Edgecombe",35.988278,-77.5843
"2215",NA,18,"Leggett","PM 2.5","Edgecombe",35.988278,-77.5843
"2216",NA,8,"Leggett","PM 2.5","Edgecombe",35.988278,-77.5843
"2217",NA,10,"Leggett","PM 2.5","Edgecombe",35.988278,-77.5843
"2218",2-01-20,25,"Leggett","PM 2.5","Edgecombe",35.988278,-77.5843
"2219",2-02-20,42,"Leggett","PM 2.5","Edgecombe",35.988278,-77.5843
"2220",2-03-20,38,"Leggett","PM 2.5","Edgecombe",35.988278,-77.5843
"2221",2-04-20,43,"Leggett","PM 2.5","Edgecombe",35.988278,-77.5843
"2222",2-05-20,30,"Leggett","PM 2.5","Edgecombe",35.988278,-77.5843
"2223",2-06-20,46,"Leggett","PM 2.5","Edgecombe",35.988278,-77.5843
"2224",2-07-20,43,"Leggett","PM 2.5","Edgecombe",35.988278,-77.5843
"2225",2-08-20,35,"Leggett","PM 2.5","Edgecombe",35.988278,-77.5843
"2226",2-09-20,5,"Leggett","PM 2.5","Edgecombe",35.988278,-77.5843
"2227",2-10-20,16,"Leggett","PM 2.5","Edgecombe",35.988278,-77.5843
"2228",2-11-20,5,"Leggett","PM 2.5","Edgecombe",35.988278,-77.5843
"2229",2-12-20,4,"Leggett","PM 2.5","Edgecombe",35.988278,-77.5843
"2230",NA,0,"Leggett","PM 2.5","Edgecombe",35.988278,-77.5843
"2231",NA,5,"Leggett","PM 2.5","Edgecombe",35.988278,-77.5843
"2232",NA,18,"Leggett","PM 2.5","Edgecombe",35.988278,-77.5843
"2233",NA,20,"Leggett","PM 2.5","Edgecombe",35.988278,-77.5843
"2234",NA,22,"Leggett","PM 2.5","Edgecombe",35.988278,-77.5843
"2235",NA,9,"Leggett","PM 2.5","Edgecombe",35.988278,-77.5843
"2236",NA,12,"Leggett","PM 2.5","Edgecombe",35.988278,-77.5843
"2237",NA,6,"Leggett","PM 2.5","Edgecombe",35.988278,-77.5843
"2238",NA,14,"Leggett","PM 2.5","Edgecombe",35.988278,-77.5843
"2239",NA,7,"Leggett","PM 2.5","Edgecombe",35.988278,-77.5843
"2240",NA,11,"Leggett","PM 2.5","Edgecombe",35.988278,-77.5843
"2241",NA,10,"Leggett","PM 2.5","Edgecombe",35.988278,-77.5843
"2242",NA,0,"Leggett","PM 2.5","Edgecombe",35.988278,-77.5843
"2243",NA,9,"Leggett","PM 2.5","Edgecombe",35.988278,-77.5843
"2244",NA,27,"Leggett","PM 2.5","Edgecombe",35.988278,-77.5843
"2245",NA,45,"Leggett","PM 2.5","Edgecombe",35.988278,-77.5843
"2246",3-01-20,22,"Leggett","PM 2.5","Edgecombe",35.988278,-77.5843
"2247",3-02-20,6,"Leggett","PM 2.5","Edgecombe",35.988278,-77.5843
"2248",3-03-20,24,"Leggett","PM 2.5","Edgecombe",35.988278,-77.5843
"2249",3-04-20,26,"Leggett","PM 2.5","Edgecombe",35.988278,-77.5843
"2250",3-05-20,15,"Leggett","PM 2.5","Edgecombe",35.988278,-77.5843
"2251",3-12-20,12,"Leggett","PM 2.5","Edgecombe",35.988278,-77.5843
"2252",NA,21,"Leggett","PM 2.5","Edgecombe",35.988278,-77.5843
"2253",NA,27,"Leggett","PM 2.5","Edgecombe",35.988278,-77.5843
"2254",NA,28,"Leggett","PM 2.5","Edgecombe",35.988278,-77.5843
"2255",NA,11,"Leggett","PM 2.5","Edgecombe",35.988278,-77.5843
"2256",NA,20,"Leggett","PM 2.5","Edgecombe",35.988278,-77.5843
"2257",NA,16,"Leggett","PM 2.5","Edgecombe",35.988278,-77.5843
"2258",NA,26,"Leggett","PM 2.5","Edgecombe",35.988278,-77.5843
"2259",NA,23,"Leggett","PM 2.5","Edgecombe",35.988278,-77.5843
"2260",NA,9,"Leggett","PM 2.5","Edgecombe",35.988278,-77.5843
"2261",NA,18,"Leggett","PM 2.5","Edgecombe",35.988278,-77.5843
"2262",NA,10,"Leggett","PM 2.5","Edgecombe",35.988278,-77.5843
"2263",NA,15,"Leggett","PM 2.5","Edgecombe",35.988278,-77.5843
"2264",NA,39,"Leggett","PM 2.5","Edgecombe",35.988278,-77.5843
"2265",NA,18,"Leggett","PM 2.5","Edgecombe",35.988278,-77.5843
"2266",NA,19,"Leggett","PM 2.5","Edgecombe",35.988278,-77.5843
"2267",NA,16,"Leggett","PM 2.5","Edgecombe",35.988278,-77.5843
"2268",NA,33,"Leggett","PM 2.5","Edgecombe",35.988278,-77.5843
"2269",NA,33,"Leggett","PM 2.5","Edgecombe",35.988278,-77.5843
"2270",NA,13,"Leggett","PM 2.5","Edgecombe",35.988278,-77.5843
"2271",4-01-20,17,"Leggett","PM 2.5","Edgecombe",35.988278,-77.5843
"2272",4-02-20,18,"Leggett","PM 2.5","Edgecombe",35.988278,-77.5843
"2273",4-03-20,30,"Leggett","PM 2.5","Edgecombe",35.988278,-77.5843
"2274",4-04-20,52,"Leggett","PM 2.5","Edgecombe",35.988278,-77.5843
"2275",4-05-20,36,"Leggett","PM 2.5","Edgecombe",35.988278,-77.5843
"2276",4-06-20,20,"Leggett","PM 2.5","Edgecombe",35.988278,-77.5843
"2277",4-07-20,15,"Leggett","PM 2.5","Edgecombe",35.988278,-77.5843
"2278",4-08-20,27,"Leggett","PM 2.5","Edgecombe",35.988278,-77.5843
"2279",4-09-20,22,"Leggett","PM 2.5","Edgecombe",35.988278,-77.5843
"2280",4-10-20,20,"Leggett","PM 2.5","Edgecombe",35.988278,-77.5843
"2281",4-11-20,22,"Leggett","PM 2.5","Edgecombe",35.988278,-77.5843
"2282",4-12-20,25,"Leggett","PM 2.5","Edgecombe",35.988278,-77.5843
"2283",NA,14,"Leggett","PM 2.5","Edgecombe",35.988278,-77.5843
"2284",NA,25,"Leggett","PM 2.5","Edgecombe",35.988278,-77.5843
"2285",NA,10,"Leggett","PM 2.5","Edgecombe",35.988278,-77.5843
"2286",NA,15,"Leggett","PM 2.5","Edgecombe",35.988278,-77.5843
"2287",NA,30,"Leggett","PM 2.5","Edgecombe",35.988278,-77.5843
"2288",NA,28,"Leggett","PM 2.5","Edgecombe",35.988278,-77.5843
"2289",NA,25,"Leggett","PM 2.5","Edgecombe",35.988278,-77.5843
"2290",NA,13,"Leggett","PM 2.5","Edgecombe",35.988278,-77.5843
"2291",NA,9,"Leggett","PM 2.5","Edgecombe",35.988278,-77.5843
"2292",NA,12,"Leggett","PM 2.5","Edgecombe",35.988278,-77.5843
"2293",NA,23,"Leggett","PM 2.5","Edgecombe",35.988278,-77.5843
"2294",NA,41,"Leggett","PM 2.5","Edgecombe",35.988278,-77.5843
"2295",NA,56,"Leggett","PM 2.5","Edgecombe",35.988278,-77.5843
"2296",NA,34,"Leggett","PM 2.5","Edgecombe",35.988278,-77.5843
"2297",NA,25,"Leggett","PM 2.5","Edgecombe",35.988278,-77.5843
"2298",NA,45,"Leggett","PM 2.5","Edgecombe",35.988278,-77.5843
"2299",NA,27,"Leggett","PM 2.5","Edgecombe",35.988278,-77.5843
"2300",NA,41,"Leggett","PM 2.5","Edgecombe",35.988278,-77.5843
"2301",5-01-20,33,"Leggett","PM 2.5","Edgecombe",35.988278,-77.5843
"2302",5-02-20,34,"Leggett","PM 2.5","Edgecombe",35.988278,-77.5843
"2303",5-03-20,28,"Leggett","PM 2.5","Edgecombe",35.988278,-77.5843
"2304",5-04-20,26,"Leggett","PM 2.5","Edgecombe",35.988278,-77.5843
"2305",5-05-20,21,"Leggett","PM 2.5","Edgecombe",35.988278,-77.5843
"2306",5-06-20,13,"Leggett","PM 2.5","Edgecombe",35.988278,-77.5843
"2307",5-07-20,16,"Leggett","PM 2.5","Edgecombe",35.988278,-77.5843
"2308",5-08-20,17,"Leggett","PM 2.5","Edgecombe",35.988278,-77.5843
"2309",5-09-20,17,"Leggett","PM 2.5","Edgecombe",35.988278,-77.5843
"2310",5-10-20,22,"Leggett","PM 2.5","Edgecombe",35.988278,-77.5843
"2311",5-11-20,28,"Leggett","PM 2.5","Edgecombe",35.988278,-77.5843
"2312",5-12-20,22,"Leggett","PM 2.5","Edgecombe",35.988278,-77.5843
"2313",NA,21,"Leggett","PM 2.5","Edgecombe",35.988278,-77.5843
"2314",NA,12,"Leggett","PM 2.5","Edgecombe",35.988278,-77.5843
"2315",NA,24,"Leggett","PM 2.5","Edgecombe",35.988278,-77.5843
"2316",NA,38,"Leggett","PM 2.5","Edgecombe",35.988278,-77.5843
"2317",NA,47,"Leggett","PM 2.5","Edgecombe",35.988278,-77.5843
"2318",NA,51,"Leggett","PM 2.5","Edgecombe",35.988278,-77.5843
"2319",NA,54,"Leggett","PM 2.5","Edgecombe",35.988278,-77.5843
"2320",NA,42,"Leggett","PM 2.5","Edgecombe",35.988278,-77.5843
"2321",NA,36,"Leggett","PM 2.5","Edgecombe",35.988278,-77.5843
"2322",NA,23,"Leggett","PM 2.5","Edgecombe",35.988278,-77.5843
"2323",NA,45,"Leggett","PM 2.5","Edgecombe",35.988278,-77.5843
"2324",NA,53,"Leggett","PM 2.5","Edgecombe",35.988278,-77.5843
"2325",NA,33,"Leggett","PM 2.5","Edgecombe",35.988278,-77.5843
"2326",NA,49,"Leggett","PM 2.5","Edgecombe",35.988278,-77.5843
"2327",6-01-20,29,"Leggett","PM 2.5","Edgecombe",35.988278,-77.5843
"2328",6-02-20,41,"Leggett","PM 2.5","Edgecombe",35.988278,-77.5843
"2329",6-03-20,46,"Leggett","PM 2.5","Edgecombe",35.988278,-77.5843
"2330",6-04-20,35,"Leggett","PM 2.5","Edgecombe",35.988278,-77.5843
"2331",6-05-20,52,"Leggett","PM 2.5","Edgecombe",35.988278,-77.5843
"2332",6-06-20,53,"Leggett","PM 2.5","Edgecombe",35.988278,-77.5843
"2333",6-07-20,54,"Leggett","PM 2.5","Edgecombe",35.988278,-77.5843
"2334",6-08-20,43,"Leggett","PM 2.5","Edgecombe",35.988278,-77.5843
"2335",6-09-20,22,"Leggett","PM 2.5","Edgecombe",35.988278,-77.5843
"2336",6-10-20,23,"Leggett","PM 2.5","Edgecombe",35.988278,-77.5843
"2337",6-11-20,21,"Leggett","PM 2.5","Edgecombe",35.988278,-77.5843
"2338",6-12-20,20,"Leggett","PM 2.5","Edgecombe",35.988278,-77.5843
"2339",NA,18,"Leggett","PM 2.5","Edgecombe",35.988278,-77.5843
"2340",NA,15,"Leggett","PM 2.5","Edgecombe",35.988278,-77.5843
"2341",NA,31,"Leggett","PM 2.5","Edgecombe",35.988278,-77.5843
"2342",NA,41,"Leggett","PM 2.5","Edgecombe",35.988278,-77.5843
"2343",NA,43,"Leggett","PM 2.5","Edgecombe",35.988278,-77.5843
"2344",NA,30,"Leggett","PM 2.5","Edgecombe",35.988278,-77.5843
"2345",NA,26,"Leggett","PM 2.5","Edgecombe",35.988278,-77.5843
"2346",NA,39,"Leggett","PM 2.5","Edgecombe",35.988278,-77.5843
"2347",NA,23,"Leggett","PM 2.5","Edgecombe",35.988278,-77.5843
"2348",NA,38,"Leggett","PM 2.5","Edgecombe",35.988278,-77.5843
"2349",NA,37,"Leggett","PM 2.5","Edgecombe",35.988278,-77.5843
"2350",NA,52,"Leggett","PM 2.5","Edgecombe",35.988278,-77.5843
"2351",NA,36,"Leggett","PM 2.5","Edgecombe",35.988278,-77.5843
"2352",NA,36,"Leggett","PM 2.5","Edgecombe",35.988278,-77.5843
"2353",NA,54,"Leggett","PM 2.5","Edgecombe",35.988278,-77.5843
"2354",NA,57,"Leggett","PM 2.5","Edgecombe",35.988278,-77.5843
"2355",NA,55,"Leggett","PM 2.5","Edgecombe",35.988278,-77.5843
"2356",NA,56,"Leggett","PM 2.5","Edgecombe",35.988278,-77.5843
"2357",7-01-20,36,"Leggett","PM 2.5","Edgecombe",35.988278,-77.5843
"2358",7-02-20,51,"Leggett","PM 2.5","Edgecombe",35.988278,-77.5843
"2359",7-03-20,47,"Leggett","PM 2.5","Edgecombe",35.988278,-77.5843
"2360",7-04-20,54,"Leggett","PM 2.5","Edgecombe",35.988278,-77.5843
"2361",7-05-20,31,"Leggett","PM 2.5","Edgecombe",35.988278,-77.5843
"2362",7-06-20,47,"Leggett","PM 2.5","Edgecombe",35.988278,-77.5843
"2363",7-07-20,41,"Leggett","PM 2.5","Edgecombe",35.988278,-77.5843
"2364",7-08-20,36,"Leggett","PM 2.5","Edgecombe",35.988278,-77.5843
"2365",7-09-20,27,"Leggett","PM 2.5","Edgecombe",35.988278,-77.5843
"2366",7-10-20,29,"Leggett","PM 2.5","Edgecombe",35.988278,-77.5843
"2367",7-11-20,37,"Leggett","PM 2.5","Edgecombe",35.988278,-77.5843
"2368",7-12-20,27,"Leggett","PM 2.5","Edgecombe",35.988278,-77.5843
"2369",NA,49,"Leggett","PM 2.5","Edgecombe",35.988278,-77.5843
"2370",NA,47,"Leggett","PM 2.5","Edgecombe",35.988278,-77.5843
"2371",NA,52,"Leggett","PM 2.5","Edgecombe",35.988278,-77.5843
"2372",NA,60,"Leggett","PM 2.5","Edgecombe",35.988278,-77.5843
"2373",NA,63,"Leggett","PM 2.5","Edgecombe",35.988278,-77.5843
"2374",NA,43,"Leggett","PM 2.5","Edgecombe",35.988278,-77.5843
"2375",NA,43,"Leggett","PM 2.5","Edgecombe",35.988278,-77.5843
"2376",NA,51,"Leggett","PM 2.5","Edgecombe",35.988278,-77.5843
"2377",NA,44,"Leggett","PM 2.5","Edgecombe",35.988278,-77.5843
"2378",NA,38,"Leggett","PM 2.5","Edgecombe",35.988278,-77.5843
"2379",NA,28,"Leggett","PM 2.5","Edgecombe",35.988278,-77.5843
"2380",NA,27,"Leggett","PM 2.5","Edgecombe",35.988278,-77.5843
"2381",NA,40,"Leggett","PM 2.5","Edgecombe",35.988278,-77.5843
"2382",NA,41,"Leggett","PM 2.5","Edgecombe",35.988278,-77.5843
"2383",NA,31,"Leggett","PM 2.5","Edgecombe",35.988278,-77.5843
"2384",NA,40,"Leggett","PM 2.5","Edgecombe",35.988278,-77.5843
"2385",NA,49,"Leggett","PM 2.5","Edgecombe",35.988278,-77.5843
"2386",NA,35,"Leggett","PM 2.5","Edgecombe",35.988278,-77.5843
"2387",NA,39,"Leggett","PM 2.5","Edgecombe",35.988278,-77.5843
"2388",8-01-20,46,"Leggett","PM 2.5","Edgecombe",35.988278,-77.5843
"2389",8-02-20,38,"Leggett","PM 2.5","Edgecombe",35.988278,-77.5843
"2390",8-03-20,24,"Leggett","PM 2.5","Edgecombe",35.988278,-77.5843
"2391",8-04-20,23,"Leggett","PM 2.5","Edgecombe",35.988278,-77.5843
"2392",8-05-20,18,"Leggett","PM 2.5","Edgecombe",35.988278,-77.5843
"2393",8-06-20,34,"Leggett","PM 2.5","Edgecombe",35.988278,-77.5843
"2394",8-07-20,48,"Leggett","PM 2.5","Edgecombe",35.988278,-77.5843
"2395",8-08-20,38,"Leggett","PM 2.5","Edgecombe",35.988278,-77.5843
"2396",8-09-20,43,"Leggett","PM 2.5","Edgecombe",35.988278,-77.5843
"2397",8-10-20,41,"Leggett","PM 2.5","Edgecombe",35.988278,-77.5843
"2398",8-11-20,37,"Leggett","PM 2.5","Edgecombe",35.988278,-77.5843
"2399",8-12-20,40,"Leggett","PM 2.5","Edgecombe",35.988278,-77.5843
"2400",NA,35,"Leggett","PM 2.5","Edgecombe",35.988278,-77.5843
"2401",NA,35,"Leggett","PM 2.5","Edgecombe",35.988278,-77.5843
"2402",NA,28,"Leggett","PM 2.5","Edgecombe",35.988278,-77.5843
"2403",NA,21,"Leggett","PM 2.5","Edgecombe",35.988278,-77.5843
"2404",NA,27,"Leggett","PM 2.5","Edgecombe",35.988278,-77.5843
"2405",NA,21,"Leggett","PM 2.5","Edgecombe",35.988278,-77.5843
"2406",NA,41,"Leggett","PM 2.5","Edgecombe",35.988278,-77.5843
"2407",NA,38,"Leggett","PM 2.5","Edgecombe",35.988278,-77.5843
"2408",NA,45,"Leggett","PM 2.5","Edgecombe",35.988278,-77.5843
"2409",NA,38,"Leggett","PM 2.5","Edgecombe",35.988278,-77.5843
"2410",NA,31,"Leggett","PM 2.5","Edgecombe",35.988278,-77.5843
"2411",NA,23,"Leggett","PM 2.5","Edgecombe",35.988278,-77.5843
"2412",NA,18,"Leggett","PM 2.5","Edgecombe",35.988278,-77.5843
"2413",NA,16,"Leggett","PM 2.5","Edgecombe",35.988278,-77.5843
"2414",NA,21,"Leggett","PM 2.5","Edgecombe",35.988278,-77.5843
"2415",NA,33,"Leggett","PM 2.5","Edgecombe",35.988278,-77.5843
"2416",NA,24,"Leggett","PM 2.5","Edgecombe",35.988278,-77.5843
"2417",NA,30,"Leggett","PM 2.5","Edgecombe",35.988278,-77.5843
"2418",NA,35,"Leggett","PM 2.5","Edgecombe",35.988278,-77.5843
"2419",9-01-20,27,"Leggett","PM 2.5","Edgecombe",35.988278,-77.5843
"2420",9-02-20,26,"Leggett","PM 2.5","Edgecombe",35.988278,-77.5843
"2421",9-03-20,22,"Leggett","PM 2.5","Edgecombe",35.988278,-77.5843
"2422",9-08-20,55,"Leggett","PM 2.5","Edgecombe",35.988278,-77.5843
"2423",9-09-20,44,"Leggett","PM 2.5","Edgecombe",35.988278,-77.5843
"2424",9-10-20,29,"Leggett","PM 2.5","Edgecombe",35.988278,-77.5843
"2425",9-11-20,34,"Leggett","PM 2.5","Edgecombe",35.988278,-77.5843
"2426",9-12-20,56,"Leggett","PM 2.5","Edgecombe",35.988278,-77.5843
"2427",NA,29,"Leggett","PM 2.5","Edgecombe",35.988278,-77.5843
"2428",NA,25,"Leggett","PM 2.5","Edgecombe",35.988278,-77.5843
"2429",NA,18,"Leggett","PM 2.5","Edgecombe",35.988278,-77.5843
"2430",NA,27,"Leggett","PM 2.5","Edgecombe",35.988278,-77.5843
"2431",NA,24,"Leggett","PM 2.5","Edgecombe",35.988278,-77.5843
"2432",NA,17,"Leggett","PM 2.5","Edgecombe",35.988278,-77.5843
"2433",NA,18,"Leggett","PM 2.5","Edgecombe",35.988278,-77.5843
"2434",NA,14,"Leggett","PM 2.5","Edgecombe",35.988278,-77.5843
"2435",NA,30,"Leggett","PM 2.5","Edgecombe",35.988278,-77.5843
"2436",NA,35,"Leggett","PM 2.5","Edgecombe",35.988278,-77.5843
"2437",NA,35,"Leggett","PM 2.5","Edgecombe",35.988278,-77.5843
"2438",NA,31,"Leggett","PM 2.5","Edgecombe",35.988278,-77.5843
"2439",NA,32,"Leggett","PM 2.5","Edgecombe",35.988278,-77.5843
"2440",NA,50,"Leggett","PM 2.5","Edgecombe",35.988278,-77.5843
"2441",NA,40,"Leggett","PM 2.5","Edgecombe",35.988278,-77.5843
"2442",NA,39,"Leggett","PM 2.5","Edgecombe",35.988278,-77.5843
"2443",NA,58,"Leggett","PM 2.5","Edgecombe",35.988278,-77.5843
"2444",NA,37,"Leggett","PM 2.5","Edgecombe",35.988278,-77.5843
"2445",10-01-20,35,"Leggett","PM 2.5","Edgecombe",35.988278,-77.5843
"2446",10-02-20,58,"Leggett","PM 2.5","Edgecombe",35.988278,-77.5843
"2447",10-03-20,59,"Leggett","PM 2.5","Edgecombe",35.988278,-77.5843
"2448",10-04-20,56,"Leggett","PM 2.5","Edgecombe",35.988278,-77.5843
"2449",10-05-20,16,"Leggett","PM 2.5","Edgecombe",35.988278,-77.5843
"2450",10-06-20,18,"Leggett","PM 2.5","Edgecombe",35.988278,-77.5843
"2451",10-07-20,18,"Leggett","PM 2.5","Edgecombe",35.988278,-77.5843
"2452",10-08-20,16,"Leggett","PM 2.5","Edgecombe",35.988278,-77.5843
"2453",10-09-20,20,"Leggett","PM 2.5","Edgecombe",35.988278,-77.5843
"2454",10-10-20,15,"Leggett","PM 2.5","Edgecombe",35.988278,-77.5843
"2455",10-11-20,23,"Leggett","PM 2.5","Edgecombe",35.988278,-77.5843
"2456",10-12-20,36,"Leggett","PM 2.5","Edgecombe",35.988278,-77.5843
"2457",NA,35,"Leggett","PM 2.5","Edgecombe",35.988278,-77.5843
"2458",NA,28,"Leggett","PM 2.5","Edgecombe",35.988278,-77.5843
"2459",NA,24,"Leggett","PM 2.5","Edgecombe",35.988278,-77.5843
"2460",NA,18,"Leggett","PM 2.5","Edgecombe",35.988278,-77.5843
"2461",NA,13,"Leggett","PM 2.5","Edgecombe",35.988278,-77.5843
"2462",NA,14,"Leggett","PM 2.5","Edgecombe",35.988278,-77.5843
"2463",NA,20,"Leggett","PM 2.5","Edgecombe",35.988278,-77.5843
"2464",NA,10,"Leggett","PM 2.5","Edgecombe",35.988278,-77.5843
"2465",NA,17,"Leggett","PM 2.5","Edgecombe",35.988278,-77.5843
"2466",NA,22,"Leggett","PM 2.5","Edgecombe",35.988278,-77.5843
"2467",NA,18,"Leggett","PM 2.5","Edgecombe",35.988278,-77.5843
"2468",NA,22,"Leggett","PM 2.5","Edgecombe",35.988278,-77.5843
"2469",NA,24,"Leggett","PM 2.5","Edgecombe",35.988278,-77.5843
"2470",NA,22,"Leggett","PM 2.5","Edgecombe",35.988278,-77.5843
"2471",NA,24,"Leggett","PM 2.5","Edgecombe",35.988278,-77.5843
"2472",NA,22,"Leggett","PM 2.5","Edgecombe",35.988278,-77.5843
"2473",NA,25,"Leggett","PM 2.5","Edgecombe",35.988278,-77.5843
"2474",NA,22,"Leggett","PM 2.5","Edgecombe",35.988278,-77.5843
"2475",NA,22,"Leggett","PM 2.5","Edgecombe",35.988278,-77.5843
"2476",11-01-20,9,"Leggett","PM 2.5","Edgecombe",35.988278,-77.5843
"2477",11-02-20,21,"Leggett","PM 2.5","Edgecombe",35.988278,-77.5843
"2478",11-03-20,19,"Leggett","PM 2.5","Edgecombe",35.988278,-77.5843
"2479",11-04-20,26,"Leggett","PM 2.5","Edgecombe",35.988278,-77.5843
"2480",11-05-20,44,"Leggett","PM 2.5","Edgecombe",35.988278,-77.5843
"2481",11-06-20,33,"Leggett","PM 2.5","Edgecombe",35.988278,-77.5843
"2482",11-07-20,29,"Leggett","PM 2.5","Edgecombe",35.988278,-77.5843
"2483",11-08-20,16,"Leggett","PM 2.5","Edgecombe",35.988278,-77.5843
"2484",11-09-20,19,"Leggett","PM 2.5","Edgecombe",35.988278,-77.5843
"2485",11-10-20,28,"Leggett","PM 2.5","Edgecombe",35.988278,-77.5843
"2486",11-11-20,38,"Leggett","PM 2.5","Edgecombe",35.988278,-77.5843
"2487",11-12-20,26,"Leggett","PM 2.5","Edgecombe",35.988278,-77.5843
"2488",NA,13,"Leggett","PM 2.5","Edgecombe",35.988278,-77.5843
"2489",NA,26,"Leggett","PM 2.5","Edgecombe",35.988278,-77.5843
"2490",NA,40,"Leggett","PM 2.5","Edgecombe",35.988278,-77.5843
"2491",NA,32,"Leggett","PM 2.5","Edgecombe",35.988278,-77.5843
"2492",NA,18,"Leggett","PM 2.5","Edgecombe",35.988278,-77.5843
"2493",NA,36,"Leggett","PM 2.5","Edgecombe",35.988278,-77.5843
"2494",NA,42,"Leggett","PM 2.5","Edgecombe",35.988278,-77.5843
"2495",NA,36,"Leggett","PM 2.5","Edgecombe",35.988278,-77.5843
"2496",NA,44,"Leggett","PM 2.5","Edgecombe",35.988278,-77.5843
"2497",NA,53,"Leggett","PM 2.5","Edgecombe",35.988278,-77.5843
"2498",NA,29,"Leggett","PM 2.5","Edgecombe",35.988278,-77.5843
"2499",NA,11,"Leggett","PM 2.5","Edgecombe",35.988278,-77.5843
"2500",NA,26,"Leggett","PM 2.5","Edgecombe",35.988278,-77.5843
"2501",NA,35,"Leggett","PM 2.5","Edgecombe",35.988278,-77.5843
"2502",NA,52,"Leggett","PM 2.5","Edgecombe",35.988278,-77.5843
"2503",NA,11,"Leggett","PM 2.5","Edgecombe",35.988278,-77.5843
"2504",NA,18,"Leggett","PM 2.5","Edgecombe",35.988278,-77.5843
"2505",NA,33,"Leggett","PM 2.5","Edgecombe",35.988278,-77.5843
"2506",12-01-20,26,"Leggett","PM 2.5","Edgecombe",35.988278,-77.5843
"2507",12-02-20,9,"Leggett","PM 2.5","Edgecombe",35.988278,-77.5843
"2508",12-03-20,14,"Leggett","PM 2.5","Edgecombe",35.988278,-77.5843
"2509",12-04-20,18,"Leggett","PM 2.5","Edgecombe",35.988278,-77.5843
"2510",12-05-20,15,"Leggett","PM 2.5","Edgecombe",35.988278,-77.5843
"2511",12-06-20,35,"Leggett","PM 2.5","Edgecombe",35.988278,-77.5843
"2512",12-07-20,27,"Leggett","PM 2.5","Edgecombe",35.988278,-77.5843
"2513",12-08-20,15,"Leggett","PM 2.5","Edgecombe",35.988278,-77.5843
"2514",12-09-20,22,"Leggett","PM 2.5","Edgecombe",35.988278,-77.5843
"2515",12-10-20,25,"Leggett","PM 2.5","Edgecombe",35.988278,-77.5843
"2516",12-11-20,3,"Leggett","PM 2.5","Edgecombe",35.988278,-77.5843
"2517",12-12-20,25,"Leggett","PM 2.5","Edgecombe",35.988278,-77.5843
"2518",NA,25,"Leggett","PM 2.5","Edgecombe",35.988278,-77.5843
"2519",NA,6,"Leggett","PM 2.5","Edgecombe",35.988278,-77.5843
"2520",NA,15,"Leggett","PM 2.5","Edgecombe",35.988278,-77.5843
"2521",NA,38,"Leggett","PM 2.5","Edgecombe",35.988278,-77.5843
"2522",NA,16,"Leggett","PM 2.5","Edgecombe",35.988278,-77.5843
"2523",NA,8,"Leggett","PM 2.5","Edgecombe",35.988278,-77.5843
"2524",NA,23,"Leggett","PM 2.5","Edgecombe",35.988278,-77.5843
"2525",NA,35,"Leggett","PM 2.5","Edgecombe",35.988278,-77.5843
"2526",NA,43,"Leggett","PM 2.5","Edgecombe",35.988278,-77.5843
"2527",NA,49,"Leggett","PM 2.5","Edgecombe",35.988278,-77.5843
"2528",NA,45,"Leggett","PM 2.5","Edgecombe",35.988278,-77.5843
"2529",NA,32,"Leggett","PM 2.5","Edgecombe",35.988278,-77.5843
"2530",NA,30,"Leggett","PM 2.5","Edgecombe",35.988278,-77.5843
"2531",NA,30,"Leggett","PM 2.5","Edgecombe",35.988278,-77.5843
"2532",NA,26,"Leggett","PM 2.5","Edgecombe",35.988278,-77.5843
"2533",NA,30,"Leggett","PM 2.5","Edgecombe",35.988278,-77.5843
"2534",NA,32,"Leggett","PM 2.5","Edgecombe",35.988278,-77.5843
"2535",NA,15,"Leggett","PM 2.5","Edgecombe",35.988278,-77.5843
"2536",NA,13,"Leggett","PM 2.5","Edgecombe",35.988278,-77.5843
"2537",1-03-20,18,"Hattie Avenue","PM 2.5","Forsyth",36.110693332,-80.2264378
"2538",1-06-20,11,"Hattie Avenue","PM 2.5","Forsyth",36.110693332,-80.2264378
"2539",1-09-20,8,"Hattie Avenue","PM 2.5","Forsyth",36.110693332,-80.2264378
"2540",1-12-20,48,"Hattie Avenue","PM 2.5","Forsyth",36.110693332,-80.2264378
"2541",NA,58,"Hattie Avenue","PM 2.5","Forsyth",36.110693332,-80.2264378
"2542",NA,10,"Hattie Avenue","PM 2.5","Forsyth",36.110693332,-80.2264378
"2543",NA,8,"Hattie Avenue","PM 2.5","Forsyth",36.110693332,-80.2264378
"2544",NA,42,"Hattie Avenue","PM 2.5","Forsyth",36.110693332,-80.2264378
"2545",NA,13,"Hattie Avenue","PM 2.5","Forsyth",36.110693332,-80.2264378
"2546",2-02-20,53,"Hattie Avenue","PM 2.5","Forsyth",36.110693332,-80.2264378
"2547",2-05-20,35,"Hattie Avenue","PM 2.5","Forsyth",36.110693332,-80.2264378
"2548",2-08-20,19,"Hattie Avenue","PM 2.5","Forsyth",36.110693332,-80.2264378
"2549",2-11-20,30,"Hattie Avenue","PM 2.5","Forsyth",36.110693332,-80.2264378
"2550",NA,14,"Hattie Avenue","PM 2.5","Forsyth",36.110693332,-80.2264378
"2551",NA,30,"Hattie Avenue","PM 2.5","Forsyth",36.110693332,-80.2264378
"2552",NA,9,"Hattie Avenue","PM 2.5","Forsyth",36.110693332,-80.2264378
"2553",NA,8,"Hattie Avenue","PM 2.5","Forsyth",36.110693332,-80.2264378
"2554",NA,28,"Hattie Avenue","PM 2.5","Forsyth",36.110693332,-80.2264378
"2555",3-01-20,15,"Hattie Avenue","PM 2.5","Forsyth",36.110693332,-80.2264378
"2556",3-04-20,17,"Hattie Avenue","PM 2.5","Forsyth",36.110693332,-80.2264378
"2557",3-07-20,28,"Hattie Avenue","PM 2.5","Forsyth",36.110693332,-80.2264378
"2558",3-10-20,22,"Hattie Avenue","PM 2.5","Forsyth",36.110693332,-80.2264378
"2559",NA,29,"Hattie Avenue","PM 2.5","Forsyth",36.110693332,-80.2264378
"2560",NA,12,"Hattie Avenue","PM 2.5","Forsyth",36.110693332,-80.2264378
"2561",NA,21,"Hattie Avenue","PM 2.5","Forsyth",36.110693332,-80.2264378
"2562",NA,18,"Hattie Avenue","PM 2.5","Forsyth",36.110693332,-80.2264378
"2563",NA,52,"Hattie Avenue","PM 2.5","Forsyth",36.110693332,-80.2264378
"2564",NA,33,"Hattie Avenue","PM 2.5","Forsyth",36.110693332,-80.2264378
"2565",NA,23,"Hattie Avenue","PM 2.5","Forsyth",36.110693332,-80.2264378
"2566",4-03-20,30,"Hattie Avenue","PM 2.5","Forsyth",36.110693332,-80.2264378
"2567",4-12-20,22,"Hattie Avenue","PM 2.5","Forsyth",36.110693332,-80.2264378
"2568",NA,1,"Hattie Avenue","PM 2.5","Forsyth",36.110693332,-80.2264378
"2569",NA,35,"Hattie Avenue","PM 2.5","Forsyth",36.110693332,-80.2264378
"2570",NA,8,"Hattie Avenue","PM 2.5","Forsyth",36.110693332,-80.2264378
"2571",NA,45,"Hattie Avenue","PM 2.5","Forsyth",36.110693332,-80.2264378
"2572",NA,23,"Hattie Avenue","PM 2.5","Forsyth",36.110693332,-80.2264378
"2573",NA,53,"Hattie Avenue","PM 2.5","Forsyth",36.110693332,-80.2264378
"2574",5-03-20,28,"Hattie Avenue","PM 2.5","Forsyth",36.110693332,-80.2264378
"2575",5-06-20,21,"Hattie Avenue","PM 2.5","Forsyth",36.110693332,-80.2264378
"2576",5-09-20,25,"Hattie Avenue","PM 2.5","Forsyth",36.110693332,-80.2264378
"2577",5-12-20,20,"Hattie Avenue","PM 2.5","Forsyth",36.110693332,-80.2264378
"2578",NA,23,"Hattie Avenue","PM 2.5","Forsyth",36.110693332,-80.2264378
"2579",NA,45,"Hattie Avenue","PM 2.5","Forsyth",36.110693332,-80.2264378
"2580",NA,31,"Hattie Avenue","PM 2.5","Forsyth",36.110693332,-80.2264378
"2581",NA,49,"Hattie Avenue","PM 2.5","Forsyth",36.110693332,-80.2264378
"2582",NA,30,"Hattie Avenue","PM 2.5","Forsyth",36.110693332,-80.2264378
"2583",NA,45,"Hattie Avenue","PM 2.5","Forsyth",36.110693332,-80.2264378
"2584",6-02-20,43,"Hattie Avenue","PM 2.5","Forsyth",36.110693332,-80.2264378
"2585",6-08-20,13,"Hattie Avenue","PM 2.5","Forsyth",36.110693332,-80.2264378
"2586",NA,15,"Hattie Avenue","PM 2.5","Forsyth",36.110693332,-80.2264378
"2587",NA,43,"Hattie Avenue","PM 2.5","Forsyth",36.110693332,-80.2264378
"2588",NA,28,"Hattie Avenue","PM 2.5","Forsyth",36.110693332,-80.2264378
"2589",NA,35,"Hattie Avenue","PM 2.5","Forsyth",36.110693332,-80.2264378
"2590",NA,28,"Hattie Avenue","PM 2.5","Forsyth",36.110693332,-80.2264378
"2591",NA,48,"Hattie Avenue","PM 2.5","Forsyth",36.110693332,-80.2264378
"2592",7-02-20,38,"Hattie Avenue","PM 2.5","Forsyth",36.110693332,-80.2264378
"2593",7-05-20,48,"Hattie Avenue","PM 2.5","Forsyth",36.110693332,-80.2264378
"2594",7-08-20,33,"Hattie Avenue","PM 2.5","Forsyth",36.110693332,-80.2264378
"2595",7-11-20,28,"Hattie Avenue","PM 2.5","Forsyth",36.110693332,-80.2264378
"2596",NA,37,"Hattie Avenue","PM 2.5","Forsyth",36.110693332,-80.2264378
"2597",NA,53,"Hattie Avenue","PM 2.5","Forsyth",36.110693332,-80.2264378
"2598",NA,32,"Hattie Avenue","PM 2.5","Forsyth",36.110693332,-80.2264378
"2599",NA,21,"Hattie Avenue","PM 2.5","Forsyth",36.110693332,-80.2264378
"2600",NA,41,"Hattie Avenue","PM 2.5","Forsyth",36.110693332,-80.2264378
"2601",8-01-20,43,"Hattie Avenue","PM 2.5","Forsyth",36.110693332,-80.2264378
"2602",8-07-20,41,"Hattie Avenue","PM 2.5","Forsyth",36.110693332,-80.2264378
"2603",8-10-20,47,"Hattie Avenue","PM 2.5","Forsyth",36.110693332,-80.2264378
"2604",NA,46,"Hattie Avenue","PM 2.5","Forsyth",36.110693332,-80.2264378
"2605",NA,38,"Hattie Avenue","PM 2.5","Forsyth",36.110693332,-80.2264378
"2606",NA,42,"Hattie Avenue","PM 2.5","Forsyth",36.110693332,-80.2264378
"2607",9-12-20,56,"Hattie Avenue","PM 2.5","Forsyth",36.110693332,-80.2264378
"2608",NA,43,"Hattie Avenue","PM 2.5","Forsyth",36.110693332,-80.2264378
"2609",NA,30,"Hattie Avenue","PM 2.5","Forsyth",36.110693332,-80.2264378
"2610",NA,45,"Hattie Avenue","PM 2.5","Forsyth",36.110693332,-80.2264378
"2611",NA,25,"Hattie Avenue","PM 2.5","Forsyth",36.110693332,-80.2264378
"2612",NA,42,"Hattie Avenue","PM 2.5","Forsyth",36.110693332,-80.2264378
"2613",NA,64,"Hattie Avenue","PM 2.5","Forsyth",36.110693332,-80.2264378
"2614",1-01-20,22,"Hattie Avenue","PM 2.5","Forsyth",36.110693332,-80.2264378
"2615",1-02-20,24,"Hattie Avenue","PM 2.5","Forsyth",36.110693332,-80.2264378
"2616",1-03-20,33,"Hattie Avenue","PM 2.5","Forsyth",36.110693332,-80.2264378
"2617",1-04-20,29,"Hattie Avenue","PM 2.5","Forsyth",36.110693332,-80.2264378
"2618",1-05-20,13,"Hattie Avenue","PM 2.5","Forsyth",36.110693332,-80.2264378
"2619",1-06-20,14,"Hattie Avenue","PM 2.5","Forsyth",36.110693332,-80.2264378
"2620",1-07-20,24,"Hattie Avenue","PM 2.5","Forsyth",36.110693332,-80.2264378
"2621",1-08-20,45,"Hattie Avenue","PM 2.5","Forsyth",36.110693332,-80.2264378
"2622",1-09-20,12,"Hattie Avenue","PM 2.5","Forsyth",36.110693332,-80.2264378
"2623",1-10-20,24,"Hattie Avenue","PM 2.5","Forsyth",36.110693332,-80.2264378
"2624",1-11-20,33,"Hattie Avenue","PM 2.5","Forsyth",36.110693332,-80.2264378
"2625",1-12-20,55,"Hattie Avenue","PM 2.5","Forsyth",36.110693332,-80.2264378
"2626",NA,17,"Hattie Avenue","PM 2.5","Forsyth",36.110693332,-80.2264378
"2627",NA,38,"Hattie Avenue","PM 2.5","Forsyth",36.110693332,-80.2264378
"2628",NA,48,"Hattie Avenue","PM 2.5","Forsyth",36.110693332,-80.2264378
"2629",NA,38,"Hattie Avenue","PM 2.5","Forsyth",36.110693332,-80.2264378
"2630",NA,40,"Hattie Avenue","PM 2.5","Forsyth",36.110693332,-80.2264378
"2631",NA,62,"Hattie Avenue","PM 2.5","Forsyth",36.110693332,-80.2264378
"2632",NA,46,"Hattie Avenue","PM 2.5","Forsyth",36.110693332,-80.2264378
"2633",NA,16,"Hattie Avenue","PM 2.5","Forsyth",36.110693332,-80.2264378
"2634",NA,15,"Hattie Avenue","PM 2.5","Forsyth",36.110693332,-80.2264378
"2635",NA,25,"Hattie Avenue","PM 2.5","Forsyth",36.110693332,-80.2264378
"2636",NA,47,"Hattie Avenue","PM 2.5","Forsyth",36.110693332,-80.2264378
"2637",NA,11,"Hattie Avenue","PM 2.5","Forsyth",36.110693332,-80.2264378
"2638",NA,30,"Hattie Avenue","PM 2.5","Forsyth",36.110693332,-80.2264378
"2639",NA,42,"Hattie Avenue","PM 2.5","Forsyth",36.110693332,-80.2264378
"2640",NA,54,"Hattie Avenue","PM 2.5","Forsyth",36.110693332,-80.2264378
"2641",NA,36,"Hattie Avenue","PM 2.5","Forsyth",36.110693332,-80.2264378
"2642",NA,39,"Hattie Avenue","PM 2.5","Forsyth",36.110693332,-80.2264378
"2643",NA,22,"Hattie Avenue","PM 2.5","Forsyth",36.110693332,-80.2264378
"2644",NA,24,"Hattie Avenue","PM 2.5","Forsyth",36.110693332,-80.2264378
"2645",2-01-20,55,"Hattie Avenue","PM 2.5","Forsyth",36.110693332,-80.2264378
"2646",2-02-20,55,"Hattie Avenue","PM 2.5","Forsyth",36.110693332,-80.2264378
"2647",2-03-20,65,"Hattie Avenue","PM 2.5","Forsyth",36.110693332,-80.2264378
"2648",2-04-20,43,"Hattie Avenue","PM 2.5","Forsyth",36.110693332,-80.2264378
"2649",2-05-20,43,"Hattie Avenue","PM 2.5","Forsyth",36.110693332,-80.2264378
"2650",2-06-20,37,"Hattie Avenue","PM 2.5","Forsyth",36.110693332,-80.2264378
"2651",2-07-20,30,"Hattie Avenue","PM 2.5","Forsyth",36.110693332,-80.2264378
"2652",2-08-20,24,"Hattie Avenue","PM 2.5","Forsyth",36.110693332,-80.2264378
"2653",2-09-20,17,"Hattie Avenue","PM 2.5","Forsyth",36.110693332,-80.2264378
"2654",2-10-20,41,"Hattie Avenue","PM 2.5","Forsyth",36.110693332,-80.2264378
"2655",2-11-20,45,"Hattie Avenue","PM 2.5","Forsyth",36.110693332,-80.2264378
"2656",2-12-20,12,"Hattie Avenue","PM 2.5","Forsyth",36.110693332,-80.2264378
"2657",NA,14,"Hattie Avenue","PM 2.5","Forsyth",36.110693332,-80.2264378
"2658",NA,17,"Hattie Avenue","PM 2.5","Forsyth",36.110693332,-80.2264378
"2659",NA,48,"Hattie Avenue","PM 2.5","Forsyth",36.110693332,-80.2264378
"2660",NA,28,"Hattie Avenue","PM 2.5","Forsyth",36.110693332,-80.2264378
"2661",NA,40,"Hattie Avenue","PM 2.5","Forsyth",36.110693332,-80.2264378
"2662",NA,23,"Hattie Avenue","PM 2.5","Forsyth",36.110693332,-80.2264378
"2663",NA,27,"Hattie Avenue","PM 2.5","Forsyth",36.110693332,-80.2264378
"2664",NA,16,"Hattie Avenue","PM 2.5","Forsyth",36.110693332,-80.2264378
"2665",NA,26,"Hattie Avenue","PM 2.5","Forsyth",36.110693332,-80.2264378
"2666",NA,19,"Hattie Avenue","PM 2.5","Forsyth",36.110693332,-80.2264378
"2667",NA,15,"Hattie Avenue","PM 2.5","Forsyth",36.110693332,-80.2264378
"2668",NA,16,"Hattie Avenue","PM 2.5","Forsyth",36.110693332,-80.2264378
"2669",NA,12,"Hattie Avenue","PM 2.5","Forsyth",36.110693332,-80.2264378
"2670",NA,29,"Hattie Avenue","PM 2.5","Forsyth",36.110693332,-80.2264378
"2671",NA,44,"Hattie Avenue","PM 2.5","Forsyth",36.110693332,-80.2264378
"2672",NA,45,"Hattie Avenue","PM 2.5","Forsyth",36.110693332,-80.2264378
"2673",3-01-20,23,"Hattie Avenue","PM 2.5","Forsyth",36.110693332,-80.2264378
"2674",3-02-20,21,"Hattie Avenue","PM 2.5","Forsyth",36.110693332,-80.2264378
"2675",3-03-20,30,"Hattie Avenue","PM 2.5","Forsyth",36.110693332,-80.2264378
"2676",3-04-20,22,"Hattie Avenue","PM 2.5","Forsyth",36.110693332,-80.2264378
"2677",3-05-20,19,"Hattie Avenue","PM 2.5","Forsyth",36.110693332,-80.2264378
"2678",3-06-20,20,"Hattie Avenue","PM 2.5","Forsyth",36.110693332,-80.2264378
"2679",3-07-20,36,"Hattie Avenue","PM 2.5","Forsyth",36.110693332,-80.2264378
"2680",3-08-20,53,"Hattie Avenue","PM 2.5","Forsyth",36.110693332,-80.2264378
"2681",3-09-20,53,"Hattie Avenue","PM 2.5","Forsyth",36.110693332,-80.2264378
"2682",3-10-20,30,"Hattie Avenue","PM 2.5","Forsyth",36.110693332,-80.2264378
"2683",3-11-20,16,"Hattie Avenue","PM 2.5","Forsyth",36.110693332,-80.2264378
"2684",3-12-20,16,"Hattie Avenue","PM 2.5","Forsyth",36.110693332,-80.2264378
"2685",NA,29,"Hattie Avenue","PM 2.5","Forsyth",36.110693332,-80.2264378
"2686",NA,30,"Hattie Avenue","PM 2.5","Forsyth",36.110693332,-80.2264378
"2687",NA,33,"Hattie Avenue","PM 2.5","Forsyth",36.110693332,-80.2264378
"2688",NA,15,"Hattie Avenue","PM 2.5","Forsyth",36.110693332,-80.2264378
"2689",NA,18,"Hattie Avenue","PM 2.5","Forsyth",36.110693332,-80.2264378
"2690",NA,23,"Hattie Avenue","PM 2.5","Forsyth",36.110693332,-80.2264378
"2691",NA,23,"Hattie Avenue","PM 2.5","Forsyth",36.110693332,-80.2264378
"2692",NA,35,"Hattie Avenue","PM 2.5","Forsyth",36.110693332,-80.2264378
"2693",NA,32,"Hattie Avenue","PM 2.5","Forsyth",36.110693332,-80.2264378
"2694",NA,23,"Hattie Avenue","PM 2.5","Forsyth",36.110693332,-80.2264378
"2695",NA,10,"Hattie Avenue","PM 2.5","Forsyth",36.110693332,-80.2264378
"2696",NA,50,"Hattie Avenue","PM 2.5","Forsyth",36.110693332,-80.2264378
"2697",NA,56,"Hattie Avenue","PM 2.5","Forsyth",36.110693332,-80.2264378
"2698",NA,39,"Hattie Avenue","PM 2.5","Forsyth",36.110693332,-80.2264378
"2699",NA,18,"Hattie Avenue","PM 2.5","Forsyth",36.110693332,-80.2264378
"2700",NA,30,"Hattie Avenue","PM 2.5","Forsyth",36.110693332,-80.2264378
"2701",NA,43,"Hattie Avenue","PM 2.5","Forsyth",36.110693332,-80.2264378
"2702",NA,60,"Hattie Avenue","PM 2.5","Forsyth",36.110693332,-80.2264378
"2703",4-01-20,18,"Hattie Avenue","PM 2.5","Forsyth",36.110693332,-80.2264378
"2704",4-02-20,26,"Hattie Avenue","PM 2.5","Forsyth",36.110693332,-80.2264378
"2705",4-03-20,37,"Hattie Avenue","PM 2.5","Forsyth",36.110693332,-80.2264378
"2706",4-04-20,45,"Hattie Avenue","PM 2.5","Forsyth",36.110693332,-80.2264378
"2707",4-05-20,28,"Hattie Avenue","PM 2.5","Forsyth",36.110693332,-80.2264378
"2708",4-06-20,27,"Hattie Avenue","PM 2.5","Forsyth",36.110693332,-80.2264378
"2709",4-07-20,47,"Hattie Avenue","PM 2.5","Forsyth",36.110693332,-80.2264378
"2710",4-08-20,39,"Hattie Avenue","PM 2.5","Forsyth",36.110693332,-80.2264378
"2711",4-09-20,20,"Hattie Avenue","PM 2.5","Forsyth",36.110693332,-80.2264378
"2712",4-10-20,16,"Hattie Avenue","PM 2.5","Forsyth",36.110693332,-80.2264378
"2713",4-11-20,28,"Hattie Avenue","PM 2.5","Forsyth",36.110693332,-80.2264378
"2714",4-12-20,26,"Hattie Avenue","PM 2.5","Forsyth",36.110693332,-80.2264378
"2715",NA,28,"Hattie Avenue","PM 2.5","Forsyth",36.110693332,-80.2264378
"2716",NA,31,"Hattie Avenue","PM 2.5","Forsyth",36.110693332,-80.2264378
"2717",NA,11,"Hattie Avenue","PM 2.5","Forsyth",36.110693332,-80.2264378
"2718",NA,14,"Hattie Avenue","PM 2.5","Forsyth",36.110693332,-80.2264378
"2719",NA,35,"Hattie Avenue","PM 2.5","Forsyth",36.110693332,-80.2264378
"2720",NA,35,"Hattie Avenue","PM 2.5","Forsyth",36.110693332,-80.2264378
"2721",NA,30,"Hattie Avenue","PM 2.5","Forsyth",36.110693332,-80.2264378
"2722",NA,13,"Hattie Avenue","PM 2.5","Forsyth",36.110693332,-80.2264378
"2723",NA,12,"Hattie Avenue","PM 2.5","Forsyth",36.110693332,-80.2264378
"2724",NA,16,"Hattie Avenue","PM 2.5","Forsyth",36.110693332,-80.2264378
"2725",NA,28,"Hattie Avenue","PM 2.5","Forsyth",36.110693332,-80.2264378
"2726",NA,33,"Hattie Avenue","PM 2.5","Forsyth",36.110693332,-80.2264378
"2727",NA,53,"Hattie Avenue","PM 2.5","Forsyth",36.110693332,-80.2264378
"2728",NA,39,"Hattie Avenue","PM 2.5","Forsyth",36.110693332,-80.2264378
"2729",NA,24,"Hattie Avenue","PM 2.5","Forsyth",36.110693332,-80.2264378
"2730",NA,39,"Hattie Avenue","PM 2.5","Forsyth",36.110693332,-80.2264378
"2731",NA,36,"Hattie Avenue","PM 2.5","Forsyth",36.110693332,-80.2264378
"2732",NA,59,"Hattie Avenue","PM 2.5","Forsyth",36.110693332,-80.2264378
"2733",5-01-20,48,"Hattie Avenue","PM 2.5","Forsyth",36.110693332,-80.2264378
"2734",5-02-20,39,"Hattie Avenue","PM 2.5","Forsyth",36.110693332,-80.2264378
"2735",5-03-20,36,"Hattie Avenue","PM 2.5","Forsyth",36.110693332,-80.2264378
"2736",5-04-20,33,"Hattie Avenue","PM 2.5","Forsyth",36.110693332,-80.2264378
"2737",5-05-20,18,"Hattie Avenue","PM 2.5","Forsyth",36.110693332,-80.2264378
"2738",5-06-20,20,"Hattie Avenue","PM 2.5","Forsyth",36.110693332,-80.2264378
"2739",5-07-20,29,"Hattie Avenue","PM 2.5","Forsyth",36.110693332,-80.2264378
"2740",5-08-20,31,"Hattie Avenue","PM 2.5","Forsyth",36.110693332,-80.2264378
"2741",5-09-20,23,"Hattie Avenue","PM 2.5","Forsyth",36.110693332,-80.2264378
"2742",5-10-20,25,"Hattie Avenue","PM 2.5","Forsyth",36.110693332,-80.2264378
"2743",5-11-20,30,"Hattie Avenue","PM 2.5","Forsyth",36.110693332,-80.2264378
"2744",5-12-20,25,"Hattie Avenue","PM 2.5","Forsyth",36.110693332,-80.2264378
"2745",NA,18,"Hattie Avenue","PM 2.5","Forsyth",36.110693332,-80.2264378
"2746",NA,19,"Hattie Avenue","PM 2.5","Forsyth",36.110693332,-80.2264378
"2747",NA,27,"Hattie Avenue","PM 2.5","Forsyth",36.110693332,-80.2264378
"2748",NA,38,"Hattie Avenue","PM 2.5","Forsyth",36.110693332,-80.2264378
"2749",NA,48,"Hattie Avenue","PM 2.5","Forsyth",36.110693332,-80.2264378
"2750",NA,47,"Hattie Avenue","PM 2.5","Forsyth",36.110693332,-80.2264378
"2751",NA,55,"Hattie Avenue","PM 2.5","Forsyth",36.110693332,-80.2264378
"2752",NA,42,"Hattie Avenue","PM 2.5","Forsyth",36.110693332,-80.2264378
"2753",NA,29,"Hattie Avenue","PM 2.5","Forsyth",36.110693332,-80.2264378
"2754",NA,39,"Hattie Avenue","PM 2.5","Forsyth",36.110693332,-80.2264378
"2755",NA,48,"Hattie Avenue","PM 2.5","Forsyth",36.110693332,-80.2264378
"2756",NA,51,"Hattie Avenue","PM 2.5","Forsyth",36.110693332,-80.2264378
"2757",NA,56,"Hattie Avenue","PM 2.5","Forsyth",36.110693332,-80.2264378
"2758",NA,48,"Hattie Avenue","PM 2.5","Forsyth",36.110693332,-80.2264378
"2759",NA,33,"Hattie Avenue","PM 2.5","Forsyth",36.110693332,-80.2264378
"2760",NA,51,"Hattie Avenue","PM 2.5","Forsyth",36.110693332,-80.2264378
"2761",NA,44,"Hattie Avenue","PM 2.5","Forsyth",36.110693332,-80.2264378
"2762",NA,48,"Hattie Avenue","PM 2.5","Forsyth",36.110693332,-80.2264378
"2763",6-05-20,54,"Hattie Avenue","PM 2.5","Forsyth",36.110693332,-80.2264378
"2764",6-06-20,56,"Hattie Avenue","PM 2.5","Forsyth",36.110693332,-80.2264378
"2765",6-07-20,27,"Hattie Avenue","PM 2.5","Forsyth",36.110693332,-80.2264378
"2766",6-08-20,14,"Hattie Avenue","PM 2.5","Forsyth",36.110693332,-80.2264378
"2767",6-09-20,20,"Hattie Avenue","PM 2.5","Forsyth",36.110693332,-80.2264378
"2768",6-10-20,22,"Hattie Avenue","PM 2.5","Forsyth",36.110693332,-80.2264378
"2769",6-11-20,24,"Hattie Avenue","PM 2.5","Forsyth",36.110693332,-80.2264378
"2770",6-12-20,21,"Hattie Avenue","PM 2.5","Forsyth",36.110693332,-80.2264378
"2771",NA,19,"Hattie Avenue","PM 2.5","Forsyth",36.110693332,-80.2264378
"2772",NA,18,"Hattie Avenue","PM 2.5","Forsyth",36.110693332,-80.2264378
"2773",NA,36,"Hattie Avenue","PM 2.5","Forsyth",36.110693332,-80.2264378
"2774",NA,43,"Hattie Avenue","PM 2.5","Forsyth",36.110693332,-80.2264378
"2775",NA,44,"Hattie Avenue","PM 2.5","Forsyth",36.110693332,-80.2264378
"2776",NA,18,"Hattie Avenue","PM 2.5","Forsyth",36.110693332,-80.2264378
"2777",NA,23,"Hattie Avenue","PM 2.5","Forsyth",36.110693332,-80.2264378
"2778",NA,27,"Hattie Avenue","PM 2.5","Forsyth",36.110693332,-80.2264378
"2779",NA,24,"Hattie Avenue","PM 2.5","Forsyth",36.110693332,-80.2264378
"2780",NA,28,"Hattie Avenue","PM 2.5","Forsyth",36.110693332,-80.2264378
"2781",NA,37,"Hattie Avenue","PM 2.5","Forsyth",36.110693332,-80.2264378
"2782",NA,47,"Hattie Avenue","PM 2.5","Forsyth",36.110693332,-80.2264378
"2783",NA,24,"Hattie Avenue","PM 2.5","Forsyth",36.110693332,-80.2264378
"2784",NA,26,"Hattie Avenue","PM 2.5","Forsyth",36.110693332,-80.2264378
"2785",NA,34,"Hattie Avenue","PM 2.5","Forsyth",36.110693332,-80.2264378
"2786",NA,46,"Hattie Avenue","PM 2.5","Forsyth",36.110693332,-80.2264378
"2787",NA,48,"Hattie Avenue","PM 2.5","Forsyth",36.110693332,-80.2264378
"2788",NA,44,"Hattie Avenue","PM 2.5","Forsyth",36.110693332,-80.2264378
"2789",7-01-20,43,"Hattie Avenue","PM 2.5","Forsyth",36.110693332,-80.2264378
"2790",7-02-20,38,"Hattie Avenue","PM 2.5","Forsyth",36.110693332,-80.2264378
"2791",7-03-20,38,"Hattie Avenue","PM 2.5","Forsyth",36.110693332,-80.2264378
"2792",7-04-20,53,"Hattie Avenue","PM 2.5","Forsyth",36.110693332,-80.2264378
"2793",7-05-20,48,"Hattie Avenue","PM 2.5","Forsyth",36.110693332,-80.2264378
"2794",7-06-20,40,"Hattie Avenue","PM 2.5","Forsyth",36.110693332,-80.2264378
"2795",7-07-20,33,"Hattie Avenue","PM 2.5","Forsyth",36.110693332,-80.2264378
"2796",7-08-20,31,"Hattie Avenue","PM 2.5","Forsyth",36.110693332,-80.2264378
"2797",7-09-20,34,"Hattie Avenue","PM 2.5","Forsyth",36.110693332,-80.2264378
"2798",7-10-20,33,"Hattie Avenue","PM 2.5","Forsyth",36.110693332,-80.2264378
"2799",7-11-20,30,"Hattie Avenue","PM 2.5","Forsyth",36.110693332,-80.2264378
"2800",7-12-20,28,"Hattie Avenue","PM 2.5","Forsyth",36.110693332,-80.2264378
"2801",NA,33,"Hattie Avenue","PM 2.5","Forsyth",36.110693332,-80.2264378
"2802",NA,33,"Hattie Avenue","PM 2.5","Forsyth",36.110693332,-80.2264378
"2803",NA,42,"Hattie Avenue","PM 2.5","Forsyth",36.110693332,-80.2264378
"2804",NA,52,"Hattie Avenue","PM 2.5","Forsyth",36.110693332,-80.2264378
"2805",NA,51,"Hattie Avenue","PM 2.5","Forsyth",36.110693332,-80.2264378
"2806",NA,20,"Hattie Avenue","PM 2.5","Forsyth",36.110693332,-80.2264378
"2807",NA,27,"Hattie Avenue","PM 2.5","Forsyth",36.110693332,-80.2264378
"2808",NA,28,"Hattie Avenue","PM 2.5","Forsyth",36.110693332,-80.2264378
"2809",NA,30,"Hattie Avenue","PM 2.5","Forsyth",36.110693332,-80.2264378
"2810",NA,22,"Hattie Avenue","PM 2.5","Forsyth",36.110693332,-80.2264378
"2811",NA,21,"Hattie Avenue","PM 2.5","Forsyth",36.110693332,-80.2264378
"2812",NA,30,"Hattie Avenue","PM 2.5","Forsyth",36.110693332,-80.2264378
"2813",NA,31,"Hattie Avenue","PM 2.5","Forsyth",36.110693332,-80.2264378
"2814",NA,41,"Hattie Avenue","PM 2.5","Forsyth",36.110693332,-80.2264378
"2815",NA,53,"Hattie Avenue","PM 2.5","Forsyth",36.110693332,-80.2264378
"2816",NA,52,"Hattie Avenue","PM 2.5","Forsyth",36.110693332,-80.2264378
"2817",NA,53,"Hattie Avenue","PM 2.5","Forsyth",36.110693332,-80.2264378
"2818",NA,53,"Hattie Avenue","PM 2.5","Forsyth",36.110693332,-80.2264378
"2819",NA,41,"Hattie Avenue","PM 2.5","Forsyth",36.110693332,-80.2264378
"2820",8-01-20,42,"Hattie Avenue","PM 2.5","Forsyth",36.110693332,-80.2264378
"2821",8-02-20,28,"Hattie Avenue","PM 2.5","Forsyth",36.110693332,-80.2264378
"2822",8-03-20,40,"Hattie Avenue","PM 2.5","Forsyth",36.110693332,-80.2264378
"2823",8-04-20,36,"Hattie Avenue","PM 2.5","Forsyth",36.110693332,-80.2264378
"2824",8-05-20,43,"Hattie Avenue","PM 2.5","Forsyth",36.110693332,-80.2264378
"2825",8-06-20,46,"Hattie Avenue","PM 2.5","Forsyth",36.110693332,-80.2264378
"2826",8-07-20,40,"Hattie Avenue","PM 2.5","Forsyth",36.110693332,-80.2264378
"2827",8-08-20,31,"Hattie Avenue","PM 2.5","Forsyth",36.110693332,-80.2264378
"2828",8-09-20,38,"Hattie Avenue","PM 2.5","Forsyth",36.110693332,-80.2264378
"2829",8-10-20,41,"Hattie Avenue","PM 2.5","Forsyth",36.110693332,-80.2264378
"2830",8-11-20,36,"Hattie Avenue","PM 2.5","Forsyth",36.110693332,-80.2264378
"2831",8-12-20,44,"Hattie Avenue","PM 2.5","Forsyth",36.110693332,-80.2264378
"2832",NA,41,"Hattie Avenue","PM 2.5","Forsyth",36.110693332,-80.2264378
"2833",NA,28,"Hattie Avenue","PM 2.5","Forsyth",36.110693332,-80.2264378
"2834",NA,34,"Hattie Avenue","PM 2.5","Forsyth",36.110693332,-80.2264378
"2835",NA,33,"Hattie Avenue","PM 2.5","Forsyth",36.110693332,-80.2264378
"2836",NA,35,"Hattie Avenue","PM 2.5","Forsyth",36.110693332,-80.2264378
"2837",NA,37,"Hattie Avenue","PM 2.5","Forsyth",36.110693332,-80.2264378
"2838",NA,35,"Hattie Avenue","PM 2.5","Forsyth",36.110693332,-80.2264378
"2839",NA,30,"Hattie Avenue","PM 2.5","Forsyth",36.110693332,-80.2264378
"2840",NA,27,"Hattie Avenue","PM 2.5","Forsyth",36.110693332,-80.2264378
"2841",NA,35,"Hattie Avenue","PM 2.5","Forsyth",36.110693332,-80.2264378
"2842",NA,23,"Hattie Avenue","PM 2.5","Forsyth",36.110693332,-80.2264378
"2843",NA,20,"Hattie Avenue","PM 2.5","Forsyth",36.110693332,-80.2264378
"2844",NA,24,"Hattie Avenue","PM 2.5","Forsyth",36.110693332,-80.2264378
"2845",NA,23,"Hattie Avenue","PM 2.5","Forsyth",36.110693332,-80.2264378
"2846",NA,29,"Hattie Avenue","PM 2.5","Forsyth",36.110693332,-80.2264378
"2847",NA,27,"Hattie Avenue","PM 2.5","Forsyth",36.110693332,-80.2264378
"2848",NA,25,"Hattie Avenue","PM 2.5","Forsyth",36.110693332,-80.2264378
"2849",NA,30,"Hattie Avenue","PM 2.5","Forsyth",36.110693332,-80.2264378
"2850",NA,39,"Hattie Avenue","PM 2.5","Forsyth",36.110693332,-80.2264378
"2851",9-01-20,34,"Hattie Avenue","PM 2.5","Forsyth",36.110693332,-80.2264378
"2852",9-02-20,29,"Hattie Avenue","PM 2.5","Forsyth",36.110693332,-80.2264378
"2853",9-03-20,43,"Hattie Avenue","PM 2.5","Forsyth",36.110693332,-80.2264378
"2854",9-04-20,44,"Hattie Avenue","PM 2.5","Forsyth",36.110693332,-80.2264378
"2855",9-05-20,33,"Hattie Avenue","PM 2.5","Forsyth",36.110693332,-80.2264378
"2856",9-06-20,30,"Hattie Avenue","PM 2.5","Forsyth",36.110693332,-80.2264378
"2857",9-07-20,35,"Hattie Avenue","PM 2.5","Forsyth",36.110693332,-80.2264378
"2858",9-08-20,39,"Hattie Avenue","PM 2.5","Forsyth",36.110693332,-80.2264378
"2859",9-09-20,53,"Hattie Avenue","PM 2.5","Forsyth",36.110693332,-80.2264378
"2860",9-10-20,56,"Hattie Avenue","PM 2.5","Forsyth",36.110693332,-80.2264378
"2861",9-11-20,58,"Hattie Avenue","PM 2.5","Forsyth",36.110693332,-80.2264378
"2862",9-12-20,54,"Hattie Avenue","PM 2.5","Forsyth",36.110693332,-80.2264378
"2863",NA,48,"Hattie Avenue","PM 2.5","Forsyth",36.110693332,-80.2264378
"2864",NA,34,"Hattie Avenue","PM 2.5","Forsyth",36.110693332,-80.2264378
"2865",NA,44,"Hattie Avenue","PM 2.5","Forsyth",36.110693332,-80.2264378
"2866",NA,37,"Hattie Avenue","PM 2.5","Forsyth",36.110693332,-80.2264378
"2867",NA,44,"Hattie Avenue","PM 2.5","Forsyth",36.110693332,-80.2264378
"2868",NA,28,"Hattie Avenue","PM 2.5","Forsyth",36.110693332,-80.2264378
"2869",NA,25,"Hattie Avenue","PM 2.5","Forsyth",36.110693332,-80.2264378
"2870",NA,35,"Hattie Avenue","PM 2.5","Forsyth",36.110693332,-80.2264378
"2871",NA,45,"Hattie Avenue","PM 2.5","Forsyth",36.110693332,-80.2264378
"2872",NA,45,"Hattie Avenue","PM 2.5","Forsyth",36.110693332,-80.2264378
"2873",NA,37,"Hattie Avenue","PM 2.5","Forsyth",36.110693332,-80.2264378
"2874",NA,26,"Hattie Avenue","PM 2.5","Forsyth",36.110693332,-80.2264378
"2875",NA,38,"Hattie Avenue","PM 2.5","Forsyth",36.110693332,-80.2264378
"2876",NA,41,"Hattie Avenue","PM 2.5","Forsyth",36.110693332,-80.2264378
"2877",NA,41,"Hattie Avenue","PM 2.5","Forsyth",36.110693332,-80.2264378
"2878",NA,48,"Hattie Avenue","PM 2.5","Forsyth",36.110693332,-80.2264378
"2879",NA,53,"Hattie Avenue","PM 2.5","Forsyth",36.110693332,-80.2264378
"2880",NA,60,"Hattie Avenue","PM 2.5","Forsyth",36.110693332,-80.2264378
"2881",10-01-20,58,"Hattie Avenue","PM 2.5","Forsyth",36.110693332,-80.2264378
"2882",10-02-20,57,"Hattie Avenue","PM 2.5","Forsyth",36.110693332,-80.2264378
"2883",10-03-20,48,"Hattie Avenue","PM 2.5","Forsyth",36.110693332,-80.2264378
"2884",10-04-20,38,"Hattie Avenue","PM 2.5","Forsyth",36.110693332,-80.2264378
"2885",10-05-20,18,"Hattie Avenue","PM 2.5","Forsyth",36.110693332,-80.2264378
"2886",10-06-20,24,"Hattie Avenue","PM 2.5","Forsyth",36.110693332,-80.2264378
"2887",10-07-20,23,"Hattie Avenue","PM 2.5","Forsyth",36.110693332,-80.2264378
"2888",10-08-20,15,"Hattie Avenue","PM 2.5","Forsyth",36.110693332,-80.2264378
"2889",10-09-20,19,"Hattie Avenue","PM 2.5","Forsyth",36.110693332,-80.2264378
"2890",10-10-20,24,"Hattie Avenue","PM 2.5","Forsyth",36.110693332,-80.2264378
"2891",10-11-20,24,"Hattie Avenue","PM 2.5","Forsyth",36.110693332,-80.2264378
"2892",10-12-20,35,"Hattie Avenue","PM 2.5","Forsyth",36.110693332,-80.2264378
"2893",NA,21,"Hattie Avenue","PM 2.5","Forsyth",36.110693332,-80.2264378
"2894",NA,30,"Hattie Avenue","PM 2.5","Forsyth",36.110693332,-80.2264378
"2895",NA,22,"Hattie Avenue","PM 2.5","Forsyth",36.110693332,-80.2264378
"2896",NA,15,"Hattie Avenue","PM 2.5","Forsyth",36.110693332,-80.2264378
"2897",NA,12,"Hattie Avenue","PM 2.5","Forsyth",36.110693332,-80.2264378
"2898",NA,21,"Hattie Avenue","PM 2.5","Forsyth",36.110693332,-80.2264378
"2899",NA,37,"Hattie Avenue","PM 2.5","Forsyth",36.110693332,-80.2264378
"2900",NA,7,"Hattie Avenue","PM 2.5","Forsyth",36.110693332,-80.2264378
"2901",NA,18,"Hattie Avenue","PM 2.5","Forsyth",36.110693332,-80.2264378
"2902",NA,18,"Hattie Avenue","PM 2.5","Forsyth",36.110693332,-80.2264378
"2903",NA,19,"Hattie Avenue","PM 2.5","Forsyth",36.110693332,-80.2264378
"2904",NA,26,"Hattie Avenue","PM 2.5","Forsyth",36.110693332,-80.2264378
"2905",NA,33,"Hattie Avenue","PM 2.5","Forsyth",36.110693332,-80.2264378
"2906",NA,30,"Hattie Avenue","PM 2.5","Forsyth",36.110693332,-80.2264378
"2907",NA,16,"Hattie Avenue","PM 2.5","Forsyth",36.110693332,-80.2264378
"2908",NA,20,"Hattie Avenue","PM 2.5","Forsyth",36.110693332,-80.2264378
"2909",NA,43,"Hattie Avenue","PM 2.5","Forsyth",36.110693332,-80.2264378
"2910",NA,36,"Hattie Avenue","PM 2.5","Forsyth",36.110693332,-80.2264378
"2911",NA,18,"Hattie Avenue","PM 2.5","Forsyth",36.110693332,-80.2264378
"2912",11-01-20,21,"Hattie Avenue","PM 2.5","Forsyth",36.110693332,-80.2264378
"2913",11-02-20,26,"Hattie Avenue","PM 2.5","Forsyth",36.110693332,-80.2264378
"2914",11-03-20,28,"Hattie Avenue","PM 2.5","Forsyth",36.110693332,-80.2264378
"2915",11-04-20,39,"Hattie Avenue","PM 2.5","Forsyth",36.110693332,-80.2264378
"2916",11-05-20,45,"Hattie Avenue","PM 2.5","Forsyth",36.110693332,-80.2264378
"2917",11-06-20,35,"Hattie Avenue","PM 2.5","Forsyth",36.110693332,-80.2264378
"2918",11-07-20,59,"Hattie Avenue","PM 2.5","Forsyth",36.110693332,-80.2264378
"2919",11-08-20,20,"Hattie Avenue","PM 2.5","Forsyth",36.110693332,-80.2264378
"2920",11-09-20,39,"Hattie Avenue","PM 2.5","Forsyth",36.110693332,-80.2264378
"2921",11-10-20,63,"Hattie Avenue","PM 2.5","Forsyth",36.110693332,-80.2264378
"2922",11-11-20,54,"Hattie Avenue","PM 2.5","Forsyth",36.110693332,-80.2264378
"2923",11-12-20,24,"Hattie Avenue","PM 2.5","Forsyth",36.110693332,-80.2264378
"2924",NA,25,"Hattie Avenue","PM 2.5","Forsyth",36.110693332,-80.2264378
"2925",NA,57,"Hattie Avenue","PM 2.5","Forsyth",36.110693332,-80.2264378
"2926",NA,41,"Hattie Avenue","PM 2.5","Forsyth",36.110693332,-80.2264378
"2927",NA,38,"Hattie Avenue","PM 2.5","Forsyth",36.110693332,-80.2264378
"2928",NA,21,"Hattie Avenue","PM 2.5","Forsyth",36.110693332,-80.2264378
"2929",NA,26,"Hattie Avenue","PM 2.5","Forsyth",36.110693332,-80.2264378
"2930",NA,55,"Hattie Avenue","PM 2.5","Forsyth",36.110693332,-80.2264378
"2931",NA,42,"Hattie Avenue","PM 2.5","Forsyth",36.110693332,-80.2264378
"2932",NA,48,"Hattie Avenue","PM 2.5","Forsyth",36.110693332,-80.2264378
"2933",NA,61,"Hattie Avenue","PM 2.5","Forsyth",36.110693332,-80.2264378
"2934",NA,25,"Hattie Avenue","PM 2.5","Forsyth",36.110693332,-80.2264378
"2935",NA,14,"Hattie Avenue","PM 2.5","Forsyth",36.110693332,-80.2264378
"2936",NA,28,"Hattie Avenue","PM 2.5","Forsyth",36.110693332,-80.2264378
"2937",NA,47,"Hattie Avenue","PM 2.5","Forsyth",36.110693332,-80.2264378
"2938",NA,54,"Hattie Avenue","PM 2.5","Forsyth",36.110693332,-80.2264378
"2939",NA,14,"Hattie Avenue","PM 2.5","Forsyth",36.110693332,-80.2264378
"2940",NA,27,"Hattie Avenue","PM 2.5","Forsyth",36.110693332,-80.2264378
"2941",NA,53,"Hattie Avenue","PM 2.5","Forsyth",36.110693332,-80.2264378
"2942",12-01-20,26,"Hattie Avenue","PM 2.5","Forsyth",36.110693332,-80.2264378
"2943",12-02-20,5,"Hattie Avenue","PM 2.5","Forsyth",36.110693332,-80.2264378
"2944",12-03-20,11,"Hattie Avenue","PM 2.5","Forsyth",36.110693332,-80.2264378
"2945",12-04-20,21,"Hattie Avenue","PM 2.5","Forsyth",36.110693332,-80.2264378
"2946",12-05-20,17,"Hattie Avenue","PM 2.5","Forsyth",36.110693332,-80.2264378
"2947",12-06-20,56,"Hattie Avenue","PM 2.5","Forsyth",36.110693332,-80.2264378
"2948",12-07-20,49,"Hattie Avenue","PM 2.5","Forsyth",36.110693332,-80.2264378
"2949",12-08-20,37,"Hattie Avenue","PM 2.5","Forsyth",36.110693332,-80.2264378
"2950",12-09-20,43,"Hattie Avenue","PM 2.5","Forsyth",36.110693332,-80.2264378
"2951",12-10-20,31,"Hattie Avenue","PM 2.5","Forsyth",36.110693332,-80.2264378
"2952",12-11-20,15,"Hattie Avenue","PM 2.5","Forsyth",36.110693332,-80.2264378
"2953",12-12-20,27,"Hattie Avenue","PM 2.5","Forsyth",36.110693332,-80.2264378
"2954",NA,28,"Hattie Avenue","PM 2.5","Forsyth",36.110693332,-80.2264378
"2955",NA,12,"Hattie Avenue","PM 2.5","Forsyth",36.110693332,-80.2264378
"2956",NA,28,"Hattie Avenue","PM 2.5","Forsyth",36.110693332,-80.2264378
"2957",NA,51,"Hattie Avenue","PM 2.5","Forsyth",36.110693332,-80.2264378
"2958",NA,15,"Hattie Avenue","PM 2.5","Forsyth",36.110693332,-80.2264378
"2959",NA,17,"Hattie Avenue","PM 2.5","Forsyth",36.110693332,-80.2264378
"2960",NA,39,"Hattie Avenue","PM 2.5","Forsyth",36.110693332,-80.2264378
"2961",NA,45,"Hattie Avenue","PM 2.5","Forsyth",36.110693332,-80.2264378
"2962",NA,60,"Hattie Avenue","PM 2.5","Forsyth",36.110693332,-80.2264378
"2963",NA,81,"Hattie Avenue","PM 2.5","Forsyth",36.110693332,-80.2264378
"2964",NA,53,"Hattie Avenue","PM 2.5","Forsyth",36.110693332,-80.2264378
"2965",NA,18,"Hattie Avenue","PM 2.5","Forsyth",36.110693332,-80.2264378
"2966",NA,52,"Hattie Avenue","PM 2.5","Forsyth",36.110693332,-80.2264378
"2967",NA,57,"Hattie Avenue","PM 2.5","Forsyth",36.110693332,-80.2264378
"2968",NA,64,"Hattie Avenue","PM 2.5","Forsyth",36.110693332,-80.2264378
"2969",NA,65,"Hattie Avenue","PM 2.5","Forsyth",36.110693332,-80.2264378
"2970",NA,41,"Hattie Avenue","PM 2.5","Forsyth",36.110693332,-80.2264378
"2971",NA,14,"Hattie Avenue","PM 2.5","Forsyth",36.110693332,-80.2264378
"2972",NA,11,"Hattie Avenue","PM 2.5","Forsyth",36.110693332,-80.2264378
"2973",1-03-20,23,"Clemmons Middle","PM 2.5","Forsyth",36.026,-80.342
"2974",1-09-20,8,"Clemmons Middle","PM 2.5","Forsyth",36.026,-80.342
"2975",NA,29,"Clemmons Middle","PM 2.5","Forsyth",36.026,-80.342
"2976",NA,11,"Clemmons Middle","PM 2.5","Forsyth",36.026,-80.342
"2977",NA,47,"Clemmons Middle","PM 2.5","Forsyth",36.026,-80.342
"2978",2-08-20,21,"Clemmons Middle","PM 2.5","Forsyth",36.026,-80.342
"2979",NA,22,"Clemmons Middle","PM 2.5","Forsyth",36.026,-80.342
"2980",3-04-20,17,"Clemmons Middle","PM 2.5","Forsyth",36.026,-80.342
"2981",3-10-20,20,"Clemmons Middle","PM 2.5","Forsyth",36.026,-80.342
"2982",NA,13,"Clemmons Middle","PM 2.5","Forsyth",36.026,-80.342
"2983",NA,18,"Clemmons Middle","PM 2.5","Forsyth",36.026,-80.342
"2984",4-09-20,5,"Clemmons Middle","PM 2.5","Forsyth",36.026,-80.342
"2985",NA,8,"Clemmons Middle","PM 2.5","Forsyth",36.026,-80.342
"2986",NA,8,"Clemmons Middle","PM 2.5","Forsyth",36.026,-80.342
"2987",5-11-20,32,"Clemmons Middle","PM 2.5","Forsyth",36.026,-80.342
"2988",NA,25,"Clemmons Middle","PM 2.5","Forsyth",36.026,-80.342
"2989",NA,33,"Clemmons Middle","PM 2.5","Forsyth",36.026,-80.342
"2990",NA,35,"Clemmons Middle","PM 2.5","Forsyth",36.026,-80.342
"2991",6-02-20,44,"Clemmons Middle","PM 2.5","Forsyth",36.026,-80.342
"2992",6-08-20,14,"Clemmons Middle","PM 2.5","Forsyth",36.026,-80.342
"2993",NA,15,"Clemmons Middle","PM 2.5","Forsyth",36.026,-80.342
"2994",NA,27,"Clemmons Middle","PM 2.5","Forsyth",36.026,-80.342
"2995",NA,28,"Clemmons Middle","PM 2.5","Forsyth",36.026,-80.342
"2996",7-02-20,35,"Clemmons Middle","PM 2.5","Forsyth",36.026,-80.342
"2997",7-08-20,35,"Clemmons Middle","PM 2.5","Forsyth",36.026,-80.342
"2998",NA,35,"Clemmons Middle","PM 2.5","Forsyth",36.026,-80.342
"2999",NA,28,"Clemmons Middle","PM 2.5","Forsyth",36.026,-80.342
"3000",NA,38,"Clemmons Middle","PM 2.5","Forsyth",36.026,-80.342
"3001",8-01-20,46,"Clemmons Middle","PM 2.5","Forsyth",36.026,-80.342
"3002",8-07-20,40,"Clemmons Middle","PM 2.5","Forsyth",36.026,-80.342
"3003",NA,48,"Clemmons Middle","PM 2.5","Forsyth",36.026,-80.342
"3004",NA,37,"Clemmons Middle","PM 2.5","Forsyth",36.026,-80.342
"3005",NA,53,"Clemmons Middle","PM 2.5","Forsyth",36.026,-80.342
"3006",9-06-20,32,"Clemmons Middle","PM 2.5","Forsyth",36.026,-80.342
"3007",9-12-20,56,"Clemmons Middle","PM 2.5","Forsyth",36.026,-80.342
"3008",NA,28,"Clemmons Middle","PM 2.5","Forsyth",36.026,-80.342
"3009",NA,24,"Clemmons Middle","PM 2.5","Forsyth",36.026,-80.342
"3010",NA,65,"Clemmons Middle","PM 2.5","Forsyth",36.026,-80.342
"3011",1-01-20,24,"Clemmons Middle","PM 2.5","Forsyth",36.026,-80.342
"3012",1-02-20,30,"Clemmons Middle","PM 2.5","Forsyth",36.026,-80.342
"3013",1-03-20,37,"Clemmons Middle","PM 2.5","Forsyth",36.026,-80.342
"3014",1-04-20,36,"Clemmons Middle","PM 2.5","Forsyth",36.026,-80.342
"3015",1-05-20,13,"Clemmons Middle","PM 2.5","Forsyth",36.026,-80.342
"3016",1-06-20,15,"Clemmons Middle","PM 2.5","Forsyth",36.026,-80.342
"3017",1-07-20,32,"Clemmons Middle","PM 2.5","Forsyth",36.026,-80.342
"3018",1-08-20,51,"Clemmons Middle","PM 2.5","Forsyth",36.026,-80.342
"3019",1-09-20,14,"Clemmons Middle","PM 2.5","Forsyth",36.026,-80.342
"3020",1-10-20,27,"Clemmons Middle","PM 2.5","Forsyth",36.026,-80.342
"3021",1-11-20,36,"Clemmons Middle","PM 2.5","Forsyth",36.026,-80.342
"3022",1-12-20,57,"Clemmons Middle","PM 2.5","Forsyth",36.026,-80.342
"3023",NA,19,"Clemmons Middle","PM 2.5","Forsyth",36.026,-80.342
"3024",NA,34,"Clemmons Middle","PM 2.5","Forsyth",36.026,-80.342
"3025",NA,50,"Clemmons Middle","PM 2.5","Forsyth",36.026,-80.342
"3026",NA,41,"Clemmons Middle","PM 2.5","Forsyth",36.026,-80.342
"3027",NA,47,"Clemmons Middle","PM 2.5","Forsyth",36.026,-80.342
"3028",NA,64,"Clemmons Middle","PM 2.5","Forsyth",36.026,-80.342
"3029",NA,59,"Clemmons Middle","PM 2.5","Forsyth",36.026,-80.342
"3030",NA,19,"Clemmons Middle","PM 2.5","Forsyth",36.026,-80.342
"3031",NA,19,"Clemmons Middle","PM 2.5","Forsyth",36.026,-80.342
"3032",NA,33,"Clemmons Middle","PM 2.5","Forsyth",36.026,-80.342
"3033",NA,54,"Clemmons Middle","PM 2.5","Forsyth",36.026,-80.342
"3034",NA,18,"Clemmons Middle","PM 2.5","Forsyth",36.026,-80.342
"3035",NA,35,"Clemmons Middle","PM 2.5","Forsyth",36.026,-80.342
"3036",NA,52,"Clemmons Middle","PM 2.5","Forsyth",36.026,-80.342
"3037",NA,58,"Clemmons Middle","PM 2.5","Forsyth",36.026,-80.342
"3038",NA,59,"Clemmons Middle","PM 2.5","Forsyth",36.026,-80.342
"3039",NA,45,"Clemmons Middle","PM 2.5","Forsyth",36.026,-80.342
"3040",NA,23,"Clemmons Middle","PM 2.5","Forsyth",36.026,-80.342
"3041",NA,28,"Clemmons Middle","PM 2.5","Forsyth",36.026,-80.342
"3042",2-01-20,59,"Clemmons Middle","PM 2.5","Forsyth",36.026,-80.342
"3043",2-02-20,60,"Clemmons Middle","PM 2.5","Forsyth",36.026,-80.342
"3044",2-03-20,75,"Clemmons Middle","PM 2.5","Forsyth",36.026,-80.342
"3045",2-04-20,60,"Clemmons Middle","PM 2.5","Forsyth",36.026,-80.342
"3046",2-05-20,50,"Clemmons Middle","PM 2.5","Forsyth",36.026,-80.342
"3047",2-06-20,32,"Clemmons Middle","PM 2.5","Forsyth",36.026,-80.342
"3048",2-07-20,15,"Clemmons Middle","PM 2.5","Forsyth",36.026,-80.342
"3049",2-08-20,12,"Clemmons Middle","PM 2.5","Forsyth",36.026,-80.342
"3050",2-09-20,5,"Clemmons Middle","PM 2.5","Forsyth",36.026,-80.342
"3051",2-10-20,16,"Clemmons Middle","PM 2.5","Forsyth",36.026,-80.342
"3052",2-11-20,14,"Clemmons Middle","PM 2.5","Forsyth",36.026,-80.342
"3053",2-12-20,12,"Clemmons Middle","PM 2.5","Forsyth",36.026,-80.342
"3054",NA,18,"Clemmons Middle","PM 2.5","Forsyth",36.026,-80.342
"3055",NA,22,"Clemmons Middle","PM 2.5","Forsyth",36.026,-80.342
"3056",NA,58,"Clemmons Middle","PM 2.5","Forsyth",36.026,-80.342
"3057",NA,43,"Clemmons Middle","PM 2.5","Forsyth",36.026,-80.342
"3058",NA,52,"Clemmons Middle","PM 2.5","Forsyth",36.026,-80.342
"3059",NA,27,"Clemmons Middle","PM 2.5","Forsyth",36.026,-80.342
"3060",NA,34,"Clemmons Middle","PM 2.5","Forsyth",36.026,-80.342
"3061",NA,26,"Clemmons Middle","PM 2.5","Forsyth",36.026,-80.342
"3062",NA,33,"Clemmons Middle","PM 2.5","Forsyth",36.026,-80.342
"3063",NA,28,"Clemmons Middle","PM 2.5","Forsyth",36.026,-80.342
"3064",NA,22,"Clemmons Middle","PM 2.5","Forsyth",36.026,-80.342
"3065",NA,22,"Clemmons Middle","PM 2.5","Forsyth",36.026,-80.342
"3066",NA,13,"Clemmons Middle","PM 2.5","Forsyth",36.026,-80.342
"3067",NA,32,"Clemmons Middle","PM 2.5","Forsyth",36.026,-80.342
"3068",NA,59,"Clemmons Middle","PM 2.5","Forsyth",36.026,-80.342
"3069",NA,59,"Clemmons Middle","PM 2.5","Forsyth",36.026,-80.342
"3070",3-01-20,33,"Clemmons Middle","PM 2.5","Forsyth",36.026,-80.342
"3071",3-02-20,33,"Clemmons Middle","PM 2.5","Forsyth",36.026,-80.342
"3072",3-03-20,45,"Clemmons Middle","PM 2.5","Forsyth",36.026,-80.342
"3073",3-04-20,27,"Clemmons Middle","PM 2.5","Forsyth",36.026,-80.342
"3074",3-05-20,26,"Clemmons Middle","PM 2.5","Forsyth",36.026,-80.342
"3075",3-06-20,22,"Clemmons Middle","PM 2.5","Forsyth",36.026,-80.342
"3076",3-07-20,41,"Clemmons Middle","PM 2.5","Forsyth",36.026,-80.342
"3077",3-08-20,62,"Clemmons Middle","PM 2.5","Forsyth",36.026,-80.342
"3078",3-09-20,63,"Clemmons Middle","PM 2.5","Forsyth",36.026,-80.342
"3079",3-10-20,32,"Clemmons Middle","PM 2.5","Forsyth",36.026,-80.342
"3080",3-11-20,25,"Clemmons Middle","PM 2.5","Forsyth",36.026,-80.342
"3081",3-12-20,19,"Clemmons Middle","PM 2.5","Forsyth",36.026,-80.342
"3082",NA,33,"Clemmons Middle","PM 2.5","Forsyth",36.026,-80.342
"3083",NA,38,"Clemmons Middle","PM 2.5","Forsyth",36.026,-80.342
"3084",NA,39,"Clemmons Middle","PM 2.5","Forsyth",36.026,-80.342
"3085",NA,17,"Clemmons Middle","PM 2.5","Forsyth",36.026,-80.342
"3086",NA,24,"Clemmons Middle","PM 2.5","Forsyth",36.026,-80.342
"3087",NA,34,"Clemmons Middle","PM 2.5","Forsyth",36.026,-80.342
"3088",NA,35,"Clemmons Middle","PM 2.5","Forsyth",36.026,-80.342
"3089",NA,45,"Clemmons Middle","PM 2.5","Forsyth",36.026,-80.342
"3090",NA,41,"Clemmons Middle","PM 2.5","Forsyth",36.026,-80.342
"3091",NA,26,"Clemmons Middle","PM 2.5","Forsyth",36.026,-80.342
"3092",NA,13,"Clemmons Middle","PM 2.5","Forsyth",36.026,-80.342
"3093",NA,57,"Clemmons Middle","PM 2.5","Forsyth",36.026,-80.342
"3094",NA,61,"Clemmons Middle","PM 2.5","Forsyth",36.026,-80.342
"3095",NA,48,"Clemmons Middle","PM 2.5","Forsyth",36.026,-80.342
"3096",NA,25,"Clemmons Middle","PM 2.5","Forsyth",36.026,-80.342
"3097",NA,53,"Clemmons Middle","PM 2.5","Forsyth",36.026,-80.342
"3098",NA,58,"Clemmons Middle","PM 2.5","Forsyth",36.026,-80.342
"3099",NA,75,"Clemmons Middle","PM 2.5","Forsyth",36.026,-80.342
"3100",NA,34,"Clemmons Middle","PM 2.5","Forsyth",36.026,-80.342
"3101",4-01-20,28,"Clemmons Middle","PM 2.5","Forsyth",36.026,-80.342
"3102",4-02-20,42,"Clemmons Middle","PM 2.5","Forsyth",36.026,-80.342
"3103",4-03-20,57,"Clemmons Middle","PM 2.5","Forsyth",36.026,-80.342
"3104",4-04-20,58,"Clemmons Middle","PM 2.5","Forsyth",36.026,-80.342
"3105",4-05-20,40,"Clemmons Middle","PM 2.5","Forsyth",36.026,-80.342
"3106",4-06-20,34,"Clemmons Middle","PM 2.5","Forsyth",36.026,-80.342
"3107",4-07-20,57,"Clemmons Middle","PM 2.5","Forsyth",36.026,-80.342
"3108",4-08-20,50,"Clemmons Middle","PM 2.5","Forsyth",36.026,-80.342
"3109",4-09-20,27,"Clemmons Middle","PM 2.5","Forsyth",36.026,-80.342
"3110",4-10-20,26,"Clemmons Middle","PM 2.5","Forsyth",36.026,-80.342
"3111",4-11-20,40,"Clemmons Middle","PM 2.5","Forsyth",36.026,-80.342
"3112",4-12-20,38,"Clemmons Middle","PM 2.5","Forsyth",36.026,-80.342
"3113",NA,38,"Clemmons Middle","PM 2.5","Forsyth",36.026,-80.342
"3114",NA,45,"Clemmons Middle","PM 2.5","Forsyth",36.026,-80.342
"3115",NA,15,"Clemmons Middle","PM 2.5","Forsyth",36.026,-80.342
"3116",NA,19,"Clemmons Middle","PM 2.5","Forsyth",36.026,-80.342
"3117",NA,47,"Clemmons Middle","PM 2.5","Forsyth",36.026,-80.342
"3118",NA,48,"Clemmons Middle","PM 2.5","Forsyth",36.026,-80.342
"3119",NA,37,"Clemmons Middle","PM 2.5","Forsyth",36.026,-80.342
"3120",NA,14,"Clemmons Middle","PM 2.5","Forsyth",36.026,-80.342
"3121",NA,14,"Clemmons Middle","PM 2.5","Forsyth",36.026,-80.342
"3122",NA,19,"Clemmons Middle","PM 2.5","Forsyth",36.026,-80.342
"3123",NA,36,"Clemmons Middle","PM 2.5","Forsyth",36.026,-80.342
"3124",NA,46,"Clemmons Middle","PM 2.5","Forsyth",36.026,-80.342
"3125",NA,66,"Clemmons Middle","PM 2.5","Forsyth",36.026,-80.342
"3126",NA,49,"Clemmons Middle","PM 2.5","Forsyth",36.026,-80.342
"3127",NA,35,"Clemmons Middle","PM 2.5","Forsyth",36.026,-80.342
"3128",NA,52,"Clemmons Middle","PM 2.5","Forsyth",36.026,-80.342
"3129",NA,48,"Clemmons Middle","PM 2.5","Forsyth",36.026,-80.342
"3130",NA,69,"Clemmons Middle","PM 2.5","Forsyth",36.026,-80.342
"3131",5-01-20,58,"Clemmons Middle","PM 2.5","Forsyth",36.026,-80.342
"3132",5-02-20,51,"Clemmons Middle","PM 2.5","Forsyth",36.026,-80.342
"3133",5-03-20,44,"Clemmons Middle","PM 2.5","Forsyth",36.026,-80.342
"3134",5-04-20,41,"Clemmons Middle","PM 2.5","Forsyth",36.026,-80.342
"3135",5-05-20,21,"Clemmons Middle","PM 2.5","Forsyth",36.026,-80.342
"3136",5-06-20,24,"Clemmons Middle","PM 2.5","Forsyth",36.026,-80.342
"3137",5-07-20,35,"Clemmons Middle","PM 2.5","Forsyth",36.026,-80.342
"3138",5-08-20,39,"Clemmons Middle","PM 2.5","Forsyth",36.026,-80.342
"3139",5-09-20,29,"Clemmons Middle","PM 2.5","Forsyth",36.026,-80.342
"3140",5-10-20,28,"Clemmons Middle","PM 2.5","Forsyth",36.026,-80.342
"3141",5-11-20,28,"Clemmons Middle","PM 2.5","Forsyth",36.026,-80.342
"3142",5-12-20,24,"Clemmons Middle","PM 2.5","Forsyth",36.026,-80.342
"3143",NA,17,"Clemmons Middle","PM 2.5","Forsyth",36.026,-80.342
"3144",NA,19,"Clemmons Middle","PM 2.5","Forsyth",36.026,-80.342
"3145",NA,28,"Clemmons Middle","PM 2.5","Forsyth",36.026,-80.342
"3146",NA,37,"Clemmons Middle","PM 2.5","Forsyth",36.026,-80.342
"3147",NA,48,"Clemmons Middle","PM 2.5","Forsyth",36.026,-80.342
"3148",NA,55,"Clemmons Middle","PM 2.5","Forsyth",36.026,-80.342
"3149",NA,58,"Clemmons Middle","PM 2.5","Forsyth",36.026,-80.342
"3150",NA,46,"Clemmons Middle","PM 2.5","Forsyth",36.026,-80.342
"3151",NA,33,"Clemmons Middle","PM 2.5","Forsyth",36.026,-80.342
"3152",NA,44,"Clemmons Middle","PM 2.5","Forsyth",36.026,-80.342
"3153",NA,52,"Clemmons Middle","PM 2.5","Forsyth",36.026,-80.342
"3154",NA,52,"Clemmons Middle","PM 2.5","Forsyth",36.026,-80.342
"3155",NA,58,"Clemmons Middle","PM 2.5","Forsyth",36.026,-80.342
"3156",NA,49,"Clemmons Middle","PM 2.5","Forsyth",36.026,-80.342
"3157",NA,39,"Clemmons Middle","PM 2.5","Forsyth",36.026,-80.342
"3158",NA,53,"Clemmons Middle","PM 2.5","Forsyth",36.026,-80.342
"3159",NA,45,"Clemmons Middle","PM 2.5","Forsyth",36.026,-80.342
"3160",NA,51,"Clemmons Middle","PM 2.5","Forsyth",36.026,-80.342
"3161",NA,40,"Clemmons Middle","PM 2.5","Forsyth",36.026,-80.342
"3162",6-01-20,40,"Clemmons Middle","PM 2.5","Forsyth",36.026,-80.342
"3163",6-02-20,50,"Clemmons Middle","PM 2.5","Forsyth",36.026,-80.342
"3164",6-03-20,56,"Clemmons Middle","PM 2.5","Forsyth",36.026,-80.342
"3165",6-04-20,36,"Clemmons Middle","PM 2.5","Forsyth",36.026,-80.342
"3166",6-05-20,56,"Clemmons Middle","PM 2.5","Forsyth",36.026,-80.342
"3167",6-06-20,59,"Clemmons Middle","PM 2.5","Forsyth",36.026,-80.342
"3168",6-07-20,30,"Clemmons Middle","PM 2.5","Forsyth",36.026,-80.342
"3169",6-08-20,15,"Clemmons Middle","PM 2.5","Forsyth",36.026,-80.342
"3170",6-09-20,23,"Clemmons Middle","PM 2.5","Forsyth",36.026,-80.342
"3171",6-10-20,25,"Clemmons Middle","PM 2.5","Forsyth",36.026,-80.342
"3172",6-11-20,23,"Clemmons Middle","PM 2.5","Forsyth",36.026,-80.342
"3173",6-12-20,22,"Clemmons Middle","PM 2.5","Forsyth",36.026,-80.342
"3174",NA,22,"Clemmons Middle","PM 2.5","Forsyth",36.026,-80.342
"3175",NA,19,"Clemmons Middle","PM 2.5","Forsyth",36.026,-80.342
"3176",NA,41,"Clemmons Middle","PM 2.5","Forsyth",36.026,-80.342
"3177",NA,50,"Clemmons Middle","PM 2.5","Forsyth",36.026,-80.342
"3178",NA,52,"Clemmons Middle","PM 2.5","Forsyth",36.026,-80.342
"3179",NA,21,"Clemmons Middle","PM 2.5","Forsyth",36.026,-80.342
"3180",NA,24,"Clemmons Middle","PM 2.5","Forsyth",36.026,-80.342
"3181",NA,29,"Clemmons Middle","PM 2.5","Forsyth",36.026,-80.342
"3182",NA,22,"Clemmons Middle","PM 2.5","Forsyth",36.026,-80.342
"3183",NA,27,"Clemmons Middle","PM 2.5","Forsyth",36.026,-80.342
"3184",NA,36,"Clemmons Middle","PM 2.5","Forsyth",36.026,-80.342
"3185",NA,49,"Clemmons Middle","PM 2.5","Forsyth",36.026,-80.342
"3186",NA,26,"Clemmons Middle","PM 2.5","Forsyth",36.026,-80.342
"3187",NA,30,"Clemmons Middle","PM 2.5","Forsyth",36.026,-80.342
"3188",NA,40,"Clemmons Middle","PM 2.5","Forsyth",36.026,-80.342
"3189",NA,53,"Clemmons Middle","PM 2.5","Forsyth",36.026,-80.342
"3190",NA,54,"Clemmons Middle","PM 2.5","Forsyth",36.026,-80.342
"3191",NA,52,"Clemmons Middle","PM 2.5","Forsyth",36.026,-80.342
"3192",7-01-20,45,"Clemmons Middle","PM 2.5","Forsyth",36.026,-80.342
"3193",7-02-20,40,"Clemmons Middle","PM 2.5","Forsyth",36.026,-80.342
"3194",7-03-20,40,"Clemmons Middle","PM 2.5","Forsyth",36.026,-80.342
"3195",7-04-20,38,"Clemmons Middle","PM 2.5","Forsyth",36.026,-80.342
"3196",7-05-20,52,"Clemmons Middle","PM 2.5","Forsyth",36.026,-80.342
"3197",7-06-20,44,"Clemmons Middle","PM 2.5","Forsyth",36.026,-80.342
"3198",7-07-20,37,"Clemmons Middle","PM 2.5","Forsyth",36.026,-80.342
"3199",7-08-20,34,"Clemmons Middle","PM 2.5","Forsyth",36.026,-80.342
"3200",7-09-20,37,"Clemmons Middle","PM 2.5","Forsyth",36.026,-80.342
"3201",7-10-20,39,"Clemmons Middle","PM 2.5","Forsyth",36.026,-80.342
"3202",7-11-20,33,"Clemmons Middle","PM 2.5","Forsyth",36.026,-80.342
"3203",7-12-20,32,"Clemmons Middle","PM 2.5","Forsyth",36.026,-80.342
"3204",NA,38,"Clemmons Middle","PM 2.5","Forsyth",36.026,-80.342
"3205",NA,37,"Clemmons Middle","PM 2.5","Forsyth",36.026,-80.342
"3206",NA,51,"Clemmons Middle","PM 2.5","Forsyth",36.026,-80.342
"3207",NA,56,"Clemmons Middle","PM 2.5","Forsyth",36.026,-80.342
"3208",NA,52,"Clemmons Middle","PM 2.5","Forsyth",36.026,-80.342
"3209",NA,23,"Clemmons Middle","PM 2.5","Forsyth",36.026,-80.342
"3210",NA,30,"Clemmons Middle","PM 2.5","Forsyth",36.026,-80.342
"3211",NA,31,"Clemmons Middle","PM 2.5","Forsyth",36.026,-80.342
"3212",NA,34,"Clemmons Middle","PM 2.5","Forsyth",36.026,-80.342
"3213",NA,26,"Clemmons Middle","PM 2.5","Forsyth",36.026,-80.342
"3214",NA,23,"Clemmons Middle","PM 2.5","Forsyth",36.026,-80.342
"3215",NA,33,"Clemmons Middle","PM 2.5","Forsyth",36.026,-80.342
"3216",NA,35,"Clemmons Middle","PM 2.5","Forsyth",36.026,-80.342
"3217",NA,44,"Clemmons Middle","PM 2.5","Forsyth",36.026,-80.342
"3218",NA,55,"Clemmons Middle","PM 2.5","Forsyth",36.026,-80.342
"3219",NA,55,"Clemmons Middle","PM 2.5","Forsyth",36.026,-80.342
"3220",NA,57,"Clemmons Middle","PM 2.5","Forsyth",36.026,-80.342
"3221",NA,56,"Clemmons Middle","PM 2.5","Forsyth",36.026,-80.342
"3222",NA,49,"Clemmons Middle","PM 2.5","Forsyth",36.026,-80.342
"3223",8-01-20,51,"Clemmons Middle","PM 2.5","Forsyth",36.026,-80.342
"3224",8-02-20,32,"Clemmons Middle","PM 2.5","Forsyth",36.026,-80.342
"3225",8-03-20,47,"Clemmons Middle","PM 2.5","Forsyth",36.026,-80.342
"3226",8-04-20,39,"Clemmons Middle","PM 2.5","Forsyth",36.026,-80.342
"3227",8-05-20,44,"Clemmons Middle","PM 2.5","Forsyth",36.026,-80.342
"3228",8-06-20,52,"Clemmons Middle","PM 2.5","Forsyth",36.026,-80.342
"3229",8-07-20,45,"Clemmons Middle","PM 2.5","Forsyth",36.026,-80.342
"3230",8-08-20,38,"Clemmons Middle","PM 2.5","Forsyth",36.026,-80.342
"3231",8-09-20,42,"Clemmons Middle","PM 2.5","Forsyth",36.026,-80.342
"3232",8-10-20,44,"Clemmons Middle","PM 2.5","Forsyth",36.026,-80.342
"3233",8-11-20,43,"Clemmons Middle","PM 2.5","Forsyth",36.026,-80.342
"3234",8-12-20,54,"Clemmons Middle","PM 2.5","Forsyth",36.026,-80.342
"3235",NA,45,"Clemmons Middle","PM 2.5","Forsyth",36.026,-80.342
"3236",NA,32,"Clemmons Middle","PM 2.5","Forsyth",36.026,-80.342
"3237",NA,40,"Clemmons Middle","PM 2.5","Forsyth",36.026,-80.342
"3238",NA,41,"Clemmons Middle","PM 2.5","Forsyth",36.026,-80.342
"3239",NA,42,"Clemmons Middle","PM 2.5","Forsyth",36.026,-80.342
"3240",NA,41,"Clemmons Middle","PM 2.5","Forsyth",36.026,-80.342
"3241",NA,42,"Clemmons Middle","PM 2.5","Forsyth",36.026,-80.342
"3242",NA,35,"Clemmons Middle","PM 2.5","Forsyth",36.026,-80.342
"3243",NA,30,"Clemmons Middle","PM 2.5","Forsyth",36.026,-80.342
"3244",NA,38,"Clemmons Middle","PM 2.5","Forsyth",36.026,-80.342
"3245",NA,25,"Clemmons Middle","PM 2.5","Forsyth",36.026,-80.342
"3246",NA,21,"Clemmons Middle","PM 2.5","Forsyth",36.026,-80.342
"3247",NA,26,"Clemmons Middle","PM 2.5","Forsyth",36.026,-80.342
"3248",NA,25,"Clemmons Middle","PM 2.5","Forsyth",36.026,-80.342
"3249",NA,31,"Clemmons Middle","PM 2.5","Forsyth",36.026,-80.342
"3250",NA,30,"Clemmons Middle","PM 2.5","Forsyth",36.026,-80.342
"3251",NA,25,"Clemmons Middle","PM 2.5","Forsyth",36.026,-80.342
"3252",NA,27,"Clemmons Middle","PM 2.5","Forsyth",36.026,-80.342
"3253",NA,38,"Clemmons Middle","PM 2.5","Forsyth",36.026,-80.342
"3254",9-01-20,38,"Clemmons Middle","PM 2.5","Forsyth",36.026,-80.342
"3255",9-02-20,32,"Clemmons Middle","PM 2.5","Forsyth",36.026,-80.342
"3256",9-03-20,47,"Clemmons Middle","PM 2.5","Forsyth",36.026,-80.342
"3257",9-04-20,47,"Clemmons Middle","PM 2.5","Forsyth",36.026,-80.342
"3258",9-05-20,35,"Clemmons Middle","PM 2.5","Forsyth",36.026,-80.342
"3259",9-06-20,35,"Clemmons Middle","PM 2.5","Forsyth",36.026,-80.342
"3260",9-07-20,37,"Clemmons Middle","PM 2.5","Forsyth",36.026,-80.342
"3261",9-08-20,43,"Clemmons Middle","PM 2.5","Forsyth",36.026,-80.342
"3262",9-09-20,59,"Clemmons Middle","PM 2.5","Forsyth",36.026,-80.342
"3263",9-10-20,61,"Clemmons Middle","PM 2.5","Forsyth",36.026,-80.342
"3264",9-11-20,62,"Clemmons Middle","PM 2.5","Forsyth",36.026,-80.342
"3265",9-12-20,58,"Clemmons Middle","PM 2.5","Forsyth",36.026,-80.342
"3266",NA,52,"Clemmons Middle","PM 2.5","Forsyth",36.026,-80.342
"3267",NA,36,"Clemmons Middle","PM 2.5","Forsyth",36.026,-80.342
"3268",NA,45,"Clemmons Middle","PM 2.5","Forsyth",36.026,-80.342
"3269",NA,41,"Clemmons Middle","PM 2.5","Forsyth",36.026,-80.342
"3270",NA,49,"Clemmons Middle","PM 2.5","Forsyth",36.026,-80.342
"3271",NA,30,"Clemmons Middle","PM 2.5","Forsyth",36.026,-80.342
"3272",NA,27,"Clemmons Middle","PM 2.5","Forsyth",36.026,-80.342
"3273",NA,33,"Clemmons Middle","PM 2.5","Forsyth",36.026,-80.342
"3274",NA,46,"Clemmons Middle","PM 2.5","Forsyth",36.026,-80.342
"3275",NA,51,"Clemmons Middle","PM 2.5","Forsyth",36.026,-80.342
"3276",NA,40,"Clemmons Middle","PM 2.5","Forsyth",36.026,-80.342
"3277",NA,30,"Clemmons Middle","PM 2.5","Forsyth",36.026,-80.342
"3278",NA,41,"Clemmons Middle","PM 2.5","Forsyth",36.026,-80.342
"3279",NA,44,"Clemmons Middle","PM 2.5","Forsyth",36.026,-80.342
"3280",NA,50,"Clemmons Middle","PM 2.5","Forsyth",36.026,-80.342
"3281",NA,53,"Clemmons Middle","PM 2.5","Forsyth",36.026,-80.342
"3282",NA,57,"Clemmons Middle","PM 2.5","Forsyth",36.026,-80.342
"3283",NA,66,"Clemmons Middle","PM 2.5","Forsyth",36.026,-80.342
"3284",10-01-20,64,"Clemmons Middle","PM 2.5","Forsyth",36.026,-80.342
"3285",10-02-20,59,"Clemmons Middle","PM 2.5","Forsyth",36.026,-80.342
"3286",10-03-20,51,"Clemmons Middle","PM 2.5","Forsyth",36.026,-80.342
"3287",10-04-20,42,"Clemmons Middle","PM 2.5","Forsyth",36.026,-80.342
"3288",10-05-20,21,"Clemmons Middle","PM 2.5","Forsyth",36.026,-80.342
"3289",10-06-20,25,"Clemmons Middle","PM 2.5","Forsyth",36.026,-80.342
"3290",10-07-20,24,"Clemmons Middle","PM 2.5","Forsyth",36.026,-80.342
"3291",10-08-20,17,"Clemmons Middle","PM 2.5","Forsyth",36.026,-80.342
"3292",10-09-20,21,"Clemmons Middle","PM 2.5","Forsyth",36.026,-80.342
"3293",10-10-20,27,"Clemmons Middle","PM 2.5","Forsyth",36.026,-80.342
"3294",10-11-20,25,"Clemmons Middle","PM 2.5","Forsyth",36.026,-80.342
"3295",10-12-20,39,"Clemmons Middle","PM 2.5","Forsyth",36.026,-80.342
"3296",NA,29,"Clemmons Middle","PM 2.5","Forsyth",36.026,-80.342
"3297",NA,36,"Clemmons Middle","PM 2.5","Forsyth",36.026,-80.342
"3298",NA,54,"Clemmons Middle","PM 2.5","Forsyth",36.026,-80.342
"3299",NA,22,"Clemmons Middle","PM 2.5","Forsyth",36.026,-80.342
"3300",NA,13,"Clemmons Middle","PM 2.5","Forsyth",36.026,-80.342
"3301",NA,20,"Clemmons Middle","PM 2.5","Forsyth",36.026,-80.342
"3302",NA,38,"Clemmons Middle","PM 2.5","Forsyth",36.026,-80.342
"3303",NA,8,"Clemmons Middle","PM 2.5","Forsyth",36.026,-80.342
"3304",NA,22,"Clemmons Middle","PM 2.5","Forsyth",36.026,-80.342
"3305",NA,19,"Clemmons Middle","PM 2.5","Forsyth",36.026,-80.342
"3306",NA,17,"Clemmons Middle","PM 2.5","Forsyth",36.026,-80.342
"3307",NA,25,"Clemmons Middle","PM 2.5","Forsyth",36.026,-80.342
"3308",NA,36,"Clemmons Middle","PM 2.5","Forsyth",36.026,-80.342
"3309",NA,34,"Clemmons Middle","PM 2.5","Forsyth",36.026,-80.342
"3310",NA,18,"Clemmons Middle","PM 2.5","Forsyth",36.026,-80.342
"3311",NA,21,"Clemmons Middle","PM 2.5","Forsyth",36.026,-80.342
"3312",NA,45,"Clemmons Middle","PM 2.5","Forsyth",36.026,-80.342
"3313",NA,38,"Clemmons Middle","PM 2.5","Forsyth",36.026,-80.342
"3314",NA,22,"Clemmons Middle","PM 2.5","Forsyth",36.026,-80.342
"3315",11-01-20,23,"Clemmons Middle","PM 2.5","Forsyth",36.026,-80.342
"3316",11-02-20,35,"Clemmons Middle","PM 2.5","Forsyth",36.026,-80.342
"3317",11-03-20,30,"Clemmons Middle","PM 2.5","Forsyth",36.026,-80.342
"3318",11-04-20,43,"Clemmons Middle","PM 2.5","Forsyth",36.026,-80.342
"3319",11-05-20,46,"Clemmons Middle","PM 2.5","Forsyth",36.026,-80.342
"3320",11-06-20,35,"Clemmons Middle","PM 2.5","Forsyth",36.026,-80.342
"3321",11-07-20,56,"Clemmons Middle","PM 2.5","Forsyth",36.026,-80.342
"3322",11-08-20,24,"Clemmons Middle","PM 2.5","Forsyth",36.026,-80.342
"3323",11-09-20,44,"Clemmons Middle","PM 2.5","Forsyth",36.026,-80.342
"3324",11-10-20,67,"Clemmons Middle","PM 2.5","Forsyth",36.026,-80.342
"3325",11-11-20,58,"Clemmons Middle","PM 2.5","Forsyth",36.026,-80.342
"3326",11-12-20,27,"Clemmons Middle","PM 2.5","Forsyth",36.026,-80.342
"3327",NA,28,"Clemmons Middle","PM 2.5","Forsyth",36.026,-80.342
"3328",NA,60,"Clemmons Middle","PM 2.5","Forsyth",36.026,-80.342
"3329",NA,46,"Clemmons Middle","PM 2.5","Forsyth",36.026,-80.342
"3330",NA,39,"Clemmons Middle","PM 2.5","Forsyth",36.026,-80.342
"3331",NA,23,"Clemmons Middle","PM 2.5","Forsyth",36.026,-80.342
"3332",NA,34,"Clemmons Middle","PM 2.5","Forsyth",36.026,-80.342
"3333",NA,57,"Clemmons Middle","PM 2.5","Forsyth",36.026,-80.342
"3334",NA,51,"Clemmons Middle","PM 2.5","Forsyth",36.026,-80.342
"3335",NA,52,"Clemmons Middle","PM 2.5","Forsyth",36.026,-80.342
"3336",NA,68,"Clemmons Middle","PM 2.5","Forsyth",36.026,-80.342
"3337",NA,31,"Clemmons Middle","PM 2.5","Forsyth",36.026,-80.342
"3338",NA,17,"Clemmons Middle","PM 2.5","Forsyth",36.026,-80.342
"3339",NA,34,"Clemmons Middle","PM 2.5","Forsyth",36.026,-80.342
"3340",NA,56,"Clemmons Middle","PM 2.5","Forsyth",36.026,-80.342
"3341",NA,56,"Clemmons Middle","PM 2.5","Forsyth",36.026,-80.342
"3342",NA,15,"Clemmons Middle","PM 2.5","Forsyth",36.026,-80.342
"3343",NA,30,"Clemmons Middle","PM 2.5","Forsyth",36.026,-80.342
"3344",NA,60,"Clemmons Middle","PM 2.5","Forsyth",36.026,-80.342
"3345",12-01-20,29,"Clemmons Middle","PM 2.5","Forsyth",36.026,-80.342
"3346",12-02-20,6,"Clemmons Middle","PM 2.5","Forsyth",36.026,-80.342
"3347",12-03-20,13,"Clemmons Middle","PM 2.5","Forsyth",36.026,-80.342
"3348",12-04-20,20,"Clemmons Middle","PM 2.5","Forsyth",36.026,-80.342
"3349",12-05-20,14,"Clemmons Middle","PM 2.5","Forsyth",36.026,-80.342
"3350",12-06-20,54,"Clemmons Middle","PM 2.5","Forsyth",36.026,-80.342
"3351",12-07-20,59,"Clemmons Middle","PM 2.5","Forsyth",36.026,-80.342
"3352",12-08-20,38,"Clemmons Middle","PM 2.5","Forsyth",36.026,-80.342
"3353",12-09-20,51,"Clemmons Middle","PM 2.5","Forsyth",36.026,-80.342
"3354",12-10-20,34,"Clemmons Middle","PM 2.5","Forsyth",36.026,-80.342
"3355",12-11-20,15,"Clemmons Middle","PM 2.5","Forsyth",36.026,-80.342
"3356",12-12-20,38,"Clemmons Middle","PM 2.5","Forsyth",36.026,-80.342
"3357",NA,35,"Clemmons Middle","PM 2.5","Forsyth",36.026,-80.342
"3358",NA,13,"Clemmons Middle","PM 2.5","Forsyth",36.026,-80.342
"3359",NA,30,"Clemmons Middle","PM 2.5","Forsyth",36.026,-80.342
"3360",NA,52,"Clemmons Middle","PM 2.5","Forsyth",36.026,-80.342
"3361",NA,17,"Clemmons Middle","PM 2.5","Forsyth",36.026,-80.342
"3362",NA,16,"Clemmons Middle","PM 2.5","Forsyth",36.026,-80.342
"3363",NA,43,"Clemmons Middle","PM 2.5","Forsyth",36.026,-80.342
"3364",NA,53,"Clemmons Middle","PM 2.5","Forsyth",36.026,-80.342
"3365",NA,61,"Clemmons Middle","PM 2.5","Forsyth",36.026,-80.342
"3366",NA,90,"Clemmons Middle","PM 2.5","Forsyth",36.026,-80.342
"3367",NA,55,"Clemmons Middle","PM 2.5","Forsyth",36.026,-80.342
"3368",NA,20,"Clemmons Middle","PM 2.5","Forsyth",36.026,-80.342
"3369",NA,56,"Clemmons Middle","PM 2.5","Forsyth",36.026,-80.342
"3370",NA,61,"Clemmons Middle","PM 2.5","Forsyth",36.026,-80.342
"3371",NA,65,"Clemmons Middle","PM 2.5","Forsyth",36.026,-80.342
"3372",NA,67,"Clemmons Middle","PM 2.5","Forsyth",36.026,-80.342
"3373",NA,48,"Clemmons Middle","PM 2.5","Forsyth",36.026,-80.342
"3374",NA,14,"Clemmons Middle","PM 2.5","Forsyth",36.026,-80.342
"3375",NA,13,"Clemmons Middle","PM 2.5","Forsyth",36.026,-80.342
"3376",1-01-20,13,"Mendenhall School","PM 2.5","Guilford",36.1090060008986,-79.802314
"3377",1-02-20,11,"Mendenhall School","PM 2.5","Guilford",36.1090060008986,-79.802314
"3378",1-03-20,20,"Mendenhall School","PM 2.5","Guilford",36.1090060008986,-79.802314
"3379",1-04-20,18,"Mendenhall School","PM 2.5","Guilford",36.1090060008986,-79.802314
"3380",1-05-20,5,"Mendenhall School","PM 2.5","Guilford",36.1090060008986,-79.802314
"3381",1-06-20,13,"Mendenhall School","PM 2.5","Guilford",36.1090060008986,-79.802314
"3382",1-07-20,22,"Mendenhall School","PM 2.5","Guilford",36.1090060008986,-79.802314
"3383",1-08-20,31,"Mendenhall School","PM 2.5","Guilford",36.1090060008986,-79.802314
"3384",1-09-20,5,"Mendenhall School","PM 2.5","Guilford",36.1090060008986,-79.802314
"3385",1-10-20,6,"Mendenhall School","PM 2.5","Guilford",36.1090060008986,-79.802314
"3386",1-11-20,25,"Mendenhall School","PM 2.5","Guilford",36.1090060008986,-79.802314
"3387",1-12-20,40,"Mendenhall School","PM 2.5","Guilford",36.1090060008986,-79.802314
"3388",NA,5,"Mendenhall School","PM 2.5","Guilford",36.1090060008986,-79.802314
"3389",NA,21,"Mendenhall School","PM 2.5","Guilford",36.1090060008986,-79.802314
"3390",NA,30,"Mendenhall School","PM 2.5","Guilford",36.1090060008986,-79.802314
"3391",NA,31,"Mendenhall School","PM 2.5","Guilford",36.1090060008986,-79.802314
"3392",NA,36,"Mendenhall School","PM 2.5","Guilford",36.1090060008986,-79.802314
"3393",NA,46,"Mendenhall School","PM 2.5","Guilford",36.1090060008986,-79.802314
"3394",NA,30,"Mendenhall School","PM 2.5","Guilford",36.1090060008986,-79.802314
"3395",NA,5,"Mendenhall School","PM 2.5","Guilford",36.1090060008986,-79.802314
"3396",NA,13,"Mendenhall School","PM 2.5","Guilford",36.1090060008986,-79.802314
"3397",NA,13,"Mendenhall School","PM 2.5","Guilford",36.1090060008986,-79.802314
"3398",NA,32,"Mendenhall School","PM 2.5","Guilford",36.1090060008986,-79.802314
"3399",NA,3,"Mendenhall School","PM 2.5","Guilford",36.1090060008986,-79.802314
"3400",NA,27,"Mendenhall School","PM 2.5","Guilford",36.1090060008986,-79.802314
"3401",NA,45,"Mendenhall School","PM 2.5","Guilford",36.1090060008986,-79.802314
"3402",NA,50,"Mendenhall School","PM 2.5","Guilford",36.1090060008986,-79.802314
"3403",NA,21,"Mendenhall School","PM 2.5","Guilford",36.1090060008986,-79.802314
"3404",NA,31,"Mendenhall School","PM 2.5","Guilford",36.1090060008986,-79.802314
"3405",NA,9,"Mendenhall School","PM 2.5","Guilford",36.1090060008986,-79.802314
"3406",NA,25,"Mendenhall School","PM 2.5","Guilford",36.1090060008986,-79.802314
"3407",2-01-20,49,"Mendenhall School","PM 2.5","Guilford",36.1090060008986,-79.802314
"3408",2-02-20,52,"Mendenhall School","PM 2.5","Guilford",36.1090060008986,-79.802314
"3409",2-03-20,68,"Mendenhall School","PM 2.5","Guilford",36.1090060008986,-79.802314
"3410",2-04-20,47,"Mendenhall School","PM 2.5","Guilford",36.1090060008986,-79.802314
"3411",2-05-20,43,"Mendenhall School","PM 2.5","Guilford",36.1090060008986,-79.802314
"3412",2-06-20,38,"Mendenhall School","PM 2.5","Guilford",36.1090060008986,-79.802314
"3413",2-07-20,30,"Mendenhall School","PM 2.5","Guilford",36.1090060008986,-79.802314
"3414",2-08-20,24,"Mendenhall School","PM 2.5","Guilford",36.1090060008986,-79.802314
"3415",2-09-20,20,"Mendenhall School","PM 2.5","Guilford",36.1090060008986,-79.802314
"3416",2-10-20,29,"Mendenhall School","PM 2.5","Guilford",36.1090060008986,-79.802314
"3417",2-11-20,36,"Mendenhall School","PM 2.5","Guilford",36.1090060008986,-79.802314
"3418",2-12-20,5,"Mendenhall School","PM 2.5","Guilford",36.1090060008986,-79.802314
"3419",NA,1,"Mendenhall School","PM 2.5","Guilford",36.1090060008986,-79.802314
"3420",NA,9,"Mendenhall School","PM 2.5","Guilford",36.1090060008986,-79.802314
"3421",NA,38,"Mendenhall School","PM 2.5","Guilford",36.1090060008986,-79.802314
"3422",NA,14,"Mendenhall School","PM 2.5","Guilford",36.1090060008986,-79.802314
"3423",NA,24,"Mendenhall School","PM 2.5","Guilford",36.1090060008986,-79.802314
"3424",NA,8,"Mendenhall School","PM 2.5","Guilford",36.1090060008986,-79.802314
"3425",NA,13,"Mendenhall School","PM 2.5","Guilford",36.1090060008986,-79.802314
"3426",NA,7,"Mendenhall School","PM 2.5","Guilford",36.1090060008986,-79.802314
"3427",NA,10,"Mendenhall School","PM 2.5","Guilford",36.1090060008986,-79.802314
"3428",NA,12,"Mendenhall School","PM 2.5","Guilford",36.1090060008986,-79.802314
"3429",NA,8,"Mendenhall School","PM 2.5","Guilford",36.1090060008986,-79.802314
"3430",NA,5,"Mendenhall School","PM 2.5","Guilford",36.1090060008986,-79.802314
"3431",NA,4,"Mendenhall School","PM 2.5","Guilford",36.1090060008986,-79.802314
"3432",NA,19,"Mendenhall School","PM 2.5","Guilford",36.1090060008986,-79.802314
"3433",NA,33,"Mendenhall School","PM 2.5","Guilford",36.1090060008986,-79.802314
"3434",NA,44,"Mendenhall School","PM 2.5","Guilford",36.1090060008986,-79.802314
"3435",3-01-20,15,"Mendenhall School","PM 2.5","Guilford",36.1090060008986,-79.802314
"3436",3-02-20,13,"Mendenhall School","PM 2.5","Guilford",36.1090060008986,-79.802314
"3437",3-03-20,23,"Mendenhall School","PM 2.5","Guilford",36.1090060008986,-79.802314
"3438",3-04-20,21,"Mendenhall School","PM 2.5","Guilford",36.1090060008986,-79.802314
"3439",3-05-20,8,"Mendenhall School","PM 2.5","Guilford",36.1090060008986,-79.802314
"3440",3-06-20,15,"Mendenhall School","PM 2.5","Guilford",36.1090060008986,-79.802314
"3441",3-09-20,44,"Mendenhall School","PM 2.5","Guilford",36.1090060008986,-79.802314
"3442",3-10-20,28,"Mendenhall School","PM 2.5","Guilford",36.1090060008986,-79.802314
"3443",3-11-20,12,"Mendenhall School","PM 2.5","Guilford",36.1090060008986,-79.802314
"3444",3-12-20,15,"Mendenhall School","PM 2.5","Guilford",36.1090060008986,-79.802314
"3445",NA,38,"Mendenhall School","PM 2.5","Guilford",36.1090060008986,-79.802314
"3446",NA,31,"Mendenhall School","PM 2.5","Guilford",36.1090060008986,-79.802314
"3447",NA,25,"Mendenhall School","PM 2.5","Guilford",36.1090060008986,-79.802314
"3448",NA,13,"Mendenhall School","PM 2.5","Guilford",36.1090060008986,-79.802314
"3449",NA,17,"Mendenhall School","PM 2.5","Guilford",36.1090060008986,-79.802314
"3450",NA,21,"Mendenhall School","PM 2.5","Guilford",36.1090060008986,-79.802314
"3451",NA,22,"Mendenhall School","PM 2.5","Guilford",36.1090060008986,-79.802314
"3452",NA,25,"Mendenhall School","PM 2.5","Guilford",36.1090060008986,-79.802314
"3453",NA,16,"Mendenhall School","PM 2.5","Guilford",36.1090060008986,-79.802314
"3454",NA,13,"Mendenhall School","PM 2.5","Guilford",36.1090060008986,-79.802314
"3455",NA,20,"Mendenhall School","PM 2.5","Guilford",36.1090060008986,-79.802314
"3456",NA,37,"Mendenhall School","PM 2.5","Guilford",36.1090060008986,-79.802314
"3457",NA,49,"Mendenhall School","PM 2.5","Guilford",36.1090060008986,-79.802314
"3458",NA,24,"Mendenhall School","PM 2.5","Guilford",36.1090060008986,-79.802314
"3459",NA,13,"Mendenhall School","PM 2.5","Guilford",36.1090060008986,-79.802314
"3460",NA,22,"Mendenhall School","PM 2.5","Guilford",36.1090060008986,-79.802314
"3461",NA,50,"Mendenhall School","PM 2.5","Guilford",36.1090060008986,-79.802314
"3462",NA,55,"Mendenhall School","PM 2.5","Guilford",36.1090060008986,-79.802314
"3463",NA,19,"Mendenhall School","PM 2.5","Guilford",36.1090060008986,-79.802314
"3464",4-01-20,8,"Mendenhall School","PM 2.5","Guilford",36.1090060008986,-79.802314
"3465",4-02-20,24,"Mendenhall School","PM 2.5","Guilford",36.1090060008986,-79.802314
"3466",4-03-20,30,"Mendenhall School","PM 2.5","Guilford",36.1090060008986,-79.802314
"3467",4-04-20,32,"Mendenhall School","PM 2.5","Guilford",36.1090060008986,-79.802314
"3468",4-05-20,20,"Mendenhall School","PM 2.5","Guilford",36.1090060008986,-79.802314
"3469",4-06-20,14,"Mendenhall School","PM 2.5","Guilford",36.1090060008986,-79.802314
"3470",4-07-20,35,"Mendenhall School","PM 2.5","Guilford",36.1090060008986,-79.802314
"3471",4-08-20,30,"Mendenhall School","PM 2.5","Guilford",36.1090060008986,-79.802314
"3472",4-09-20,17,"Mendenhall School","PM 2.5","Guilford",36.1090060008986,-79.802314
"3473",4-10-20,13,"Mendenhall School","PM 2.5","Guilford",36.1090060008986,-79.802314
"3474",4-11-20,31,"Mendenhall School","PM 2.5","Guilford",36.1090060008986,-79.802314
"3475",4-12-20,23,"Mendenhall School","PM 2.5","Guilford",36.1090060008986,-79.802314
"3476",NA,20,"Mendenhall School","PM 2.5","Guilford",36.1090060008986,-79.802314
"3477",NA,24,"Mendenhall School","PM 2.5","Guilford",36.1090060008986,-79.802314
"3478",NA,8,"Mendenhall School","PM 2.5","Guilford",36.1090060008986,-79.802314
"3479",NA,8,"Mendenhall School","PM 2.5","Guilford",36.1090060008986,-79.802314
"3480",NA,36,"Mendenhall School","PM 2.5","Guilford",36.1090060008986,-79.802314
"3481",NA,42,"Mendenhall School","PM 2.5","Guilford",36.1090060008986,-79.802314
"3482",NA,22,"Mendenhall School","PM 2.5","Guilford",36.1090060008986,-79.802314
"3483",NA,4,"Mendenhall School","PM 2.5","Guilford",36.1090060008986,-79.802314
"3484",NA,7,"Mendenhall School","PM 2.5","Guilford",36.1090060008986,-79.802314
"3485",NA,10,"Mendenhall School","PM 2.5","Guilford",36.1090060008986,-79.802314
"3486",NA,28,"Mendenhall School","PM 2.5","Guilford",36.1090060008986,-79.802314
"3487",NA,32,"Mendenhall School","PM 2.5","Guilford",36.1090060008986,-79.802314
"3488",NA,50,"Mendenhall School","PM 2.5","Guilford",36.1090060008986,-79.802314
"3489",NA,31,"Mendenhall School","PM 2.5","Guilford",36.1090060008986,-79.802314
"3490",NA,21,"Mendenhall School","PM 2.5","Guilford",36.1090060008986,-79.802314
"3491",NA,38,"Mendenhall School","PM 2.5","Guilford",36.1090060008986,-79.802314
"3492",NA,25,"Mendenhall School","PM 2.5","Guilford",36.1090060008986,-79.802314
"3493",NA,51,"Mendenhall School","PM 2.5","Guilford",36.1090060008986,-79.802314
"3494",5-01-20,41,"Mendenhall School","PM 2.5","Guilford",36.1090060008986,-79.802314
"3495",5-02-20,32,"Mendenhall School","PM 2.5","Guilford",36.1090060008986,-79.802314
"3496",5-03-20,28,"Mendenhall School","PM 2.5","Guilford",36.1090060008986,-79.802314
"3497",5-04-20,26,"Mendenhall School","PM 2.5","Guilford",36.1090060008986,-79.802314
"3498",5-05-20,13,"Mendenhall School","PM 2.5","Guilford",36.1090060008986,-79.802314
"3499",5-06-20,7,"Mendenhall School","PM 2.5","Guilford",36.1090060008986,-79.802314
"3500",5-07-20,26,"Mendenhall School","PM 2.5","Guilford",36.1090060008986,-79.802314
"3501",5-08-20,34,"Mendenhall School","PM 2.5","Guilford",36.1090060008986,-79.802314
"3502",5-09-20,22,"Mendenhall School","PM 2.5","Guilford",36.1090060008986,-79.802314
"3503",5-10-20,18,"Mendenhall School","PM 2.5","Guilford",36.1090060008986,-79.802314
"3504",5-11-20,25,"Mendenhall School","PM 2.5","Guilford",36.1090060008986,-79.802314
"3505",5-12-20,18,"Mendenhall School","PM 2.5","Guilford",36.1090060008986,-79.802314
"3506",NA,10,"Mendenhall School","PM 2.5","Guilford",36.1090060008986,-79.802314
"3507",NA,11,"Mendenhall School","PM 2.5","Guilford",36.1090060008986,-79.802314
"3508",NA,20,"Mendenhall School","PM 2.5","Guilford",36.1090060008986,-79.802314
"3509",NA,28,"Mendenhall School","PM 2.5","Guilford",36.1090060008986,-79.802314
"3510",NA,46,"Mendenhall School","PM 2.5","Guilford",36.1090060008986,-79.802314
"3511",NA,39,"Mendenhall School","PM 2.5","Guilford",36.1090060008986,-79.802314
"3512",NA,52,"Mendenhall School","PM 2.5","Guilford",36.1090060008986,-79.802314
"3513",NA,38,"Mendenhall School","PM 2.5","Guilford",36.1090060008986,-79.802314
"3514",NA,25,"Mendenhall School","PM 2.5","Guilford",36.1090060008986,-79.802314
"3515",NA,33,"Mendenhall School","PM 2.5","Guilford",36.1090060008986,-79.802314
"3516",NA,48,"Mendenhall School","PM 2.5","Guilford",36.1090060008986,-79.802314
"3517",NA,38,"Mendenhall School","PM 2.5","Guilford",36.1090060008986,-79.802314
"3518",NA,48,"Mendenhall School","PM 2.5","Guilford",36.1090060008986,-79.802314
"3519",NA,35,"Mendenhall School","PM 2.5","Guilford",36.1090060008986,-79.802314
"3520",6-01-20,34,"Mendenhall School","PM 2.5","Guilford",36.1090060008986,-79.802314
"3521",6-02-20,42,"Mendenhall School","PM 2.5","Guilford",36.1090060008986,-79.802314
"3522",6-03-20,42,"Mendenhall School","PM 2.5","Guilford",36.1090060008986,-79.802314
"3523",6-04-20,30,"Mendenhall School","PM 2.5","Guilford",36.1090060008986,-79.802314
"3524",6-05-20,53,"Mendenhall School","PM 2.5","Guilford",36.1090060008986,-79.802314
"3525",6-06-20,56,"Mendenhall School","PM 2.5","Guilford",36.1090060008986,-79.802314
"3526",6-07-20,28,"Mendenhall School","PM 2.5","Guilford",36.1090060008986,-79.802314
"3527",6-08-20,13,"Mendenhall School","PM 2.5","Guilford",36.1090060008986,-79.802314
"3528",6-09-20,22,"Mendenhall School","PM 2.5","Guilford",36.1090060008986,-79.802314
"3529",6-10-20,19,"Mendenhall School","PM 2.5","Guilford",36.1090060008986,-79.802314
"3530",6-11-20,14,"Mendenhall School","PM 2.5","Guilford",36.1090060008986,-79.802314
"3531",6-12-20,16,"Mendenhall School","PM 2.5","Guilford",36.1090060008986,-79.802314
"3532",NA,11,"Mendenhall School","PM 2.5","Guilford",36.1090060008986,-79.802314
"3533",NA,18,"Mendenhall School","PM 2.5","Guilford",36.1090060008986,-79.802314
"3534",NA,28,"Mendenhall School","PM 2.5","Guilford",36.1090060008986,-79.802314
"3535",NA,40,"Mendenhall School","PM 2.5","Guilford",36.1090060008986,-79.802314
"3536",NA,45,"Mendenhall School","PM 2.5","Guilford",36.1090060008986,-79.802314
"3537",NA,18,"Mendenhall School","PM 2.5","Guilford",36.1090060008986,-79.802314
"3538",NA,22,"Mendenhall School","PM 2.5","Guilford",36.1090060008986,-79.802314
"3539",NA,34,"Mendenhall School","PM 2.5","Guilford",36.1090060008986,-79.802314
"3540",NA,18,"Mendenhall School","PM 2.5","Guilford",36.1090060008986,-79.802314
"3541",NA,29,"Mendenhall School","PM 2.5","Guilford",36.1090060008986,-79.802314
"3542",NA,36,"Mendenhall School","PM 2.5","Guilford",36.1090060008986,-79.802314
"3543",NA,52,"Mendenhall School","PM 2.5","Guilford",36.1090060008986,-79.802314
"3544",NA,21,"Mendenhall School","PM 2.5","Guilford",36.1090060008986,-79.802314
"3545",NA,27,"Mendenhall School","PM 2.5","Guilford",36.1090060008986,-79.802314
"3546",NA,35,"Mendenhall School","PM 2.5","Guilford",36.1090060008986,-79.802314
"3547",NA,52,"Mendenhall School","PM 2.5","Guilford",36.1090060008986,-79.802314
"3548",NA,52,"Mendenhall School","PM 2.5","Guilford",36.1090060008986,-79.802314
"3549",NA,43,"Mendenhall School","PM 2.5","Guilford",36.1090060008986,-79.802314
"3550",7-01-20,45,"Mendenhall School","PM 2.5","Guilford",36.1090060008986,-79.802314
"3551",7-02-20,38,"Mendenhall School","PM 2.5","Guilford",36.1090060008986,-79.802314
"3552",7-03-20,35,"Mendenhall School","PM 2.5","Guilford",36.1090060008986,-79.802314
"3553",7-04-20,38,"Mendenhall School","PM 2.5","Guilford",36.1090060008986,-79.802314
"3554",7-05-20,37,"Mendenhall School","PM 2.5","Guilford",36.1090060008986,-79.802314
"3555",7-06-20,45,"Mendenhall School","PM 2.5","Guilford",36.1090060008986,-79.802314
"3556",7-07-20,35,"Mendenhall School","PM 2.5","Guilford",36.1090060008986,-79.802314
"3557",7-10-20,28,"Mendenhall School","PM 2.5","Guilford",36.1090060008986,-79.802314
"3558",7-11-20,31,"Mendenhall School","PM 2.5","Guilford",36.1090060008986,-79.802314
"3559",7-12-20,30,"Mendenhall School","PM 2.5","Guilford",36.1090060008986,-79.802314
"3560",NA,38,"Mendenhall School","PM 2.5","Guilford",36.1090060008986,-79.802314
"3561",NA,38,"Mendenhall School","PM 2.5","Guilford",36.1090060008986,-79.802314
"3562",NA,47,"Mendenhall School","PM 2.5","Guilford",36.1090060008986,-79.802314
"3563",NA,52,"Mendenhall School","PM 2.5","Guilford",36.1090060008986,-79.802314
"3564",NA,56,"Mendenhall School","PM 2.5","Guilford",36.1090060008986,-79.802314
"3565",NA,22,"Mendenhall School","PM 2.5","Guilford",36.1090060008986,-79.802314
"3566",NA,34,"Mendenhall School","PM 2.5","Guilford",36.1090060008986,-79.802314
"3567",NA,28,"Mendenhall School","PM 2.5","Guilford",36.1090060008986,-79.802314
"3568",NA,33,"Mendenhall School","PM 2.5","Guilford",36.1090060008986,-79.802314
"3569",NA,21,"Mendenhall School","PM 2.5","Guilford",36.1090060008986,-79.802314
"3570",NA,14,"Mendenhall School","PM 2.5","Guilford",36.1090060008986,-79.802314
"3571",NA,27,"Mendenhall School","PM 2.5","Guilford",36.1090060008986,-79.802314
"3572",NA,24,"Mendenhall School","PM 2.5","Guilford",36.1090060008986,-79.802314
"3573",NA,38,"Mendenhall School","PM 2.5","Guilford",36.1090060008986,-79.802314
"3574",NA,48,"Mendenhall School","PM 2.5","Guilford",36.1090060008986,-79.802314
"3575",NA,51,"Mendenhall School","PM 2.5","Guilford",36.1090060008986,-79.802314
"3576",NA,52,"Mendenhall School","PM 2.5","Guilford",36.1090060008986,-79.802314
"3577",NA,47,"Mendenhall School","PM 2.5","Guilford",36.1090060008986,-79.802314
"3578",NA,39,"Mendenhall School","PM 2.5","Guilford",36.1090060008986,-79.802314
"3579",8-01-20,39,"Mendenhall School","PM 2.5","Guilford",36.1090060008986,-79.802314
"3580",8-02-20,22,"Mendenhall School","PM 2.5","Guilford",36.1090060008986,-79.802314
"3581",8-03-20,33,"Mendenhall School","PM 2.5","Guilford",36.1090060008986,-79.802314
"3582",8-04-20,39,"Mendenhall School","PM 2.5","Guilford",36.1090060008986,-79.802314
"3583",8-05-20,43,"Mendenhall School","PM 2.5","Guilford",36.1090060008986,-79.802314
"3584",8-06-20,44,"Mendenhall School","PM 2.5","Guilford",36.1090060008986,-79.802314
"3585",8-07-20,37,"Mendenhall School","PM 2.5","Guilford",36.1090060008986,-79.802314
"3586",8-08-20,28,"Mendenhall School","PM 2.5","Guilford",36.1090060008986,-79.802314
"3587",8-09-20,38,"Mendenhall School","PM 2.5","Guilford",36.1090060008986,-79.802314
"3588",8-10-20,40,"Mendenhall School","PM 2.5","Guilford",36.1090060008986,-79.802314
"3589",8-11-20,40,"Mendenhall School","PM 2.5","Guilford",36.1090060008986,-79.802314
"3590",8-12-20,42,"Mendenhall School","PM 2.5","Guilford",36.1090060008986,-79.802314
"3591",NA,45,"Mendenhall School","PM 2.5","Guilford",36.1090060008986,-79.802314
"3592",NA,30,"Mendenhall School","PM 2.5","Guilford",36.1090060008986,-79.802314
"3593",NA,42,"Mendenhall School","PM 2.5","Guilford",36.1090060008986,-79.802314
"3594",NA,31,"Mendenhall School","PM 2.5","Guilford",36.1090060008986,-79.802314
"3595",NA,30,"Mendenhall School","PM 2.5","Guilford",36.1090060008986,-79.802314
"3596",NA,34,"Mendenhall School","PM 2.5","Guilford",36.1090060008986,-79.802314
"3597",NA,33,"Mendenhall School","PM 2.5","Guilford",36.1090060008986,-79.802314
"3598",NA,31,"Mendenhall School","PM 2.5","Guilford",36.1090060008986,-79.802314
"3599",NA,24,"Mendenhall School","PM 2.5","Guilford",36.1090060008986,-79.802314
"3600",NA,29,"Mendenhall School","PM 2.5","Guilford",36.1090060008986,-79.802314
"3601",NA,21,"Mendenhall School","PM 2.5","Guilford",36.1090060008986,-79.802314
"3602",NA,13,"Mendenhall School","PM 2.5","Guilford",36.1090060008986,-79.802314
"3603",NA,18,"Mendenhall School","PM 2.5","Guilford",36.1090060008986,-79.802314
"3604",NA,14,"Mendenhall School","PM 2.5","Guilford",36.1090060008986,-79.802314
"3605",NA,18,"Mendenhall School","PM 2.5","Guilford",36.1090060008986,-79.802314
"3606",NA,22,"Mendenhall School","PM 2.5","Guilford",36.1090060008986,-79.802314
"3607",NA,20,"Mendenhall School","PM 2.5","Guilford",36.1090060008986,-79.802314
"3608",NA,29,"Mendenhall School","PM 2.5","Guilford",36.1090060008986,-79.802314
"3609",NA,32,"Mendenhall School","PM 2.5","Guilford",36.1090060008986,-79.802314
"3610",9-01-20,28,"Mendenhall School","PM 2.5","Guilford",36.1090060008986,-79.802314
"3611",9-02-20,18,"Mendenhall School","PM 2.5","Guilford",36.1090060008986,-79.802314
"3612",9-03-20,29,"Mendenhall School","PM 2.5","Guilford",36.1090060008986,-79.802314
"3613",9-04-20,32,"Mendenhall School","PM 2.5","Guilford",36.1090060008986,-79.802314
"3614",9-05-20,25,"Mendenhall School","PM 2.5","Guilford",36.1090060008986,-79.802314
"3615",9-06-20,30,"Mendenhall School","PM 2.5","Guilford",36.1090060008986,-79.802314
"3616",9-07-20,26,"Mendenhall School","PM 2.5","Guilford",36.1090060008986,-79.802314
"3617",9-08-20,38,"Mendenhall School","PM 2.5","Guilford",36.1090060008986,-79.802314
"3618",9-09-20,56,"Mendenhall School","PM 2.5","Guilford",36.1090060008986,-79.802314
"3619",9-10-20,52,"Mendenhall School","PM 2.5","Guilford",36.1090060008986,-79.802314
"3620",9-11-20,53,"Mendenhall School","PM 2.5","Guilford",36.1090060008986,-79.802314
"3621",9-12-20,42,"Mendenhall School","PM 2.5","Guilford",36.1090060008986,-79.802314
"3622",NA,36,"Mendenhall School","PM 2.5","Guilford",36.1090060008986,-79.802314
"3623",NA,26,"Mendenhall School","PM 2.5","Guilford",36.1090060008986,-79.802314
"3624",NA,36,"Mendenhall School","PM 2.5","Guilford",36.1090060008986,-79.802314
"3625",NA,35,"Mendenhall School","PM 2.5","Guilford",36.1090060008986,-79.802314
"3626",NA,39,"Mendenhall School","PM 2.5","Guilford",36.1090060008986,-79.802314
"3627",NA,23,"Mendenhall School","PM 2.5","Guilford",36.1090060008986,-79.802314
"3628",NA,16,"Mendenhall School","PM 2.5","Guilford",36.1090060008986,-79.802314
"3629",NA,29,"Mendenhall School","PM 2.5","Guilford",36.1090060008986,-79.802314
"3630",NA,36,"Mendenhall School","PM 2.5","Guilford",36.1090060008986,-79.802314
"3631",NA,34,"Mendenhall School","PM 2.5","Guilford",36.1090060008986,-79.802314
"3632",NA,31,"Mendenhall School","PM 2.5","Guilford",36.1090060008986,-79.802314
"3633",NA,13,"Mendenhall School","PM 2.5","Guilford",36.1090060008986,-79.802314
"3634",NA,34,"Mendenhall School","PM 2.5","Guilford",36.1090060008986,-79.802314
"3635",NA,36,"Mendenhall School","PM 2.5","Guilford",36.1090060008986,-79.802314
"3636",NA,41,"Mendenhall School","PM 2.5","Guilford",36.1090060008986,-79.802314
"3637",NA,45,"Mendenhall School","PM 2.5","Guilford",36.1090060008986,-79.802314
"3638",NA,44,"Mendenhall School","PM 2.5","Guilford",36.1090060008986,-79.802314
"3639",NA,59,"Mendenhall School","PM 2.5","Guilford",36.1090060008986,-79.802314
"3640",10-01-20,54,"Mendenhall School","PM 2.5","Guilford",36.1090060008986,-79.802314
"3641",10-02-20,54,"Mendenhall School","PM 2.5","Guilford",36.1090060008986,-79.802314
"3642",10-03-20,43,"Mendenhall School","PM 2.5","Guilford",36.1090060008986,-79.802314
"3643",10-04-20,31,"Mendenhall School","PM 2.5","Guilford",36.1090060008986,-79.802314
"3644",10-05-20,10,"Mendenhall School","PM 2.5","Guilford",36.1090060008986,-79.802314
"3645",10-06-20,17,"Mendenhall School","PM 2.5","Guilford",36.1090060008986,-79.802314
"3646",10-07-20,14,"Mendenhall School","PM 2.5","Guilford",36.1090060008986,-79.802314
"3647",10-08-20,9,"Mendenhall School","PM 2.5","Guilford",36.1090060008986,-79.802314
"3648",10-09-20,10,"Mendenhall School","PM 2.5","Guilford",36.1090060008986,-79.802314
"3649",10-10-20,14,"Mendenhall School","PM 2.5","Guilford",36.1090060008986,-79.802314
"3650",10-11-20,15,"Mendenhall School","PM 2.5","Guilford",36.1090060008986,-79.802314
"3651",10-12-20,31,"Mendenhall School","PM 2.5","Guilford",36.1090060008986,-79.802314
"3652",NA,17,"Mendenhall School","PM 2.5","Guilford",36.1090060008986,-79.802314
"3653",NA,25,"Mendenhall School","PM 2.5","Guilford",36.1090060008986,-79.802314
"3654",NA,18,"Mendenhall School","PM 2.5","Guilford",36.1090060008986,-79.802314
"3655",NA,11,"Mendenhall School","PM 2.5","Guilford",36.1090060008986,-79.802314
"3656",NA,8,"Mendenhall School","PM 2.5","Guilford",36.1090060008986,-79.802314
"3657",NA,18,"Mendenhall School","PM 2.5","Guilford",36.1090060008986,-79.802314
"3658",NA,33,"Mendenhall School","PM 2.5","Guilford",36.1090060008986,-79.802314
"3659",NA,4,"Mendenhall School","PM 2.5","Guilford",36.1090060008986,-79.802314
"3660",NA,14,"Mendenhall School","PM 2.5","Guilford",36.1090060008986,-79.802314
"3661",NA,10,"Mendenhall School","PM 2.5","Guilford",36.1090060008986,-79.802314
"3662",NA,12,"Mendenhall School","PM 2.5","Guilford",36.1090060008986,-79.802314
"3663",NA,17,"Mendenhall School","PM 2.5","Guilford",36.1090060008986,-79.802314
"3664",NA,27,"Mendenhall School","PM 2.5","Guilford",36.1090060008986,-79.802314
"3665",NA,28,"Mendenhall School","PM 2.5","Guilford",36.1090060008986,-79.802314
"3666",NA,8,"Mendenhall School","PM 2.5","Guilford",36.1090060008986,-79.802314
"3667",NA,9,"Mendenhall School","PM 2.5","Guilford",36.1090060008986,-79.802314
"3668",NA,30,"Mendenhall School","PM 2.5","Guilford",36.1090060008986,-79.802314
"3669",NA,24,"Mendenhall School","PM 2.5","Guilford",36.1090060008986,-79.802314
"3670",NA,13,"Mendenhall School","PM 2.5","Guilford",36.1090060008986,-79.802314
"3671",11-01-20,18,"Mendenhall School","PM 2.5","Guilford",36.1090060008986,-79.802314
"3672",11-02-20,37,"Mendenhall School","PM 2.5","Guilford",36.1090060008986,-79.802314
"3673",11-03-20,33,"Mendenhall School","PM 2.5","Guilford",36.1090060008986,-79.802314
"3674",11-04-20,36,"Mendenhall School","PM 2.5","Guilford",36.1090060008986,-79.802314
"3675",11-05-20,36,"Mendenhall School","PM 2.5","Guilford",36.1090060008986,-79.802314
"3676",11-06-20,26,"Mendenhall School","PM 2.5","Guilford",36.1090060008986,-79.802314
"3677",11-07-20,44,"Mendenhall School","PM 2.5","Guilford",36.1090060008986,-79.802314
"3678",11-08-20,15,"Mendenhall School","PM 2.5","Guilford",36.1090060008986,-79.802314
"3679",11-09-20,55,"Mendenhall School","PM 2.5","Guilford",36.1090060008986,-79.802314
"3680",11-10-20,56,"Mendenhall School","PM 2.5","Guilford",36.1090060008986,-79.802314
"3681",11-11-20,42,"Mendenhall School","PM 2.5","Guilford",36.1090060008986,-79.802314
"3682",11-12-20,13,"Mendenhall School","PM 2.5","Guilford",36.1090060008986,-79.802314
"3683",NA,20,"Mendenhall School","PM 2.5","Guilford",36.1090060008986,-79.802314
"3684",NA,53,"Mendenhall School","PM 2.5","Guilford",36.1090060008986,-79.802314
"3685",NA,32,"Mendenhall School","PM 2.5","Guilford",36.1090060008986,-79.802314
"3686",NA,23,"Mendenhall School","PM 2.5","Guilford",36.1090060008986,-79.802314
"3687",NA,13,"Mendenhall School","PM 2.5","Guilford",36.1090060008986,-79.802314
"3688",NA,15,"Mendenhall School","PM 2.5","Guilford",36.1090060008986,-79.802314
"3689",NA,36,"Mendenhall School","PM 2.5","Guilford",36.1090060008986,-79.802314
"3690",NA,37,"Mendenhall School","PM 2.5","Guilford",36.1090060008986,-79.802314
"3691",NA,31,"Mendenhall School","PM 2.5","Guilford",36.1090060008986,-79.802314
"3692",NA,52,"Mendenhall School","PM 2.5","Guilford",36.1090060008986,-79.802314
"3693",NA,14,"Mendenhall School","PM 2.5","Guilford",36.1090060008986,-79.802314
"3694",NA,11,"Mendenhall School","PM 2.5","Guilford",36.1090060008986,-79.802314
"3695",NA,23,"Mendenhall School","PM 2.5","Guilford",36.1090060008986,-79.802314
"3696",NA,40,"Mendenhall School","PM 2.5","Guilford",36.1090060008986,-79.802314
"3697",NA,44,"Mendenhall School","PM 2.5","Guilford",36.1090060008986,-79.802314
"3698",NA,8,"Mendenhall School","PM 2.5","Guilford",36.1090060008986,-79.802314
"3699",NA,20,"Mendenhall School","PM 2.5","Guilford",36.1090060008986,-79.802314
"3700",NA,41,"Mendenhall School","PM 2.5","Guilford",36.1090060008986,-79.802314
"3701",12-01-20,19,"Mendenhall School","PM 2.5","Guilford",36.1090060008986,-79.802314
"3702",12-02-20,2,"Mendenhall School","PM 2.5","Guilford",36.1090060008986,-79.802314
"3703",12-03-20,6,"Mendenhall School","PM 2.5","Guilford",36.1090060008986,-79.802314
"3704",12-04-20,8,"Mendenhall School","PM 2.5","Guilford",36.1090060008986,-79.802314
"3705",12-05-20,16,"Mendenhall School","PM 2.5","Guilford",36.1090060008986,-79.802314
"3706",12-06-20,45,"Mendenhall School","PM 2.5","Guilford",36.1090060008986,-79.802314
"3707",12-07-20,36,"Mendenhall School","PM 2.5","Guilford",36.1090060008986,-79.802314
"3708",12-08-20,34,"Mendenhall School","PM 2.5","Guilford",36.1090060008986,-79.802314
"3709",12-09-20,40,"Mendenhall School","PM 2.5","Guilford",36.1090060008986,-79.802314
"3710",12-10-20,31,"Mendenhall School","PM 2.5","Guilford",36.1090060008986,-79.802314
"3711",12-11-20,14,"Mendenhall School","PM 2.5","Guilford",36.1090060008986,-79.802314
"3712",12-12-20,15,"Mendenhall School","PM 2.5","Guilford",36.1090060008986,-79.802314
"3713",NA,12,"Mendenhall School","PM 2.5","Guilford",36.1090060008986,-79.802314
"3714",NA,3,"Mendenhall School","PM 2.5","Guilford",36.1090060008986,-79.802314
"3715",NA,30,"Mendenhall School","PM 2.5","Guilford",36.1090060008986,-79.802314
"3716",NA,40,"Mendenhall School","PM 2.5","Guilford",36.1090060008986,-79.802314
"3717",NA,8,"Mendenhall School","PM 2.5","Guilford",36.1090060008986,-79.802314
"3718",NA,3,"Mendenhall School","PM 2.5","Guilford",36.1090060008986,-79.802314
"3719",NA,34,"Mendenhall School","PM 2.5","Guilford",36.1090060008986,-79.802314
"3720",NA,43,"Mendenhall School","PM 2.5","Guilford",36.1090060008986,-79.802314
"3721",NA,59,"Mendenhall School","PM 2.5","Guilford",36.1090060008986,-79.802314
"3722",NA,79,"Mendenhall School","PM 2.5","Guilford",36.1090060008986,-79.802314
"3723",NA,47,"Mendenhall School","PM 2.5","Guilford",36.1090060008986,-79.802314
"3724",NA,30,"Mendenhall School","PM 2.5","Guilford",36.1090060008986,-79.802314
"3725",NA,45,"Mendenhall School","PM 2.5","Guilford",36.1090060008986,-79.802314
"3726",NA,51,"Mendenhall School","PM 2.5","Guilford",36.1090060008986,-79.802314
"3727",NA,49,"Mendenhall School","PM 2.5","Guilford",36.1090060008986,-79.802314
"3728",NA,51,"Mendenhall School","PM 2.5","Guilford",36.1090060008986,-79.802314
"3729",NA,45,"Mendenhall School","PM 2.5","Guilford",36.1090060008986,-79.802314
"3730",NA,5,"Mendenhall School","PM 2.5","Guilford",36.1090060008986,-79.802314
"3731",NA,10,"Mendenhall School","PM 2.5","Guilford",36.1090060008986,-79.802314
"3732",1-12-20,13,"Frying Pan Mountain","PM 2.5","Haywood",35.379167,-82.7925
"3733",NA,4,"Frying Pan Mountain","PM 2.5","Haywood",35.379167,-82.7925
"3734",NA,4,"Frying Pan Mountain","PM 2.5","Haywood",35.379167,-82.7925
"3735",NA,4,"Frying Pan Mountain","PM 2.5","Haywood",35.379167,-82.7925
"3736",NA,4,"Frying Pan Mountain","PM 2.5","Haywood",35.379167,-82.7925
"3737",NA,9,"Frying Pan Mountain","PM 2.5","Haywood",35.379167,-82.7925
"3738",NA,5,"Frying Pan Mountain","PM 2.5","Haywood",35.379167,-82.7925
"3739",2-02-20,9,"Frying Pan Mountain","PM 2.5","Haywood",35.379167,-82.7925
"3740",2-05-20,17,"Frying Pan Mountain","PM 2.5","Haywood",35.379167,-82.7925
"3741",2-08-20,7,"Frying Pan Mountain","PM 2.5","Haywood",35.379167,-82.7925
"3742",2-11-20,3,"Frying Pan Mountain","PM 2.5","Haywood",35.379167,-82.7925
"3743",NA,5,"Frying Pan Mountain","PM 2.5","Haywood",35.379167,-82.7925
"3744",NA,3,"Frying Pan Mountain","PM 2.5","Haywood",35.379167,-82.7925
"3745",NA,0,"Frying Pan Mountain","PM 2.5","Haywood",35.379167,-82.7925
"3746",NA,4,"Frying Pan Mountain","PM 2.5","Haywood",35.379167,-82.7925
"3747",NA,11,"Frying Pan Mountain","PM 2.5","Haywood",35.379167,-82.7925
"3748",NA,15,"","PM 2.5","Hyde",35.4510904272765,-76.2071654064174
"3749",2-02-20,23,"","PM 2.5","Hyde",35.4510904272765,-76.2071654064174
"3750",2-05-20,50,"","PM 2.5","Hyde",35.4510904272765,-76.2071654064174
"3751",2-08-20,21,"","PM 2.5","Hyde",35.4510904272765,-76.2071654064174
"3752",2-11-20,7,"","PM 2.5","Hyde",35.4510904272765,-76.2071654064174
"3753",NA,9,"","PM 2.5","Hyde",35.4510904272765,-76.2071654064174
"3754",NA,20,"","PM 2.5","Hyde",35.4510904272765,-76.2071654064174
"3755",NA,14,"","PM 2.5","Hyde",35.4510904272765,-76.2071654064174
"3756",NA,10,"","PM 2.5","Hyde",35.4510904272765,-76.2071654064174
"3757",1-03-20,13,"PM2.5 COLOCATED MONITORS LOCATED ON TOP OF BUILDING","PM 2.5","Jackson",35.46676663,-83.277928059
"3758",1-06-20,20,"PM2.5 COLOCATED MONITORS LOCATED ON TOP OF BUILDING","PM 2.5","Jackson",35.46676663,-83.277928059
"3759",1-09-20,8,"PM2.5 COLOCATED MONITORS LOCATED ON TOP OF BUILDING","PM 2.5","Jackson",35.46676663,-83.277928059
"3760",1-12-20,30,"PM2.5 COLOCATED MONITORS LOCATED ON TOP OF BUILDING","PM 2.5","Jackson",35.46676663,-83.277928059
"3761",NA,15,"PM2.5 COLOCATED MONITORS LOCATED ON TOP OF BUILDING","PM 2.5","Jackson",35.46676663,-83.277928059
"3762",NA,16,"PM2.5 COLOCATED MONITORS LOCATED ON TOP OF BUILDING","PM 2.5","Jackson",35.46676663,-83.277928059
"3763",NA,18,"PM2.5 COLOCATED MONITORS LOCATED ON TOP OF BUILDING","PM 2.5","Jackson",35.46676663,-83.277928059
"3764",NA,13,"PM2.5 COLOCATED MONITORS LOCATED ON TOP OF BUILDING","PM 2.5","Jackson",35.46676663,-83.277928059
"3765",NA,32,"PM2.5 COLOCATED MONITORS LOCATED ON TOP OF BUILDING","PM 2.5","Jackson",35.46676663,-83.277928059
"3766",NA,18,"PM2.5 COLOCATED MONITORS LOCATED ON TOP OF BUILDING","PM 2.5","Jackson",35.46676663,-83.277928059
"3767",2-02-20,34,"PM2.5 COLOCATED MONITORS LOCATED ON TOP OF BUILDING","PM 2.5","Jackson",35.46676663,-83.277928059
"3768",2-05-20,36,"PM2.5 COLOCATED MONITORS LOCATED ON TOP OF BUILDING","PM 2.5","Jackson",35.46676663,-83.277928059
"3769",2-08-20,11,"PM2.5 COLOCATED MONITORS LOCATED ON TOP OF BUILDING","PM 2.5","Jackson",35.46676663,-83.277928059
"3770",2-11-20,16,"PM2.5 COLOCATED MONITORS LOCATED ON TOP OF BUILDING","PM 2.5","Jackson",35.46676663,-83.277928059
"3771",NA,17,"PM2.5 COLOCATED MONITORS LOCATED ON TOP OF BUILDING","PM 2.5","Jackson",35.46676663,-83.277928059
"3772",NA,14,"PM2.5 COLOCATED MONITORS LOCATED ON TOP OF BUILDING","PM 2.5","Jackson",35.46676663,-83.277928059
"3773",NA,8,"PM2.5 COLOCATED MONITORS LOCATED ON TOP OF BUILDING","PM 2.5","Jackson",35.46676663,-83.277928059
"3774",NA,8,"PM2.5 COLOCATED MONITORS LOCATED ON TOP OF BUILDING","PM 2.5","Jackson",35.46676663,-83.277928059
"3775",NA,20,"PM2.5 COLOCATED MONITORS LOCATED ON TOP OF BUILDING","PM 2.5","Jackson",35.46676663,-83.277928059
"3776",3-02-20,18,"PM2.5 COLOCATED MONITORS LOCATED ON TOP OF BUILDING","PM 2.5","Jackson",35.46676663,-83.277928059
"3777",3-04-20,16,"PM2.5 COLOCATED MONITORS LOCATED ON TOP OF BUILDING","PM 2.5","Jackson",35.46676663,-83.277928059
"3778",3-07-20,24,"PM2.5 COLOCATED MONITORS LOCATED ON TOP OF BUILDING","PM 2.5","Jackson",35.46676663,-83.277928059
"3779",3-10-20,27,"PM2.5 COLOCATED MONITORS LOCATED ON TOP OF BUILDING","PM 2.5","Jackson",35.46676663,-83.277928059
"3780",NA,29,"PM2.5 COLOCATED MONITORS LOCATED ON TOP OF BUILDING","PM 2.5","Jackson",35.46676663,-83.277928059
"3781",NA,11,"PM2.5 COLOCATED MONITORS LOCATED ON TOP OF BUILDING","PM 2.5","Jackson",35.46676663,-83.277928059
"3782",NA,29,"PM2.5 COLOCATED MONITORS LOCATED ON TOP OF BUILDING","PM 2.5","Jackson",35.46676663,-83.277928059
"3783",4-06-20,25,"PM2.5 COLOCATED MONITORS LOCATED ON TOP OF BUILDING","PM 2.5","Jackson",35.46676663,-83.277928059
"3784",4-09-20,14,"PM2.5 COLOCATED MONITORS LOCATED ON TOP OF BUILDING","PM 2.5","Jackson",35.46676663,-83.277928059
"3785",4-12-20,26,"PM2.5 COLOCATED MONITORS LOCATED ON TOP OF BUILDING","PM 2.5","Jackson",35.46676663,-83.277928059
"3786",NA,9,"PM2.5 COLOCATED MONITORS LOCATED ON TOP OF BUILDING","PM 2.5","Jackson",35.46676663,-83.277928059
"3787",NA,38,"PM2.5 COLOCATED MONITORS LOCATED ON TOP OF BUILDING","PM 2.5","Jackson",35.46676663,-83.277928059
"3788",NA,35,"PM2.5 COLOCATED MONITORS LOCATED ON TOP OF BUILDING","PM 2.5","Jackson",35.46676663,-83.277928059
"3789",NA,22,"PM2.5 COLOCATED MONITORS LOCATED ON TOP OF BUILDING","PM 2.5","Jackson",35.46676663,-83.277928059
"3790",NA,30,"PM2.5 COLOCATED MONITORS LOCATED ON TOP OF BUILDING","PM 2.5","Jackson",35.46676663,-83.277928059
"3791",NA,50,"PM2.5 COLOCATED MONITORS LOCATED ON TOP OF BUILDING","PM 2.5","Jackson",35.46676663,-83.277928059
"3792",5-03-20,31,"PM2.5 COLOCATED MONITORS LOCATED ON TOP OF BUILDING","PM 2.5","Jackson",35.46676663,-83.277928059
"3793",5-06-20,18,"PM2.5 COLOCATED MONITORS LOCATED ON TOP OF BUILDING","PM 2.5","Jackson",35.46676663,-83.277928059
"3794",NA,24,"PM2.5 COLOCATED MONITORS LOCATED ON TOP OF BUILDING","PM 2.5","Jackson",35.46676663,-83.277928059
"3795",NA,49,"PM2.5 COLOCATED MONITORS LOCATED ON TOP OF BUILDING","PM 2.5","Jackson",35.46676663,-83.277928059
"3796",NA,33,"PM2.5 COLOCATED MONITORS LOCATED ON TOP OF BUILDING","PM 2.5","Jackson",35.46676663,-83.277928059
"3797",NA,45,"PM2.5 COLOCATED MONITORS LOCATED ON TOP OF BUILDING","PM 2.5","Jackson",35.46676663,-83.277928059
"3798",NA,52,"PM2.5 COLOCATED MONITORS LOCATED ON TOP OF BUILDING","PM 2.5","Jackson",35.46676663,-83.277928059
"3799",NA,49,"PM2.5 COLOCATED MONITORS LOCATED ON TOP OF BUILDING","PM 2.5","Jackson",35.46676663,-83.277928059
"3800",6-02-20,49,"PM2.5 COLOCATED MONITORS LOCATED ON TOP OF BUILDING","PM 2.5","Jackson",35.46676663,-83.277928059
"3801",6-05-20,62,"PM2.5 COLOCATED MONITORS LOCATED ON TOP OF BUILDING","PM 2.5","Jackson",35.46676663,-83.277928059
"3802",6-08-20,14,"PM2.5 COLOCATED MONITORS LOCATED ON TOP OF BUILDING","PM 2.5","Jackson",35.46676663,-83.277928059
"3803",6-11-20,18,"PM2.5 COLOCATED MONITORS LOCATED ON TOP OF BUILDING","PM 2.5","Jackson",35.46676663,-83.277928059
"3804",NA,19,"PM2.5 COLOCATED MONITORS LOCATED ON TOP OF BUILDING","PM 2.5","Jackson",35.46676663,-83.277928059
"3805",NA,16,"PM2.5 COLOCATED MONITORS LOCATED ON TOP OF BUILDING","PM 2.5","Jackson",35.46676663,-83.277928059
"3806",NA,22,"PM2.5 COLOCATED MONITORS LOCATED ON TOP OF BUILDING","PM 2.5","Jackson",35.46676663,-83.277928059
"3807",7-02-20,35,"PM2.5 COLOCATED MONITORS LOCATED ON TOP OF BUILDING","PM 2.5","Jackson",35.46676663,-83.277928059
"3808",7-03-20,37,"PM2.5 COLOCATED MONITORS LOCATED ON TOP OF BUILDING","PM 2.5","Jackson",35.46676663,-83.277928059
"3809",7-05-20,34,"PM2.5 COLOCATED MONITORS LOCATED ON TOP OF BUILDING","PM 2.5","Jackson",35.46676663,-83.277928059
"3810",7-08-20,36,"PM2.5 COLOCATED MONITORS LOCATED ON TOP OF BUILDING","PM 2.5","Jackson",35.46676663,-83.277928059
"3811",7-11-20,33,"PM2.5 COLOCATED MONITORS LOCATED ON TOP OF BUILDING","PM 2.5","Jackson",35.46676663,-83.277928059
"3812",NA,37,"PM2.5 COLOCATED MONITORS LOCATED ON TOP OF BUILDING","PM 2.5","Jackson",35.46676663,-83.277928059
"3813",NA,32,"PM2.5 COLOCATED MONITORS LOCATED ON TOP OF BUILDING","PM 2.5","Jackson",35.46676663,-83.277928059
"3814",NA,25,"PM2.5 COLOCATED MONITORS LOCATED ON TOP OF BUILDING","PM 2.5","Jackson",35.46676663,-83.277928059
"3815",NA,15,"PM2.5 COLOCATED MONITORS LOCATED ON TOP OF BUILDING","PM 2.5","Jackson",35.46676663,-83.277928059
"3816",NA,35,"PM2.5 COLOCATED MONITORS LOCATED ON TOP OF BUILDING","PM 2.5","Jackson",35.46676663,-83.277928059
"3817",NA,45,"PM2.5 COLOCATED MONITORS LOCATED ON TOP OF BUILDING","PM 2.5","Jackson",35.46676663,-83.277928059
"3818",8-01-20,35,"PM2.5 COLOCATED MONITORS LOCATED ON TOP OF BUILDING","PM 2.5","Jackson",35.46676663,-83.277928059
"3819",8-04-20,28,"PM2.5 COLOCATED MONITORS LOCATED ON TOP OF BUILDING","PM 2.5","Jackson",35.46676663,-83.277928059
"3820",8-07-20,35,"PM2.5 COLOCATED MONITORS LOCATED ON TOP OF BUILDING","PM 2.5","Jackson",35.46676663,-83.277928059
"3821",8-10-20,39,"PM2.5 COLOCATED MONITORS LOCATED ON TOP OF BUILDING","PM 2.5","Jackson",35.46676663,-83.277928059
"3822",NA,43,"PM2.5 COLOCATED MONITORS LOCATED ON TOP OF BUILDING","PM 2.5","Jackson",35.46676663,-83.277928059
"3823",NA,33,"PM2.5 COLOCATED MONITORS LOCATED ON TOP OF BUILDING","PM 2.5","Jackson",35.46676663,-83.277928059
"3824",NA,42,"PM2.5 COLOCATED MONITORS LOCATED ON TOP OF BUILDING","PM 2.5","Jackson",35.46676663,-83.277928059
"3825",NA,32,"PM2.5 COLOCATED MONITORS LOCATED ON TOP OF BUILDING","PM 2.5","Jackson",35.46676663,-83.277928059
"3826",NA,18,"PM2.5 COLOCATED MONITORS LOCATED ON TOP OF BUILDING","PM 2.5","Jackson",35.46676663,-83.277928059
"3827",NA,21,"PM2.5 COLOCATED MONITORS LOCATED ON TOP OF BUILDING","PM 2.5","Jackson",35.46676663,-83.277928059
"3828",NA,32,"PM2.5 COLOCATED MONITORS LOCATED ON TOP OF BUILDING","PM 2.5","Jackson",35.46676663,-83.277928059
"3829",9-03-20,38,"PM2.5 COLOCATED MONITORS LOCATED ON TOP OF BUILDING","PM 2.5","Jackson",35.46676663,-83.277928059
"3830",9-06-20,35,"PM2.5 COLOCATED MONITORS LOCATED ON TOP OF BUILDING","PM 2.5","Jackson",35.46676663,-83.277928059
"3831",9-09-20,30,"PM2.5 COLOCATED MONITORS LOCATED ON TOP OF BUILDING","PM 2.5","Jackson",35.46676663,-83.277928059
"3832",9-12-20,52,"PM2.5 COLOCATED MONITORS LOCATED ON TOP OF BUILDING","PM 2.5","Jackson",35.46676663,-83.277928059
"3833",NA,35,"PM2.5 COLOCATED MONITORS LOCATED ON TOP OF BUILDING","PM 2.5","Jackson",35.46676663,-83.277928059
"3834",NA,43,"PM2.5 COLOCATED MONITORS LOCATED ON TOP OF BUILDING","PM 2.5","Jackson",35.46676663,-83.277928059
"3835",NA,41,"PM2.5 COLOCATED MONITORS LOCATED ON TOP OF BUILDING","PM 2.5","Jackson",35.46676663,-83.277928059
"3836",NA,32,"PM2.5 COLOCATED MONITORS LOCATED ON TOP OF BUILDING","PM 2.5","Jackson",35.46676663,-83.277928059
"3837",NA,32,"PM2.5 COLOCATED MONITORS LOCATED ON TOP OF BUILDING","PM 2.5","Jackson",35.46676663,-83.277928059
"3838",NA,49,"PM2.5 COLOCATED MONITORS LOCATED ON TOP OF BUILDING","PM 2.5","Jackson",35.46676663,-83.277928059
"3839",1-04-20,15,"PM2.5 COLOCATED MONITORS LOCATED ON TOP OF BUILDING","PM 2.5","Jackson",35.46676663,-83.277928059
"3840",1-09-20,10,"PM2.5 COLOCATED MONITORS LOCATED ON TOP OF BUILDING","PM 2.5","Jackson",35.46676663,-83.277928059
"3841",NA,16,"PM2.5 COLOCATED MONITORS LOCATED ON TOP OF BUILDING","PM 2.5","Jackson",35.46676663,-83.277928059
"3842",NA,17,"PM2.5 COLOCATED MONITORS LOCATED ON TOP OF BUILDING","PM 2.5","Jackson",35.46676663,-83.277928059
"3843",NA,30,"PM2.5 COLOCATED MONITORS LOCATED ON TOP OF BUILDING","PM 2.5","Jackson",35.46676663,-83.277928059
"3844",2-02-20,33,"PM2.5 COLOCATED MONITORS LOCATED ON TOP OF BUILDING","PM 2.5","Jackson",35.46676663,-83.277928059
"3845",2-08-20,15,"PM2.5 COLOCATED MONITORS LOCATED ON TOP OF BUILDING","PM 2.5","Jackson",35.46676663,-83.277928059
"3846",NA,18,"PM2.5 COLOCATED MONITORS LOCATED ON TOP OF BUILDING","PM 2.5","Jackson",35.46676663,-83.277928059
"3847",NA,10,"PM2.5 COLOCATED MONITORS LOCATED ON TOP OF BUILDING","PM 2.5","Jackson",35.46676663,-83.277928059
"3848",NA,20,"PM2.5 COLOCATED MONITORS LOCATED ON TOP OF BUILDING","PM 2.5","Jackson",35.46676663,-83.277928059
"3849",3-04-20,16,"PM2.5 COLOCATED MONITORS LOCATED ON TOP OF BUILDING","PM 2.5","Jackson",35.46676663,-83.277928059
"3850",NA,10,"PM2.5 COLOCATED MONITORS LOCATED ON TOP OF BUILDING","PM 2.5","Jackson",35.46676663,-83.277928059
"3851",4-09-20,15,"PM2.5 COLOCATED MONITORS LOCATED ON TOP OF BUILDING","PM 2.5","Jackson",35.46676663,-83.277928059
"3852",NA,9,"PM2.5 COLOCATED MONITORS LOCATED ON TOP OF BUILDING","PM 2.5","Jackson",35.46676663,-83.277928059
"3853",NA,22,"PM2.5 COLOCATED MONITORS LOCATED ON TOP OF BUILDING","PM 2.5","Jackson",35.46676663,-83.277928059
"3854",NA,32,"PM2.5 COLOCATED MONITORS LOCATED ON TOP OF BUILDING","PM 2.5","Jackson",35.46676663,-83.277928059
"3855",NA,48,"PM2.5 COLOCATED MONITORS LOCATED ON TOP OF BUILDING","PM 2.5","Jackson",35.46676663,-83.277928059
"3856",5-03-20,36,"PM2.5 COLOCATED MONITORS LOCATED ON TOP OF BUILDING","PM 2.5","Jackson",35.46676663,-83.277928059
"3857",NA,24,"PM2.5 COLOCATED MONITORS LOCATED ON TOP OF BUILDING","PM 2.5","Jackson",35.46676663,-83.277928059
"3858",NA,32,"PM2.5 COLOCATED MONITORS LOCATED ON TOP OF BUILDING","PM 2.5","Jackson",35.46676663,-83.277928059
"3859",NA,52,"PM2.5 COLOCATED MONITORS LOCATED ON TOP OF BUILDING","PM 2.5","Jackson",35.46676663,-83.277928059
"3860",6-02-20,49,"PM2.5 COLOCATED MONITORS LOCATED ON TOP OF BUILDING","PM 2.5","Jackson",35.46676663,-83.277928059
"3861",6-08-20,17,"PM2.5 COLOCATED MONITORS LOCATED ON TOP OF BUILDING","PM 2.5","Jackson",35.46676663,-83.277928059
"3862",NA,21,"PM2.5 COLOCATED MONITORS LOCATED ON TOP OF BUILDING","PM 2.5","Jackson",35.46676663,-83.277928059
"3863",NA,15,"PM2.5 COLOCATED MONITORS LOCATED ON TOP OF BUILDING","PM 2.5","Jackson",35.46676663,-83.277928059
"3864",NA,34,"PM2.5 COLOCATED MONITORS LOCATED ON TOP OF BUILDING","PM 2.5","Jackson",35.46676663,-83.277928059
"3865",7-02-20,27,"PM2.5 COLOCATED MONITORS LOCATED ON TOP OF BUILDING","PM 2.5","Jackson",35.46676663,-83.277928059
"3866",7-08-20,35,"PM2.5 COLOCATED MONITORS LOCATED ON TOP OF BUILDING","PM 2.5","Jackson",35.46676663,-83.277928059
"3867",NA,32,"PM2.5 COLOCATED MONITORS LOCATED ON TOP OF BUILDING","PM 2.5","Jackson",35.46676663,-83.277928059
"3868",NA,36,"PM2.5 COLOCATED MONITORS LOCATED ON TOP OF BUILDING","PM 2.5","Jackson",35.46676663,-83.277928059
"3869",8-01-20,34,"PM2.5 COLOCATED MONITORS LOCATED ON TOP OF BUILDING","PM 2.5","Jackson",35.46676663,-83.277928059
"3870",8-07-20,33,"PM2.5 COLOCATED MONITORS LOCATED ON TOP OF BUILDING","PM 2.5","Jackson",35.46676663,-83.277928059
"3871",NA,41,"PM2.5 COLOCATED MONITORS LOCATED ON TOP OF BUILDING","PM 2.5","Jackson",35.46676663,-83.277928059
"3872",NA,39,"PM2.5 COLOCATED MONITORS LOCATED ON TOP OF BUILDING","PM 2.5","Jackson",35.46676663,-83.277928059
"3873",NA,18,"PM2.5 COLOCATED MONITORS LOCATED ON TOP OF BUILDING","PM 2.5","Jackson",35.46676663,-83.277928059
"3874",NA,32,"PM2.5 COLOCATED MONITORS LOCATED ON TOP OF BUILDING","PM 2.5","Jackson",35.46676663,-83.277928059
"3875",9-06-20,34,"PM2.5 COLOCATED MONITORS LOCATED ON TOP OF BUILDING","PM 2.5","Jackson",35.46676663,-83.277928059
"3876",9-12-20,48,"PM2.5 COLOCATED MONITORS LOCATED ON TOP OF BUILDING","PM 2.5","Jackson",35.46676663,-83.277928059
"3877",NA,41,"PM2.5 COLOCATED MONITORS LOCATED ON TOP OF BUILDING","PM 2.5","Jackson",35.46676663,-83.277928059
"3878",NA,29,"PM2.5 COLOCATED MONITORS LOCATED ON TOP OF BUILDING","PM 2.5","Jackson",35.46676663,-83.277928059
"3879",NA,45,"PM2.5 COLOCATED MONITORS LOCATED ON TOP OF BUILDING","PM 2.5","Jackson",35.46676663,-83.277928059
"3880",1-01-20,22,"West Johnston Co.","PM 2.5","Johnston",35.59095,-78.4622
"3881",1-02-20,18,"West Johnston Co.","PM 2.5","Johnston",35.59095,-78.4622
"3882",1-03-20,23,"West Johnston Co.","PM 2.5","Johnston",35.59095,-78.4622
"3883",1-04-20,22,"West Johnston Co.","PM 2.5","Johnston",35.59095,-78.4622
"3884",1-05-20,8,"West Johnston Co.","PM 2.5","Johnston",35.59095,-78.4622
"3885",1-06-20,28,"West Johnston Co.","PM 2.5","Johnston",35.59095,-78.4622
"3886",1-07-20,23,"West Johnston Co.","PM 2.5","Johnston",35.59095,-78.4622
"3887",1-08-20,32,"West Johnston Co.","PM 2.5","Johnston",35.59095,-78.4622
"3888",1-09-20,12,"West Johnston Co.","PM 2.5","Johnston",35.59095,-78.4622
"3889",1-10-20,18,"West Johnston Co.","PM 2.5","Johnston",35.59095,-78.4622
"3890",1-11-20,36,"West Johnston Co.","PM 2.5","Johnston",35.59095,-78.4622
"3891",1-12-20,35,"West Johnston Co.","PM 2.5","Johnston",35.59095,-78.4622
"3892",NA,8,"West Johnston Co.","PM 2.5","Johnston",35.59095,-78.4622
"3893",NA,28,"West Johnston Co.","PM 2.5","Johnston",35.59095,-78.4622
"3894",NA,40,"West Johnston Co.","PM 2.5","Johnston",35.59095,-78.4622
"3895",NA,42,"West Johnston Co.","PM 2.5","Johnston",35.59095,-78.4622
"3896",NA,35,"West Johnston Co.","PM 2.5","Johnston",35.59095,-78.4622
"3897",NA,40,"West Johnston Co.","PM 2.5","Johnston",35.59095,-78.4622
"3898",NA,39,"West Johnston Co.","PM 2.5","Johnston",35.59095,-78.4622
"3899",NA,14,"West Johnston Co.","PM 2.5","Johnston",35.59095,-78.4622
"3900",NA,11,"West Johnston Co.","PM 2.5","Johnston",35.59095,-78.4622
"3901",NA,21,"West Johnston Co.","PM 2.5","Johnston",35.59095,-78.4622
"3902",NA,23,"West Johnston Co.","PM 2.5","Johnston",35.59095,-78.4622
"3903",NA,4,"West Johnston Co.","PM 2.5","Johnston",35.59095,-78.4622
"3904",NA,23,"West Johnston Co.","PM 2.5","Johnston",35.59095,-78.4622
"3905",NA,49,"West Johnston Co.","PM 2.5","Johnston",35.59095,-78.4622
"3906",NA,46,"West Johnston Co.","PM 2.5","Johnston",35.59095,-78.4622
"3907",NA,26,"West Johnston Co.","PM 2.5","Johnston",35.59095,-78.4622
"3908",NA,31,"West Johnston Co.","PM 2.5","Johnston",35.59095,-78.4622
"3909",NA,21,"West Johnston Co.","PM 2.5","Johnston",35.59095,-78.4622
"3910",NA,20,"West Johnston Co.","PM 2.5","Johnston",35.59095,-78.4622
"3911",2-01-20,48,"West Johnston Co.","PM 2.5","Johnston",35.59095,-78.4622
"3912",2-02-20,54,"West Johnston Co.","PM 2.5","Johnston",35.59095,-78.4622
"3913",2-03-20,51,"West Johnston Co.","PM 2.5","Johnston",35.59095,-78.4622
"3914",2-04-20,38,"West Johnston Co.","PM 2.5","Johnston",35.59095,-78.4622
"3915",2-05-20,48,"West Johnston Co.","PM 2.5","Johnston",35.59095,-78.4622
"3916",2-06-20,51,"West Johnston Co.","PM 2.5","Johnston",35.59095,-78.4622
"3917",2-07-20,50,"West Johnston Co.","PM 2.5","Johnston",35.59095,-78.4622
"3918",2-08-20,35,"West Johnston Co.","PM 2.5","Johnston",35.59095,-78.4622
"3919",2-09-20,15,"West Johnston Co.","PM 2.5","Johnston",35.59095,-78.4622
"3920",2-10-20,25,"West Johnston Co.","PM 2.5","Johnston",35.59095,-78.4622
"3921",2-11-20,22,"West Johnston Co.","PM 2.5","Johnston",35.59095,-78.4622
"3922",2-12-20,13,"West Johnston Co.","PM 2.5","Johnston",35.59095,-78.4622
"3923",NA,7,"West Johnston Co.","PM 2.5","Johnston",35.59095,-78.4622
"3924",NA,14,"West Johnston Co.","PM 2.5","Johnston",35.59095,-78.4622
"3925",NA,29,"West Johnston Co.","PM 2.5","Johnston",35.59095,-78.4622
"3926",NA,25,"West Johnston Co.","PM 2.5","Johnston",35.59095,-78.4622
"3927",NA,24,"West Johnston Co.","PM 2.5","Johnston",35.59095,-78.4622
"3928",NA,10,"West Johnston Co.","PM 2.5","Johnston",35.59095,-78.4622
"3929",NA,25,"West Johnston Co.","PM 2.5","Johnston",35.59095,-78.4622
"3930",NA,12,"West Johnston Co.","PM 2.5","Johnston",35.59095,-78.4622
"3931",NA,22,"West Johnston Co.","PM 2.5","Johnston",35.59095,-78.4622
"3932",NA,14,"West Johnston Co.","PM 2.5","Johnston",35.59095,-78.4622
"3933",NA,8,"West Johnston Co.","PM 2.5","Johnston",35.59095,-78.4622
"3934",NA,9,"West Johnston Co.","PM 2.5","Johnston",35.59095,-78.4622
"3935",NA,10,"West Johnston Co.","PM 2.5","Johnston",35.59095,-78.4622
"3936",NA,22,"West Johnston Co.","PM 2.5","Johnston",35.59095,-78.4622
"3937",NA,35,"West Johnston Co.","PM 2.5","Johnston",35.59095,-78.4622
"3938",NA,49,"West Johnston Co.","PM 2.5","Johnston",35.59095,-78.4622
"3939",3-01-20,33,"West Johnston Co.","PM 2.5","Johnston",35.59095,-78.4622
"3940",3-02-20,10,"West Johnston Co.","PM 2.5","Johnston",35.59095,-78.4622
"3941",3-03-20,27,"West Johnston Co.","PM 2.5","Johnston",35.59095,-78.4622
"3942",3-04-20,25,"West Johnston Co.","PM 2.5","Johnston",35.59095,-78.4622
"3943",3-05-20,20,"West Johnston Co.","PM 2.5","Johnston",35.59095,-78.4622
"3944",3-06-20,24,"West Johnston Co.","PM 2.5","Johnston",35.59095,-78.4622
"3945",3-07-20,20,"West Johnston Co.","PM 2.5","Johnston",35.59095,-78.4622
"3946",3-08-20,33,"West Johnston Co.","PM 2.5","Johnston",35.59095,-78.4622
"3947",3-09-20,33,"West Johnston Co.","PM 2.5","Johnston",35.59095,-78.4622
"3948",3-10-20,36,"West Johnston Co.","PM 2.5","Johnston",35.59095,-78.4622
"3949",3-11-20,17,"West Johnston Co.","PM 2.5","Johnston",35.59095,-78.4622
"3950",3-12-20,22,"West Johnston Co.","PM 2.5","Johnston",35.59095,-78.4622
"3951",NA,32,"West Johnston Co.","PM 2.5","Johnston",35.59095,-78.4622
"3952",NA,20,"West Johnston Co.","PM 2.5","Johnston",35.59095,-78.4622
"3953",NA,30,"West Johnston Co.","PM 2.5","Johnston",35.59095,-78.4622
"3954",NA,22,"West Johnston Co.","PM 2.5","Johnston",35.59095,-78.4622
"3955",NA,26,"West Johnston Co.","PM 2.5","Johnston",35.59095,-78.4622
"3956",NA,0,"West Johnston Co.","PM 2.5","Johnston",35.59095,-78.4622
"3957",NA,0,"West Johnston Co.","PM 2.5","Johnston",35.59095,-78.4622
"3958",NA,3,"West Johnston Co.","PM 2.5","Johnston",35.59095,-78.4622
"3959",NA,18,"West Johnston Co.","PM 2.5","Johnston",35.59095,-78.4622
"3960",NA,54,"West Johnston Co.","PM 2.5","Johnston",35.59095,-78.4622
"3961",NA,36,"West Johnston Co.","PM 2.5","Johnston",35.59095,-78.4622
"3962",NA,27,"West Johnston Co.","PM 2.5","Johnston",35.59095,-78.4622
"3963",NA,13,"West Johnston Co.","PM 2.5","Johnston",35.59095,-78.4622
"3964",NA,15,"West Johnston Co.","PM 2.5","Johnston",35.59095,-78.4622
"3965",NA,33,"West Johnston Co.","PM 2.5","Johnston",35.59095,-78.4622
"3966",NA,33,"West Johnston Co.","PM 2.5","Johnston",35.59095,-78.4622
"3967",NA,13,"West Johnston Co.","PM 2.5","Johnston",35.59095,-78.4622
"3968",4-01-20,13,"West Johnston Co.","PM 2.5","Johnston",35.59095,-78.4622
"3969",4-02-20,18,"West Johnston Co.","PM 2.5","Johnston",35.59095,-78.4622
"3970",4-03-20,23,"West Johnston Co.","PM 2.5","Johnston",35.59095,-78.4622
"3971",4-04-20,35,"West Johnston Co.","PM 2.5","Johnston",35.59095,-78.4622
"3972",4-05-20,30,"West Johnston Co.","PM 2.5","Johnston",35.59095,-78.4622
"3973",4-06-20,39,"West Johnston Co.","PM 2.5","Johnston",35.59095,-78.4622
"3974",4-07-20,33,"West Johnston Co.","PM 2.5","Johnston",35.59095,-78.4622
"3975",4-08-20,30,"West Johnston Co.","PM 2.5","Johnston",35.59095,-78.4622
"3976",4-09-20,26,"West Johnston Co.","PM 2.5","Johnston",35.59095,-78.4622
"3977",4-10-20,25,"West Johnston Co.","PM 2.5","Johnston",35.59095,-78.4622
"3978",4-11-20,25,"West Johnston Co.","PM 2.5","Johnston",35.59095,-78.4622
"3979",4-12-20,26,"West Johnston Co.","PM 2.5","Johnston",35.59095,-78.4622
"3980",NA,20,"West Johnston Co.","PM 2.5","Johnston",35.59095,-78.4622
"3981",NA,24,"West Johnston Co.","PM 2.5","Johnston",35.59095,-78.4622
"3982",NA,12,"West Johnston Co.","PM 2.5","Johnston",35.59095,-78.4622
"3983",NA,18,"West Johnston Co.","PM 2.5","Johnston",35.59095,-78.4622
"3984",NA,40,"West Johnston Co.","PM 2.5","Johnston",35.59095,-78.4622
"3985",NA,32,"West Johnston Co.","PM 2.5","Johnston",35.59095,-78.4622
"3986",NA,24,"West Johnston Co.","PM 2.5","Johnston",35.59095,-78.4622
"3987",NA,12,"West Johnston Co.","PM 2.5","Johnston",35.59095,-78.4622
"3988",NA,13,"West Johnston Co.","PM 2.5","Johnston",35.59095,-78.4622
"3989",NA,17,"West Johnston Co.","PM 2.5","Johnston",35.59095,-78.4622
"3990",NA,34,"West Johnston Co.","PM 2.5","Johnston",35.59095,-78.4622
"3991",NA,52,"West Johnston Co.","PM 2.5","Johnston",35.59095,-78.4622
"3992",NA,56,"West Johnston Co.","PM 2.5","Johnston",35.59095,-78.4622
"3993",NA,26,"West Johnston Co.","PM 2.5","Johnston",35.59095,-78.4622
"3994",NA,38,"West Johnston Co.","PM 2.5","Johnston",35.59095,-78.4622
"3995",NA,51,"West Johnston Co.","PM 2.5","Johnston",35.59095,-78.4622
"3996",NA,39,"West Johnston Co.","PM 2.5","Johnston",35.59095,-78.4622
"3997",NA,48,"West Johnston Co.","PM 2.5","Johnston",35.59095,-78.4622
"3998",5-01-20,31,"West Johnston Co.","PM 2.5","Johnston",35.59095,-78.4622
"3999",5-02-20,33,"West Johnston Co.","PM 2.5","Johnston",35.59095,-78.4622
"4000",5-03-20,28,"West Johnston Co.","PM 2.5","Johnston",35.59095,-78.4622
"4001",5-04-20,29,"West Johnston Co.","PM 2.5","Johnston",35.59095,-78.4622
"4002",5-05-20,18,"West Johnston Co.","PM 2.5","Johnston",35.59095,-78.4622
"4003",5-06-20,14,"West Johnston Co.","PM 2.5","Johnston",35.59095,-78.4622
"4004",5-07-20,27,"West Johnston Co.","PM 2.5","Johnston",35.59095,-78.4622
"4005",5-08-20,25,"West Johnston Co.","PM 2.5","Johnston",35.59095,-78.4622
"4006",5-09-20,30,"West Johnston Co.","PM 2.5","Johnston",35.59095,-78.4622
"4007",5-10-20,39,"West Johnston Co.","PM 2.5","Johnston",35.59095,-78.4622
"4008",5-11-20,44,"West Johnston Co.","PM 2.5","Johnston",35.59095,-78.4622
"4009",5-12-20,25,"West Johnston Co.","PM 2.5","Johnston",35.59095,-78.4622
"4010",NA,24,"West Johnston Co.","PM 2.5","Johnston",35.59095,-78.4622
"4011",NA,15,"West Johnston Co.","PM 2.5","Johnston",35.59095,-78.4622
"4012",NA,30,"West Johnston Co.","PM 2.5","Johnston",35.59095,-78.4622
"4013",NA,52,"West Johnston Co.","PM 2.5","Johnston",35.59095,-78.4622
"4014",NA,58,"West Johnston Co.","PM 2.5","Johnston",35.59095,-78.4622
"4015",NA,57,"West Johnston Co.","PM 2.5","Johnston",35.59095,-78.4622
"4016",NA,41,"West Johnston Co.","PM 2.5","Johnston",35.59095,-78.4622
"4017",NA,54,"West Johnston Co.","PM 2.5","Johnston",35.59095,-78.4622
"4018",NA,32,"West Johnston Co.","PM 2.5","Johnston",35.59095,-78.4622
"4019",NA,51,"West Johnston Co.","PM 2.5","Johnston",35.59095,-78.4622
"4020",NA,55,"West Johnston Co.","PM 2.5","Johnston",35.59095,-78.4622
"4021",NA,46,"West Johnston Co.","PM 2.5","Johnston",35.59095,-78.4622
"4022",NA,53,"West Johnston Co.","PM 2.5","Johnston",35.59095,-78.4622
"4023",NA,45,"West Johnston Co.","PM 2.5","Johnston",35.59095,-78.4622
"4024",NA,54,"West Johnston Co.","PM 2.5","Johnston",35.59095,-78.4622
"4025",NA,47,"West Johnston Co.","PM 2.5","Johnston",35.59095,-78.4622
"4026",NA,58,"West Johnston Co.","PM 2.5","Johnston",35.59095,-78.4622
"4027",NA,58,"West Johnston Co.","PM 2.5","Johnston",35.59095,-78.4622
"4028",6-01-20,35,"West Johnston Co.","PM 2.5","Johnston",35.59095,-78.4622
"4029",6-02-20,43,"West Johnston Co.","PM 2.5","Johnston",35.59095,-78.4622
"4030",6-03-20,54,"West Johnston Co.","PM 2.5","Johnston",35.59095,-78.4622
"4031",6-04-20,40,"West Johnston Co.","PM 2.5","Johnston",35.59095,-78.4622
"4032",6-05-20,53,"West Johnston Co.","PM 2.5","Johnston",35.59095,-78.4622
"4033",6-06-20,55,"West Johnston Co.","PM 2.5","Johnston",35.59095,-78.4622
"4034",6-07-20,55,"West Johnston Co.","PM 2.5","Johnston",35.59095,-78.4622
"4035",6-08-20,37,"West Johnston Co.","PM 2.5","Johnston",35.59095,-78.4622
"4036",6-09-20,24,"West Johnston Co.","PM 2.5","Johnston",35.59095,-78.4622
"4037",6-10-20,23,"West Johnston Co.","PM 2.5","Johnston",35.59095,-78.4622
"4038",6-11-20,19,"West Johnston Co.","PM 2.5","Johnston",35.59095,-78.4622
"4039",6-12-20,23,"West Johnston Co.","PM 2.5","Johnston",35.59095,-78.4622
"4040",NA,20,"West Johnston Co.","PM 2.5","Johnston",35.59095,-78.4622
"4041",NA,18,"West Johnston Co.","PM 2.5","Johnston",35.59095,-78.4622
"4042",NA,53,"West Johnston Co.","PM 2.5","Johnston",35.59095,-78.4622
"4043",NA,47,"West Johnston Co.","PM 2.5","Johnston",35.59095,-78.4622
"4044",NA,42,"West Johnston Co.","PM 2.5","Johnston",35.59095,-78.4622
"4045",NA,24,"West Johnston Co.","PM 2.5","Johnston",35.59095,-78.4622
"4046",NA,27,"West Johnston Co.","PM 2.5","Johnston",35.59095,-78.4622
"4047",NA,30,"West Johnston Co.","PM 2.5","Johnston",35.59095,-78.4622
"4048",NA,27,"West Johnston Co.","PM 2.5","Johnston",35.59095,-78.4622
"4049",NA,45,"West Johnston Co.","PM 2.5","Johnston",35.59095,-78.4622
"4050",NA,53,"West Johnston Co.","PM 2.5","Johnston",35.59095,-78.4622
"4051",NA,58,"West Johnston Co.","PM 2.5","Johnston",35.59095,-78.4622
"4052",NA,34,"West Johnston Co.","PM 2.5","Johnston",35.59095,-78.4622
"4053",NA,40,"West Johnston Co.","PM 2.5","Johnston",35.59095,-78.4622
"4054",NA,52,"West Johnston Co.","PM 2.5","Johnston",35.59095,-78.4622
"4055",NA,53,"West Johnston Co.","PM 2.5","Johnston",35.59095,-78.4622
"4056",NA,52,"West Johnston Co.","PM 2.5","Johnston",35.59095,-78.4622
"4057",NA,53,"West Johnston Co.","PM 2.5","Johnston",35.59095,-78.4622
"4058",7-01-20,43,"West Johnston Co.","PM 2.5","Johnston",35.59095,-78.4622
"4059",7-02-20,56,"West Johnston Co.","PM 2.5","Johnston",35.59095,-78.4622
"4060",7-03-20,50,"West Johnston Co.","PM 2.5","Johnston",35.59095,-78.4622
"4061",7-04-20,54,"West Johnston Co.","PM 2.5","Johnston",35.59095,-78.4622
"4062",7-05-20,41,"West Johnston Co.","PM 2.5","Johnston",35.59095,-78.4622
"4063",7-06-20,40,"West Johnston Co.","PM 2.5","Johnston",35.59095,-78.4622
"4064",7-07-20,45,"West Johnston Co.","PM 2.5","Johnston",35.59095,-78.4622
"4065",7-08-20,48,"West Johnston Co.","PM 2.5","Johnston",35.59095,-78.4622
"4066",7-09-20,32,"West Johnston Co.","PM 2.5","Johnston",35.59095,-78.4622
"4067",7-10-20,30,"West Johnston Co.","PM 2.5","Johnston",35.59095,-78.4622
"4068",7-11-20,42,"West Johnston Co.","PM 2.5","Johnston",35.59095,-78.4622
"4069",7-12-20,35,"West Johnston Co.","PM 2.5","Johnston",35.59095,-78.4622
"4070",NA,40,"West Johnston Co.","PM 2.5","Johnston",35.59095,-78.4622
"4071",NA,46,"West Johnston Co.","PM 2.5","Johnston",35.59095,-78.4622
"4072",NA,56,"West Johnston Co.","PM 2.5","Johnston",35.59095,-78.4622
"4073",NA,61,"West Johnston Co.","PM 2.5","Johnston",35.59095,-78.4622
"4074",NA,63,"West Johnston Co.","PM 2.5","Johnston",35.59095,-78.4622
"4075",NA,48,"West Johnston Co.","PM 2.5","Johnston",35.59095,-78.4622
"4076",NA,42,"West Johnston Co.","PM 2.5","Johnston",35.59095,-78.4622
"4077",NA,38,"West Johnston Co.","PM 2.5","Johnston",35.59095,-78.4622
"4078",NA,39,"West Johnston Co.","PM 2.5","Johnston",35.59095,-78.4622
"4079",NA,38,"West Johnston Co.","PM 2.5","Johnston",35.59095,-78.4622
"4080",NA,19,"West Johnston Co.","PM 2.5","Johnston",35.59095,-78.4622
"4081",NA,31,"West Johnston Co.","PM 2.5","Johnston",35.59095,-78.4622
"4082",NA,32,"West Johnston Co.","PM 2.5","Johnston",35.59095,-78.4622
"4083",NA,44,"West Johnston Co.","PM 2.5","Johnston",35.59095,-78.4622
"4084",NA,50,"West Johnston Co.","PM 2.5","Johnston",35.59095,-78.4622
"4085",NA,47,"West Johnston Co.","PM 2.5","Johnston",35.59095,-78.4622
"4086",NA,55,"West Johnston Co.","PM 2.5","Johnston",35.59095,-78.4622
"4087",NA,52,"West Johnston Co.","PM 2.5","Johnston",35.59095,-78.4622
"4088",NA,43,"West Johnston Co.","PM 2.5","Johnston",35.59095,-78.4622
"4089",8-01-20,52,"West Johnston Co.","PM 2.5","Johnston",35.59095,-78.4622
"4090",8-02-20,32,"West Johnston Co.","PM 2.5","Johnston",35.59095,-78.4622
"4091",8-03-20,33,"West Johnston Co.","PM 2.5","Johnston",35.59095,-78.4622
"4092",8-04-20,31,"West Johnston Co.","PM 2.5","Johnston",35.59095,-78.4622
"4093",8-05-20,29,"West Johnston Co.","PM 2.5","Johnston",35.59095,-78.4622
"4094",8-06-20,35,"West Johnston Co.","PM 2.5","Johnston",35.59095,-78.4622
"4095",8-07-20,51,"West Johnston Co.","PM 2.5","Johnston",35.59095,-78.4622
"4096",8-08-20,32,"West Johnston Co.","PM 2.5","Johnston",35.59095,-78.4622
"4097",8-09-20,51,"West Johnston Co.","PM 2.5","Johnston",35.59095,-78.4622
"4098",8-10-20,54,"West Johnston Co.","PM 2.5","Johnston",35.59095,-78.4622
"4099",8-11-20,47,"West Johnston Co.","PM 2.5","Johnston",35.59095,-78.4622
"4100",8-12-20,40,"West Johnston Co.","PM 2.5","Johnston",35.59095,-78.4622
"4101",NA,39,"West Johnston Co.","PM 2.5","Johnston",35.59095,-78.4622
"4102",NA,26,"West Johnston Co.","PM 2.5","Johnston",35.59095,-78.4622
"4103",NA,37,"West Johnston Co.","PM 2.5","Johnston",35.59095,-78.4622
"4104",NA,29,"West Johnston Co.","PM 2.5","Johnston",35.59095,-78.4622
"4105",NA,22,"West Johnston Co.","PM 2.5","Johnston",35.59095,-78.4622
"4106",NA,24,"West Johnston Co.","PM 2.5","Johnston",35.59095,-78.4622
"4107",NA,43,"West Johnston Co.","PM 2.5","Johnston",35.59095,-78.4622
"4108",NA,39,"West Johnston Co.","PM 2.5","Johnston",35.59095,-78.4622
"4109",NA,38,"West Johnston Co.","PM 2.5","Johnston",35.59095,-78.4622
"4110",NA,39,"West Johnston Co.","PM 2.5","Johnston",35.59095,-78.4622
"4111",NA,33,"West Johnston Co.","PM 2.5","Johnston",35.59095,-78.4622
"4112",NA,23,"West Johnston Co.","PM 2.5","Johnston",35.59095,-78.4622
"4113",NA,22,"West Johnston Co.","PM 2.5","Johnston",35.59095,-78.4622
"4114",NA,17,"West Johnston Co.","PM 2.5","Johnston",35.59095,-78.4622
"4115",NA,23,"West Johnston Co.","PM 2.5","Johnston",35.59095,-78.4622
"4116",NA,25,"West Johnston Co.","PM 2.5","Johnston",35.59095,-78.4622
"4117",NA,28,"West Johnston Co.","PM 2.5","Johnston",35.59095,-78.4622
"4118",NA,38,"West Johnston Co.","PM 2.5","Johnston",35.59095,-78.4622
"4119",NA,42,"West Johnston Co.","PM 2.5","Johnston",35.59095,-78.4622
"4120",9-01-20,31,"West Johnston Co.","PM 2.5","Johnston",35.59095,-78.4622
"4121",9-02-20,25,"West Johnston Co.","PM 2.5","Johnston",35.59095,-78.4622
"4122",9-03-20,28,"West Johnston Co.","PM 2.5","Johnston",35.59095,-78.4622
"4123",9-07-20,49,"West Johnston Co.","PM 2.5","Johnston",35.59095,-78.4622
"4124",9-08-20,66,"West Johnston Co.","PM 2.5","Johnston",35.59095,-78.4622
"4125",9-09-20,57,"West Johnston Co.","PM 2.5","Johnston",35.59095,-78.4622
"4126",9-10-20,40,"West Johnston Co.","PM 2.5","Johnston",35.59095,-78.4622
"4127",9-11-20,42,"West Johnston Co.","PM 2.5","Johnston",35.59095,-78.4622
"4128",9-12-20,58,"West Johnston Co.","PM 2.5","Johnston",35.59095,-78.4622
"4129",NA,48,"West Johnston Co.","PM 2.5","Johnston",35.59095,-78.4622
"4130",NA,28,"West Johnston Co.","PM 2.5","Johnston",35.59095,-78.4622
"4131",NA,27,"West Johnston Co.","PM 2.5","Johnston",35.59095,-78.4622
"4132",NA,33,"West Johnston Co.","PM 2.5","Johnston",35.59095,-78.4622
"4133",NA,34,"West Johnston Co.","PM 2.5","Johnston",35.59095,-78.4622
"4134",NA,16,"West Johnston Co.","PM 2.5","Johnston",35.59095,-78.4622
"4135",NA,19,"West Johnston Co.","PM 2.5","Johnston",35.59095,-78.4622
"4136",NA,24,"West Johnston Co.","PM 2.5","Johnston",35.59095,-78.4622
"4137",NA,45,"West Johnston Co.","PM 2.5","Johnston",35.59095,-78.4622
"4138",NA,43,"West Johnston Co.","PM 2.5","Johnston",35.59095,-78.4622
"4139",NA,35,"West Johnston Co.","PM 2.5","Johnston",35.59095,-78.4622
"4140",NA,33,"West Johnston Co.","PM 2.5","Johnston",35.59095,-78.4622
"4141",NA,41,"West Johnston Co.","PM 2.5","Johnston",35.59095,-78.4622
"4142",NA,58,"West Johnston Co.","PM 2.5","Johnston",35.59095,-78.4622
"4143",NA,55,"West Johnston Co.","PM 2.5","Johnston",35.59095,-78.4622
"4144",NA,42,"West Johnston Co.","PM 2.5","Johnston",35.59095,-78.4622
"4145",NA,54,"West Johnston Co.","PM 2.5","Johnston",35.59095,-78.4622
"4146",NA,45,"West Johnston Co.","PM 2.5","Johnston",35.59095,-78.4622
"4147",10-01-20,34,"West Johnston Co.","PM 2.5","Johnston",35.59095,-78.4622
"4148",10-02-20,61,"West Johnston Co.","PM 2.5","Johnston",35.59095,-78.4622
"4149",10-03-20,60,"West Johnston Co.","PM 2.5","Johnston",35.59095,-78.4622
"4150",10-04-20,56,"West Johnston Co.","PM 2.5","Johnston",35.59095,-78.4622
"4151",10-05-20,19,"West Johnston Co.","PM 2.5","Johnston",35.59095,-78.4622
"4152",10-06-20,20,"West Johnston Co.","PM 2.5","Johnston",35.59095,-78.4622
"4153",10-07-20,22,"West Johnston Co.","PM 2.5","Johnston",35.59095,-78.4622
"4154",10-08-20,16,"West Johnston Co.","PM 2.5","Johnston",35.59095,-78.4622
"4155",10-09-20,13,"West Johnston Co.","PM 2.5","Johnston",35.59095,-78.4622
"4156",10-10-20,19,"West Johnston Co.","PM 2.5","Johnston",35.59095,-78.4622
"4157",10-11-20,26,"West Johnston Co.","PM 2.5","Johnston",35.59095,-78.4622
"4158",10-12-20,38,"West Johnston Co.","PM 2.5","Johnston",35.59095,-78.4622
"4159",NA,35,"West Johnston Co.","PM 2.5","Johnston",35.59095,-78.4622
"4160",NA,32,"West Johnston Co.","PM 2.5","Johnston",35.59095,-78.4622
"4161",NA,35,"West Johnston Co.","PM 2.5","Johnston",35.59095,-78.4622
"4162",NA,33,"West Johnston Co.","PM 2.5","Johnston",35.59095,-78.4622
"4163",NA,10,"West Johnston Co.","PM 2.5","Johnston",35.59095,-78.4622
"4164",NA,23,"West Johnston Co.","PM 2.5","Johnston",35.59095,-78.4622
"4165",NA,40,"West Johnston Co.","PM 2.5","Johnston",35.59095,-78.4622
"4166",NA,7,"West Johnston Co.","PM 2.5","Johnston",35.59095,-78.4622
"4167",NA,14,"West Johnston Co.","PM 2.5","Johnston",35.59095,-78.4622
"4168",NA,24,"West Johnston Co.","PM 2.5","Johnston",35.59095,-78.4622
"4169",NA,16,"West Johnston Co.","PM 2.5","Johnston",35.59095,-78.4622
"4170",NA,33,"West Johnston Co.","PM 2.5","Johnston",35.59095,-78.4622
"4171",NA,29,"West Johnston Co.","PM 2.5","Johnston",35.59095,-78.4622
"4172",NA,29,"West Johnston Co.","PM 2.5","Johnston",35.59095,-78.4622
"4173",NA,21,"West Johnston Co.","PM 2.5","Johnston",35.59095,-78.4622
"4174",NA,22,"West Johnston Co.","PM 2.5","Johnston",35.59095,-78.4622
"4175",NA,24,"West Johnston Co.","PM 2.5","Johnston",35.59095,-78.4622
"4176",NA,30,"West Johnston Co.","PM 2.5","Johnston",35.59095,-78.4622
"4177",NA,17,"West Johnston Co.","PM 2.5","Johnston",35.59095,-78.4622
"4178",11-01-20,13,"West Johnston Co.","PM 2.5","Johnston",35.59095,-78.4622
"4179",11-02-20,35,"West Johnston Co.","PM 2.5","Johnston",35.59095,-78.4622
"4180",11-03-20,27,"West Johnston Co.","PM 2.5","Johnston",35.59095,-78.4622
"4181",11-04-20,30,"West Johnston Co.","PM 2.5","Johnston",35.59095,-78.4622
"4182",11-05-20,35,"West Johnston Co.","PM 2.5","Johnston",35.59095,-78.4622
"4183",11-06-20,38,"West Johnston Co.","PM 2.5","Johnston",35.59095,-78.4622
"4184",11-07-20,37,"West Johnston Co.","PM 2.5","Johnston",35.59095,-78.4622
"4185",11-08-20,18,"West Johnston Co.","PM 2.5","Johnston",35.59095,-78.4622
"4186",11-09-20,29,"West Johnston Co.","PM 2.5","Johnston",35.59095,-78.4622
"4187",11-10-20,48,"West Johnston Co.","PM 2.5","Johnston",35.59095,-78.4622
"4188",11-11-20,42,"West Johnston Co.","PM 2.5","Johnston",35.59095,-78.4622
"4189",11-12-20,23,"West Johnston Co.","PM 2.5","Johnston",35.59095,-78.4622
"4190",NA,15,"West Johnston Co.","PM 2.5","Johnston",35.59095,-78.4622
"4191",NA,32,"West Johnston Co.","PM 2.5","Johnston",35.59095,-78.4622
"4192",NA,25,"West Johnston Co.","PM 2.5","Johnston",35.59095,-78.4622
"4193",NA,31,"West Johnston Co.","PM 2.5","Johnston",35.59095,-78.4622
"4194",NA,17,"West Johnston Co.","PM 2.5","Johnston",35.59095,-78.4622
"4195",NA,22,"West Johnston Co.","PM 2.5","Johnston",35.59095,-78.4622
"4196",NA,32,"West Johnston Co.","PM 2.5","Johnston",35.59095,-78.4622
"4197",NA,45,"West Johnston Co.","PM 2.5","Johnston",35.59095,-78.4622
"4198",NA,40,"West Johnston Co.","PM 2.5","Johnston",35.59095,-78.4622
"4199",NA,37,"West Johnston Co.","PM 2.5","Johnston",35.59095,-78.4622
"4200",NA,13,"West Johnston Co.","PM 2.5","Johnston",35.59095,-78.4622
"4201",NA,30,"West Johnston Co.","PM 2.5","Johnston",35.59095,-78.4622
"4202",NA,45,"West Johnston Co.","PM 2.5","Johnston",35.59095,-78.4622
"4203",NA,48,"West Johnston Co.","PM 2.5","Johnston",35.59095,-78.4622
"4204",NA,10,"West Johnston Co.","PM 2.5","Johnston",35.59095,-78.4622
"4205",NA,29,"West Johnston Co.","PM 2.5","Johnston",35.59095,-78.4622
"4206",NA,52,"West Johnston Co.","PM 2.5","Johnston",35.59095,-78.4622
"4207",12-01-20,26,"West Johnston Co.","PM 2.5","Johnston",35.59095,-78.4622
"4208",12-02-20,9,"West Johnston Co.","PM 2.5","Johnston",35.59095,-78.4622
"4209",12-03-20,17,"West Johnston Co.","PM 2.5","Johnston",35.59095,-78.4622
"4210",12-04-20,28,"West Johnston Co.","PM 2.5","Johnston",35.59095,-78.4622
"4211",12-05-20,26,"West Johnston Co.","PM 2.5","Johnston",35.59095,-78.4622
"4212",12-06-20,48,"West Johnston Co.","PM 2.5","Johnston",35.59095,-78.4622
"4213",12-07-20,46,"West Johnston Co.","PM 2.5","Johnston",35.59095,-78.4622
"4214",12-08-20,21,"West Johnston Co.","PM 2.5","Johnston",35.59095,-78.4622
"4215",12-09-20,21,"West Johnston Co.","PM 2.5","Johnston",35.59095,-78.4622
"4216",12-10-20,46,"West Johnston Co.","PM 2.5","Johnston",35.59095,-78.4622
"4217",12-11-20,11,"West Johnston Co.","PM 2.5","Johnston",35.59095,-78.4622
"4218",12-12-20,27,"West Johnston Co.","PM 2.5","Johnston",35.59095,-78.4622
"4219",NA,20,"West Johnston Co.","PM 2.5","Johnston",35.59095,-78.4622
"4220",NA,7,"West Johnston Co.","PM 2.5","Johnston",35.59095,-78.4622
"4221",NA,22,"West Johnston Co.","PM 2.5","Johnston",35.59095,-78.4622
"4222",NA,46,"West Johnston Co.","PM 2.5","Johnston",35.59095,-78.4622
"4223",NA,37,"West Johnston Co.","PM 2.5","Johnston",35.59095,-78.4622
"4224",NA,10,"West Johnston Co.","PM 2.5","Johnston",35.59095,-78.4622
"4225",NA,27,"West Johnston Co.","PM 2.5","Johnston",35.59095,-78.4622
"4226",NA,41,"West Johnston Co.","PM 2.5","Johnston",35.59095,-78.4622
"4227",NA,54,"West Johnston Co.","PM 2.5","Johnston",35.59095,-78.4622
"4228",NA,62,"West Johnston Co.","PM 2.5","Johnston",35.59095,-78.4622
"4229",NA,38,"West Johnston Co.","PM 2.5","Johnston",35.59095,-78.4622
"4230",NA,24,"West Johnston Co.","PM 2.5","Johnston",35.59095,-78.4622
"4231",NA,48,"West Johnston Co.","PM 2.5","Johnston",35.59095,-78.4622
"4232",NA,56,"West Johnston Co.","PM 2.5","Johnston",35.59095,-78.4622
"4233",NA,52,"West Johnston Co.","PM 2.5","Johnston",35.59095,-78.4622
"4234",NA,51,"West Johnston Co.","PM 2.5","Johnston",35.59095,-78.4622
"4235",NA,29,"West Johnston Co.","PM 2.5","Johnston",35.59095,-78.4622
"4236",NA,14,"West Johnston Co.","PM 2.5","Johnston",35.59095,-78.4622
"4237",NA,38,"West Johnston Co.","PM 2.5","Johnston",35.59095,-78.4622
"4238",1-03-20,23,"Garinger High School","PM 2.5","Mecklenburg",35.2401000008895,-80.785683
"4239",1-06-20,29,"Garinger High School","PM 2.5","Mecklenburg",35.2401000008895,-80.785683
"4240",1-09-20,11,"Garinger High School","PM 2.5","Mecklenburg",35.2401000008895,-80.785683
"4241",1-12-20,45,"Garinger High School","PM 2.5","Mecklenburg",35.2401000008895,-80.785683
"4242",NA,29,"Garinger High School","PM 2.5","Mecklenburg",35.2401000008895,-80.785683
"4243",NA,58,"Garinger High School","PM 2.5","Mecklenburg",35.2401000008895,-80.785683
"4244",NA,20,"Garinger High School","PM 2.5","Mecklenburg",35.2401000008895,-80.785683
"4245",NA,10,"Garinger High School","PM 2.5","Mecklenburg",35.2401000008895,-80.785683
"4246",NA,43,"Garinger High School","PM 2.5","Mecklenburg",35.2401000008895,-80.785683
"4247",NA,34,"Garinger High School","PM 2.5","Mecklenburg",35.2401000008895,-80.785683
"4248",NA,18,"Garinger High School","PM 2.5","Mecklenburg",35.2401000008895,-80.785683
"4249",2-02-20,52,"Garinger High School","PM 2.5","Mecklenburg",35.2401000008895,-80.785683
"4250",2-05-20,39,"Garinger High School","PM 2.5","Mecklenburg",35.2401000008895,-80.785683
"4251",2-08-20,35,"Garinger High School","PM 2.5","Mecklenburg",35.2401000008895,-80.785683
"4252",2-11-20,37,"Garinger High School","PM 2.5","Mecklenburg",35.2401000008895,-80.785683
"4253",NA,23,"Garinger High School","PM 2.5","Mecklenburg",35.2401000008895,-80.785683
"4254",NA,32,"Garinger High School","PM 2.5","Mecklenburg",35.2401000008895,-80.785683
"4255",NA,13,"Garinger High School","PM 2.5","Mecklenburg",35.2401000008895,-80.785683
"4256",NA,1,"Garinger High School","PM 2.5","Mecklenburg",35.2401000008895,-80.785683
"4257",NA,35,"Garinger High School","PM 2.5","Mecklenburg",35.2401000008895,-80.785683
"4258",3-01-20,26,"Garinger High School","PM 2.5","Mecklenburg",35.2401000008895,-80.785683
"4259",3-04-20,22,"Garinger High School","PM 2.5","Mecklenburg",35.2401000008895,-80.785683
"4260",3-07-20,27,"Garinger High School","PM 2.5","Mecklenburg",35.2401000008895,-80.785683
"4261",3-10-20,36,"Garinger High School","PM 2.5","Mecklenburg",35.2401000008895,-80.785683
"4262",NA,35,"Garinger High School","PM 2.5","Mecklenburg",35.2401000008895,-80.785683
"4263",NA,21,"Garinger High School","PM 2.5","Mecklenburg",35.2401000008895,-80.785683
"4264",NA,25,"Garinger High School","PM 2.5","Mecklenburg",35.2401000008895,-80.785683
"4265",NA,18,"Garinger High School","PM 2.5","Mecklenburg",35.2401000008895,-80.785683
"4266",4-06-20,24,"Garinger High School","PM 2.5","Mecklenburg",35.2401000008895,-80.785683
"4267",4-09-20,26,"Garinger High School","PM 2.5","Mecklenburg",35.2401000008895,-80.785683
"4268",4-12-20,25,"Garinger High School","PM 2.5","Mecklenburg",35.2401000008895,-80.785683
"4269",NA,13,"Garinger High School","PM 2.5","Mecklenburg",35.2401000008895,-80.785683
"4270",NA,30,"Garinger High School","PM 2.5","Mecklenburg",35.2401000008895,-80.785683
"4271",NA,36,"Garinger High School","PM 2.5","Mecklenburg",35.2401000008895,-80.785683
"4272",NA,27,"Garinger High School","PM 2.5","Mecklenburg",35.2401000008895,-80.785683
"4273",NA,38,"Garinger High School","PM 2.5","Mecklenburg",35.2401000008895,-80.785683
"4274",NA,44,"Garinger High School","PM 2.5","Mecklenburg",35.2401000008895,-80.785683
"4275",5-03-20,22,"Garinger High School","PM 2.5","Mecklenburg",35.2401000008895,-80.785683
"4276",5-06-20,19,"Garinger High School","PM 2.5","Mecklenburg",35.2401000008895,-80.785683
"4277",5-09-20,18,"Garinger High School","PM 2.5","Mecklenburg",35.2401000008895,-80.785683
"4278",5-12-20,19,"Garinger High School","PM 2.5","Mecklenburg",35.2401000008895,-80.785683
"4279",NA,26,"Garinger High School","PM 2.5","Mecklenburg",35.2401000008895,-80.785683
"4280",NA,46,"Garinger High School","PM 2.5","Mecklenburg",35.2401000008895,-80.785683
"4281",NA,33,"Garinger High School","PM 2.5","Mecklenburg",35.2401000008895,-80.785683
"4282",NA,52,"Garinger High School","PM 2.5","Mecklenburg",35.2401000008895,-80.785683
"4283",NA,54,"Garinger High School","PM 2.5","Mecklenburg",35.2401000008895,-80.785683
"4284",NA,55,"Garinger High School","PM 2.5","Mecklenburg",35.2401000008895,-80.785683
"4285",6-02-20,53,"Garinger High School","PM 2.5","Mecklenburg",35.2401000008895,-80.785683
"4286",6-05-20,55,"Garinger High School","PM 2.5","Mecklenburg",35.2401000008895,-80.785683
"4287",6-08-20,20,"Garinger High School","PM 2.5","Mecklenburg",35.2401000008895,-80.785683
"4288",6-11-20,22,"Garinger High School","PM 2.5","Mecklenburg",35.2401000008895,-80.785683
"4289",NA,22,"Garinger High School","PM 2.5","Mecklenburg",35.2401000008895,-80.785683
"4290",NA,37,"Garinger High School","PM 2.5","Mecklenburg",35.2401000008895,-80.785683
"4291",NA,32,"Garinger High School","PM 2.5","Mecklenburg",35.2401000008895,-80.785683
"4292",NA,41,"Garinger High School","PM 2.5","Mecklenburg",35.2401000008895,-80.785683
"4293",NA,27,"Garinger High School","PM 2.5","Mecklenburg",35.2401000008895,-80.785683
"4294",NA,48,"Garinger High School","PM 2.5","Mecklenburg",35.2401000008895,-80.785683
"4295",7-02-20,51,"Garinger High School","PM 2.5","Mecklenburg",35.2401000008895,-80.785683
"4296",7-05-20,51,"Garinger High School","PM 2.5","Mecklenburg",35.2401000008895,-80.785683
"4297",7-08-20,52,"Garinger High School","PM 2.5","Mecklenburg",35.2401000008895,-80.785683
"4298",7-11-20,30,"Garinger High School","PM 2.5","Mecklenburg",35.2401000008895,-80.785683
"4299",NA,26,"Garinger High School","PM 2.5","Mecklenburg",35.2401000008895,-80.785683
"4300",NA,53,"Garinger High School","PM 2.5","Mecklenburg",35.2401000008895,-80.785683
"4301",NA,26,"Garinger High School","PM 2.5","Mecklenburg",35.2401000008895,-80.785683
"4302",NA,26,"Garinger High School","PM 2.5","Mecklenburg",35.2401000008895,-80.785683
"4303",NA,44,"Garinger High School","PM 2.5","Mecklenburg",35.2401000008895,-80.785683
"4304",NA,49,"Garinger High School","PM 2.5","Mecklenburg",35.2401000008895,-80.785683
"4305",8-01-20,40,"Garinger High School","PM 2.5","Mecklenburg",35.2401000008895,-80.785683
"4306",8-04-20,39,"Garinger High School","PM 2.5","Mecklenburg",35.2401000008895,-80.785683
"4307",8-07-20,40,"Garinger High School","PM 2.5","Mecklenburg",35.2401000008895,-80.785683
"4308",8-10-20,51,"Garinger High School","PM 2.5","Mecklenburg",35.2401000008895,-80.785683
"4309",NA,42,"Garinger High School","PM 2.5","Mecklenburg",35.2401000008895,-80.785683
"4310",NA,40,"Garinger High School","PM 2.5","Mecklenburg",35.2401000008895,-80.785683
"4311",NA,38,"Garinger High School","PM 2.5","Mecklenburg",35.2401000008895,-80.785683
"4312",NA,38,"Garinger High School","PM 2.5","Mecklenburg",35.2401000008895,-80.785683
"4313",NA,22,"Garinger High School","PM 2.5","Mecklenburg",35.2401000008895,-80.785683
"4314",NA,28,"Garinger High School","PM 2.5","Mecklenburg",35.2401000008895,-80.785683
"4315",NA,48,"Garinger High School","PM 2.5","Mecklenburg",35.2401000008895,-80.785683
"4316",9-03-20,40,"Garinger High School","PM 2.5","Mecklenburg",35.2401000008895,-80.785683
"4317",9-06-20,38,"Garinger High School","PM 2.5","Mecklenburg",35.2401000008895,-80.785683
"4318",9-09-20,59,"Garinger High School","PM 2.5","Mecklenburg",35.2401000008895,-80.785683
"4319",9-12-20,58,"Garinger High School","PM 2.5","Mecklenburg",35.2401000008895,-80.785683
"4320",NA,45,"Garinger High School","PM 2.5","Mecklenburg",35.2401000008895,-80.785683
"4321",NA,25,"Garinger High School","PM 2.5","Mecklenburg",35.2401000008895,-80.785683
"4322",NA,55,"Garinger High School","PM 2.5","Mecklenburg",35.2401000008895,-80.785683
"4323",NA,34,"Garinger High School","PM 2.5","Mecklenburg",35.2401000008895,-80.785683
"4324",NA,48,"Garinger High School","PM 2.5","Mecklenburg",35.2401000008895,-80.785683
"4325",NA,64,"Garinger High School","PM 2.5","Mecklenburg",35.2401000008895,-80.785683
"4326",1-01-20,22,"Garinger High School","PM 2.5","Mecklenburg",35.2401000008895,-80.785683
"4327",1-02-20,28,"Garinger High School","PM 2.5","Mecklenburg",35.2401000008895,-80.785683
"4328",1-03-20,25,"Garinger High School","PM 2.5","Mecklenburg",35.2401000008895,-80.785683
"4329",1-04-20,8,"Garinger High School","PM 2.5","Mecklenburg",35.2401000008895,-80.785683
"4330",1-05-20,8,"Garinger High School","PM 2.5","Mecklenburg",35.2401000008895,-80.785683
"4331",1-06-20,30,"Garinger High School","PM 2.5","Mecklenburg",35.2401000008895,-80.785683
"4332",1-07-20,35,"Garinger High School","PM 2.5","Mecklenburg",35.2401000008895,-80.785683
"4333",1-08-20,31,"Garinger High School","PM 2.5","Mecklenburg",35.2401000008895,-80.785683
"4334",1-09-20,6,"Garinger High School","PM 2.5","Mecklenburg",35.2401000008895,-80.785683
"4335",1-10-20,17,"Garinger High School","PM 2.5","Mecklenburg",35.2401000008895,-80.785683
"4336",1-11-20,31,"Garinger High School","PM 2.5","Mecklenburg",35.2401000008895,-80.785683
"4337",1-12-20,41,"Garinger High School","PM 2.5","Mecklenburg",35.2401000008895,-80.785683
"4338",NA,15,"Garinger High School","PM 2.5","Mecklenburg",35.2401000008895,-80.785683
"4339",NA,24,"Garinger High School","PM 2.5","Mecklenburg",35.2401000008895,-80.785683
"4340",NA,30,"Garinger High School","PM 2.5","Mecklenburg",35.2401000008895,-80.785683
"4341",NA,38,"Garinger High School","PM 2.5","Mecklenburg",35.2401000008895,-80.785683
"4342",NA,35,"Garinger High School","PM 2.5","Mecklenburg",35.2401000008895,-80.785683
"4343",NA,56,"Garinger High School","PM 2.5","Mecklenburg",35.2401000008895,-80.785683
"4344",NA,54,"Garinger High School","PM 2.5","Mecklenburg",35.2401000008895,-80.785683
"4345",NA,17,"Garinger High School","PM 2.5","Mecklenburg",35.2401000008895,-80.785683
"4346",NA,23,"Garinger High School","PM 2.5","Mecklenburg",35.2401000008895,-80.785683
"4347",NA,27,"Garinger High School","PM 2.5","Mecklenburg",35.2401000008895,-80.785683
"4348",NA,22,"Garinger High School","PM 2.5","Mecklenburg",35.2401000008895,-80.785683
"4349",NA,5,"Garinger High School","PM 2.5","Mecklenburg",35.2401000008895,-80.785683
"4350",NA,30,"Garinger High School","PM 2.5","Mecklenburg",35.2401000008895,-80.785683
"4351",NA,40,"Garinger High School","PM 2.5","Mecklenburg",35.2401000008895,-80.785683
"4352",NA,45,"Garinger High School","PM 2.5","Mecklenburg",35.2401000008895,-80.785683
"4353",NA,38,"Garinger High School","PM 2.5","Mecklenburg",35.2401000008895,-80.785683
"4354",NA,32,"Garinger High School","PM 2.5","Mecklenburg",35.2401000008895,-80.785683
"4355",NA,19,"Garinger High School","PM 2.5","Mecklenburg",35.2401000008895,-80.785683
"4356",NA,32,"Garinger High School","PM 2.5","Mecklenburg",35.2401000008895,-80.785683
"4357",2-01-20,36,"Garinger High School","PM 2.5","Mecklenburg",35.2401000008895,-80.785683
"4358",2-02-20,52,"Garinger High School","PM 2.5","Mecklenburg",35.2401000008895,-80.785683
"4359",2-03-20,58,"Garinger High School","PM 2.5","Mecklenburg",35.2401000008895,-80.785683
"4360",2-04-20,66,"Garinger High School","PM 2.5","Mecklenburg",35.2401000008895,-80.785683
"4361",2-05-20,43,"Garinger High School","PM 2.5","Mecklenburg",35.2401000008895,-80.785683
"4362",2-06-20,43,"Garinger High School","PM 2.5","Mecklenburg",35.2401000008895,-80.785683
"4363",2-07-20,31,"Garinger High School","PM 2.5","Mecklenburg",35.2401000008895,-80.785683
"4364",2-08-20,36,"Garinger High School","PM 2.5","Mecklenburg",35.2401000008895,-80.785683
"4365",2-09-20,14,"Garinger High School","PM 2.5","Mecklenburg",35.2401000008895,-80.785683
"4366",2-10-20,38,"Garinger High School","PM 2.5","Mecklenburg",35.2401000008895,-80.785683
"4367",2-11-20,37,"Garinger High School","PM 2.5","Mecklenburg",35.2401000008895,-80.785683
"4368",2-12-20,9,"Garinger High School","PM 2.5","Mecklenburg",35.2401000008895,-80.785683
"4369",NA,10,"Garinger High School","PM 2.5","Mecklenburg",35.2401000008895,-80.785683
"4370",NA,22,"Garinger High School","PM 2.5","Mecklenburg",35.2401000008895,-80.785683
"4371",NA,39,"Garinger High School","PM 2.5","Mecklenburg",35.2401000008895,-80.785683
"4372",NA,14,"Garinger High School","PM 2.5","Mecklenburg",35.2401000008895,-80.785683
"4373",NA,30,"Garinger High School","PM 2.5","Mecklenburg",35.2401000008895,-80.785683
"4374",NA,13,"Garinger High School","PM 2.5","Mecklenburg",35.2401000008895,-80.785683
"4375",NA,25,"Garinger High School","PM 2.5","Mecklenburg",35.2401000008895,-80.785683
"4376",NA,13,"Garinger High School","PM 2.5","Mecklenburg",35.2401000008895,-80.785683
"4377",NA,23,"Garinger High School","PM 2.5","Mecklenburg",35.2401000008895,-80.785683
"4378",NA,12,"Garinger High School","PM 2.5","Mecklenburg",35.2401000008895,-80.785683
"4379",NA,9,"Garinger High School","PM 2.5","Mecklenburg",35.2401000008895,-80.785683
"4380",NA,9,"Garinger High School","PM 2.5","Mecklenburg",35.2401000008895,-80.785683
"4381",NA,10,"Garinger High School","PM 2.5","Mecklenburg",35.2401000008895,-80.785683
"4382",NA,29,"Garinger High School","PM 2.5","Mecklenburg",35.2401000008895,-80.785683
"4383",NA,55,"Garinger High School","PM 2.5","Mecklenburg",35.2401000008895,-80.785683
"4384",NA,52,"Garinger High School","PM 2.5","Mecklenburg",35.2401000008895,-80.785683
"4385",3-01-20,27,"Garinger High School","PM 2.5","Mecklenburg",35.2401000008895,-80.785683
"4386",3-02-20,22,"Garinger High School","PM 2.5","Mecklenburg",35.2401000008895,-80.785683
"4387",3-03-20,27,"Garinger High School","PM 2.5","Mecklenburg",35.2401000008895,-80.785683
"4388",3-04-20,22,"Garinger High School","PM 2.5","Mecklenburg",35.2401000008895,-80.785683
"4389",3-05-20,21,"Garinger High School","PM 2.5","Mecklenburg",35.2401000008895,-80.785683
"4390",3-06-20,23,"Garinger High School","PM 2.5","Mecklenburg",35.2401000008895,-80.785683
"4391",3-07-20,30,"Garinger High School","PM 2.5","Mecklenburg",35.2401000008895,-80.785683
"4392",3-08-20,52,"Garinger High School","PM 2.5","Mecklenburg",35.2401000008895,-80.785683
"4393",3-09-20,54,"Garinger High School","PM 2.5","Mecklenburg",35.2401000008895,-80.785683
"4394",3-10-20,38,"Garinger High School","PM 2.5","Mecklenburg",35.2401000008895,-80.785683
"4395",3-11-20,25,"Garinger High School","PM 2.5","Mecklenburg",35.2401000008895,-80.785683
"4396",3-12-20,18,"Garinger High School","PM 2.5","Mecklenburg",35.2401000008895,-80.785683
"4397",NA,35,"Garinger High School","PM 2.5","Mecklenburg",35.2401000008895,-80.785683
"4398",NA,33,"Garinger High School","PM 2.5","Mecklenburg",35.2401000008895,-80.785683
"4399",NA,27,"Garinger High School","PM 2.5","Mecklenburg",35.2401000008895,-80.785683
"4400",NA,21,"Garinger High School","PM 2.5","Mecklenburg",35.2401000008895,-80.785683
"4401",NA,20,"Garinger High School","PM 2.5","Mecklenburg",35.2401000008895,-80.785683
"4402",NA,27,"Garinger High School","PM 2.5","Mecklenburg",35.2401000008895,-80.785683
"4403",NA,28,"Garinger High School","PM 2.5","Mecklenburg",35.2401000008895,-80.785683
"4404",NA,31,"Garinger High School","PM 2.5","Mecklenburg",35.2401000008895,-80.785683
"4405",NA,32,"Garinger High School","PM 2.5","Mecklenburg",35.2401000008895,-80.785683
"4406",NA,18,"Garinger High School","PM 2.5","Mecklenburg",35.2401000008895,-80.785683
"4407",NA,23,"Garinger High School","PM 2.5","Mecklenburg",35.2401000008895,-80.785683
"4408",NA,41,"Garinger High School","PM 2.5","Mecklenburg",35.2401000008895,-80.785683
"4409",NA,51,"Garinger High School","PM 2.5","Mecklenburg",35.2401000008895,-80.785683
"4410",NA,40,"Garinger High School","PM 2.5","Mecklenburg",35.2401000008895,-80.785683
"4411",NA,21,"Garinger High School","PM 2.5","Mecklenburg",35.2401000008895,-80.785683
"4412",NA,34,"Garinger High School","PM 2.5","Mecklenburg",35.2401000008895,-80.785683
"4413",NA,45,"Garinger High School","PM 2.5","Mecklenburg",35.2401000008895,-80.785683
"4414",NA,55,"Garinger High School","PM 2.5","Mecklenburg",35.2401000008895,-80.785683
"4415",NA,21,"Garinger High School","PM 2.5","Mecklenburg",35.2401000008895,-80.785683
"4416",4-01-20,19,"Garinger High School","PM 2.5","Mecklenburg",35.2401000008895,-80.785683
"4417",4-02-20,27,"Garinger High School","PM 2.5","Mecklenburg",35.2401000008895,-80.785683
"4418",4-03-20,32,"Garinger High School","PM 2.5","Mecklenburg",35.2401000008895,-80.785683
"4419",4-04-20,35,"Garinger High School","PM 2.5","Mecklenburg",35.2401000008895,-80.785683
"4420",4-05-20,21,"Garinger High School","PM 2.5","Mecklenburg",35.2401000008895,-80.785683
"4421",4-06-20,29,"Garinger High School","PM 2.5","Mecklenburg",35.2401000008895,-80.785683
"4422",4-07-20,48,"Garinger High School","PM 2.5","Mecklenburg",35.2401000008895,-80.785683
"4423",4-08-20,32,"Garinger High School","PM 2.5","Mecklenburg",35.2401000008895,-80.785683
"4424",4-09-20,30,"Garinger High School","PM 2.5","Mecklenburg",35.2401000008895,-80.785683
"4425",4-10-20,24,"Garinger High School","PM 2.5","Mecklenburg",35.2401000008895,-80.785683
"4426",4-11-20,31,"Garinger High School","PM 2.5","Mecklenburg",35.2401000008895,-80.785683
"4427",4-12-20,25,"Garinger High School","PM 2.5","Mecklenburg",35.2401000008895,-80.785683
"4428",NA,23,"Garinger High School","PM 2.5","Mecklenburg",35.2401000008895,-80.785683
"4429",NA,25,"Garinger High School","PM 2.5","Mecklenburg",35.2401000008895,-80.785683
"4430",NA,12,"Garinger High School","PM 2.5","Mecklenburg",35.2401000008895,-80.785683
"4431",NA,19,"Garinger High School","PM 2.5","Mecklenburg",35.2401000008895,-80.785683
"4432",NA,43,"Garinger High School","PM 2.5","Mecklenburg",35.2401000008895,-80.785683
"4433",NA,34,"Garinger High School","PM 2.5","Mecklenburg",35.2401000008895,-80.785683
"4434",NA,28,"Garinger High School","PM 2.5","Mecklenburg",35.2401000008895,-80.785683
"4435",NA,14,"Garinger High School","PM 2.5","Mecklenburg",35.2401000008895,-80.785683
"4436",NA,23,"Garinger High School","PM 2.5","Mecklenburg",35.2401000008895,-80.785683
"4437",NA,22,"Garinger High School","PM 2.5","Mecklenburg",35.2401000008895,-80.785683
"4438",NA,31,"Garinger High School","PM 2.5","Mecklenburg",35.2401000008895,-80.785683
"4439",NA,42,"Garinger High School","PM 2.5","Mecklenburg",35.2401000008895,-80.785683
"4440",NA,53,"Garinger High School","PM 2.5","Mecklenburg",35.2401000008895,-80.785683
"4441",NA,43,"Garinger High School","PM 2.5","Mecklenburg",35.2401000008895,-80.785683
"4442",NA,30,"Garinger High School","PM 2.5","Mecklenburg",35.2401000008895,-80.785683
"4443",NA,42,"Garinger High School","PM 2.5","Mecklenburg",35.2401000008895,-80.785683
"4444",NA,47,"Garinger High School","PM 2.5","Mecklenburg",35.2401000008895,-80.785683
"4445",NA,52,"Garinger High School","PM 2.5","Mecklenburg",35.2401000008895,-80.785683
"4446",5-01-20,38,"Garinger High School","PM 2.5","Mecklenburg",35.2401000008895,-80.785683
"4447",5-02-20,28,"Garinger High School","PM 2.5","Mecklenburg",35.2401000008895,-80.785683
"4448",5-03-20,22,"Garinger High School","PM 2.5","Mecklenburg",35.2401000008895,-80.785683
"4449",5-04-20,26,"Garinger High School","PM 2.5","Mecklenburg",35.2401000008895,-80.785683
"4450",5-05-20,15,"Garinger High School","PM 2.5","Mecklenburg",35.2401000008895,-80.785683
"4451",5-06-20,23,"Garinger High School","PM 2.5","Mecklenburg",35.2401000008895,-80.785683
"4452",5-07-20,27,"Garinger High School","PM 2.5","Mecklenburg",35.2401000008895,-80.785683
"4453",5-08-20,30,"Garinger High School","PM 2.5","Mecklenburg",35.2401000008895,-80.785683
"4454",5-09-20,17,"Garinger High School","PM 2.5","Mecklenburg",35.2401000008895,-80.785683
"4455",5-10-20,20,"Garinger High School","PM 2.5","Mecklenburg",35.2401000008895,-80.785683
"4456",5-11-20,19,"Garinger High School","PM 2.5","Mecklenburg",35.2401000008895,-80.785683
"4457",5-12-20,17,"Garinger High School","PM 2.5","Mecklenburg",35.2401000008895,-80.785683
"4458",NA,15,"Garinger High School","PM 2.5","Mecklenburg",35.2401000008895,-80.785683
"4459",NA,18,"Garinger High School","PM 2.5","Mecklenburg",35.2401000008895,-80.785683
"4460",NA,28,"Garinger High School","PM 2.5","Mecklenburg",35.2401000008895,-80.785683
"4461",NA,36,"Garinger High School","PM 2.5","Mecklenburg",35.2401000008895,-80.785683
"4462",NA,46,"Garinger High School","PM 2.5","Mecklenburg",35.2401000008895,-80.785683
"4463",NA,46,"Garinger High School","PM 2.5","Mecklenburg",35.2401000008895,-80.785683
"4464",NA,48,"Garinger High School","PM 2.5","Mecklenburg",35.2401000008895,-80.785683
"4465",NA,37,"Garinger High School","PM 2.5","Mecklenburg",35.2401000008895,-80.785683
"4466",NA,39,"Garinger High School","PM 2.5","Mecklenburg",35.2401000008895,-80.785683
"4467",NA,54,"Garinger High School","PM 2.5","Mecklenburg",35.2401000008895,-80.785683
"4468",NA,43,"Garinger High School","PM 2.5","Mecklenburg",35.2401000008895,-80.785683
"4469",NA,52,"Garinger High School","PM 2.5","Mecklenburg",35.2401000008895,-80.785683
"4470",NA,58,"Garinger High School","PM 2.5","Mecklenburg",35.2401000008895,-80.785683
"4471",NA,54,"Garinger High School","PM 2.5","Mecklenburg",35.2401000008895,-80.785683
"4472",NA,52,"Garinger High School","PM 2.5","Mecklenburg",35.2401000008895,-80.785683
"4473",NA,53,"Garinger High School","PM 2.5","Mecklenburg",35.2401000008895,-80.785683
"4474",6-04-20,40,"Garinger High School","PM 2.5","Mecklenburg",35.2401000008895,-80.785683
"4475",6-05-20,55,"Garinger High School","PM 2.5","Mecklenburg",35.2401000008895,-80.785683
"4476",6-06-20,39,"Garinger High School","PM 2.5","Mecklenburg",35.2401000008895,-80.785683
"4477",6-07-20,36,"Garinger High School","PM 2.5","Mecklenburg",35.2401000008895,-80.785683
"4478",6-08-20,23,"Garinger High School","PM 2.5","Mecklenburg",35.2401000008895,-80.785683
"4479",6-11-20,20,"Garinger High School","PM 2.5","Mecklenburg",35.2401000008895,-80.785683
"4480",6-12-20,24,"Garinger High School","PM 2.5","Mecklenburg",35.2401000008895,-80.785683
"4481",NA,27,"Garinger High School","PM 2.5","Mecklenburg",35.2401000008895,-80.785683
"4482",NA,23,"Garinger High School","PM 2.5","Mecklenburg",35.2401000008895,-80.785683
"4483",NA,38,"Garinger High School","PM 2.5","Mecklenburg",35.2401000008895,-80.785683
"4484",NA,45,"Garinger High School","PM 2.5","Mecklenburg",35.2401000008895,-80.785683
"4485",NA,38,"Garinger High School","PM 2.5","Mecklenburg",35.2401000008895,-80.785683
"4486",NA,21,"Garinger High School","PM 2.5","Mecklenburg",35.2401000008895,-80.785683
"4487",NA,23,"Garinger High School","PM 2.5","Mecklenburg",35.2401000008895,-80.785683
"4488",NA,38,"Garinger High School","PM 2.5","Mecklenburg",35.2401000008895,-80.785683
"4489",NA,25,"Garinger High School","PM 2.5","Mecklenburg",35.2401000008895,-80.785683
"4490",NA,24,"Garinger High School","PM 2.5","Mecklenburg",35.2401000008895,-80.785683
"4491",NA,45,"Garinger High School","PM 2.5","Mecklenburg",35.2401000008895,-80.785683
"4492",NA,54,"Garinger High School","PM 2.5","Mecklenburg",35.2401000008895,-80.785683
"4493",NA,28,"Garinger High School","PM 2.5","Mecklenburg",35.2401000008895,-80.785683
"4494",NA,31,"Garinger High School","PM 2.5","Mecklenburg",35.2401000008895,-80.785683
"4495",NA,43,"Garinger High School","PM 2.5","Mecklenburg",35.2401000008895,-80.785683
"4496",NA,45,"Garinger High School","PM 2.5","Mecklenburg",35.2401000008895,-80.785683
"4497",NA,50,"Garinger High School","PM 2.5","Mecklenburg",35.2401000008895,-80.785683
"4498",NA,45,"Garinger High School","PM 2.5","Mecklenburg",35.2401000008895,-80.785683
"4499",7-01-20,48,"Garinger High School","PM 2.5","Mecklenburg",35.2401000008895,-80.785683
"4500",7-02-20,52,"Garinger High School","PM 2.5","Mecklenburg",35.2401000008895,-80.785683
"4501",7-03-20,43,"Garinger High School","PM 2.5","Mecklenburg",35.2401000008895,-80.785683
"4502",7-04-20,64,"Garinger High School","PM 2.5","Mecklenburg",35.2401000008895,-80.785683
"4503",7-05-20,54,"Garinger High School","PM 2.5","Mecklenburg",35.2401000008895,-80.785683
"4504",7-06-20,38,"Garinger High School","PM 2.5","Mecklenburg",35.2401000008895,-80.785683
"4505",7-07-20,49,"Garinger High School","PM 2.5","Mecklenburg",35.2401000008895,-80.785683
"4506",7-08-20,52,"Garinger High School","PM 2.5","Mecklenburg",35.2401000008895,-80.785683
"4507",7-09-20,30,"Garinger High School","PM 2.5","Mecklenburg",35.2401000008895,-80.785683
"4508",7-10-20,30,"Garinger High School","PM 2.5","Mecklenburg",35.2401000008895,-80.785683
"4509",7-11-20,27,"Garinger High School","PM 2.5","Mecklenburg",35.2401000008895,-80.785683
"4510",7-12-20,24,"Garinger High School","PM 2.5","Mecklenburg",35.2401000008895,-80.785683
"4511",NA,30,"Garinger High School","PM 2.5","Mecklenburg",35.2401000008895,-80.785683
"4512",NA,26,"Garinger High School","PM 2.5","Mecklenburg",35.2401000008895,-80.785683
"4513",NA,43,"Garinger High School","PM 2.5","Mecklenburg",35.2401000008895,-80.785683
"4514",NA,56,"Garinger High School","PM 2.5","Mecklenburg",35.2401000008895,-80.785683
"4515",NA,57,"Garinger High School","PM 2.5","Mecklenburg",35.2401000008895,-80.785683
"4516",NA,26,"Garinger High School","PM 2.5","Mecklenburg",35.2401000008895,-80.785683
"4517",NA,35,"Garinger High School","PM 2.5","Mecklenburg",35.2401000008895,-80.785683
"4518",NA,25,"Garinger High School","PM 2.5","Mecklenburg",35.2401000008895,-80.785683
"4519",NA,34,"Garinger High School","PM 2.5","Mecklenburg",35.2401000008895,-80.785683
"4520",NA,23,"Garinger High School","PM 2.5","Mecklenburg",35.2401000008895,-80.785683
"4521",NA,24,"Garinger High School","PM 2.5","Mecklenburg",35.2401000008895,-80.785683
"4522",NA,36,"Garinger High School","PM 2.5","Mecklenburg",35.2401000008895,-80.785683
"4523",NA,40,"Garinger High School","PM 2.5","Mecklenburg",35.2401000008895,-80.785683
"4524",NA,48,"Garinger High School","PM 2.5","Mecklenburg",35.2401000008895,-80.785683
"4525",NA,57,"Garinger High School","PM 2.5","Mecklenburg",35.2401000008895,-80.785683
"4526",NA,56,"Garinger High School","PM 2.5","Mecklenburg",35.2401000008895,-80.785683
"4527",NA,53,"Garinger High School","PM 2.5","Mecklenburg",35.2401000008895,-80.785683
"4528",NA,49,"Garinger High School","PM 2.5","Mecklenburg",35.2401000008895,-80.785683
"4529",NA,40,"Garinger High School","PM 2.5","Mecklenburg",35.2401000008895,-80.785683
"4530",8-01-20,44,"Garinger High School","PM 2.5","Mecklenburg",35.2401000008895,-80.785683
"4531",8-02-20,46,"Garinger High School","PM 2.5","Mecklenburg",35.2401000008895,-80.785683
"4532",8-03-20,50,"Garinger High School","PM 2.5","Mecklenburg",35.2401000008895,-80.785683
"4533",8-04-20,38,"Garinger High School","PM 2.5","Mecklenburg",35.2401000008895,-80.785683
"4534",8-05-20,35,"Garinger High School","PM 2.5","Mecklenburg",35.2401000008895,-80.785683
"4535",8-06-20,40,"Garinger High School","PM 2.5","Mecklenburg",35.2401000008895,-80.785683
"4536",8-07-20,42,"Garinger High School","PM 2.5","Mecklenburg",35.2401000008895,-80.785683
"4537",8-08-20,40,"Garinger High School","PM 2.5","Mecklenburg",35.2401000008895,-80.785683
"4538",8-09-20,44,"Garinger High School","PM 2.5","Mecklenburg",35.2401000008895,-80.785683
"4539",8-10-20,51,"Garinger High School","PM 2.5","Mecklenburg",35.2401000008895,-80.785683
"4540",8-11-20,46,"Garinger High School","PM 2.5","Mecklenburg",35.2401000008895,-80.785683
"4541",8-12-20,51,"Garinger High School","PM 2.5","Mecklenburg",35.2401000008895,-80.785683
"4542",NA,43,"Garinger High School","PM 2.5","Mecklenburg",35.2401000008895,-80.785683
"4543",NA,29,"Garinger High School","PM 2.5","Mecklenburg",35.2401000008895,-80.785683
"4544",NA,40,"Garinger High School","PM 2.5","Mecklenburg",35.2401000008895,-80.785683
"4545",NA,40,"Garinger High School","PM 2.5","Mecklenburg",35.2401000008895,-80.785683
"4546",NA,34,"Garinger High School","PM 2.5","Mecklenburg",35.2401000008895,-80.785683
"4547",NA,34,"Garinger High School","PM 2.5","Mecklenburg",35.2401000008895,-80.785683
"4548",NA,40,"Garinger High School","PM 2.5","Mecklenburg",35.2401000008895,-80.785683
"4549",NA,27,"Garinger High School","PM 2.5","Mecklenburg",35.2401000008895,-80.785683
"4550",NA,22,"Garinger High School","PM 2.5","Mecklenburg",35.2401000008895,-80.785683
"4551",NA,34,"Garinger High School","PM 2.5","Mecklenburg",35.2401000008895,-80.785683
"4552",NA,25,"Garinger High School","PM 2.5","Mecklenburg",35.2401000008895,-80.785683
"4553",NA,16,"Garinger High School","PM 2.5","Mecklenburg",35.2401000008895,-80.785683
"4554",NA,21,"Garinger High School","PM 2.5","Mecklenburg",35.2401000008895,-80.785683
"4555",NA,20,"Garinger High School","PM 2.5","Mecklenburg",35.2401000008895,-80.785683
"4556",NA,23,"Garinger High School","PM 2.5","Mecklenburg",35.2401000008895,-80.785683
"4557",NA,25,"Garinger High School","PM 2.5","Mecklenburg",35.2401000008895,-80.785683
"4558",NA,29,"Garinger High School","PM 2.5","Mecklenburg",35.2401000008895,-80.785683
"4559",NA,44,"Garinger High School","PM 2.5","Mecklenburg",35.2401000008895,-80.785683
"4560",NA,48,"Garinger High School","PM 2.5","Mecklenburg",35.2401000008895,-80.785683
"4561",9-01-20,34,"Garinger High School","PM 2.5","Mecklenburg",35.2401000008895,-80.785683
"4562",9-02-20,25,"Garinger High School","PM 2.5","Mecklenburg",35.2401000008895,-80.785683
"4563",9-03-20,38,"Garinger High School","PM 2.5","Mecklenburg",35.2401000008895,-80.785683
"4564",9-04-20,37,"Garinger High School","PM 2.5","Mecklenburg",35.2401000008895,-80.785683
"4565",9-05-20,23,"Garinger High School","PM 2.5","Mecklenburg",35.2401000008895,-80.785683
"4566",9-06-20,34,"Garinger High School","PM 2.5","Mecklenburg",35.2401000008895,-80.785683
"4567",9-07-20,49,"Garinger High School","PM 2.5","Mecklenburg",35.2401000008895,-80.785683
"4568",9-08-20,51,"Garinger High School","PM 2.5","Mecklenburg",35.2401000008895,-80.785683
"4569",9-09-20,59,"Garinger High School","PM 2.5","Mecklenburg",35.2401000008895,-80.785683
"4570",9-10-20,60,"Garinger High School","PM 2.5","Mecklenburg",35.2401000008895,-80.785683
"4571",9-11-20,59,"Garinger High School","PM 2.5","Mecklenburg",35.2401000008895,-80.785683
"4572",9-12-20,54,"Garinger High School","PM 2.5","Mecklenburg",35.2401000008895,-80.785683
"4573",NA,52,"Garinger High School","PM 2.5","Mecklenburg",35.2401000008895,-80.785683
"4574",NA,26,"Garinger High School","PM 2.5","Mecklenburg",35.2401000008895,-80.785683
"4575",NA,38,"Garinger High School","PM 2.5","Mecklenburg",35.2401000008895,-80.785683
"4576",NA,38,"Garinger High School","PM 2.5","Mecklenburg",35.2401000008895,-80.785683
"4577",NA,53,"Garinger High School","PM 2.5","Mecklenburg",35.2401000008895,-80.785683
"4578",NA,28,"Garinger High School","PM 2.5","Mecklenburg",35.2401000008895,-80.785683
"4579",NA,23,"Garinger High School","PM 2.5","Mecklenburg",35.2401000008895,-80.785683
"4580",NA,35,"Garinger High School","PM 2.5","Mecklenburg",35.2401000008895,-80.785683
"4581",NA,56,"Garinger High School","PM 2.5","Mecklenburg",35.2401000008895,-80.785683
"4582",NA,46,"Garinger High School","PM 2.5","Mecklenburg",35.2401000008895,-80.785683
"4583",NA,31,"Garinger High School","PM 2.5","Mecklenburg",35.2401000008895,-80.785683
"4584",NA,33,"Garinger High School","PM 2.5","Mecklenburg",35.2401000008895,-80.785683
"4585",NA,46,"Garinger High School","PM 2.5","Mecklenburg",35.2401000008895,-80.785683
"4586",NA,47,"Garinger High School","PM 2.5","Mecklenburg",35.2401000008895,-80.785683
"4587",NA,45,"Garinger High School","PM 2.5","Mecklenburg",35.2401000008895,-80.785683
"4588",NA,38,"Garinger High School","PM 2.5","Mecklenburg",35.2401000008895,-80.785683
"4589",NA,52,"Garinger High School","PM 2.5","Mecklenburg",35.2401000008895,-80.785683
"4590",NA,63,"Garinger High School","PM 2.5","Mecklenburg",35.2401000008895,-80.785683
"4591",10-01-20,70,"Garinger High School","PM 2.5","Mecklenburg",35.2401000008895,-80.785683
"4592",10-02-20,60,"Garinger High School","PM 2.5","Mecklenburg",35.2401000008895,-80.785683
"4593",10-03-20,58,"Garinger High School","PM 2.5","Mecklenburg",35.2401000008895,-80.785683
"4594",10-04-20,49,"Garinger High School","PM 2.5","Mecklenburg",35.2401000008895,-80.785683
"4595",10-05-20,23,"Garinger High School","PM 2.5","Mecklenburg",35.2401000008895,-80.785683
"4596",10-06-20,27,"Garinger High School","PM 2.5","Mecklenburg",35.2401000008895,-80.785683
"4597",10-07-20,21,"Garinger High School","PM 2.5","Mecklenburg",35.2401000008895,-80.785683
"4598",10-08-20,18,"Garinger High School","PM 2.5","Mecklenburg",35.2401000008895,-80.785683
"4599",10-09-20,16,"Garinger High School","PM 2.5","Mecklenburg",35.2401000008895,-80.785683
"4600",10-10-20,24,"Garinger High School","PM 2.5","Mecklenburg",35.2401000008895,-80.785683
"4601",10-11-20,32,"Garinger High School","PM 2.5","Mecklenburg",35.2401000008895,-80.785683
"4602",10-12-20,38,"Garinger High School","PM 2.5","Mecklenburg",35.2401000008895,-80.785683
"4603",NA,38,"Garinger High School","PM 2.5","Mecklenburg",35.2401000008895,-80.785683
"4604",NA,21,"Garinger High School","PM 2.5","Mecklenburg",35.2401000008895,-80.785683
"4605",NA,40,"Garinger High School","PM 2.5","Mecklenburg",35.2401000008895,-80.785683
"4606",NA,16,"Garinger High School","PM 2.5","Mecklenburg",35.2401000008895,-80.785683
"4607",NA,11,"Garinger High School","PM 2.5","Mecklenburg",35.2401000008895,-80.785683
"4608",NA,20,"Garinger High School","PM 2.5","Mecklenburg",35.2401000008895,-80.785683
"4609",NA,35,"Garinger High School","PM 2.5","Mecklenburg",35.2401000008895,-80.785683
"4610",NA,12,"Garinger High School","PM 2.5","Mecklenburg",35.2401000008895,-80.785683
"4611",NA,18,"Garinger High School","PM 2.5","Mecklenburg",35.2401000008895,-80.785683
"4612",NA,15,"Garinger High School","PM 2.5","Mecklenburg",35.2401000008895,-80.785683
"4613",NA,23,"Garinger High School","PM 2.5","Mecklenburg",35.2401000008895,-80.785683
"4614",NA,35,"Garinger High School","PM 2.5","Mecklenburg",35.2401000008895,-80.785683
"4615",NA,35,"Garinger High School","PM 2.5","Mecklenburg",35.2401000008895,-80.785683
"4616",NA,28,"Garinger High School","PM 2.5","Mecklenburg",35.2401000008895,-80.785683
"4617",NA,18,"Garinger High School","PM 2.5","Mecklenburg",35.2401000008895,-80.785683
"4618",NA,22,"Garinger High School","PM 2.5","Mecklenburg",35.2401000008895,-80.785683
"4619",NA,46,"Garinger High School","PM 2.5","Mecklenburg",35.2401000008895,-80.785683
"4620",NA,26,"Garinger High School","PM 2.5","Mecklenburg",35.2401000008895,-80.785683
"4621",NA,15,"Garinger High School","PM 2.5","Mecklenburg",35.2401000008895,-80.785683
"4622",11-01-20,15,"Garinger High School","PM 2.5","Mecklenburg",35.2401000008895,-80.785683
"4623",11-02-20,37,"Garinger High School","PM 2.5","Mecklenburg",35.2401000008895,-80.785683
"4624",11-03-20,42,"Garinger High School","PM 2.5","Mecklenburg",35.2401000008895,-80.785683
"4625",11-04-20,48,"Garinger High School","PM 2.5","Mecklenburg",35.2401000008895,-80.785683
"4626",11-05-20,45,"Garinger High School","PM 2.5","Mecklenburg",35.2401000008895,-80.785683
"4627",11-06-20,40,"Garinger High School","PM 2.5","Mecklenburg",35.2401000008895,-80.785683
"4628",11-07-20,53,"Garinger High School","PM 2.5","Mecklenburg",35.2401000008895,-80.785683
"4629",11-08-20,21,"Garinger High School","PM 2.5","Mecklenburg",35.2401000008895,-80.785683
"4630",11-09-20,44,"Garinger High School","PM 2.5","Mecklenburg",35.2401000008895,-80.785683
"4631",11-10-20,67,"Garinger High School","PM 2.5","Mecklenburg",35.2401000008895,-80.785683
"4632",11-11-20,41,"Garinger High School","PM 2.5","Mecklenburg",35.2401000008895,-80.785683
"4633",11-12-20,24,"Garinger High School","PM 2.5","Mecklenburg",35.2401000008895,-80.785683
"4634",NA,35,"Garinger High School","PM 2.5","Mecklenburg",35.2401000008895,-80.785683
"4635",NA,54,"Garinger High School","PM 2.5","Mecklenburg",35.2401000008895,-80.785683
"4636",NA,50,"Garinger High School","PM 2.5","Mecklenburg",35.2401000008895,-80.785683
"4637",NA,25,"Garinger High School","PM 2.5","Mecklenburg",35.2401000008895,-80.785683
"4638",NA,20,"Garinger High School","PM 2.5","Mecklenburg",35.2401000008895,-80.785683
"4639",NA,27,"Garinger High School","PM 2.5","Mecklenburg",35.2401000008895,-80.785683
"4640",NA,56,"Garinger High School","PM 2.5","Mecklenburg",35.2401000008895,-80.785683
"4641",NA,38,"Garinger High School","PM 2.5","Mecklenburg",35.2401000008895,-80.785683
"4642",NA,39,"Garinger High School","PM 2.5","Mecklenburg",35.2401000008895,-80.785683
"4643",NA,61,"Garinger High School","PM 2.5","Mecklenburg",35.2401000008895,-80.785683
"4644",NA,49,"Garinger High School","PM 2.5","Mecklenburg",35.2401000008895,-80.785683
"4645",NA,25,"Garinger High School","PM 2.5","Mecklenburg",35.2401000008895,-80.785683
"4646",NA,50,"Garinger High School","PM 2.5","Mecklenburg",35.2401000008895,-80.785683
"4647",NA,59,"Garinger High School","PM 2.5","Mecklenburg",35.2401000008895,-80.785683
"4648",NA,48,"Garinger High School","PM 2.5","Mecklenburg",35.2401000008895,-80.785683
"4649",NA,10,"Garinger High School","PM 2.5","Mecklenburg",35.2401000008895,-80.785683
"4650",NA,28,"Garinger High School","PM 2.5","Mecklenburg",35.2401000008895,-80.785683
"4651",NA,52,"Garinger High School","PM 2.5","Mecklenburg",35.2401000008895,-80.785683
"4652",12-01-20,32,"Garinger High School","PM 2.5","Mecklenburg",35.2401000008895,-80.785683
"4653",12-02-20,9,"Garinger High School","PM 2.5","Mecklenburg",35.2401000008895,-80.785683
"4654",12-03-20,15,"Garinger High School","PM 2.5","Mecklenburg",35.2401000008895,-80.785683
"4655",12-04-20,26,"Garinger High School","PM 2.5","Mecklenburg",35.2401000008895,-80.785683
"4656",12-05-20,26,"Garinger High School","PM 2.5","Mecklenburg",35.2401000008895,-80.785683
"4657",12-06-20,62,"Garinger High School","PM 2.5","Mecklenburg",35.2401000008895,-80.785683
"4658",12-07-20,56,"Garinger High School","PM 2.5","Mecklenburg",35.2401000008895,-80.785683
"4659",12-08-20,26,"Garinger High School","PM 2.5","Mecklenburg",35.2401000008895,-80.785683
"4660",12-09-20,53,"Garinger High School","PM 2.5","Mecklenburg",35.2401000008895,-80.785683
"4661",12-10-20,37,"Garinger High School","PM 2.5","Mecklenburg",35.2401000008895,-80.785683
"4662",12-11-20,18,"Garinger High School","PM 2.5","Mecklenburg",35.2401000008895,-80.785683
"4663",12-12-20,33,"Garinger High School","PM 2.5","Mecklenburg",35.2401000008895,-80.785683
"4664",NA,22,"Garinger High School","PM 2.5","Mecklenburg",35.2401000008895,-80.785683
"4665",NA,15,"Garinger High School","PM 2.5","Mecklenburg",35.2401000008895,-80.785683
"4666",NA,35,"Garinger High School","PM 2.5","Mecklenburg",35.2401000008895,-80.785683
"4667",NA,37,"Garinger High School","PM 2.5","Mecklenburg",35.2401000008895,-80.785683
"4668",NA,15,"Garinger High School","PM 2.5","Mecklenburg",35.2401000008895,-80.785683
"4669",NA,14,"Garinger High School","PM 2.5","Mecklenburg",35.2401000008895,-80.785683
"4670",NA,33,"Garinger High School","PM 2.5","Mecklenburg",35.2401000008895,-80.785683
"4671",NA,58,"Garinger High School","PM 2.5","Mecklenburg",35.2401000008895,-80.785683
"4672",NA,58,"Garinger High School","PM 2.5","Mecklenburg",35.2401000008895,-80.785683
"4673",NA,71,"Garinger High School","PM 2.5","Mecklenburg",35.2401000008895,-80.785683
"4674",NA,33,"Garinger High School","PM 2.5","Mecklenburg",35.2401000008895,-80.785683
"4675",NA,22,"Garinger High School","PM 2.5","Mecklenburg",35.2401000008895,-80.785683
"4676",NA,52,"Garinger High School","PM 2.5","Mecklenburg",35.2401000008895,-80.785683
"4677",NA,62,"Garinger High School","PM 2.5","Mecklenburg",35.2401000008895,-80.785683
"4678",NA,65,"Garinger High School","PM 2.5","Mecklenburg",35.2401000008895,-80.785683
"4679",NA,19,"Garinger High School","PM 2.5","Mecklenburg",35.2401000008895,-80.785683
"4680",NA,15,"Garinger High School","PM 2.5","Mecklenburg",35.2401000008895,-80.785683
"4681",NA,18,"Garinger High School","PM 2.5","Mecklenburg",35.2401000008895,-80.785683
"4682",1-01-20,22,"Garinger High School","PM 2.5","Mecklenburg",35.2401000008895,-80.785683
"4683",1-02-20,28,"Garinger High School","PM 2.5","Mecklenburg",35.2401000008895,-80.785683
"4684",1-03-20,25,"Garinger High School","PM 2.5","Mecklenburg",35.2401000008895,-80.785683
"4685",1-04-20,8,"Garinger High School","PM 2.5","Mecklenburg",35.2401000008895,-80.785683
"4686",1-05-20,8,"Garinger High School","PM 2.5","Mecklenburg",35.2401000008895,-80.785683
"4687",1-06-20,30,"Garinger High School","PM 2.5","Mecklenburg",35.2401000008895,-80.785683
"4688",1-07-20,35,"Garinger High School","PM 2.5","Mecklenburg",35.2401000008895,-80.785683
"4689",1-08-20,31,"Garinger High School","PM 2.5","Mecklenburg",35.2401000008895,-80.785683
"4690",1-09-20,6,"Garinger High School","PM 2.5","Mecklenburg",35.2401000008895,-80.785683
"4691",1-10-20,17,"Garinger High School","PM 2.5","Mecklenburg",35.2401000008895,-80.785683
"4692",1-11-20,31,"Garinger High School","PM 2.5","Mecklenburg",35.2401000008895,-80.785683
"4693",1-12-20,41,"Garinger High School","PM 2.5","Mecklenburg",35.2401000008895,-80.785683
"4694",NA,15,"Garinger High School","PM 2.5","Mecklenburg",35.2401000008895,-80.785683
"4695",NA,24,"Garinger High School","PM 2.5","Mecklenburg",35.2401000008895,-80.785683
"4696",NA,30,"Garinger High School","PM 2.5","Mecklenburg",35.2401000008895,-80.785683
"4697",NA,38,"Garinger High School","PM 2.5","Mecklenburg",35.2401000008895,-80.785683
"4698",NA,35,"Garinger High School","PM 2.5","Mecklenburg",35.2401000008895,-80.785683
"4699",NA,56,"Garinger High School","PM 2.5","Mecklenburg",35.2401000008895,-80.785683
"4700",NA,54,"Garinger High School","PM 2.5","Mecklenburg",35.2401000008895,-80.785683
"4701",NA,17,"Garinger High School","PM 2.5","Mecklenburg",35.2401000008895,-80.785683
"4702",NA,23,"Garinger High School","PM 2.5","Mecklenburg",35.2401000008895,-80.785683
"4703",NA,27,"Garinger High School","PM 2.5","Mecklenburg",35.2401000008895,-80.785683
"4704",NA,22,"Garinger High School","PM 2.5","Mecklenburg",35.2401000008895,-80.785683
"4705",NA,5,"Garinger High School","PM 2.5","Mecklenburg",35.2401000008895,-80.785683
"4706",NA,30,"Garinger High School","PM 2.5","Mecklenburg",35.2401000008895,-80.785683
"4707",NA,40,"Garinger High School","PM 2.5","Mecklenburg",35.2401000008895,-80.785683
"4708",NA,45,"Garinger High School","PM 2.5","Mecklenburg",35.2401000008895,-80.785683
"4709",NA,38,"Garinger High School","PM 2.5","Mecklenburg",35.2401000008895,-80.785683
"4710",NA,32,"Garinger High School","PM 2.5","Mecklenburg",35.2401000008895,-80.785683
"4711",NA,19,"Garinger High School","PM 2.5","Mecklenburg",35.2401000008895,-80.785683
"4712",NA,32,"Garinger High School","PM 2.5","Mecklenburg",35.2401000008895,-80.785683
"4713",2-01-20,36,"Garinger High School","PM 2.5","Mecklenburg",35.2401000008895,-80.785683
"4714",2-02-20,52,"Garinger High School","PM 2.5","Mecklenburg",35.2401000008895,-80.785683
"4715",2-03-20,58,"Garinger High School","PM 2.5","Mecklenburg",35.2401000008895,-80.785683
"4716",2-04-20,66,"Garinger High School","PM 2.5","Mecklenburg",35.2401000008895,-80.785683
"4717",2-05-20,43,"Garinger High School","PM 2.5","Mecklenburg",35.2401000008895,-80.785683
"4718",2-06-20,43,"Garinger High School","PM 2.5","Mecklenburg",35.2401000008895,-80.785683
"4719",2-07-20,31,"Garinger High School","PM 2.5","Mecklenburg",35.2401000008895,-80.785683
"4720",2-08-20,36,"Garinger High School","PM 2.5","Mecklenburg",35.2401000008895,-80.785683
"4721",2-09-20,14,"Garinger High School","PM 2.5","Mecklenburg",35.2401000008895,-80.785683
"4722",2-10-20,38,"Garinger High School","PM 2.5","Mecklenburg",35.2401000008895,-80.785683
"4723",2-11-20,37,"Garinger High School","PM 2.5","Mecklenburg",35.2401000008895,-80.785683
"4724",2-12-20,9,"Garinger High School","PM 2.5","Mecklenburg",35.2401000008895,-80.785683
"4725",NA,10,"Garinger High School","PM 2.5","Mecklenburg",35.2401000008895,-80.785683
"4726",NA,22,"Garinger High School","PM 2.5","Mecklenburg",35.2401000008895,-80.785683
"4727",NA,39,"Garinger High School","PM 2.5","Mecklenburg",35.2401000008895,-80.785683
"4728",NA,14,"Garinger High School","PM 2.5","Mecklenburg",35.2401000008895,-80.785683
"4729",NA,30,"Garinger High School","PM 2.5","Mecklenburg",35.2401000008895,-80.785683
"4730",NA,13,"Garinger High School","PM 2.5","Mecklenburg",35.2401000008895,-80.785683
"4731",NA,25,"Garinger High School","PM 2.5","Mecklenburg",35.2401000008895,-80.785683
"4732",NA,13,"Garinger High School","PM 2.5","Mecklenburg",35.2401000008895,-80.785683
"4733",NA,23,"Garinger High School","PM 2.5","Mecklenburg",35.2401000008895,-80.785683
"4734",NA,12,"Garinger High School","PM 2.5","Mecklenburg",35.2401000008895,-80.785683
"4735",NA,9,"Garinger High School","PM 2.5","Mecklenburg",35.2401000008895,-80.785683
"4736",NA,9,"Garinger High School","PM 2.5","Mecklenburg",35.2401000008895,-80.785683
"4737",NA,10,"Garinger High School","PM 2.5","Mecklenburg",35.2401000008895,-80.785683
"4738",NA,29,"Garinger High School","PM 2.5","Mecklenburg",35.2401000008895,-80.785683
"4739",NA,55,"Garinger High School","PM 2.5","Mecklenburg",35.2401000008895,-80.785683
"4740",NA,52,"Garinger High School","PM 2.5","Mecklenburg",35.2401000008895,-80.785683
"4741",3-01-20,27,"Garinger High School","PM 2.5","Mecklenburg",35.2401000008895,-80.785683
"4742",3-02-20,22,"Garinger High School","PM 2.5","Mecklenburg",35.2401000008895,-80.785683
"4743",3-03-20,27,"Garinger High School","PM 2.5","Mecklenburg",35.2401000008895,-80.785683
"4744",3-04-20,22,"Garinger High School","PM 2.5","Mecklenburg",35.2401000008895,-80.785683
"4745",3-05-20,21,"Garinger High School","PM 2.5","Mecklenburg",35.2401000008895,-80.785683
"4746",3-06-20,23,"Garinger High School","PM 2.5","Mecklenburg",35.2401000008895,-80.785683
"4747",3-07-20,30,"Garinger High School","PM 2.5","Mecklenburg",35.2401000008895,-80.785683
"4748",3-08-20,52,"Garinger High School","PM 2.5","Mecklenburg",35.2401000008895,-80.785683
"4749",3-09-20,54,"Garinger High School","PM 2.5","Mecklenburg",35.2401000008895,-80.785683
"4750",3-10-20,38,"Garinger High School","PM 2.5","Mecklenburg",35.2401000008895,-80.785683
"4751",3-11-20,25,"Garinger High School","PM 2.5","Mecklenburg",35.2401000008895,-80.785683
"4752",3-12-20,18,"Garinger High School","PM 2.5","Mecklenburg",35.2401000008895,-80.785683
"4753",NA,35,"Garinger High School","PM 2.5","Mecklenburg",35.2401000008895,-80.785683
"4754",NA,33,"Garinger High School","PM 2.5","Mecklenburg",35.2401000008895,-80.785683
"4755",NA,27,"Garinger High School","PM 2.5","Mecklenburg",35.2401000008895,-80.785683
"4756",NA,21,"Garinger High School","PM 2.5","Mecklenburg",35.2401000008895,-80.785683
"4757",NA,20,"Garinger High School","PM 2.5","Mecklenburg",35.2401000008895,-80.785683
"4758",NA,27,"Garinger High School","PM 2.5","Mecklenburg",35.2401000008895,-80.785683
"4759",NA,28,"Garinger High School","PM 2.5","Mecklenburg",35.2401000008895,-80.785683
"4760",NA,31,"Garinger High School","PM 2.5","Mecklenburg",35.2401000008895,-80.785683
"4761",NA,32,"Garinger High School","PM 2.5","Mecklenburg",35.2401000008895,-80.785683
"4762",NA,18,"Garinger High School","PM 2.5","Mecklenburg",35.2401000008895,-80.785683
"4763",NA,23,"Garinger High School","PM 2.5","Mecklenburg",35.2401000008895,-80.785683
"4764",NA,41,"Garinger High School","PM 2.5","Mecklenburg",35.2401000008895,-80.785683
"4765",NA,51,"Garinger High School","PM 2.5","Mecklenburg",35.2401000008895,-80.785683
"4766",NA,34,"Garinger High School","PM 2.5","Mecklenburg",35.2401000008895,-80.785683
"4767",NA,45,"Garinger High School","PM 2.5","Mecklenburg",35.2401000008895,-80.785683
"4768",NA,55,"Garinger High School","PM 2.5","Mecklenburg",35.2401000008895,-80.785683
"4769",NA,21,"Garinger High School","PM 2.5","Mecklenburg",35.2401000008895,-80.785683
"4770",4-01-20,19,"Garinger High School","PM 2.5","Mecklenburg",35.2401000008895,-80.785683
"4771",4-02-20,27,"Garinger High School","PM 2.5","Mecklenburg",35.2401000008895,-80.785683
"4772",4-03-20,32,"Garinger High School","PM 2.5","Mecklenburg",35.2401000008895,-80.785683
"4773",4-04-20,35,"Garinger High School","PM 2.5","Mecklenburg",35.2401000008895,-80.785683
"4774",4-05-20,21,"Garinger High School","PM 2.5","Mecklenburg",35.2401000008895,-80.785683
"4775",4-06-20,29,"Garinger High School","PM 2.5","Mecklenburg",35.2401000008895,-80.785683
"4776",4-07-20,48,"Garinger High School","PM 2.5","Mecklenburg",35.2401000008895,-80.785683
"4777",4-08-20,32,"Garinger High School","PM 2.5","Mecklenburg",35.2401000008895,-80.785683
"4778",4-09-20,30,"Garinger High School","PM 2.5","Mecklenburg",35.2401000008895,-80.785683
"4779",4-10-20,24,"Garinger High School","PM 2.5","Mecklenburg",35.2401000008895,-80.785683
"4780",4-11-20,31,"Garinger High School","PM 2.5","Mecklenburg",35.2401000008895,-80.785683
"4781",4-12-20,25,"Garinger High School","PM 2.5","Mecklenburg",35.2401000008895,-80.785683
"4782",NA,23,"Garinger High School","PM 2.5","Mecklenburg",35.2401000008895,-80.785683
"4783",NA,25,"Garinger High School","PM 2.5","Mecklenburg",35.2401000008895,-80.785683
"4784",NA,12,"Garinger High School","PM 2.5","Mecklenburg",35.2401000008895,-80.785683
"4785",NA,19,"Garinger High School","PM 2.5","Mecklenburg",35.2401000008895,-80.785683
"4786",NA,40,"Garinger High School","PM 2.5","Mecklenburg",35.2401000008895,-80.785683
"4787",NA,36,"Garinger High School","PM 2.5","Mecklenburg",35.2401000008895,-80.785683
"4788",NA,28,"Garinger High School","PM 2.5","Mecklenburg",35.2401000008895,-80.785683
"4789",NA,14,"Garinger High School","PM 2.5","Mecklenburg",35.2401000008895,-80.785683
"4790",NA,23,"Garinger High School","PM 2.5","Mecklenburg",35.2401000008895,-80.785683
"4791",NA,22,"Garinger High School","PM 2.5","Mecklenburg",35.2401000008895,-80.785683
"4792",NA,31,"Garinger High School","PM 2.5","Mecklenburg",35.2401000008895,-80.785683
"4793",NA,42,"Garinger High School","PM 2.5","Mecklenburg",35.2401000008895,-80.785683
"4794",NA,53,"Garinger High School","PM 2.5","Mecklenburg",35.2401000008895,-80.785683
"4795",NA,43,"Garinger High School","PM 2.5","Mecklenburg",35.2401000008895,-80.785683
"4796",NA,30,"Garinger High School","PM 2.5","Mecklenburg",35.2401000008895,-80.785683
"4797",NA,42,"Garinger High School","PM 2.5","Mecklenburg",35.2401000008895,-80.785683
"4798",NA,47,"Garinger High School","PM 2.5","Mecklenburg",35.2401000008895,-80.785683
"4799",NA,52,"Garinger High School","PM 2.5","Mecklenburg",35.2401000008895,-80.785683
"4800",5-01-20,37,"Garinger High School","PM 2.5","Mecklenburg",35.2401000008895,-80.785683
"4801",5-02-20,28,"Garinger High School","PM 2.5","Mecklenburg",35.2401000008895,-80.785683
"4802",5-03-20,21,"Garinger High School","PM 2.5","Mecklenburg",35.2401000008895,-80.785683
"4803",5-04-20,26,"Garinger High School","PM 2.5","Mecklenburg",35.2401000008895,-80.785683
"4804",5-05-20,15,"Garinger High School","PM 2.5","Mecklenburg",35.2401000008895,-80.785683
"4805",5-06-20,23,"Garinger High School","PM 2.5","Mecklenburg",35.2401000008895,-80.785683
"4806",5-07-20,27,"Garinger High School","PM 2.5","Mecklenburg",35.2401000008895,-80.785683
"4807",5-08-20,30,"Garinger High School","PM 2.5","Mecklenburg",35.2401000008895,-80.785683
"4808",5-09-20,17,"Garinger High School","PM 2.5","Mecklenburg",35.2401000008895,-80.785683
"4809",5-10-20,20,"Garinger High School","PM 2.5","Mecklenburg",35.2401000008895,-80.785683
"4810",5-11-20,19,"Garinger High School","PM 2.5","Mecklenburg",35.2401000008895,-80.785683
"4811",5-12-20,18,"Garinger High School","PM 2.5","Mecklenburg",35.2401000008895,-80.785683
"4812",NA,15,"Garinger High School","PM 2.5","Mecklenburg",35.2401000008895,-80.785683
"4813",NA,18,"Garinger High School","PM 2.5","Mecklenburg",35.2401000008895,-80.785683
"4814",NA,28,"Garinger High School","PM 2.5","Mecklenburg",35.2401000008895,-80.785683
"4815",NA,36,"Garinger High School","PM 2.5","Mecklenburg",35.2401000008895,-80.785683
"4816",NA,46,"Garinger High School","PM 2.5","Mecklenburg",35.2401000008895,-80.785683
"4817",NA,46,"Garinger High School","PM 2.5","Mecklenburg",35.2401000008895,-80.785683
"4818",NA,48,"Garinger High School","PM 2.5","Mecklenburg",35.2401000008895,-80.785683
"4819",NA,37,"Garinger High School","PM 2.5","Mecklenburg",35.2401000008895,-80.785683
"4820",NA,39,"Garinger High School","PM 2.5","Mecklenburg",35.2401000008895,-80.785683
"4821",NA,54,"Garinger High School","PM 2.5","Mecklenburg",35.2401000008895,-80.785683
"4822",NA,43,"Garinger High School","PM 2.5","Mecklenburg",35.2401000008895,-80.785683
"4823",NA,52,"Garinger High School","PM 2.5","Mecklenburg",35.2401000008895,-80.785683
"4824",NA,58,"Garinger High School","PM 2.5","Mecklenburg",35.2401000008895,-80.785683
"4825",NA,54,"Garinger High School","PM 2.5","Mecklenburg",35.2401000008895,-80.785683
"4826",NA,52,"Garinger High School","PM 2.5","Mecklenburg",35.2401000008895,-80.785683
"4827",NA,53,"Garinger High School","PM 2.5","Mecklenburg",35.2401000008895,-80.785683
"4828",6-04-20,40,"Garinger High School","PM 2.5","Mecklenburg",35.2401000008895,-80.785683
"4829",6-05-20,55,"Garinger High School","PM 2.5","Mecklenburg",35.2401000008895,-80.785683
"4830",6-06-20,39,"Garinger High School","PM 2.5","Mecklenburg",35.2401000008895,-80.785683
"4831",6-07-20,36,"Garinger High School","PM 2.5","Mecklenburg",35.2401000008895,-80.785683
"4832",6-08-20,23,"Garinger High School","PM 2.5","Mecklenburg",35.2401000008895,-80.785683
"4833",6-12-20,24,"Garinger High School","PM 2.5","Mecklenburg",35.2401000008895,-80.785683
"4834",NA,27,"Garinger High School","PM 2.5","Mecklenburg",35.2401000008895,-80.785683
"4835",NA,23,"Garinger High School","PM 2.5","Mecklenburg",35.2401000008895,-80.785683
"4836",NA,38,"Garinger High School","PM 2.5","Mecklenburg",35.2401000008895,-80.785683
"4837",NA,45,"Garinger High School","PM 2.5","Mecklenburg",35.2401000008895,-80.785683
"4838",NA,38,"Garinger High School","PM 2.5","Mecklenburg",35.2401000008895,-80.785683
"4839",NA,21,"Garinger High School","PM 2.5","Mecklenburg",35.2401000008895,-80.785683
"4840",NA,23,"Garinger High School","PM 2.5","Mecklenburg",35.2401000008895,-80.785683
"4841",NA,38,"Garinger High School","PM 2.5","Mecklenburg",35.2401000008895,-80.785683
"4842",NA,25,"Garinger High School","PM 2.5","Mecklenburg",35.2401000008895,-80.785683
"4843",NA,24,"Garinger High School","PM 2.5","Mecklenburg",35.2401000008895,-80.785683
"4844",NA,45,"Garinger High School","PM 2.5","Mecklenburg",35.2401000008895,-80.785683
"4845",NA,54,"Garinger High School","PM 2.5","Mecklenburg",35.2401000008895,-80.785683
"4846",NA,28,"Garinger High School","PM 2.5","Mecklenburg",35.2401000008895,-80.785683
"4847",NA,31,"Garinger High School","PM 2.5","Mecklenburg",35.2401000008895,-80.785683
"4848",NA,43,"Garinger High School","PM 2.5","Mecklenburg",35.2401000008895,-80.785683
"4849",NA,45,"Garinger High School","PM 2.5","Mecklenburg",35.2401000008895,-80.785683
"4850",NA,50,"Garinger High School","PM 2.5","Mecklenburg",35.2401000008895,-80.785683
"4851",NA,45,"Garinger High School","PM 2.5","Mecklenburg",35.2401000008895,-80.785683
"4852",7-01-20,48,"Garinger High School","PM 2.5","Mecklenburg",35.2401000008895,-80.785683
"4853",7-02-20,52,"Garinger High School","PM 2.5","Mecklenburg",35.2401000008895,-80.785683
"4854",7-03-20,43,"Garinger High School","PM 2.5","Mecklenburg",35.2401000008895,-80.785683
"4855",7-04-20,64,"Garinger High School","PM 2.5","Mecklenburg",35.2401000008895,-80.785683
"4856",7-05-20,54,"Garinger High School","PM 2.5","Mecklenburg",35.2401000008895,-80.785683
"4857",7-06-20,38,"Garinger High School","PM 2.5","Mecklenburg",35.2401000008895,-80.785683
"4858",7-07-20,49,"Garinger High School","PM 2.5","Mecklenburg",35.2401000008895,-80.785683
"4859",7-08-20,52,"Garinger High School","PM 2.5","Mecklenburg",35.2401000008895,-80.785683
"4860",7-09-20,29,"Garinger High School","PM 2.5","Mecklenburg",35.2401000008895,-80.785683
"4861",7-10-20,30,"Garinger High School","PM 2.5","Mecklenburg",35.2401000008895,-80.785683
"4862",7-11-20,27,"Garinger High School","PM 2.5","Mecklenburg",35.2401000008895,-80.785683
"4863",7-12-20,24,"Garinger High School","PM 2.5","Mecklenburg",35.2401000008895,-80.785683
"4864",NA,30,"Garinger High School","PM 2.5","Mecklenburg",35.2401000008895,-80.785683
"4865",NA,26,"Garinger High School","PM 2.5","Mecklenburg",35.2401000008895,-80.785683
"4866",NA,45,"Garinger High School","PM 2.5","Mecklenburg",35.2401000008895,-80.785683
"4867",1-01-20,21,"Montclaire Elementary School","PM 2.5","Mecklenburg",35.1512830008885,-80.866983
"4868",1-02-20,27,"Montclaire Elementary School","PM 2.5","Mecklenburg",35.1512830008885,-80.866983
"4869",1-03-20,22,"Montclaire Elementary School","PM 2.5","Mecklenburg",35.1512830008885,-80.866983
"4870",1-04-20,15,"Montclaire Elementary School","PM 2.5","Mecklenburg",35.1512830008885,-80.866983
"4871",1-05-20,7,"Montclaire Elementary School","PM 2.5","Mecklenburg",35.1512830008885,-80.866983
"4872",1-06-20,41,"Montclaire Elementary School","PM 2.5","Mecklenburg",35.1512830008885,-80.866983
"4873",1-07-20,46,"Montclaire Elementary School","PM 2.5","Mecklenburg",35.1512830008885,-80.866983
"4874",1-08-20,39,"Montclaire Elementary School","PM 2.5","Mecklenburg",35.1512830008885,-80.866983
"4875",1-09-20,8,"Montclaire Elementary School","PM 2.5","Mecklenburg",35.1512830008885,-80.866983
"4876",1-10-20,18,"Montclaire Elementary School","PM 2.5","Mecklenburg",35.1512830008885,-80.866983
"4877",1-11-20,30,"Montclaire Elementary School","PM 2.5","Mecklenburg",35.1512830008885,-80.866983
"4878",1-12-20,48,"Montclaire Elementary School","PM 2.5","Mecklenburg",35.1512830008885,-80.866983
"4879",NA,20,"Montclaire Elementary School","PM 2.5","Mecklenburg",35.1512830008885,-80.866983
"4880",NA,28,"Montclaire Elementary School","PM 2.5","Mecklenburg",35.1512830008885,-80.866983
"4881",NA,34,"Montclaire Elementary School","PM 2.5","Mecklenburg",35.1512830008885,-80.866983
"4882",NA,41,"Montclaire Elementary School","PM 2.5","Mecklenburg",35.1512830008885,-80.866983
"4883",NA,36,"Montclaire Elementary School","PM 2.5","Mecklenburg",35.1512830008885,-80.866983
"4884",NA,57,"Montclaire Elementary School","PM 2.5","Mecklenburg",35.1512830008885,-80.866983
"4885",NA,61,"Montclaire Elementary School","PM 2.5","Mecklenburg",35.1512830008885,-80.866983
"4886",NA,17,"Montclaire Elementary School","PM 2.5","Mecklenburg",35.1512830008885,-80.866983
"4887",NA,24,"Montclaire Elementary School","PM 2.5","Mecklenburg",35.1512830008885,-80.866983
"4888",NA,26,"Montclaire Elementary School","PM 2.5","Mecklenburg",35.1512830008885,-80.866983
"4889",NA,30,"Montclaire Elementary School","PM 2.5","Mecklenburg",35.1512830008885,-80.866983
"4890",NA,5,"Montclaire Elementary School","PM 2.5","Mecklenburg",35.1512830008885,-80.866983
"4891",NA,30,"Montclaire Elementary School","PM 2.5","Mecklenburg",35.1512830008885,-80.866983
"4892",NA,56,"Montclaire Elementary School","PM 2.5","Mecklenburg",35.1512830008885,-80.866983
"4893",NA,53,"Montclaire Elementary School","PM 2.5","Mecklenburg",35.1512830008885,-80.866983
"4894",NA,44,"Montclaire Elementary School","PM 2.5","Mecklenburg",35.1512830008885,-80.866983
"4895",NA,34,"Montclaire Elementary School","PM 2.5","Mecklenburg",35.1512830008885,-80.866983
"4896",NA,21,"Montclaire Elementary School","PM 2.5","Mecklenburg",35.1512830008885,-80.866983
"4897",NA,28,"Montclaire Elementary School","PM 2.5","Mecklenburg",35.1512830008885,-80.866983
"4898",2-01-20,40,"Montclaire Elementary School","PM 2.5","Mecklenburg",35.1512830008885,-80.866983
"4899",2-02-20,64,"Montclaire Elementary School","PM 2.5","Mecklenburg",35.1512830008885,-80.866983
"4900",2-03-20,69,"Montclaire Elementary School","PM 2.5","Mecklenburg",35.1512830008885,-80.866983
"4901",2-04-20,61,"Montclaire Elementary School","PM 2.5","Mecklenburg",35.1512830008885,-80.866983
"4902",2-05-20,43,"Montclaire Elementary School","PM 2.5","Mecklenburg",35.1512830008885,-80.866983
"4903",2-06-20,49,"Montclaire Elementary School","PM 2.5","Mecklenburg",35.1512830008885,-80.866983
"4904",2-08-20,33,"Montclaire Elementary School","PM 2.5","Mecklenburg",35.1512830008885,-80.866983
"4905",2-09-20,16,"Montclaire Elementary School","PM 2.5","Mecklenburg",35.1512830008885,-80.866983
"4906",2-10-20,38,"Montclaire Elementary School","PM 2.5","Mecklenburg",35.1512830008885,-80.866983
"4907",2-11-20,48,"Montclaire Elementary School","PM 2.5","Mecklenburg",35.1512830008885,-80.866983
"4908",2-12-20,8,"Montclaire Elementary School","PM 2.5","Mecklenburg",35.1512830008885,-80.866983
"4909",NA,6,"Montclaire Elementary School","PM 2.5","Mecklenburg",35.1512830008885,-80.866983
"4910",NA,21,"Montclaire Elementary School","PM 2.5","Mecklenburg",35.1512830008885,-80.866983
"4911",NA,38,"Montclaire Elementary School","PM 2.5","Mecklenburg",35.1512830008885,-80.866983
"4912",NA,15,"Montclaire Elementary School","PM 2.5","Mecklenburg",35.1512830008885,-80.866983
"4913",NA,33,"Montclaire Elementary School","PM 2.5","Mecklenburg",35.1512830008885,-80.866983
"4914",NA,13,"Montclaire Elementary School","PM 2.5","Mecklenburg",35.1512830008885,-80.866983
"4915",NA,25,"Montclaire Elementary School","PM 2.5","Mecklenburg",35.1512830008885,-80.866983
"4916",NA,18,"Montclaire Elementary School","PM 2.5","Mecklenburg",35.1512830008885,-80.866983
"4917",NA,26,"Montclaire Elementary School","PM 2.5","Mecklenburg",35.1512830008885,-80.866983
"4918",NA,8,"Montclaire Elementary School","PM 2.5","Mecklenburg",35.1512830008885,-80.866983
"4919",NA,8,"Montclaire Elementary School","PM 2.5","Mecklenburg",35.1512830008885,-80.866983
"4920",NA,9,"Montclaire Elementary School","PM 2.5","Mecklenburg",35.1512830008885,-80.866983
"4921",NA,10,"Montclaire Elementary School","PM 2.5","Mecklenburg",35.1512830008885,-80.866983
"4922",NA,34,"Montclaire Elementary School","PM 2.5","Mecklenburg",35.1512830008885,-80.866983
"4923",NA,56,"Montclaire Elementary School","PM 2.5","Mecklenburg",35.1512830008885,-80.866983
"4924",NA,54,"Montclaire Elementary School","PM 2.5","Mecklenburg",35.1512830008885,-80.866983
"4925",3-01-20,26,"Montclaire Elementary School","PM 2.5","Mecklenburg",35.1512830008885,-80.866983
"4926",3-02-20,24,"Montclaire Elementary School","PM 2.5","Mecklenburg",35.1512830008885,-80.866983
"4927",3-03-20,29,"Montclaire Elementary School","PM 2.5","Mecklenburg",35.1512830008885,-80.866983
"4928",3-04-20,21,"Montclaire Elementary School","PM 2.5","Mecklenburg",35.1512830008885,-80.866983
"4929",3-05-20,18,"Montclaire Elementary School","PM 2.5","Mecklenburg",35.1512830008885,-80.866983
"4930",3-06-20,20,"Montclaire Elementary School","PM 2.5","Mecklenburg",35.1512830008885,-80.866983
"4931",3-07-20,30,"Montclaire Elementary School","PM 2.5","Mecklenburg",35.1512830008885,-80.866983
"4932",3-08-20,60,"Montclaire Elementary School","PM 2.5","Mecklenburg",35.1512830008885,-80.866983
"4933",3-09-20,63,"Montclaire Elementary School","PM 2.5","Mecklenburg",35.1512830008885,-80.866983
"4934",3-10-20,39,"Montclaire Elementary School","PM 2.5","Mecklenburg",35.1512830008885,-80.866983
"4935",3-11-20,22,"Montclaire Elementary School","PM 2.5","Mecklenburg",35.1512830008885,-80.866983
"4936",3-12-20,15,"Montclaire Elementary School","PM 2.5","Mecklenburg",35.1512830008885,-80.866983
"4937",NA,34,"Montclaire Elementary School","PM 2.5","Mecklenburg",35.1512830008885,-80.866983
"4938",NA,35,"Montclaire Elementary School","PM 2.5","Mecklenburg",35.1512830008885,-80.866983
"4939",NA,25,"Montclaire Elementary School","PM 2.5","Mecklenburg",35.1512830008885,-80.866983
"4940",NA,24,"Montclaire Elementary School","PM 2.5","Mecklenburg",35.1512830008885,-80.866983
"4941",NA,25,"Montclaire Elementary School","PM 2.5","Mecklenburg",35.1512830008885,-80.866983
"4942",NA,29,"Montclaire Elementary School","PM 2.5","Mecklenburg",35.1512830008885,-80.866983
"4943",NA,25,"Montclaire Elementary School","PM 2.5","Mecklenburg",35.1512830008885,-80.866983
"4944",NA,33,"Montclaire Elementary School","PM 2.5","Mecklenburg",35.1512830008885,-80.866983
"4945",NA,31,"Montclaire Elementary School","PM 2.5","Mecklenburg",35.1512830008885,-80.866983
"4946",NA,18,"Montclaire Elementary School","PM 2.5","Mecklenburg",35.1512830008885,-80.866983
"4947",NA,28,"Montclaire Elementary School","PM 2.5","Mecklenburg",35.1512830008885,-80.866983
"4948",NA,57,"Montclaire Elementary School","PM 2.5","Mecklenburg",35.1512830008885,-80.866983
"4949",NA,52,"Montclaire Elementary School","PM 2.5","Mecklenburg",35.1512830008885,-80.866983
"4950",NA,44,"Montclaire Elementary School","PM 2.5","Mecklenburg",35.1512830008885,-80.866983
"4951",NA,22,"Montclaire Elementary School","PM 2.5","Mecklenburg",35.1512830008885,-80.866983
"4952",NA,26,"Montclaire Elementary School","PM 2.5","Mecklenburg",35.1512830008885,-80.866983
"4953",NA,48,"Montclaire Elementary School","PM 2.5","Mecklenburg",35.1512830008885,-80.866983
"4954",NA,54,"Montclaire Elementary School","PM 2.5","Mecklenburg",35.1512830008885,-80.866983
"4955",NA,24,"Montclaire Elementary School","PM 2.5","Mecklenburg",35.1512830008885,-80.866983
"4956",1-01-20,21,"Montclaire Elementary School","PM 2.5","Mecklenburg",35.1512830008885,-80.866983
"4957",1-02-20,27,"Montclaire Elementary School","PM 2.5","Mecklenburg",35.1512830008885,-80.866983
"4958",1-03-20,22,"Montclaire Elementary School","PM 2.5","Mecklenburg",35.1512830008885,-80.866983
"4959",1-04-20,15,"Montclaire Elementary School","PM 2.5","Mecklenburg",35.1512830008885,-80.866983
"4960",1-05-20,7,"Montclaire Elementary School","PM 2.5","Mecklenburg",35.1512830008885,-80.866983
"4961",1-06-20,41,"Montclaire Elementary School","PM 2.5","Mecklenburg",35.1512830008885,-80.866983
"4962",1-07-20,46,"Montclaire Elementary School","PM 2.5","Mecklenburg",35.1512830008885,-80.866983
"4963",1-08-20,44,"Montclaire Elementary School","PM 2.5","Mecklenburg",35.1512830008885,-80.866983
"4964",1-09-20,8,"Montclaire Elementary School","PM 2.5","Mecklenburg",35.1512830008885,-80.866983
"4965",1-10-20,18,"Montclaire Elementary School","PM 2.5","Mecklenburg",35.1512830008885,-80.866983
"4966",1-11-20,30,"Montclaire Elementary School","PM 2.5","Mecklenburg",35.1512830008885,-80.866983
"4967",1-12-20,48,"Montclaire Elementary School","PM 2.5","Mecklenburg",35.1512830008885,-80.866983
"4968",NA,20,"Montclaire Elementary School","PM 2.5","Mecklenburg",35.1512830008885,-80.866983
"4969",NA,28,"Montclaire Elementary School","PM 2.5","Mecklenburg",35.1512830008885,-80.866983
"4970",NA,34,"Montclaire Elementary School","PM 2.5","Mecklenburg",35.1512830008885,-80.866983
"4971",NA,41,"Montclaire Elementary School","PM 2.5","Mecklenburg",35.1512830008885,-80.866983
"4972",NA,36,"Montclaire Elementary School","PM 2.5","Mecklenburg",35.1512830008885,-80.866983
"4973",NA,57,"Montclaire Elementary School","PM 2.5","Mecklenburg",35.1512830008885,-80.866983
"4974",NA,61,"Montclaire Elementary School","PM 2.5","Mecklenburg",35.1512830008885,-80.866983
"4975",NA,17,"Montclaire Elementary School","PM 2.5","Mecklenburg",35.1512830008885,-80.866983
"4976",NA,24,"Montclaire Elementary School","PM 2.5","Mecklenburg",35.1512830008885,-80.866983
"4977",NA,26,"Montclaire Elementary School","PM 2.5","Mecklenburg",35.1512830008885,-80.866983
"4978",NA,30,"Montclaire Elementary School","PM 2.5","Mecklenburg",35.1512830008885,-80.866983
"4979",NA,7,"Montclaire Elementary School","PM 2.5","Mecklenburg",35.1512830008885,-80.866983
"4980",NA,30,"Montclaire Elementary School","PM 2.5","Mecklenburg",35.1512830008885,-80.866983
"4981",NA,56,"Montclaire Elementary School","PM 2.5","Mecklenburg",35.1512830008885,-80.866983
"4982",NA,53,"Montclaire Elementary School","PM 2.5","Mecklenburg",35.1512830008885,-80.866983
"4983",NA,44,"Montclaire Elementary School","PM 2.5","Mecklenburg",35.1512830008885,-80.866983
"4984",NA,34,"Montclaire Elementary School","PM 2.5","Mecklenburg",35.1512830008885,-80.866983
"4985",NA,21,"Montclaire Elementary School","PM 2.5","Mecklenburg",35.1512830008885,-80.866983
"4986",NA,28,"Montclaire Elementary School","PM 2.5","Mecklenburg",35.1512830008885,-80.866983
"4987",2-01-20,40,"Montclaire Elementary School","PM 2.5","Mecklenburg",35.1512830008885,-80.866983
"4988",2-02-20,64,"Montclaire Elementary School","PM 2.5","Mecklenburg",35.1512830008885,-80.866983
"4989",2-03-20,69,"Montclaire Elementary School","PM 2.5","Mecklenburg",35.1512830008885,-80.866983
"4990",2-04-20,61,"Montclaire Elementary School","PM 2.5","Mecklenburg",35.1512830008885,-80.866983
"4991",2-05-20,43,"Montclaire Elementary School","PM 2.5","Mecklenburg",35.1512830008885,-80.866983
"4992",2-06-20,49,"Montclaire Elementary School","PM 2.5","Mecklenburg",35.1512830008885,-80.866983
"4993",2-08-20,33,"Montclaire Elementary School","PM 2.5","Mecklenburg",35.1512830008885,-80.866983
"4994",2-09-20,16,"Montclaire Elementary School","PM 2.5","Mecklenburg",35.1512830008885,-80.866983
"4995",2-10-20,38,"Montclaire Elementary School","PM 2.5","Mecklenburg",35.1512830008885,-80.866983
"4996",2-11-20,48,"Montclaire Elementary School","PM 2.5","Mecklenburg",35.1512830008885,-80.866983
"4997",2-12-20,8,"Montclaire Elementary School","PM 2.5","Mecklenburg",35.1512830008885,-80.866983
"4998",NA,5,"Montclaire Elementary School","PM 2.5","Mecklenburg",35.1512830008885,-80.866983
"4999",NA,21,"Montclaire Elementary School","PM 2.5","Mecklenburg",35.1512830008885,-80.866983
"5000",NA,38,"Montclaire Elementary School","PM 2.5","Mecklenburg",35.1512830008885,-80.866983
"5001",NA,15,"Montclaire Elementary School","PM 2.5","Mecklenburg",35.1512830008885,-80.866983
"5002",NA,33,"Montclaire Elementary School","PM 2.5","Mecklenburg",35.1512830008885,-80.866983
"5003",NA,13,"Montclaire Elementary School","PM 2.5","Mecklenburg",35.1512830008885,-80.866983
"5004",NA,25,"Montclaire Elementary School","PM 2.5","Mecklenburg",35.1512830008885,-80.866983
"5005",NA,18,"Montclaire Elementary School","PM 2.5","Mecklenburg",35.1512830008885,-80.866983
"5006",NA,26,"Montclaire Elementary School","PM 2.5","Mecklenburg",35.1512830008885,-80.866983
"5007",NA,8,"Montclaire Elementary School","PM 2.5","Mecklenburg",35.1512830008885,-80.866983
"5008",NA,8,"Montclaire Elementary School","PM 2.5","Mecklenburg",35.1512830008885,-80.866983
"5009",NA,12,"Montclaire Elementary School","PM 2.5","Mecklenburg",35.1512830008885,-80.866983
"5010",NA,11,"Montclaire Elementary School","PM 2.5","Mecklenburg",35.1512830008885,-80.866983
"5011",NA,34,"Montclaire Elementary School","PM 2.5","Mecklenburg",35.1512830008885,-80.866983
"5012",NA,56,"Montclaire Elementary School","PM 2.5","Mecklenburg",35.1512830008885,-80.866983
"5013",NA,54,"Montclaire Elementary School","PM 2.5","Mecklenburg",35.1512830008885,-80.866983
"5014",3-01-20,26,"Montclaire Elementary School","PM 2.5","Mecklenburg",35.1512830008885,-80.866983
"5015",3-02-20,24,"Montclaire Elementary School","PM 2.5","Mecklenburg",35.1512830008885,-80.866983
"5016",3-03-20,29,"Montclaire Elementary School","PM 2.5","Mecklenburg",35.1512830008885,-80.866983
"5017",3-04-20,21,"Montclaire Elementary School","PM 2.5","Mecklenburg",35.1512830008885,-80.866983
"5018",3-05-20,18,"Montclaire Elementary School","PM 2.5","Mecklenburg",35.1512830008885,-80.866983
"5019",3-06-20,20,"Montclaire Elementary School","PM 2.5","Mecklenburg",35.1512830008885,-80.866983
"5020",3-07-20,30,"Montclaire Elementary School","PM 2.5","Mecklenburg",35.1512830008885,-80.866983
"5021",3-08-20,60,"Montclaire Elementary School","PM 2.5","Mecklenburg",35.1512830008885,-80.866983
"5022",3-09-20,63,"Montclaire Elementary School","PM 2.5","Mecklenburg",35.1512830008885,-80.866983
"5023",3-10-20,39,"Montclaire Elementary School","PM 2.5","Mecklenburg",35.1512830008885,-80.866983
"5024",3-11-20,24,"Montclaire Elementary School","PM 2.5","Mecklenburg",35.1512830008885,-80.866983
"5025",3-12-20,15,"Montclaire Elementary School","PM 2.5","Mecklenburg",35.1512830008885,-80.866983
"5026",NA,34,"Montclaire Elementary School","PM 2.5","Mecklenburg",35.1512830008885,-80.866983
"5027",NA,35,"Montclaire Elementary School","PM 2.5","Mecklenburg",35.1512830008885,-80.866983
"5028",NA,25,"Montclaire Elementary School","PM 2.5","Mecklenburg",35.1512830008885,-80.866983
"5029",NA,24,"Montclaire Elementary School","PM 2.5","Mecklenburg",35.1512830008885,-80.866983
"5030",NA,25,"Montclaire Elementary School","PM 2.5","Mecklenburg",35.1512830008885,-80.866983
"5031",NA,29,"Montclaire Elementary School","PM 2.5","Mecklenburg",35.1512830008885,-80.866983
"5032",NA,25,"Montclaire Elementary School","PM 2.5","Mecklenburg",35.1512830008885,-80.866983
"5033",NA,33,"Montclaire Elementary School","PM 2.5","Mecklenburg",35.1512830008885,-80.866983
"5034",NA,31,"Montclaire Elementary School","PM 2.5","Mecklenburg",35.1512830008885,-80.866983
"5035",NA,18,"Montclaire Elementary School","PM 2.5","Mecklenburg",35.1512830008885,-80.866983
"5036",NA,28,"Montclaire Elementary School","PM 2.5","Mecklenburg",35.1512830008885,-80.866983
"5037",NA,57,"Montclaire Elementary School","PM 2.5","Mecklenburg",35.1512830008885,-80.866983
"5038",NA,52,"Montclaire Elementary School","PM 2.5","Mecklenburg",35.1512830008885,-80.866983
"5039",NA,28,"Montclaire Elementary School","PM 2.5","Mecklenburg",35.1512830008885,-80.866983
"5040",NA,48,"Montclaire Elementary School","PM 2.5","Mecklenburg",35.1512830008885,-80.866983
"5041",NA,54,"Montclaire Elementary School","PM 2.5","Mecklenburg",35.1512830008885,-80.866983
"5042",NA,24,"Montclaire Elementary School","PM 2.5","Mecklenburg",35.1512830008885,-80.866983
"5043",4-01-20,17,"Montclaire Elementary School","PM 2.5","Mecklenburg",35.1512830008885,-80.866983
"5044",1-09-20,11,"Remount","PM 2.5","Mecklenburg",35.213171,-80.874084
"5045",NA,19,"Remount","PM 2.5","Mecklenburg",35.213171,-80.874084
"5046",2-02-20,58,"Remount","PM 2.5","Mecklenburg",35.213171,-80.874084
"5047",NA,33,"Remount","PM 2.5","Mecklenburg",35.213171,-80.874084
"5048",NA,45,"Remount","PM 2.5","Mecklenburg",35.213171,-80.874084
"5049",3-10-20,40,"Remount","PM 2.5","Mecklenburg",35.213171,-80.874084
"5050",NA,19,"Remount","PM 2.5","Mecklenburg",35.213171,-80.874084
"5051",NA,13,"Remount","PM 2.5","Mecklenburg",35.213171,-80.874084
"5052",NA,38,"Remount","PM 2.5","Mecklenburg",35.213171,-80.874084
"5053",NA,28,"Remount","PM 2.5","Mecklenburg",35.213171,-80.874084
"5054",5-09-20,23,"Remount","PM 2.5","Mecklenburg",35.213171,-80.874084
"5055",NA,40,"Remount","PM 2.5","Mecklenburg",35.213171,-80.874084
"5056",6-02-20,56,"Remount","PM 2.5","Mecklenburg",35.213171,-80.874084
"5057",NA,23,"Remount","PM 2.5","Mecklenburg",35.213171,-80.874084
"5058",NA,34,"Remount","PM 2.5","Mecklenburg",35.213171,-80.874084
"5059",7-08-20,53,"Remount","PM 2.5","Mecklenburg",35.213171,-80.874084
"5060",NA,28,"Remount","PM 2.5","Mecklenburg",35.213171,-80.874084
"5061",8-01-20,46,"Remount","PM 2.5","Mecklenburg",35.213171,-80.874084
"5062",NA,47,"Remount","PM 2.5","Mecklenburg",35.213171,-80.874084
"5063",NA,24,"Remount","PM 2.5","Mecklenburg",35.213171,-80.874084
"5064",9-06-20,36,"Remount","PM 2.5","Mecklenburg",35.213171,-80.874084
"5065",NA,30,"Remount","PM 2.5","Mecklenburg",35.213171,-80.874084
"5066",NA,67,"Remount","PM 2.5","Mecklenburg",35.213171,-80.874084
"5067",1-01-20,25,"Remount","PM 2.5","Mecklenburg",35.213171,-80.874084
"5068",1-02-20,33,"Remount","PM 2.5","Mecklenburg",35.213171,-80.874084
"5069",1-03-20,31,"Remount","PM 2.5","Mecklenburg",35.213171,-80.874084
"5070",1-04-20,22,"Remount","PM 2.5","Mecklenburg",35.213171,-80.874084
"5071",1-05-20,11,"Remount","PM 2.5","Mecklenburg",35.213171,-80.874084
"5072",1-06-20,27,"Remount","PM 2.5","Mecklenburg",35.213171,-80.874084
"5073",1-07-20,43,"Remount","PM 2.5","Mecklenburg",35.213171,-80.874084
"5074",1-08-20,40,"Remount","PM 2.5","Mecklenburg",35.213171,-80.874084
"5075",1-09-20,11,"Remount","PM 2.5","Mecklenburg",35.213171,-80.874084
"5076",1-10-20,24,"Remount","PM 2.5","Mecklenburg",35.213171,-80.874084
"5077",1-11-20,44,"Remount","PM 2.5","Mecklenburg",35.213171,-80.874084
"5078",1-12-20,52,"Remount","PM 2.5","Mecklenburg",35.213171,-80.874084
"5079",NA,23,"Remount","PM 2.5","Mecklenburg",35.213171,-80.874084
"5080",NA,34,"Remount","PM 2.5","Mecklenburg",35.213171,-80.874084
"5081",NA,32,"Remount","PM 2.5","Mecklenburg",35.213171,-80.874084
"5082",NA,42,"Remount","PM 2.5","Mecklenburg",35.213171,-80.874084
"5083",NA,48,"Remount","PM 2.5","Mecklenburg",35.213171,-80.874084
"5084",NA,58,"Remount","PM 2.5","Mecklenburg",35.213171,-80.874084
"5085",NA,62,"Remount","PM 2.5","Mecklenburg",35.213171,-80.874084
"5086",NA,15,"Remount","PM 2.5","Mecklenburg",35.213171,-80.874084
"5087",NA,25,"Remount","PM 2.5","Mecklenburg",35.213171,-80.874084
"5088",NA,40,"Remount","PM 2.5","Mecklenburg",35.213171,-80.874084
"5089",NA,36,"Remount","PM 2.5","Mecklenburg",35.213171,-80.874084
"5090",NA,12,"Remount","PM 2.5","Mecklenburg",35.213171,-80.874084
"5091",NA,35,"Remount","PM 2.5","Mecklenburg",35.213171,-80.874084
"5092",NA,56,"Remount","PM 2.5","Mecklenburg",35.213171,-80.874084
"5093",NA,49,"Remount","PM 2.5","Mecklenburg",35.213171,-80.874084
"5094",NA,45,"Remount","PM 2.5","Mecklenburg",35.213171,-80.874084
"5095",NA,40,"Remount","PM 2.5","Mecklenburg",35.213171,-80.874084
"5096",NA,29,"Remount","PM 2.5","Mecklenburg",35.213171,-80.874084
"5097",NA,38,"Remount","PM 2.5","Mecklenburg",35.213171,-80.874084
"5098",2-01-20,46,"Remount","PM 2.5","Mecklenburg",35.213171,-80.874084
"5099",2-02-20,60,"Remount","PM 2.5","Mecklenburg",35.213171,-80.874084
"5100",2-03-20,62,"Remount","PM 2.5","Mecklenburg",35.213171,-80.874084
"5101",2-04-20,60,"Remount","PM 2.5","Mecklenburg",35.213171,-80.874084
"5102",2-05-20,45,"Remount","PM 2.5","Mecklenburg",35.213171,-80.874084
"5103",2-06-20,50,"Remount","PM 2.5","Mecklenburg",35.213171,-80.874084
"5104",2-07-20,37,"Remount","PM 2.5","Mecklenburg",35.213171,-80.874084
"5105",2-08-20,39,"Remount","PM 2.5","Mecklenburg",35.213171,-80.874084
"5106",2-09-20,22,"Remount","PM 2.5","Mecklenburg",35.213171,-80.874084
"5107",2-10-20,43,"Remount","PM 2.5","Mecklenburg",35.213171,-80.874084
"5108",2-11-20,52,"Remount","PM 2.5","Mecklenburg",35.213171,-80.874084
"5109",2-12-20,18,"Remount","PM 2.5","Mecklenburg",35.213171,-80.874084
"5110",NA,18,"Remount","PM 2.5","Mecklenburg",35.213171,-80.874084
"5111",NA,40,"Remount","PM 2.5","Mecklenburg",35.213171,-80.874084
"5112",NA,40,"Remount","PM 2.5","Mecklenburg",35.213171,-80.874084
"5113",NA,23,"Remount","PM 2.5","Mecklenburg",35.213171,-80.874084
"5114",NA,42,"Remount","PM 2.5","Mecklenburg",35.213171,-80.874084
"5115",NA,22,"Remount","PM 2.5","Mecklenburg",35.213171,-80.874084
"5116",NA,36,"Remount","PM 2.5","Mecklenburg",35.213171,-80.874084
"5117",NA,31,"Remount","PM 2.5","Mecklenburg",35.213171,-80.874084
"5118",NA,31,"Remount","PM 2.5","Mecklenburg",35.213171,-80.874084
"5119",NA,21,"Remount","PM 2.5","Mecklenburg",35.213171,-80.874084
"5120",NA,18,"Remount","PM 2.5","Mecklenburg",35.213171,-80.874084
"5121",NA,14,"Remount","PM 2.5","Mecklenburg",35.213171,-80.874084
"5122",NA,20,"Remount","PM 2.5","Mecklenburg",35.213171,-80.874084
"5123",NA,48,"Remount","PM 2.5","Mecklenburg",35.213171,-80.874084
"5124",NA,57,"Remount","PM 2.5","Mecklenburg",35.213171,-80.874084
"5125",NA,56,"Remount","PM 2.5","Mecklenburg",35.213171,-80.874084
"5126",3-01-20,37,"Remount","PM 2.5","Mecklenburg",35.213171,-80.874084
"5127",3-02-20,30,"Remount","PM 2.5","Mecklenburg",35.213171,-80.874084
"5128",3-03-20,33,"Remount","PM 2.5","Mecklenburg",35.213171,-80.874084
"5129",3-04-20,27,"Remount","PM 2.5","Mecklenburg",35.213171,-80.874084
"5130",3-05-20,27,"Remount","PM 2.5","Mecklenburg",35.213171,-80.874084
"5131",3-06-20,25,"Remount","PM 2.5","Mecklenburg",35.213171,-80.874084
"5132",3-07-20,44,"Remount","PM 2.5","Mecklenburg",35.213171,-80.874084
"5133",3-08-20,63,"Remount","PM 2.5","Mecklenburg",35.213171,-80.874084
"5134",3-09-20,68,"Remount","PM 2.5","Mecklenburg",35.213171,-80.874084
"5135",3-10-20,40,"Remount","PM 2.5","Mecklenburg",35.213171,-80.874084
"5136",3-11-20,35,"Remount","PM 2.5","Mecklenburg",35.213171,-80.874084
"5137",3-12-20,29,"Remount","PM 2.5","Mecklenburg",35.213171,-80.874084
"5138",NA,51,"Remount","PM 2.5","Mecklenburg",35.213171,-80.874084
"5139",NA,45,"Remount","PM 2.5","Mecklenburg",35.213171,-80.874084
"5140",NA,31,"Remount","PM 2.5","Mecklenburg",35.213171,-80.874084
"5141",NA,24,"Remount","PM 2.5","Mecklenburg",35.213171,-80.874084
"5142",NA,35,"Remount","PM 2.5","Mecklenburg",35.213171,-80.874084
"5143",NA,38,"Remount","PM 2.5","Mecklenburg",35.213171,-80.874084
"5144",NA,38,"Remount","PM 2.5","Mecklenburg",35.213171,-80.874084
"5145",NA,48,"Remount","PM 2.5","Mecklenburg",35.213171,-80.874084
"5146",NA,37,"Remount","PM 2.5","Mecklenburg",35.213171,-80.874084
"5147",NA,22,"Remount","PM 2.5","Mecklenburg",35.213171,-80.874084
"5148",NA,29,"Remount","PM 2.5","Mecklenburg",35.213171,-80.874084
"5149",NA,59,"Remount","PM 2.5","Mecklenburg",35.213171,-80.874084
"5150",NA,56,"Remount","PM 2.5","Mecklenburg",35.213171,-80.874084
"5151",NA,52,"Remount","PM 2.5","Mecklenburg",35.213171,-80.874084
"5152",NA,32,"Remount","PM 2.5","Mecklenburg",35.213171,-80.874084
"5153",NA,43,"Remount","PM 2.5","Mecklenburg",35.213171,-80.874084
"5154",NA,54,"Remount","PM 2.5","Mecklenburg",35.213171,-80.874084
"5155",NA,57,"Remount","PM 2.5","Mecklenburg",35.213171,-80.874084
"5156",NA,25,"Remount","PM 2.5","Mecklenburg",35.213171,-80.874084
"5157",4-01-20,25,"Remount","PM 2.5","Mecklenburg",35.213171,-80.874084
"5158",4-02-20,36,"Remount","PM 2.5","Mecklenburg",35.213171,-80.874084
"5159",4-03-20,43,"Remount","PM 2.5","Mecklenburg",35.213171,-80.874084
"5160",4-04-20,42,"Remount","PM 2.5","Mecklenburg",35.213171,-80.874084
"5161",4-05-20,28,"Remount","PM 2.5","Mecklenburg",35.213171,-80.874084
"5162",4-06-20,32,"Remount","PM 2.5","Mecklenburg",35.213171,-80.874084
"5163",4-07-20,49,"Remount","PM 2.5","Mecklenburg",35.213171,-80.874084
"5164",4-08-20,36,"Remount","PM 2.5","Mecklenburg",35.213171,-80.874084
"5165",4-09-20,30,"Remount","PM 2.5","Mecklenburg",35.213171,-80.874084
"5166",4-10-20,35,"Remount","PM 2.5","Mecklenburg",35.213171,-80.874084
"5167",4-11-20,31,"Remount","PM 2.5","Mecklenburg",35.213171,-80.874084
"5168",4-12-20,32,"Remount","PM 2.5","Mecklenburg",35.213171,-80.874084
"5169",NA,29,"Remount","PM 2.5","Mecklenburg",35.213171,-80.874084
"5170",NA,32,"Remount","PM 2.5","Mecklenburg",35.213171,-80.874084
"5171",NA,13,"Remount","PM 2.5","Mecklenburg",35.213171,-80.874084
"5172",NA,22,"Remount","PM 2.5","Mecklenburg",35.213171,-80.874084
"5173",NA,48,"Remount","PM 2.5","Mecklenburg",35.213171,-80.874084
"5174",NA,36,"Remount","PM 2.5","Mecklenburg",35.213171,-80.874084
"5175",NA,31,"Remount","PM 2.5","Mecklenburg",35.213171,-80.874084
"5176",NA,9,"Remount","PM 2.5","Mecklenburg",35.213171,-80.874084
"5177",NA,13,"Remount","PM 2.5","Mecklenburg",35.213171,-80.874084
"5178",NA,26,"Remount","PM 2.5","Mecklenburg",35.213171,-80.874084
"5179",NA,33,"Remount","PM 2.5","Mecklenburg",35.213171,-80.874084
"5180",NA,40,"Remount","PM 2.5","Mecklenburg",35.213171,-80.874084
"5181",NA,55,"Remount","PM 2.5","Mecklenburg",35.213171,-80.874084
"5182",NA,42,"Remount","PM 2.5","Mecklenburg",35.213171,-80.874084
"5183",NA,36,"Remount","PM 2.5","Mecklenburg",35.213171,-80.874084
"5184",NA,46,"Remount","PM 2.5","Mecklenburg",35.213171,-80.874084
"5185",NA,53,"Remount","PM 2.5","Mecklenburg",35.213171,-80.874084
"5186",NA,53,"Remount","PM 2.5","Mecklenburg",35.213171,-80.874084
"5187",5-01-20,38,"Remount","PM 2.5","Mecklenburg",35.213171,-80.874084
"5188",5-02-20,36,"Remount","PM 2.5","Mecklenburg",35.213171,-80.874084
"5189",5-03-20,33,"Remount","PM 2.5","Mecklenburg",35.213171,-80.874084
"5190",5-04-20,30,"Remount","PM 2.5","Mecklenburg",35.213171,-80.874084
"5191",5-05-20,21,"Remount","PM 2.5","Mecklenburg",35.213171,-80.874084
"5192",5-06-20,27,"Remount","PM 2.5","Mecklenburg",35.213171,-80.874084
"5193",5-07-20,37,"Remount","PM 2.5","Mecklenburg",35.213171,-80.874084
"5194",5-08-20,35,"Remount","PM 2.5","Mecklenburg",35.213171,-80.874084
"5195",5-09-20,26,"Remount","PM 2.5","Mecklenburg",35.213171,-80.874084
"5196",5-10-20,31,"Remount","PM 2.5","Mecklenburg",35.213171,-80.874084
"5197",5-11-20,31,"Remount","PM 2.5","Mecklenburg",35.213171,-80.874084
"5198",5-12-20,20,"Remount","PM 2.5","Mecklenburg",35.213171,-80.874084
"5199",NA,17,"Remount","PM 2.5","Mecklenburg",35.213171,-80.874084
"5200",NA,23,"Remount","PM 2.5","Mecklenburg",35.213171,-80.874084
"5201",NA,34,"Remount","PM 2.5","Mecklenburg",35.213171,-80.874084
"5202",NA,42,"Remount","PM 2.5","Mecklenburg",35.213171,-80.874084
"5203",NA,60,"Remount","PM 2.5","Mecklenburg",35.213171,-80.874084
"5204",NA,46,"Remount","PM 2.5","Mecklenburg",35.213171,-80.874084
"5205",NA,56,"Remount","PM 2.5","Mecklenburg",35.213171,-80.874084
"5206",NA,57,"Remount","PM 2.5","Mecklenburg",35.213171,-80.874084
"5207",NA,56,"Remount","PM 2.5","Mecklenburg",35.213171,-80.874084
"5208",NA,53,"Remount","PM 2.5","Mecklenburg",35.213171,-80.874084
"5209",NA,54,"Remount","PM 2.5","Mecklenburg",35.213171,-80.874084
"5210",NA,48,"Remount","PM 2.5","Mecklenburg",35.213171,-80.874084
"5211",NA,56,"Remount","PM 2.5","Mecklenburg",35.213171,-80.874084
"5212",NA,38,"Remount","PM 2.5","Mecklenburg",35.213171,-80.874084
"5213",6-01-20,29,"Remount","PM 2.5","Mecklenburg",35.213171,-80.874084
"5214",6-02-20,54,"Remount","PM 2.5","Mecklenburg",35.213171,-80.874084
"5215",6-03-20,60,"Remount","PM 2.5","Mecklenburg",35.213171,-80.874084
"5216",6-04-20,45,"Remount","PM 2.5","Mecklenburg",35.213171,-80.874084
"5217",6-05-20,59,"Remount","PM 2.5","Mecklenburg",35.213171,-80.874084
"5218",6-06-20,40,"Remount","PM 2.5","Mecklenburg",35.213171,-80.874084
"5219",6-07-20,45,"Remount","PM 2.5","Mecklenburg",35.213171,-80.874084
"5220",6-08-20,23,"Remount","PM 2.5","Mecklenburg",35.213171,-80.874084
"5221",6-09-20,21,"Remount","PM 2.5","Mecklenburg",35.213171,-80.874084
"5222",6-10-20,25,"Remount","PM 2.5","Mecklenburg",35.213171,-80.874084
"5223",6-11-20,27,"Remount","PM 2.5","Mecklenburg",35.213171,-80.874084
"5224",6-12-20,27,"Remount","PM 2.5","Mecklenburg",35.213171,-80.874084
"5225",NA,25,"Remount","PM 2.5","Mecklenburg",35.213171,-80.874084
"5226",NA,23,"Remount","PM 2.5","Mecklenburg",35.213171,-80.874084
"5227",NA,34,"Remount","PM 2.5","Mecklenburg",35.213171,-80.874084
"5228",NA,42,"Remount","PM 2.5","Mecklenburg",35.213171,-80.874084
"5229",NA,45,"Remount","PM 2.5","Mecklenburg",35.213171,-80.874084
"5230",NA,25,"Remount","PM 2.5","Mecklenburg",35.213171,-80.874084
"5231",NA,25,"Remount","PM 2.5","Mecklenburg",35.213171,-80.874084
"5232",NA,38,"Remount","PM 2.5","Mecklenburg",35.213171,-80.874084
"5233",NA,27,"Remount","PM 2.5","Mecklenburg",35.213171,-80.874084
"5234",NA,31,"Remount","PM 2.5","Mecklenburg",35.213171,-80.874084
"5235",NA,45,"Remount","PM 2.5","Mecklenburg",35.213171,-80.874084
"5236",NA,53,"Remount","PM 2.5","Mecklenburg",35.213171,-80.874084
"5237",NA,27,"Remount","PM 2.5","Mecklenburg",35.213171,-80.874084
"5238",NA,35,"Remount","PM 2.5","Mecklenburg",35.213171,-80.874084
"5239",NA,48,"Remount","PM 2.5","Mecklenburg",35.213171,-80.874084
"5240",NA,52,"Remount","PM 2.5","Mecklenburg",35.213171,-80.874084
"5241",NA,48,"Remount","PM 2.5","Mecklenburg",35.213171,-80.874084
"5242",NA,44,"Remount","PM 2.5","Mecklenburg",35.213171,-80.874084
"5243",7-01-20,50,"Remount","PM 2.5","Mecklenburg",35.213171,-80.874084
"5244",7-02-20,55,"Remount","PM 2.5","Mecklenburg",35.213171,-80.874084
"5245",7-03-20,43,"Remount","PM 2.5","Mecklenburg",35.213171,-80.874084
"5246",7-04-20,52,"Remount","PM 2.5","Mecklenburg",35.213171,-80.874084
"5247",7-05-20,57,"Remount","PM 2.5","Mecklenburg",35.213171,-80.874084
"5248",7-06-20,45,"Remount","PM 2.5","Mecklenburg",35.213171,-80.874084
"5249",7-07-20,54,"Remount","PM 2.5","Mecklenburg",35.213171,-80.874084
"5250",7-08-20,55,"Remount","PM 2.5","Mecklenburg",35.213171,-80.874084
"5251",7-09-20,38,"Remount","PM 2.5","Mecklenburg",35.213171,-80.874084
"5252",7-10-20,35,"Remount","PM 2.5","Mecklenburg",35.213171,-80.874084
"5253",7-11-20,31,"Remount","PM 2.5","Mecklenburg",35.213171,-80.874084
"5254",7-12-20,25,"Remount","PM 2.5","Mecklenburg",35.213171,-80.874084
"5255",NA,30,"Remount","PM 2.5","Mecklenburg",35.213171,-80.874084
"5256",NA,27,"Remount","PM 2.5","Mecklenburg",35.213171,-80.874084
"5257",NA,51,"Remount","PM 2.5","Mecklenburg",35.213171,-80.874084
"5258",NA,57,"Remount","PM 2.5","Mecklenburg",35.213171,-80.874084
"5259",NA,55,"Remount","PM 2.5","Mecklenburg",35.213171,-80.874084
"5260",NA,28,"Remount","PM 2.5","Mecklenburg",35.213171,-80.874084
"5261",NA,42,"Remount","PM 2.5","Mecklenburg",35.213171,-80.874084
"5262",NA,26,"Remount","PM 2.5","Mecklenburg",35.213171,-80.874084
"5263",NA,30,"Remount","PM 2.5","Mecklenburg",35.213171,-80.874084
"5264",NA,26,"Remount","PM 2.5","Mecklenburg",35.213171,-80.874084
"5265",NA,26,"Remount","PM 2.5","Mecklenburg",35.213171,-80.874084
"5266",NA,33,"Remount","PM 2.5","Mecklenburg",35.213171,-80.874084
"5267",NA,38,"Remount","PM 2.5","Mecklenburg",35.213171,-80.874084
"5268",NA,47,"Remount","PM 2.5","Mecklenburg",35.213171,-80.874084
"5269",NA,54,"Remount","PM 2.5","Mecklenburg",35.213171,-80.874084
"5270",NA,58,"Remount","PM 2.5","Mecklenburg",35.213171,-80.874084
"5271",NA,54,"Remount","PM 2.5","Mecklenburg",35.213171,-80.874084
"5272",NA,44,"Remount","PM 2.5","Mecklenburg",35.213171,-80.874084
"5273",NA,46,"Remount","PM 2.5","Mecklenburg",35.213171,-80.874084
"5274",8-01-20,46,"Remount","PM 2.5","Mecklenburg",35.213171,-80.874084
"5275",8-02-20,52,"Remount","PM 2.5","Mecklenburg",35.213171,-80.874084
"5276",8-03-20,52,"Remount","PM 2.5","Mecklenburg",35.213171,-80.874084
"5277",8-04-20,39,"Remount","PM 2.5","Mecklenburg",35.213171,-80.874084
"5278",8-05-20,45,"Remount","PM 2.5","Mecklenburg",35.213171,-80.874084
"5279",8-06-20,38,"Remount","PM 2.5","Mecklenburg",35.213171,-80.874084
"5280",8-07-20,43,"Remount","PM 2.5","Mecklenburg",35.213171,-80.874084
"5281",8-08-20,35,"Remount","PM 2.5","Mecklenburg",35.213171,-80.874084
"5282",8-09-20,42,"Remount","PM 2.5","Mecklenburg",35.213171,-80.874084
"5283",8-10-20,53,"Remount","PM 2.5","Mecklenburg",35.213171,-80.874084
"5284",8-11-20,52,"Remount","PM 2.5","Mecklenburg",35.213171,-80.874084
"5285",8-12-20,54,"Remount","PM 2.5","Mecklenburg",35.213171,-80.874084
"5286",NA,47,"Remount","PM 2.5","Mecklenburg",35.213171,-80.874084
"5287",NA,30,"Remount","PM 2.5","Mecklenburg",35.213171,-80.874084
"5288",NA,40,"Remount","PM 2.5","Mecklenburg",35.213171,-80.874084
"5289",NA,45,"Remount","PM 2.5","Mecklenburg",35.213171,-80.874084
"5290",NA,39,"Remount","PM 2.5","Mecklenburg",35.213171,-80.874084
"5291",NA,34,"Remount","PM 2.5","Mecklenburg",35.213171,-80.874084
"5292",NA,40,"Remount","PM 2.5","Mecklenburg",35.213171,-80.874084
"5293",NA,34,"Remount","PM 2.5","Mecklenburg",35.213171,-80.874084
"5294",NA,30,"Remount","PM 2.5","Mecklenburg",35.213171,-80.874084
"5295",NA,40,"Remount","PM 2.5","Mecklenburg",35.213171,-80.874084
"5296",NA,32,"Remount","PM 2.5","Mecklenburg",35.213171,-80.874084
"5297",NA,23,"Remount","PM 2.5","Mecklenburg",35.213171,-80.874084
"5298",NA,24,"Remount","PM 2.5","Mecklenburg",35.213171,-80.874084
"5299",NA,25,"Remount","PM 2.5","Mecklenburg",35.213171,-80.874084
"5300",NA,33,"Remount","PM 2.5","Mecklenburg",35.213171,-80.874084
"5301",NA,32,"Remount","PM 2.5","Mecklenburg",35.213171,-80.874084
"5302",NA,30,"Remount","PM 2.5","Mecklenburg",35.213171,-80.874084
"5303",NA,45,"Remount","PM 2.5","Mecklenburg",35.213171,-80.874084
"5304",NA,48,"Remount","PM 2.5","Mecklenburg",35.213171,-80.874084
"5305",9-01-20,35,"Remount","PM 2.5","Mecklenburg",35.213171,-80.874084
"5306",9-02-20,25,"Remount","PM 2.5","Mecklenburg",35.213171,-80.874084
"5307",9-03-20,41,"Remount","PM 2.5","Mecklenburg",35.213171,-80.874084
"5308",9-04-20,43,"Remount","PM 2.5","Mecklenburg",35.213171,-80.874084
"5309",9-05-20,29,"Remount","PM 2.5","Mecklenburg",35.213171,-80.874084
"5310",9-06-20,33,"Remount","PM 2.5","Mecklenburg",35.213171,-80.874084
"5311",9-07-20,46,"Remount","PM 2.5","Mecklenburg",35.213171,-80.874084
"5312",9-08-20,48,"Remount","PM 2.5","Mecklenburg",35.213171,-80.874084
"5313",9-09-20,62,"Remount","PM 2.5","Mecklenburg",35.213171,-80.874084
"5314",9-10-20,66,"Remount","PM 2.5","Mecklenburg",35.213171,-80.874084
"5315",9-11-20,62,"Remount","PM 2.5","Mecklenburg",35.213171,-80.874084
"5316",9-12-20,59,"Remount","PM 2.5","Mecklenburg",35.213171,-80.874084
"5317",NA,58,"Remount","PM 2.5","Mecklenburg",35.213171,-80.874084
"5318",NA,33,"Remount","PM 2.5","Mecklenburg",35.213171,-80.874084
"5319",NA,49,"Remount","PM 2.5","Mecklenburg",35.213171,-80.874084
"5320",NA,39,"Remount","PM 2.5","Mecklenburg",35.213171,-80.874084
"5321",NA,56,"Remount","PM 2.5","Mecklenburg",35.213171,-80.874084
"5322",NA,32,"Remount","PM 2.5","Mecklenburg",35.213171,-80.874084
"5323",NA,27,"Remount","PM 2.5","Mecklenburg",35.213171,-80.874084
"5324",NA,38,"Remount","PM 2.5","Mecklenburg",35.213171,-80.874084
"5325",NA,45,"Remount","PM 2.5","Mecklenburg",35.213171,-80.874084
"5326",NA,39,"Remount","PM 2.5","Mecklenburg",35.213171,-80.874084
"5327",NA,33,"Remount","PM 2.5","Mecklenburg",35.213171,-80.874084
"5328",NA,40,"Remount","PM 2.5","Mecklenburg",35.213171,-80.874084
"5329",NA,44,"Remount","PM 2.5","Mecklenburg",35.213171,-80.874084
"5330",NA,51,"Remount","PM 2.5","Mecklenburg",35.213171,-80.874084
"5331",NA,54,"Remount","PM 2.5","Mecklenburg",35.213171,-80.874084
"5332",NA,41,"Remount","PM 2.5","Mecklenburg",35.213171,-80.874084
"5333",NA,54,"Remount","PM 2.5","Mecklenburg",35.213171,-80.874084
"5334",NA,70,"Remount","PM 2.5","Mecklenburg",35.213171,-80.874084
"5335",10-01-20,72,"Remount","PM 2.5","Mecklenburg",35.213171,-80.874084
"5336",10-02-20,62,"Remount","PM 2.5","Mecklenburg",35.213171,-80.874084
"5337",10-03-20,57,"Remount","PM 2.5","Mecklenburg",35.213171,-80.874084
"5338",10-04-20,52,"Remount","PM 2.5","Mecklenburg",35.213171,-80.874084
"5339",10-05-20,22,"Remount","PM 2.5","Mecklenburg",35.213171,-80.874084
"5340",10-06-20,25,"Remount","PM 2.5","Mecklenburg",35.213171,-80.874084
"5341",10-07-20,25,"Remount","PM 2.5","Mecklenburg",35.213171,-80.874084
"5342",10-08-20,27,"Remount","PM 2.5","Mecklenburg",35.213171,-80.874084
"5343",10-09-20,21,"Remount","PM 2.5","Mecklenburg",35.213171,-80.874084
"5344",10-10-20,30,"Remount","PM 2.5","Mecklenburg",35.213171,-80.874084
"5345",10-11-20,33,"Remount","PM 2.5","Mecklenburg",35.213171,-80.874084
"5346",10-12-20,30,"Remount","PM 2.5","Mecklenburg",35.213171,-80.874084
"5347",NA,43,"Remount","PM 2.5","Mecklenburg",35.213171,-80.874084
"5348",NA,24,"Remount","PM 2.5","Mecklenburg",35.213171,-80.874084
"5349",NA,55,"Remount","PM 2.5","Mecklenburg",35.213171,-80.874084
"5350",NA,17,"Remount","PM 2.5","Mecklenburg",35.213171,-80.874084
"5351",NA,12,"Remount","PM 2.5","Mecklenburg",35.213171,-80.874084
"5352",NA,30,"Remount","PM 2.5","Mecklenburg",35.213171,-80.874084
"5353",NA,46,"Remount","PM 2.5","Mecklenburg",35.213171,-80.874084
"5354",NA,12,"Remount","PM 2.5","Mecklenburg",35.213171,-80.874084
"5355",NA,25,"Remount","PM 2.5","Mecklenburg",35.213171,-80.874084
"5356",NA,21,"Remount","PM 2.5","Mecklenburg",35.213171,-80.874084
"5357",NA,25,"Remount","PM 2.5","Mecklenburg",35.213171,-80.874084
"5358",NA,48,"Remount","PM 2.5","Mecklenburg",35.213171,-80.874084
"5359",NA,45,"Remount","PM 2.5","Mecklenburg",35.213171,-80.874084
"5360",NA,36,"Remount","PM 2.5","Mecklenburg",35.213171,-80.874084
"5361",NA,18,"Remount","PM 2.5","Mecklenburg",35.213171,-80.874084
"5362",NA,30,"Remount","PM 2.5","Mecklenburg",35.213171,-80.874084
"5363",NA,54,"Remount","PM 2.5","Mecklenburg",35.213171,-80.874084
"5364",NA,34,"Remount","PM 2.5","Mecklenburg",35.213171,-80.874084
"5365",NA,25,"Remount","PM 2.5","Mecklenburg",35.213171,-80.874084
"5366",11-01-20,23,"Remount","PM 2.5","Mecklenburg",35.213171,-80.874084
"5367",11-02-20,37,"Remount","PM 2.5","Mecklenburg",35.213171,-80.874084
"5368",11-03-20,42,"Remount","PM 2.5","Mecklenburg",35.213171,-80.874084
"5369",11-04-20,51,"Remount","PM 2.5","Mecklenburg",35.213171,-80.874084
"5370",11-05-20,53,"Remount","PM 2.5","Mecklenburg",35.213171,-80.874084
"5371",11-06-20,48,"Remount","PM 2.5","Mecklenburg",35.213171,-80.874084
"5372",11-07-20,56,"Remount","PM 2.5","Mecklenburg",35.213171,-80.874084
"5373",11-08-20,22,"Remount","PM 2.5","Mecklenburg",35.213171,-80.874084
"5374",11-09-20,45,"Remount","PM 2.5","Mecklenburg",35.213171,-80.874084
"5375",11-10-20,52,"Remount","PM 2.5","Mecklenburg",35.213171,-80.874084
"5376",11-11-20,45,"Remount","PM 2.5","Mecklenburg",35.213171,-80.874084
"5377",11-12-20,22,"Remount","PM 2.5","Mecklenburg",35.213171,-80.874084
"5378",NA,30,"Remount","PM 2.5","Mecklenburg",35.213171,-80.874084
"5379",NA,55,"Remount","PM 2.5","Mecklenburg",35.213171,-80.874084
"5380",NA,51,"Remount","PM 2.5","Mecklenburg",35.213171,-80.874084
"5381",NA,28,"Remount","PM 2.5","Mecklenburg",35.213171,-80.874084
"5382",NA,19,"Remount","PM 2.5","Mecklenburg",35.213171,-80.874084
"5383",NA,28,"Remount","PM 2.5","Mecklenburg",35.213171,-80.874084
"5384",NA,59,"Remount","PM 2.5","Mecklenburg",35.213171,-80.874084
"5385",NA,42,"Remount","PM 2.5","Mecklenburg",35.213171,-80.874084
"5386",NA,43,"Remount","PM 2.5","Mecklenburg",35.213171,-80.874084
"5387",NA,60,"Remount","PM 2.5","Mecklenburg",35.213171,-80.874084
"5388",NA,52,"Remount","PM 2.5","Mecklenburg",35.213171,-80.874084
"5389",NA,21,"Remount","PM 2.5","Mecklenburg",35.213171,-80.874084
"5390",NA,55,"Remount","PM 2.5","Mecklenburg",35.213171,-80.874084
"5391",NA,66,"Remount","PM 2.5","Mecklenburg",35.213171,-80.874084
"5392",NA,50,"Remount","PM 2.5","Mecklenburg",35.213171,-80.874084
"5393",NA,14,"Remount","PM 2.5","Mecklenburg",35.213171,-80.874084
"5394",NA,21,"Remount","PM 2.5","Mecklenburg",35.213171,-80.874084
"5395",NA,54,"Remount","PM 2.5","Mecklenburg",35.213171,-80.874084
"5396",12-01-20,31,"Remount","PM 2.5","Mecklenburg",35.213171,-80.874084
"5397",12-02-20,9,"Remount","PM 2.5","Mecklenburg",35.213171,-80.874084
"5398",12-03-20,13,"Remount","PM 2.5","Mecklenburg",35.213171,-80.874084
"5399",12-04-20,23,"Remount","PM 2.5","Mecklenburg",35.213171,-80.874084
"5400",12-05-20,27,"Remount","PM 2.5","Mecklenburg",35.213171,-80.874084
"5401",12-06-20,63,"Remount","PM 2.5","Mecklenburg",35.213171,-80.874084
"5402",12-07-20,57,"Remount","PM 2.5","Mecklenburg",35.213171,-80.874084
"5403",12-08-20,30,"Remount","PM 2.5","Mecklenburg",35.213171,-80.874084
"5404",12-09-20,54,"Remount","PM 2.5","Mecklenburg",35.213171,-80.874084
"5405",12-10-20,41,"Remount","PM 2.5","Mecklenburg",35.213171,-80.874084
"5406",12-11-20,24,"Remount","PM 2.5","Mecklenburg",35.213171,-80.874084
"5407",12-12-20,47,"Remount","PM 2.5","Mecklenburg",35.213171,-80.874084
"5408",NA,23,"Remount","PM 2.5","Mecklenburg",35.213171,-80.874084
"5409",NA,13,"Remount","PM 2.5","Mecklenburg",35.213171,-80.874084
"5410",NA,40,"Remount","PM 2.5","Mecklenburg",35.213171,-80.874084
"5411",NA,43,"Remount","PM 2.5","Mecklenburg",35.213171,-80.874084
"5412",NA,16,"Remount","PM 2.5","Mecklenburg",35.213171,-80.874084
"5413",NA,15,"Remount","PM 2.5","Mecklenburg",35.213171,-80.874084
"5414",NA,39,"Remount","PM 2.5","Mecklenburg",35.213171,-80.874084
"5415",NA,64,"Remount","PM 2.5","Mecklenburg",35.213171,-80.874084
"5416",NA,62,"Remount","PM 2.5","Mecklenburg",35.213171,-80.874084
"5417",NA,73,"Remount","PM 2.5","Mecklenburg",35.213171,-80.874084
"5418",NA,35,"Remount","PM 2.5","Mecklenburg",35.213171,-80.874084
"5419",NA,14,"Remount","PM 2.5","Mecklenburg",35.213171,-80.874084
"5420",NA,44,"Remount","PM 2.5","Mecklenburg",35.213171,-80.874084
"5421",NA,60,"Remount","PM 2.5","Mecklenburg",35.213171,-80.874084
"5422",NA,67,"Remount","PM 2.5","Mecklenburg",35.213171,-80.874084
"5423",NA,61,"Remount","PM 2.5","Mecklenburg",35.213171,-80.874084
"5424",NA,24,"Remount","PM 2.5","Mecklenburg",35.213171,-80.874084
"5425",NA,16,"Remount","PM 2.5","Mecklenburg",35.213171,-80.874084
"5426",NA,14,"Remount","PM 2.5","Mecklenburg",35.213171,-80.874084
"5427",1-01-20,25,"Remount","PM 2.5","Mecklenburg",35.213171,-80.874084
"5428",1-02-20,33,"Remount","PM 2.5","Mecklenburg",35.213171,-80.874084
"5429",1-03-20,28,"Remount","PM 2.5","Mecklenburg",35.213171,-80.874084
"5430",1-04-20,21,"Remount","PM 2.5","Mecklenburg",35.213171,-80.874084
"5431",1-05-20,11,"Remount","PM 2.5","Mecklenburg",35.213171,-80.874084
"5432",1-06-20,27,"Remount","PM 2.5","Mecklenburg",35.213171,-80.874084
"5433",1-07-20,43,"Remount","PM 2.5","Mecklenburg",35.213171,-80.874084
"5434",1-08-20,40,"Remount","PM 2.5","Mecklenburg",35.213171,-80.874084
"5435",1-09-20,11,"Remount","PM 2.5","Mecklenburg",35.213171,-80.874084
"5436",1-10-20,24,"Remount","PM 2.5","Mecklenburg",35.213171,-80.874084
"5437",1-11-20,44,"Remount","PM 2.5","Mecklenburg",35.213171,-80.874084
"5438",1-12-20,51,"Remount","PM 2.5","Mecklenburg",35.213171,-80.874084
"5439",NA,18,"Remount","PM 2.5","Mecklenburg",35.213171,-80.874084
"5440",NA,34,"Remount","PM 2.5","Mecklenburg",35.213171,-80.874084
"5441",NA,32,"Remount","PM 2.5","Mecklenburg",35.213171,-80.874084
"5442",NA,42,"Remount","PM 2.5","Mecklenburg",35.213171,-80.874084
"5443",NA,48,"Remount","PM 2.5","Mecklenburg",35.213171,-80.874084
"5444",NA,58,"Remount","PM 2.5","Mecklenburg",35.213171,-80.874084
"5445",NA,62,"Remount","PM 2.5","Mecklenburg",35.213171,-80.874084
"5446",NA,15,"Remount","PM 2.5","Mecklenburg",35.213171,-80.874084
"5447",NA,25,"Remount","PM 2.5","Mecklenburg",35.213171,-80.874084
"5448",NA,40,"Remount","PM 2.5","Mecklenburg",35.213171,-80.874084
"5449",NA,36,"Remount","PM 2.5","Mecklenburg",35.213171,-80.874084
"5450",NA,12,"Remount","PM 2.5","Mecklenburg",35.213171,-80.874084
"5451",NA,35,"Remount","PM 2.5","Mecklenburg",35.213171,-80.874084
"5452",NA,56,"Remount","PM 2.5","Mecklenburg",35.213171,-80.874084
"5453",NA,49,"Remount","PM 2.5","Mecklenburg",35.213171,-80.874084
"5454",NA,45,"Remount","PM 2.5","Mecklenburg",35.213171,-80.874084
"5455",NA,40,"Remount","PM 2.5","Mecklenburg",35.213171,-80.874084
"5456",NA,29,"Remount","PM 2.5","Mecklenburg",35.213171,-80.874084
"5457",NA,38,"Remount","PM 2.5","Mecklenburg",35.213171,-80.874084
"5458",2-01-20,46,"Remount","PM 2.5","Mecklenburg",35.213171,-80.874084
"5459",2-02-20,60,"Remount","PM 2.5","Mecklenburg",35.213171,-80.874084
"5460",2-03-20,62,"Remount","PM 2.5","Mecklenburg",35.213171,-80.874084
"5461",2-04-20,60,"Remount","PM 2.5","Mecklenburg",35.213171,-80.874084
"5462",2-05-20,45,"Remount","PM 2.5","Mecklenburg",35.213171,-80.874084
"5463",2-06-20,51,"Remount","PM 2.5","Mecklenburg",35.213171,-80.874084
"5464",2-07-20,37,"Remount","PM 2.5","Mecklenburg",35.213171,-80.874084
"5465",2-08-20,39,"Remount","PM 2.5","Mecklenburg",35.213171,-80.874084
"5466",2-09-20,22,"Remount","PM 2.5","Mecklenburg",35.213171,-80.874084
"5467",2-10-20,43,"Remount","PM 2.5","Mecklenburg",35.213171,-80.874084
"5468",2-11-20,52,"Remount","PM 2.5","Mecklenburg",35.213171,-80.874084
"5469",2-12-20,18,"Remount","PM 2.5","Mecklenburg",35.213171,-80.874084
"5470",NA,18,"Remount","PM 2.5","Mecklenburg",35.213171,-80.874084
"5471",NA,40,"Remount","PM 2.5","Mecklenburg",35.213171,-80.874084
"5472",NA,40,"Remount","PM 2.5","Mecklenburg",35.213171,-80.874084
"5473",NA,23,"Remount","PM 2.5","Mecklenburg",35.213171,-80.874084
"5474",NA,42,"Remount","PM 2.5","Mecklenburg",35.213171,-80.874084
"5475",NA,22,"Remount","PM 2.5","Mecklenburg",35.213171,-80.874084
"5476",NA,36,"Remount","PM 2.5","Mecklenburg",35.213171,-80.874084
"5477",NA,31,"Remount","PM 2.5","Mecklenburg",35.213171,-80.874084
"5478",NA,31,"Remount","PM 2.5","Mecklenburg",35.213171,-80.874084
"5479",NA,21,"Remount","PM 2.5","Mecklenburg",35.213171,-80.874084
"5480",NA,18,"Remount","PM 2.5","Mecklenburg",35.213171,-80.874084
"5481",NA,14,"Remount","PM 2.5","Mecklenburg",35.213171,-80.874084
"5482",NA,20,"Remount","PM 2.5","Mecklenburg",35.213171,-80.874084
"5483",NA,48,"Remount","PM 2.5","Mecklenburg",35.213171,-80.874084
"5484",NA,57,"Remount","PM 2.5","Mecklenburg",35.213171,-80.874084
"5485",NA,56,"Remount","PM 2.5","Mecklenburg",35.213171,-80.874084
"5486",3-01-20,37,"Remount","PM 2.5","Mecklenburg",35.213171,-80.874084
"5487",3-02-20,30,"Remount","PM 2.5","Mecklenburg",35.213171,-80.874084
"5488",3-03-20,33,"Remount","PM 2.5","Mecklenburg",35.213171,-80.874084
"5489",3-04-20,27,"Remount","PM 2.5","Mecklenburg",35.213171,-80.874084
"5490",3-05-20,27,"Remount","PM 2.5","Mecklenburg",35.213171,-80.874084
"5491",3-06-20,25,"Remount","PM 2.5","Mecklenburg",35.213171,-80.874084
"5492",3-07-20,44,"Remount","PM 2.5","Mecklenburg",35.213171,-80.874084
"5493",3-08-20,63,"Remount","PM 2.5","Mecklenburg",35.213171,-80.874084
"5494",3-09-20,68,"Remount","PM 2.5","Mecklenburg",35.213171,-80.874084
"5495",3-10-20,40,"Remount","PM 2.5","Mecklenburg",35.213171,-80.874084
"5496",3-11-20,35,"Remount","PM 2.5","Mecklenburg",35.213171,-80.874084
"5497",3-12-20,29,"Remount","PM 2.5","Mecklenburg",35.213171,-80.874084
"5498",NA,51,"Remount","PM 2.5","Mecklenburg",35.213171,-80.874084
"5499",NA,45,"Remount","PM 2.5","Mecklenburg",35.213171,-80.874084
"5500",NA,31,"Remount","PM 2.5","Mecklenburg",35.213171,-80.874084
"5501",NA,24,"Remount","PM 2.5","Mecklenburg",35.213171,-80.874084
"5502",NA,35,"Remount","PM 2.5","Mecklenburg",35.213171,-80.874084
"5503",NA,38,"Remount","PM 2.5","Mecklenburg",35.213171,-80.874084
"5504",NA,38,"Remount","PM 2.5","Mecklenburg",35.213171,-80.874084
"5505",NA,48,"Remount","PM 2.5","Mecklenburg",35.213171,-80.874084
"5506",NA,37,"Remount","PM 2.5","Mecklenburg",35.213171,-80.874084
"5507",NA,22,"Remount","PM 2.5","Mecklenburg",35.213171,-80.874084
"5508",NA,29,"Remount","PM 2.5","Mecklenburg",35.213171,-80.874084
"5509",NA,61,"Remount","PM 2.5","Mecklenburg",35.213171,-80.874084
"5510",NA,54,"Remount","PM 2.5","Mecklenburg",35.213171,-80.874084
"5511",NA,43,"Remount","PM 2.5","Mecklenburg",35.213171,-80.874084
"5512",NA,54,"Remount","PM 2.5","Mecklenburg",35.213171,-80.874084
"5513",NA,57,"Remount","PM 2.5","Mecklenburg",35.213171,-80.874084
"5514",NA,25,"Remount","PM 2.5","Mecklenburg",35.213171,-80.874084
"5515",4-01-20,25,"Remount","PM 2.5","Mecklenburg",35.213171,-80.874084
"5516",4-02-20,36,"Remount","PM 2.5","Mecklenburg",35.213171,-80.874084
"5517",4-03-20,43,"Remount","PM 2.5","Mecklenburg",35.213171,-80.874084
"5518",4-04-20,42,"Remount","PM 2.5","Mecklenburg",35.213171,-80.874084
"5519",4-05-20,28,"Remount","PM 2.5","Mecklenburg",35.213171,-80.874084
"5520",4-06-20,32,"Remount","PM 2.5","Mecklenburg",35.213171,-80.874084
"5521",4-07-20,49,"Remount","PM 2.5","Mecklenburg",35.213171,-80.874084
"5522",4-08-20,36,"Remount","PM 2.5","Mecklenburg",35.213171,-80.874084
"5523",4-09-20,30,"Remount","PM 2.5","Mecklenburg",35.213171,-80.874084
"5524",4-10-20,35,"Remount","PM 2.5","Mecklenburg",35.213171,-80.874084
"5525",4-11-20,31,"Remount","PM 2.5","Mecklenburg",35.213171,-80.874084
"5526",4-12-20,32,"Remount","PM 2.5","Mecklenburg",35.213171,-80.874084
"5527",NA,29,"Remount","PM 2.5","Mecklenburg",35.213171,-80.874084
"5528",NA,32,"Remount","PM 2.5","Mecklenburg",35.213171,-80.874084
"5529",NA,15,"Remount","PM 2.5","Mecklenburg",35.213171,-80.874084
"5530",NA,22,"Remount","PM 2.5","Mecklenburg",35.213171,-80.874084
"5531",NA,48,"Remount","PM 2.5","Mecklenburg",35.213171,-80.874084
"5532",NA,36,"Remount","PM 2.5","Mecklenburg",35.213171,-80.874084
"5533",NA,31,"Remount","PM 2.5","Mecklenburg",35.213171,-80.874084
"5534",NA,9,"Remount","PM 2.5","Mecklenburg",35.213171,-80.874084
"5535",NA,13,"Remount","PM 2.5","Mecklenburg",35.213171,-80.874084
"5536",NA,26,"Remount","PM 2.5","Mecklenburg",35.213171,-80.874084
"5537",NA,33,"Remount","PM 2.5","Mecklenburg",35.213171,-80.874084
"5538",NA,40,"Remount","PM 2.5","Mecklenburg",35.213171,-80.874084
"5539",NA,55,"Remount","PM 2.5","Mecklenburg",35.213171,-80.874084
"5540",NA,42,"Remount","PM 2.5","Mecklenburg",35.213171,-80.874084
"5541",NA,36,"Remount","PM 2.5","Mecklenburg",35.213171,-80.874084
"5542",NA,46,"Remount","PM 2.5","Mecklenburg",35.213171,-80.874084
"5543",NA,53,"Remount","PM 2.5","Mecklenburg",35.213171,-80.874084
"5544",NA,53,"Remount","PM 2.5","Mecklenburg",35.213171,-80.874084
"5545",5-01-20,38,"Remount","PM 2.5","Mecklenburg",35.213171,-80.874084
"5546",5-02-20,36,"Remount","PM 2.5","Mecklenburg",35.213171,-80.874084
"5547",5-03-20,33,"Remount","PM 2.5","Mecklenburg",35.213171,-80.874084
"5548",5-04-20,30,"Remount","PM 2.5","Mecklenburg",35.213171,-80.874084
"5549",5-05-20,23,"Remount","PM 2.5","Mecklenburg",35.213171,-80.874084
"5550",5-06-20,27,"Remount","PM 2.5","Mecklenburg",35.213171,-80.874084
"5551",5-07-20,37,"Remount","PM 2.5","Mecklenburg",35.213171,-80.874084
"5552",5-08-20,35,"Remount","PM 2.5","Mecklenburg",35.213171,-80.874084
"5553",5-09-20,28,"Remount","PM 2.5","Mecklenburg",35.213171,-80.874084
"5554",5-10-20,31,"Remount","PM 2.5","Mecklenburg",35.213171,-80.874084
"5555",5-11-20,31,"Remount","PM 2.5","Mecklenburg",35.213171,-80.874084
"5556",5-12-20,20,"Remount","PM 2.5","Mecklenburg",35.213171,-80.874084
"5557",NA,17,"Remount","PM 2.5","Mecklenburg",35.213171,-80.874084
"5558",NA,23,"Remount","PM 2.5","Mecklenburg",35.213171,-80.874084
"5559",NA,34,"Remount","PM 2.5","Mecklenburg",35.213171,-80.874084
"5560",NA,42,"Remount","PM 2.5","Mecklenburg",35.213171,-80.874084
"5561",NA,60,"Remount","PM 2.5","Mecklenburg",35.213171,-80.874084
"5562",NA,46,"Remount","PM 2.5","Mecklenburg",35.213171,-80.874084
"5563",NA,56,"Remount","PM 2.5","Mecklenburg",35.213171,-80.874084
"5564",NA,57,"Remount","PM 2.5","Mecklenburg",35.213171,-80.874084
"5565",NA,56,"Remount","PM 2.5","Mecklenburg",35.213171,-80.874084
"5566",NA,53,"Remount","PM 2.5","Mecklenburg",35.213171,-80.874084
"5567",NA,54,"Remount","PM 2.5","Mecklenburg",35.213171,-80.874084
"5568",NA,48,"Remount","PM 2.5","Mecklenburg",35.213171,-80.874084
"5569",NA,56,"Remount","PM 2.5","Mecklenburg",35.213171,-80.874084
"5570",NA,38,"Remount","PM 2.5","Mecklenburg",35.213171,-80.874084
"5571",6-01-20,29,"Remount","PM 2.5","Mecklenburg",35.213171,-80.874084
"5572",6-02-20,54,"Remount","PM 2.5","Mecklenburg",35.213171,-80.874084
"5573",6-03-20,60,"Remount","PM 2.5","Mecklenburg",35.213171,-80.874084
"5574",6-04-20,45,"Remount","PM 2.5","Mecklenburg",35.213171,-80.874084
"5575",6-05-20,59,"Remount","PM 2.5","Mecklenburg",35.213171,-80.874084
"5576",6-06-20,40,"Remount","PM 2.5","Mecklenburg",35.213171,-80.874084
"5577",6-07-20,45,"Remount","PM 2.5","Mecklenburg",35.213171,-80.874084
"5578",6-08-20,23,"Remount","PM 2.5","Mecklenburg",35.213171,-80.874084
"5579",6-09-20,23,"Remount","PM 2.5","Mecklenburg",35.213171,-80.874084
"5580",6-10-20,25,"Remount","PM 2.5","Mecklenburg",35.213171,-80.874084
"5581",6-11-20,27,"Remount","PM 2.5","Mecklenburg",35.213171,-80.874084
"5582",6-12-20,27,"Remount","PM 2.5","Mecklenburg",35.213171,-80.874084
"5583",NA,25,"Remount","PM 2.5","Mecklenburg",35.213171,-80.874084
"5584",NA,23,"Remount","PM 2.5","Mecklenburg",35.213171,-80.874084
"5585",NA,34,"Remount","PM 2.5","Mecklenburg",35.213171,-80.874084
"5586",NA,42,"Remount","PM 2.5","Mecklenburg",35.213171,-80.874084
"5587",NA,44,"Remount","PM 2.5","Mecklenburg",35.213171,-80.874084
"5588",NA,25,"Remount","PM 2.5","Mecklenburg",35.213171,-80.874084
"5589",NA,25,"Remount","PM 2.5","Mecklenburg",35.213171,-80.874084
"5590",NA,38,"Remount","PM 2.5","Mecklenburg",35.213171,-80.874084
"5591",NA,27,"Remount","PM 2.5","Mecklenburg",35.213171,-80.874084
"5592",NA,31,"Remount","PM 2.5","Mecklenburg",35.213171,-80.874084
"5593",NA,45,"Remount","PM 2.5","Mecklenburg",35.213171,-80.874084
"5594",NA,53,"Remount","PM 2.5","Mecklenburg",35.213171,-80.874084
"5595",NA,29,"Remount","PM 2.5","Mecklenburg",35.213171,-80.874084
"5596",NA,35,"Remount","PM 2.5","Mecklenburg",35.213171,-80.874084
"5597",NA,48,"Remount","PM 2.5","Mecklenburg",35.213171,-80.874084
"5598",NA,52,"Remount","PM 2.5","Mecklenburg",35.213171,-80.874084
"5599",NA,48,"Remount","PM 2.5","Mecklenburg",35.213171,-80.874084
"5600",NA,44,"Remount","PM 2.5","Mecklenburg",35.213171,-80.874084
"5601",7-01-20,50,"Remount","PM 2.5","Mecklenburg",35.213171,-80.874084
"5602",7-02-20,55,"Remount","PM 2.5","Mecklenburg",35.213171,-80.874084
"5603",7-03-20,43,"Remount","PM 2.5","Mecklenburg",35.213171,-80.874084
"5604",7-04-20,52,"Remount","PM 2.5","Mecklenburg",35.213171,-80.874084
"5605",7-05-20,57,"Remount","PM 2.5","Mecklenburg",35.213171,-80.874084
"5606",7-06-20,44,"Remount","PM 2.5","Mecklenburg",35.213171,-80.874084
"5607",7-07-20,54,"Remount","PM 2.5","Mecklenburg",35.213171,-80.874084
"5608",7-08-20,55,"Remount","PM 2.5","Mecklenburg",35.213171,-80.874084
"5609",7-09-20,38,"Remount","PM 2.5","Mecklenburg",35.213171,-80.874084
"5610",7-10-20,35,"Remount","PM 2.5","Mecklenburg",35.213171,-80.874084
"5611",7-11-20,31,"Remount","PM 2.5","Mecklenburg",35.213171,-80.874084
"5612",7-12-20,25,"Remount","PM 2.5","Mecklenburg",35.213171,-80.874084
"5613",NA,30,"Remount","PM 2.5","Mecklenburg",35.213171,-80.874084
"5614",NA,27,"Remount","PM 2.5","Mecklenburg",35.213171,-80.874084
"5615",NA,52,"Remount","PM 2.5","Mecklenburg",35.213171,-80.874084
"5616",NA,59,"Remount","PM 2.5","Mecklenburg",35.213171,-80.874084
"5617",1-01-20,5,"Spruce Pine Hospital","PM 2.5","Mitchell",35.9124870008966,-82.062082
"5618",1-02-20,18,"Spruce Pine Hospital","PM 2.5","Mitchell",35.9124870008966,-82.062082
"5619",1-03-20,5,"Spruce Pine Hospital","PM 2.5","Mitchell",35.9124870008966,-82.062082
"5620",1-04-20,8,"Spruce Pine Hospital","PM 2.5","Mitchell",35.9124870008966,-82.062082
"5621",1-05-20,3,"Spruce Pine Hospital","PM 2.5","Mitchell",35.9124870008966,-82.062082
"5622",1-06-20,9,"Spruce Pine Hospital","PM 2.5","Mitchell",35.9124870008966,-82.062082
"5623",1-07-20,26,"Spruce Pine Hospital","PM 2.5","Mitchell",35.9124870008966,-82.062082
"5624",1-08-20,29,"Spruce Pine Hospital","PM 2.5","Mitchell",35.9124870008966,-82.062082
"5625",1-09-20,6,"Spruce Pine Hospital","PM 2.5","Mitchell",35.9124870008966,-82.062082
"5626",1-10-20,12,"Spruce Pine Hospital","PM 2.5","Mitchell",35.9124870008966,-82.062082
"5627",1-11-20,21,"Spruce Pine Hospital","PM 2.5","Mitchell",35.9124870008966,-82.062082
"5628",1-12-20,40,"Spruce Pine Hospital","PM 2.5","Mitchell",35.9124870008966,-82.062082
"5629",NA,22,"Spruce Pine Hospital","PM 2.5","Mitchell",35.9124870008966,-82.062082
"5630",NA,4,"Spruce Pine Hospital","PM 2.5","Mitchell",35.9124870008966,-82.062082
"5631",NA,10,"Spruce Pine Hospital","PM 2.5","Mitchell",35.9124870008966,-82.062082
"5632",NA,18,"Spruce Pine Hospital","PM 2.5","Mitchell",35.9124870008966,-82.062082
"5633",NA,29,"Spruce Pine Hospital","PM 2.5","Mitchell",35.9124870008966,-82.062082
"5634",NA,16,"Spruce Pine Hospital","PM 2.5","Mitchell",35.9124870008966,-82.062082
"5635",NA,19,"Spruce Pine Hospital","PM 2.5","Mitchell",35.9124870008966,-82.062082
"5636",NA,2,"Spruce Pine Hospital","PM 2.5","Mitchell",35.9124870008966,-82.062082
"5637",NA,10,"Spruce Pine Hospital","PM 2.5","Mitchell",35.9124870008966,-82.062082
"5638",NA,30,"Spruce Pine Hospital","PM 2.5","Mitchell",35.9124870008966,-82.062082
"5639",NA,14,"Spruce Pine Hospital","PM 2.5","Mitchell",35.9124870008966,-82.062082
"5640",NA,5,"Spruce Pine Hospital","PM 2.5","Mitchell",35.9124870008966,-82.062082
"5641",NA,18,"Spruce Pine Hospital","PM 2.5","Mitchell",35.9124870008966,-82.062082
"5642",NA,23,"Spruce Pine Hospital","PM 2.5","Mitchell",35.9124870008966,-82.062082
"5643",NA,39,"Spruce Pine Hospital","PM 2.5","Mitchell",35.9124870008966,-82.062082
"5644",NA,53,"Spruce Pine Hospital","PM 2.5","Mitchell",35.9124870008966,-82.062082
"5645",NA,38,"Spruce Pine Hospital","PM 2.5","Mitchell",35.9124870008966,-82.062082
"5646",NA,8,"Spruce Pine Hospital","PM 2.5","Mitchell",35.9124870008966,-82.062082
"5647",NA,19,"Spruce Pine Hospital","PM 2.5","Mitchell",35.9124870008966,-82.062082
"5648",2-01-20,51,"Spruce Pine Hospital","PM 2.5","Mitchell",35.9124870008966,-82.062082
"5649",2-05-20,36,"Spruce Pine Hospital","PM 2.5","Mitchell",35.9124870008966,-82.062082
"5650",2-06-20,33,"Spruce Pine Hospital","PM 2.5","Mitchell",35.9124870008966,-82.062082
"5651",2-07-20,26,"Spruce Pine Hospital","PM 2.5","Mitchell",35.9124870008966,-82.062082
"5652",2-08-20,8,"Spruce Pine Hospital","PM 2.5","Mitchell",35.9124870008966,-82.062082
"5653",2-09-20,15,"Spruce Pine Hospital","PM 2.5","Mitchell",35.9124870008966,-82.062082
"5654",2-10-20,26,"Spruce Pine Hospital","PM 2.5","Mitchell",35.9124870008966,-82.062082
"5655",2-11-20,27,"Spruce Pine Hospital","PM 2.5","Mitchell",35.9124870008966,-82.062082
"5656",2-12-20,7,"Spruce Pine Hospital","PM 2.5","Mitchell",35.9124870008966,-82.062082
"5657",NA,2,"Spruce Pine Hospital","PM 2.5","Mitchell",35.9124870008966,-82.062082
"5658",NA,12,"Spruce Pine Hospital","PM 2.5","Mitchell",35.9124870008966,-82.062082
"5659",NA,30,"Spruce Pine Hospital","PM 2.5","Mitchell",35.9124870008966,-82.062082
"5660",NA,12,"Spruce Pine Hospital","PM 2.5","Mitchell",35.9124870008966,-82.062082
"5661",NA,18,"Spruce Pine Hospital","PM 2.5","Mitchell",35.9124870008966,-82.062082
"5662",NA,8,"Spruce Pine Hospital","PM 2.5","Mitchell",35.9124870008966,-82.062082
"5663",NA,22,"Spruce Pine Hospital","PM 2.5","Mitchell",35.9124870008966,-82.062082
"5664",NA,11,"Spruce Pine Hospital","PM 2.5","Mitchell",35.9124870008966,-82.062082
"5665",NA,20,"Spruce Pine Hospital","PM 2.5","Mitchell",35.9124870008966,-82.062082
"5666",NA,5,"Spruce Pine Hospital","PM 2.5","Mitchell",35.9124870008966,-82.062082
"5667",NA,2,"Spruce Pine Hospital","PM 2.5","Mitchell",35.9124870008966,-82.062082
"5668",NA,6,"Spruce Pine Hospital","PM 2.5","Mitchell",35.9124870008966,-82.062082
"5669",NA,9,"Spruce Pine Hospital","PM 2.5","Mitchell",35.9124870008966,-82.062082
"5670",NA,27,"Spruce Pine Hospital","PM 2.5","Mitchell",35.9124870008966,-82.062082
"5671",NA,43,"Spruce Pine Hospital","PM 2.5","Mitchell",35.9124870008966,-82.062082
"5672",NA,24,"Spruce Pine Hospital","PM 2.5","Mitchell",35.9124870008966,-82.062082
"5673",3-01-20,9,"Spruce Pine Hospital","PM 2.5","Mitchell",35.9124870008966,-82.062082
"5674",3-02-20,6,"Spruce Pine Hospital","PM 2.5","Mitchell",35.9124870008966,-82.062082
"5675",3-03-20,16,"Spruce Pine Hospital","PM 2.5","Mitchell",35.9124870008966,-82.062082
"5676",3-04-20,13,"Spruce Pine Hospital","PM 2.5","Mitchell",35.9124870008966,-82.062082
"5677",3-05-20,13,"Spruce Pine Hospital","PM 2.5","Mitchell",35.9124870008966,-82.062082
"5678",3-06-20,13,"Spruce Pine Hospital","PM 2.5","Mitchell",35.9124870008966,-82.062082
"5679",3-07-20,24,"Spruce Pine Hospital","PM 2.5","Mitchell",35.9124870008966,-82.062082
"5680",3-08-20,43,"Spruce Pine Hospital","PM 2.5","Mitchell",35.9124870008966,-82.062082
"5681",3-09-20,39,"Spruce Pine Hospital","PM 2.5","Mitchell",35.9124870008966,-82.062082
"5682",3-10-20,6,"Spruce Pine Hospital","PM 2.5","Mitchell",35.9124870008966,-82.062082
"5683",3-11-20,6,"Spruce Pine Hospital","PM 2.5","Mitchell",35.9124870008966,-82.062082
"5684",3-12-20,11,"Spruce Pine Hospital","PM 2.5","Mitchell",35.9124870008966,-82.062082
"5685",NA,32,"Spruce Pine Hospital","PM 2.5","Mitchell",35.9124870008966,-82.062082
"5686",NA,29,"Spruce Pine Hospital","PM 2.5","Mitchell",35.9124870008966,-82.062082
"5687",NA,21,"Spruce Pine Hospital","PM 2.5","Mitchell",35.9124870008966,-82.062082
"5688",NA,10,"Spruce Pine Hospital","PM 2.5","Mitchell",35.9124870008966,-82.062082
"5689",NA,15,"Spruce Pine Hospital","PM 2.5","Mitchell",35.9124870008966,-82.062082
"5690",NA,20,"Spruce Pine Hospital","PM 2.5","Mitchell",35.9124870008966,-82.062082
"5691",NA,25,"Spruce Pine Hospital","PM 2.5","Mitchell",35.9124870008966,-82.062082
"5692",NA,32,"Spruce Pine Hospital","PM 2.5","Mitchell",35.9124870008966,-82.062082
"5693",NA,39,"Spruce Pine Hospital","PM 2.5","Mitchell",35.9124870008966,-82.062082
"5694",NA,20,"Spruce Pine Hospital","PM 2.5","Mitchell",35.9124870008966,-82.062082
"5695",NA,8,"Spruce Pine Hospital","PM 2.5","Mitchell",35.9124870008966,-82.062082
"5696",NA,44,"Spruce Pine Hospital","PM 2.5","Mitchell",35.9124870008966,-82.062082
"5697",NA,59,"Spruce Pine Hospital","PM 2.5","Mitchell",35.9124870008966,-82.062082
"5698",NA,19,"Spruce Pine Hospital","PM 2.5","Mitchell",35.9124870008966,-82.062082
"5699",NA,19,"Spruce Pine Hospital","PM 2.5","Mitchell",35.9124870008966,-82.062082
"5700",NA,32,"Spruce Pine Hospital","PM 2.5","Mitchell",35.9124870008966,-82.062082
"5701",NA,35,"Spruce Pine Hospital","PM 2.5","Mitchell",35.9124870008966,-82.062082
"5702",NA,48,"Spruce Pine Hospital","PM 2.5","Mitchell",35.9124870008966,-82.062082
"5703",NA,6,"Spruce Pine Hospital","PM 2.5","Mitchell",35.9124870008966,-82.062082
"5704",4-01-20,13,"Spruce Pine Hospital","PM 2.5","Mitchell",35.9124870008966,-82.062082
"5705",4-02-20,26,"Spruce Pine Hospital","PM 2.5","Mitchell",35.9124870008966,-82.062082
"5706",4-03-20,28,"Spruce Pine Hospital","PM 2.5","Mitchell",35.9124870008966,-82.062082
"5707",4-04-20,34,"Spruce Pine Hospital","PM 2.5","Mitchell",35.9124870008966,-82.062082
"5708",4-05-20,20,"Spruce Pine Hospital","PM 2.5","Mitchell",35.9124870008966,-82.062082
"5709",4-06-20,12,"Spruce Pine Hospital","PM 2.5","Mitchell",35.9124870008966,-82.062082
"5710",4-07-20,31,"Spruce Pine Hospital","PM 2.5","Mitchell",35.9124870008966,-82.062082
"5711",4-08-20,23,"Spruce Pine Hospital","PM 2.5","Mitchell",35.9124870008966,-82.062082
"5712",4-09-20,14,"Spruce Pine Hospital","PM 2.5","Mitchell",35.9124870008966,-82.062082
"5713",4-10-20,19,"Spruce Pine Hospital","PM 2.5","Mitchell",35.9124870008966,-82.062082
"5714",4-11-20,33,"Spruce Pine Hospital","PM 2.5","Mitchell",35.9124870008966,-82.062082
"5715",4-12-20,15,"Spruce Pine Hospital","PM 2.5","Mitchell",35.9124870008966,-82.062082
"5716",NA,23,"Spruce Pine Hospital","PM 2.5","Mitchell",35.9124870008966,-82.062082
"5717",NA,10,"Spruce Pine Hospital","PM 2.5","Mitchell",35.9124870008966,-82.062082
"5718",NA,5,"Spruce Pine Hospital","PM 2.5","Mitchell",35.9124870008966,-82.062082
"5719",NA,15,"Spruce Pine Hospital","PM 2.5","Mitchell",35.9124870008966,-82.062082
"5720",NA,25,"Spruce Pine Hospital","PM 2.5","Mitchell",35.9124870008966,-82.062082
"5721",NA,35,"Spruce Pine Hospital","PM 2.5","Mitchell",35.9124870008966,-82.062082
"5722",NA,9,"Spruce Pine Hospital","PM 2.5","Mitchell",35.9124870008966,-82.062082
"5723",NA,0,"Spruce Pine Hospital","PM 2.5","Mitchell",35.9124870008966,-82.062082
"5724",NA,0,"Spruce Pine Hospital","PM 2.5","Mitchell",35.9124870008966,-82.062082
"5725",NA,7,"Spruce Pine Hospital","PM 2.5","Mitchell",35.9124870008966,-82.062082
"5726",NA,12,"Spruce Pine Hospital","PM 2.5","Mitchell",35.9124870008966,-82.062082
"5727",NA,20,"Spruce Pine Hospital","PM 2.5","Mitchell",35.9124870008966,-82.062082
"5728",NA,35,"Spruce Pine Hospital","PM 2.5","Mitchell",35.9124870008966,-82.062082
"5729",NA,24,"Spruce Pine Hospital","PM 2.5","Mitchell",35.9124870008966,-82.062082
"5730",NA,18,"Spruce Pine Hospital","PM 2.5","Mitchell",35.9124870008966,-82.062082
"5731",NA,25,"Spruce Pine Hospital","PM 2.5","Mitchell",35.9124870008966,-82.062082
"5732",NA,34,"Spruce Pine Hospital","PM 2.5","Mitchell",35.9124870008966,-82.062082
"5733",NA,47,"Spruce Pine Hospital","PM 2.5","Mitchell",35.9124870008966,-82.062082
"5734",5-03-20,26,"Spruce Pine Hospital","PM 2.5","Mitchell",35.9124870008966,-82.062082
"5735",5-04-20,19,"Spruce Pine Hospital","PM 2.5","Mitchell",35.9124870008966,-82.062082
"5736",5-05-20,3,"Spruce Pine Hospital","PM 2.5","Mitchell",35.9124870008966,-82.062082
"5737",5-06-20,7,"Spruce Pine Hospital","PM 2.5","Mitchell",35.9124870008966,-82.062082
"5738",5-07-20,25,"Spruce Pine Hospital","PM 2.5","Mitchell",35.9124870008966,-82.062082
"5739",5-10-20,12,"Spruce Pine Hospital","PM 2.5","Mitchell",35.9124870008966,-82.062082
"5740",5-11-20,15,"Spruce Pine Hospital","PM 2.5","Mitchell",35.9124870008966,-82.062082
"5741",5-12-20,6,"Spruce Pine Hospital","PM 2.5","Mitchell",35.9124870008966,-82.062082
"5742",NA,2,"Spruce Pine Hospital","PM 2.5","Mitchell",35.9124870008966,-82.062082
"5743",NA,13,"Spruce Pine Hospital","PM 2.5","Mitchell",35.9124870008966,-82.062082
"5744",NA,22,"Spruce Pine Hospital","PM 2.5","Mitchell",35.9124870008966,-82.062082
"5745",NA,20,"Spruce Pine Hospital","PM 2.5","Mitchell",35.9124870008966,-82.062082
"5746",NA,30,"Spruce Pine Hospital","PM 2.5","Mitchell",35.9124870008966,-82.062082
"5747",NA,47,"Spruce Pine Hospital","PM 2.5","Mitchell",35.9124870008966,-82.062082
"5748",NA,50,"Spruce Pine Hospital","PM 2.5","Mitchell",35.9124870008966,-82.062082
"5749",NA,32,"Spruce Pine Hospital","PM 2.5","Mitchell",35.9124870008966,-82.062082
"5750",NA,24,"Spruce Pine Hospital","PM 2.5","Mitchell",35.9124870008966,-82.062082
"5751",NA,45,"Spruce Pine Hospital","PM 2.5","Mitchell",35.9124870008966,-82.062082
"5752",NA,46,"Spruce Pine Hospital","PM 2.5","Mitchell",35.9124870008966,-82.062082
"5753",NA,35,"Spruce Pine Hospital","PM 2.5","Mitchell",35.9124870008966,-82.062082
"5754",NA,43,"Spruce Pine Hospital","PM 2.5","Mitchell",35.9124870008966,-82.062082
"5755",NA,24,"Spruce Pine Hospital","PM 2.5","Mitchell",35.9124870008966,-82.062082
"5756",6-01-20,17,"Spruce Pine Hospital","PM 2.5","Mitchell",35.9124870008966,-82.062082
"5757",6-02-20,46,"Spruce Pine Hospital","PM 2.5","Mitchell",35.9124870008966,-82.062082
"5758",6-03-20,43,"Spruce Pine Hospital","PM 2.5","Mitchell",35.9124870008966,-82.062082
"5759",6-04-20,36,"Spruce Pine Hospital","PM 2.5","Mitchell",35.9124870008966,-82.062082
"5760",6-05-20,53,"Spruce Pine Hospital","PM 2.5","Mitchell",35.9124870008966,-82.062082
"5761",6-06-20,55,"Spruce Pine Hospital","PM 2.5","Mitchell",35.9124870008966,-82.062082
"5762",6-07-20,20,"Spruce Pine Hospital","PM 2.5","Mitchell",35.9124870008966,-82.062082
"5763",6-08-20,5,"Spruce Pine Hospital","PM 2.5","Mitchell",35.9124870008966,-82.062082
"5764",6-09-20,2,"Spruce Pine Hospital","PM 2.5","Mitchell",35.9124870008966,-82.062082
"5765",6-10-20,5,"Spruce Pine Hospital","PM 2.5","Mitchell",35.9124870008966,-82.062082
"5766",6-11-20,14,"Spruce Pine Hospital","PM 2.5","Mitchell",35.9124870008966,-82.062082
"5767",6-12-20,18,"Spruce Pine Hospital","PM 2.5","Mitchell",35.9124870008966,-82.062082
"5768",NA,31,"Spruce Pine Hospital","PM 2.5","Mitchell",35.9124870008966,-82.062082
"5769",NA,42,"Spruce Pine Hospital","PM 2.5","Mitchell",35.9124870008966,-82.062082
"5770",NA,33,"Spruce Pine Hospital","PM 2.5","Mitchell",35.9124870008966,-82.062082
"5771",NA,21,"Spruce Pine Hospital","PM 2.5","Mitchell",35.9124870008966,-82.062082
"5772",NA,14,"Spruce Pine Hospital","PM 2.5","Mitchell",35.9124870008966,-82.062082
"5773",NA,15,"Spruce Pine Hospital","PM 2.5","Mitchell",35.9124870008966,-82.062082
"5774",NA,15,"Spruce Pine Hospital","PM 2.5","Mitchell",35.9124870008966,-82.062082
"5775",NA,11,"Spruce Pine Hospital","PM 2.5","Mitchell",35.9124870008966,-82.062082
"5776",NA,19,"Spruce Pine Hospital","PM 2.5","Mitchell",35.9124870008966,-82.062082
"5777",NA,41,"Spruce Pine Hospital","PM 2.5","Mitchell",35.9124870008966,-82.062082
"5778",NA,15,"Spruce Pine Hospital","PM 2.5","Mitchell",35.9124870008966,-82.062082
"5779",NA,20,"Spruce Pine Hospital","PM 2.5","Mitchell",35.9124870008966,-82.062082
"5780",NA,24,"Spruce Pine Hospital","PM 2.5","Mitchell",35.9124870008966,-82.062082
"5781",NA,38,"Spruce Pine Hospital","PM 2.5","Mitchell",35.9124870008966,-82.062082
"5782",NA,32,"Spruce Pine Hospital","PM 2.5","Mitchell",35.9124870008966,-82.062082
"5783",NA,40,"Spruce Pine Hospital","PM 2.5","Mitchell",35.9124870008966,-82.062082
"5784",7-01-20,34,"Spruce Pine Hospital","PM 2.5","Mitchell",35.9124870008966,-82.062082
"5785",7-02-20,31,"Spruce Pine Hospital","PM 2.5","Mitchell",35.9124870008966,-82.062082
"5786",7-06-20,26,"Spruce Pine Hospital","PM 2.5","Mitchell",35.9124870008966,-82.062082
"5787",7-07-20,40,"Spruce Pine Hospital","PM 2.5","Mitchell",35.9124870008966,-82.062082
"5788",7-08-20,33,"Spruce Pine Hospital","PM 2.5","Mitchell",35.9124870008966,-82.062082
"5789",7-09-20,31,"Spruce Pine Hospital","PM 2.5","Mitchell",35.9124870008966,-82.062082
"5790",7-10-20,45,"Spruce Pine Hospital","PM 2.5","Mitchell",35.9124870008966,-82.062082
"5791",7-11-20,29,"Spruce Pine Hospital","PM 2.5","Mitchell",35.9124870008966,-82.062082
"5792",7-12-20,28,"Spruce Pine Hospital","PM 2.5","Mitchell",35.9124870008966,-82.062082
"5793",NA,33,"Spruce Pine Hospital","PM 2.5","Mitchell",35.9124870008966,-82.062082
"5794",NA,16,"Spruce Pine Hospital","PM 2.5","Mitchell",35.9124870008966,-82.062082
"5795",NA,30,"Spruce Pine Hospital","PM 2.5","Mitchell",35.9124870008966,-82.062082
"5796",NA,35,"Spruce Pine Hospital","PM 2.5","Mitchell",35.9124870008966,-82.062082
"5797",NA,30,"Spruce Pine Hospital","PM 2.5","Mitchell",35.9124870008966,-82.062082
"5798",NA,28,"Spruce Pine Hospital","PM 2.5","Mitchell",35.9124870008966,-82.062082
"5799",NA,21,"Spruce Pine Hospital","PM 2.5","Mitchell",35.9124870008966,-82.062082
"5800",NA,16,"Spruce Pine Hospital","PM 2.5","Mitchell",35.9124870008966,-82.062082
"5801",NA,11,"Spruce Pine Hospital","PM 2.5","Mitchell",35.9124870008966,-82.062082
"5802",NA,23,"Spruce Pine Hospital","PM 2.5","Mitchell",35.9124870008966,-82.062082
"5803",NA,37,"Spruce Pine Hospital","PM 2.5","Mitchell",35.9124870008966,-82.062082
"5804",NA,27,"Spruce Pine Hospital","PM 2.5","Mitchell",35.9124870008966,-82.062082
"5805",8-01-20,28,"Spruce Pine Hospital","PM 2.5","Mitchell",35.9124870008966,-82.062082
"5806",8-02-20,29,"Spruce Pine Hospital","PM 2.5","Mitchell",35.9124870008966,-82.062082
"5807",8-03-20,20,"Spruce Pine Hospital","PM 2.5","Mitchell",35.9124870008966,-82.062082
"5808",8-04-20,18,"Spruce Pine Hospital","PM 2.5","Mitchell",35.9124870008966,-82.062082
"5809",8-05-20,25,"Spruce Pine Hospital","PM 2.5","Mitchell",35.9124870008966,-82.062082
"5810",8-06-20,25,"Spruce Pine Hospital","PM 2.5","Mitchell",35.9124870008966,-82.062082
"5811",8-07-20,29,"Spruce Pine Hospital","PM 2.5","Mitchell",35.9124870008966,-82.062082
"5812",8-08-20,32,"Spruce Pine Hospital","PM 2.5","Mitchell",35.9124870008966,-82.062082
"5813",8-09-20,35,"Spruce Pine Hospital","PM 2.5","Mitchell",35.9124870008966,-82.062082
"5814",8-10-20,34,"Spruce Pine Hospital","PM 2.5","Mitchell",35.9124870008966,-82.062082
"5815",8-11-20,32,"Spruce Pine Hospital","PM 2.5","Mitchell",35.9124870008966,-82.062082
"5816",8-12-20,42,"Spruce Pine Hospital","PM 2.5","Mitchell",35.9124870008966,-82.062082
"5817",NA,38,"Spruce Pine Hospital","PM 2.5","Mitchell",35.9124870008966,-82.062082
"5818",NA,21,"Spruce Pine Hospital","PM 2.5","Mitchell",35.9124870008966,-82.062082
"5819",NA,25,"Spruce Pine Hospital","PM 2.5","Mitchell",35.9124870008966,-82.062082
"5820",NA,26,"Spruce Pine Hospital","PM 2.5","Mitchell",35.9124870008966,-82.062082
"5821",NA,25,"Spruce Pine Hospital","PM 2.5","Mitchell",35.9124870008966,-82.062082
"5822",NA,28,"Spruce Pine Hospital","PM 2.5","Mitchell",35.9124870008966,-82.062082
"5823",NA,30,"Spruce Pine Hospital","PM 2.5","Mitchell",35.9124870008966,-82.062082
"5824",NA,20,"Spruce Pine Hospital","PM 2.5","Mitchell",35.9124870008966,-82.062082
"5825",NA,28,"Spruce Pine Hospital","PM 2.5","Mitchell",35.9124870008966,-82.062082
"5826",NA,27,"Spruce Pine Hospital","PM 2.5","Mitchell",35.9124870008966,-82.062082
"5827",NA,20,"Spruce Pine Hospital","PM 2.5","Mitchell",35.9124870008966,-82.062082
"5828",NA,10,"Spruce Pine Hospital","PM 2.5","Mitchell",35.9124870008966,-82.062082
"5829",NA,19,"Spruce Pine Hospital","PM 2.5","Mitchell",35.9124870008966,-82.062082
"5830",NA,24,"Spruce Pine Hospital","PM 2.5","Mitchell",35.9124870008966,-82.062082
"5831",NA,17,"Spruce Pine Hospital","PM 2.5","Mitchell",35.9124870008966,-82.062082
"5832",NA,10,"Spruce Pine Hospital","PM 2.5","Mitchell",35.9124870008966,-82.062082
"5833",NA,16,"Spruce Pine Hospital","PM 2.5","Mitchell",35.9124870008966,-82.062082
"5834",NA,17,"Spruce Pine Hospital","PM 2.5","Mitchell",35.9124870008966,-82.062082
"5835",NA,25,"Spruce Pine Hospital","PM 2.5","Mitchell",35.9124870008966,-82.062082
"5836",9-01-20,31,"Spruce Pine Hospital","PM 2.5","Mitchell",35.9124870008966,-82.062082
"5837",9-02-20,28,"Spruce Pine Hospital","PM 2.5","Mitchell",35.9124870008966,-82.062082
"5838",9-03-20,31,"Spruce Pine Hospital","PM 2.5","Mitchell",35.9124870008966,-82.062082
"5839",9-04-20,28,"Spruce Pine Hospital","PM 2.5","Mitchell",35.9124870008966,-82.062082
"5840",9-05-20,34,"Spruce Pine Hospital","PM 2.5","Mitchell",35.9124870008966,-82.062082
"5841",9-06-20,30,"Spruce Pine Hospital","PM 2.5","Mitchell",35.9124870008966,-82.062082
"5842",9-07-20,32,"Spruce Pine Hospital","PM 2.5","Mitchell",35.9124870008966,-82.062082
"5843",9-08-20,21,"Spruce Pine Hospital","PM 2.5","Mitchell",35.9124870008966,-82.062082
"5844",9-09-20,22,"Spruce Pine Hospital","PM 2.5","Mitchell",35.9124870008966,-82.062082
"5845",9-10-20,52,"Spruce Pine Hospital","PM 2.5","Mitchell",35.9124870008966,-82.062082
"5846",9-11-20,46,"Spruce Pine Hospital","PM 2.5","Mitchell",35.9124870008966,-82.062082
"5847",9-12-20,39,"Spruce Pine Hospital","PM 2.5","Mitchell",35.9124870008966,-82.062082
"5848",NA,45,"Spruce Pine Hospital","PM 2.5","Mitchell",35.9124870008966,-82.062082
"5849",NA,32,"Spruce Pine Hospital","PM 2.5","Mitchell",35.9124870008966,-82.062082
"5850",NA,26,"Spruce Pine Hospital","PM 2.5","Mitchell",35.9124870008966,-82.062082
"5851",NA,16,"Spruce Pine Hospital","PM 2.5","Mitchell",35.9124870008966,-82.062082
"5852",NA,35,"Spruce Pine Hospital","PM 2.5","Mitchell",35.9124870008966,-82.062082
"5853",NA,31,"Spruce Pine Hospital","PM 2.5","Mitchell",35.9124870008966,-82.062082
"5854",NA,26,"Spruce Pine Hospital","PM 2.5","Mitchell",35.9124870008966,-82.062082
"5855",NA,32,"Spruce Pine Hospital","PM 2.5","Mitchell",35.9124870008966,-82.062082
"5856",NA,30,"Spruce Pine Hospital","PM 2.5","Mitchell",35.9124870008966,-82.062082
"5857",NA,28,"Spruce Pine Hospital","PM 2.5","Mitchell",35.9124870008966,-82.062082
"5858",NA,22,"Spruce Pine Hospital","PM 2.5","Mitchell",35.9124870008966,-82.062082
"5859",NA,28,"Spruce Pine Hospital","PM 2.5","Mitchell",35.9124870008966,-82.062082
"5860",NA,24,"Spruce Pine Hospital","PM 2.5","Mitchell",35.9124870008966,-82.062082
"5861",NA,25,"Spruce Pine Hospital","PM 2.5","Mitchell",35.9124870008966,-82.062082
"5862",NA,35,"Spruce Pine Hospital","PM 2.5","Mitchell",35.9124870008966,-82.062082
"5863",NA,30,"Spruce Pine Hospital","PM 2.5","Mitchell",35.9124870008966,-82.062082
"5864",NA,30,"Spruce Pine Hospital","PM 2.5","Mitchell",35.9124870008966,-82.062082
"5865",10-01-20,51,"Spruce Pine Hospital","PM 2.5","Mitchell",35.9124870008966,-82.062082
"5866",10-02-20,41,"Spruce Pine Hospital","PM 2.5","Mitchell",35.9124870008966,-82.062082
"5867",10-03-20,33,"Spruce Pine Hospital","PM 2.5","Mitchell",35.9124870008966,-82.062082
"5868",10-04-20,26,"Spruce Pine Hospital","PM 2.5","Mitchell",35.9124870008966,-82.062082
"5869",10-05-20,23,"Spruce Pine Hospital","PM 2.5","Mitchell",35.9124870008966,-82.062082
"5870",10-06-20,8,"Spruce Pine Hospital","PM 2.5","Mitchell",35.9124870008966,-82.062082
"5871",10-07-20,17,"Spruce Pine Hospital","PM 2.5","Mitchell",35.9124870008966,-82.062082
"5872",10-08-20,7,"Spruce Pine Hospital","PM 2.5","Mitchell",35.9124870008966,-82.062082
"5873",10-09-20,11,"Spruce Pine Hospital","PM 2.5","Mitchell",35.9124870008966,-82.062082
"5874",10-10-20,18,"Spruce Pine Hospital","PM 2.5","Mitchell",35.9124870008966,-82.062082
"5875",10-11-20,18,"Spruce Pine Hospital","PM 2.5","Mitchell",35.9124870008966,-82.062082
"5876",10-12-20,17,"Spruce Pine Hospital","PM 2.5","Mitchell",35.9124870008966,-82.062082
"5877",NA,18,"Spruce Pine Hospital","PM 2.5","Mitchell",35.9124870008966,-82.062082
"5878",NA,11,"Spruce Pine Hospital","PM 2.5","Mitchell",35.9124870008966,-82.062082
"5879",NA,16,"Spruce Pine Hospital","PM 2.5","Mitchell",35.9124870008966,-82.062082
"5880",NA,18,"Spruce Pine Hospital","PM 2.5","Mitchell",35.9124870008966,-82.062082
"5881",NA,8,"Spruce Pine Hospital","PM 2.5","Mitchell",35.9124870008966,-82.062082
"5882",NA,15,"Spruce Pine Hospital","PM 2.5","Mitchell",35.9124870008966,-82.062082
"5883",NA,20,"Spruce Pine Hospital","PM 2.5","Mitchell",35.9124870008966,-82.062082
"5884",NA,0,"Spruce Pine Hospital","PM 2.5","Mitchell",35.9124870008966,-82.062082
"5885",NA,10,"Spruce Pine Hospital","PM 2.5","Mitchell",35.9124870008966,-82.062082
"5886",NA,15,"Spruce Pine Hospital","PM 2.5","Mitchell",35.9124870008966,-82.062082
"5887",NA,13,"Spruce Pine Hospital","PM 2.5","Mitchell",35.9124870008966,-82.062082
"5888",NA,27,"Spruce Pine Hospital","PM 2.5","Mitchell",35.9124870008966,-82.062082
"5889",NA,39,"Spruce Pine Hospital","PM 2.5","Mitchell",35.9124870008966,-82.062082
"5890",NA,17,"Spruce Pine Hospital","PM 2.5","Mitchell",35.9124870008966,-82.062082
"5891",NA,6,"Spruce Pine Hospital","PM 2.5","Mitchell",35.9124870008966,-82.062082
"5892",NA,13,"Spruce Pine Hospital","PM 2.5","Mitchell",35.9124870008966,-82.062082
"5893",NA,40,"Spruce Pine Hospital","PM 2.5","Mitchell",35.9124870008966,-82.062082
"5894",NA,15,"Spruce Pine Hospital","PM 2.5","Mitchell",35.9124870008966,-82.062082
"5895",NA,4,"Spruce Pine Hospital","PM 2.5","Mitchell",35.9124870008966,-82.062082
"5896",11-01-20,20,"Spruce Pine Hospital","PM 2.5","Mitchell",35.9124870008966,-82.062082
"5897",11-02-20,25,"Spruce Pine Hospital","PM 2.5","Mitchell",35.9124870008966,-82.062082
"5898",11-03-20,19,"Spruce Pine Hospital","PM 2.5","Mitchell",35.9124870008966,-82.062082
"5899",11-04-20,30,"Spruce Pine Hospital","PM 2.5","Mitchell",35.9124870008966,-82.062082
"5900",11-05-20,37,"Spruce Pine Hospital","PM 2.5","Mitchell",35.9124870008966,-82.062082
"5901",11-06-20,33,"Spruce Pine Hospital","PM 2.5","Mitchell",35.9124870008966,-82.062082
"5902",11-07-20,34,"Spruce Pine Hospital","PM 2.5","Mitchell",35.9124870008966,-82.062082
"5903",11-08-20,18,"Spruce Pine Hospital","PM 2.5","Mitchell",35.9124870008966,-82.062082
"5904",11-09-20,40,"Spruce Pine Hospital","PM 2.5","Mitchell",35.9124870008966,-82.062082
"5905",11-10-20,32,"Spruce Pine Hospital","PM 2.5","Mitchell",35.9124870008966,-82.062082
"5906",11-11-20,45,"Spruce Pine Hospital","PM 2.5","Mitchell",35.9124870008966,-82.062082
"5907",11-12-20,16,"Spruce Pine Hospital","PM 2.5","Mitchell",35.9124870008966,-82.062082
"5908",NA,19,"Spruce Pine Hospital","PM 2.5","Mitchell",35.9124870008966,-82.062082
"5909",NA,36,"Spruce Pine Hospital","PM 2.5","Mitchell",35.9124870008966,-82.062082
"5910",NA,30,"Spruce Pine Hospital","PM 2.5","Mitchell",35.9124870008966,-82.062082
"5911",NA,31,"Spruce Pine Hospital","PM 2.5","Mitchell",35.9124870008966,-82.062082
"5912",NA,20,"Spruce Pine Hospital","PM 2.5","Mitchell",35.9124870008966,-82.062082
"5913",NA,27,"Spruce Pine Hospital","PM 2.5","Mitchell",35.9124870008966,-82.062082
"5914",NA,35,"Spruce Pine Hospital","PM 2.5","Mitchell",35.9124870008966,-82.062082
"5915",NA,18,"Spruce Pine Hospital","PM 2.5","Mitchell",35.9124870008966,-82.062082
"5916",NA,32,"Spruce Pine Hospital","PM 2.5","Mitchell",35.9124870008966,-82.062082
"5917",NA,42,"Spruce Pine Hospital","PM 2.5","Mitchell",35.9124870008966,-82.062082
"5918",NA,22,"Spruce Pine Hospital","PM 2.5","Mitchell",35.9124870008966,-82.062082
"5919",NA,7,"Spruce Pine Hospital","PM 2.5","Mitchell",35.9124870008966,-82.062082
"5920",NA,21,"Spruce Pine Hospital","PM 2.5","Mitchell",35.9124870008966,-82.062082
"5921",NA,45,"Spruce Pine Hospital","PM 2.5","Mitchell",35.9124870008966,-82.062082
"5922",NA,26,"Spruce Pine Hospital","PM 2.5","Mitchell",35.9124870008966,-82.062082
"5923",NA,10,"Spruce Pine Hospital","PM 2.5","Mitchell",35.9124870008966,-82.062082
"5924",NA,10,"Spruce Pine Hospital","PM 2.5","Mitchell",35.9124870008966,-82.062082
"5925",NA,26,"Spruce Pine Hospital","PM 2.5","Mitchell",35.9124870008966,-82.062082
"5926",12-01-20,14,"Spruce Pine Hospital","PM 2.5","Mitchell",35.9124870008966,-82.062082
"5927",12-02-20,4,"Spruce Pine Hospital","PM 2.5","Mitchell",35.9124870008966,-82.062082
"5928",12-03-20,8,"Spruce Pine Hospital","PM 2.5","Mitchell",35.9124870008966,-82.062082
"5929",12-04-20,8,"Spruce Pine Hospital","PM 2.5","Mitchell",35.9124870008966,-82.062082
"5930",12-05-20,16,"Spruce Pine Hospital","PM 2.5","Mitchell",35.9124870008966,-82.062082
"5931",12-06-20,55,"Spruce Pine Hospital","PM 2.5","Mitchell",35.9124870008966,-82.062082
"5932",12-07-20,49,"Spruce Pine Hospital","PM 2.5","Mitchell",35.9124870008966,-82.062082
"5933",12-08-20,30,"Spruce Pine Hospital","PM 2.5","Mitchell",35.9124870008966,-82.062082
"5934",12-09-20,22,"Spruce Pine Hospital","PM 2.5","Mitchell",35.9124870008966,-82.062082
"5935",12-10-20,23,"Spruce Pine Hospital","PM 2.5","Mitchell",35.9124870008966,-82.062082
"5936",12-11-20,10,"Spruce Pine Hospital","PM 2.5","Mitchell",35.9124870008966,-82.062082
"5937",12-12-20,26,"Spruce Pine Hospital","PM 2.5","Mitchell",35.9124870008966,-82.062082
"5938",NA,19,"Spruce Pine Hospital","PM 2.5","Mitchell",35.9124870008966,-82.062082
"5939",NA,8,"Spruce Pine Hospital","PM 2.5","Mitchell",35.9124870008966,-82.062082
"5940",NA,19,"Spruce Pine Hospital","PM 2.5","Mitchell",35.9124870008966,-82.062082
"5941",NA,38,"Spruce Pine Hospital","PM 2.5","Mitchell",35.9124870008966,-82.062082
"5942",NA,10,"Spruce Pine Hospital","PM 2.5","Mitchell",35.9124870008966,-82.062082
"5943",NA,10,"Spruce Pine Hospital","PM 2.5","Mitchell",35.9124870008966,-82.062082
"5944",NA,28,"Spruce Pine Hospital","PM 2.5","Mitchell",35.9124870008966,-82.062082
"5945",NA,41,"Spruce Pine Hospital","PM 2.5","Mitchell",35.9124870008966,-82.062082
"5946",NA,47,"Spruce Pine Hospital","PM 2.5","Mitchell",35.9124870008966,-82.062082
"5947",NA,44,"Spruce Pine Hospital","PM 2.5","Mitchell",35.9124870008966,-82.062082
"5948",NA,8,"Spruce Pine Hospital","PM 2.5","Mitchell",35.9124870008966,-82.062082
"5949",NA,6,"Spruce Pine Hospital","PM 2.5","Mitchell",35.9124870008966,-82.062082
"5950",NA,24,"Spruce Pine Hospital","PM 2.5","Mitchell",35.9124870008966,-82.062082
"5951",NA,24,"Spruce Pine Hospital","PM 2.5","Mitchell",35.9124870008966,-82.062082
"5952",NA,27,"Spruce Pine Hospital","PM 2.5","Mitchell",35.9124870008966,-82.062082
"5953",NA,32,"Spruce Pine Hospital","PM 2.5","Mitchell",35.9124870008966,-82.062082
"5954",NA,7,"Spruce Pine Hospital","PM 2.5","Mitchell",35.9124870008966,-82.062082
"5955",NA,7,"Spruce Pine Hospital","PM 2.5","Mitchell",35.9124870008966,-82.062082
"5956",NA,7,"Spruce Pine Hospital","PM 2.5","Mitchell",35.9124870008966,-82.062082
"5957",1-01-20,16,"Candor: EPA CASTNet Site","PM 2.5","Montgomery",35.2631650008898,-79.836636
"5958",1-02-20,19,"Candor: EPA CASTNet Site","PM 2.5","Montgomery",35.2631650008898,-79.836636
"5959",1-03-20,27,"Candor: EPA CASTNet Site","PM 2.5","Montgomery",35.2631650008898,-79.836636
"5960",1-04-20,14,"Candor: EPA CASTNet Site","PM 2.5","Montgomery",35.2631650008898,-79.836636
"5961",1-05-20,15,"Candor: EPA CASTNet Site","PM 2.5","Montgomery",35.2631650008898,-79.836636
"5962",1-06-20,21,"Candor: EPA CASTNet Site","PM 2.5","Montgomery",35.2631650008898,-79.836636
"5963",1-07-20,27,"Candor: EPA CASTNet Site","PM 2.5","Montgomery",35.2631650008898,-79.836636
"5964",1-08-20,33,"Candor: EPA CASTNet Site","PM 2.5","Montgomery",35.2631650008898,-79.836636
"5965",1-09-20,16,"Candor: EPA CASTNet Site","PM 2.5","Montgomery",35.2631650008898,-79.836636
"5966",1-10-20,23,"Candor: EPA CASTNet Site","PM 2.5","Montgomery",35.2631650008898,-79.836636
"5967",1-11-20,32,"Candor: EPA CASTNet Site","PM 2.5","Montgomery",35.2631650008898,-79.836636
"5968",1-12-20,45,"Candor: EPA CASTNet Site","PM 2.5","Montgomery",35.2631650008898,-79.836636
"5969",NA,20,"Candor: EPA CASTNet Site","PM 2.5","Montgomery",35.2631650008898,-79.836636
"5970",NA,29,"Candor: EPA CASTNet Site","PM 2.5","Montgomery",35.2631650008898,-79.836636
"5971",NA,41,"Candor: EPA CASTNet Site","PM 2.5","Montgomery",35.2631650008898,-79.836636
"5972",NA,40,"Candor: EPA CASTNet Site","PM 2.5","Montgomery",35.2631650008898,-79.836636
"5973",NA,36,"Candor: EPA CASTNet Site","PM 2.5","Montgomery",35.2631650008898,-79.836636
"5974",NA,53,"Candor: EPA CASTNet Site","PM 2.5","Montgomery",35.2631650008898,-79.836636
"5975",NA,47,"Candor: EPA CASTNet Site","PM 2.5","Montgomery",35.2631650008898,-79.836636
"5976",NA,20,"Candor: EPA CASTNet Site","PM 2.5","Montgomery",35.2631650008898,-79.836636
"5977",NA,19,"Candor: EPA CASTNet Site","PM 2.5","Montgomery",35.2631650008898,-79.836636
"5978",NA,31,"Candor: EPA CASTNet Site","PM 2.5","Montgomery",35.2631650008898,-79.836636
"5979",NA,26,"Candor: EPA CASTNet Site","PM 2.5","Montgomery",35.2631650008898,-79.836636
"5980",NA,8,"Candor: EPA CASTNet Site","PM 2.5","Montgomery",35.2631650008898,-79.836636
"5981",NA,27,"Candor: EPA CASTNet Site","PM 2.5","Montgomery",35.2631650008898,-79.836636
"5982",NA,35,"Candor: EPA CASTNet Site","PM 2.5","Montgomery",35.2631650008898,-79.836636
"5983",NA,35,"Candor: EPA CASTNet Site","PM 2.5","Montgomery",35.2631650008898,-79.836636
"5984",NA,31,"Candor: EPA CASTNet Site","PM 2.5","Montgomery",35.2631650008898,-79.836636
"5985",NA,33,"Candor: EPA CASTNet Site","PM 2.5","Montgomery",35.2631650008898,-79.836636
"5986",NA,29,"Candor: EPA CASTNet Site","PM 2.5","Montgomery",35.2631650008898,-79.836636
"5987",NA,29,"Candor: EPA CASTNet Site","PM 2.5","Montgomery",35.2631650008898,-79.836636
"5988",2-01-20,32,"Candor: EPA CASTNet Site","PM 2.5","Montgomery",35.2631650008898,-79.836636
"5989",2-02-20,40,"Candor: EPA CASTNet Site","PM 2.5","Montgomery",35.2631650008898,-79.836636
"5990",2-03-20,45,"Candor: EPA CASTNet Site","PM 2.5","Montgomery",35.2631650008898,-79.836636
"5991",2-04-20,41,"Candor: EPA CASTNet Site","PM 2.5","Montgomery",35.2631650008898,-79.836636
"5992",2-05-20,41,"Candor: EPA CASTNet Site","PM 2.5","Montgomery",35.2631650008898,-79.836636
"5993",2-06-20,52,"Candor: EPA CASTNet Site","PM 2.5","Montgomery",35.2631650008898,-79.836636
"5994",2-07-20,36,"Candor: EPA CASTNet Site","PM 2.5","Montgomery",35.2631650008898,-79.836636
"5995",2-08-20,57,"Candor: EPA CASTNet Site","PM 2.5","Montgomery",35.2631650008898,-79.836636
"5996",2-09-20,21,"Candor: EPA CASTNet Site","PM 2.5","Montgomery",35.2631650008898,-79.836636
"5997",2-10-20,34,"Candor: EPA CASTNet Site","PM 2.5","Montgomery",35.2631650008898,-79.836636
"5998",2-11-20,33,"Candor: EPA CASTNet Site","PM 2.5","Montgomery",35.2631650008898,-79.836636
"5999",2-12-20,16,"Candor: EPA CASTNet Site","PM 2.5","Montgomery",35.2631650008898,-79.836636
"6000",NA,19,"Candor: EPA CASTNet Site","PM 2.5","Montgomery",35.2631650008898,-79.836636
"6001",NA,23,"Candor: EPA CASTNet Site","PM 2.5","Montgomery",35.2631650008898,-79.836636
"6002",NA,40,"Candor: EPA CASTNet Site","PM 2.5","Montgomery",35.2631650008898,-79.836636
"6003",NA,23,"Candor: EPA CASTNet Site","PM 2.5","Montgomery",35.2631650008898,-79.836636
"6004",NA,36,"Candor: EPA CASTNet Site","PM 2.5","Montgomery",35.2631650008898,-79.836636
"6005",NA,20,"Candor: EPA CASTNet Site","PM 2.5","Montgomery",35.2631650008898,-79.836636
"6006",NA,28,"Candor: EPA CASTNet Site","PM 2.5","Montgomery",35.2631650008898,-79.836636
"6007",NA,15,"Candor: EPA CASTNet Site","PM 2.5","Montgomery",35.2631650008898,-79.836636
"6008",NA,37,"Candor: EPA CASTNet Site","PM 2.5","Montgomery",35.2631650008898,-79.836636
"6009",NA,15,"Candor: EPA CASTNet Site","PM 2.5","Montgomery",35.2631650008898,-79.836636
"6010",NA,6,"Candor: EPA CASTNet Site","PM 2.5","Montgomery",35.2631650008898,-79.836636
"6011",NA,13,"Candor: EPA CASTNet Site","PM 2.5","Montgomery",35.2631650008898,-79.836636
"6012",NA,21,"Candor: EPA CASTNet Site","PM 2.5","Montgomery",35.2631650008898,-79.836636
"6013",NA,38,"Candor: EPA CASTNet Site","PM 2.5","Montgomery",35.2631650008898,-79.836636
"6014",NA,58,"Candor: EPA CASTNet Site","PM 2.5","Montgomery",35.2631650008898,-79.836636
"6015",NA,54,"Candor: EPA CASTNet Site","PM 2.5","Montgomery",35.2631650008898,-79.836636
"6016",3-01-20,31,"Candor: EPA CASTNet Site","PM 2.5","Montgomery",35.2631650008898,-79.836636
"6017",3-02-20,24,"Candor: EPA CASTNet Site","PM 2.5","Montgomery",35.2631650008898,-79.836636
"6018",3-03-20,28,"Candor: EPA CASTNet Site","PM 2.5","Montgomery",35.2631650008898,-79.836636
"6019",3-04-20,31,"Candor: EPA CASTNet Site","PM 2.5","Montgomery",35.2631650008898,-79.836636
"6020",3-05-20,29,"Candor: EPA CASTNet Site","PM 2.5","Montgomery",35.2631650008898,-79.836636
"6021",3-06-20,24,"Candor: EPA CASTNet Site","PM 2.5","Montgomery",35.2631650008898,-79.836636
"6022",3-07-20,36,"Candor: EPA CASTNet Site","PM 2.5","Montgomery",35.2631650008898,-79.836636
"6023",3-08-20,50,"Candor: EPA CASTNet Site","PM 2.5","Montgomery",35.2631650008898,-79.836636
"6024",3-09-20,52,"Candor: EPA CASTNet Site","PM 2.5","Montgomery",35.2631650008898,-79.836636
"6025",3-10-20,43,"Candor: EPA CASTNet Site","PM 2.5","Montgomery",35.2631650008898,-79.836636
"6026",3-11-20,18,"Candor: EPA CASTNet Site","PM 2.5","Montgomery",35.2631650008898,-79.836636
"6027",3-12-20,25,"Candor: EPA CASTNet Site","PM 2.5","Montgomery",35.2631650008898,-79.836636
"6028",NA,35,"Candor: EPA CASTNet Site","PM 2.5","Montgomery",35.2631650008898,-79.836636
"6029",NA,38,"Candor: EPA CASTNet Site","PM 2.5","Montgomery",35.2631650008898,-79.836636
"6030",NA,28,"Candor: EPA CASTNet Site","PM 2.5","Montgomery",35.2631650008898,-79.836636
"6031",NA,18,"Candor: EPA CASTNet Site","PM 2.5","Montgomery",35.2631650008898,-79.836636
"6032",NA,28,"Candor: EPA CASTNet Site","PM 2.5","Montgomery",35.2631650008898,-79.836636
"6033",NA,27,"Candor: EPA CASTNet Site","PM 2.5","Montgomery",35.2631650008898,-79.836636
"6034",NA,33,"Candor: EPA CASTNet Site","PM 2.5","Montgomery",35.2631650008898,-79.836636
"6035",NA,36,"Candor: EPA CASTNet Site","PM 2.5","Montgomery",35.2631650008898,-79.836636
"6036",NA,27,"Candor: EPA CASTNet Site","PM 2.5","Montgomery",35.2631650008898,-79.836636
"6037",NA,26,"Candor: EPA CASTNet Site","PM 2.5","Montgomery",35.2631650008898,-79.836636
"6038",NA,19,"Candor: EPA CASTNet Site","PM 2.5","Montgomery",35.2631650008898,-79.836636
"6039",NA,31,"Candor: EPA CASTNet Site","PM 2.5","Montgomery",35.2631650008898,-79.836636
"6040",NA,44,"Candor: EPA CASTNet Site","PM 2.5","Montgomery",35.2631650008898,-79.836636
"6041",NA,37,"Candor: EPA CASTNet Site","PM 2.5","Montgomery",35.2631650008898,-79.836636
"6042",NA,24,"Candor: EPA CASTNet Site","PM 2.5","Montgomery",35.2631650008898,-79.836636
"6043",NA,28,"Candor: EPA CASTNet Site","PM 2.5","Montgomery",35.2631650008898,-79.836636
"6044",NA,48,"Candor: EPA CASTNet Site","PM 2.5","Montgomery",35.2631650008898,-79.836636
"6045",NA,51,"Candor: EPA CASTNet Site","PM 2.5","Montgomery",35.2631650008898,-79.836636
"6046",NA,19,"Candor: EPA CASTNet Site","PM 2.5","Montgomery",35.2631650008898,-79.836636
"6047",4-01-20,32,"Candor: EPA CASTNet Site","PM 2.5","Montgomery",35.2631650008898,-79.836636
"6048",4-02-20,32,"Candor: EPA CASTNet Site","PM 2.5","Montgomery",35.2631650008898,-79.836636
"6049",4-03-20,37,"Candor: EPA CASTNet Site","PM 2.5","Montgomery",35.2631650008898,-79.836636
"6050",4-04-20,34,"Candor: EPA CASTNet Site","PM 2.5","Montgomery",35.2631650008898,-79.836636
"6051",4-05-20,24,"Candor: EPA CASTNet Site","PM 2.5","Montgomery",35.2631650008898,-79.836636
"6052",4-06-20,23,"Candor: EPA CASTNet Site","PM 2.5","Montgomery",35.2631650008898,-79.836636
"6053",4-07-20,35,"Candor: EPA CASTNet Site","PM 2.5","Montgomery",35.2631650008898,-79.836636
"6054",4-08-20,25,"Candor: EPA CASTNet Site","PM 2.5","Montgomery",35.2631650008898,-79.836636
"6055",4-09-20,22,"Candor: EPA CASTNet Site","PM 2.5","Montgomery",35.2631650008898,-79.836636
"6056",4-10-20,28,"Candor: EPA CASTNet Site","PM 2.5","Montgomery",35.2631650008898,-79.836636
"6057",4-11-20,35,"Candor: EPA CASTNet Site","PM 2.5","Montgomery",35.2631650008898,-79.836636
"6058",4-12-20,21,"Candor: EPA CASTNet Site","PM 2.5","Montgomery",35.2631650008898,-79.836636
"6059",NA,20,"Candor: EPA CASTNet Site","PM 2.5","Montgomery",35.2631650008898,-79.836636
"6060",NA,19,"Candor: EPA CASTNet Site","PM 2.5","Montgomery",35.2631650008898,-79.836636
"6061",NA,13,"Candor: EPA CASTNet Site","PM 2.5","Montgomery",35.2631650008898,-79.836636
"6062",NA,16,"Candor: EPA CASTNet Site","PM 2.5","Montgomery",35.2631650008898,-79.836636
"6063",NA,35,"Candor: EPA CASTNet Site","PM 2.5","Montgomery",35.2631650008898,-79.836636
"6064",NA,30,"Candor: EPA CASTNet Site","PM 2.5","Montgomery",35.2631650008898,-79.836636
"6065",NA,18,"Candor: EPA CASTNet Site","PM 2.5","Montgomery",35.2631650008898,-79.836636
"6066",NA,10,"Candor: EPA CASTNet Site","PM 2.5","Montgomery",35.2631650008898,-79.836636
"6067",NA,15,"Candor: EPA CASTNet Site","PM 2.5","Montgomery",35.2631650008898,-79.836636
"6068",NA,17,"Candor: EPA CASTNet Site","PM 2.5","Montgomery",35.2631650008898,-79.836636
"6069",NA,34,"Candor: EPA CASTNet Site","PM 2.5","Montgomery",35.2631650008898,-79.836636
"6070",NA,37,"Candor: EPA CASTNet Site","PM 2.5","Montgomery",35.2631650008898,-79.836636
"6071",NA,50,"Candor: EPA CASTNet Site","PM 2.5","Montgomery",35.2631650008898,-79.836636
"6072",NA,31,"Candor: EPA CASTNet Site","PM 2.5","Montgomery",35.2631650008898,-79.836636
"6073",NA,26,"Candor: EPA CASTNet Site","PM 2.5","Montgomery",35.2631650008898,-79.836636
"6074",NA,44,"Candor: EPA CASTNet Site","PM 2.5","Montgomery",35.2631650008898,-79.836636
"6075",NA,54,"Candor: EPA CASTNet Site","PM 2.5","Montgomery",35.2631650008898,-79.836636
"6076",NA,35,"Candor: EPA CASTNet Site","PM 2.5","Montgomery",35.2631650008898,-79.836636
"6077",5-01-20,50,"Candor: EPA CASTNet Site","PM 2.5","Montgomery",35.2631650008898,-79.836636
"6078",5-02-20,30,"Candor: EPA CASTNet Site","PM 2.5","Montgomery",35.2631650008898,-79.836636
"6079",5-03-20,22,"Candor: EPA CASTNet Site","PM 2.5","Montgomery",35.2631650008898,-79.836636
"6080",5-04-20,60,"Candor: EPA CASTNet Site","PM 2.5","Montgomery",35.2631650008898,-79.836636
"6081",5-05-20,23,"Candor: EPA CASTNet Site","PM 2.5","Montgomery",35.2631650008898,-79.836636
"6082",5-06-20,20,"Candor: EPA CASTNet Site","PM 2.5","Montgomery",35.2631650008898,-79.836636
"6083",5-07-20,25,"Candor: EPA CASTNet Site","PM 2.5","Montgomery",35.2631650008898,-79.836636
"6084",5-08-20,24,"Candor: EPA CASTNet Site","PM 2.5","Montgomery",35.2631650008898,-79.836636
"6085",5-09-20,18,"Candor: EPA CASTNet Site","PM 2.5","Montgomery",35.2631650008898,-79.836636
"6086",5-10-20,18,"Candor: EPA CASTNet Site","PM 2.5","Montgomery",35.2631650008898,-79.836636
"6087",5-11-20,15,"Candor: EPA CASTNet Site","PM 2.5","Montgomery",35.2631650008898,-79.836636
"6088",5-12-20,16,"Candor: EPA CASTNet Site","PM 2.5","Montgomery",35.2631650008898,-79.836636
"6089",NA,20,"Candor: EPA CASTNet Site","PM 2.5","Montgomery",35.2631650008898,-79.836636
"6090",NA,16,"Candor: EPA CASTNet Site","PM 2.5","Montgomery",35.2631650008898,-79.836636
"6091",NA,26,"Candor: EPA CASTNet Site","PM 2.5","Montgomery",35.2631650008898,-79.836636
"6092",NA,36,"Candor: EPA CASTNet Site","PM 2.5","Montgomery",35.2631650008898,-79.836636
"6093",NA,44,"Candor: EPA CASTNet Site","PM 2.5","Montgomery",35.2631650008898,-79.836636
"6094",NA,39,"Candor: EPA CASTNet Site","PM 2.5","Montgomery",35.2631650008898,-79.836636
"6095",NA,44,"Candor: EPA CASTNet Site","PM 2.5","Montgomery",35.2631650008898,-79.836636
"6096",NA,35,"Candor: EPA CASTNet Site","PM 2.5","Montgomery",35.2631650008898,-79.836636
"6097",NA,25,"Candor: EPA CASTNet Site","PM 2.5","Montgomery",35.2631650008898,-79.836636
"6098",NA,0,"Candor: EPA CASTNet Site","PM 2.5","Montgomery",35.2631650008898,-79.836636
"6099",NA,3,"Candor: EPA CASTNet Site","PM 2.5","Montgomery",35.2631650008898,-79.836636
"6100",NA,8,"Candor: EPA CASTNet Site","PM 2.5","Montgomery",35.2631650008898,-79.836636
"6101",NA,53,"Candor: EPA CASTNet Site","PM 2.5","Montgomery",35.2631650008898,-79.836636
"6102",NA,53,"Candor: EPA CASTNet Site","PM 2.5","Montgomery",35.2631650008898,-79.836636
"6103",NA,43,"Candor: EPA CASTNet Site","PM 2.5","Montgomery",35.2631650008898,-79.836636
"6104",NA,47,"Candor: EPA CASTNet Site","PM 2.5","Montgomery",35.2631650008898,-79.836636
"6105",NA,47,"Candor: EPA CASTNet Site","PM 2.5","Montgomery",35.2631650008898,-79.836636
"6106",NA,55,"Candor: EPA CASTNet Site","PM 2.5","Montgomery",35.2631650008898,-79.836636
"6107",NA,47,"Candor: EPA CASTNet Site","PM 2.5","Montgomery",35.2631650008898,-79.836636
"6108",6-01-20,20,"Candor: EPA CASTNet Site","PM 2.5","Montgomery",35.2631650008898,-79.836636
"6109",6-02-20,37,"Candor: EPA CASTNet Site","PM 2.5","Montgomery",35.2631650008898,-79.836636
"6110",6-03-20,59,"Candor: EPA CASTNet Site","PM 2.5","Montgomery",35.2631650008898,-79.836636
"6111",6-04-20,43,"Candor: EPA CASTNet Site","PM 2.5","Montgomery",35.2631650008898,-79.836636
"6112",6-05-20,52,"Candor: EPA CASTNet Site","PM 2.5","Montgomery",35.2631650008898,-79.836636
"6113",6-06-20,42,"Candor: EPA CASTNet Site","PM 2.5","Montgomery",35.2631650008898,-79.836636
"6114",6-07-20,35,"Candor: EPA CASTNet Site","PM 2.5","Montgomery",35.2631650008898,-79.836636
"6115",6-08-20,25,"Candor: EPA CASTNet Site","PM 2.5","Montgomery",35.2631650008898,-79.836636
"6116",6-09-20,9,"Candor: EPA CASTNet Site","PM 2.5","Montgomery",35.2631650008898,-79.836636
"6117",6-10-20,15,"Candor: EPA CASTNet Site","PM 2.5","Montgomery",35.2631650008898,-79.836636
"6118",6-11-20,18,"Candor: EPA CASTNet Site","PM 2.5","Montgomery",35.2631650008898,-79.836636
"6119",6-12-20,23,"Candor: EPA CASTNet Site","PM 2.5","Montgomery",35.2631650008898,-79.836636
"6120",NA,22,"Candor: EPA CASTNet Site","PM 2.5","Montgomery",35.2631650008898,-79.836636
"6121",NA,22,"Candor: EPA CASTNet Site","PM 2.5","Montgomery",35.2631650008898,-79.836636
"6122",NA,25,"Candor: EPA CASTNet Site","PM 2.5","Montgomery",35.2631650008898,-79.836636
"6123",NA,38,"Candor: EPA CASTNet Site","PM 2.5","Montgomery",35.2631650008898,-79.836636
"6124",NA,37,"Candor: EPA CASTNet Site","PM 2.5","Montgomery",35.2631650008898,-79.836636
"6125",NA,21,"Candor: EPA CASTNet Site","PM 2.5","Montgomery",35.2631650008898,-79.836636
"6126",NA,21,"Candor: EPA CASTNet Site","PM 2.5","Montgomery",35.2631650008898,-79.836636
"6127",NA,27,"Candor: EPA CASTNet Site","PM 2.5","Montgomery",35.2631650008898,-79.836636
"6128",NA,25,"Candor: EPA CASTNet Site","PM 2.5","Montgomery",35.2631650008898,-79.836636
"6129",NA,28,"Candor: EPA CASTNet Site","PM 2.5","Montgomery",35.2631650008898,-79.836636
"6130",NA,32,"Candor: EPA CASTNet Site","PM 2.5","Montgomery",35.2631650008898,-79.836636
"6131",NA,48,"Candor: EPA CASTNet Site","PM 2.5","Montgomery",35.2631650008898,-79.836636
"6132",NA,23,"Candor: EPA CASTNet Site","PM 2.5","Montgomery",35.2631650008898,-79.836636
"6133",NA,30,"Candor: EPA CASTNet Site","PM 2.5","Montgomery",35.2631650008898,-79.836636
"6134",NA,46,"Candor: EPA CASTNet Site","PM 2.5","Montgomery",35.2631650008898,-79.836636
"6135",NA,52,"Candor: EPA CASTNet Site","PM 2.5","Montgomery",35.2631650008898,-79.836636
"6136",NA,46,"Candor: EPA CASTNet Site","PM 2.5","Montgomery",35.2631650008898,-79.836636
"6137",NA,40,"Candor: EPA CASTNet Site","PM 2.5","Montgomery",35.2631650008898,-79.836636
"6138",7-01-20,40,"Candor: EPA CASTNet Site","PM 2.5","Montgomery",35.2631650008898,-79.836636
"6139",7-02-20,53,"Candor: EPA CASTNet Site","PM 2.5","Montgomery",35.2631650008898,-79.836636
"6140",7-03-20,44,"Candor: EPA CASTNet Site","PM 2.5","Montgomery",35.2631650008898,-79.836636
"6141",7-04-20,40,"Candor: EPA CASTNet Site","PM 2.5","Montgomery",35.2631650008898,-79.836636
"6142",7-05-20,35,"Candor: EPA CASTNet Site","PM 2.5","Montgomery",35.2631650008898,-79.836636
"6143",7-06-20,30,"Candor: EPA CASTNet Site","PM 2.5","Montgomery",35.2631650008898,-79.836636
"6144",7-07-20,35,"Candor: EPA CASTNet Site","PM 2.5","Montgomery",35.2631650008898,-79.836636
"6145",7-08-20,41,"Candor: EPA CASTNet Site","PM 2.5","Montgomery",35.2631650008898,-79.836636
"6146",7-09-20,35,"Candor: EPA CASTNet Site","PM 2.5","Montgomery",35.2631650008898,-79.836636
"6147",7-10-20,24,"Candor: EPA CASTNet Site","PM 2.5","Montgomery",35.2631650008898,-79.836636
"6148",7-11-20,24,"Candor: EPA CASTNet Site","PM 2.5","Montgomery",35.2631650008898,-79.836636
"6149",7-12-20,20,"Candor: EPA CASTNet Site","PM 2.5","Montgomery",35.2631650008898,-79.836636
"6150",NA,30,"Candor: EPA CASTNet Site","PM 2.5","Montgomery",35.2631650008898,-79.836636
"6151",NA,26,"Candor: EPA CASTNet Site","PM 2.5","Montgomery",35.2631650008898,-79.836636
"6152",NA,48,"Candor: EPA CASTNet Site","PM 2.5","Montgomery",35.2631650008898,-79.836636
"6153",NA,56,"Candor: EPA CASTNet Site","PM 2.5","Montgomery",35.2631650008898,-79.836636
"6154",NA,58,"Candor: EPA CASTNet Site","PM 2.5","Montgomery",35.2631650008898,-79.836636
"6155",NA,27,"Candor: EPA CASTNet Site","PM 2.5","Montgomery",35.2631650008898,-79.836636
"6156",NA,35,"Candor: EPA CASTNet Site","PM 2.5","Montgomery",35.2631650008898,-79.836636
"6157",NA,19,"Candor: EPA CASTNet Site","PM 2.5","Montgomery",35.2631650008898,-79.836636
"6158",NA,26,"Candor: EPA CASTNet Site","PM 2.5","Montgomery",35.2631650008898,-79.836636
"6159",NA,22,"Candor: EPA CASTNet Site","PM 2.5","Montgomery",35.2631650008898,-79.836636
"6160",NA,19,"Candor: EPA CASTNet Site","PM 2.5","Montgomery",35.2631650008898,-79.836636
"6161",NA,28,"Candor: EPA CASTNet Site","PM 2.5","Montgomery",35.2631650008898,-79.836636
"6162",NA,36,"Candor: EPA CASTNet Site","PM 2.5","Montgomery",35.2631650008898,-79.836636
"6163",NA,36,"Candor: EPA CASTNet Site","PM 2.5","Montgomery",35.2631650008898,-79.836636
"6164",NA,43,"Candor: EPA CASTNet Site","PM 2.5","Montgomery",35.2631650008898,-79.836636
"6165",NA,49,"Candor: EPA CASTNet Site","PM 2.5","Montgomery",35.2631650008898,-79.836636
"6166",NA,52,"Candor: EPA CASTNet Site","PM 2.5","Montgomery",35.2631650008898,-79.836636
"6167",NA,39,"Candor: EPA CASTNet Site","PM 2.5","Montgomery",35.2631650008898,-79.836636
"6168",NA,29,"Candor: EPA CASTNet Site","PM 2.5","Montgomery",35.2631650008898,-79.836636
"6169",8-01-20,46,"Candor: EPA CASTNet Site","PM 2.5","Montgomery",35.2631650008898,-79.836636
"6170",8-02-20,34,"Candor: EPA CASTNet Site","PM 2.5","Montgomery",35.2631650008898,-79.836636
"6171",8-03-20,33,"Candor: EPA CASTNet Site","PM 2.5","Montgomery",35.2631650008898,-79.836636
"6172",8-04-20,34,"Candor: EPA CASTNet Site","PM 2.5","Montgomery",35.2631650008898,-79.836636
"6173",8-05-20,27,"Candor: EPA CASTNet Site","PM 2.5","Montgomery",35.2631650008898,-79.836636
"6174",8-06-20,32,"Candor: EPA CASTNet Site","PM 2.5","Montgomery",35.2631650008898,-79.836636
"6175",8-07-20,43,"Candor: EPA CASTNet Site","PM 2.5","Montgomery",35.2631650008898,-79.836636
"6176",8-08-20,32,"Candor: EPA CASTNet Site","PM 2.5","Montgomery",35.2631650008898,-79.836636
"6177",8-09-20,43,"Candor: EPA CASTNet Site","PM 2.5","Montgomery",35.2631650008898,-79.836636
"6178",8-10-20,45,"Candor: EPA CASTNet Site","PM 2.5","Montgomery",35.2631650008898,-79.836636
"6179",8-11-20,53,"Candor: EPA CASTNet Site","PM 2.5","Montgomery",35.2631650008898,-79.836636
"6180",8-12-20,43,"Candor: EPA CASTNet Site","PM 2.5","Montgomery",35.2631650008898,-79.836636
"6181",NA,40,"Candor: EPA CASTNet Site","PM 2.5","Montgomery",35.2631650008898,-79.836636
"6182",NA,19,"Candor: EPA CASTNet Site","PM 2.5","Montgomery",35.2631650008898,-79.836636
"6183",NA,25,"Candor: EPA CASTNet Site","PM 2.5","Montgomery",35.2631650008898,-79.836636
"6184",NA,32,"Candor: EPA CASTNet Site","PM 2.5","Montgomery",35.2631650008898,-79.836636
"6185",NA,35,"Candor: EPA CASTNet Site","PM 2.5","Montgomery",35.2631650008898,-79.836636
"6186",NA,34,"Candor: EPA CASTNet Site","PM 2.5","Montgomery",35.2631650008898,-79.836636
"6187",NA,29,"Candor: EPA CASTNet Site","PM 2.5","Montgomery",35.2631650008898,-79.836636
"6188",NA,44,"Candor: EPA CASTNet Site","PM 2.5","Montgomery",35.2631650008898,-79.836636
"6189",NA,24,"Candor: EPA CASTNet Site","PM 2.5","Montgomery",35.2631650008898,-79.836636
"6190",NA,20,"Candor: EPA CASTNet Site","PM 2.5","Montgomery",35.2631650008898,-79.836636
"6191",NA,21,"Candor: EPA CASTNet Site","PM 2.5","Montgomery",35.2631650008898,-79.836636
"6192",NA,15,"Candor: EPA CASTNet Site","PM 2.5","Montgomery",35.2631650008898,-79.836636
"6193",NA,34,"Candor: EPA CASTNet Site","PM 2.5","Montgomery",35.2631650008898,-79.836636
"6194",NA,16,"Candor: EPA CASTNet Site","PM 2.5","Montgomery",35.2631650008898,-79.836636
"6195",NA,34,"Candor: EPA CASTNet Site","PM 2.5","Montgomery",35.2631650008898,-79.836636
"6196",NA,37,"Candor: EPA CASTNet Site","PM 2.5","Montgomery",35.2631650008898,-79.836636
"6197",9-01-20,28,"Candor: EPA CASTNet Site","PM 2.5","Montgomery",35.2631650008898,-79.836636
"6198",9-02-20,15,"Candor: EPA CASTNet Site","PM 2.5","Montgomery",35.2631650008898,-79.836636
"6199",9-03-20,31,"Candor: EPA CASTNet Site","PM 2.5","Montgomery",35.2631650008898,-79.836636
"6200",9-07-20,38,"Candor: EPA CASTNet Site","PM 2.5","Montgomery",35.2631650008898,-79.836636
"6201",9-08-20,51,"Candor: EPA CASTNet Site","PM 2.5","Montgomery",35.2631650008898,-79.836636
"6202",9-09-20,61,"Candor: EPA CASTNet Site","PM 2.5","Montgomery",35.2631650008898,-79.836636
"6203",9-10-20,58,"Candor: EPA CASTNet Site","PM 2.5","Montgomery",35.2631650008898,-79.836636
"6204",9-11-20,52,"Candor: EPA CASTNet Site","PM 2.5","Montgomery",35.2631650008898,-79.836636
"6205",9-12-20,59,"Candor: EPA CASTNet Site","PM 2.5","Montgomery",35.2631650008898,-79.836636
"6206",NA,58,"Candor: EPA CASTNet Site","PM 2.5","Montgomery",35.2631650008898,-79.836636
"6207",NA,24,"Candor: EPA CASTNet Site","PM 2.5","Montgomery",35.2631650008898,-79.836636
"6208",NA,33,"Candor: EPA CASTNet Site","PM 2.5","Montgomery",35.2631650008898,-79.836636
"6209",NA,33,"Candor: EPA CASTNet Site","PM 2.5","Montgomery",35.2631650008898,-79.836636
"6210",NA,47,"Candor: EPA CASTNet Site","PM 2.5","Montgomery",35.2631650008898,-79.836636
"6211",NA,28,"Candor: EPA CASTNet Site","PM 2.5","Montgomery",35.2631650008898,-79.836636
"6212",NA,25,"Candor: EPA CASTNet Site","PM 2.5","Montgomery",35.2631650008898,-79.836636
"6213",NA,33,"Candor: EPA CASTNet Site","PM 2.5","Montgomery",35.2631650008898,-79.836636
"6214",NA,34,"Candor: EPA CASTNet Site","PM 2.5","Montgomery",35.2631650008898,-79.836636
"6215",NA,33,"Candor: EPA CASTNet Site","PM 2.5","Montgomery",35.2631650008898,-79.836636
"6216",NA,40,"Candor: EPA CASTNet Site","PM 2.5","Montgomery",35.2631650008898,-79.836636
"6217",NA,50,"Candor: EPA CASTNet Site","PM 2.5","Montgomery",35.2631650008898,-79.836636
"6218",NA,44,"Candor: EPA CASTNet Site","PM 2.5","Montgomery",35.2631650008898,-79.836636
"6219",NA,61,"Candor: EPA CASTNet Site","PM 2.5","Montgomery",35.2631650008898,-79.836636
"6220",NA,36,"Candor: EPA CASTNet Site","PM 2.5","Montgomery",35.2631650008898,-79.836636
"6221",NA,54,"Candor: EPA CASTNet Site","PM 2.5","Montgomery",35.2631650008898,-79.836636
"6222",NA,65,"Candor: EPA CASTNet Site","PM 2.5","Montgomery",35.2631650008898,-79.836636
"6223",10-01-20,59,"Candor: EPA CASTNet Site","PM 2.5","Montgomery",35.2631650008898,-79.836636
"6224",10-02-20,60,"Candor: EPA CASTNet Site","PM 2.5","Montgomery",35.2631650008898,-79.836636
"6225",10-03-20,56,"Candor: EPA CASTNet Site","PM 2.5","Montgomery",35.2631650008898,-79.836636
"6226",10-04-20,55,"Candor: EPA CASTNet Site","PM 2.5","Montgomery",35.2631650008898,-79.836636
"6227",10-05-20,22,"Candor: EPA CASTNet Site","PM 2.5","Montgomery",35.2631650008898,-79.836636
"6228",10-06-20,26,"Candor: EPA CASTNet Site","PM 2.5","Montgomery",35.2631650008898,-79.836636
"6229",10-07-20,24,"Candor: EPA CASTNet Site","PM 2.5","Montgomery",35.2631650008898,-79.836636
"6230",10-08-20,28,"Candor: EPA CASTNet Site","PM 2.5","Montgomery",35.2631650008898,-79.836636
"6231",10-09-20,23,"Candor: EPA CASTNet Site","PM 2.5","Montgomery",35.2631650008898,-79.836636
"6232",10-10-20,24,"Candor: EPA CASTNet Site","PM 2.5","Montgomery",35.2631650008898,-79.836636
"6233",10-11-20,25,"Candor: EPA CASTNet Site","PM 2.5","Montgomery",35.2631650008898,-79.836636
"6234",10-12-20,25,"Candor: EPA CASTNet Site","PM 2.5","Montgomery",35.2631650008898,-79.836636
"6235",NA,34,"Candor: EPA CASTNet Site","PM 2.5","Montgomery",35.2631650008898,-79.836636
"6236",NA,25,"Candor: EPA CASTNet Site","PM 2.5","Montgomery",35.2631650008898,-79.836636
"6237",NA,42,"Candor: EPA CASTNet Site","PM 2.5","Montgomery",35.2631650008898,-79.836636
"6238",NA,25,"Candor: EPA CASTNet Site","PM 2.5","Montgomery",35.2631650008898,-79.836636
"6239",NA,18,"Candor: EPA CASTNet Site","PM 2.5","Montgomery",35.2631650008898,-79.836636
"6240",NA,18,"Candor: EPA CASTNet Site","PM 2.5","Montgomery",35.2631650008898,-79.836636
"6241",NA,24,"Candor: EPA CASTNet Site","PM 2.5","Montgomery",35.2631650008898,-79.836636
"6242",NA,8,"Candor: EPA CASTNet Site","PM 2.5","Montgomery",35.2631650008898,-79.836636
"6243",NA,18,"Candor: EPA CASTNet Site","PM 2.5","Montgomery",35.2631650008898,-79.836636
"6244",NA,21,"Candor: EPA CASTNet Site","PM 2.5","Montgomery",35.2631650008898,-79.836636
"6245",NA,19,"Candor: EPA CASTNet Site","PM 2.5","Montgomery",35.2631650008898,-79.836636
"6246",NA,23,"Candor: EPA CASTNet Site","PM 2.5","Montgomery",35.2631650008898,-79.836636
"6247",NA,30,"Candor: EPA CASTNet Site","PM 2.5","Montgomery",35.2631650008898,-79.836636
"6248",NA,28,"Candor: EPA CASTNet Site","PM 2.5","Montgomery",35.2631650008898,-79.836636
"6249",NA,19,"Candor: EPA CASTNet Site","PM 2.5","Montgomery",35.2631650008898,-79.836636
"6250",NA,24,"Candor: EPA CASTNet Site","PM 2.5","Montgomery",35.2631650008898,-79.836636
"6251",NA,31,"Candor: EPA CASTNet Site","PM 2.5","Montgomery",35.2631650008898,-79.836636
"6252",NA,25,"Candor: EPA CASTNet Site","PM 2.5","Montgomery",35.2631650008898,-79.836636
"6253",NA,21,"Candor: EPA CASTNet Site","PM 2.5","Montgomery",35.2631650008898,-79.836636
"6254",11-01-20,17,"Candor: EPA CASTNet Site","PM 2.5","Montgomery",35.2631650008898,-79.836636
"6255",11-02-20,30,"Candor: EPA CASTNet Site","PM 2.5","Montgomery",35.2631650008898,-79.836636
"6256",11-03-20,30,"Candor: EPA CASTNet Site","PM 2.5","Montgomery",35.2631650008898,-79.836636
"6257",11-04-20,35,"Candor: EPA CASTNet Site","PM 2.5","Montgomery",35.2631650008898,-79.836636
"6258",11-05-20,39,"Candor: EPA CASTNet Site","PM 2.5","Montgomery",35.2631650008898,-79.836636
"6259",11-06-20,48,"Candor: EPA CASTNet Site","PM 2.5","Montgomery",35.2631650008898,-79.836636
"6260",11-07-20,45,"Candor: EPA CASTNet Site","PM 2.5","Montgomery",35.2631650008898,-79.836636
"6261",11-08-20,21,"Candor: EPA CASTNet Site","PM 2.5","Montgomery",35.2631650008898,-79.836636
"6262",11-09-20,36,"Candor: EPA CASTNet Site","PM 2.5","Montgomery",35.2631650008898,-79.836636
"6263",11-10-20,55,"Candor: EPA CASTNet Site","PM 2.5","Montgomery",35.2631650008898,-79.836636
"6264",11-11-20,38,"Candor: EPA CASTNet Site","PM 2.5","Montgomery",35.2631650008898,-79.836636
"6265",11-12-20,29,"Candor: EPA CASTNet Site","PM 2.5","Montgomery",35.2631650008898,-79.836636
"6266",NA,29,"Candor: EPA CASTNet Site","PM 2.5","Montgomery",35.2631650008898,-79.836636
"6267",NA,35,"Candor: EPA CASTNet Site","PM 2.5","Montgomery",35.2631650008898,-79.836636
"6268",NA,43,"Candor: EPA CASTNet Site","PM 2.5","Montgomery",35.2631650008898,-79.836636
"6269",NA,41,"Candor: EPA CASTNet Site","PM 2.5","Montgomery",35.2631650008898,-79.836636
"6270",NA,18,"Candor: EPA CASTNet Site","PM 2.5","Montgomery",35.2631650008898,-79.836636
"6271",NA,25,"Candor: EPA CASTNet Site","PM 2.5","Montgomery",35.2631650008898,-79.836636
"6272",NA,48,"Candor: EPA CASTNet Site","PM 2.5","Montgomery",35.2631650008898,-79.836636
"6273",NA,36,"Candor: EPA CASTNet Site","PM 2.5","Montgomery",35.2631650008898,-79.836636
"6274",NA,40,"Candor: EPA CASTNet Site","PM 2.5","Montgomery",35.2631650008898,-79.836636
"6275",NA,52,"Candor: EPA CASTNet Site","PM 2.5","Montgomery",35.2631650008898,-79.836636
"6276",NA,51,"Candor: EPA CASTNet Site","PM 2.5","Montgomery",35.2631650008898,-79.836636
"6277",NA,19,"Candor: EPA CASTNet Site","PM 2.5","Montgomery",35.2631650008898,-79.836636
"6278",NA,29,"Candor: EPA CASTNet Site","PM 2.5","Montgomery",35.2631650008898,-79.836636
"6279",NA,43,"Candor: EPA CASTNet Site","PM 2.5","Montgomery",35.2631650008898,-79.836636
"6280",NA,58,"Candor: EPA CASTNet Site","PM 2.5","Montgomery",35.2631650008898,-79.836636
"6281",NA,23,"Candor: EPA CASTNet Site","PM 2.5","Montgomery",35.2631650008898,-79.836636
"6282",NA,20,"Candor: EPA CASTNet Site","PM 2.5","Montgomery",35.2631650008898,-79.836636
"6283",NA,38,"Candor: EPA CASTNet Site","PM 2.5","Montgomery",35.2631650008898,-79.836636
"6284",12-01-20,29,"Candor: EPA CASTNet Site","PM 2.5","Montgomery",35.2631650008898,-79.836636
"6285",12-02-20,15,"Candor: EPA CASTNet Site","PM 2.5","Montgomery",35.2631650008898,-79.836636
"6286",12-03-20,15,"Candor: EPA CASTNet Site","PM 2.5","Montgomery",35.2631650008898,-79.836636
"6287",12-04-20,24,"Candor: EPA CASTNet Site","PM 2.5","Montgomery",35.2631650008898,-79.836636
"6288",12-05-20,28,"Candor: EPA CASTNet Site","PM 2.5","Montgomery",35.2631650008898,-79.836636
"6289",12-06-20,42,"Candor: EPA CASTNet Site","PM 2.5","Montgomery",35.2631650008898,-79.836636
"6290",12-07-20,49,"Candor: EPA CASTNet Site","PM 2.5","Montgomery",35.2631650008898,-79.836636
"6291",12-08-20,29,"Candor: EPA CASTNet Site","PM 2.5","Montgomery",35.2631650008898,-79.836636
"6292",12-09-20,44,"Candor: EPA CASTNet Site","PM 2.5","Montgomery",35.2631650008898,-79.836636
"6293",12-10-20,33,"Candor: EPA CASTNet Site","PM 2.5","Montgomery",35.2631650008898,-79.836636
"6294",12-11-20,18,"Candor: EPA CASTNet Site","PM 2.5","Montgomery",35.2631650008898,-79.836636
"6295",12-12-20,32,"Candor: EPA CASTNet Site","PM 2.5","Montgomery",35.2631650008898,-79.836636
"6296",NA,17,"Candor: EPA CASTNet Site","PM 2.5","Montgomery",35.2631650008898,-79.836636
"6297",NA,15,"Candor: EPA CASTNet Site","PM 2.5","Montgomery",35.2631650008898,-79.836636
"6298",NA,27,"Candor: EPA CASTNet Site","PM 2.5","Montgomery",35.2631650008898,-79.836636
"6299",NA,32,"Candor: EPA CASTNet Site","PM 2.5","Montgomery",35.2631650008898,-79.836636
"6300",NA,14,"Candor: EPA CASTNet Site","PM 2.5","Montgomery",35.2631650008898,-79.836636
"6301",NA,20,"Candor: EPA CASTNet Site","PM 2.5","Montgomery",35.2631650008898,-79.836636
"6302",NA,33,"Candor: EPA CASTNet Site","PM 2.5","Montgomery",35.2631650008898,-79.836636
"6303",NA,43,"Candor: EPA CASTNet Site","PM 2.5","Montgomery",35.2631650008898,-79.836636
"6304",NA,52,"Candor: EPA CASTNet Site","PM 2.5","Montgomery",35.2631650008898,-79.836636
"6305",NA,58,"Candor: EPA CASTNet Site","PM 2.5","Montgomery",35.2631650008898,-79.836636
"6306",NA,39,"Candor: EPA CASTNet Site","PM 2.5","Montgomery",35.2631650008898,-79.836636
"6307",NA,19,"Candor: EPA CASTNet Site","PM 2.5","Montgomery",35.2631650008898,-79.836636
"6308",NA,35,"Candor: EPA CASTNet Site","PM 2.5","Montgomery",35.2631650008898,-79.836636
"6309",NA,32,"Candor: EPA CASTNet Site","PM 2.5","Montgomery",35.2631650008898,-79.836636
"6310",NA,34,"Candor: EPA CASTNet Site","PM 2.5","Montgomery",35.2631650008898,-79.836636
"6311",NA,35,"Candor: EPA CASTNet Site","PM 2.5","Montgomery",35.2631650008898,-79.836636
"6312",NA,13,"Candor: EPA CASTNet Site","PM 2.5","Montgomery",35.2631650008898,-79.836636
"6313",NA,11,"Candor: EPA CASTNet Site","PM 2.5","Montgomery",35.2631650008898,-79.836636
"6314",NA,13,"Candor: EPA CASTNet Site","PM 2.5","Montgomery",35.2631650008898,-79.836636
"6315",1-01-20,14,"Castle Hayne","PM 2.5","New Hanover",34.364167,-77.838611
"6316",1-02-20,11,"Castle Hayne","PM 2.5","New Hanover",34.364167,-77.838611
"6317",1-05-20,5,"Castle Hayne","PM 2.5","New Hanover",34.364167,-77.838611
"6318",1-06-20,5,"Castle Hayne","PM 2.5","New Hanover",34.364167,-77.838611
"6319",1-07-20,13,"Castle Hayne","PM 2.5","New Hanover",34.364167,-77.838611
"6320",1-08-20,8,"Castle Hayne","PM 2.5","New Hanover",34.364167,-77.838611
"6321",1-09-20,11,"Castle Hayne","PM 2.5","New Hanover",34.364167,-77.838611
"6322",1-10-20,9,"Castle Hayne","PM 2.5","New Hanover",34.364167,-77.838611
"6323",1-11-20,16,"Castle Hayne","PM 2.5","New Hanover",34.364167,-77.838611
"6324",1-12-20,18,"Castle Hayne","PM 2.5","New Hanover",34.364167,-77.838611
"6325",NA,3,"Castle Hayne","PM 2.5","New Hanover",34.364167,-77.838611
"6326",NA,16,"Castle Hayne","PM 2.5","New Hanover",34.364167,-77.838611
"6327",NA,29,"Castle Hayne","PM 2.5","New Hanover",34.364167,-77.838611
"6328",NA,29,"Castle Hayne","PM 2.5","New Hanover",34.364167,-77.838611
"6329",NA,30,"Castle Hayne","PM 2.5","New Hanover",34.364167,-77.838611
"6330",NA,28,"Castle Hayne","PM 2.5","New Hanover",34.364167,-77.838611
"6331",NA,19,"Castle Hayne","PM 2.5","New Hanover",34.364167,-77.838611
"6332",NA,8,"Castle Hayne","PM 2.5","New Hanover",34.364167,-77.838611
"6333",NA,6,"Castle Hayne","PM 2.5","New Hanover",34.364167,-77.838611
"6334",NA,5,"Castle Hayne","PM 2.5","New Hanover",34.364167,-77.838611
"6335",NA,8,"Castle Hayne","PM 2.5","New Hanover",34.364167,-77.838611
"6336",NA,10,"Castle Hayne","PM 2.5","New Hanover",34.364167,-77.838611
"6337",NA,6,"Castle Hayne","PM 2.5","New Hanover",34.364167,-77.838611
"6338",NA,21,"Castle Hayne","PM 2.5","New Hanover",34.364167,-77.838611
"6339",NA,33,"Castle Hayne","PM 2.5","New Hanover",34.364167,-77.838611
"6340",NA,24,"Castle Hayne","PM 2.5","New Hanover",34.364167,-77.838611
"6341",NA,19,"Castle Hayne","PM 2.5","New Hanover",34.364167,-77.838611
"6342",NA,8,"Castle Hayne","PM 2.5","New Hanover",34.364167,-77.838611
"6343",NA,9,"Castle Hayne","PM 2.5","New Hanover",34.364167,-77.838611
"6344",2-01-20,13,"Castle Hayne","PM 2.5","New Hanover",34.364167,-77.838611
"6345",2-02-20,30,"Castle Hayne","PM 2.5","New Hanover",34.364167,-77.838611
"6346",2-03-20,8,"Castle Hayne","PM 2.5","New Hanover",34.364167,-77.838611
"6347",2-04-20,15,"Castle Hayne","PM 2.5","New Hanover",34.364167,-77.838611
"6348",2-05-20,33,"Castle Hayne","PM 2.5","New Hanover",34.364167,-77.838611
"6349",2-06-20,49,"Castle Hayne","PM 2.5","New Hanover",34.364167,-77.838611
"6350",2-07-20,27,"Castle Hayne","PM 2.5","New Hanover",34.364167,-77.838611
"6351",2-08-20,18,"Castle Hayne","PM 2.5","New Hanover",34.364167,-77.838611
"6352",2-09-20,5,"Castle Hayne","PM 2.5","New Hanover",34.364167,-77.838611
"6353",2-10-20,13,"Castle Hayne","PM 2.5","New Hanover",34.364167,-77.838611
"6354",2-11-20,16,"Castle Hayne","PM 2.5","New Hanover",34.364167,-77.838611
"6355",2-12-20,0,"Castle Hayne","PM 2.5","New Hanover",34.364167,-77.838611
"6356",NA,1,"Castle Hayne","PM 2.5","New Hanover",34.364167,-77.838611
"6357",NA,7,"Castle Hayne","PM 2.5","New Hanover",34.364167,-77.838611
"6358",NA,18,"Castle Hayne","PM 2.5","New Hanover",34.364167,-77.838611
"6359",NA,22,"Castle Hayne","PM 2.5","New Hanover",34.364167,-77.838611
"6360",NA,21,"Castle Hayne","PM 2.5","New Hanover",34.364167,-77.838611
"6361",NA,15,"Castle Hayne","PM 2.5","New Hanover",34.364167,-77.838611
"6362",NA,9,"Castle Hayne","PM 2.5","New Hanover",34.364167,-77.838611
"6363",NA,4,"Castle Hayne","PM 2.5","New Hanover",34.364167,-77.838611
"6364",NA,22,"Castle Hayne","PM 2.5","New Hanover",34.364167,-77.838611
"6365",NA,16,"Castle Hayne","PM 2.5","New Hanover",34.364167,-77.838611
"6366",NA,7,"Castle Hayne","PM 2.5","New Hanover",34.364167,-77.838611
"6367",NA,10,"Castle Hayne","PM 2.5","New Hanover",34.364167,-77.838611
"6368",NA,8,"Castle Hayne","PM 2.5","New Hanover",34.364167,-77.838611
"6369",NA,13,"Castle Hayne","PM 2.5","New Hanover",34.364167,-77.838611
"6370",NA,5,"Castle Hayne","PM 2.5","New Hanover",34.364167,-77.838611
"6371",NA,33,"Castle Hayne","PM 2.5","New Hanover",34.364167,-77.838611
"6372",3-01-20,23,"Castle Hayne","PM 2.5","New Hanover",34.364167,-77.838611
"6373",3-02-20,13,"Castle Hayne","PM 2.5","New Hanover",34.364167,-77.838611
"6374",3-03-20,16,"Castle Hayne","PM 2.5","New Hanover",34.364167,-77.838611
"6375",3-04-20,18,"Castle Hayne","PM 2.5","New Hanover",34.364167,-77.838611
"6376",3-05-20,22,"Castle Hayne","PM 2.5","New Hanover",34.364167,-77.838611
"6377",3-06-20,16,"Castle Hayne","PM 2.5","New Hanover",34.364167,-77.838611
"6378",3-07-20,27,"Castle Hayne","PM 2.5","New Hanover",34.364167,-77.838611
"6379",3-08-20,26,"Castle Hayne","PM 2.5","New Hanover",34.364167,-77.838611
"6380",3-09-20,26,"Castle Hayne","PM 2.5","New Hanover",34.364167,-77.838611
"6381",3-10-20,19,"Castle Hayne","PM 2.5","New Hanover",34.364167,-77.838611
"6382",3-11-20,21,"Castle Hayne","PM 2.5","New Hanover",34.364167,-77.838611
"6383",3-12-20,31,"Castle Hayne","PM 2.5","New Hanover",34.364167,-77.838611
"6384",NA,10,"Castle Hayne","PM 2.5","New Hanover",34.364167,-77.838611
"6385",NA,9,"Castle Hayne","PM 2.5","New Hanover",34.364167,-77.838611
"6386",NA,15,"Castle Hayne","PM 2.5","New Hanover",34.364167,-77.838611
"6387",NA,13,"Castle Hayne","PM 2.5","New Hanover",34.364167,-77.838611
"6388",NA,19,"Castle Hayne","PM 2.5","New Hanover",34.364167,-77.838611
"6389",NA,11,"Castle Hayne","PM 2.5","New Hanover",34.364167,-77.838611
"6390",NA,9,"Castle Hayne","PM 2.5","New Hanover",34.364167,-77.838611
"6391",NA,11,"Castle Hayne","PM 2.5","New Hanover",34.364167,-77.838611
"6392",NA,6,"Castle Hayne","PM 2.5","New Hanover",34.364167,-77.838611
"6393",NA,12,"Castle Hayne","PM 2.5","New Hanover",34.364167,-77.838611
"6394",4-01-20,0,"Castle Hayne","PM 2.5","New Hanover",34.364167,-77.838611
"6395",4-02-20,6,"Castle Hayne","PM 2.5","New Hanover",34.364167,-77.838611
"6396",4-03-20,20,"Castle Hayne","PM 2.5","New Hanover",34.364167,-77.838611
"6397",4-04-20,19,"Castle Hayne","PM 2.5","New Hanover",34.364167,-77.838611
"6398",4-05-20,6,"Castle Hayne","PM 2.5","New Hanover",34.364167,-77.838611
"6399",4-06-20,0,"Castle Hayne","PM 2.5","New Hanover",34.364167,-77.838611
"6400",4-07-20,0,"Castle Hayne","PM 2.5","New Hanover",34.364167,-77.838611
"6401",4-08-20,8,"Castle Hayne","PM 2.5","New Hanover",34.364167,-77.838611
"6402",4-09-20,8,"Castle Hayne","PM 2.5","New Hanover",34.364167,-77.838611
"6403",4-10-20,8,"Castle Hayne","PM 2.5","New Hanover",34.364167,-77.838611
"6404",4-11-20,7,"Castle Hayne","PM 2.5","New Hanover",34.364167,-77.838611
"6405",4-12-20,46,"Castle Hayne","PM 2.5","New Hanover",34.364167,-77.838611
"6406",NA,0,"Castle Hayne","PM 2.5","New Hanover",34.364167,-77.838611
"6407",NA,8,"Castle Hayne","PM 2.5","New Hanover",34.364167,-77.838611
"6408",NA,10,"Castle Hayne","PM 2.5","New Hanover",34.364167,-77.838611
"6409",NA,2,"Castle Hayne","PM 2.5","New Hanover",34.364167,-77.838611
"6410",NA,25,"Castle Hayne","PM 2.5","New Hanover",34.364167,-77.838611
"6411",NA,18,"Castle Hayne","PM 2.5","New Hanover",34.364167,-77.838611
"6412",NA,48,"Castle Hayne","PM 2.5","New Hanover",34.364167,-77.838611
"6413",NA,4,"Castle Hayne","PM 2.5","New Hanover",34.364167,-77.838611
"6414",NA,5,"Castle Hayne","PM 2.5","New Hanover",34.364167,-77.838611
"6415",NA,7,"Castle Hayne","PM 2.5","New Hanover",34.364167,-77.838611
"6416",NA,15,"Castle Hayne","PM 2.5","New Hanover",34.364167,-77.838611
"6417",NA,20,"Castle Hayne","PM 2.5","New Hanover",34.364167,-77.838611
"6418",NA,33,"Castle Hayne","PM 2.5","New Hanover",34.364167,-77.838611
"6419",NA,20,"Castle Hayne","PM 2.5","New Hanover",34.364167,-77.838611
"6420",NA,17,"Castle Hayne","PM 2.5","New Hanover",34.364167,-77.838611
"6421",NA,22,"Castle Hayne","PM 2.5","New Hanover",34.364167,-77.838611
"6422",NA,31,"Castle Hayne","PM 2.5","New Hanover",34.364167,-77.838611
"6423",NA,17,"Castle Hayne","PM 2.5","New Hanover",34.364167,-77.838611
"6424",5-01-20,2,"Castle Hayne","PM 2.5","New Hanover",34.364167,-77.838611
"6425",5-02-20,13,"Castle Hayne","PM 2.5","New Hanover",34.364167,-77.838611
"6426",5-03-20,0,"Castle Hayne","PM 2.5","New Hanover",34.364167,-77.838611
"6427",5-04-20,5,"Castle Hayne","PM 2.5","New Hanover",34.364167,-77.838611
"6428",5-05-20,22,"Castle Hayne","PM 2.5","New Hanover",34.364167,-77.838611
"6429",5-06-20,0,"Castle Hayne","PM 2.5","New Hanover",34.364167,-77.838611
"6430",5-07-20,0,"Castle Hayne","PM 2.5","New Hanover",34.364167,-77.838611
"6431",5-08-20,0,"Castle Hayne","PM 2.5","New Hanover",34.364167,-77.838611
"6432",5-09-20,0,"Castle Hayne","PM 2.5","New Hanover",34.364167,-77.838611
"6433",5-10-20,0,"Castle Hayne","PM 2.5","New Hanover",34.364167,-77.838611
"6434",5-11-20,0,"Castle Hayne","PM 2.5","New Hanover",34.364167,-77.838611
"6435",5-12-20,0,"Castle Hayne","PM 2.5","New Hanover",34.364167,-77.838611
"6436",NA,3,"Castle Hayne","PM 2.5","New Hanover",34.364167,-77.838611
"6437",NA,0,"Castle Hayne","PM 2.5","New Hanover",34.364167,-77.838611
"6438",NA,10,"Castle Hayne","PM 2.5","New Hanover",34.364167,-77.838611
"6439",NA,11,"Castle Hayne","PM 2.5","New Hanover",34.364167,-77.838611
"6440",NA,37,"Castle Hayne","PM 2.5","New Hanover",34.364167,-77.838611
"6441",NA,40,"Castle Hayne","PM 2.5","New Hanover",34.364167,-77.838611
"6442",NA,19,"Castle Hayne","PM 2.5","New Hanover",34.364167,-77.838611
"6443",NA,3,"Castle Hayne","PM 2.5","New Hanover",34.364167,-77.838611
"6444",NA,23,"Castle Hayne","PM 2.5","New Hanover",34.364167,-77.838611
"6445",NA,15,"Castle Hayne","PM 2.5","New Hanover",34.364167,-77.838611
"6446",NA,6,"Castle Hayne","PM 2.5","New Hanover",34.364167,-77.838611
"6447",NA,22,"Castle Hayne","PM 2.5","New Hanover",34.364167,-77.838611
"6448",NA,15,"Castle Hayne","PM 2.5","New Hanover",34.364167,-77.838611
"6449",NA,45,"Castle Hayne","PM 2.5","New Hanover",34.364167,-77.838611
"6450",NA,24,"Castle Hayne","PM 2.5","New Hanover",34.364167,-77.838611
"6451",NA,52,"Castle Hayne","PM 2.5","New Hanover",34.364167,-77.838611
"6452",NA,49,"Castle Hayne","PM 2.5","New Hanover",34.364167,-77.838611
"6453",NA,52,"Castle Hayne","PM 2.5","New Hanover",34.364167,-77.838611
"6454",NA,43,"Castle Hayne","PM 2.5","New Hanover",34.364167,-77.838611
"6455",6-01-20,14,"Castle Hayne","PM 2.5","New Hanover",34.364167,-77.838611
"6456",6-02-20,26,"Castle Hayne","PM 2.5","New Hanover",34.364167,-77.838611
"6457",6-03-20,40,"Castle Hayne","PM 2.5","New Hanover",34.364167,-77.838611
"6458",6-04-20,16,"Castle Hayne","PM 2.5","New Hanover",34.364167,-77.838611
"6459",6-05-20,23,"Castle Hayne","PM 2.5","New Hanover",34.364167,-77.838611
"6460",6-06-20,15,"Castle Hayne","PM 2.5","New Hanover",34.364167,-77.838611
"6461",6-08-20,0,"Castle Hayne","PM 2.5","New Hanover",34.364167,-77.838611
"6462",6-09-20,0,"Castle Hayne","PM 2.5","New Hanover",34.364167,-77.838611
"6463",6-10-20,0,"Castle Hayne","PM 2.5","New Hanover",34.364167,-77.838611
"6464",6-11-20,7,"Castle Hayne","PM 2.5","New Hanover",34.364167,-77.838611
"6465",6-12-20,0,"Castle Hayne","PM 2.5","New Hanover",34.364167,-77.838611
"6466",NA,9,"Castle Hayne","PM 2.5","New Hanover",34.364167,-77.838611
"6467",NA,18,"Castle Hayne","PM 2.5","New Hanover",34.364167,-77.838611
"6468",NA,4,"Castle Hayne","PM 2.5","New Hanover",34.364167,-77.838611
"6469",NA,10,"Castle Hayne","PM 2.5","New Hanover",34.364167,-77.838611
"6470",NA,0,"Castle Hayne","PM 2.5","New Hanover",34.364167,-77.838611
"6471",NA,0,"Castle Hayne","PM 2.5","New Hanover",34.364167,-77.838611
"6472",NA,4,"Castle Hayne","PM 2.5","New Hanover",34.364167,-77.838611
"6473",NA,18,"Castle Hayne","PM 2.5","New Hanover",34.364167,-77.838611
"6474",NA,10,"Castle Hayne","PM 2.5","New Hanover",34.364167,-77.838611
"6475",NA,17,"Castle Hayne","PM 2.5","New Hanover",34.364167,-77.838611
"6476",NA,10,"Castle Hayne","PM 2.5","New Hanover",34.364167,-77.838611
"6477",NA,23,"Castle Hayne","PM 2.5","New Hanover",34.364167,-77.838611
"6478",NA,24,"Castle Hayne","PM 2.5","New Hanover",34.364167,-77.838611
"6479",NA,28,"Castle Hayne","PM 2.5","New Hanover",34.364167,-77.838611
"6480",NA,21,"Castle Hayne","PM 2.5","New Hanover",34.364167,-77.838611
"6481",NA,20,"Castle Hayne","PM 2.5","New Hanover",34.364167,-77.838611
"6482",NA,9,"Castle Hayne","PM 2.5","New Hanover",34.364167,-77.838611
"6483",NA,15,"Castle Hayne","PM 2.5","New Hanover",34.364167,-77.838611
"6484",7-01-20,33,"Castle Hayne","PM 2.5","New Hanover",34.364167,-77.838611
"6485",7-02-20,29,"Castle Hayne","PM 2.5","New Hanover",34.364167,-77.838611
"6486",7-03-20,51,"Castle Hayne","PM 2.5","New Hanover",34.364167,-77.838611
"6487",7-09-20,15,"Castle Hayne","PM 2.5","New Hanover",34.364167,-77.838611
"6488",7-10-20,15,"Castle Hayne","PM 2.5","New Hanover",34.364167,-77.838611
"6489",7-11-20,19,"Castle Hayne","PM 2.5","New Hanover",34.364167,-77.838611
"6490",7-12-20,22,"Castle Hayne","PM 2.5","New Hanover",34.364167,-77.838611
"6491",NA,11,"Castle Hayne","PM 2.5","New Hanover",34.364167,-77.838611
"6492",NA,28,"Castle Hayne","PM 2.5","New Hanover",34.364167,-77.838611
"6493",NA,38,"Castle Hayne","PM 2.5","New Hanover",34.364167,-77.838611
"6494",NA,35,"Castle Hayne","PM 2.5","New Hanover",34.364167,-77.838611
"6495",NA,48,"Castle Hayne","PM 2.5","New Hanover",34.364167,-77.838611
"6496",NA,55,"Castle Hayne","PM 2.5","New Hanover",34.364167,-77.838611
"6497",NA,36,"Castle Hayne","PM 2.5","New Hanover",34.364167,-77.838611
"6498",NA,31,"Castle Hayne","PM 2.5","New Hanover",34.364167,-77.838611
"6499",NA,28,"Castle Hayne","PM 2.5","New Hanover",34.364167,-77.838611
"6500",NA,18,"Castle Hayne","PM 2.5","New Hanover",34.364167,-77.838611
"6501",NA,0,"Castle Hayne","PM 2.5","New Hanover",34.364167,-77.838611
"6502",NA,15,"Castle Hayne","PM 2.5","New Hanover",34.364167,-77.838611
"6503",NA,17,"Castle Hayne","PM 2.5","New Hanover",34.364167,-77.838611
"6504",NA,26,"Castle Hayne","PM 2.5","New Hanover",34.364167,-77.838611
"6505",NA,23,"Castle Hayne","PM 2.5","New Hanover",34.364167,-77.838611
"6506",NA,18,"Castle Hayne","PM 2.5","New Hanover",34.364167,-77.838611
"6507",NA,3,"Castle Hayne","PM 2.5","New Hanover",34.364167,-77.838611
"6508",NA,5,"Castle Hayne","PM 2.5","New Hanover",34.364167,-77.838611
"6509",NA,3,"Castle Hayne","PM 2.5","New Hanover",34.364167,-77.838611
"6510",8-01-20,15,"Castle Hayne","PM 2.5","New Hanover",34.364167,-77.838611
"6511",8-06-20,25,"Castle Hayne","PM 2.5","New Hanover",34.364167,-77.838611
"6512",8-07-20,22,"Castle Hayne","PM 2.5","New Hanover",34.364167,-77.838611
"6513",8-08-20,36,"Castle Hayne","PM 2.5","New Hanover",34.364167,-77.838611
"6514",8-09-20,55,"Castle Hayne","PM 2.5","New Hanover",34.364167,-77.838611
"6515",8-10-20,52,"Castle Hayne","PM 2.5","New Hanover",34.364167,-77.838611
"6516",8-11-20,23,"Castle Hayne","PM 2.5","New Hanover",34.364167,-77.838611
"6517",8-12-20,12,"Castle Hayne","PM 2.5","New Hanover",34.364167,-77.838611
"6518",NA,21,"Castle Hayne","PM 2.5","New Hanover",34.364167,-77.838611
"6519",NA,31,"Castle Hayne","PM 2.5","New Hanover",34.364167,-77.838611
"6520",NA,28,"Castle Hayne","PM 2.5","New Hanover",34.364167,-77.838611
"6521",NA,3,"Castle Hayne","PM 2.5","New Hanover",34.364167,-77.838611
"6522",NA,3,"Castle Hayne","PM 2.5","New Hanover",34.364167,-77.838611
"6523",NA,18,"Castle Hayne","PM 2.5","New Hanover",34.364167,-77.838611
"6524",NA,22,"Castle Hayne","PM 2.5","New Hanover",34.364167,-77.838611
"6525",NA,40,"Castle Hayne","PM 2.5","New Hanover",34.364167,-77.838611
"6526",NA,0,"Castle Hayne","PM 2.5","New Hanover",34.364167,-77.838611
"6527",NA,10,"Castle Hayne","PM 2.5","New Hanover",34.364167,-77.838611
"6528",NA,5,"Castle Hayne","PM 2.5","New Hanover",34.364167,-77.838611
"6529",NA,1,"Castle Hayne","PM 2.5","New Hanover",34.364167,-77.838611
"6530",NA,0,"Castle Hayne","PM 2.5","New Hanover",34.364167,-77.838611
"6531",NA,15,"Castle Hayne","PM 2.5","New Hanover",34.364167,-77.838611
"6532",NA,18,"Castle Hayne","PM 2.5","New Hanover",34.364167,-77.838611
"6533",NA,14,"Castle Hayne","PM 2.5","New Hanover",34.364167,-77.838611
"6534",NA,11,"Castle Hayne","PM 2.5","New Hanover",34.364167,-77.838611
"6535",9-01-20,5,"Castle Hayne","PM 2.5","New Hanover",34.364167,-77.838611
"6536",9-02-20,2,"Castle Hayne","PM 2.5","New Hanover",34.364167,-77.838611
"6537",9-11-20,2,"Castle Hayne","PM 2.5","New Hanover",34.364167,-77.838611
"6538",9-12-20,11,"Castle Hayne","PM 2.5","New Hanover",34.364167,-77.838611
"6539",NA,7,"Castle Hayne","PM 2.5","New Hanover",34.364167,-77.838611
"6540",NA,17,"Castle Hayne","PM 2.5","New Hanover",34.364167,-77.838611
"6541",NA,0,"Castle Hayne","PM 2.5","New Hanover",34.364167,-77.838611
"6542",NA,2,"Castle Hayne","PM 2.5","New Hanover",34.364167,-77.838611
"6543",NA,11,"Castle Hayne","PM 2.5","New Hanover",34.364167,-77.838611
"6544",NA,8,"Castle Hayne","PM 2.5","New Hanover",34.364167,-77.838611
"6545",NA,3,"Castle Hayne","PM 2.5","New Hanover",34.364167,-77.838611
"6546",NA,0,"Castle Hayne","PM 2.5","New Hanover",34.364167,-77.838611
"6547",NA,4,"Castle Hayne","PM 2.5","New Hanover",34.364167,-77.838611
"6548",NA,4,"Castle Hayne","PM 2.5","New Hanover",34.364167,-77.838611
"6549",NA,6,"Castle Hayne","PM 2.5","New Hanover",34.364167,-77.838611
"6550",NA,20,"Castle Hayne","PM 2.5","New Hanover",34.364167,-77.838611
"6551",NA,14,"Castle Hayne","PM 2.5","New Hanover",34.364167,-77.838611
"6552",NA,13,"Castle Hayne","PM 2.5","New Hanover",34.364167,-77.838611
"6553",NA,16,"Castle Hayne","PM 2.5","New Hanover",34.364167,-77.838611
"6554",NA,13,"Castle Hayne","PM 2.5","New Hanover",34.364167,-77.838611
"6555",NA,31,"Castle Hayne","PM 2.5","New Hanover",34.364167,-77.838611
"6556",NA,30,"Castle Hayne","PM 2.5","New Hanover",34.364167,-77.838611
"6557",10-01-20,18,"Castle Hayne","PM 2.5","New Hanover",34.364167,-77.838611
"6558",10-02-20,20,"Castle Hayne","PM 2.5","New Hanover",34.364167,-77.838611
"6559",10-03-20,49,"Castle Hayne","PM 2.5","New Hanover",34.364167,-77.838611
"6560",10-04-20,46,"Castle Hayne","PM 2.5","New Hanover",34.364167,-77.838611
"6561",10-05-20,3,"Castle Hayne","PM 2.5","New Hanover",34.364167,-77.838611
"6562",10-06-20,5,"Castle Hayne","PM 2.5","New Hanover",34.364167,-77.838611
"6563",10-07-20,8,"Castle Hayne","PM 2.5","New Hanover",34.364167,-77.838611
"6564",10-08-20,0,"Castle Hayne","PM 2.5","New Hanover",34.364167,-77.838611
"6565",10-09-20,9,"Castle Hayne","PM 2.5","New Hanover",34.364167,-77.838611
"6566",10-10-20,2,"Castle Hayne","PM 2.5","New Hanover",34.364167,-77.838611
"6567",10-11-20,8,"Castle Hayne","PM 2.5","New Hanover",34.364167,-77.838611
"6568",10-12-20,20,"Castle Hayne","PM 2.5","New Hanover",34.364167,-77.838611
"6569",NA,2,"Castle Hayne","PM 2.5","New Hanover",34.364167,-77.838611
"6570",NA,6,"Castle Hayne","PM 2.5","New Hanover",34.364167,-77.838611
"6571",NA,14,"Castle Hayne","PM 2.5","New Hanover",34.364167,-77.838611
"6572",NA,0,"Castle Hayne","PM 2.5","New Hanover",34.364167,-77.838611
"6573",NA,6,"Castle Hayne","PM 2.5","New Hanover",34.364167,-77.838611
"6574",NA,11,"Castle Hayne","PM 2.5","New Hanover",34.364167,-77.838611
"6575",NA,3,"Castle Hayne","PM 2.5","New Hanover",34.364167,-77.838611
"6576",NA,0,"Castle Hayne","PM 2.5","New Hanover",34.364167,-77.838611
"6577",NA,0,"Castle Hayne","PM 2.5","New Hanover",34.364167,-77.838611
"6578",NA,12,"Castle Hayne","PM 2.5","New Hanover",34.364167,-77.838611
"6579",NA,8,"Castle Hayne","PM 2.5","New Hanover",34.364167,-77.838611
"6580",NA,11,"Castle Hayne","PM 2.5","New Hanover",34.364167,-77.838611
"6581",NA,9,"Castle Hayne","PM 2.5","New Hanover",34.364167,-77.838611
"6582",NA,6,"Castle Hayne","PM 2.5","New Hanover",34.364167,-77.838611
"6583",NA,34,"Castle Hayne","PM 2.5","New Hanover",34.364167,-77.838611
"6584",NA,19,"Castle Hayne","PM 2.5","New Hanover",34.364167,-77.838611
"6585",NA,13,"Castle Hayne","PM 2.5","New Hanover",34.364167,-77.838611
"6586",NA,8,"Castle Hayne","PM 2.5","New Hanover",34.364167,-77.838611
"6587",NA,17,"Castle Hayne","PM 2.5","New Hanover",34.364167,-77.838611
"6588",11-01-20,6,"Castle Hayne","PM 2.5","New Hanover",34.364167,-77.838611
"6589",11-02-20,13,"Castle Hayne","PM 2.5","New Hanover",34.364167,-77.838611
"6590",11-03-20,23,"Castle Hayne","PM 2.5","New Hanover",34.364167,-77.838611
"6591",11-04-20,18,"Castle Hayne","PM 2.5","New Hanover",34.364167,-77.838611
"6592",11-05-20,11,"Castle Hayne","PM 2.5","New Hanover",34.364167,-77.838611
"6593",11-06-20,25,"Castle Hayne","PM 2.5","New Hanover",34.364167,-77.838611
"6594",11-07-20,22,"Castle Hayne","PM 2.5","New Hanover",34.364167,-77.838611
"6595",11-08-20,7,"Castle Hayne","PM 2.5","New Hanover",34.364167,-77.838611
"6596",11-09-20,19,"Castle Hayne","PM 2.5","New Hanover",34.364167,-77.838611
"6597",11-10-20,27,"Castle Hayne","PM 2.5","New Hanover",34.364167,-77.838611
"6598",11-11-20,40,"Castle Hayne","PM 2.5","New Hanover",34.364167,-77.838611
"6599",11-12-20,12,"Castle Hayne","PM 2.5","New Hanover",34.364167,-77.838611
"6600",NA,10,"Castle Hayne","PM 2.5","New Hanover",34.364167,-77.838611
"6601",NA,24,"Castle Hayne","PM 2.5","New Hanover",34.364167,-77.838611
"6602",NA,22,"Castle Hayne","PM 2.5","New Hanover",34.364167,-77.838611
"6603",NA,22,"Castle Hayne","PM 2.5","New Hanover",34.364167,-77.838611
"6604",NA,15,"Castle Hayne","PM 2.5","New Hanover",34.364167,-77.838611
"6605",NA,19,"Castle Hayne","PM 2.5","New Hanover",34.364167,-77.838611
"6606",NA,18,"Castle Hayne","PM 2.5","New Hanover",34.364167,-77.838611
"6607",NA,42,"Castle Hayne","PM 2.5","New Hanover",34.364167,-77.838611
"6608",NA,45,"Castle Hayne","PM 2.5","New Hanover",34.364167,-77.838611
"6609",NA,33,"Castle Hayne","PM 2.5","New Hanover",34.364167,-77.838611
"6610",NA,30,"Castle Hayne","PM 2.5","New Hanover",34.364167,-77.838611
"6611",NA,25,"Castle Hayne","PM 2.5","New Hanover",34.364167,-77.838611
"6612",NA,13,"Castle Hayne","PM 2.5","New Hanover",34.364167,-77.838611
"6613",NA,30,"Castle Hayne","PM 2.5","New Hanover",34.364167,-77.838611
"6614",12-01-20,15,"Castle Hayne","PM 2.5","New Hanover",34.364167,-77.838611
"6615",12-02-20,13,"Castle Hayne","PM 2.5","New Hanover",34.364167,-77.838611
"6616",12-03-20,10,"Castle Hayne","PM 2.5","New Hanover",34.364167,-77.838611
"6617",12-04-20,28,"Castle Hayne","PM 2.5","New Hanover",34.364167,-77.838611
"6618",12-05-20,19,"Castle Hayne","PM 2.5","New Hanover",34.364167,-77.838611
"6619",12-06-20,25,"Castle Hayne","PM 2.5","New Hanover",34.364167,-77.838611
"6620",12-07-20,36,"Castle Hayne","PM 2.5","New Hanover",34.364167,-77.838611
"6621",12-08-20,17,"Castle Hayne","PM 2.5","New Hanover",34.364167,-77.838611
"6622",12-09-20,16,"Castle Hayne","PM 2.5","New Hanover",34.364167,-77.838611
"6623",12-10-20,13,"Castle Hayne","PM 2.5","New Hanover",34.364167,-77.838611
"6624",12-11-20,8,"Castle Hayne","PM 2.5","New Hanover",34.364167,-77.838611
"6625",12-12-20,27,"Castle Hayne","PM 2.5","New Hanover",34.364167,-77.838611
"6626",NA,17,"Castle Hayne","PM 2.5","New Hanover",34.364167,-77.838611
"6627",NA,5,"Castle Hayne","PM 2.5","New Hanover",34.364167,-77.838611
"6628",NA,19,"Castle Hayne","PM 2.5","New Hanover",34.364167,-77.838611
"6629",NA,30,"Castle Hayne","PM 2.5","New Hanover",34.364167,-77.838611
"6630",NA,6,"Castle Hayne","PM 2.5","New Hanover",34.364167,-77.838611
"6631",NA,10,"Castle Hayne","PM 2.5","New Hanover",34.364167,-77.838611
"6632",NA,27,"Castle Hayne","PM 2.5","New Hanover",34.364167,-77.838611
"6633",NA,33,"Castle Hayne","PM 2.5","New Hanover",34.364167,-77.838611
"6634",NA,36,"Castle Hayne","PM 2.5","New Hanover",34.364167,-77.838611
"6635",NA,38,"Castle Hayne","PM 2.5","New Hanover",34.364167,-77.838611
"6636",NA,15,"Castle Hayne","PM 2.5","New Hanover",34.364167,-77.838611
"6637",NA,11,"Castle Hayne","PM 2.5","New Hanover",34.364167,-77.838611
"6638",NA,28,"Castle Hayne","PM 2.5","New Hanover",34.364167,-77.838611
"6639",NA,25,"Castle Hayne","PM 2.5","New Hanover",34.364167,-77.838611
"6640",NA,21,"Castle Hayne","PM 2.5","New Hanover",34.364167,-77.838611
"6641",NA,23,"Castle Hayne","PM 2.5","New Hanover",34.364167,-77.838611
"6642",NA,8,"Castle Hayne","PM 2.5","New Hanover",34.364167,-77.838611
"6643",NA,16,"Castle Hayne","PM 2.5","New Hanover",34.364167,-77.838611
"6644",NA,15,"Castle Hayne","PM 2.5","New Hanover",34.364167,-77.838611
"6645",NA,38,"Northampton County","PM 2.5","Northampton",36.5117080009026,-77.655389
"6646",NA,43,"Northampton County","PM 2.5","Northampton",36.5117080009026,-77.655389
"6647",NA,38,"Northampton County","PM 2.5","Northampton",36.5117080009026,-77.655389
"6648",NA,49,"Northampton County","PM 2.5","Northampton",36.5117080009026,-77.655389
"6649",NA,49,"Northampton County","PM 2.5","Northampton",36.5117080009026,-77.655389
"6650",NA,43,"Northampton County","PM 2.5","Northampton",36.5117080009026,-77.655389
"6651",NA,40,"Northampton County","PM 2.5","Northampton",36.5117080009026,-77.655389
"6652",8-01-20,46,"Northampton County","PM 2.5","Northampton",36.5117080009026,-77.655389
"6653",8-02-20,33,"Northampton County","PM 2.5","Northampton",36.5117080009026,-77.655389
"6654",8-03-20,25,"Northampton County","PM 2.5","Northampton",36.5117080009026,-77.655389
"6655",8-04-20,32,"Northampton County","PM 2.5","Northampton",36.5117080009026,-77.655389
"6656",8-05-20,25,"Northampton County","PM 2.5","Northampton",36.5117080009026,-77.655389
"6657",8-06-20,37,"Northampton County","PM 2.5","Northampton",36.5117080009026,-77.655389
"6658",8-07-20,52,"Northampton County","PM 2.5","Northampton",36.5117080009026,-77.655389
"6659",8-08-20,36,"Northampton County","PM 2.5","Northampton",36.5117080009026,-77.655389
"6660",8-09-20,45,"Northampton County","PM 2.5","Northampton",36.5117080009026,-77.655389
"6661",8-10-20,44,"Northampton County","PM 2.5","Northampton",36.5117080009026,-77.655389
"6662",8-11-20,41,"Northampton County","PM 2.5","Northampton",36.5117080009026,-77.655389
"6663",8-12-20,48,"Northampton County","PM 2.5","Northampton",36.5117080009026,-77.655389
"6664",NA,34,"Northampton County","PM 2.5","Northampton",36.5117080009026,-77.655389
"6665",NA,34,"Northampton County","PM 2.5","Northampton",36.5117080009026,-77.655389
"6666",NA,36,"Northampton County","PM 2.5","Northampton",36.5117080009026,-77.655389
"6667",NA,38,"Northampton County","PM 2.5","Northampton",36.5117080009026,-77.655389
"6668",NA,35,"Northampton County","PM 2.5","Northampton",36.5117080009026,-77.655389
"6669",NA,36,"Northampton County","PM 2.5","Northampton",36.5117080009026,-77.655389
"6670",NA,42,"Northampton County","PM 2.5","Northampton",36.5117080009026,-77.655389
"6671",NA,37,"Northampton County","PM 2.5","Northampton",36.5117080009026,-77.655389
"6672",NA,39,"Northampton County","PM 2.5","Northampton",36.5117080009026,-77.655389
"6673",NA,28,"Northampton County","PM 2.5","Northampton",36.5117080009026,-77.655389
"6674",NA,30,"Northampton County","PM 2.5","Northampton",36.5117080009026,-77.655389
"6675",NA,24,"Northampton County","PM 2.5","Northampton",36.5117080009026,-77.655389
"6676",NA,21,"Northampton County","PM 2.5","Northampton",36.5117080009026,-77.655389
"6677",NA,18,"Northampton County","PM 2.5","Northampton",36.5117080009026,-77.655389
"6678",NA,23,"Northampton County","PM 2.5","Northampton",36.5117080009026,-77.655389
"6679",NA,25,"Northampton County","PM 2.5","Northampton",36.5117080009026,-77.655389
"6680",NA,20,"Northampton County","PM 2.5","Northampton",36.5117080009026,-77.655389
"6681",NA,31,"Northampton County","PM 2.5","Northampton",36.5117080009026,-77.655389
"6682",NA,41,"Northampton County","PM 2.5","Northampton",36.5117080009026,-77.655389
"6683",9-01-20,35,"Northampton County","PM 2.5","Northampton",36.5117080009026,-77.655389
"6684",9-02-20,32,"Northampton County","PM 2.5","Northampton",36.5117080009026,-77.655389
"6685",9-03-20,33,"Northampton County","PM 2.5","Northampton",36.5117080009026,-77.655389
"6686",9-10-20,37,"Northampton County","PM 2.5","Northampton",36.5117080009026,-77.655389
"6687",9-11-20,40,"Northampton County","PM 2.5","Northampton",36.5117080009026,-77.655389
"6688",9-12-20,57,"Northampton County","PM 2.5","Northampton",36.5117080009026,-77.655389
"6689",NA,31,"Northampton County","PM 2.5","Northampton",36.5117080009026,-77.655389
"6690",NA,26,"Northampton County","PM 2.5","Northampton",36.5117080009026,-77.655389
"6691",NA,30,"Northampton County","PM 2.5","Northampton",36.5117080009026,-77.655389
"6692",NA,26,"Northampton County","PM 2.5","Northampton",36.5117080009026,-77.655389
"6693",NA,33,"Northampton County","PM 2.5","Northampton",36.5117080009026,-77.655389
"6694",NA,13,"Northampton County","PM 2.5","Northampton",36.5117080009026,-77.655389
"6695",NA,24,"Northampton County","PM 2.5","Northampton",36.5117080009026,-77.655389
"6696",NA,43,"Northampton County","PM 2.5","Northampton",36.5117080009026,-77.655389
"6697",NA,44,"Northampton County","PM 2.5","Northampton",36.5117080009026,-77.655389
"6698",NA,49,"Northampton County","PM 2.5","Northampton",36.5117080009026,-77.655389
"6699",NA,38,"Northampton County","PM 2.5","Northampton",36.5117080009026,-77.655389
"6700",NA,42,"Northampton County","PM 2.5","Northampton",36.5117080009026,-77.655389
"6701",NA,58,"Northampton County","PM 2.5","Northampton",36.5117080009026,-77.655389
"6702",NA,33,"Northampton County","PM 2.5","Northampton",36.5117080009026,-77.655389
"6703",10-01-20,44,"Northampton County","PM 2.5","Northampton",36.5117080009026,-77.655389
"6704",10-02-20,57,"Northampton County","PM 2.5","Northampton",36.5117080009026,-77.655389
"6705",10-03-20,60,"Northampton County","PM 2.5","Northampton",36.5117080009026,-77.655389
"6706",10-04-20,54,"Northampton County","PM 2.5","Northampton",36.5117080009026,-77.655389
"6707",10-05-20,17,"Northampton County","PM 2.5","Northampton",36.5117080009026,-77.655389
"6708",10-06-20,23,"Northampton County","PM 2.5","Northampton",36.5117080009026,-77.655389
"6709",10-07-20,15,"Northampton County","PM 2.5","Northampton",36.5117080009026,-77.655389
"6710",10-08-20,14,"Northampton County","PM 2.5","Northampton",36.5117080009026,-77.655389
"6711",10-09-20,20,"Northampton County","PM 2.5","Northampton",36.5117080009026,-77.655389
"6712",10-10-20,18,"Northampton County","PM 2.5","Northampton",36.5117080009026,-77.655389
"6713",10-11-20,11,"Northampton County","PM 2.5","Northampton",36.5117080009026,-77.655389
"6714",NA,18,"Northampton County","PM 2.5","Northampton",36.5117080009026,-77.655389
"6715",NA,23,"Northampton County","PM 2.5","Northampton",36.5117080009026,-77.655389
"6716",NA,10,"Northampton County","PM 2.5","Northampton",36.5117080009026,-77.655389
"6717",NA,22,"Northampton County","PM 2.5","Northampton",36.5117080009026,-77.655389
"6718",NA,21,"Northampton County","PM 2.5","Northampton",36.5117080009026,-77.655389
"6719",NA,19,"Northampton County","PM 2.5","Northampton",36.5117080009026,-77.655389
"6720",NA,26,"Northampton County","PM 2.5","Northampton",36.5117080009026,-77.655389
"6721",NA,37,"Northampton County","PM 2.5","Northampton",36.5117080009026,-77.655389
"6722",NA,30,"Northampton County","PM 2.5","Northampton",36.5117080009026,-77.655389
"6723",NA,18,"Northampton County","PM 2.5","Northampton",36.5117080009026,-77.655389
"6724",NA,20,"Northampton County","PM 2.5","Northampton",36.5117080009026,-77.655389
"6725",NA,25,"Northampton County","PM 2.5","Northampton",36.5117080009026,-77.655389
"6726",NA,25,"Northampton County","PM 2.5","Northampton",36.5117080009026,-77.655389
"6727",NA,23,"Northampton County","PM 2.5","Northampton",36.5117080009026,-77.655389
"6728",11-01-20,13,"Northampton County","PM 2.5","Northampton",36.5117080009026,-77.655389
"6729",11-02-20,35,"Northampton County","PM 2.5","Northampton",36.5117080009026,-77.655389
"6730",11-03-20,21,"Northampton County","PM 2.5","Northampton",36.5117080009026,-77.655389
"6731",11-04-20,38,"Northampton County","PM 2.5","Northampton",36.5117080009026,-77.655389
"6732",11-05-20,43,"Northampton County","PM 2.5","Northampton",36.5117080009026,-77.655389
"6733",11-06-20,33,"Northampton County","PM 2.5","Northampton",36.5117080009026,-77.655389
"6734",11-07-20,40,"Northampton County","PM 2.5","Northampton",36.5117080009026,-77.655389
"6735",11-08-20,21,"Northampton County","PM 2.5","Northampton",36.5117080009026,-77.655389
"6736",11-09-20,28,"Northampton County","PM 2.5","Northampton",36.5117080009026,-77.655389
"6737",11-10-20,36,"Northampton County","PM 2.5","Northampton",36.5117080009026,-77.655389
"6738",11-11-20,48,"Northampton County","PM 2.5","Northampton",36.5117080009026,-77.655389
"6739",11-12-20,25,"Northampton County","PM 2.5","Northampton",36.5117080009026,-77.655389
"6740",NA,16,"Northampton County","PM 2.5","Northampton",36.5117080009026,-77.655389
"6741",NA,45,"Northampton County","PM 2.5","Northampton",36.5117080009026,-77.655389
"6742",NA,39,"Northampton County","PM 2.5","Northampton",36.5117080009026,-77.655389
"6743",NA,37,"Northampton County","PM 2.5","Northampton",36.5117080009026,-77.655389
"6744",NA,18,"Northampton County","PM 2.5","Northampton",36.5117080009026,-77.655389
"6745",NA,45,"Northampton County","PM 2.5","Northampton",36.5117080009026,-77.655389
"6746",NA,38,"Northampton County","PM 2.5","Northampton",36.5117080009026,-77.655389
"6747",NA,42,"Northampton County","PM 2.5","Northampton",36.5117080009026,-77.655389
"6748",NA,43,"Northampton County","PM 2.5","Northampton",36.5117080009026,-77.655389
"6749",NA,53,"Northampton County","PM 2.5","Northampton",36.5117080009026,-77.655389
"6750",NA,23,"Northampton County","PM 2.5","Northampton",36.5117080009026,-77.655389
"6751",NA,10,"Northampton County","PM 2.5","Northampton",36.5117080009026,-77.655389
"6752",NA,28,"Northampton County","PM 2.5","Northampton",36.5117080009026,-77.655389
"6753",NA,53,"Northampton County","PM 2.5","Northampton",36.5117080009026,-77.655389
"6754",NA,56,"Northampton County","PM 2.5","Northampton",36.5117080009026,-77.655389
"6755",NA,12,"Northampton County","PM 2.5","Northampton",36.5117080009026,-77.655389
"6756",NA,23,"Northampton County","PM 2.5","Northampton",36.5117080009026,-77.655389
"6757",NA,35,"Northampton County","PM 2.5","Northampton",36.5117080009026,-77.655389
"6758",12-01-20,25,"Northampton County","PM 2.5","Northampton",36.5117080009026,-77.655389
"6759",12-02-20,9,"Northampton County","PM 2.5","Northampton",36.5117080009026,-77.655389
"6760",12-03-20,9,"Northampton County","PM 2.5","Northampton",36.5117080009026,-77.655389
"6761",12-06-20,39,"Northampton County","PM 2.5","Northampton",36.5117080009026,-77.655389
"6762",12-07-20,34,"Northampton County","PM 2.5","Northampton",36.5117080009026,-77.655389
"6763",12-08-20,26,"Northampton County","PM 2.5","Northampton",36.5117080009026,-77.655389
"6764",12-09-20,19,"Northampton County","PM 2.5","Northampton",36.5117080009026,-77.655389
"6765",12-10-20,31,"Northampton County","PM 2.5","Northampton",36.5117080009026,-77.655389
"6766",12-11-20,15,"Northampton County","PM 2.5","Northampton",36.5117080009026,-77.655389
"6767",12-12-20,29,"Northampton County","PM 2.5","Northampton",36.5117080009026,-77.655389
"6768",NA,24,"Northampton County","PM 2.5","Northampton",36.5117080009026,-77.655389
"6769",NA,8,"Northampton County","PM 2.5","Northampton",36.5117080009026,-77.655389
"6770",NA,21,"Northampton County","PM 2.5","Northampton",36.5117080009026,-77.655389
"6771",NA,53,"Northampton County","PM 2.5","Northampton",36.5117080009026,-77.655389
"6772",NA,28,"Northampton County","PM 2.5","Northampton",36.5117080009026,-77.655389
"6773",NA,18,"Northampton County","PM 2.5","Northampton",36.5117080009026,-77.655389
"6774",NA,32,"Northampton County","PM 2.5","Northampton",36.5117080009026,-77.655389
"6775",NA,56,"Northampton County","PM 2.5","Northampton",36.5117080009026,-77.655389
"6776",NA,52,"Northampton County","PM 2.5","Northampton",36.5117080009026,-77.655389
"6777",NA,71,"Northampton County","PM 2.5","Northampton",36.5117080009026,-77.655389
"6778",NA,54,"Northampton County","PM 2.5","Northampton",36.5117080009026,-77.655389
"6779",NA,43,"Northampton County","PM 2.5","Northampton",36.5117080009026,-77.655389
"6780",NA,45,"Northampton County","PM 2.5","Northampton",36.5117080009026,-77.655389
"6781",NA,49,"Northampton County","PM 2.5","Northampton",36.5117080009026,-77.655389
"6782",NA,57,"Northampton County","PM 2.5","Northampton",36.5117080009026,-77.655389
"6783",NA,44,"Northampton County","PM 2.5","Northampton",36.5117080009026,-77.655389
"6784",NA,43,"Northampton County","PM 2.5","Northampton",36.5117080009026,-77.655389
"6785",NA,16,"Northampton County","PM 2.5","Northampton",36.5117080009026,-77.655389
"6786",NA,13,"Northampton County","PM 2.5","Northampton",36.5117080009026,-77.655389
"6787",1-03-20,18,"Pitt Agri. Center","PM 2.5","Pitt",35.6412760008938,-77.360126
"6788",1-06-20,14,"Pitt Agri. Center","PM 2.5","Pitt",35.6412760008938,-77.360126
"6789",1-09-20,13,"Pitt Agri. Center","PM 2.5","Pitt",35.6412760008938,-77.360126
"6790",1-12-20,20,"Pitt Agri. Center","PM 2.5","Pitt",35.6412760008938,-77.360126
"6791",NA,39,"Pitt Agri. Center","PM 2.5","Pitt",35.6412760008938,-77.360126
"6792",NA,25,"Pitt Agri. Center","PM 2.5","Pitt",35.6412760008938,-77.360126
"6793",NA,13,"Pitt Agri. Center","PM 2.5","Pitt",35.6412760008938,-77.360126
"6794",NA,12,"Pitt Agri. Center","PM 2.5","Pitt",35.6412760008938,-77.360126
"6795",NA,35,"Pitt Agri. Center","PM 2.5","Pitt",35.6412760008938,-77.360126
"6796",NA,16,"Pitt Agri. Center","PM 2.5","Pitt",35.6412760008938,-77.360126
"6797",2-02-20,36,"Pitt Agri. Center","PM 2.5","Pitt",35.6412760008938,-77.360126
"6798",2-08-20,32,"Pitt Agri. Center","PM 2.5","Pitt",35.6412760008938,-77.360126
"6799",2-11-20,10,"Pitt Agri. Center","PM 2.5","Pitt",35.6412760008938,-77.360126
"6800",2-12-20,13,"Pitt Agri. Center","PM 2.5","Pitt",35.6412760008938,-77.360126
"6801",NA,11,"Pitt Agri. Center","PM 2.5","Pitt",35.6412760008938,-77.360126
"6802",NA,25,"Pitt Agri. Center","PM 2.5","Pitt",35.6412760008938,-77.360126
"6803",NA,12,"Pitt Agri. Center","PM 2.5","Pitt",35.6412760008938,-77.360126
"6804",NA,9,"Pitt Agri. Center","PM 2.5","Pitt",35.6412760008938,-77.360126
"6805",NA,26,"Pitt Agri. Center","PM 2.5","Pitt",35.6412760008938,-77.360126
"6806",3-01-20,25,"Pitt Agri. Center","PM 2.5","Pitt",35.6412760008938,-77.360126
"6807",3-04-20,31,"Pitt Agri. Center","PM 2.5","Pitt",35.6412760008938,-77.360126
"6808",3-07-20,23,"Pitt Agri. Center","PM 2.5","Pitt",35.6412760008938,-77.360126
"6809",3-10-20,30,"Pitt Agri. Center","PM 2.5","Pitt",35.6412760008938,-77.360126
"6810",NA,20,"Pitt Agri. Center","PM 2.5","Pitt",35.6412760008938,-77.360126
"6811",NA,18,"Pitt Agri. Center","PM 2.5","Pitt",35.6412760008938,-77.360126
"6812",NA,21,"Pitt Agri. Center","PM 2.5","Pitt",35.6412760008938,-77.360126
"6813",NA,19,"Pitt Agri. Center","PM 2.5","Pitt",35.6412760008938,-77.360126
"6814",NA,31,"Pitt Agri. Center","PM 2.5","Pitt",35.6412760008938,-77.360126
"6815",4-06-20,21,"Pitt Agri. Center","PM 2.5","Pitt",35.6412760008938,-77.360126
"6816",4-09-20,25,"Pitt Agri. Center","PM 2.5","Pitt",35.6412760008938,-77.360126
"6817",4-12-20,30,"Pitt Agri. Center","PM 2.5","Pitt",35.6412760008938,-77.360126
"6818",NA,17,"Pitt Agri. Center","PM 2.5","Pitt",35.6412760008938,-77.360126
"6819",NA,24,"Pitt Agri. Center","PM 2.5","Pitt",35.6412760008938,-77.360126
"6820",NA,25,"Pitt Agri. Center","PM 2.5","Pitt",35.6412760008938,-77.360126
"6821",NA,34,"Pitt Agri. Center","PM 2.5","Pitt",35.6412760008938,-77.360126
"6822",5-03-20,23,"Pitt Agri. Center","PM 2.5","Pitt",35.6412760008938,-77.360126
"6823",5-06-20,10,"Pitt Agri. Center","PM 2.5","Pitt",35.6412760008938,-77.360126
"6824",NA,23,"Pitt Agri. Center","PM 2.5","Pitt",35.6412760008938,-77.360126
"6825",NA,50,"Pitt Agri. Center","PM 2.5","Pitt",35.6412760008938,-77.360126
"6826",NA,31,"Pitt Agri. Center","PM 2.5","Pitt",35.6412760008938,-77.360126
"6827",NA,46,"Pitt Agri. Center","PM 2.5","Pitt",35.6412760008938,-77.360126
"6828",NA,42,"Pitt Agri. Center","PM 2.5","Pitt",35.6412760008938,-77.360126
"6829",NA,54,"Pitt Agri. Center","PM 2.5","Pitt",35.6412760008938,-77.360126
"6830",6-02-20,31,"Pitt Agri. Center","PM 2.5","Pitt",35.6412760008938,-77.360126
"6831",6-05-20,42,"Pitt Agri. Center","PM 2.5","Pitt",35.6412760008938,-77.360126
"6832",6-08-20,40,"Pitt Agri. Center","PM 2.5","Pitt",35.6412760008938,-77.360126
"6833",6-11-20,18,"Pitt Agri. Center","PM 2.5","Pitt",35.6412760008938,-77.360126
"6834",NA,18,"Pitt Agri. Center","PM 2.5","Pitt",35.6412760008938,-77.360126
"6835",NA,33,"Pitt Agri. Center","PM 2.5","Pitt",35.6412760008938,-77.360126
"6836",NA,32,"Pitt Agri. Center","PM 2.5","Pitt",35.6412760008938,-77.360126
"6837",NA,30,"Pitt Agri. Center","PM 2.5","Pitt",35.6412760008938,-77.360126
"6838",NA,39,"Pitt Agri. Center","PM 2.5","Pitt",35.6412760008938,-77.360126
"6839",NA,42,"Pitt Agri. Center","PM 2.5","Pitt",35.6412760008938,-77.360126
"6840",1-01-20,18,"Pitt Agri. Center","PM 2.5","Pitt",35.6412760008938,-77.360126
"6841",1-02-20,13,"Pitt Agri. Center","PM 2.5","Pitt",35.6412760008938,-77.360126
"6842",1-03-20,18,"Pitt Agri. Center","PM 2.5","Pitt",35.6412760008938,-77.360126
"6843",1-04-20,24,"Pitt Agri. Center","PM 2.5","Pitt",35.6412760008938,-77.360126
"6844",1-05-20,8,"Pitt Agri. Center","PM 2.5","Pitt",35.6412760008938,-77.360126
"6845",1-06-20,16,"Pitt Agri. Center","PM 2.5","Pitt",35.6412760008938,-77.360126
"6846",1-07-20,16,"Pitt Agri. Center","PM 2.5","Pitt",35.6412760008938,-77.360126
"6847",1-08-20,24,"Pitt Agri. Center","PM 2.5","Pitt",35.6412760008938,-77.360126
"6848",1-09-20,10,"Pitt Agri. Center","PM 2.5","Pitt",35.6412760008938,-77.360126
"6849",1-10-20,15,"Pitt Agri. Center","PM 2.5","Pitt",35.6412760008938,-77.360126
"6850",1-11-20,19,"Pitt Agri. Center","PM 2.5","Pitt",35.6412760008938,-77.360126
"6851",1-12-20,23,"Pitt Agri. Center","PM 2.5","Pitt",35.6412760008938,-77.360126
"6852",NA,8,"Pitt Agri. Center","PM 2.5","Pitt",35.6412760008938,-77.360126
"6853",NA,28,"Pitt Agri. Center","PM 2.5","Pitt",35.6412760008938,-77.360126
"6854",NA,43,"Pitt Agri. Center","PM 2.5","Pitt",35.6412760008938,-77.360126
"6855",NA,52,"Pitt Agri. Center","PM 2.5","Pitt",35.6412760008938,-77.360126
"6856",NA,29,"Pitt Agri. Center","PM 2.5","Pitt",35.6412760008938,-77.360126
"6857",NA,28,"Pitt Agri. Center","PM 2.5","Pitt",35.6412760008938,-77.360126
"6858",NA,28,"Pitt Agri. Center","PM 2.5","Pitt",35.6412760008938,-77.360126
"6859",NA,9,"Pitt Agri. Center","PM 2.5","Pitt",35.6412760008938,-77.360126
"6860",NA,10,"Pitt Agri. Center","PM 2.5","Pitt",35.6412760008938,-77.360126
"6861",NA,20,"Pitt Agri. Center","PM 2.5","Pitt",35.6412760008938,-77.360126
"6862",NA,21,"Pitt Agri. Center","PM 2.5","Pitt",35.6412760008938,-77.360126
"6863",NA,8,"Pitt Agri. Center","PM 2.5","Pitt",35.6412760008938,-77.360126
"6864",NA,26,"Pitt Agri. Center","PM 2.5","Pitt",35.6412760008938,-77.360126
"6865",NA,35,"Pitt Agri. Center","PM 2.5","Pitt",35.6412760008938,-77.360126
"6866",NA,42,"Pitt Agri. Center","PM 2.5","Pitt",35.6412760008938,-77.360126
"6867",NA,27,"Pitt Agri. Center","PM 2.5","Pitt",35.6412760008938,-77.360126
"6868",NA,15,"Pitt Agri. Center","PM 2.5","Pitt",35.6412760008938,-77.360126
"6869",NA,19,"Pitt Agri. Center","PM 2.5","Pitt",35.6412760008938,-77.360126
"6870",2-01-20,27,"Pitt Agri. Center","PM 2.5","Pitt",35.6412760008938,-77.360126
"6871",2-02-20,45,"Pitt Agri. Center","PM 2.5","Pitt",35.6412760008938,-77.360126
"6872",2-03-20,35,"Pitt Agri. Center","PM 2.5","Pitt",35.6412760008938,-77.360126
"6873",2-04-20,22,"Pitt Agri. Center","PM 2.5","Pitt",35.6412760008938,-77.360126
"6874",2-05-20,32,"Pitt Agri. Center","PM 2.5","Pitt",35.6412760008938,-77.360126
"6875",2-06-20,45,"Pitt Agri. Center","PM 2.5","Pitt",35.6412760008938,-77.360126
"6876",2-07-20,48,"Pitt Agri. Center","PM 2.5","Pitt",35.6412760008938,-77.360126
"6877",2-08-20,31,"Pitt Agri. Center","PM 2.5","Pitt",35.6412760008938,-77.360126
"6878",2-09-20,10,"Pitt Agri. Center","PM 2.5","Pitt",35.6412760008938,-77.360126
"6879",2-10-20,21,"Pitt Agri. Center","PM 2.5","Pitt",35.6412760008938,-77.360126
"6880",2-11-20,13,"Pitt Agri. Center","PM 2.5","Pitt",35.6412760008938,-77.360126
"6881",2-12-20,21,"Pitt Agri. Center","PM 2.5","Pitt",35.6412760008938,-77.360126
"6882",NA,4,"Pitt Agri. Center","PM 2.5","Pitt",35.6412760008938,-77.360126
"6883",NA,13,"Pitt Agri. Center","PM 2.5","Pitt",35.6412760008938,-77.360126
"6884",NA,25,"Pitt Agri. Center","PM 2.5","Pitt",35.6412760008938,-77.360126
"6885",NA,28,"Pitt Agri. Center","PM 2.5","Pitt",35.6412760008938,-77.360126
"6886",NA,26,"Pitt Agri. Center","PM 2.5","Pitt",35.6412760008938,-77.360126
"6887",NA,10,"Pitt Agri. Center","PM 2.5","Pitt",35.6412760008938,-77.360126
"6888",NA,20,"Pitt Agri. Center","PM 2.5","Pitt",35.6412760008938,-77.360126
"6889",NA,16,"Pitt Agri. Center","PM 2.5","Pitt",35.6412760008938,-77.360126
"6890",NA,20,"Pitt Agri. Center","PM 2.5","Pitt",35.6412760008938,-77.360126
"6891",NA,17,"Pitt Agri. Center","PM 2.5","Pitt",35.6412760008938,-77.360126
"6892",NA,11,"Pitt Agri. Center","PM 2.5","Pitt",35.6412760008938,-77.360126
"6893",NA,16,"Pitt Agri. Center","PM 2.5","Pitt",35.6412760008938,-77.360126
"6894",NA,7,"Pitt Agri. Center","PM 2.5","Pitt",35.6412760008938,-77.360126
"6895",NA,26,"Pitt Agri. Center","PM 2.5","Pitt",35.6412760008938,-77.360126
"6896",NA,37,"Pitt Agri. Center","PM 2.5","Pitt",35.6412760008938,-77.360126
"6897",NA,37,"Pitt Agri. Center","PM 2.5","Pitt",35.6412760008938,-77.360126
"6898",3-01-20,29,"Pitt Agri. Center","PM 2.5","Pitt",35.6412760008938,-77.360126
"6899",3-02-20,6,"Pitt Agri. Center","PM 2.5","Pitt",35.6412760008938,-77.360126
"6900",3-03-20,30,"Pitt Agri. Center","PM 2.5","Pitt",35.6412760008938,-77.360126
"6901",3-04-20,33,"Pitt Agri. Center","PM 2.5","Pitt",35.6412760008938,-77.360126
"6902",3-05-20,24,"Pitt Agri. Center","PM 2.5","Pitt",35.6412760008938,-77.360126
"6903",3-06-20,20,"Pitt Agri. Center","PM 2.5","Pitt",35.6412760008938,-77.360126
"6904",3-07-20,28,"Pitt Agri. Center","PM 2.5","Pitt",35.6412760008938,-77.360126
"6905",3-08-20,22,"Pitt Agri. Center","PM 2.5","Pitt",35.6412760008938,-77.360126
"6906",3-09-20,28,"Pitt Agri. Center","PM 2.5","Pitt",35.6412760008938,-77.360126
"6907",3-10-20,33,"Pitt Agri. Center","PM 2.5","Pitt",35.6412760008938,-77.360126
"6908",3-11-20,13,"Pitt Agri. Center","PM 2.5","Pitt",35.6412760008938,-77.360126
"6909",3-12-20,14,"Pitt Agri. Center","PM 2.5","Pitt",35.6412760008938,-77.360126
"6910",NA,20,"Pitt Agri. Center","PM 2.5","Pitt",35.6412760008938,-77.360126
"6911",NA,21,"Pitt Agri. Center","PM 2.5","Pitt",35.6412760008938,-77.360126
"6912",NA,26,"Pitt Agri. Center","PM 2.5","Pitt",35.6412760008938,-77.360126
"6913",NA,15,"Pitt Agri. Center","PM 2.5","Pitt",35.6412760008938,-77.360126
"6914",NA,20,"Pitt Agri. Center","PM 2.5","Pitt",35.6412760008938,-77.360126
"6915",NA,24,"Pitt Agri. Center","PM 2.5","Pitt",35.6412760008938,-77.360126
"6916",NA,31,"Pitt Agri. Center","PM 2.5","Pitt",35.6412760008938,-77.360126
"6917",NA,25,"Pitt Agri. Center","PM 2.5","Pitt",35.6412760008938,-77.360126
"6918",NA,15,"Pitt Agri. Center","PM 2.5","Pitt",35.6412760008938,-77.360126
"6919",NA,18,"Pitt Agri. Center","PM 2.5","Pitt",35.6412760008938,-77.360126
"6920",NA,13,"Pitt Agri. Center","PM 2.5","Pitt",35.6412760008938,-77.360126
"6921",NA,27,"Pitt Agri. Center","PM 2.5","Pitt",35.6412760008938,-77.360126
"6922",NA,32,"Pitt Agri. Center","PM 2.5","Pitt",35.6412760008938,-77.360126
"6923",NA,19,"Pitt Agri. Center","PM 2.5","Pitt",35.6412760008938,-77.360126
"6924",NA,18,"Pitt Agri. Center","PM 2.5","Pitt",35.6412760008938,-77.360126
"6925",NA,15,"Pitt Agri. Center","PM 2.5","Pitt",35.6412760008938,-77.360126
"6926",NA,25,"Pitt Agri. Center","PM 2.5","Pitt",35.6412760008938,-77.360126
"6927",NA,33,"Pitt Agri. Center","PM 2.5","Pitt",35.6412760008938,-77.360126
"6928",NA,14,"Pitt Agri. Center","PM 2.5","Pitt",35.6412760008938,-77.360126
"6929",4-01-20,17,"Pitt Agri. Center","PM 2.5","Pitt",35.6412760008938,-77.360126
"6930",4-02-20,22,"Pitt Agri. Center","PM 2.5","Pitt",35.6412760008938,-77.360126
"6931",4-03-20,27,"Pitt Agri. Center","PM 2.5","Pitt",35.6412760008938,-77.360126
"6932",4-04-20,37,"Pitt Agri. Center","PM 2.5","Pitt",35.6412760008938,-77.360126
"6933",4-05-20,31,"Pitt Agri. Center","PM 2.5","Pitt",35.6412760008938,-77.360126
"6934",4-06-20,23,"Pitt Agri. Center","PM 2.5","Pitt",35.6412760008938,-77.360126
"6935",4-07-20,16,"Pitt Agri. Center","PM 2.5","Pitt",35.6412760008938,-77.360126
"6936",4-08-20,28,"Pitt Agri. Center","PM 2.5","Pitt",35.6412760008938,-77.360126
"6937",4-09-20,26,"Pitt Agri. Center","PM 2.5","Pitt",35.6412760008938,-77.360126
"6938",4-10-20,19,"Pitt Agri. Center","PM 2.5","Pitt",35.6412760008938,-77.360126
"6939",4-11-20,20,"Pitt Agri. Center","PM 2.5","Pitt",35.6412760008938,-77.360126
"6940",4-12-20,29,"Pitt Agri. Center","PM 2.5","Pitt",35.6412760008938,-77.360126
"6941",NA,16,"Pitt Agri. Center","PM 2.5","Pitt",35.6412760008938,-77.360126
"6942",NA,17,"Pitt Agri. Center","PM 2.5","Pitt",35.6412760008938,-77.360126
"6943",NA,14,"Pitt Agri. Center","PM 2.5","Pitt",35.6412760008938,-77.360126
"6944",NA,12,"Pitt Agri. Center","PM 2.5","Pitt",35.6412760008938,-77.360126
"6945",NA,34,"Pitt Agri. Center","PM 2.5","Pitt",35.6412760008938,-77.360126
"6946",NA,30,"Pitt Agri. Center","PM 2.5","Pitt",35.6412760008938,-77.360126
"6947",NA,23,"Pitt Agri. Center","PM 2.5","Pitt",35.6412760008938,-77.360126
"6948",NA,11,"Pitt Agri. Center","PM 2.5","Pitt",35.6412760008938,-77.360126
"6949",NA,9,"Pitt Agri. Center","PM 2.5","Pitt",35.6412760008938,-77.360126
"6950",NA,18,"Pitt Agri. Center","PM 2.5","Pitt",35.6412760008938,-77.360126
"6951",NA,28,"Pitt Agri. Center","PM 2.5","Pitt",35.6412760008938,-77.360126
"6952",NA,38,"Pitt Agri. Center","PM 2.5","Pitt",35.6412760008938,-77.360126
"6953",NA,57,"Pitt Agri. Center","PM 2.5","Pitt",35.6412760008938,-77.360126
"6954",NA,31,"Pitt Agri. Center","PM 2.5","Pitt",35.6412760008938,-77.360126
"6955",NA,24,"Pitt Agri. Center","PM 2.5","Pitt",35.6412760008938,-77.360126
"6956",NA,45,"Pitt Agri. Center","PM 2.5","Pitt",35.6412760008938,-77.360126
"6957",NA,39,"Pitt Agri. Center","PM 2.5","Pitt",35.6412760008938,-77.360126
"6958",NA,39,"Pitt Agri. Center","PM 2.5","Pitt",35.6412760008938,-77.360126
"6959",5-01-20,30,"Pitt Agri. Center","PM 2.5","Pitt",35.6412760008938,-77.360126
"6960",5-02-20,32,"Pitt Agri. Center","PM 2.5","Pitt",35.6412760008938,-77.360126
"6961",5-03-20,27,"Pitt Agri. Center","PM 2.5","Pitt",35.6412760008938,-77.360126
"6962",5-04-20,22,"Pitt Agri. Center","PM 2.5","Pitt",35.6412760008938,-77.360126
"6963",5-05-20,22,"Pitt Agri. Center","PM 2.5","Pitt",35.6412760008938,-77.360126
"6964",5-09-20,15,"Pitt Agri. Center","PM 2.5","Pitt",35.6412760008938,-77.360126
"6965",5-10-20,16,"Pitt Agri. Center","PM 2.5","Pitt",35.6412760008938,-77.360126
"6966",5-11-20,18,"Pitt Agri. Center","PM 2.5","Pitt",35.6412760008938,-77.360126
"6967",5-12-20,20,"Pitt Agri. Center","PM 2.5","Pitt",35.6412760008938,-77.360126
"6968",NA,53,"Pitt Agri. Center","PM 2.5","Pitt",35.6412760008938,-77.360126
"6969",NA,51,"Pitt Agri. Center","PM 2.5","Pitt",35.6412760008938,-77.360126
"6970",NA,30,"Pitt Agri. Center","PM 2.5","Pitt",35.6412760008938,-77.360126
"6971",NA,30,"Pitt Agri. Center","PM 2.5","Pitt",35.6412760008938,-77.360126
"6972",NA,21,"Pitt Agri. Center","PM 2.5","Pitt",35.6412760008938,-77.360126
"6973",NA,32,"Pitt Agri. Center","PM 2.5","Pitt",35.6412760008938,-77.360126
"6974",NA,48,"Pitt Agri. Center","PM 2.5","Pitt",35.6412760008938,-77.360126
"6975",NA,28,"Pitt Agri. Center","PM 2.5","Pitt",35.6412760008938,-77.360126
"6976",NA,47,"Pitt Agri. Center","PM 2.5","Pitt",35.6412760008938,-77.360126
"6977",NA,42,"Pitt Agri. Center","PM 2.5","Pitt",35.6412760008938,-77.360126
"6978",NA,46,"Pitt Agri. Center","PM 2.5","Pitt",35.6412760008938,-77.360126
"6979",NA,59,"Pitt Agri. Center","PM 2.5","Pitt",35.6412760008938,-77.360126
"6980",NA,57,"Pitt Agri. Center","PM 2.5","Pitt",35.6412760008938,-77.360126
"6981",NA,56,"Pitt Agri. Center","PM 2.5","Pitt",35.6412760008938,-77.360126
"6982",6-01-20,25,"Pitt Agri. Center","PM 2.5","Pitt",35.6412760008938,-77.360126
"6983",6-02-20,35,"Pitt Agri. Center","PM 2.5","Pitt",35.6412760008938,-77.360126
"6984",6-03-20,40,"Pitt Agri. Center","PM 2.5","Pitt",35.6412760008938,-77.360126
"6985",6-04-20,30,"Pitt Agri. Center","PM 2.5","Pitt",35.6412760008938,-77.360126
"6986",6-05-20,43,"Pitt Agri. Center","PM 2.5","Pitt",35.6412760008938,-77.360126
"6987",6-06-20,53,"Pitt Agri. Center","PM 2.5","Pitt",35.6412760008938,-77.360126
"6988",6-07-20,55,"Pitt Agri. Center","PM 2.5","Pitt",35.6412760008938,-77.360126
"6989",6-08-20,42,"Pitt Agri. Center","PM 2.5","Pitt",35.6412760008938,-77.360126
"6990",6-09-20,18,"Pitt Agri. Center","PM 2.5","Pitt",35.6412760008938,-77.360126
"6991",6-10-20,16,"Pitt Agri. Center","PM 2.5","Pitt",35.6412760008938,-77.360126
"6992",6-11-20,13,"Pitt Agri. Center","PM 2.5","Pitt",35.6412760008938,-77.360126
"6993",6-12-20,19,"Pitt Agri. Center","PM 2.5","Pitt",35.6412760008938,-77.360126
"6994",NA,19,"Pitt Agri. Center","PM 2.5","Pitt",35.6412760008938,-77.360126
"6995",NA,15,"Pitt Agri. Center","PM 2.5","Pitt",35.6412760008938,-77.360126
"6996",NA,33,"Pitt Agri. Center","PM 2.5","Pitt",35.6412760008938,-77.360126
"6997",NA,32,"Pitt Agri. Center","PM 2.5","Pitt",35.6412760008938,-77.360126
"6998",NA,33,"Pitt Agri. Center","PM 2.5","Pitt",35.6412760008938,-77.360126
"6999",NA,17,"Pitt Agri. Center","PM 2.5","Pitt",35.6412760008938,-77.360126
"7000",NA,22,"Pitt Agri. Center","PM 2.5","Pitt",35.6412760008938,-77.360126
"7001",NA,28,"Pitt Agri. Center","PM 2.5","Pitt",35.6412760008938,-77.360126
"7002",NA,19,"Pitt Agri. Center","PM 2.5","Pitt",35.6412760008938,-77.360126
"7003",NA,29,"Pitt Agri. Center","PM 2.5","Pitt",35.6412760008938,-77.360126
"7004",NA,28,"Pitt Agri. Center","PM 2.5","Pitt",35.6412760008938,-77.360126
"7005",NA,39,"Pitt Agri. Center","PM 2.5","Pitt",35.6412760008938,-77.360126
"7006",NA,37,"Pitt Agri. Center","PM 2.5","Pitt",35.6412760008938,-77.360126
"7007",NA,39,"Pitt Agri. Center","PM 2.5","Pitt",35.6412760008938,-77.360126
"7008",NA,54,"Pitt Agri. Center","PM 2.5","Pitt",35.6412760008938,-77.360126
"7009",NA,49,"Pitt Agri. Center","PM 2.5","Pitt",35.6412760008938,-77.360126
"7010",NA,42,"Pitt Agri. Center","PM 2.5","Pitt",35.6412760008938,-77.360126
"7011",NA,44,"Pitt Agri. Center","PM 2.5","Pitt",35.6412760008938,-77.360126
"7012",7-01-20,40,"Pitt Agri. Center","PM 2.5","Pitt",35.6412760008938,-77.360126
"7013",7-02-20,44,"Pitt Agri. Center","PM 2.5","Pitt",35.6412760008938,-77.360126
"7014",7-03-20,47,"Pitt Agri. Center","PM 2.5","Pitt",35.6412760008938,-77.360126
"7015",7-04-20,55,"Pitt Agri. Center","PM 2.5","Pitt",35.6412760008938,-77.360126
"7016",7-05-20,32,"Pitt Agri. Center","PM 2.5","Pitt",35.6412760008938,-77.360126
"7017",7-06-20,38,"Pitt Agri. Center","PM 2.5","Pitt",35.6412760008938,-77.360126
"7018",7-07-20,34,"Pitt Agri. Center","PM 2.5","Pitt",35.6412760008938,-77.360126
"7019",7-08-20,42,"Pitt Agri. Center","PM 2.5","Pitt",35.6412760008938,-77.360126
"7020",7-09-20,25,"Pitt Agri. Center","PM 2.5","Pitt",35.6412760008938,-77.360126
"7021",7-10-20,28,"Pitt Agri. Center","PM 2.5","Pitt",35.6412760008938,-77.360126
"7022",7-11-20,33,"Pitt Agri. Center","PM 2.5","Pitt",35.6412760008938,-77.360126
"7023",7-12-20,29,"Pitt Agri. Center","PM 2.5","Pitt",35.6412760008938,-77.360126
"7024",NA,38,"Pitt Agri. Center","PM 2.5","Pitt",35.6412760008938,-77.360126
"7025",NA,43,"Pitt Agri. Center","PM 2.5","Pitt",35.6412760008938,-77.360126
"7026",NA,58,"Pitt Agri. Center","PM 2.5","Pitt",35.6412760008938,-77.360126
"7027",NA,56,"Pitt Agri. Center","PM 2.5","Pitt",35.6412760008938,-77.360126
"7028",NA,55,"Pitt Agri. Center","PM 2.5","Pitt",35.6412760008938,-77.360126
"7029",NA,52,"Pitt Agri. Center","PM 2.5","Pitt",35.6412760008938,-77.360126
"7030",NA,41,"Pitt Agri. Center","PM 2.5","Pitt",35.6412760008938,-77.360126
"7031",NA,42,"Pitt Agri. Center","PM 2.5","Pitt",35.6412760008938,-77.360126
"7032",NA,38,"Pitt Agri. Center","PM 2.5","Pitt",35.6412760008938,-77.360126
"7033",NA,41,"Pitt Agri. Center","PM 2.5","Pitt",35.6412760008938,-77.360126
"7034",NA,20,"Pitt Agri. Center","PM 2.5","Pitt",35.6412760008938,-77.360126
"7035",NA,29,"Pitt Agri. Center","PM 2.5","Pitt",35.6412760008938,-77.360126
"7036",NA,31,"Pitt Agri. Center","PM 2.5","Pitt",35.6412760008938,-77.360126
"7037",NA,38,"Pitt Agri. Center","PM 2.5","Pitt",35.6412760008938,-77.360126
"7038",NA,36,"Pitt Agri. Center","PM 2.5","Pitt",35.6412760008938,-77.360126
"7039",NA,38,"Pitt Agri. Center","PM 2.5","Pitt",35.6412760008938,-77.360126
"7040",NA,35,"Pitt Agri. Center","PM 2.5","Pitt",35.6412760008938,-77.360126
"7041",NA,29,"Pitt Agri. Center","PM 2.5","Pitt",35.6412760008938,-77.360126
"7042",NA,26,"Pitt Agri. Center","PM 2.5","Pitt",35.6412760008938,-77.360126
"7043",8-01-20,40,"Pitt Agri. Center","PM 2.5","Pitt",35.6412760008938,-77.360126
"7044",8-02-20,30,"Pitt Agri. Center","PM 2.5","Pitt",35.6412760008938,-77.360126
"7045",8-03-20,20,"Pitt Agri. Center","PM 2.5","Pitt",35.6412760008938,-77.360126
"7046",8-04-20,20,"Pitt Agri. Center","PM 2.5","Pitt",35.6412760008938,-77.360126
"7047",8-05-20,17,"Pitt Agri. Center","PM 2.5","Pitt",35.6412760008938,-77.360126
"7048",8-06-20,24,"Pitt Agri. Center","PM 2.5","Pitt",35.6412760008938,-77.360126
"7049",NA,36,"Pitt Agri. Center","PM 2.5","Pitt",35.6412760008938,-77.360126
"7050",NA,40,"Pitt Agri. Center","PM 2.5","Pitt",35.6412760008938,-77.360126
"7051",NA,30,"Pitt Agri. Center","PM 2.5","Pitt",35.6412760008938,-77.360126
"7052",NA,26,"Pitt Agri. Center","PM 2.5","Pitt",35.6412760008938,-77.360126
"7053",NA,26,"Pitt Agri. Center","PM 2.5","Pitt",35.6412760008938,-77.360126
"7054",NA,20,"Pitt Agri. Center","PM 2.5","Pitt",35.6412760008938,-77.360126
"7055",NA,20,"Pitt Agri. Center","PM 2.5","Pitt",35.6412760008938,-77.360126
"7056",NA,26,"Pitt Agri. Center","PM 2.5","Pitt",35.6412760008938,-77.360126
"7057",NA,33,"Pitt Agri. Center","PM 2.5","Pitt",35.6412760008938,-77.360126
"7058",NA,35,"Pitt Agri. Center","PM 2.5","Pitt",35.6412760008938,-77.360126
"7059",NA,43,"Pitt Agri. Center","PM 2.5","Pitt",35.6412760008938,-77.360126
"7060",NA,46,"Pitt Agri. Center","PM 2.5","Pitt",35.6412760008938,-77.360126
"7061",9-01-20,32,"Pitt Agri. Center","PM 2.5","Pitt",35.6412760008938,-77.360126
"7062",9-02-20,31,"Pitt Agri. Center","PM 2.5","Pitt",35.6412760008938,-77.360126
"7063",9-03-20,25,"Pitt Agri. Center","PM 2.5","Pitt",35.6412760008938,-77.360126
"7064",9-12-20,51,"Pitt Agri. Center","PM 2.5","Pitt",35.6412760008938,-77.360126
"7065",NA,35,"Pitt Agri. Center","PM 2.5","Pitt",35.6412760008938,-77.360126
"7066",NA,21,"Pitt Agri. Center","PM 2.5","Pitt",35.6412760008938,-77.360126
"7067",NA,15,"Pitt Agri. Center","PM 2.5","Pitt",35.6412760008938,-77.360126
"7068",NA,23,"Pitt Agri. Center","PM 2.5","Pitt",35.6412760008938,-77.360126
"7069",NA,23,"Pitt Agri. Center","PM 2.5","Pitt",35.6412760008938,-77.360126
"7070",NA,17,"Pitt Agri. Center","PM 2.5","Pitt",35.6412760008938,-77.360126
"7071",NA,20,"Pitt Agri. Center","PM 2.5","Pitt",35.6412760008938,-77.360126
"7072",NA,24,"Pitt Agri. Center","PM 2.5","Pitt",35.6412760008938,-77.360126
"7073",NA,39,"Pitt Agri. Center","PM 2.5","Pitt",35.6412760008938,-77.360126
"7074",NA,28,"Pitt Agri. Center","PM 2.5","Pitt",35.6412760008938,-77.360126
"7075",NA,34,"Pitt Agri. Center","PM 2.5","Pitt",35.6412760008938,-77.360126
"7076",NA,31,"Pitt Agri. Center","PM 2.5","Pitt",35.6412760008938,-77.360126
"7077",NA,36,"Pitt Agri. Center","PM 2.5","Pitt",35.6412760008938,-77.360126
"7078",NA,47,"Pitt Agri. Center","PM 2.5","Pitt",35.6412760008938,-77.360126
"7079",NA,46,"Pitt Agri. Center","PM 2.5","Pitt",35.6412760008938,-77.360126
"7080",NA,41,"Pitt Agri. Center","PM 2.5","Pitt",35.6412760008938,-77.360126
"7081",NA,54,"Pitt Agri. Center","PM 2.5","Pitt",35.6412760008938,-77.360126
"7082",NA,39,"Pitt Agri. Center","PM 2.5","Pitt",35.6412760008938,-77.360126
"7083",10-01-20,35,"Pitt Agri. Center","PM 2.5","Pitt",35.6412760008938,-77.360126
"7084",10-02-20,52,"Pitt Agri. Center","PM 2.5","Pitt",35.6412760008938,-77.360126
"7085",10-03-20,59,"Pitt Agri. Center","PM 2.5","Pitt",35.6412760008938,-77.360126
"7086",10-04-20,58,"Pitt Agri. Center","PM 2.5","Pitt",35.6412760008938,-77.360126
"7087",10-06-20,18,"Pitt Agri. Center","PM 2.5","Pitt",35.6412760008938,-77.360126
"7088",10-07-20,16,"Pitt Agri. Center","PM 2.5","Pitt",35.6412760008938,-77.360126
"7089",10-09-20,21,"Pitt Agri. Center","PM 2.5","Pitt",35.6412760008938,-77.360126
"7090",10-10-20,12,"Pitt Agri. Center","PM 2.5","Pitt",35.6412760008938,-77.360126
"7091",10-11-20,21,"Pitt Agri. Center","PM 2.5","Pitt",35.6412760008938,-77.360126
"7092",10-12-20,26,"Pitt Agri. Center","PM 2.5","Pitt",35.6412760008938,-77.360126
"7093",NA,25,"Pitt Agri. Center","PM 2.5","Pitt",35.6412760008938,-77.360126
"7094",NA,17,"Pitt Agri. Center","PM 2.5","Pitt",35.6412760008938,-77.360126
"7095",NA,29,"Pitt Agri. Center","PM 2.5","Pitt",35.6412760008938,-77.360126
"7096",NA,20,"Pitt Agri. Center","PM 2.5","Pitt",35.6412760008938,-77.360126
"7097",NA,9,"Pitt Agri. Center","PM 2.5","Pitt",35.6412760008938,-77.360126
"7098",NA,13,"Pitt Agri. Center","PM 2.5","Pitt",35.6412760008938,-77.360126
"7099",NA,32,"Pitt Agri. Center","PM 2.5","Pitt",35.6412760008938,-77.360126
"7100",NA,10,"Pitt Agri. Center","PM 2.5","Pitt",35.6412760008938,-77.360126
"7101",NA,15,"Pitt Agri. Center","PM 2.5","Pitt",35.6412760008938,-77.360126
"7102",NA,18,"Pitt Agri. Center","PM 2.5","Pitt",35.6412760008938,-77.360126
"7103",NA,12,"Pitt Agri. Center","PM 2.5","Pitt",35.6412760008938,-77.360126
"7104",NA,23,"Pitt Agri. Center","PM 2.5","Pitt",35.6412760008938,-77.360126
"7105",NA,21,"Pitt Agri. Center","PM 2.5","Pitt",35.6412760008938,-77.360126
"7106",NA,20,"Pitt Agri. Center","PM 2.5","Pitt",35.6412760008938,-77.360126
"7107",NA,19,"Pitt Agri. Center","PM 2.5","Pitt",35.6412760008938,-77.360126
"7108",NA,18,"Pitt Agri. Center","PM 2.5","Pitt",35.6412760008938,-77.360126
"7109",NA,19,"Pitt Agri. Center","PM 2.5","Pitt",35.6412760008938,-77.360126
"7110",NA,12,"Pitt Agri. Center","PM 2.5","Pitt",35.6412760008938,-77.360126
"7111",NA,10,"Pitt Agri. Center","PM 2.5","Pitt",35.6412760008938,-77.360126
"7112",11-01-20,9,"Pitt Agri. Center","PM 2.5","Pitt",35.6412760008938,-77.360126
"7113",11-02-20,18,"Pitt Agri. Center","PM 2.5","Pitt",35.6412760008938,-77.360126
"7114",11-03-20,20,"Pitt Agri. Center","PM 2.5","Pitt",35.6412760008938,-77.360126
"7115",11-04-20,30,"Pitt Agri. Center","PM 2.5","Pitt",35.6412760008938,-77.360126
"7116",11-05-20,28,"Pitt Agri. Center","PM 2.5","Pitt",35.6412760008938,-77.360126
"7117",11-06-20,28,"Pitt Agri. Center","PM 2.5","Pitt",35.6412760008938,-77.360126
"7118",11-07-20,32,"Pitt Agri. Center","PM 2.5","Pitt",35.6412760008938,-77.360126
"7119",11-08-20,14,"Pitt Agri. Center","PM 2.5","Pitt",35.6412760008938,-77.360126
"7120",11-09-20,14,"Pitt Agri. Center","PM 2.5","Pitt",35.6412760008938,-77.360126
"7121",11-10-20,28,"Pitt Agri. Center","PM 2.5","Pitt",35.6412760008938,-77.360126
"7122",11-11-20,32,"Pitt Agri. Center","PM 2.5","Pitt",35.6412760008938,-77.360126
"7123",11-12-20,17,"Pitt Agri. Center","PM 2.5","Pitt",35.6412760008938,-77.360126
"7124",NA,10,"Pitt Agri. Center","PM 2.5","Pitt",35.6412760008938,-77.360126
"7125",NA,26,"Pitt Agri. Center","PM 2.5","Pitt",35.6412760008938,-77.360126
"7126",NA,23,"Pitt Agri. Center","PM 2.5","Pitt",35.6412760008938,-77.360126
"7127",NA,33,"Pitt Agri. Center","PM 2.5","Pitt",35.6412760008938,-77.360126
"7128",NA,14,"Pitt Agri. Center","PM 2.5","Pitt",35.6412760008938,-77.360126
"7129",NA,20,"Pitt Agri. Center","PM 2.5","Pitt",35.6412760008938,-77.360126
"7130",NA,27,"Pitt Agri. Center","PM 2.5","Pitt",35.6412760008938,-77.360126
"7131",NA,35,"Pitt Agri. Center","PM 2.5","Pitt",35.6412760008938,-77.360126
"7132",NA,41,"Pitt Agri. Center","PM 2.5","Pitt",35.6412760008938,-77.360126
"7133",NA,48,"Pitt Agri. Center","PM 2.5","Pitt",35.6412760008938,-77.360126
"7134",NA,30,"Pitt Agri. Center","PM 2.5","Pitt",35.6412760008938,-77.360126
"7135",NA,8,"Pitt Agri. Center","PM 2.5","Pitt",35.6412760008938,-77.360126
"7136",NA,21,"Pitt Agri. Center","PM 2.5","Pitt",35.6412760008938,-77.360126
"7137",NA,40,"Pitt Agri. Center","PM 2.5","Pitt",35.6412760008938,-77.360126
"7138",NA,37,"Pitt Agri. Center","PM 2.5","Pitt",35.6412760008938,-77.360126
"7139",NA,9,"Pitt Agri. Center","PM 2.5","Pitt",35.6412760008938,-77.360126
"7140",NA,11,"Pitt Agri. Center","PM 2.5","Pitt",35.6412760008938,-77.360126
"7141",NA,8,"Pitt Agri. Center","PM 2.5","Pitt",35.6412760008938,-77.360126
"7142",12-01-20,8,"Pitt Agri. Center","PM 2.5","Pitt",35.6412760008938,-77.360126
"7143",12-04-20,19,"Pitt Agri. Center","PM 2.5","Pitt",35.6412760008938,-77.360126
"7144",12-05-20,14,"Pitt Agri. Center","PM 2.5","Pitt",35.6412760008938,-77.360126
"7145",12-06-20,38,"Pitt Agri. Center","PM 2.5","Pitt",35.6412760008938,-77.360126
"7146",12-07-20,32,"Pitt Agri. Center","PM 2.5","Pitt",35.6412760008938,-77.360126
"7147",12-08-20,15,"Pitt Agri. Center","PM 2.5","Pitt",35.6412760008938,-77.360126
"7148",12-09-20,15,"Pitt Agri. Center","PM 2.5","Pitt",35.6412760008938,-77.360126
"7149",12-10-20,19,"Pitt Agri. Center","PM 2.5","Pitt",35.6412760008938,-77.360126
"7150",12-11-20,4,"Pitt Agri. Center","PM 2.5","Pitt",35.6412760008938,-77.360126
"7151",12-12-20,23,"Pitt Agri. Center","PM 2.5","Pitt",35.6412760008938,-77.360126
"7152",NA,28,"Pitt Agri. Center","PM 2.5","Pitt",35.6412760008938,-77.360126
"7153",NA,5,"Pitt Agri. Center","PM 2.5","Pitt",35.6412760008938,-77.360126
"7154",NA,17,"Pitt Agri. Center","PM 2.5","Pitt",35.6412760008938,-77.360126
"7155",NA,36,"Pitt Agri. Center","PM 2.5","Pitt",35.6412760008938,-77.360126
"7156",NA,13,"Pitt Agri. Center","PM 2.5","Pitt",35.6412760008938,-77.360126
"7157",NA,10,"Pitt Agri. Center","PM 2.5","Pitt",35.6412760008938,-77.360126
"7158",NA,25,"Pitt Agri. Center","PM 2.5","Pitt",35.6412760008938,-77.360126
"7159",NA,37,"Pitt Agri. Center","PM 2.5","Pitt",35.6412760008938,-77.360126
"7160",NA,45,"Pitt Agri. Center","PM 2.5","Pitt",35.6412760008938,-77.360126
"7161",NA,42,"Pitt Agri. Center","PM 2.5","Pitt",35.6412760008938,-77.360126
"7162",NA,28,"Pitt Agri. Center","PM 2.5","Pitt",35.6412760008938,-77.360126
"7163",NA,19,"Pitt Agri. Center","PM 2.5","Pitt",35.6412760008938,-77.360126
"7164",NA,29,"Pitt Agri. Center","PM 2.5","Pitt",35.6412760008938,-77.360126
"7165",NA,10,"Pitt Agri. Center","PM 2.5","Pitt",35.6412760008938,-77.360126
"7166",NA,10,"Pitt Agri. Center","PM 2.5","Pitt",35.6412760008938,-77.360126
"7167",1-01-20,24,"Bryson City","PM 2.5","Swain",35.434767,-83.442133
"7168",1-02-20,27,"Bryson City","PM 2.5","Swain",35.434767,-83.442133
"7169",1-03-20,18,"Bryson City","PM 2.5","Swain",35.434767,-83.442133
"7170",1-04-20,15,"Bryson City","PM 2.5","Swain",35.434767,-83.442133
"7171",1-05-20,13,"Bryson City","PM 2.5","Swain",35.434767,-83.442133
"7172",1-06-20,31,"Bryson City","PM 2.5","Swain",35.434767,-83.442133
"7173",1-07-20,36,"Bryson City","PM 2.5","Swain",35.434767,-83.442133
"7174",1-08-20,33,"Bryson City","PM 2.5","Swain",35.434767,-83.442133
"7175",1-09-20,13,"Bryson City","PM 2.5","Swain",35.434767,-83.442133
"7176",1-10-20,20,"Bryson City","PM 2.5","Swain",35.434767,-83.442133
"7177",1-11-20,39,"Bryson City","PM 2.5","Swain",35.434767,-83.442133
"7178",1-12-20,47,"Bryson City","PM 2.5","Swain",35.434767,-83.442133
"7179",NA,16,"Bryson City","PM 2.5","Swain",35.434767,-83.442133
"7180",NA,8,"Bryson City","PM 2.5","Swain",35.434767,-83.442133
"7181",NA,13,"Bryson City","PM 2.5","Swain",35.434767,-83.442133
"7182",NA,27,"Bryson City","PM 2.5","Swain",35.434767,-83.442133
"7183",NA,51,"Bryson City","PM 2.5","Swain",35.434767,-83.442133
"7184",NA,31,"Bryson City","PM 2.5","Swain",35.434767,-83.442133
"7185",NA,30,"Bryson City","PM 2.5","Swain",35.434767,-83.442133
"7186",NA,15,"Bryson City","PM 2.5","Swain",35.434767,-83.442133
"7187",NA,29,"Bryson City","PM 2.5","Swain",35.434767,-83.442133
"7188",NA,40,"Bryson City","PM 2.5","Swain",35.434767,-83.442133
"7189",NA,19,"Bryson City","PM 2.5","Swain",35.434767,-83.442133
"7190",NA,21,"Bryson City","PM 2.5","Swain",35.434767,-83.442133
"7191",NA,30,"Bryson City","PM 2.5","Swain",35.434767,-83.442133
"7192",NA,43,"Bryson City","PM 2.5","Swain",35.434767,-83.442133
"7193",NA,50,"Bryson City","PM 2.5","Swain",35.434767,-83.442133
"7194",NA,52,"Bryson City","PM 2.5","Swain",35.434767,-83.442133
"7195",NA,50,"Bryson City","PM 2.5","Swain",35.434767,-83.442133
"7196",NA,44,"Bryson City","PM 2.5","Swain",35.434767,-83.442133
"7197",NA,38,"Bryson City","PM 2.5","Swain",35.434767,-83.442133
"7198",2-01-20,57,"Bryson City","PM 2.5","Swain",35.434767,-83.442133
"7199",2-02-20,45,"Bryson City","PM 2.5","Swain",35.434767,-83.442133
"7200",2-03-20,52,"Bryson City","PM 2.5","Swain",35.434767,-83.442133
"7201",2-04-20,53,"Bryson City","PM 2.5","Swain",35.434767,-83.442133
"7202",2-05-20,56,"Bryson City","PM 2.5","Swain",35.434767,-83.442133
"7203",2-06-20,63,"Bryson City","PM 2.5","Swain",35.434767,-83.442133
"7204",2-07-20,33,"Bryson City","PM 2.5","Swain",35.434767,-83.442133
"7205",2-08-20,22,"Bryson City","PM 2.5","Swain",35.434767,-83.442133
"7206",2-09-20,25,"Bryson City","PM 2.5","Swain",35.434767,-83.442133
"7207",2-10-20,35,"Bryson City","PM 2.5","Swain",35.434767,-83.442133
"7208",2-11-20,30,"Bryson City","PM 2.5","Swain",35.434767,-83.442133
"7209",2-12-20,19,"Bryson City","PM 2.5","Swain",35.434767,-83.442133
"7210",NA,19,"Bryson City","PM 2.5","Swain",35.434767,-83.442133
"7211",NA,31,"Bryson City","PM 2.5","Swain",35.434767,-83.442133
"7212",NA,53,"Bryson City","PM 2.5","Swain",35.434767,-83.442133
"7213",NA,21,"Bryson City","PM 2.5","Swain",35.434767,-83.442133
"7214",NA,24,"Bryson City","PM 2.5","Swain",35.434767,-83.442133
"7215",NA,15,"Bryson City","PM 2.5","Swain",35.434767,-83.442133
"7216",NA,31,"Bryson City","PM 2.5","Swain",35.434767,-83.442133
"7217",NA,13,"Bryson City","PM 2.5","Swain",35.434767,-83.442133
"7218",NA,24,"Bryson City","PM 2.5","Swain",35.434767,-83.442133
"7219",NA,15,"Bryson City","PM 2.5","Swain",35.434767,-83.442133
"7220",NA,20,"Bryson City","PM 2.5","Swain",35.434767,-83.442133
"7221",NA,19,"Bryson City","PM 2.5","Swain",35.434767,-83.442133
"7222",NA,17,"Bryson City","PM 2.5","Swain",35.434767,-83.442133
"7223",NA,35,"Bryson City","PM 2.5","Swain",35.434767,-83.442133
"7224",NA,43,"Bryson City","PM 2.5","Swain",35.434767,-83.442133
"7225",NA,55,"Bryson City","PM 2.5","Swain",35.434767,-83.442133
"7226",3-01-20,54,"Bryson City","PM 2.5","Swain",35.434767,-83.442133
"7227",3-02-20,21,"Bryson City","PM 2.5","Swain",35.434767,-83.442133
"7228",3-03-20,33,"Bryson City","PM 2.5","Swain",35.434767,-83.442133
"7229",3-04-20,24,"Bryson City","PM 2.5","Swain",35.434767,-83.442133
"7230",3-05-20,25,"Bryson City","PM 2.5","Swain",35.434767,-83.442133
"7231",3-06-20,26,"Bryson City","PM 2.5","Swain",35.434767,-83.442133
"7232",3-07-20,32,"Bryson City","PM 2.5","Swain",35.434767,-83.442133
"7233",3-08-20,44,"Bryson City","PM 2.5","Swain",35.434767,-83.442133
"7234",3-09-20,38,"Bryson City","PM 2.5","Swain",35.434767,-83.442133
"7235",3-10-20,28,"Bryson City","PM 2.5","Swain",35.434767,-83.442133
"7236",3-11-20,23,"Bryson City","PM 2.5","Swain",35.434767,-83.442133
"7237",3-12-20,31,"Bryson City","PM 2.5","Swain",35.434767,-83.442133
"7238",NA,40,"Bryson City","PM 2.5","Swain",35.434767,-83.442133
"7239",NA,30,"Bryson City","PM 2.5","Swain",35.434767,-83.442133
"7240",NA,22,"Bryson City","PM 2.5","Swain",35.434767,-83.442133
"7241",NA,20,"Bryson City","PM 2.5","Swain",35.434767,-83.442133
"7242",NA,26,"Bryson City","PM 2.5","Swain",35.434767,-83.442133
"7243",NA,33,"Bryson City","PM 2.5","Swain",35.434767,-83.442133
"7244",NA,42,"Bryson City","PM 2.5","Swain",35.434767,-83.442133
"7245",NA,35,"Bryson City","PM 2.5","Swain",35.434767,-83.442133
"7246",NA,51,"Bryson City","PM 2.5","Swain",35.434767,-83.442133
"7247",NA,23,"Bryson City","PM 2.5","Swain",35.434767,-83.442133
"7248",NA,29,"Bryson City","PM 2.5","Swain",35.434767,-83.442133
"7249",NA,43,"Bryson City","PM 2.5","Swain",35.434767,-83.442133
"7250",NA,50,"Bryson City","PM 2.5","Swain",35.434767,-83.442133
"7251",NA,21,"Bryson City","PM 2.5","Swain",35.434767,-83.442133
"7252",4-01-20,15,"Bryson City","PM 2.5","Swain",35.434767,-83.442133
"7253",4-02-20,30,"Bryson City","PM 2.5","Swain",35.434767,-83.442133
"7254",4-03-20,39,"Bryson City","PM 2.5","Swain",35.434767,-83.442133
"7255",4-04-20,45,"Bryson City","PM 2.5","Swain",35.434767,-83.442133
"7256",4-05-20,25,"Bryson City","PM 2.5","Swain",35.434767,-83.442133
"7257",4-06-20,23,"Bryson City","PM 2.5","Swain",35.434767,-83.442133
"7258",4-07-20,28,"Bryson City","PM 2.5","Swain",35.434767,-83.442133
"7259",4-08-20,22,"Bryson City","PM 2.5","Swain",35.434767,-83.442133
"7260",4-09-20,14,"Bryson City","PM 2.5","Swain",35.434767,-83.442133
"7261",4-10-20,18,"Bryson City","PM 2.5","Swain",35.434767,-83.442133
"7262",4-11-20,29,"Bryson City","PM 2.5","Swain",35.434767,-83.442133
"7263",4-12-20,28,"Bryson City","PM 2.5","Swain",35.434767,-83.442133
"7264",NA,32,"Bryson City","PM 2.5","Swain",35.434767,-83.442133
"7265",NA,29,"Bryson City","PM 2.5","Swain",35.434767,-83.442133
"7266",NA,19,"Bryson City","PM 2.5","Swain",35.434767,-83.442133
"7267",NA,22,"Bryson City","PM 2.5","Swain",35.434767,-83.442133
"7268",NA,27,"Bryson City","PM 2.5","Swain",35.434767,-83.442133
"7269",NA,40,"Bryson City","PM 2.5","Swain",35.434767,-83.442133
"7270",NA,17,"Bryson City","PM 2.5","Swain",35.434767,-83.442133
"7271",NA,8,"Bryson City","PM 2.5","Swain",35.434767,-83.442133
"7272",NA,11,"Bryson City","PM 2.5","Swain",35.434767,-83.442133
"7273",NA,14,"Bryson City","PM 2.5","Swain",35.434767,-83.442133
"7274",NA,27,"Bryson City","PM 2.5","Swain",35.434767,-83.442133
"7275",NA,35,"Bryson City","PM 2.5","Swain",35.434767,-83.442133
"7276",NA,38,"Bryson City","PM 2.5","Swain",35.434767,-83.442133
"7277",NA,21,"Bryson City","PM 2.5","Swain",35.434767,-83.442133
"7278",NA,23,"Bryson City","PM 2.5","Swain",35.434767,-83.442133
"7279",NA,31,"Bryson City","PM 2.5","Swain",35.434767,-83.442133
"7280",NA,43,"Bryson City","PM 2.5","Swain",35.434767,-83.442133
"7281",NA,49,"Bryson City","PM 2.5","Swain",35.434767,-83.442133
"7282",5-01-20,40,"Bryson City","PM 2.5","Swain",35.434767,-83.442133
"7283",5-02-20,33,"Bryson City","PM 2.5","Swain",35.434767,-83.442133
"7284",5-03-20,30,"Bryson City","PM 2.5","Swain",35.434767,-83.442133
"7285",5-04-20,27,"Bryson City","PM 2.5","Swain",35.434767,-83.442133
"7286",5-05-20,12,"Bryson City","PM 2.5","Swain",35.434767,-83.442133
"7287",5-06-20,14,"Bryson City","PM 2.5","Swain",35.434767,-83.442133
"7288",5-07-20,26,"Bryson City","PM 2.5","Swain",35.434767,-83.442133
"7289",5-09-20,34,"Bryson City","PM 2.5","Swain",35.434767,-83.442133
"7290",5-10-20,30,"Bryson City","PM 2.5","Swain",35.434767,-83.442133
"7291",5-11-20,16,"Bryson City","PM 2.5","Swain",35.434767,-83.442133
"7292",5-12-20,8,"Bryson City","PM 2.5","Swain",35.434767,-83.442133
"7293",NA,15,"Bryson City","PM 2.5","Swain",35.434767,-83.442133
"7294",NA,20,"Bryson City","PM 2.5","Swain",35.434767,-83.442133
"7295",NA,25,"Bryson City","PM 2.5","Swain",35.434767,-83.442133
"7296",NA,28,"Bryson City","PM 2.5","Swain",35.434767,-83.442133
"7297",NA,41,"Bryson City","PM 2.5","Swain",35.434767,-83.442133
"7298",NA,51,"Bryson City","PM 2.5","Swain",35.434767,-83.442133
"7299",NA,53,"Bryson City","PM 2.5","Swain",35.434767,-83.442133
"7300",NA,43,"Bryson City","PM 2.5","Swain",35.434767,-83.442133
"7301",NA,28,"Bryson City","PM 2.5","Swain",35.434767,-83.442133
"7302",NA,43,"Bryson City","PM 2.5","Swain",35.434767,-83.442133
"7303",NA,52,"Bryson City","PM 2.5","Swain",35.434767,-83.442133
"7304",NA,30,"Bryson City","PM 2.5","Swain",35.434767,-83.442133
"7305",NA,48,"Bryson City","PM 2.5","Swain",35.434767,-83.442133
"7306",NA,48,"Bryson City","PM 2.5","Swain",35.434767,-83.442133
"7307",NA,32,"Bryson City","PM 2.5","Swain",35.434767,-83.442133
"7308",6-01-20,45,"Bryson City","PM 2.5","Swain",35.434767,-83.442133
"7309",6-02-20,50,"Bryson City","PM 2.5","Swain",35.434767,-83.442133
"7310",6-03-20,54,"Bryson City","PM 2.5","Swain",35.434767,-83.442133
"7311",6-04-20,58,"Bryson City","PM 2.5","Swain",35.434767,-83.442133
"7312",6-05-20,60,"Bryson City","PM 2.5","Swain",35.434767,-83.442133
"7313",6-06-20,36,"Bryson City","PM 2.5","Swain",35.434767,-83.442133
"7314",6-07-20,13,"Bryson City","PM 2.5","Swain",35.434767,-83.442133
"7315",6-08-20,19,"Bryson City","PM 2.5","Swain",35.434767,-83.442133
"7316",6-09-20,10,"Bryson City","PM 2.5","Swain",35.434767,-83.442133
"7317",6-10-20,18,"Bryson City","PM 2.5","Swain",35.434767,-83.442133
"7318",6-11-20,22,"Bryson City","PM 2.5","Swain",35.434767,-83.442133
"7319",6-12-20,31,"Bryson City","PM 2.5","Swain",35.434767,-83.442133
"7320",NA,27,"Bryson City","PM 2.5","Swain",35.434767,-83.442133
"7321",NA,27,"Bryson City","PM 2.5","Swain",35.434767,-83.442133
"7322",NA,43,"Bryson City","PM 2.5","Swain",35.434767,-83.442133
"7323",NA,50,"Bryson City","PM 2.5","Swain",35.434767,-83.442133
"7324",NA,28,"Bryson City","PM 2.5","Swain",35.434767,-83.442133
"7325",NA,8,"Bryson City","PM 2.5","Swain",35.434767,-83.442133
"7326",NA,12,"Bryson City","PM 2.5","Swain",35.434767,-83.442133
"7327",NA,20,"Bryson City","PM 2.5","Swain",35.434767,-83.442133
"7328",NA,24,"Bryson City","PM 2.5","Swain",35.434767,-83.442133
"7329",NA,41,"Bryson City","PM 2.5","Swain",35.434767,-83.442133
"7330",NA,22,"Bryson City","PM 2.5","Swain",35.434767,-83.442133
"7331",NA,31,"Bryson City","PM 2.5","Swain",35.434767,-83.442133
"7332",NA,27,"Bryson City","PM 2.5","Swain",35.434767,-83.442133
"7333",7-01-20,45,"Bryson City","PM 2.5","Swain",35.434767,-83.442133
"7334",7-02-20,32,"Bryson City","PM 2.5","Swain",35.434767,-83.442133
"7335",7-03-20,30,"Bryson City","PM 2.5","Swain",35.434767,-83.442133
"7336",7-04-20,35,"Bryson City","PM 2.5","Swain",35.434767,-83.442133
"7337",7-05-20,38,"Bryson City","PM 2.5","Swain",35.434767,-83.442133
"7338",7-06-20,28,"Bryson City","PM 2.5","Swain",35.434767,-83.442133
"7339",7-07-20,41,"Bryson City","PM 2.5","Swain",35.434767,-83.442133
"7340",7-08-20,28,"Bryson City","PM 2.5","Swain",35.434767,-83.442133
"7341",7-09-20,33,"Bryson City","PM 2.5","Swain",35.434767,-83.442133
"7342",7-10-20,36,"Bryson City","PM 2.5","Swain",35.434767,-83.442133
"7343",7-11-20,27,"Bryson City","PM 2.5","Swain",35.434767,-83.442133
"7344",7-12-20,23,"Bryson City","PM 2.5","Swain",35.434767,-83.442133
"7345",NA,14,"Bryson City","PM 2.5","Swain",35.434767,-83.442133
"7346",NA,13,"Bryson City","PM 2.5","Swain",35.434767,-83.442133
"7347",NA,25,"Bryson City","PM 2.5","Swain",35.434767,-83.442133
"7348",NA,47,"Bryson City","PM 2.5","Swain",35.434767,-83.442133
"7349",NA,35,"Bryson City","PM 2.5","Swain",35.434767,-83.442133
"7350",NA,26,"Bryson City","PM 2.5","Swain",35.434767,-83.442133
"7351",NA,28,"Bryson City","PM 2.5","Swain",35.434767,-83.442133
"7352",NA,22,"Bryson City","PM 2.5","Swain",35.434767,-83.442133
"7353",NA,32,"Bryson City","PM 2.5","Swain",35.434767,-83.442133
"7354",NA,25,"Bryson City","PM 2.5","Swain",35.434767,-83.442133
"7355",NA,17,"Bryson City","PM 2.5","Swain",35.434767,-83.442133
"7356",NA,33,"Bryson City","PM 2.5","Swain",35.434767,-83.442133
"7357",NA,38,"Bryson City","PM 2.5","Swain",35.434767,-83.442133
"7358",NA,48,"Bryson City","PM 2.5","Swain",35.434767,-83.442133
"7359",NA,54,"Bryson City","PM 2.5","Swain",35.434767,-83.442133
"7360",NA,47,"Bryson City","PM 2.5","Swain",35.434767,-83.442133
"7361",NA,44,"Bryson City","PM 2.5","Swain",35.434767,-83.442133
"7362",NA,52,"Bryson City","PM 2.5","Swain",35.434767,-83.442133
"7363",NA,47,"Bryson City","PM 2.5","Swain",35.434767,-83.442133
"7364",8-01-20,35,"Bryson City","PM 2.5","Swain",35.434767,-83.442133
"7365",8-06-20,38,"Bryson City","PM 2.5","Swain",35.434767,-83.442133
"7366",8-07-20,43,"Bryson City","PM 2.5","Swain",35.434767,-83.442133
"7367",8-08-20,39,"Bryson City","PM 2.5","Swain",35.434767,-83.442133
"7368",8-09-20,41,"Bryson City","PM 2.5","Swain",35.434767,-83.442133
"7369",8-10-20,41,"Bryson City","PM 2.5","Swain",35.434767,-83.442133
"7370",NA,26,"Bryson City","PM 2.5","Swain",35.434767,-83.442133
"7371",NA,35,"Bryson City","PM 2.5","Swain",35.434767,-83.442133
"7372",NA,34,"Bryson City","PM 2.5","Swain",35.434767,-83.442133
"7373",NA,34,"Bryson City","PM 2.5","Swain",35.434767,-83.442133
"7374",NA,39,"Bryson City","PM 2.5","Swain",35.434767,-83.442133
"7375",NA,40,"Bryson City","PM 2.5","Swain",35.434767,-83.442133
"7376",NA,37,"Bryson City","PM 2.5","Swain",35.434767,-83.442133
"7377",NA,30,"Bryson City","PM 2.5","Swain",35.434767,-83.442133
"7378",NA,38,"Bryson City","PM 2.5","Swain",35.434767,-83.442133
"7379",NA,27,"Bryson City","PM 2.5","Swain",35.434767,-83.442133
"7380",NA,27,"Bryson City","PM 2.5","Swain",35.434767,-83.442133
"7381",NA,23,"Bryson City","PM 2.5","Swain",35.434767,-83.442133
"7382",NA,28,"Bryson City","PM 2.5","Swain",35.434767,-83.442133
"7383",NA,17,"Bryson City","PM 2.5","Swain",35.434767,-83.442133
"7384",NA,23,"Bryson City","PM 2.5","Swain",35.434767,-83.442133
"7385",NA,28,"Bryson City","PM 2.5","Swain",35.434767,-83.442133
"7386",NA,23,"Bryson City","PM 2.5","Swain",35.434767,-83.442133
"7387",NA,38,"Bryson City","PM 2.5","Swain",35.434767,-83.442133
"7388",9-04-20,43,"Bryson City","PM 2.5","Swain",35.434767,-83.442133
"7389",9-05-20,45,"Bryson City","PM 2.5","Swain",35.434767,-83.442133
"7390",9-06-20,39,"Bryson City","PM 2.5","Swain",35.434767,-83.442133
"7391",9-07-20,41,"Bryson City","PM 2.5","Swain",35.434767,-83.442133
"7392",9-08-20,38,"Bryson City","PM 2.5","Swain",35.434767,-83.442133
"7393",9-09-20,32,"Bryson City","PM 2.5","Swain",35.434767,-83.442133
"7394",9-10-20,43,"Bryson City","PM 2.5","Swain",35.434767,-83.442133
"7395",9-11-20,52,"Bryson City","PM 2.5","Swain",35.434767,-83.442133
"7396",9-12-20,51,"Bryson City","PM 2.5","Swain",35.434767,-83.442133
"7397",NA,54,"Bryson City","PM 2.5","Swain",35.434767,-83.442133
"7398",NA,45,"Bryson City","PM 2.5","Swain",35.434767,-83.442133
"7399",NA,41,"Bryson City","PM 2.5","Swain",35.434767,-83.442133
"7400",NA,27,"Bryson City","PM 2.5","Swain",35.434767,-83.442133
"7401",NA,43,"Bryson City","PM 2.5","Swain",35.434767,-83.442133
"7402",NA,47,"Bryson City","PM 2.5","Swain",35.434767,-83.442133
"7403",NA,37,"Bryson City","PM 2.5","Swain",35.434767,-83.442133
"7404",NA,41,"Bryson City","PM 2.5","Swain",35.434767,-83.442133
"7405",NA,39,"Bryson City","PM 2.5","Swain",35.434767,-83.442133
"7406",NA,45,"Bryson City","PM 2.5","Swain",35.434767,-83.442133
"7407",NA,38,"Bryson City","PM 2.5","Swain",35.434767,-83.442133
"7408",NA,33,"Bryson City","PM 2.5","Swain",35.434767,-83.442133
"7409",NA,24,"Bryson City","PM 2.5","Swain",35.434767,-83.442133
"7410",NA,25,"Bryson City","PM 2.5","Swain",35.434767,-83.442133
"7411",NA,25,"Bryson City","PM 2.5","Swain",35.434767,-83.442133
"7412",NA,36,"Bryson City","PM 2.5","Swain",35.434767,-83.442133
"7413",NA,35,"Bryson City","PM 2.5","Swain",35.434767,-83.442133
"7414",NA,34,"Bryson City","PM 2.5","Swain",35.434767,-83.442133
"7415",10-01-20,41,"Bryson City","PM 2.5","Swain",35.434767,-83.442133
"7416",10-02-20,42,"Bryson City","PM 2.5","Swain",35.434767,-83.442133
"7417",10-03-20,35,"Bryson City","PM 2.5","Swain",35.434767,-83.442133
"7418",10-04-20,31,"Bryson City","PM 2.5","Swain",35.434767,-83.442133
"7419",10-05-20,21,"Bryson City","PM 2.5","Swain",35.434767,-83.442133
"7420",10-06-20,13,"Bryson City","PM 2.5","Swain",35.434767,-83.442133
"7421",10-07-20,14,"Bryson City","PM 2.5","Swain",35.434767,-83.442133
"7422",10-08-20,8,"Bryson City","PM 2.5","Swain",35.434767,-83.442133
"7423",10-09-20,11,"Bryson City","PM 2.5","Swain",35.434767,-83.442133
"7424",10-10-20,20,"Bryson City","PM 2.5","Swain",35.434767,-83.442133
"7425",10-11-20,23,"Bryson City","PM 2.5","Swain",35.434767,-83.442133
"7426",10-12-20,27,"Bryson City","PM 2.5","Swain",35.434767,-83.442133
"7427",NA,26,"Bryson City","PM 2.5","Swain",35.434767,-83.442133
"7428",NA,19,"Bryson City","PM 2.5","Swain",35.434767,-83.442133
"7429",NA,17,"Bryson City","PM 2.5","Swain",35.434767,-83.442133
"7430",NA,28,"Bryson City","PM 2.5","Swain",35.434767,-83.442133
"7431",NA,15,"Bryson City","PM 2.5","Swain",35.434767,-83.442133
"7432",NA,16,"Bryson City","PM 2.5","Swain",35.434767,-83.442133
"7433",NA,19,"Bryson City","PM 2.5","Swain",35.434767,-83.442133
"7434",NA,32,"Bryson City","PM 2.5","Swain",35.434767,-83.442133
"7435",NA,25,"Bryson City","PM 2.5","Swain",35.434767,-83.442133
"7436",NA,8,"Bryson City","PM 2.5","Swain",35.434767,-83.442133
"7437",NA,9,"Bryson City","PM 2.5","Swain",35.434767,-83.442133
"7438",NA,20,"Bryson City","PM 2.5","Swain",35.434767,-83.442133
"7439",NA,15,"Bryson City","PM 2.5","Swain",35.434767,-83.442133
"7440",NA,0,"Bryson City","PM 2.5","Swain",35.434767,-83.442133
"7441",11-01-20,15,"Bryson City","PM 2.5","Swain",35.434767,-83.442133
"7442",11-02-20,19,"Bryson City","PM 2.5","Swain",35.434767,-83.442133
"7443",11-03-20,26,"Bryson City","PM 2.5","Swain",35.434767,-83.442133
"7444",11-04-20,34,"Bryson City","PM 2.5","Swain",35.434767,-83.442133
"7445",11-05-20,30,"Bryson City","PM 2.5","Swain",35.434767,-83.442133
"7446",11-06-20,26,"Bryson City","PM 2.5","Swain",35.434767,-83.442133
"7447",11-07-20,38,"Bryson City","PM 2.5","Swain",35.434767,-83.442133
"7448",11-08-20,11,"Bryson City","PM 2.5","Swain",35.434767,-83.442133
"7449",11-09-20,30,"Bryson City","PM 2.5","Swain",35.434767,-83.442133
"7450",11-10-20,40,"Bryson City","PM 2.5","Swain",35.434767,-83.442133
"7451",11-11-20,26,"Bryson City","PM 2.5","Swain",35.434767,-83.442133
"7452",11-12-20,11,"Bryson City","PM 2.5","Swain",35.434767,-83.442133
"7453",NA,23,"Bryson City","PM 2.5","Swain",35.434767,-83.442133
"7454",NA,37,"Bryson City","PM 2.5","Swain",35.434767,-83.442133
"7455",NA,31,"Bryson City","PM 2.5","Swain",35.434767,-83.442133
"7456",NA,21,"Bryson City","PM 2.5","Swain",35.434767,-83.442133
"7457",NA,30,"Bryson City","PM 2.5","Swain",35.434767,-83.442133
"7458",NA,32,"Bryson City","PM 2.5","Swain",35.434767,-83.442133
"7459",NA,28,"Bryson City","PM 2.5","Swain",35.434767,-83.442133
"7460",NA,19,"Bryson City","PM 2.5","Swain",35.434767,-83.442133
"7461",NA,23,"Bryson City","PM 2.5","Swain",35.434767,-83.442133
"7462",NA,47,"Bryson City","PM 2.5","Swain",35.434767,-83.442133
"7463",NA,26,"Bryson City","PM 2.5","Swain",35.434767,-83.442133
"7464",NA,7,"Bryson City","PM 2.5","Swain",35.434767,-83.442133
"7465",NA,20,"Bryson City","PM 2.5","Swain",35.434767,-83.442133
"7466",NA,38,"Bryson City","PM 2.5","Swain",35.434767,-83.442133
"7467",NA,22,"Bryson City","PM 2.5","Swain",35.434767,-83.442133
"7468",NA,4,"Bryson City","PM 2.5","Swain",35.434767,-83.442133
"7469",NA,20,"Bryson City","PM 2.5","Swain",35.434767,-83.442133
"7470",NA,20,"Bryson City","PM 2.5","Swain",35.434767,-83.442133
"7471",12-01-20,9,"Bryson City","PM 2.5","Swain",35.434767,-83.442133
"7472",12-02-20,3,"Bryson City","PM 2.5","Swain",35.434767,-83.442133
"7473",12-03-20,5,"Bryson City","PM 2.5","Swain",35.434767,-83.442133
"7474",12-04-20,13,"Bryson City","PM 2.5","Swain",35.434767,-83.442133
"7475",12-05-20,7,"Bryson City","PM 2.5","Swain",35.434767,-83.442133
"7476",12-06-20,39,"Bryson City","PM 2.5","Swain",35.434767,-83.442133
"7477",12-07-20,43,"Bryson City","PM 2.5","Swain",35.434767,-83.442133
"7478",12-08-20,52,"Bryson City","PM 2.5","Swain",35.434767,-83.442133
"7479",12-09-20,27,"Bryson City","PM 2.5","Swain",35.434767,-83.442133
"7480",12-10-20,11,"Bryson City","PM 2.5","Swain",35.434767,-83.442133
"7481",12-11-20,10,"Bryson City","PM 2.5","Swain",35.434767,-83.442133
"7482",12-12-20,21,"Bryson City","PM 2.5","Swain",35.434767,-83.442133
"7483",NA,20,"Bryson City","PM 2.5","Swain",35.434767,-83.442133
"7484",NA,4,"Bryson City","PM 2.5","Swain",35.434767,-83.442133
"7485",NA,19,"Bryson City","PM 2.5","Swain",35.434767,-83.442133
"7486",NA,41,"Bryson City","PM 2.5","Swain",35.434767,-83.442133
"7487",NA,0,"Bryson City","PM 2.5","Swain",35.434767,-83.442133
"7488",NA,10,"Bryson City","PM 2.5","Swain",35.434767,-83.442133
"7489",NA,23,"Bryson City","PM 2.5","Swain",35.434767,-83.442133
"7490",NA,43,"Bryson City","PM 2.5","Swain",35.434767,-83.442133
"7491",NA,45,"Bryson City","PM 2.5","Swain",35.434767,-83.442133
"7492",NA,36,"Bryson City","PM 2.5","Swain",35.434767,-83.442133
"7493",NA,14,"Bryson City","PM 2.5","Swain",35.434767,-83.442133
"7494",NA,6,"Bryson City","PM 2.5","Swain",35.434767,-83.442133
"7495",NA,23,"Bryson City","PM 2.5","Swain",35.434767,-83.442133
"7496",NA,25,"Bryson City","PM 2.5","Swain",35.434767,-83.442133
"7497",NA,43,"Bryson City","PM 2.5","Swain",35.434767,-83.442133
"7498",NA,0,"Bryson City","PM 2.5","Swain",35.434767,-83.442133
"7499",1-03-20,24,"Millbrook School","PM 2.5","Wake",35.856111,-78.574167
"7500",1-06-20,18,"Millbrook School","PM 2.5","Wake",35.856111,-78.574167
"7501",1-09-20,11,"Millbrook School","PM 2.5","Wake",35.856111,-78.574167
"7502",1-12-20,33,"Millbrook School","PM 2.5","Wake",35.856111,-78.574167
"7503",NA,44,"Millbrook School","PM 2.5","Wake",35.856111,-78.574167
"7504",NA,31,"Millbrook School","PM 2.5","Wake",35.856111,-78.574167
"7505",NA,20,"Millbrook School","PM 2.5","Wake",35.856111,-78.574167
"7506",NA,9,"Millbrook School","PM 2.5","Wake",35.856111,-78.574167
"7507",NA,53,"Millbrook School","PM 2.5","Wake",35.856111,-78.574167
"7508",NA,17,"Millbrook School","PM 2.5","Wake",35.856111,-78.574167
"7509",2-02-20,55,"Millbrook School","PM 2.5","Wake",35.856111,-78.574167
"7510",2-05-20,45,"Millbrook School","PM 2.5","Wake",35.856111,-78.574167
"7511",2-08-20,37,"Millbrook School","PM 2.5","Wake",35.856111,-78.574167
"7512",2-11-20,28,"Millbrook School","PM 2.5","Wake",35.856111,-78.574167
"7513",NA,12,"Millbrook School","PM 2.5","Wake",35.856111,-78.574167
"7514",NA,29,"Millbrook School","PM 2.5","Wake",35.856111,-78.574167
"7515",NA,11,"Millbrook School","PM 2.5","Wake",35.856111,-78.574167
"7516",NA,9,"Millbrook School","PM 2.5","Wake",35.856111,-78.574167
"7517",NA,27,"Millbrook School","PM 2.5","Wake",35.856111,-78.574167
"7518",3-01-20,29,"Millbrook School","PM 2.5","Wake",35.856111,-78.574167
"7519",3-04-20,23,"Millbrook School","PM 2.5","Wake",35.856111,-78.574167
"7520",3-07-20,32,"Millbrook School","PM 2.5","Wake",35.856111,-78.574167
"7521",3-10-20,37,"Millbrook School","PM 2.5","Wake",35.856111,-78.574167
"7522",NA,28,"Millbrook School","PM 2.5","Wake",35.856111,-78.574167
"7523",NA,22,"Millbrook School","PM 2.5","Wake",35.856111,-78.574167
"7524",NA,31,"Millbrook School","PM 2.5","Wake",35.856111,-78.574167
"7525",NA,18,"Millbrook School","PM 2.5","Wake",35.856111,-78.574167
"7526",NA,40,"Millbrook School","PM 2.5","Wake",35.856111,-78.574167
"7527",4-06-20,22,"Millbrook School","PM 2.5","Wake",35.856111,-78.574167
"7528",4-12-20,27,"Millbrook School","PM 2.5","Wake",35.856111,-78.574167
"7529",NA,13,"Millbrook School","PM 2.5","Wake",35.856111,-78.574167
"7530",NA,38,"Millbrook School","PM 2.5","Wake",35.856111,-78.574167
"7531",NA,13,"Millbrook School","PM 2.5","Wake",35.856111,-78.574167
"7532",NA,41,"Millbrook School","PM 2.5","Wake",35.856111,-78.574167
"7533",NA,26,"Millbrook School","PM 2.5","Wake",35.856111,-78.574167
"7534",NA,45,"Millbrook School","PM 2.5","Wake",35.856111,-78.574167
"7535",NA,29,"Millbrook School","PM 2.5","Wake",35.856111,-78.574167
"7536",NA,53,"Millbrook School","PM 2.5","Wake",35.856111,-78.574167
"7537",NA,38,"Millbrook School","PM 2.5","Wake",35.856111,-78.574167
"7538",NA,54,"Millbrook School","PM 2.5","Wake",35.856111,-78.574167
"7539",6-02-20,40,"Millbrook School","PM 2.5","Wake",35.856111,-78.574167
"7540",6-05-20,50,"Millbrook School","PM 2.5","Wake",35.856111,-78.574167
"7541",6-08-20,28,"Millbrook School","PM 2.5","Wake",35.856111,-78.574167
"7542",6-11-20,18,"Millbrook School","PM 2.5","Wake",35.856111,-78.574167
"7543",NA,18,"Millbrook School","PM 2.5","Wake",35.856111,-78.574167
"7544",NA,43,"Millbrook School","PM 2.5","Wake",35.856111,-78.574167
"7545",NA,30,"Millbrook School","PM 2.5","Wake",35.856111,-78.574167
"7546",NA,43,"Millbrook School","PM 2.5","Wake",35.856111,-78.574167
"7547",NA,35,"Millbrook School","PM 2.5","Wake",35.856111,-78.574167
"7548",NA,51,"Millbrook School","PM 2.5","Wake",35.856111,-78.574167
"7549",7-02-20,47,"Millbrook School","PM 2.5","Wake",35.856111,-78.574167
"7550",7-05-20,38,"Millbrook School","PM 2.5","Wake",35.856111,-78.574167
"7551",7-08-20,40,"Millbrook School","PM 2.5","Wake",35.856111,-78.574167
"7552",7-11-20,30,"Millbrook School","PM 2.5","Wake",35.856111,-78.574167
"7553",NA,39,"Millbrook School","PM 2.5","Wake",35.856111,-78.574167
"7554",NA,62,"Millbrook School","PM 2.5","Wake",35.856111,-78.574167
"7555",NA,35,"Millbrook School","PM 2.5","Wake",35.856111,-78.574167
"7556",NA,21,"Millbrook School","PM 2.5","Wake",35.856111,-78.574167
"7557",NA,49,"Millbrook School","PM 2.5","Wake",35.856111,-78.574167
"7558",NA,52,"Millbrook School","PM 2.5","Wake",35.856111,-78.574167
"7559",8-01-20,52,"Millbrook School","PM 2.5","Wake",35.856111,-78.574167
"7560",8-04-20,34,"Millbrook School","PM 2.5","Wake",35.856111,-78.574167
"7561",8-07-20,48,"Millbrook School","PM 2.5","Wake",35.856111,-78.574167
"7562",NA,36,"Millbrook School","PM 2.5","Wake",35.856111,-78.574167
"7563",NA,31,"Millbrook School","PM 2.5","Wake",35.856111,-78.574167
"7564",NA,25,"Millbrook School","PM 2.5","Wake",35.856111,-78.574167
"7565",NA,41,"Millbrook School","PM 2.5","Wake",35.856111,-78.574167
"7566",NA,35,"Millbrook School","PM 2.5","Wake",35.856111,-78.574167
"7567",NA,23,"Millbrook School","PM 2.5","Wake",35.856111,-78.574167
"7568",NA,27,"Millbrook School","PM 2.5","Wake",35.856111,-78.574167
"7569",NA,42,"Millbrook School","PM 2.5","Wake",35.856111,-78.574167
"7570",9-03-20,35,"Millbrook School","PM 2.5","Wake",35.856111,-78.574167
"7571",9-09-20,56,"Millbrook School","PM 2.5","Wake",35.856111,-78.574167
"7572",NA,2,"Millbrook School","PM 2.5","Wake",35.856111,-78.574167
"7573",NA,19,"Millbrook School","PM 2.5","Wake",35.856111,-78.574167
"7574",NA,23,"Millbrook School","PM 2.5","Wake",35.856111,-78.574167
"7575",NA,44,"Millbrook School","PM 2.5","Wake",35.856111,-78.574167
"7576",NA,30,"Millbrook School","PM 2.5","Wake",35.856111,-78.574167
"7577",NA,49,"Millbrook School","PM 2.5","Wake",35.856111,-78.574167
"7578",NA,45,"Millbrook School","PM 2.5","Wake",35.856111,-78.574167
"7579",1-01-20,38,"Millbrook School","PM 2.5","Wake",35.856111,-78.574167
"7580",1-02-20,41,"Millbrook School","PM 2.5","Wake",35.856111,-78.574167
"7581",1-03-20,51,"Millbrook School","PM 2.5","Wake",35.856111,-78.574167
"7582",1-04-20,44,"Millbrook School","PM 2.5","Wake",35.856111,-78.574167
"7583",1-05-20,37,"Millbrook School","PM 2.5","Wake",35.856111,-78.574167
"7584",1-06-20,40,"Millbrook School","PM 2.5","Wake",35.856111,-78.574167
"7585",1-07-20,48,"Millbrook School","PM 2.5","Wake",35.856111,-78.574167
"7586",1-08-20,53,"Millbrook School","PM 2.5","Wake",35.856111,-78.574167
"7587",1-09-20,32,"Millbrook School","PM 2.5","Wake",35.856111,-78.574167
"7588",1-10-20,38,"Millbrook School","PM 2.5","Wake",35.856111,-78.574167
"7589",1-11-20,45,"Millbrook School","PM 2.5","Wake",35.856111,-78.574167
"7590",1-12-20,54,"Millbrook School","PM 2.5","Wake",35.856111,-78.574167
"7591",NA,26,"Millbrook School","PM 2.5","Wake",35.856111,-78.574167
"7592",NA,48,"Millbrook School","PM 2.5","Wake",35.856111,-78.574167
"7593",NA,57,"Millbrook School","PM 2.5","Wake",35.856111,-78.574167
"7594",NA,59,"Millbrook School","PM 2.5","Wake",35.856111,-78.574167
"7595",NA,48,"Millbrook School","PM 2.5","Wake",35.856111,-78.574167
"7596",NA,53,"Millbrook School","PM 2.5","Wake",35.856111,-78.574167
"7597",NA,51,"Millbrook School","PM 2.5","Wake",35.856111,-78.574167
"7598",NA,35,"Millbrook School","PM 2.5","Wake",35.856111,-78.574167
"7599",NA,43,"Millbrook School","PM 2.5","Wake",35.856111,-78.574167
"7600",NA,50,"Millbrook School","PM 2.5","Wake",35.856111,-78.574167
"7601",NA,43,"Millbrook School","PM 2.5","Wake",35.856111,-78.574167
"7602",NA,23,"Millbrook School","PM 2.5","Wake",35.856111,-78.574167
"7603",NA,45,"Millbrook School","PM 2.5","Wake",35.856111,-78.574167
"7604",NA,58,"Millbrook School","PM 2.5","Wake",35.856111,-78.574167
"7605",NA,66,"Millbrook School","PM 2.5","Wake",35.856111,-78.574167
"7606",NA,45,"Millbrook School","PM 2.5","Wake",35.856111,-78.574167
"7607",NA,55,"Millbrook School","PM 2.5","Wake",35.856111,-78.574167
"7608",NA,40,"Millbrook School","PM 2.5","Wake",35.856111,-78.574167
"7609",NA,41,"Millbrook School","PM 2.5","Wake",35.856111,-78.574167
"7610",2-01-20,54,"Millbrook School","PM 2.5","Wake",35.856111,-78.574167
"7611",2-02-20,65,"Millbrook School","PM 2.5","Wake",35.856111,-78.574167
"7612",2-03-20,69,"Millbrook School","PM 2.5","Wake",35.856111,-78.574167
"7613",2-04-20,60,"Millbrook School","PM 2.5","Wake",35.856111,-78.574167
"7614",2-05-20,59,"Millbrook School","PM 2.5","Wake",35.856111,-78.574167
"7615",2-06-20,62,"Millbrook School","PM 2.5","Wake",35.856111,-78.574167
"7616",2-07-20,59,"Millbrook School","PM 2.5","Wake",35.856111,-78.574167
"7617",2-08-20,55,"Millbrook School","PM 2.5","Wake",35.856111,-78.574167
"7618",2-09-20,35,"Millbrook School","PM 2.5","Wake",35.856111,-78.574167
"7619",2-10-20,52,"Millbrook School","PM 2.5","Wake",35.856111,-78.574167
"7620",2-11-20,48,"Millbrook School","PM 2.5","Wake",35.856111,-78.574167
"7621",2-12-20,33,"Millbrook School","PM 2.5","Wake",35.856111,-78.574167
"7622",NA,30,"Millbrook School","PM 2.5","Wake",35.856111,-78.574167
"7623",NA,32,"Millbrook School","PM 2.5","Wake",35.856111,-78.574167
"7624",NA,49,"Millbrook School","PM 2.5","Wake",35.856111,-78.574167
"7625",NA,47,"Millbrook School","PM 2.5","Wake",35.856111,-78.574167
"7626",NA,53,"Millbrook School","PM 2.5","Wake",35.856111,-78.574167
"7627",NA,35,"Millbrook School","PM 2.5","Wake",35.856111,-78.574167
"7628",NA,40,"Millbrook School","PM 2.5","Wake",35.856111,-78.574167
"7629",NA,30,"Millbrook School","PM 2.5","Wake",35.856111,-78.574167
"7630",NA,50,"Millbrook School","PM 2.5","Wake",35.856111,-78.574167
"7631",NA,39,"Millbrook School","PM 2.5","Wake",35.856111,-78.574167
"7632",NA,30,"Millbrook School","PM 2.5","Wake",35.856111,-78.574167
"7633",NA,31,"Millbrook School","PM 2.5","Wake",35.856111,-78.574167
"7634",NA,24,"Millbrook School","PM 2.5","Wake",35.856111,-78.574167
"7635",NA,52,"Millbrook School","PM 2.5","Wake",35.856111,-78.574167
"7636",NA,59,"Millbrook School","PM 2.5","Wake",35.856111,-78.574167
"7637",NA,62,"Millbrook School","PM 2.5","Wake",35.856111,-78.574167
"7638",3-01-20,51,"Millbrook School","PM 2.5","Wake",35.856111,-78.574167
"7639",3-02-20,28,"Millbrook School","PM 2.5","Wake",35.856111,-78.574167
"7640",3-03-20,50,"Millbrook School","PM 2.5","Wake",35.856111,-78.574167
"7641",3-05-20,43,"Millbrook School","PM 2.5","Wake",35.856111,-78.574167
"7642",3-06-20,43,"Millbrook School","PM 2.5","Wake",35.856111,-78.574167
"7643",3-07-20,54,"Millbrook School","PM 2.5","Wake",35.856111,-78.574167
"7644",3-08-20,55,"Millbrook School","PM 2.5","Wake",35.856111,-78.574167
"7645",3-09-20,55,"Millbrook School","PM 2.5","Wake",35.856111,-78.574167
"7646",3-10-20,52,"Millbrook School","PM 2.5","Wake",35.856111,-78.574167
"7647",3-11-20,34,"Millbrook School","PM 2.5","Wake",35.856111,-78.574167
"7648",3-12-20,33,"Millbrook School","PM 2.5","Wake",35.856111,-78.574167
"7649",NA,50,"Millbrook School","PM 2.5","Wake",35.856111,-78.574167
"7650",NA,43,"Millbrook School","PM 2.5","Wake",35.856111,-78.574167
"7651",NA,43,"Millbrook School","PM 2.5","Wake",35.856111,-78.574167
"7652",NA,39,"Millbrook School","PM 2.5","Wake",35.856111,-78.574167
"7653",NA,49,"Millbrook School","PM 2.5","Wake",35.856111,-78.574167
"7654",NA,56,"Millbrook School","PM 2.5","Wake",35.856111,-78.574167
"7655",NA,48,"Millbrook School","PM 2.5","Wake",35.856111,-78.574167
"7656",NA,50,"Millbrook School","PM 2.5","Wake",35.856111,-78.574167
"7657",NA,35,"Millbrook School","PM 2.5","Wake",35.856111,-78.574167
"7658",NA,38,"Millbrook School","PM 2.5","Wake",35.856111,-78.574167
"7659",NA,33,"Millbrook School","PM 2.5","Wake",35.856111,-78.574167
"7660",NA,54,"Millbrook School","PM 2.5","Wake",35.856111,-78.574167
"7661",NA,54,"Millbrook School","PM 2.5","Wake",35.856111,-78.574167
"7662",NA,50,"Millbrook School","PM 2.5","Wake",35.856111,-78.574167
"7663",NA,36,"Millbrook School","PM 2.5","Wake",35.856111,-78.574167
"7664",NA,36,"Millbrook School","PM 2.5","Wake",35.856111,-78.574167
"7665",NA,57,"Millbrook School","PM 2.5","Wake",35.856111,-78.574167
"7666",NA,55,"Millbrook School","PM 2.5","Wake",35.856111,-78.574167
"7667",NA,33,"Millbrook School","PM 2.5","Wake",35.856111,-78.574167
"7668",4-01-20,33,"Millbrook School","PM 2.5","Wake",35.856111,-78.574167
"7669",4-02-20,40,"Millbrook School","PM 2.5","Wake",35.856111,-78.574167
"7670",4-03-20,48,"Millbrook School","PM 2.5","Wake",35.856111,-78.574167
"7671",4-04-20,57,"Millbrook School","PM 2.5","Wake",35.856111,-78.574167
"7672",4-05-20,48,"Millbrook School","PM 2.5","Wake",35.856111,-78.574167
"7673",4-06-20,39,"Millbrook School","PM 2.5","Wake",35.856111,-78.574167
"7674",4-07-20,47,"Millbrook School","PM 2.5","Wake",35.856111,-78.574167
"7675",4-08-20,41,"Millbrook School","PM 2.5","Wake",35.856111,-78.574167
"7676",4-09-20,42,"Millbrook School","PM 2.5","Wake",35.856111,-78.574167
"7677",4-10-20,43,"Millbrook School","PM 2.5","Wake",35.856111,-78.574167
"7678",4-11-20,44,"Millbrook School","PM 2.5","Wake",35.856111,-78.574167
"7679",4-12-20,41,"Millbrook School","PM 2.5","Wake",35.856111,-78.574167
"7680",NA,35,"Millbrook School","PM 2.5","Wake",35.856111,-78.574167
"7681",NA,35,"Millbrook School","PM 2.5","Wake",35.856111,-78.574167
"7682",NA,32,"Millbrook School","PM 2.5","Wake",35.856111,-78.574167
"7683",NA,33,"Millbrook School","PM 2.5","Wake",35.856111,-78.574167
"7684",NA,55,"Millbrook School","PM 2.5","Wake",35.856111,-78.574167
"7685",NA,54,"Millbrook School","PM 2.5","Wake",35.856111,-78.574167
"7686",NA,32,"Millbrook School","PM 2.5","Wake",35.856111,-78.574167
"7687",NA,32,"Millbrook School","PM 2.5","Wake",35.856111,-78.574167
"7688",NA,31,"Millbrook School","PM 2.5","Wake",35.856111,-78.574167
"7689",NA,31,"Millbrook School","PM 2.5","Wake",35.856111,-78.574167
"7690",NA,56,"Millbrook School","PM 2.5","Wake",35.856111,-78.574167
"7691",NA,54,"Millbrook School","PM 2.5","Wake",35.856111,-78.574167
"7692",NA,66,"Millbrook School","PM 2.5","Wake",35.856111,-78.574167
"7693",NA,48,"Millbrook School","PM 2.5","Wake",35.856111,-78.574167
"7694",NA,43,"Millbrook School","PM 2.5","Wake",35.856111,-78.574167
"7695",NA,60,"Millbrook School","PM 2.5","Wake",35.856111,-78.574167
"7696",NA,52,"Millbrook School","PM 2.5","Wake",35.856111,-78.574167
"7697",NA,58,"Millbrook School","PM 2.5","Wake",35.856111,-78.574167
"7698",5-01-20,53,"Millbrook School","PM 2.5","Wake",35.856111,-78.574167
"7699",5-02-20,43,"Millbrook School","PM 2.5","Wake",35.856111,-78.574167
"7700",5-03-20,39,"Millbrook School","PM 2.5","Wake",35.856111,-78.574167
"7701",5-04-20,41,"Millbrook School","PM 2.5","Wake",35.856111,-78.574167
"7702",5-05-20,33,"Millbrook School","PM 2.5","Wake",35.856111,-78.574167
"7703",5-06-20,30,"Millbrook School","PM 2.5","Wake",35.856111,-78.574167
"7704",5-07-20,45,"Millbrook School","PM 2.5","Wake",35.856111,-78.574167
"7705",5-08-20,41,"Millbrook School","PM 2.5","Wake",35.856111,-78.574167
"7706",5-09-20,33,"Millbrook School","PM 2.5","Wake",35.856111,-78.574167
"7707",5-10-20,42,"Millbrook School","PM 2.5","Wake",35.856111,-78.574167
"7708",5-11-20,46,"Millbrook School","PM 2.5","Wake",35.856111,-78.574167
"7709",5-12-20,38,"Millbrook School","PM 2.5","Wake",35.856111,-78.574167
"7710",NA,36,"Millbrook School","PM 2.5","Wake",35.856111,-78.574167
"7711",NA,31,"Millbrook School","PM 2.5","Wake",35.856111,-78.574167
"7712",NA,42,"Millbrook School","PM 2.5","Wake",35.856111,-78.574167
"7713",NA,53,"Millbrook School","PM 2.5","Wake",35.856111,-78.574167
"7714",NA,62,"Millbrook School","PM 2.5","Wake",35.856111,-78.574167
"7715",NA,60,"Millbrook School","PM 2.5","Wake",35.856111,-78.574167
"7716",NA,60,"Millbrook School","PM 2.5","Wake",35.856111,-78.574167
"7717",NA,53,"Millbrook School","PM 2.5","Wake",35.856111,-78.574167
"7718",NA,0,"Millbrook School","PM 2.5","Wake",35.856111,-78.574167
"7719",NA,11,"Millbrook School","PM 2.5","Wake",35.856111,-78.574167
"7720",NA,48,"Millbrook School","PM 2.5","Wake",35.856111,-78.574167
"7721",NA,51,"Millbrook School","PM 2.5","Wake",35.856111,-78.574167
"7722",NA,39,"Millbrook School","PM 2.5","Wake",35.856111,-78.574167
"7723",NA,56,"Millbrook School","PM 2.5","Wake",35.856111,-78.574167
"7724",NA,49,"Millbrook School","PM 2.5","Wake",35.856111,-78.574167
"7725",NA,55,"Millbrook School","PM 2.5","Wake",35.856111,-78.574167
"7726",NA,52,"Millbrook School","PM 2.5","Wake",35.856111,-78.574167
"7727",6-01-20,29,"Millbrook School","PM 2.5","Wake",35.856111,-78.574167
"7728",6-02-20,44,"Millbrook School","PM 2.5","Wake",35.856111,-78.574167
"7729",6-03-20,55,"Millbrook School","PM 2.5","Wake",35.856111,-78.574167
"7730",6-04-20,41,"Millbrook School","PM 2.5","Wake",35.856111,-78.574167
"7731",6-05-20,52,"Millbrook School","PM 2.5","Wake",35.856111,-78.574167
"7732",6-06-20,53,"Millbrook School","PM 2.5","Wake",35.856111,-78.574167
"7733",6-07-20,51,"Millbrook School","PM 2.5","Wake",35.856111,-78.574167
"7734",6-08-20,31,"Millbrook School","PM 2.5","Wake",35.856111,-78.574167
"7735",6-09-20,20,"Millbrook School","PM 2.5","Wake",35.856111,-78.574167
"7736",6-10-20,29,"Millbrook School","PM 2.5","Wake",35.856111,-78.574167
"7737",6-11-20,20,"Millbrook School","PM 2.5","Wake",35.856111,-78.574167
"7738",6-12-20,25,"Millbrook School","PM 2.5","Wake",35.856111,-78.574167
"7739",NA,24,"Millbrook School","PM 2.5","Wake",35.856111,-78.574167
"7740",NA,18,"Millbrook School","PM 2.5","Wake",35.856111,-78.574167
"7741",NA,40,"Millbrook School","PM 2.5","Wake",35.856111,-78.574167
"7742",NA,45,"Millbrook School","PM 2.5","Wake",35.856111,-78.574167
"7743",NA,48,"Millbrook School","PM 2.5","Wake",35.856111,-78.574167
"7744",NA,29,"Millbrook School","PM 2.5","Wake",35.856111,-78.574167
"7745",NA,30,"Millbrook School","PM 2.5","Wake",35.856111,-78.574167
"7746",NA,28,"Millbrook School","PM 2.5","Wake",35.856111,-78.574167
"7747",NA,22,"Millbrook School","PM 2.5","Wake",35.856111,-78.574167
"7748",NA,35,"Millbrook School","PM 2.5","Wake",35.856111,-78.574167
"7749",NA,43,"Millbrook School","PM 2.5","Wake",35.856111,-78.574167
"7750",NA,54,"Millbrook School","PM 2.5","Wake",35.856111,-78.574167
"7751",NA,30,"Millbrook School","PM 2.5","Wake",35.856111,-78.574167
"7752",NA,34,"Millbrook School","PM 2.5","Wake",35.856111,-78.574167
"7753",NA,51,"Millbrook School","PM 2.5","Wake",35.856111,-78.574167
"7754",NA,55,"Millbrook School","PM 2.5","Wake",35.856111,-78.574167
"7755",NA,53,"Millbrook School","PM 2.5","Wake",35.856111,-78.574167
"7756",NA,51,"Millbrook School","PM 2.5","Wake",35.856111,-78.574167
"7757",7-01-20,34,"Millbrook School","PM 2.5","Wake",35.856111,-78.574167
"7758",7-02-20,51,"Millbrook School","PM 2.5","Wake",35.856111,-78.574167
"7759",7-03-20,41,"Millbrook School","PM 2.5","Wake",35.856111,-78.574167
"7760",7-04-20,58,"Millbrook School","PM 2.5","Wake",35.856111,-78.574167
"7761",7-05-20,50,"Millbrook School","PM 2.5","Wake",35.856111,-78.574167
"7762",7-06-20,41,"Millbrook School","PM 2.5","Wake",35.856111,-78.574167
"7763",7-07-20,40,"Millbrook School","PM 2.5","Wake",35.856111,-78.574167
"7764",7-08-20,47,"Millbrook School","PM 2.5","Wake",35.856111,-78.574167
"7765",7-09-20,31,"Millbrook School","PM 2.5","Wake",35.856111,-78.574167
"7766",7-10-20,34,"Millbrook School","PM 2.5","Wake",35.856111,-78.574167
"7767",NA,43,"Millbrook School","PM 2.5","Wake",35.856111,-78.574167
"7768",NA,44,"Millbrook School","PM 2.5","Wake",35.856111,-78.574167
"7769",NA,52,"Millbrook School","PM 2.5","Wake",35.856111,-78.574167
"7770",NA,61,"Millbrook School","PM 2.5","Wake",35.856111,-78.574167
"7771",NA,67,"Millbrook School","PM 2.5","Wake",35.856111,-78.574167
"7772",NA,43,"Millbrook School","PM 2.5","Wake",35.856111,-78.574167
"7773",NA,43,"Millbrook School","PM 2.5","Wake",35.856111,-78.574167
"7774",NA,42,"Millbrook School","PM 2.5","Wake",35.856111,-78.574167
"7775",NA,43,"Millbrook School","PM 2.5","Wake",35.856111,-78.574167
"7776",NA,36,"Millbrook School","PM 2.5","Wake",35.856111,-78.574167
"7777",NA,29,"Millbrook School","PM 2.5","Wake",35.856111,-78.574167
"7778",NA,35,"Millbrook School","PM 2.5","Wake",35.856111,-78.574167
"7779",NA,34,"Millbrook School","PM 2.5","Wake",35.856111,-78.574167
"7780",NA,53,"Millbrook School","PM 2.5","Wake",35.856111,-78.574167
"7781",NA,50,"Millbrook School","PM 2.5","Wake",35.856111,-78.574167
"7782",NA,52,"Millbrook School","PM 2.5","Wake",35.856111,-78.574167
"7783",NA,54,"Millbrook School","PM 2.5","Wake",35.856111,-78.574167
"7784",NA,49,"Millbrook School","PM 2.5","Wake",35.856111,-78.574167
"7785",NA,38,"Millbrook School","PM 2.5","Wake",35.856111,-78.574167
"7786",8-01-20,46,"Millbrook School","PM 2.5","Wake",35.856111,-78.574167
"7787",8-02-20,28,"Millbrook School","PM 2.5","Wake",35.856111,-78.574167
"7788",8-03-20,30,"Millbrook School","PM 2.5","Wake",35.856111,-78.574167
"7789",8-04-20,41,"Millbrook School","PM 2.5","Wake",35.856111,-78.574167
"7790",8-05-20,31,"Millbrook School","PM 2.5","Wake",35.856111,-78.574167
"7791",8-06-20,35,"Millbrook School","PM 2.5","Wake",35.856111,-78.574167
"7792",8-07-20,52,"Millbrook School","PM 2.5","Wake",35.856111,-78.574167
"7793",8-08-20,31,"Millbrook School","PM 2.5","Wake",35.856111,-78.574167
"7794",8-09-20,49,"Millbrook School","PM 2.5","Wake",35.856111,-78.574167
"7795",8-10-20,51,"Millbrook School","PM 2.5","Wake",35.856111,-78.574167
"7796",8-11-20,44,"Millbrook School","PM 2.5","Wake",35.856111,-78.574167
"7797",8-12-20,43,"Millbrook School","PM 2.5","Wake",35.856111,-78.574167
"7798",NA,41,"Millbrook School","PM 2.5","Wake",35.856111,-78.574167
"7799",NA,34,"Millbrook School","PM 2.5","Wake",35.856111,-78.574167
"7800",NA,38,"Millbrook School","PM 2.5","Wake",35.856111,-78.574167
"7801",NA,35,"Millbrook School","PM 2.5","Wake",35.856111,-78.574167
"7802",NA,28,"Millbrook School","PM 2.5","Wake",35.856111,-78.574167
"7803",NA,30,"Millbrook School","PM 2.5","Wake",35.856111,-78.574167
"7804",NA,46,"Millbrook School","PM 2.5","Wake",35.856111,-78.574167
"7805",NA,38,"Millbrook School","PM 2.5","Wake",35.856111,-78.574167
"7806",NA,33,"Millbrook School","PM 2.5","Wake",35.856111,-78.574167
"7807",NA,38,"Millbrook School","PM 2.5","Wake",35.856111,-78.574167
"7808",NA,35,"Millbrook School","PM 2.5","Wake",35.856111,-78.574167
"7809",NA,22,"Millbrook School","PM 2.5","Wake",35.856111,-78.574167
"7810",NA,21,"Millbrook School","PM 2.5","Wake",35.856111,-78.574167
"7811",NA,23,"Millbrook School","PM 2.5","Wake",35.856111,-78.574167
"7812",NA,23,"Millbrook School","PM 2.5","Wake",35.856111,-78.574167
"7813",NA,29,"Millbrook School","PM 2.5","Wake",35.856111,-78.574167
"7814",NA,27,"Millbrook School","PM 2.5","Wake",35.856111,-78.574167
"7815",NA,36,"Millbrook School","PM 2.5","Wake",35.856111,-78.574167
"7816",NA,44,"Millbrook School","PM 2.5","Wake",35.856111,-78.574167
"7817",9-01-20,34,"Millbrook School","PM 2.5","Wake",35.856111,-78.574167
"7818",9-02-20,30,"Millbrook School","PM 2.5","Wake",35.856111,-78.574167
"7819",9-03-20,36,"Millbrook School","PM 2.5","Wake",35.856111,-78.574167
"7820",9-04-20,34,"Millbrook School","PM 2.5","Wake",35.856111,-78.574167
"7821",9-07-20,42,"Millbrook School","PM 2.5","Wake",35.856111,-78.574167
"7822",9-08-20,60,"Millbrook School","PM 2.5","Wake",35.856111,-78.574167
"7823",9-09-20,59,"Millbrook School","PM 2.5","Wake",35.856111,-78.574167
"7824",9-10-20,40,"Millbrook School","PM 2.5","Wake",35.856111,-78.574167
"7825",9-11-20,53,"Millbrook School","PM 2.5","Wake",35.856111,-78.574167
"7826",9-12-20,66,"Millbrook School","PM 2.5","Wake",35.856111,-78.574167
"7827",NA,53,"Millbrook School","PM 2.5","Wake",35.856111,-78.574167
"7828",NA,32,"Millbrook School","PM 2.5","Wake",35.856111,-78.574167
"7829",NA,36,"Millbrook School","PM 2.5","Wake",35.856111,-78.574167
"7830",NA,40,"Millbrook School","PM 2.5","Wake",35.856111,-78.574167
"7831",NA,41,"Millbrook School","PM 2.5","Wake",35.856111,-78.574167
"7832",NA,28,"Millbrook School","PM 2.5","Wake",35.856111,-78.574167
"7833",NA,25,"Millbrook School","PM 2.5","Wake",35.856111,-78.574167
"7834",NA,21,"Millbrook School","PM 2.5","Wake",35.856111,-78.574167
"7835",NA,38,"Millbrook School","PM 2.5","Wake",35.856111,-78.574167
"7836",NA,44,"Millbrook School","PM 2.5","Wake",35.856111,-78.574167
"7837",NA,30,"Millbrook School","PM 2.5","Wake",35.856111,-78.574167
"7838",NA,28,"Millbrook School","PM 2.5","Wake",35.856111,-78.574167
"7839",NA,36,"Millbrook School","PM 2.5","Wake",35.856111,-78.574167
"7840",NA,54,"Millbrook School","PM 2.5","Wake",35.856111,-78.574167
"7841",NA,48,"Millbrook School","PM 2.5","Wake",35.856111,-78.574167
"7842",NA,37,"Millbrook School","PM 2.5","Wake",35.856111,-78.574167
"7843",NA,53,"Millbrook School","PM 2.5","Wake",35.856111,-78.574167
"7844",NA,45,"Millbrook School","PM 2.5","Wake",35.856111,-78.574167
"7845",10-01-20,31,"Millbrook School","PM 2.5","Wake",35.856111,-78.574167
"7846",10-02-20,61,"Millbrook School","PM 2.5","Wake",35.856111,-78.574167
"7847",10-03-20,60,"Millbrook School","PM 2.5","Wake",35.856111,-78.574167
"7848",10-04-20,56,"Millbrook School","PM 2.5","Wake",35.856111,-78.574167
"7849",10-05-20,15,"Millbrook School","PM 2.5","Wake",35.856111,-78.574167
"7850",10-06-20,25,"Millbrook School","PM 2.5","Wake",35.856111,-78.574167
"7851",10-07-20,19,"Millbrook School","PM 2.5","Wake",35.856111,-78.574167
"7852",10-08-20,11,"Millbrook School","PM 2.5","Wake",35.856111,-78.574167
"7853",10-09-20,16,"Millbrook School","PM 2.5","Wake",35.856111,-78.574167
"7854",10-10-20,12,"Millbrook School","PM 2.5","Wake",35.856111,-78.574167
"7855",10-11-20,16,"Millbrook School","PM 2.5","Wake",35.856111,-78.574167
"7856",10-12-20,33,"Millbrook School","PM 2.5","Wake",35.856111,-78.574167
"7857",NA,36,"Millbrook School","PM 2.5","Wake",35.856111,-78.574167
"7858",NA,25,"Millbrook School","PM 2.5","Wake",35.856111,-78.574167
"7859",NA,32,"Millbrook School","PM 2.5","Wake",35.856111,-78.574167
"7860",NA,29,"Millbrook School","PM 2.5","Wake",35.856111,-78.574167
"7861",NA,10,"Millbrook School","PM 2.5","Wake",35.856111,-78.574167
"7862",NA,20,"Millbrook School","PM 2.5","Wake",35.856111,-78.574167
"7863",NA,39,"Millbrook School","PM 2.5","Wake",35.856111,-78.574167
"7864",NA,4,"Millbrook School","PM 2.5","Wake",35.856111,-78.574167
"7865",NA,15,"Millbrook School","PM 2.5","Wake",35.856111,-78.574167
"7866",NA,16,"Millbrook School","PM 2.5","Wake",35.856111,-78.574167
"7867",NA,11,"Millbrook School","PM 2.5","Wake",35.856111,-78.574167
"7868",NA,29,"Millbrook School","PM 2.5","Wake",35.856111,-78.574167
"7869",NA,29,"Millbrook School","PM 2.5","Wake",35.856111,-78.574167
"7870",NA,30,"Millbrook School","PM 2.5","Wake",35.856111,-78.574167
"7871",NA,13,"Millbrook School","PM 2.5","Wake",35.856111,-78.574167
"7872",NA,21,"Millbrook School","PM 2.5","Wake",35.856111,-78.574167
"7873",NA,22,"Millbrook School","PM 2.5","Wake",35.856111,-78.574167
"7874",NA,24,"Millbrook School","PM 2.5","Wake",35.856111,-78.574167
"7875",NA,13,"Millbrook School","PM 2.5","Wake",35.856111,-78.574167
"7876",11-01-20,14,"Millbrook School","PM 2.5","Wake",35.856111,-78.574167
"7877",11-02-20,39,"Millbrook School","PM 2.5","Wake",35.856111,-78.574167
"7878",11-03-20,29,"Millbrook School","PM 2.5","Wake",35.856111,-78.574167
"7879",11-04-20,38,"Millbrook School","PM 2.5","Wake",35.856111,-78.574167
"7880",11-05-20,40,"Millbrook School","PM 2.5","Wake",35.856111,-78.574167
"7881",11-06-20,43,"Millbrook School","PM 2.5","Wake",35.856111,-78.574167
"7882",11-07-20,40,"Millbrook School","PM 2.5","Wake",35.856111,-78.574167
"7883",11-08-20,21,"Millbrook School","PM 2.5","Wake",35.856111,-78.574167
"7884",11-09-20,32,"Millbrook School","PM 2.5","Wake",35.856111,-78.574167
"7885",11-10-20,61,"Millbrook School","PM 2.5","Wake",35.856111,-78.574167
"7886",11-11-20,45,"Millbrook School","PM 2.5","Wake",35.856111,-78.574167
"7887",11-12-20,25,"Millbrook School","PM 2.5","Wake",35.856111,-78.574167
"7888",NA,17,"Millbrook School","PM 2.5","Wake",35.856111,-78.574167
"7889",NA,38,"Millbrook School","PM 2.5","Wake",35.856111,-78.574167
"7890",NA,35,"Millbrook School","PM 2.5","Wake",35.856111,-78.574167
"7891",NA,41,"Millbrook School","PM 2.5","Wake",35.856111,-78.574167
"7892",NA,20,"Millbrook School","PM 2.5","Wake",35.856111,-78.574167
"7893",NA,26,"Millbrook School","PM 2.5","Wake",35.856111,-78.574167
"7894",NA,37,"Millbrook School","PM 2.5","Wake",35.856111,-78.574167
"7895",NA,47,"Millbrook School","PM 2.5","Wake",35.856111,-78.574167
"7896",NA,49,"Millbrook School","PM 2.5","Wake",35.856111,-78.574167
"7897",NA,59,"Millbrook School","PM 2.5","Wake",35.856111,-78.574167
"7898",NA,36,"Millbrook School","PM 2.5","Wake",35.856111,-78.574167
"7899",NA,17,"Millbrook School","PM 2.5","Wake",35.856111,-78.574167
"7900",NA,36,"Millbrook School","PM 2.5","Wake",35.856111,-78.574167
"7901",NA,53,"Millbrook School","PM 2.5","Wake",35.856111,-78.574167
"7902",NA,56,"Millbrook School","PM 2.5","Wake",35.856111,-78.574167
"7903",NA,15,"Millbrook School","PM 2.5","Wake",35.856111,-78.574167
"7904",NA,29,"Millbrook School","PM 2.5","Wake",35.856111,-78.574167
"7905",NA,60,"Millbrook School","PM 2.5","Wake",35.856111,-78.574167
"7906",12-01-20,29,"Millbrook School","PM 2.5","Wake",35.856111,-78.574167
"7907",12-02-20,13,"Millbrook School","PM 2.5","Wake",35.856111,-78.574167
"7908",12-03-20,13,"Millbrook School","PM 2.5","Wake",35.856111,-78.574167
"7909",12-04-20,23,"Millbrook School","PM 2.5","Wake",35.856111,-78.574167
"7910",12-05-20,34,"Millbrook School","PM 2.5","Wake",35.856111,-78.574167
"7911",12-06-20,56,"Millbrook School","PM 2.5","Wake",35.856111,-78.574167
"7912",12-07-20,44,"Millbrook School","PM 2.5","Wake",35.856111,-78.574167
"7913",12-08-20,27,"Millbrook School","PM 2.5","Wake",35.856111,-78.574167
"7914",12-09-20,26,"Millbrook School","PM 2.5","Wake",35.856111,-78.574167
"7915",12-10-20,35,"Millbrook School","PM 2.5","Wake",35.856111,-78.574167
"7916",12-11-20,20,"Millbrook School","PM 2.5","Wake",35.856111,-78.574167
"7917",12-12-20,34,"Millbrook School","PM 2.5","Wake",35.856111,-78.574167
"7918",NA,20,"Millbrook School","PM 2.5","Wake",35.856111,-78.574167
"7919",NA,12,"Millbrook School","PM 2.5","Wake",35.856111,-78.574167
"7920",NA,30,"Millbrook School","PM 2.5","Wake",35.856111,-78.574167
"7921",NA,46,"Millbrook School","PM 2.5","Wake",35.856111,-78.574167
"7922",NA,15,"Millbrook School","PM 2.5","Wake",35.856111,-78.574167
"7923",NA,19,"Millbrook School","PM 2.5","Wake",35.856111,-78.574167
"7924",NA,36,"Millbrook School","PM 2.5","Wake",35.856111,-78.574167
"7925",NA,55,"Millbrook School","PM 2.5","Wake",35.856111,-78.574167
"7926",NA,56,"Millbrook School","PM 2.5","Wake",35.856111,-78.574167
"7927",NA,69,"Millbrook School","PM 2.5","Wake",35.856111,-78.574167
"7928",NA,54,"Millbrook School","PM 2.5","Wake",35.856111,-78.574167
"7929",NA,25,"Millbrook School","PM 2.5","Wake",35.856111,-78.574167
"7930",NA,53,"Millbrook School","PM 2.5","Wake",35.856111,-78.574167
"7931",NA,61,"Millbrook School","PM 2.5","Wake",35.856111,-78.574167
"7932",NA,48,"Millbrook School","PM 2.5","Wake",35.856111,-78.574167
"7933",NA,54,"Millbrook School","PM 2.5","Wake",35.856111,-78.574167
"7934",NA,33,"Millbrook School","PM 2.5","Wake",35.856111,-78.574167
"7935",NA,10,"Millbrook School","PM 2.5","Wake",35.856111,-78.574167
"7936",NA,19,"Millbrook School","PM 2.5","Wake",35.856111,-78.574167
"7937",1-01-20,26,"Millbrook School","PM 2.5","Wake",35.856111,-78.574167
"7938",1-02-20,28,"Millbrook School","PM 2.5","Wake",35.856111,-78.574167
"7939",1-03-20,35,"Millbrook School","PM 2.5","Wake",35.856111,-78.574167
"7940",1-04-20,33,"Millbrook School","PM 2.5","Wake",35.856111,-78.574167
"7941",1-05-20,14,"Millbrook School","PM 2.5","Wake",35.856111,-78.574167
"7942",1-06-20,20,"Millbrook School","PM 2.5","Wake",35.856111,-78.574167
"7943",1-07-20,30,"Millbrook School","PM 2.5","Wake",35.856111,-78.574167
"7944",1-08-20,40,"Millbrook School","PM 2.5","Wake",35.856111,-78.574167
"7945",1-09-20,16,"Millbrook School","PM 2.5","Wake",35.856111,-78.574167
"7946",1-10-20,23,"Millbrook School","PM 2.5","Wake",35.856111,-78.574167
"7947",1-11-20,34,"Millbrook School","PM 2.5","Wake",35.856111,-78.574167
"7948",1-12-20,45,"Millbrook School","PM 2.5","Wake",35.856111,-78.574167
"7949",NA,11,"Millbrook School","PM 2.5","Wake",35.856111,-78.574167
"7950",NA,46,"Millbrook School","PM 2.5","Wake",35.856111,-78.574167
"7951",NA,55,"Millbrook School","PM 2.5","Wake",35.856111,-78.574167
"7952",NA,54,"Millbrook School","PM 2.5","Wake",35.856111,-78.574167
"7953",NA,44,"Millbrook School","PM 2.5","Wake",35.856111,-78.574167
"7954",NA,48,"Millbrook School","PM 2.5","Wake",35.856111,-78.574167
"7955",NA,43,"Millbrook School","PM 2.5","Wake",35.856111,-78.574167
"7956",NA,17,"Millbrook School","PM 2.5","Wake",35.856111,-78.574167
"7957",NA,26,"Millbrook School","PM 2.5","Wake",35.856111,-78.574167
"7958",NA,30,"Millbrook School","PM 2.5","Wake",35.856111,-78.574167
"7959",NA,29,"Millbrook School","PM 2.5","Wake",35.856111,-78.574167
"7960",NA,13,"Millbrook School","PM 2.5","Wake",35.856111,-78.574167
"7961",NA,34,"Millbrook School","PM 2.5","Wake",35.856111,-78.574167
"7962",NA,54,"Millbrook School","PM 2.5","Wake",35.856111,-78.574167
"7963",NA,60,"Millbrook School","PM 2.5","Wake",35.856111,-78.574167
"7964",NA,35,"Millbrook School","PM 2.5","Wake",35.856111,-78.574167
"7965",NA,48,"Millbrook School","PM 2.5","Wake",35.856111,-78.574167
"7966",NA,24,"Millbrook School","PM 2.5","Wake",35.856111,-78.574167
"7967",NA,24,"Millbrook School","PM 2.5","Wake",35.856111,-78.574167
"7968",2-01-20,43,"Millbrook School","PM 2.5","Wake",35.856111,-78.574167
"7969",2-02-20,64,"Millbrook School","PM 2.5","Wake",35.856111,-78.574167
"7970",2-03-20,66,"Millbrook School","PM 2.5","Wake",35.856111,-78.574167
"7971",2-04-20,55,"Millbrook School","PM 2.5","Wake",35.856111,-78.574167
"7972",2-05-20,54,"Millbrook School","PM 2.5","Wake",35.856111,-78.574167
"7973",2-06-20,56,"Millbrook School","PM 2.5","Wake",35.856111,-78.574167
"7974",2-07-20,54,"Millbrook School","PM 2.5","Wake",35.856111,-78.574167
"7975",2-08-20,43,"Millbrook School","PM 2.5","Wake",35.856111,-78.574167
"7976",2-09-20,21,"Millbrook School","PM 2.5","Wake",35.856111,-78.574167
"7977",2-10-20,38,"Millbrook School","PM 2.5","Wake",35.856111,-78.574167
"7978",2-11-20,38,"Millbrook School","PM 2.5","Wake",35.856111,-78.574167
"7979",2-12-20,21,"Millbrook School","PM 2.5","Wake",35.856111,-78.574167
"7980",NA,16,"Millbrook School","PM 2.5","Wake",35.856111,-78.574167
"7981",NA,16,"Millbrook School","PM 2.5","Wake",35.856111,-78.574167
"7982",NA,39,"Millbrook School","PM 2.5","Wake",35.856111,-78.574167
"7983",NA,33,"Millbrook School","PM 2.5","Wake",35.856111,-78.574167
"7984",NA,43,"Millbrook School","PM 2.5","Wake",35.856111,-78.574167
"7985",NA,18,"Millbrook School","PM 2.5","Wake",35.856111,-78.574167
"7986",NA,30,"Millbrook School","PM 2.5","Wake",35.856111,-78.574167
"7987",NA,20,"Millbrook School","PM 2.5","Wake",35.856111,-78.574167
"7988",NA,41,"Millbrook School","PM 2.5","Wake",35.856111,-78.574167
"7989",NA,25,"Millbrook School","PM 2.5","Wake",35.856111,-78.574167
"7990",NA,15,"Millbrook School","PM 2.5","Wake",35.856111,-78.574167
"7991",NA,19,"Millbrook School","PM 2.5","Wake",35.856111,-78.574167
"7992",NA,13,"Millbrook School","PM 2.5","Wake",35.856111,-78.574167
"7993",NA,32,"Millbrook School","PM 2.5","Wake",35.856111,-78.574167
"7994",NA,55,"Millbrook School","PM 2.5","Wake",35.856111,-78.574167
"7995",NA,57,"Millbrook School","PM 2.5","Wake",35.856111,-78.574167
"7996",3-01-20,42,"Millbrook School","PM 2.5","Wake",35.856111,-78.574167
"7997",3-02-20,18,"Millbrook School","PM 2.5","Wake",35.856111,-78.574167
"7998",3-03-20,38,"Millbrook School","PM 2.5","Wake",35.856111,-78.574167
"7999",3-04-20,28,"Millbrook School","PM 2.5","Wake",35.856111,-78.574167
"8000",3-05-20,26,"Millbrook School","PM 2.5","Wake",35.856111,-78.574167
"8001",3-06-20,28,"Millbrook School","PM 2.5","Wake",35.856111,-78.574167
"8002",3-07-20,38,"Millbrook School","PM 2.5","Wake",35.856111,-78.574167
"8003",3-08-20,45,"Millbrook School","PM 2.5","Wake",35.856111,-78.574167
"8004",3-09-20,51,"Millbrook School","PM 2.5","Wake",35.856111,-78.574167
"8005",3-10-20,45,"Millbrook School","PM 2.5","Wake",35.856111,-78.574167
"8006",3-11-20,19,"Millbrook School","PM 2.5","Wake",35.856111,-78.574167
"8007",3-12-20,18,"Millbrook School","PM 2.5","Wake",35.856111,-78.574167
"8008",NA,34,"Millbrook School","PM 2.5","Wake",35.856111,-78.574167
"8009",NA,31,"Millbrook School","PM 2.5","Wake",35.856111,-78.574167
"8010",NA,33,"Millbrook School","PM 2.5","Wake",35.856111,-78.574167
"8011",NA,27,"Millbrook School","PM 2.5","Wake",35.856111,-78.574167
"8012",NA,32,"Millbrook School","PM 2.5","Wake",35.856111,-78.574167
"8013",NA,44,"Millbrook School","PM 2.5","Wake",35.856111,-78.574167
"8014",NA,42,"Millbrook School","PM 2.5","Wake",35.856111,-78.574167
"8015",NA,38,"Millbrook School","PM 2.5","Wake",35.856111,-78.574167
"8016",NA,23,"Millbrook School","PM 2.5","Wake",35.856111,-78.574167
"8017",NA,25,"Millbrook School","PM 2.5","Wake",35.856111,-78.574167
"8018",NA,18,"Millbrook School","PM 2.5","Wake",35.856111,-78.574167
"8019",NA,43,"Millbrook School","PM 2.5","Wake",35.856111,-78.574167
"8020",NA,49,"Millbrook School","PM 2.5","Wake",35.856111,-78.574167
"8021",NA,35,"Millbrook School","PM 2.5","Wake",35.856111,-78.574167
"8022",NA,22,"Millbrook School","PM 2.5","Wake",35.856111,-78.574167
"8023",NA,24,"Millbrook School","PM 2.5","Wake",35.856111,-78.574167
"8024",NA,52,"Millbrook School","PM 2.5","Wake",35.856111,-78.574167
"8025",NA,45,"Millbrook School","PM 2.5","Wake",35.856111,-78.574167
"8026",NA,18,"Millbrook School","PM 2.5","Wake",35.856111,-78.574167
"8027",4-01-20,20,"Millbrook School","PM 2.5","Wake",35.856111,-78.574167
"8028",4-02-20,30,"Millbrook School","PM 2.5","Wake",35.856111,-78.574167
"8029",4-03-20,40,"Millbrook School","PM 2.5","Wake",35.856111,-78.574167
"8030",4-04-20,48,"Millbrook School","PM 2.5","Wake",35.856111,-78.574167
"8031",4-05-20,36,"Millbrook School","PM 2.5","Wake",35.856111,-78.574167
"8032",4-06-20,31,"Millbrook School","PM 2.5","Wake",35.856111,-78.574167
"8033",4-07-20,44,"Millbrook School","PM 2.5","Wake",35.856111,-78.574167
"8034",4-08-20,33,"Millbrook School","PM 2.5","Wake",35.856111,-78.574167
"8035",4-09-20,32,"Millbrook School","PM 2.5","Wake",35.856111,-78.574167
"8036",4-10-20,25,"Millbrook School","PM 2.5","Wake",35.856111,-78.574167
"8037",4-11-20,30,"Millbrook School","PM 2.5","Wake",35.856111,-78.574167
"8038",4-12-20,31,"Millbrook School","PM 2.5","Wake",35.856111,-78.574167
"8039",NA,25,"Millbrook School","PM 2.5","Wake",35.856111,-78.574167
"8040",NA,27,"Millbrook School","PM 2.5","Wake",35.856111,-78.574167
"8041",NA,16,"Millbrook School","PM 2.5","Wake",35.856111,-78.574167
"8042",NA,18,"Millbrook School","PM 2.5","Wake",35.856111,-78.574167
"8043",NA,43,"Millbrook School","PM 2.5","Wake",35.856111,-78.574167
"8044",NA,47,"Millbrook School","PM 2.5","Wake",35.856111,-78.574167
"8045",NA,27,"Millbrook School","PM 2.5","Wake",35.856111,-78.574167
"8046",NA,18,"Millbrook School","PM 2.5","Wake",35.856111,-78.574167
"8047",NA,18,"Millbrook School","PM 2.5","Wake",35.856111,-78.574167
"8048",NA,22,"Millbrook School","PM 2.5","Wake",35.856111,-78.574167
"8049",NA,45,"Millbrook School","PM 2.5","Wake",35.856111,-78.574167
"8050",NA,43,"Millbrook School","PM 2.5","Wake",35.856111,-78.574167
"8051",NA,65,"Millbrook School","PM 2.5","Wake",35.856111,-78.574167
"8052",NA,33,"Millbrook School","PM 2.5","Wake",35.856111,-78.574167
"8053",NA,29,"Millbrook School","PM 2.5","Wake",35.856111,-78.574167
"8054",NA,52,"Millbrook School","PM 2.5","Wake",35.856111,-78.574167
"8055",NA,40,"Millbrook School","PM 2.5","Wake",35.856111,-78.574167
"8056",NA,54,"Millbrook School","PM 2.5","Wake",35.856111,-78.574167
"8057",5-01-20,41,"Millbrook School","PM 2.5","Wake",35.856111,-78.574167
"8058",5-02-20,34,"Millbrook School","PM 2.5","Wake",35.856111,-78.574167
"8059",5-03-20,31,"Millbrook School","PM 2.5","Wake",35.856111,-78.574167
"8060",5-04-20,31,"Millbrook School","PM 2.5","Wake",35.856111,-78.574167
"8061",5-05-20,21,"Millbrook School","PM 2.5","Wake",35.856111,-78.574167
"8062",5-06-20,16,"Millbrook School","PM 2.5","Wake",35.856111,-78.574167
"8063",5-07-20,30,"Millbrook School","PM 2.5","Wake",35.856111,-78.574167
"8064",5-10-20,27,"Millbrook School","PM 2.5","Wake",35.856111,-78.574167
"8065",5-11-20,33,"Millbrook School","PM 2.5","Wake",35.856111,-78.574167
"8066",5-12-20,27,"Millbrook School","PM 2.5","Wake",35.856111,-78.574167
"8067",NA,25,"Millbrook School","PM 2.5","Wake",35.856111,-78.574167
"8068",NA,18,"Millbrook School","PM 2.5","Wake",35.856111,-78.574167
"8069",NA,27,"Millbrook School","PM 2.5","Wake",35.856111,-78.574167
"8070",NA,41,"Millbrook School","PM 2.5","Wake",35.856111,-78.574167
"8071",NA,56,"Millbrook School","PM 2.5","Wake",35.856111,-78.574167
"8072",NA,55,"Millbrook School","PM 2.5","Wake",35.856111,-78.574167
"8073",NA,55,"Millbrook School","PM 2.5","Wake",35.856111,-78.574167
"8074",NA,49,"Millbrook School","PM 2.5","Wake",35.856111,-78.574167
"8075",NA,34,"Millbrook School","PM 2.5","Wake",35.856111,-78.574167
"8076",NA,33,"Millbrook School","PM 2.5","Wake",35.856111,-78.574167
"8077",NA,46,"Millbrook School","PM 2.5","Wake",35.856111,-78.574167
"8078",NA,58,"Millbrook School","PM 2.5","Wake",35.856111,-78.574167
"8079",NA,44,"Millbrook School","PM 2.5","Wake",35.856111,-78.574167
"8080",NA,54,"Millbrook School","PM 2.5","Wake",35.856111,-78.574167
"8081",NA,42,"Millbrook School","PM 2.5","Wake",35.856111,-78.574167
"8082",NA,58,"Millbrook School","PM 2.5","Wake",35.856111,-78.574167
"8083",NA,50,"Millbrook School","PM 2.5","Wake",35.856111,-78.574167
"8084",NA,59,"Millbrook School","PM 2.5","Wake",35.856111,-78.574167
"8085",NA,55,"Millbrook School","PM 2.5","Wake",35.856111,-78.574167
"8086",6-01-20,31,"Millbrook School","PM 2.5","Wake",35.856111,-78.574167
"8087",6-02-20,43,"Millbrook School","PM 2.5","Wake",35.856111,-78.574167
"8088",6-03-20,55,"Millbrook School","PM 2.5","Wake",35.856111,-78.574167
"8089",6-04-20,42,"Millbrook School","PM 2.5","Wake",35.856111,-78.574167
"8090",6-05-20,54,"Millbrook School","PM 2.5","Wake",35.856111,-78.574167
"8091",6-06-20,56,"Millbrook School","PM 2.5","Wake",35.856111,-78.574167
"8092",6-07-20,51,"Millbrook School","PM 2.5","Wake",35.856111,-78.574167
"8093",6-08-20,30,"Millbrook School","PM 2.5","Wake",35.856111,-78.574167
"8094",6-09-20,22,"Millbrook School","PM 2.5","Wake",35.856111,-78.574167
"8095",6-10-20,26,"Millbrook School","PM 2.5","Wake",35.856111,-78.574167
"8096",6-11-20,22,"Millbrook School","PM 2.5","Wake",35.856111,-78.574167
"8097",6-12-20,23,"Millbrook School","PM 2.5","Wake",35.856111,-78.574167
"8098",NA,22,"Millbrook School","PM 2.5","Wake",35.856111,-78.574167
"8099",NA,22,"Millbrook School","PM 2.5","Wake",35.856111,-78.574167
"8100",NA,40,"Millbrook School","PM 2.5","Wake",35.856111,-78.574167
"8101",NA,51,"Millbrook School","PM 2.5","Wake",35.856111,-78.574167
"8102",NA,52,"Millbrook School","PM 2.5","Wake",35.856111,-78.574167
"8103",NA,30,"Millbrook School","PM 2.5","Wake",35.856111,-78.574167
"8104",NA,30,"Millbrook School","PM 2.5","Wake",35.856111,-78.574167
"8105",NA,35,"Millbrook School","PM 2.5","Wake",35.856111,-78.574167
"8106",NA,24,"Millbrook School","PM 2.5","Wake",35.856111,-78.574167
"8107",NA,42,"Millbrook School","PM 2.5","Wake",35.856111,-78.574167
"8108",NA,48,"Millbrook School","PM 2.5","Wake",35.856111,-78.574167
"8109",NA,56,"Millbrook School","PM 2.5","Wake",35.856111,-78.574167
"8110",NA,31,"Millbrook School","PM 2.5","Wake",35.856111,-78.574167
"8111",NA,39,"Millbrook School","PM 2.5","Wake",35.856111,-78.574167
"8112",NA,55,"Millbrook School","PM 2.5","Wake",35.856111,-78.574167
"8113",NA,58,"Millbrook School","PM 2.5","Wake",35.856111,-78.574167
"8114",NA,57,"Millbrook School","PM 2.5","Wake",35.856111,-78.574167
"8115",NA,55,"Millbrook School","PM 2.5","Wake",35.856111,-78.574167
"8116",7-01-20,47,"Millbrook School","PM 2.5","Wake",35.856111,-78.574167
"8117",7-02-20,55,"Millbrook School","PM 2.5","Wake",35.856111,-78.574167
"8118",7-03-20,43,"Millbrook School","PM 2.5","Wake",35.856111,-78.574167
"8119",7-04-20,58,"Millbrook School","PM 2.5","Wake",35.856111,-78.574167
"8120",7-05-20,46,"Millbrook School","PM 2.5","Wake",35.856111,-78.574167
"8121",7-06-20,49,"Millbrook School","PM 2.5","Wake",35.856111,-78.574167
"8122",7-07-20,41,"Millbrook School","PM 2.5","Wake",35.856111,-78.574167
"8123",7-08-20,45,"Millbrook School","PM 2.5","Wake",35.856111,-78.574167
"8124",7-09-20,35,"Millbrook School","PM 2.5","Wake",35.856111,-78.574167
"8125",7-10-20,33,"Millbrook School","PM 2.5","Wake",35.856111,-78.574167
"8126",7-11-20,36,"Millbrook School","PM 2.5","Wake",35.856111,-78.574167
"8127",7-12-20,34,"Millbrook School","PM 2.5","Wake",35.856111,-78.574167
"8128",NA,41,"Millbrook School","PM 2.5","Wake",35.856111,-78.574167
"8129",NA,43,"Millbrook School","PM 2.5","Wake",35.856111,-78.574167
"8130",NA,55,"Millbrook School","PM 2.5","Wake",35.856111,-78.574167
"8131",NA,64,"Millbrook School","PM 2.5","Wake",35.856111,-78.574167
"8132",NA,65,"Millbrook School","PM 2.5","Wake",35.856111,-78.574167
"8133",NA,40,"Millbrook School","PM 2.5","Wake",35.856111,-78.574167
"8134",NA,41,"Millbrook School","PM 2.5","Wake",35.856111,-78.574167
"8135",NA,39,"Millbrook School","PM 2.5","Wake",35.856111,-78.574167
"8136",NA,43,"Millbrook School","PM 2.5","Wake",35.856111,-78.574167
"8137",NA,34,"Millbrook School","PM 2.5","Wake",35.856111,-78.574167
"8138",NA,24,"Millbrook School","PM 2.5","Wake",35.856111,-78.574167
"8139",NA,36,"Millbrook School","PM 2.5","Wake",35.856111,-78.574167
"8140",NA,37,"Millbrook School","PM 2.5","Wake",35.856111,-78.574167
"8141",NA,54,"Millbrook School","PM 2.5","Wake",35.856111,-78.574167
"8142",NA,51,"Millbrook School","PM 2.5","Wake",35.856111,-78.574167
"8143",NA,54,"Millbrook School","PM 2.5","Wake",35.856111,-78.574167
"8144",NA,59,"Millbrook School","PM 2.5","Wake",35.856111,-78.574167
"8145",NA,52,"Millbrook School","PM 2.5","Wake",35.856111,-78.574167
"8146",NA,44,"Millbrook School","PM 2.5","Wake",35.856111,-78.574167
"8147",8-01-20,48,"Millbrook School","PM 2.5","Wake",35.856111,-78.574167
"8148",8-02-20,35,"Millbrook School","PM 2.5","Wake",35.856111,-78.574167
"8149",8-03-20,35,"Millbrook School","PM 2.5","Wake",35.856111,-78.574167
"8150",8-04-20,41,"Millbrook School","PM 2.5","Wake",35.856111,-78.574167
"8151",8-05-20,30,"Millbrook School","PM 2.5","Wake",35.856111,-78.574167
"8152",8-06-20,40,"Millbrook School","PM 2.5","Wake",35.856111,-78.574167
"8153",8-07-20,53,"Millbrook School","PM 2.5","Wake",35.856111,-78.574167
"8154",8-08-20,37,"Millbrook School","PM 2.5","Wake",35.856111,-78.574167
"8155",8-09-20,52,"Millbrook School","PM 2.5","Wake",35.856111,-78.574167
"8156",8-10-20,53,"Millbrook School","PM 2.5","Wake",35.856111,-78.574167
"8157",8-11-20,49,"Millbrook School","PM 2.5","Wake",35.856111,-78.574167
"8158",8-12-20,46,"Millbrook School","PM 2.5","Wake",35.856111,-78.574167
"8159",NA,43,"Millbrook School","PM 2.5","Wake",35.856111,-78.574167
"8160",NA,31,"Millbrook School","PM 2.5","Wake",35.856111,-78.574167
"8161",NA,37,"Millbrook School","PM 2.5","Wake",35.856111,-78.574167
"8162",NA,37,"Millbrook School","PM 2.5","Wake",35.856111,-78.574167
"8163",NA,30,"Millbrook School","PM 2.5","Wake",35.856111,-78.574167
"8164",NA,34,"Millbrook School","PM 2.5","Wake",35.856111,-78.574167
"8165",NA,49,"Millbrook School","PM 2.5","Wake",35.856111,-78.574167
"8166",NA,40,"Millbrook School","PM 2.5","Wake",35.856111,-78.574167
"8167",NA,32,"Millbrook School","PM 2.5","Wake",35.856111,-78.574167
"8168",NA,38,"Millbrook School","PM 2.5","Wake",35.856111,-78.574167
"8169",NA,34,"Millbrook School","PM 2.5","Wake",35.856111,-78.574167
"8170",NA,12,"Millbrook School","PM 2.5","Wake",35.856111,-78.574167
"8171",NA,15,"Millbrook School","PM 2.5","Wake",35.856111,-78.574167
"8172",NA,16,"Millbrook School","PM 2.5","Wake",35.856111,-78.574167
"8173",NA,21,"Millbrook School","PM 2.5","Wake",35.856111,-78.574167
"8174",NA,23,"Millbrook School","PM 2.5","Wake",35.856111,-78.574167
"8175",NA,22,"Millbrook School","PM 2.5","Wake",35.856111,-78.574167
"8176",NA,27,"Millbrook School","PM 2.5","Wake",35.856111,-78.574167
"8177",NA,34,"Millbrook School","PM 2.5","Wake",35.856111,-78.574167
"8178",9-01-20,25,"Millbrook School","PM 2.5","Wake",35.856111,-78.574167
"8179",9-02-20,24,"Millbrook School","PM 2.5","Wake",35.856111,-78.574167
"8180",9-03-20,33,"Millbrook School","PM 2.5","Wake",35.856111,-78.574167
"8181",9-04-20,27,"Millbrook School","PM 2.5","Wake",35.856111,-78.574167
"8182",9-07-20,35,"Millbrook School","PM 2.5","Wake",35.856111,-78.574167
"8183",9-08-20,55,"Millbrook School","PM 2.5","Wake",35.856111,-78.574167
"8184",9-09-20,54,"Millbrook School","PM 2.5","Wake",35.856111,-78.574167
"8185",9-10-20,37,"Millbrook School","PM 2.5","Wake",35.856111,-78.574167
"8186",9-11-20,48,"Millbrook School","PM 2.5","Wake",35.856111,-78.574167
"8187",9-12-20,60,"Millbrook School","PM 2.5","Wake",35.856111,-78.574167
"8188",NA,41,"Millbrook School","PM 2.5","Wake",35.856111,-78.574167
"8189",NA,30,"Millbrook School","PM 2.5","Wake",35.856111,-78.574167
"8190",NA,29,"Millbrook School","PM 2.5","Wake",35.856111,-78.574167
"8191",NA,35,"Millbrook School","PM 2.5","Wake",35.856111,-78.574167
"8192",NA,30,"Millbrook School","PM 2.5","Wake",35.856111,-78.574167
"8193",NA,17,"Millbrook School","PM 2.5","Wake",35.856111,-78.574167
"8194",NA,20,"Millbrook School","PM 2.5","Wake",35.856111,-78.574167
"8195",NA,20,"Millbrook School","PM 2.5","Wake",35.856111,-78.574167
"8196",NA,28,"Millbrook School","PM 2.5","Wake",35.856111,-78.574167
"8197",NA,30,"Millbrook School","PM 2.5","Wake",35.856111,-78.574167
"8198",NA,29,"Millbrook School","PM 2.5","Wake",35.856111,-78.574167
"8199",NA,30,"Millbrook School","PM 2.5","Wake",35.856111,-78.574167
"8200",NA,35,"Millbrook School","PM 2.5","Wake",35.856111,-78.574167
"8201",NA,52,"Millbrook School","PM 2.5","Wake",35.856111,-78.574167
"8202",NA,48,"Millbrook School","PM 2.5","Wake",35.856111,-78.574167
"8203",NA,39,"Millbrook School","PM 2.5","Wake",35.856111,-78.574167
"8204",NA,56,"Millbrook School","PM 2.5","Wake",35.856111,-78.574167
"8205",NA,43,"Millbrook School","PM 2.5","Wake",35.856111,-78.574167
"8206",10-01-20,38,"Millbrook School","PM 2.5","Wake",35.856111,-78.574167
"8207",10-02-20,61,"Millbrook School","PM 2.5","Wake",35.856111,-78.574167
"8208",10-03-20,60,"Millbrook School","PM 2.5","Wake",35.856111,-78.574167
"8209",10-04-20,55,"Millbrook School","PM 2.5","Wake",35.856111,-78.574167
"8210",10-05-20,18,"Millbrook School","PM 2.5","Wake",35.856111,-78.574167
"8211",10-06-20,25,"Millbrook School","PM 2.5","Wake",35.856111,-78.574167
"8212",10-07-20,23,"Millbrook School","PM 2.5","Wake",35.856111,-78.574167
"8213",10-08-20,19,"Millbrook School","PM 2.5","Wake",35.856111,-78.574167
"8214",10-09-20,19,"Millbrook School","PM 2.5","Wake",35.856111,-78.574167
"8215",10-10-20,19,"Millbrook School","PM 2.5","Wake",35.856111,-78.574167
"8216",10-11-20,18,"Millbrook School","PM 2.5","Wake",35.856111,-78.574167
"8217",10-12-20,33,"Millbrook School","PM 2.5","Wake",35.856111,-78.574167
"8218",NA,28,"Millbrook School","PM 2.5","Wake",35.856111,-78.574167
"8219",NA,25,"Millbrook School","PM 2.5","Wake",35.856111,-78.574167
"8220",NA,28,"Millbrook School","PM 2.5","Wake",35.856111,-78.574167
"8221",NA,26,"Millbrook School","PM 2.5","Wake",35.856111,-78.574167
"8222",NA,12,"Millbrook School","PM 2.5","Wake",35.856111,-78.574167
"8223",NA,20,"Millbrook School","PM 2.5","Wake",35.856111,-78.574167
"8224",NA,35,"Millbrook School","PM 2.5","Wake",35.856111,-78.574167
"8225",NA,6,"Millbrook School","PM 2.5","Wake",35.856111,-78.574167
"8226",NA,21,"Millbrook School","PM 2.5","Wake",35.856111,-78.574167
"8227",NA,26,"Millbrook School","PM 2.5","Wake",35.856111,-78.574167
"8228",NA,18,"Millbrook School","PM 2.5","Wake",35.856111,-78.574167
"8229",NA,26,"Millbrook School","PM 2.5","Wake",35.856111,-78.574167
"8230",NA,31,"Millbrook School","PM 2.5","Wake",35.856111,-78.574167
"8231",NA,33,"Millbrook School","PM 2.5","Wake",35.856111,-78.574167
"8232",NA,21,"Millbrook School","PM 2.5","Wake",35.856111,-78.574167
"8233",NA,22,"Millbrook School","PM 2.5","Wake",35.856111,-78.574167
"8234",NA,29,"Millbrook School","PM 2.5","Wake",35.856111,-78.574167
"8235",NA,27,"Millbrook School","PM 2.5","Wake",35.856111,-78.574167
"8236",NA,19,"Millbrook School","PM 2.5","Wake",35.856111,-78.574167
"8237",1-01-20,20,"Triple Oak","PM 2.5","Wake",35.8652,-78.8197
"8238",1-02-20,14,"Triple Oak","PM 2.5","Wake",35.8652,-78.8197
"8239",1-03-20,25,"Triple Oak","PM 2.5","Wake",35.8652,-78.8197
"8240",1-04-20,19,"Triple Oak","PM 2.5","Wake",35.8652,-78.8197
"8241",1-05-20,8,"Triple Oak","PM 2.5","Wake",35.8652,-78.8197
"8242",1-06-20,15,"Triple Oak","PM 2.5","Wake",35.8652,-78.8197
"8243",1-07-20,20,"Triple Oak","PM 2.5","Wake",35.8652,-78.8197
"8244",1-08-20,29,"Triple Oak","PM 2.5","Wake",35.8652,-78.8197
"8245",1-09-20,8,"Triple Oak","PM 2.5","Wake",35.8652,-78.8197
"8246",1-10-20,17,"Triple Oak","PM 2.5","Wake",35.8652,-78.8197
"8247",1-11-20,24,"Triple Oak","PM 2.5","Wake",35.8652,-78.8197
"8248",1-12-20,32,"Triple Oak","PM 2.5","Wake",35.8652,-78.8197
"8249",NA,7,"Triple Oak","PM 2.5","Wake",35.8652,-78.8197
"8250",NA,28,"Triple Oak","PM 2.5","Wake",35.8652,-78.8197
"8251",NA,38,"Triple Oak","PM 2.5","Wake",35.8652,-78.8197
"8252",NA,37,"Triple Oak","PM 2.5","Wake",35.8652,-78.8197
"8253",NA,29,"Triple Oak","PM 2.5","Wake",35.8652,-78.8197
"8254",NA,32,"Triple Oak","PM 2.5","Wake",35.8652,-78.8197
"8255",NA,30,"Triple Oak","PM 2.5","Wake",35.8652,-78.8197
"8256",NA,10,"Triple Oak","PM 2.5","Wake",35.8652,-78.8197
"8257",NA,13,"Triple Oak","PM 2.5","Wake",35.8652,-78.8197
"8258",NA,19,"Triple Oak","PM 2.5","Wake",35.8652,-78.8197
"8259",NA,25,"Triple Oak","PM 2.5","Wake",35.8652,-78.8197
"8260",NA,8,"Triple Oak","PM 2.5","Wake",35.8652,-78.8197
"8261",NA,21,"Triple Oak","PM 2.5","Wake",35.8652,-78.8197
"8262",NA,27,"Triple Oak","PM 2.5","Wake",35.8652,-78.8197
"8263",NA,33,"Triple Oak","PM 2.5","Wake",35.8652,-78.8197
"8264",NA,23,"Triple Oak","PM 2.5","Wake",35.8652,-78.8197
"8265",NA,33,"Triple Oak","PM 2.5","Wake",35.8652,-78.8197
"8266",NA,18,"Triple Oak","PM 2.5","Wake",35.8652,-78.8197
"8267",NA,17,"Triple Oak","PM 2.5","Wake",35.8652,-78.8197
"8268",2-01-20,34,"Triple Oak","PM 2.5","Wake",35.8652,-78.8197
"8269",2-02-20,44,"Triple Oak","PM 2.5","Wake",35.8652,-78.8197
"8270",2-03-20,45,"Triple Oak","PM 2.5","Wake",35.8652,-78.8197
"8271",2-04-20,44,"Triple Oak","PM 2.5","Wake",35.8652,-78.8197
"8272",2-05-20,38,"Triple Oak","PM 2.5","Wake",35.8652,-78.8197
"8273",2-06-20,50,"Triple Oak","PM 2.5","Wake",35.8652,-78.8197
"8274",2-07-20,45,"Triple Oak","PM 2.5","Wake",35.8652,-78.8197
"8275",2-08-20,36,"Triple Oak","PM 2.5","Wake",35.8652,-78.8197
"8276",2-09-20,12,"Triple Oak","PM 2.5","Wake",35.8652,-78.8197
"8277",2-10-20,25,"Triple Oak","PM 2.5","Wake",35.8652,-78.8197
"8278",2-11-20,32,"Triple Oak","PM 2.5","Wake",35.8652,-78.8197
"8279",2-12-20,10,"Triple Oak","PM 2.5","Wake",35.8652,-78.8197
"8280",NA,9,"Triple Oak","PM 2.5","Wake",35.8652,-78.8197
"8281",NA,15,"Triple Oak","PM 2.5","Wake",35.8652,-78.8197
"8282",NA,30,"Triple Oak","PM 2.5","Wake",35.8652,-78.8197
"8283",NA,22,"Triple Oak","PM 2.5","Wake",35.8652,-78.8197
"8284",NA,25,"Triple Oak","PM 2.5","Wake",35.8652,-78.8197
"8285",NA,13,"Triple Oak","PM 2.5","Wake",35.8652,-78.8197
"8286",NA,18,"Triple Oak","PM 2.5","Wake",35.8652,-78.8197
"8287",NA,11,"Triple Oak","PM 2.5","Wake",35.8652,-78.8197
"8288",NA,26,"Triple Oak","PM 2.5","Wake",35.8652,-78.8197
"8289",NA,30,"Triple Oak","PM 2.5","Wake",35.8652,-78.8197
"8290",NA,46,"Triple Oak","PM 2.5","Wake",35.8652,-78.8197
"8291",NA,48,"Triple Oak","PM 2.5","Wake",35.8652,-78.8197
"8292",3-01-20,27,"Triple Oak","PM 2.5","Wake",35.8652,-78.8197
"8293",3-02-20,10,"Triple Oak","PM 2.5","Wake",35.8652,-78.8197
"8294",3-03-20,21,"Triple Oak","PM 2.5","Wake",35.8652,-78.8197
"8295",3-04-20,18,"Triple Oak","PM 2.5","Wake",35.8652,-78.8197
"8296",3-05-20,18,"Triple Oak","PM 2.5","Wake",35.8652,-78.8197
"8297",3-06-20,20,"Triple Oak","PM 2.5","Wake",35.8652,-78.8197
"8298",3-07-20,29,"Triple Oak","PM 2.5","Wake",35.8652,-78.8197
"8299",3-08-20,33,"Triple Oak","PM 2.5","Wake",35.8652,-78.8197
"8300",3-09-20,40,"Triple Oak","PM 2.5","Wake",35.8652,-78.8197
"8301",3-10-20,34,"Triple Oak","PM 2.5","Wake",35.8652,-78.8197
"8302",3-11-20,17,"Triple Oak","PM 2.5","Wake",35.8652,-78.8197
"8303",3-12-20,14,"Triple Oak","PM 2.5","Wake",35.8652,-78.8197
"8304",NA,23,"Triple Oak","PM 2.5","Wake",35.8652,-78.8197
"8305",NA,41,"Triple Oak","PM 2.5","Wake",35.8652,-78.8197
"8306",NA,31,"Triple Oak","PM 2.5","Wake",35.8652,-78.8197
"8307",NA,13,"Triple Oak","PM 2.5","Wake",35.8652,-78.8197
"8308",NA,16,"Triple Oak","PM 2.5","Wake",35.8652,-78.8197
"8309",NA,23,"Triple Oak","PM 2.5","Wake",35.8652,-78.8197
"8310",NA,24,"Triple Oak","PM 2.5","Wake",35.8652,-78.8197
"8311",NA,24,"Triple Oak","PM 2.5","Wake",35.8652,-78.8197
"8312",NA,17,"Triple Oak","PM 2.5","Wake",35.8652,-78.8197
"8313",NA,18,"Triple Oak","PM 2.5","Wake",35.8652,-78.8197
"8314",NA,6,"Triple Oak","PM 2.5","Wake",35.8652,-78.8197
"8315",NA,29,"Triple Oak","PM 2.5","Wake",35.8652,-78.8197
"8316",NA,49,"Triple Oak","PM 2.5","Wake",35.8652,-78.8197
"8317",NA,26,"Triple Oak","PM 2.5","Wake",35.8652,-78.8197
"8318",NA,13,"Triple Oak","PM 2.5","Wake",35.8652,-78.8197
"8319",4-03-20,33,"Triple Oak","PM 2.5","Wake",35.8652,-78.8197
"8320",4-04-20,43,"Triple Oak","PM 2.5","Wake",35.8652,-78.8197
"8321",4-05-20,28,"Triple Oak","PM 2.5","Wake",35.8652,-78.8197
"8322",4-06-20,17,"Triple Oak","PM 2.5","Wake",35.8652,-78.8197
"8323",4-07-20,37,"Triple Oak","PM 2.5","Wake",35.8652,-78.8197
"8324",4-08-20,37,"Triple Oak","PM 2.5","Wake",35.8652,-78.8197
"8325",4-09-20,30,"Triple Oak","PM 2.5","Wake",35.8652,-78.8197
"8326",4-10-20,28,"Triple Oak","PM 2.5","Wake",35.8652,-78.8197
"8327",4-11-20,24,"Triple Oak","PM 2.5","Wake",35.8652,-78.8197
"8328",4-12-20,32,"Triple Oak","PM 2.5","Wake",35.8652,-78.8197
"8329",NA,22,"Triple Oak","PM 2.5","Wake",35.8652,-78.8197
"8330",NA,23,"Triple Oak","PM 2.5","Wake",35.8652,-78.8197
"8331",NA,15,"Triple Oak","PM 2.5","Wake",35.8652,-78.8197
"8332",NA,17,"Triple Oak","PM 2.5","Wake",35.8652,-78.8197
"8333",NA,40,"Triple Oak","PM 2.5","Wake",35.8652,-78.8197
"8334",NA,44,"Triple Oak","PM 2.5","Wake",35.8652,-78.8197
"8335",NA,20,"Triple Oak","PM 2.5","Wake",35.8652,-78.8197
"8336",NA,13,"Triple Oak","PM 2.5","Wake",35.8652,-78.8197
"8337",NA,14,"Triple Oak","PM 2.5","Wake",35.8652,-78.8197
"8338",NA,18,"Triple Oak","PM 2.5","Wake",35.8652,-78.8197
"8339",NA,44,"Triple Oak","PM 2.5","Wake",35.8652,-78.8197
"8340",NA,45,"Triple Oak","PM 2.5","Wake",35.8652,-78.8197
"8341",NA,56,"Triple Oak","PM 2.5","Wake",35.8652,-78.8197
"8342",NA,35,"Triple Oak","PM 2.5","Wake",35.8652,-78.8197
"8343",NA,23,"Triple Oak","PM 2.5","Wake",35.8652,-78.8197
"8344",NA,46,"Triple Oak","PM 2.5","Wake",35.8652,-78.8197
"8345",NA,32,"Triple Oak","PM 2.5","Wake",35.8652,-78.8197
"8346",NA,50,"Triple Oak","PM 2.5","Wake",35.8652,-78.8197
"8347",5-01-20,46,"Triple Oak","PM 2.5","Wake",35.8652,-78.8197
"8348",5-02-20,31,"Triple Oak","PM 2.5","Wake",35.8652,-78.8197
"8349",5-03-20,31,"Triple Oak","PM 2.5","Wake",35.8652,-78.8197
"8350",5-04-20,27,"Triple Oak","PM 2.5","Wake",35.8652,-78.8197
"8351",5-05-20,20,"Triple Oak","PM 2.5","Wake",35.8652,-78.8197
"8352",5-06-20,12,"Triple Oak","PM 2.5","Wake",35.8652,-78.8197
"8353",5-07-20,31,"Triple Oak","PM 2.5","Wake",35.8652,-78.8197
"8354",5-08-20,32,"Triple Oak","PM 2.5","Wake",35.8652,-78.8197
"8355",5-09-20,26,"Triple Oak","PM 2.5","Wake",35.8652,-78.8197
"8356",5-10-20,24,"Triple Oak","PM 2.5","Wake",35.8652,-78.8197
"8357",5-11-20,39,"Triple Oak","PM 2.5","Wake",35.8652,-78.8197
"8358",5-12-20,28,"Triple Oak","PM 2.5","Wake",35.8652,-78.8197
"8359",NA,25,"Triple Oak","PM 2.5","Wake",35.8652,-78.8197
"8360",NA,15,"Triple Oak","PM 2.5","Wake",35.8652,-78.8197
"8361",NA,31,"Triple Oak","PM 2.5","Wake",35.8652,-78.8197
"8362",NA,37,"Triple Oak","PM 2.5","Wake",35.8652,-78.8197
"8363",NA,53,"Triple Oak","PM 2.5","Wake",35.8652,-78.8197
"8364",NA,52,"Triple Oak","PM 2.5","Wake",35.8652,-78.8197
"8365",NA,53,"Triple Oak","PM 2.5","Wake",35.8652,-78.8197
"8366",NA,42,"Triple Oak","PM 2.5","Wake",35.8652,-78.8197
"8367",NA,38,"Triple Oak","PM 2.5","Wake",35.8652,-78.8197
"8368",NA,34,"Triple Oak","PM 2.5","Wake",35.8652,-78.8197
"8369",NA,47,"Triple Oak","PM 2.5","Wake",35.8652,-78.8197
"8370",NA,54,"Triple Oak","PM 2.5","Wake",35.8652,-78.8197
"8371",NA,48,"Triple Oak","PM 2.5","Wake",35.8652,-78.8197
"8372",NA,51,"Triple Oak","PM 2.5","Wake",35.8652,-78.8197
"8373",NA,35,"Triple Oak","PM 2.5","Wake",35.8652,-78.8197
"8374",NA,53,"Triple Oak","PM 2.5","Wake",35.8652,-78.8197
"8375",NA,50,"Triple Oak","PM 2.5","Wake",35.8652,-78.8197
"8376",NA,55,"Triple Oak","PM 2.5","Wake",35.8652,-78.8197
"8377",NA,54,"Triple Oak","PM 2.5","Wake",35.8652,-78.8197
"8378",6-01-20,28,"Triple Oak","PM 2.5","Wake",35.8652,-78.8197
"8379",6-02-20,40,"Triple Oak","PM 2.5","Wake",35.8652,-78.8197
"8380",6-03-20,47,"Triple Oak","PM 2.5","Wake",35.8652,-78.8197
"8381",6-04-20,38,"Triple Oak","PM 2.5","Wake",35.8652,-78.8197
"8382",6-05-20,51,"Triple Oak","PM 2.5","Wake",35.8652,-78.8197
"8383",6-06-20,53,"Triple Oak","PM 2.5","Wake",35.8652,-78.8197
"8384",6-07-20,52,"Triple Oak","PM 2.5","Wake",35.8652,-78.8197
"8385",6-08-20,25,"Triple Oak","PM 2.5","Wake",35.8652,-78.8197
"8386",6-09-20,18,"Triple Oak","PM 2.5","Wake",35.8652,-78.8197
"8387",6-10-20,24,"Triple Oak","PM 2.5","Wake",35.8652,-78.8197
"8388",6-11-20,15,"Triple Oak","PM 2.5","Wake",35.8652,-78.8197
"8389",6-12-20,23,"Triple Oak","PM 2.5","Wake",35.8652,-78.8197
"8390",NA,22,"Triple Oak","PM 2.5","Wake",35.8652,-78.8197
"8391",NA,16,"Triple Oak","PM 2.5","Wake",35.8652,-78.8197
"8392",NA,33,"Triple Oak","PM 2.5","Wake",35.8652,-78.8197
"8393",NA,38,"Triple Oak","PM 2.5","Wake",35.8652,-78.8197
"8394",NA,49,"Triple Oak","PM 2.5","Wake",35.8652,-78.8197
"8395",NA,38,"Triple Oak","PM 2.5","Wake",35.8652,-78.8197
"8396",NA,32,"Triple Oak","PM 2.5","Wake",35.8652,-78.8197
"8397",NA,32,"Triple Oak","PM 2.5","Wake",35.8652,-78.8197
"8398",NA,21,"Triple Oak","PM 2.5","Wake",35.8652,-78.8197
"8399",NA,32,"Triple Oak","PM 2.5","Wake",35.8652,-78.8197
"8400",NA,35,"Triple Oak","PM 2.5","Wake",35.8652,-78.8197
"8401",NA,53,"Triple Oak","PM 2.5","Wake",35.8652,-78.8197
"8402",NA,27,"Triple Oak","PM 2.5","Wake",35.8652,-78.8197
"8403",NA,34,"Triple Oak","PM 2.5","Wake",35.8652,-78.8197
"8404",NA,48,"Triple Oak","PM 2.5","Wake",35.8652,-78.8197
"8405",NA,55,"Triple Oak","PM 2.5","Wake",35.8652,-78.8197
"8406",NA,54,"Triple Oak","PM 2.5","Wake",35.8652,-78.8197
"8407",NA,47,"Triple Oak","PM 2.5","Wake",35.8652,-78.8197
"8408",7-01-20,38,"Triple Oak","PM 2.5","Wake",35.8652,-78.8197
"8409",7-02-20,48,"Triple Oak","PM 2.5","Wake",35.8652,-78.8197
"8410",7-03-20,38,"Triple Oak","PM 2.5","Wake",35.8652,-78.8197
"8411",7-04-20,54,"Triple Oak","PM 2.5","Wake",35.8652,-78.8197
"8412",7-05-20,43,"Triple Oak","PM 2.5","Wake",35.8652,-78.8197
"8413",7-06-20,42,"Triple Oak","PM 2.5","Wake",35.8652,-78.8197
"8414",7-07-20,38,"Triple Oak","PM 2.5","Wake",35.8652,-78.8197
"8415",7-08-20,43,"Triple Oak","PM 2.5","Wake",35.8652,-78.8197
"8416",7-09-20,29,"Triple Oak","PM 2.5","Wake",35.8652,-78.8197
"8417",7-10-20,36,"Triple Oak","PM 2.5","Wake",35.8652,-78.8197
"8418",7-11-20,31,"Triple Oak","PM 2.5","Wake",35.8652,-78.8197
"8419",7-12-20,34,"Triple Oak","PM 2.5","Wake",35.8652,-78.8197
"8420",NA,38,"Triple Oak","PM 2.5","Wake",35.8652,-78.8197
"8421",NA,36,"Triple Oak","PM 2.5","Wake",35.8652,-78.8197
"8422",NA,52,"Triple Oak","PM 2.5","Wake",35.8652,-78.8197
"8423",NA,53,"Triple Oak","PM 2.5","Wake",35.8652,-78.8197
"8424",NA,64,"Triple Oak","PM 2.5","Wake",35.8652,-78.8197
"8425",NA,35,"Triple Oak","PM 2.5","Wake",35.8652,-78.8197
"8426",NA,39,"Triple Oak","PM 2.5","Wake",35.8652,-78.8197
"8427",NA,36,"Triple Oak","PM 2.5","Wake",35.8652,-78.8197
"8428",NA,37,"Triple Oak","PM 2.5","Wake",35.8652,-78.8197
"8429",NA,32,"Triple Oak","PM 2.5","Wake",35.8652,-78.8197
"8430",NA,26,"Triple Oak","PM 2.5","Wake",35.8652,-78.8197
"8431",NA,31,"Triple Oak","PM 2.5","Wake",35.8652,-78.8197
"8432",NA,32,"Triple Oak","PM 2.5","Wake",35.8652,-78.8197
"8433",NA,40,"Triple Oak","PM 2.5","Wake",35.8652,-78.8197
"8434",NA,41,"Triple Oak","PM 2.5","Wake",35.8652,-78.8197
"8435",NA,50,"Triple Oak","PM 2.5","Wake",35.8652,-78.8197
"8436",NA,55,"Triple Oak","PM 2.5","Wake",35.8652,-78.8197
"8437",NA,44,"Triple Oak","PM 2.5","Wake",35.8652,-78.8197
"8438",NA,43,"Triple Oak","PM 2.5","Wake",35.8652,-78.8197
"8439",8-01-20,36,"Triple Oak","PM 2.5","Wake",35.8652,-78.8197
"8440",8-02-20,30,"Triple Oak","PM 2.5","Wake",35.8652,-78.8197
"8441",8-03-20,28,"Triple Oak","PM 2.5","Wake",35.8652,-78.8197
"8442",8-04-20,33,"Triple Oak","PM 2.5","Wake",35.8652,-78.8197
"8443",8-05-20,41,"Triple Oak","PM 2.5","Wake",35.8652,-78.8197
"8444",8-06-20,33,"Triple Oak","PM 2.5","Wake",35.8652,-78.8197
"8445",8-07-20,48,"Triple Oak","PM 2.5","Wake",35.8652,-78.8197
"8446",8-08-20,32,"Triple Oak","PM 2.5","Wake",35.8652,-78.8197
"8447",8-10-20,46,"Triple Oak","PM 2.5","Wake",35.8652,-78.8197
"8448",8-11-20,44,"Triple Oak","PM 2.5","Wake",35.8652,-78.8197
"8449",8-12-20,40,"Triple Oak","PM 2.5","Wake",35.8652,-78.8197
"8450",NA,39,"Triple Oak","PM 2.5","Wake",35.8652,-78.8197
"8451",NA,29,"Triple Oak","PM 2.5","Wake",35.8652,-78.8197
"8452",NA,36,"Triple Oak","PM 2.5","Wake",35.8652,-78.8197
"8453",NA,31,"Triple Oak","PM 2.5","Wake",35.8652,-78.8197
"8454",NA,27,"Triple Oak","PM 2.5","Wake",35.8652,-78.8197
"8455",NA,32,"Triple Oak","PM 2.5","Wake",35.8652,-78.8197
"8456",NA,43,"Triple Oak","PM 2.5","Wake",35.8652,-78.8197
"8457",NA,39,"Triple Oak","PM 2.5","Wake",35.8652,-78.8197
"8458",NA,29,"Triple Oak","PM 2.5","Wake",35.8652,-78.8197
"8459",NA,46,"Triple Oak","PM 2.5","Wake",35.8652,-78.8197
"8460",NA,32,"Triple Oak","PM 2.5","Wake",35.8652,-78.8197
"8461",NA,19,"Triple Oak","PM 2.5","Wake",35.8652,-78.8197
"8462",NA,24,"Triple Oak","PM 2.5","Wake",35.8652,-78.8197
"8463",NA,17,"Triple Oak","PM 2.5","Wake",35.8652,-78.8197
"8464",NA,20,"Triple Oak","PM 2.5","Wake",35.8652,-78.8197
"8465",NA,25,"Triple Oak","PM 2.5","Wake",35.8652,-78.8197
"8466",9-07-20,42,"Triple Oak","PM 2.5","Wake",35.8652,-78.8197
"8467",9-08-20,56,"Triple Oak","PM 2.5","Wake",35.8652,-78.8197
"8468",9-09-20,59,"Triple Oak","PM 2.5","Wake",35.8652,-78.8197
"8469",9-10-20,40,"Triple Oak","PM 2.5","Wake",35.8652,-78.8197
"8470",9-11-20,51,"Triple Oak","PM 2.5","Wake",35.8652,-78.8197
"8471",9-12-20,62,"Triple Oak","PM 2.5","Wake",35.8652,-78.8197
"8472",NA,49,"Triple Oak","PM 2.5","Wake",35.8652,-78.8197
"8473",NA,30,"Triple Oak","PM 2.5","Wake",35.8652,-78.8197
"8474",NA,34,"Triple Oak","PM 2.5","Wake",35.8652,-78.8197
"8475",NA,31,"Triple Oak","PM 2.5","Wake",35.8652,-78.8197
"8476",NA,42,"Triple Oak","PM 2.5","Wake",35.8652,-78.8197
"8477",NA,22,"Triple Oak","PM 2.5","Wake",35.8652,-78.8197
"8478",NA,20,"Triple Oak","PM 2.5","Wake",35.8652,-78.8197
"8479",NA,28,"Triple Oak","PM 2.5","Wake",35.8652,-78.8197
"8480",NA,39,"Triple Oak","PM 2.5","Wake",35.8652,-78.8197
"8481",NA,48,"Triple Oak","PM 2.5","Wake",35.8652,-78.8197
"8482",NA,48,"Triple Oak","PM 2.5","Wake",35.8652,-78.8197
"8483",NA,34,"Triple Oak","PM 2.5","Wake",35.8652,-78.8197
"8484",NA,40,"Triple Oak","PM 2.5","Wake",35.8652,-78.8197
"8485",NA,56,"Triple Oak","PM 2.5","Wake",35.8652,-78.8197
"8486",NA,53,"Triple Oak","PM 2.5","Wake",35.8652,-78.8197
"8487",NA,39,"Triple Oak","PM 2.5","Wake",35.8652,-78.8197
"8488",NA,53,"Triple Oak","PM 2.5","Wake",35.8652,-78.8197
"8489",NA,51,"Triple Oak","PM 2.5","Wake",35.8652,-78.8197
"8490",10-01-20,40,"Triple Oak","PM 2.5","Wake",35.8652,-78.8197
"8491",10-02-20,58,"Triple Oak","PM 2.5","Wake",35.8652,-78.8197
"8492",10-03-20,63,"Triple Oak","PM 2.5","Wake",35.8652,-78.8197
"8493",10-04-20,55,"Triple Oak","PM 2.5","Wake",35.8652,-78.8197
"8494",10-05-20,19,"Triple Oak","PM 2.5","Wake",35.8652,-78.8197
"8495",10-06-20,24,"Triple Oak","PM 2.5","Wake",35.8652,-78.8197
"8496",10-07-20,24,"Triple Oak","PM 2.5","Wake",35.8652,-78.8197
"8497",10-08-20,16,"Triple Oak","PM 2.5","Wake",35.8652,-78.8197
"8498",10-09-20,19,"Triple Oak","PM 2.5","Wake",35.8652,-78.8197
"8499",10-10-20,17,"Triple Oak","PM 2.5","Wake",35.8652,-78.8197
"8500",10-11-20,19,"Triple Oak","PM 2.5","Wake",35.8652,-78.8197
"8501",10-12-20,32,"Triple Oak","PM 2.5","Wake",35.8652,-78.8197
"8502",NA,47,"Triple Oak","PM 2.5","Wake",35.8652,-78.8197
"8503",NA,27,"Triple Oak","PM 2.5","Wake",35.8652,-78.8197
"8504",NA,36,"Triple Oak","PM 2.5","Wake",35.8652,-78.8197
"8505",NA,28,"Triple Oak","PM 2.5","Wake",35.8652,-78.8197
"8506",NA,13,"Triple Oak","PM 2.5","Wake",35.8652,-78.8197
"8507",NA,18,"Triple Oak","PM 2.5","Wake",35.8652,-78.8197
"8508",NA,32,"Triple Oak","PM 2.5","Wake",35.8652,-78.8197
"8509",NA,20,"Triple Oak","PM 2.5","Wake",35.8652,-78.8197
"8510",NA,20,"Triple Oak","PM 2.5","Wake",35.8652,-78.8197
"8511",NA,24,"Triple Oak","PM 2.5","Wake",35.8652,-78.8197
"8512",NA,15,"Triple Oak","PM 2.5","Wake",35.8652,-78.8197
"8513",NA,29,"Triple Oak","PM 2.5","Wake",35.8652,-78.8197
"8514",NA,39,"Triple Oak","PM 2.5","Wake",35.8652,-78.8197
"8515",NA,34,"Triple Oak","PM 2.5","Wake",35.8652,-78.8197
"8516",NA,23,"Triple Oak","PM 2.5","Wake",35.8652,-78.8197
"8517",NA,28,"Triple Oak","PM 2.5","Wake",35.8652,-78.8197
"8518",NA,33,"Triple Oak","PM 2.5","Wake",35.8652,-78.8197
"8519",NA,36,"Triple Oak","PM 2.5","Wake",35.8652,-78.8197
"8520",NA,23,"Triple Oak","PM 2.5","Wake",35.8652,-78.8197
"8521",11-01-20,14,"Triple Oak","PM 2.5","Wake",35.8652,-78.8197
"8522",11-02-20,30,"Triple Oak","PM 2.5","Wake",35.8652,-78.8197
"8523",11-03-20,26,"Triple Oak","PM 2.5","Wake",35.8652,-78.8197
"8524",11-04-20,37,"Triple Oak","PM 2.5","Wake",35.8652,-78.8197
"8525",11-05-20,43,"Triple Oak","PM 2.5","Wake",35.8652,-78.8197
"8526",11-06-20,37,"Triple Oak","PM 2.5","Wake",35.8652,-78.8197
"8527",11-07-20,48,"Triple Oak","PM 2.5","Wake",35.8652,-78.8197
"8528",11-08-20,19,"Triple Oak","PM 2.5","Wake",35.8652,-78.8197
"8529",11-09-20,25,"Triple Oak","PM 2.5","Wake",35.8652,-78.8197
"8530",11-10-20,47,"Triple Oak","PM 2.5","Wake",35.8652,-78.8197
"8531",11-11-20,47,"Triple Oak","PM 2.5","Wake",35.8652,-78.8197
"8532",11-12-20,28,"Triple Oak","PM 2.5","Wake",35.8652,-78.8197
"8533",NA,18,"Triple Oak","PM 2.5","Wake",35.8652,-78.8197
"8534",NA,49,"Triple Oak","PM 2.5","Wake",35.8652,-78.8197
"8535",NA,40,"Triple Oak","PM 2.5","Wake",35.8652,-78.8197
"8536",NA,34,"Triple Oak","PM 2.5","Wake",35.8652,-78.8197
"8537",NA,21,"Triple Oak","PM 2.5","Wake",35.8652,-78.8197
"8538",NA,29,"Triple Oak","PM 2.5","Wake",35.8652,-78.8197
"8539",NA,43,"Triple Oak","PM 2.5","Wake",35.8652,-78.8197
"8540",NA,51,"Triple Oak","PM 2.5","Wake",35.8652,-78.8197
"8541",NA,47,"Triple Oak","PM 2.5","Wake",35.8652,-78.8197
"8542",NA,53,"Triple Oak","PM 2.5","Wake",35.8652,-78.8197
"8543",NA,30,"Triple Oak","PM 2.5","Wake",35.8652,-78.8197
"8544",NA,13,"Triple Oak","PM 2.5","Wake",35.8652,-78.8197
"8545",NA,31,"Triple Oak","PM 2.5","Wake",35.8652,-78.8197
"8546",NA,50,"Triple Oak","PM 2.5","Wake",35.8652,-78.8197
"8547",NA,55,"Triple Oak","PM 2.5","Wake",35.8652,-78.8197
"8548",NA,13,"Triple Oak","PM 2.5","Wake",35.8652,-78.8197
"8549",NA,22,"Triple Oak","PM 2.5","Wake",35.8652,-78.8197
"8550",NA,45,"Triple Oak","PM 2.5","Wake",35.8652,-78.8197
"8551",12-01-20,34,"Triple Oak","PM 2.5","Wake",35.8652,-78.8197
"8552",12-02-20,16,"Triple Oak","PM 2.5","Wake",35.8652,-78.8197
"8553",12-03-20,15,"Triple Oak","PM 2.5","Wake",35.8652,-78.8197
"8554",12-04-20,27,"Triple Oak","PM 2.5","Wake",35.8652,-78.8197
"8555",12-05-20,30,"Triple Oak","PM 2.5","Wake",35.8652,-78.8197
"8556",12-06-20,48,"Triple Oak","PM 2.5","Wake",35.8652,-78.8197
"8557",12-07-20,38,"Triple Oak","PM 2.5","Wake",35.8652,-78.8197
"8558",12-08-20,28,"Triple Oak","PM 2.5","Wake",35.8652,-78.8197
"8559",12-09-20,33,"Triple Oak","PM 2.5","Wake",35.8652,-78.8197
"8560",12-10-20,31,"Triple Oak","PM 2.5","Wake",35.8652,-78.8197
"8561",12-11-20,16,"Triple Oak","PM 2.5","Wake",35.8652,-78.8197
"8562",12-12-20,28,"Triple Oak","PM 2.5","Wake",35.8652,-78.8197
"8563",NA,25,"Triple Oak","PM 2.5","Wake",35.8652,-78.8197
"8564",NA,10,"Triple Oak","PM 2.5","Wake",35.8652,-78.8197
"8565",NA,24,"Triple Oak","PM 2.5","Wake",35.8652,-78.8197
"8566",NA,42,"Triple Oak","PM 2.5","Wake",35.8652,-78.8197
"8567",NA,21,"Triple Oak","PM 2.5","Wake",35.8652,-78.8197
"8568",NA,18,"Triple Oak","PM 2.5","Wake",35.8652,-78.8197
"8569",NA,33,"Triple Oak","PM 2.5","Wake",35.8652,-78.8197
"8570",NA,44,"Triple Oak","PM 2.5","Wake",35.8652,-78.8197
"8571",NA,46,"Triple Oak","PM 2.5","Wake",35.8652,-78.8197
"8572",NA,58,"Triple Oak","PM 2.5","Wake",35.8652,-78.8197
"8573",NA,52,"Triple Oak","PM 2.5","Wake",35.8652,-78.8197
"8574",NA,25,"Triple Oak","PM 2.5","Wake",35.8652,-78.8197
"8575",NA,40,"Triple Oak","PM 2.5","Wake",35.8652,-78.8197
"8576",NA,38,"Triple Oak","PM 2.5","Wake",35.8652,-78.8197
"8577",NA,48,"Triple Oak","PM 2.5","Wake",35.8652,-78.8197
"8578",NA,41,"Triple Oak","PM 2.5","Wake",35.8652,-78.8197
"8579",NA,27,"Triple Oak","PM 2.5","Wake",35.8652,-78.8197
"8580",NA,15,"Triple Oak","PM 2.5","Wake",35.8652,-78.8197
"8581",NA,18,"Triple Oak","PM 2.5","Wake",35.8652,-78.8197
